,district,index,longitude,latitude,geometry,sum
0,Binh Chieu Ward,0,11880260.15075386,1217554.9256232243,POINT (11880260.15075386 1217554.9256232243),626
1,Binh Chieu Ward,1,11880412.897433475,1217554.9256232243,POINT (11880412.897433475 1217554.9256232243),732
2,Binh Chieu Ward,2,11880565.64411309,1217554.9256232243,POINT (11880565.64411309 1217554.9256232243),901
3,Binh Chieu Ward,3,11880718.390792705,1217554.9256232243,POINT (11880718.390792705 1217554.9256232243),1067
4,Binh Chieu Ward,4,11880871.13747232,1217554.9256232243,POINT (11880871.13747232 1217554.9256232243),1059
5,Binh Chieu Ward,5,11881023.884151936,1217554.9256232243,POINT (11881023.884151936 1217554.9256232243),893
6,Binh Chieu Ward,6,11881329.37751117,1217554.9256232243,POINT (11881329.37751117 1217554.9256232243),788
7,Binh Chieu Ward,7,11881482.124190783,1217554.9256232243,POINT (11881482.124190783 1217554.9256232243),818
8,Binh Chieu Ward,8,11881634.8708704,1217554.9256232243,POINT (11881634.8708704 1217554.9256232243),838
9,Binh Chieu Ward,9,11881787.617550015,1217554.9256232243,POINT (11881787.617550015 1217554.9256232243),845
10,Binh Chieu Ward,10,11881940.36422963,1217554.9256232243,POINT (11881940.36422963 1217554.9256232243),855
11,Binh Chieu Ward,11,11882093.110909246,1217554.9256232243,POINT (11882093.110909246 1217554.9256232243),841
12,Binh Chieu Ward,12,11882245.857588861,1217554.9256232243,POINT (11882245.857588861 1217554.9256232243),825
13,Binh Chieu Ward,13,11882398.604268476,1217554.9256232243,POINT (11882398.604268476 1217554.9256232243),817
14,Binh Chieu Ward,14,11882551.350948092,1217554.9256232243,POINT (11882551.350948092 1217554.9256232243),816
15,Binh Chieu Ward,15,11882704.097627707,1217554.9256232243,POINT (11882704.097627707 1217554.9256232243),841
16,Binh Chieu Ward,16,11880107.404074244,1217707.6666489257,POINT (11880107.404074244 1217707.6666489257),410
17,Binh Chieu Ward,17,11880260.15075386,1217707.6666489257,POINT (11880260.15075386 1217707.6666489257),485
18,Binh Chieu Ward,18,11880412.897433475,1217707.6666489257,POINT (11880412.897433475 1217707.6666489257),728
19,Binh Chieu Ward,19,11880565.64411309,1217707.6666489257,POINT (11880565.64411309 1217707.6666489257),849
20,Binh Chieu Ward,20,11880718.390792705,1217707.6666489257,POINT (11880718.390792705 1217707.6666489257),849
21,Binh Chieu Ward,21,11880871.13747232,1217707.6666489257,POINT (11880871.13747232 1217707.6666489257),868
22,Binh Chieu Ward,22,11881023.884151936,1217707.6666489257,POINT (11881023.884151936 1217707.6666489257),871
23,Binh Chieu Ward,23,11881176.63083155,1217707.6666489257,POINT (11881176.63083155 1217707.6666489257),870
24,Binh Chieu Ward,24,11881329.37751117,1217707.6666489257,POINT (11881329.37751117 1217707.6666489257),858
25,Binh Chieu Ward,25,11881482.124190783,1217707.6666489257,POINT (11881482.124190783 1217707.6666489257),866
26,Binh Chieu Ward,26,11881634.8708704,1217707.6666489257,POINT (11881634.8708704 1217707.6666489257),882
27,Binh Chieu Ward,27,11881787.617550015,1217707.6666489257,POINT (11881787.617550015 1217707.6666489257),882
28,Binh Chieu Ward,28,11881940.36422963,1217707.6666489257,POINT (11881940.36422963 1217707.6666489257),834
29,Binh Chieu Ward,29,11882093.110909246,1217707.6666489257,POINT (11882093.110909246 1217707.6666489257),776
30,Binh Chieu Ward,30,11882245.857588861,1217707.6666489257,POINT (11882245.857588861 1217707.6666489257),813
31,Binh Chieu Ward,31,11882398.604268476,1217707.6666489257,POINT (11882398.604268476 1217707.6666489257),844
32,Binh Chieu Ward,32,11882551.350948092,1217707.6666489257,POINT (11882551.350948092 1217707.6666489257),844
33,Binh Chieu Ward,33,11882704.097627707,1217707.6666489257,POINT (11882704.097627707 1217707.6666489257),857
34,Binh Chieu Ward,34,11882856.844307324,1217707.6666489257,POINT (11882856.844307324 1217707.6666489257),856
35,Binh Chieu Ward,35,11883009.590986937,1217707.6666489257,POINT (11883009.590986937 1217707.6666489257),878
36,Binh Chieu Ward,36,11883162.337666556,1217707.6666489257,POINT (11883162.337666556 1217707.6666489257),963
37,Binh Chieu Ward,37,11880107.404074244,1217860.4083646073,POINT (11880107.404074244 1217860.4083646073),299
38,Binh Chieu Ward,38,11880260.15075386,1217860.4083646073,POINT (11880260.15075386 1217860.4083646073),531
39,Binh Chieu Ward,39,11880412.897433475,1217860.4083646073,POINT (11880412.897433475 1217860.4083646073),807
40,Binh Chieu Ward,40,11880565.64411309,1217860.4083646073,POINT (11880565.64411309 1217860.4083646073),829
41,Binh Chieu Ward,41,11880718.390792705,1217860.4083646073,POINT (11880718.390792705 1217860.4083646073),773
42,Binh Chieu Ward,42,11880871.13747232,1217860.4083646073,POINT (11880871.13747232 1217860.4083646073),796
43,Binh Chieu Ward,43,11881023.884151936,1217860.4083646073,POINT (11881023.884151936 1217860.4083646073),849
44,Binh Chieu Ward,44,11881176.63083155,1217860.4083646073,POINT (11881176.63083155 1217860.4083646073),855
45,Binh Chieu Ward,45,11881329.37751117,1217860.4083646073,POINT (11881329.37751117 1217860.4083646073),851
46,Binh Chieu Ward,46,11881482.124190783,1217860.4083646073,POINT (11881482.124190783 1217860.4083646073),851
47,Binh Chieu Ward,47,11881634.8708704,1217860.4083646073,POINT (11881634.8708704 1217860.4083646073),856
48,Binh Chieu Ward,48,11881787.617550015,1217860.4083646073,POINT (11881787.617550015 1217860.4083646073),824
49,Binh Chieu Ward,49,11881940.36422963,1217860.4083646073,POINT (11881940.36422963 1217860.4083646073),770
50,Binh Chieu Ward,50,11882093.110909246,1217860.4083646073,POINT (11882093.110909246 1217860.4083646073),758
51,Binh Chieu Ward,51,11882245.857588861,1217860.4083646073,POINT (11882245.857588861 1217860.4083646073),813
52,Binh Chieu Ward,52,11882398.604268476,1217860.4083646073,POINT (11882398.604268476 1217860.4083646073),856
53,Binh Chieu Ward,53,11882551.350948092,1217860.4083646073,POINT (11882551.350948092 1217860.4083646073),856
54,Binh Chieu Ward,54,11882704.097627707,1217860.4083646073,POINT (11882704.097627707 1217860.4083646073),855
55,Binh Chieu Ward,55,11882856.844307324,1217860.4083646073,POINT (11882856.844307324 1217860.4083646073),838
56,Binh Chieu Ward,56,11883009.590986937,1217860.4083646073,POINT (11883009.590986937 1217860.4083646073),825
57,Binh Chieu Ward,57,11883162.337666556,1217860.4083646073,POINT (11883162.337666556 1217860.4083646073),735
58,Binh Chieu Ward,58,11883315.084346171,1217860.4083646073,POINT (11883315.084346171 1217860.4083646073),670
59,Binh Chieu Ward,59,11883467.831025787,1217860.4083646073,POINT (11883467.831025787 1217860.4083646073),794
60,Binh Chieu Ward,60,11883620.577705402,1217860.4083646073,POINT (11883620.577705402 1217860.4083646073),943
61,Binh Chieu Ward,61,11879343.670676164,1218013.1507703592,POINT (11879343.670676164 1218013.1507703592),377
62,Binh Chieu Ward,62,11879496.41735578,1218013.1507703592,POINT (11879496.41735578 1218013.1507703592),281
63,Binh Chieu Ward,63,11879649.164035395,1218013.1507703592,POINT (11879649.164035395 1218013.1507703592),201
64,Binh Chieu Ward,64,11879801.910715014,1218013.1507703592,POINT (11879801.910715014 1218013.1507703592),235
65,Binh Chieu Ward,65,11879954.657394627,1218013.1507703592,POINT (11879954.657394627 1218013.1507703592),202
66,Binh Chieu Ward,66,11880107.404074244,1218013.1507703592,POINT (11880107.404074244 1218013.1507703592),350
67,Binh Chieu Ward,67,11880260.15075386,1218013.1507703592,POINT (11880260.15075386 1218013.1507703592),661
68,Binh Chieu Ward,68,11880412.897433475,1218013.1507703592,POINT (11880412.897433475 1218013.1507703592),864
69,Binh Chieu Ward,69,11880565.64411309,1218013.1507703592,POINT (11880565.64411309 1218013.1507703592),858
70,Binh Chieu Ward,70,11880718.390792705,1218013.1507703592,POINT (11880718.390792705 1218013.1507703592),860
71,Binh Chieu Ward,71,11880871.13747232,1218013.1507703592,POINT (11880871.13747232 1218013.1507703592),857
72,Binh Chieu Ward,72,11881023.884151936,1218013.1507703592,POINT (11881023.884151936 1218013.1507703592),866
73,Binh Chieu Ward,73,11881176.63083155,1218013.1507703592,POINT (11881176.63083155 1218013.1507703592),870
74,Binh Chieu Ward,74,11881329.37751117,1218013.1507703592,POINT (11881329.37751117 1218013.1507703592),873
75,Binh Chieu Ward,75,11881482.124190783,1218013.1507703592,POINT (11881482.124190783 1218013.1507703592),881
76,Binh Chieu Ward,76,11881634.8708704,1218013.1507703592,POINT (11881634.8708704 1218013.1507703592),876
77,Binh Chieu Ward,77,11881787.617550015,1218013.1507703592,POINT (11881787.617550015 1218013.1507703592),756
78,Binh Chieu Ward,78,11881940.36422963,1218013.1507703592,POINT (11881940.36422963 1218013.1507703592),719
79,Binh Chieu Ward,79,11882093.110909246,1218013.1507703592,POINT (11882093.110909246 1218013.1507703592),835
80,Binh Chieu Ward,80,11882245.857588861,1218013.1507703592,POINT (11882245.857588861 1218013.1507703592),863
81,Binh Chieu Ward,81,11882398.604268476,1218013.1507703592,POINT (11882398.604268476 1218013.1507703592),877
82,Binh Chieu Ward,82,11882551.350948092,1218013.1507703592,POINT (11882551.350948092 1218013.1507703592),886
83,Binh Chieu Ward,83,11882704.097627707,1218013.1507703592,POINT (11882704.097627707 1218013.1507703592),903
84,Binh Chieu Ward,84,11882856.844307324,1218013.1507703592,POINT (11882856.844307324 1218013.1507703592),896
85,Binh Chieu Ward,85,11883009.590986937,1218013.1507703592,POINT (11883009.590986937 1218013.1507703592),865
86,Binh Chieu Ward,86,11883162.337666556,1218013.1507703592,POINT (11883162.337666556 1218013.1507703592),761
87,Binh Chieu Ward,87,11883315.084346171,1218013.1507703592,POINT (11883315.084346171 1218013.1507703592),701
88,Binh Chieu Ward,88,11883467.831025787,1218013.1507703592,POINT (11883467.831025787 1218013.1507703592),854
89,Binh Chieu Ward,89,11883620.577705402,1218013.1507703592,POINT (11883620.577705402 1218013.1507703592),911
90,Binh Chieu Ward,90,11879343.670676164,1218165.8938662724,POINT (11879343.670676164 1218165.8938662724),184
91,Binh Chieu Ward,91,11879496.41735578,1218165.8938662724,POINT (11879496.41735578 1218165.8938662724),131
92,Binh Chieu Ward,92,11879649.164035395,1218165.8938662724,POINT (11879649.164035395 1218165.8938662724),45
93,Binh Chieu Ward,93,11879801.910715014,1218165.8938662724,POINT (11879801.910715014 1218165.8938662724),48
94,Binh Chieu Ward,94,11879954.657394627,1218165.8938662724,POINT (11879954.657394627 1218165.8938662724),41
95,Binh Chieu Ward,95,11880107.404074244,1218165.8938662724,POINT (11880107.404074244 1218165.8938662724),366
96,Binh Chieu Ward,96,11880260.15075386,1218165.8938662724,POINT (11880260.15075386 1218165.8938662724),755
97,Binh Chieu Ward,97,11880412.897433475,1218165.8938662724,POINT (11880412.897433475 1218165.8938662724),755
98,Binh Chieu Ward,98,11880565.64411309,1218165.8938662724,POINT (11880565.64411309 1218165.8938662724),758
99,Binh Chieu Ward,99,11880718.390792705,1218165.8938662724,POINT (11880718.390792705 1218165.8938662724),846
100,Binh Chieu Ward,100,11880871.13747232,1218165.8938662724,POINT (11880871.13747232 1218165.8938662724),695
101,Binh Chieu Ward,101,11881023.884151936,1218165.8938662724,POINT (11881023.884151936 1218165.8938662724),701
102,Binh Chieu Ward,102,11881176.63083155,1218165.8938662724,POINT (11881176.63083155 1218165.8938662724),840
103,Binh Chieu Ward,103,11881329.37751117,1218165.8938662724,POINT (11881329.37751117 1218165.8938662724),843
104,Binh Chieu Ward,104,11881482.124190783,1218165.8938662724,POINT (11881482.124190783 1218165.8938662724),854
105,Binh Chieu Ward,105,11881634.8708704,1218165.8938662724,POINT (11881634.8708704 1218165.8938662724),842
106,Binh Chieu Ward,106,11881787.617550015,1218165.8938662724,POINT (11881787.617550015 1218165.8938662724),636
107,Binh Chieu Ward,107,11881940.36422963,1218165.8938662724,POINT (11881940.36422963 1218165.8938662724),507
108,Binh Chieu Ward,108,11882093.110909246,1218165.8938662724,POINT (11882093.110909246 1218165.8938662724),643
109,Binh Chieu Ward,109,11882245.857588861,1218165.8938662724,POINT (11882245.857588861 1218165.8938662724),757
110,Binh Chieu Ward,110,11882398.604268476,1218165.8938662724,POINT (11882398.604268476 1218165.8938662724),841
111,Binh Chieu Ward,111,11882551.350948092,1218165.8938662724,POINT (11882551.350948092 1218165.8938662724),857
112,Binh Chieu Ward,112,11882704.097627707,1218165.8938662724,POINT (11882704.097627707 1218165.8938662724),863
113,Binh Chieu Ward,113,11882856.844307324,1218165.8938662724,POINT (11882856.844307324 1218165.8938662724),886
114,Binh Chieu Ward,114,11883009.590986937,1218165.8938662724,POINT (11883009.590986937 1218165.8938662724),986
115,Binh Chieu Ward,115,11883162.337666556,1218165.8938662724,POINT (11883162.337666556 1218165.8938662724),969
116,Binh Chieu Ward,116,11883315.084346171,1218165.8938662724,POINT (11883315.084346171 1218165.8938662724),879
117,Binh Chieu Ward,117,11883467.831025787,1218165.8938662724,POINT (11883467.831025787 1218165.8938662724),1007
118,Binh Chieu Ward,118,11883620.577705402,1218165.8938662724,POINT (11883620.577705402 1218165.8938662724),961
119,Binh Chieu Ward,119,11879343.670676164,1218318.6376524377,POINT (11879343.670676164 1218318.6376524377),140
120,Binh Chieu Ward,120,11879496.41735578,1218318.6376524377,POINT (11879496.41735578 1218318.6376524377),48
121,Binh Chieu Ward,121,11879649.164035395,1218318.6376524377,POINT (11879649.164035395 1218318.6376524377),126
122,Binh Chieu Ward,122,11879801.910715014,1218318.6376524377,POINT (11879801.910715014 1218318.6376524377),121
123,Binh Chieu Ward,123,11879954.657394627,1218318.6376524377,POINT (11879954.657394627 1218318.6376524377),17
124,Binh Chieu Ward,124,11880107.404074244,1218318.6376524377,POINT (11880107.404074244 1218318.6376524377),310
125,Binh Chieu Ward,125,11880260.15075386,1218318.6376524377,POINT (11880260.15075386 1218318.6376524377),724
126,Binh Chieu Ward,126,11880412.897433475,1218318.6376524377,POINT (11880412.897433475 1218318.6376524377),787
127,Binh Chieu Ward,127,11880565.64411309,1218318.6376524377,POINT (11880565.64411309 1218318.6376524377),803
128,Binh Chieu Ward,128,11880718.390792705,1218318.6376524377,POINT (11880718.390792705 1218318.6376524377),873
129,Binh Chieu Ward,129,11880871.13747232,1218318.6376524377,POINT (11880871.13747232 1218318.6376524377),731
130,Binh Chieu Ward,130,11881023.884151936,1218318.6376524377,POINT (11881023.884151936 1218318.6376524377),743
131,Binh Chieu Ward,131,11881176.63083155,1218318.6376524377,POINT (11881176.63083155 1218318.6376524377),878
132,Binh Chieu Ward,132,11881329.37751117,1218318.6376524377,POINT (11881329.37751117 1218318.6376524377),879
133,Binh Chieu Ward,133,11881482.124190783,1218318.6376524377,POINT (11881482.124190783 1218318.6376524377),881
134,Binh Chieu Ward,134,11881634.8708704,1218318.6376524377,POINT (11881634.8708704 1218318.6376524377),875
135,Binh Chieu Ward,135,11881787.617550015,1218318.6376524377,POINT (11881787.617550015 1218318.6376524377),750
136,Binh Chieu Ward,136,11881940.36422963,1218318.6376524377,POINT (11881940.36422963 1218318.6376524377),648
137,Binh Chieu Ward,137,11882093.110909246,1218318.6376524377,POINT (11882093.110909246 1218318.6376524377),678
138,Binh Chieu Ward,138,11882245.857588861,1218318.6376524377,POINT (11882245.857588861 1218318.6376524377),730
139,Binh Chieu Ward,139,11882398.604268476,1218318.6376524377,POINT (11882398.604268476 1218318.6376524377),829
140,Binh Chieu Ward,140,11882551.350948092,1218318.6376524377,POINT (11882551.350948092 1218318.6376524377),878
141,Binh Chieu Ward,141,11882704.097627707,1218318.6376524377,POINT (11882704.097627707 1218318.6376524377),901
142,Binh Chieu Ward,142,11882856.844307324,1218318.6376524377,POINT (11882856.844307324 1218318.6376524377),947
143,Binh Chieu Ward,143,11883009.590986937,1218318.6376524377,POINT (11883009.590986937 1218318.6376524377),1054
144,Binh Chieu Ward,144,11883162.337666556,1218318.6376524377,POINT (11883162.337666556 1218318.6376524377),1071
145,Binh Chieu Ward,145,11883315.084346171,1218318.6376524377,POINT (11883315.084346171 1218318.6376524377),966
146,Binh Chieu Ward,146,11883467.831025787,1218318.6376524377,POINT (11883467.831025787 1218318.6376524377),1065
147,Binh Chieu Ward,147,11879343.670676164,1218471.382128946,POINT (11879343.670676164 1218471.382128946),290
148,Binh Chieu Ward,148,11879496.41735578,1218471.382128946,POINT (11879496.41735578 1218471.382128946),320
149,Binh Chieu Ward,149,11879649.164035395,1218471.382128946,POINT (11879649.164035395 1218471.382128946),507
150,Binh Chieu Ward,150,11879801.910715014,1218471.382128946,POINT (11879801.910715014 1218471.382128946),517
151,Binh Chieu Ward,151,11879954.657394627,1218471.382128946,POINT (11879954.657394627 1218471.382128946),394
152,Binh Chieu Ward,152,11880107.404074244,1218471.382128946,POINT (11880107.404074244 1218471.382128946),565
153,Binh Chieu Ward,153,11880260.15075386,1218471.382128946,POINT (11880260.15075386 1218471.382128946),747
154,Binh Chieu Ward,154,11880412.897433475,1218471.382128946,POINT (11880412.897433475 1218471.382128946),800
155,Binh Chieu Ward,155,11880565.64411309,1218471.382128946,POINT (11880565.64411309 1218471.382128946),759
156,Binh Chieu Ward,156,11880718.390792705,1218471.382128946,POINT (11880718.390792705 1218471.382128946),801
157,Binh Chieu Ward,157,11880871.13747232,1218471.382128946,POINT (11880871.13747232 1218471.382128946),876
158,Binh Chieu Ward,158,11881023.884151936,1218471.382128946,POINT (11881023.884151936 1218471.382128946),880
159,Binh Chieu Ward,159,11881176.63083155,1218471.382128946,POINT (11881176.63083155 1218471.382128946),880
160,Binh Chieu Ward,160,11881329.37751117,1218471.382128946,POINT (11881329.37751117 1218471.382128946),882
161,Binh Chieu Ward,161,11881482.124190783,1218471.382128946,POINT (11881482.124190783 1218471.382128946),902
162,Binh Chieu Ward,162,11881634.8708704,1218471.382128946,POINT (11881634.8708704 1218471.382128946),905
163,Binh Chieu Ward,163,11881787.617550015,1218471.382128946,POINT (11881787.617550015 1218471.382128946),882
164,Binh Chieu Ward,164,11881940.36422963,1218471.382128946,POINT (11881940.36422963 1218471.382128946),871
165,Binh Chieu Ward,165,11882093.110909246,1218471.382128946,POINT (11882093.110909246 1218471.382128946),795
166,Binh Chieu Ward,166,11882245.857588861,1218471.382128946,POINT (11882245.857588861 1218471.382128946),731
167,Binh Chieu Ward,167,11882398.604268476,1218471.382128946,POINT (11882398.604268476 1218471.382128946),811
168,Binh Chieu Ward,168,11882551.350948092,1218471.382128946,POINT (11882551.350948092 1218471.382128946),878
169,Binh Chieu Ward,169,11882704.097627707,1218471.382128946,POINT (11882704.097627707 1218471.382128946),924
170,Binh Chieu Ward,170,11882856.844307324,1218471.382128946,POINT (11882856.844307324 1218471.382128946),1010
171,Binh Chieu Ward,171,11883009.590986937,1218471.382128946,POINT (11883009.590986937 1218471.382128946),980
172,Binh Chieu Ward,172,11879343.670676164,1218624.1272958876,POINT (11879343.670676164 1218624.1272958876),297
173,Binh Chieu Ward,173,11879496.41735578,1218624.1272958876,POINT (11879496.41735578 1218624.1272958876),469
174,Binh Chieu Ward,174,11879649.164035395,1218624.1272958876,POINT (11879649.164035395 1218624.1272958876),593
175,Binh Chieu Ward,175,11879801.910715014,1218624.1272958876,POINT (11879801.910715014 1218624.1272958876),634
176,Binh Chieu Ward,176,11879954.657394627,1218624.1272958876,POINT (11879954.657394627 1218624.1272958876),703
177,Binh Chieu Ward,177,11880107.404074244,1218624.1272958876,POINT (11880107.404074244 1218624.1272958876),797
178,Binh Chieu Ward,178,11880260.15075386,1218624.1272958876,POINT (11880260.15075386 1218624.1272958876),786
179,Binh Chieu Ward,179,11880412.897433475,1218624.1272958876,POINT (11880412.897433475 1218624.1272958876),638
180,Binh Chieu Ward,180,11880565.64411309,1218624.1272958876,POINT (11880565.64411309 1218624.1272958876),566
181,Binh Chieu Ward,181,11880718.390792705,1218624.1272958876,POINT (11880718.390792705 1218624.1272958876),722
182,Binh Chieu Ward,182,11880871.13747232,1218624.1272958876,POINT (11880871.13747232 1218624.1272958876),848
183,Binh Chieu Ward,183,11881023.884151936,1218624.1272958876,POINT (11881023.884151936 1218624.1272958876),876
184,Binh Chieu Ward,184,11881176.63083155,1218624.1272958876,POINT (11881176.63083155 1218624.1272958876),988
185,Binh Chieu Ward,185,11881329.37751117,1218624.1272958876,POINT (11881329.37751117 1218624.1272958876),1061
186,Binh Chieu Ward,186,11881482.124190783,1218624.1272958876,POINT (11881482.124190783 1218624.1272958876),1058
187,Binh Chieu Ward,187,11881634.8708704,1218624.1272958876,POINT (11881634.8708704 1218624.1272958876),992
188,Binh Chieu Ward,188,11881787.617550015,1218624.1272958876,POINT (11881787.617550015 1218624.1272958876),845
189,Binh Chieu Ward,189,11881940.36422963,1218624.1272958876,POINT (11881940.36422963 1218624.1272958876),804
190,Binh Chieu Ward,190,11882093.110909246,1218624.1272958876,POINT (11882093.110909246 1218624.1272958876),765
191,Binh Chieu Ward,191,11882245.857588861,1218624.1272958876,POINT (11882245.857588861 1218624.1272958876),726
192,Binh Chieu Ward,192,11882398.604268476,1218624.1272958876,POINT (11882398.604268476 1218624.1272958876),809
193,Binh Chieu Ward,193,11882551.350948092,1218624.1272958876,POINT (11882551.350948092 1218624.1272958876),854
194,Binh Chieu Ward,194,11882704.097627707,1218624.1272958876,POINT (11882704.097627707 1218624.1272958876),869
195,Binh Chieu Ward,195,11882856.844307324,1218624.1272958876,POINT (11882856.844307324 1218624.1272958876),952
196,Binh Chieu Ward,196,11883009.590986937,1218624.1272958876,POINT (11883009.590986937 1218624.1272958876),1054
197,Binh Chieu Ward,197,11879649.164035395,1218776.8731533536,POINT (11879649.164035395 1218776.8731533536),373
198,Binh Chieu Ward,198,11879801.910715014,1218776.8731533536,POINT (11879801.910715014 1218776.8731533536),530
199,Binh Chieu Ward,199,11879954.657394627,1218776.8731533536,POINT (11879954.657394627 1218776.8731533536),603
200,Binh Chieu Ward,200,11880107.404074244,1218776.8731533536,POINT (11880107.404074244 1218776.8731533536),636
201,Binh Chieu Ward,201,11880260.15075386,1218776.8731533536,POINT (11880260.15075386 1218776.8731533536),741
202,Binh Chieu Ward,202,11880412.897433475,1218776.8731533536,POINT (11880412.897433475 1218776.8731533536),615
203,Binh Chieu Ward,203,11880565.64411309,1218776.8731533536,POINT (11880565.64411309 1218776.8731533536),631
204,Binh Chieu Ward,204,11880718.390792705,1218776.8731533536,POINT (11880718.390792705 1218776.8731533536),820
205,Binh Chieu Ward,205,11880871.13747232,1218776.8731533536,POINT (11880871.13747232 1218776.8731533536),868
206,Binh Chieu Ward,206,11881023.884151936,1218776.8731533536,POINT (11881023.884151936 1218776.8731533536),975
207,Binh Chieu Ward,207,11881176.63083155,1218776.8731533536,POINT (11881176.63083155 1218776.8731533536),1162
208,Binh Chieu Ward,208,11881329.37751117,1218776.8731533536,POINT (11881329.37751117 1218776.8731533536),1211
209,Binh Chieu Ward,209,11881482.124190783,1218776.8731533536,POINT (11881482.124190783 1218776.8731533536),1196
210,Binh Chieu Ward,210,11881634.8708704,1218776.8731533536,POINT (11881634.8708704 1218776.8731533536),1159
211,Binh Chieu Ward,211,11881787.617550015,1218776.8731533536,POINT (11881787.617550015 1218776.8731533536),947
212,Binh Chieu Ward,212,11881940.36422963,1218776.8731533536,POINT (11881940.36422963 1218776.8731533536),827
213,Binh Chieu Ward,213,11882245.857588861,1218776.8731533536,POINT (11882245.857588861 1218776.8731533536),833
214,Binh Chieu Ward,214,11882398.604268476,1218776.8731533536,POINT (11882398.604268476 1218776.8731533536),858
215,Binh Chieu Ward,215,11882551.350948092,1218776.8731533536,POINT (11882551.350948092 1218776.8731533536),880
216,Binh Chieu Ward,216,11882704.097627707,1218776.8731533536,POINT (11882704.097627707 1218776.8731533536),916
217,Binh Chieu Ward,217,11882856.844307324,1218776.8731533536,POINT (11882856.844307324 1218776.8731533536),1030
218,Binh Chieu Ward,218,11879496.41735578,1218929.6197014344,POINT (11879496.41735578 1218929.6197014344),56
219,Binh Chieu Ward,219,11879649.164035395,1218929.6197014344,POINT (11879649.164035395 1218929.6197014344),181
220,Binh Chieu Ward,220,11879801.910715014,1218929.6197014344,POINT (11879801.910715014 1218929.6197014344),454
221,Binh Chieu Ward,221,11879954.657394627,1218929.6197014344,POINT (11879954.657394627 1218929.6197014344),596
222,Binh Chieu Ward,222,11880107.404074244,1218929.6197014344,POINT (11880107.404074244 1218929.6197014344),646
223,Binh Chieu Ward,223,11880260.15075386,1218929.6197014344,POINT (11880260.15075386 1218929.6197014344),727
224,Binh Chieu Ward,224,11880412.897433475,1218929.6197014344,POINT (11880412.897433475 1218929.6197014344),699
225,Binh Chieu Ward,225,11880565.64411309,1218929.6197014344,POINT (11880565.64411309 1218929.6197014344),744
226,Binh Chieu Ward,226,11880718.390792705,1218929.6197014344,POINT (11880718.390792705 1218929.6197014344),828
227,Binh Chieu Ward,227,11880871.13747232,1218929.6197014344,POINT (11880871.13747232 1218929.6197014344),846
228,Binh Chieu Ward,228,11881023.884151936,1218929.6197014344,POINT (11881023.884151936 1218929.6197014344),1040
229,Binh Chieu Ward,229,11881176.63083155,1218929.6197014344,POINT (11881176.63083155 1218929.6197014344),1209
230,Binh Chieu Ward,230,11881329.37751117,1218929.6197014344,POINT (11881329.37751117 1218929.6197014344),1205
231,Binh Chieu Ward,231,11881482.124190783,1218929.6197014344,POINT (11881482.124190783 1218929.6197014344),1234
232,Binh Chieu Ward,232,11881634.8708704,1218929.6197014344,POINT (11881634.8708704 1218929.6197014344),1198
233,Binh Chieu Ward,233,11881787.617550015,1218929.6197014344,POINT (11881787.617550015 1218929.6197014344),925
234,Binh Chieu Ward,234,11881940.36422963,1218929.6197014344,POINT (11881940.36422963 1218929.6197014344),738
235,Binh Chieu Ward,235,11879496.41735578,1219082.3669402208,POINT (11879496.41735578 1219082.3669402208),12
236,Binh Chieu Ward,236,11879649.164035395,1219082.3669402208,POINT (11879649.164035395 1219082.3669402208),167
237,Binh Chieu Ward,237,11879801.910715014,1219082.3669402208,POINT (11879801.910715014 1219082.3669402208),488
238,Binh Chieu Ward,238,11879954.657394627,1219082.3669402208,POINT (11879954.657394627 1219082.3669402208),749
239,Binh Chieu Ward,239,11880107.404074244,1219082.3669402208,POINT (11880107.404074244 1219082.3669402208),905
240,Binh Chieu Ward,240,11880260.15075386,1219082.3669402208,POINT (11880260.15075386 1219082.3669402208),898
241,Binh Chieu Ward,241,11880412.897433475,1219082.3669402208,POINT (11880412.897433475 1219082.3669402208),831
242,Binh Chieu Ward,242,11880565.64411309,1219082.3669402208,POINT (11880565.64411309 1219082.3669402208),827
243,Binh Chieu Ward,243,11880718.390792705,1219082.3669402208,POINT (11880718.390792705 1219082.3669402208),806
244,Binh Chieu Ward,244,11880871.13747232,1219082.3669402208,POINT (11880871.13747232 1219082.3669402208),829
245,Binh Chieu Ward,245,11881023.884151936,1219082.3669402208,POINT (11881023.884151936 1219082.3669402208),1176
246,Binh Chieu Ward,246,11881176.63083155,1219082.3669402208,POINT (11881176.63083155 1219082.3669402208),1393
247,Binh Chieu Ward,247,11881329.37751117,1219082.3669402208,POINT (11881329.37751117 1219082.3669402208),1332
248,Binh Chieu Ward,248,11881482.124190783,1219082.3669402208,POINT (11881482.124190783 1219082.3669402208),1348
249,Binh Chieu Ward,249,11881634.8708704,1219082.3669402208,POINT (11881634.8708704 1219082.3669402208),991
250,Binh Chieu Ward,250,11881787.617550015,1219082.3669402208,POINT (11881787.617550015 1219082.3669402208),521
251,Binh Chieu Ward,251,11881940.36422963,1219082.3669402208,POINT (11881940.36422963 1219082.3669402208),511
252,Binh Chieu Ward,252,11879343.670676164,1219235.1148698037,POINT (11879343.670676164 1219235.1148698037),239
253,Binh Chieu Ward,253,11879496.41735578,1219235.1148698037,POINT (11879496.41735578 1219235.1148698037),59
254,Binh Chieu Ward,254,11879649.164035395,1219235.1148698037,POINT (11879649.164035395 1219235.1148698037),197
255,Binh Chieu Ward,255,11879801.910715014,1219235.1148698037,POINT (11879801.910715014 1219235.1148698037),533
256,Binh Chieu Ward,256,11879954.657394627,1219235.1148698037,POINT (11879954.657394627 1219235.1148698037),866
257,Binh Chieu Ward,257,11880107.404074244,1219235.1148698037,POINT (11880107.404074244 1219235.1148698037),1094
258,Binh Chieu Ward,258,11880260.15075386,1219235.1148698037,POINT (11880260.15075386 1219235.1148698037),1048
259,Binh Chieu Ward,259,11880412.897433475,1219235.1148698037,POINT (11880412.897433475 1219235.1148698037),868
260,Binh Chieu Ward,260,11880565.64411309,1219235.1148698037,POINT (11880565.64411309 1219235.1148698037),832
261,Binh Chieu Ward,261,11880718.390792705,1219235.1148698037,POINT (11880718.390792705 1219235.1148698037),775
262,Binh Chieu Ward,262,11880871.13747232,1219235.1148698037,POINT (11880871.13747232 1219235.1148698037),781
263,Binh Chieu Ward,263,11881023.884151936,1219235.1148698037,POINT (11881023.884151936 1219235.1148698037),1017
264,Binh Chieu Ward,264,11881176.63083155,1219235.1148698037,POINT (11881176.63083155 1219235.1148698037),1119
265,Binh Chieu Ward,265,11881329.37751117,1219235.1148698037,POINT (11881329.37751117 1219235.1148698037),1053
266,Binh Chieu Ward,266,11881482.124190783,1219235.1148698037,POINT (11881482.124190783 1219235.1148698037),1025
267,Binh Chieu Ward,267,11881634.8708704,1219235.1148698037,POINT (11881634.8708704 1219235.1148698037),529
268,Binh Chieu Ward,268,11881787.617550015,1219235.1148698037,POINT (11881787.617550015 1219235.1148698037),223
269,Binh Chieu Ward,269,11879343.670676164,1219387.8634902742,POINT (11879343.670676164 1219387.8634902742),346
270,Binh Chieu Ward,270,11879496.41735578,1219387.8634902742,POINT (11879496.41735578 1219387.8634902742),103
271,Binh Chieu Ward,271,11879649.164035395,1219387.8634902742,POINT (11879649.164035395 1219387.8634902742),249
272,Binh Chieu Ward,272,11879801.910715014,1219387.8634902742,POINT (11879801.910715014 1219387.8634902742),665
273,Binh Chieu Ward,273,11879954.657394627,1219387.8634902742,POINT (11879954.657394627 1219387.8634902742),996
274,Binh Chieu Ward,274,11880107.404074244,1219387.8634902742,POINT (11880107.404074244 1219387.8634902742),1163
275,Binh Chieu Ward,275,11880260.15075386,1219387.8634902742,POINT (11880260.15075386 1219387.8634902742),1072
276,Binh Chieu Ward,276,11880412.897433475,1219387.8634902742,POINT (11880412.897433475 1219387.8634902742),892
277,Binh Chieu Ward,277,11880565.64411309,1219387.8634902742,POINT (11880565.64411309 1219387.8634902742),891
278,Binh Chieu Ward,278,11880718.390792705,1219387.8634902742,POINT (11880718.390792705 1219387.8634902742),873
279,Binh Chieu Ward,279,11880871.13747232,1219387.8634902742,POINT (11880871.13747232 1219387.8634902742),856
280,Binh Chieu Ward,280,11881023.884151936,1219387.8634902742,POINT (11881023.884151936 1219387.8634902742),877
281,Binh Chieu Ward,281,11881176.63083155,1219387.8634902742,POINT (11881176.63083155 1219387.8634902742),849
282,Binh Chieu Ward,282,11881329.37751117,1219387.8634902742,POINT (11881329.37751117 1219387.8634902742),670
283,Binh Chieu Ward,283,11881482.124190783,1219387.8634902742,POINT (11881482.124190783 1219387.8634902742),597
284,Binh Chieu Ward,284,11879343.670676164,1219540.6128017218,POINT (11879343.670676164 1219540.6128017218),320
285,Binh Chieu Ward,285,11879496.41735578,1219540.6128017218,POINT (11879496.41735578 1219540.6128017218),372
286,Binh Chieu Ward,286,11879649.164035395,1219540.6128017218,POINT (11879649.164035395 1219540.6128017218),542
287,Binh Chieu Ward,287,11879801.910715014,1219540.6128017218,POINT (11879801.910715014 1219540.6128017218),835
288,Binh Chieu Ward,288,11879954.657394627,1219540.6128017218,POINT (11879954.657394627 1219540.6128017218),937
289,Binh Chieu Ward,289,11880107.404074244,1219540.6128017218,POINT (11880107.404074244 1219540.6128017218),919
290,Binh Chieu Ward,290,11880260.15075386,1219540.6128017218,POINT (11880260.15075386 1219540.6128017218),897
291,Binh Chieu Ward,291,11880412.897433475,1219540.6128017218,POINT (11880412.897433475 1219540.6128017218),864
292,Binh Chieu Ward,292,11880565.64411309,1219540.6128017218,POINT (11880565.64411309 1219540.6128017218),959
293,Binh Chieu Ward,293,11880718.390792705,1219540.6128017218,POINT (11880718.390792705 1219540.6128017218),949
294,Binh Chieu Ward,294,11880871.13747232,1219540.6128017218,POINT (11880871.13747232 1219540.6128017218),854
295,Binh Chieu Ward,295,11881023.884151936,1219540.6128017218,POINT (11881023.884151936 1219540.6128017218),853
296,Binh Chieu Ward,296,11881176.63083155,1219540.6128017218,POINT (11881176.63083155 1219540.6128017218),801
297,Binh Chieu Ward,297,11881329.37751117,1219540.6128017218,POINT (11881329.37751117 1219540.6128017218),476
298,Binh Chieu Ward,298,11881482.124190783,1219540.6128017218,POINT (11881482.124190783 1219540.6128017218),586
299,Binh Chieu Ward,299,11879343.670676164,1219693.3628042387,POINT (11879343.670676164 1219693.3628042387),504
300,Binh Chieu Ward,300,11879496.41735578,1219693.3628042387,POINT (11879496.41735578 1219693.3628042387),677
301,Binh Chieu Ward,301,11879649.164035395,1219693.3628042387,POINT (11879649.164035395 1219693.3628042387),836
302,Binh Chieu Ward,302,11879801.910715014,1219693.3628042387,POINT (11879801.910715014 1219693.3628042387),893
303,Binh Chieu Ward,303,11879954.657394627,1219693.3628042387,POINT (11879954.657394627 1219693.3628042387),905
304,Binh Chieu Ward,304,11880107.404074244,1219693.3628042387,POINT (11880107.404074244 1219693.3628042387),881
305,Binh Chieu Ward,305,11880260.15075386,1219693.3628042387,POINT (11880260.15075386 1219693.3628042387),881
306,Binh Chieu Ward,306,11880412.897433475,1219693.3628042387,POINT (11880412.897433475 1219693.3628042387),889
307,Binh Chieu Ward,307,11880565.64411309,1219693.3628042387,POINT (11880565.64411309 1219693.3628042387),965
308,Binh Chieu Ward,308,11880718.390792705,1219693.3628042387,POINT (11880718.390792705 1219693.3628042387),953
309,Binh Chieu Ward,309,11880871.13747232,1219693.3628042387,POINT (11880871.13747232 1219693.3628042387),921
310,Binh Chieu Ward,310,11881023.884151936,1219693.3628042387,POINT (11881023.884151936 1219693.3628042387),954
311,Binh Chieu Ward,311,11881176.63083155,1219693.3628042387,POINT (11881176.63083155 1219693.3628042387),883
312,Binh Chieu Ward,312,11881329.37751117,1219693.3628042387,POINT (11881329.37751117 1219693.3628042387),712
313,Binh Chieu Ward,313,11881482.124190783,1219693.3628042387,POINT (11881482.124190783 1219693.3628042387),913
314,Binh Chieu Ward,314,11879343.670676164,1219846.1134979147,POINT (11879343.670676164 1219846.1134979147),749
315,Binh Chieu Ward,315,11879496.41735578,1219846.1134979147,POINT (11879496.41735578 1219846.1134979147),748
316,Binh Chieu Ward,316,11879649.164035395,1219846.1134979147,POINT (11879649.164035395 1219846.1134979147),836
317,Binh Chieu Ward,317,11879801.910715014,1219846.1134979147,POINT (11879801.910715014 1219846.1134979147),891
318,Binh Chieu Ward,318,11879954.657394627,1219846.1134979147,POINT (11879954.657394627 1219846.1134979147),1008
319,Binh Chieu Ward,319,11880107.404074244,1219846.1134979147,POINT (11880107.404074244 1219846.1134979147),980
320,Binh Chieu Ward,320,11880260.15075386,1219846.1134979147,POINT (11880260.15075386 1219846.1134979147),854
321,Binh Chieu Ward,321,11880412.897433475,1219846.1134979147,POINT (11880412.897433475 1219846.1134979147),854
322,Binh Chieu Ward,322,11880565.64411309,1219846.1134979147,POINT (11880565.64411309 1219846.1134979147),854
323,Binh Chieu Ward,323,11880718.390792705,1219846.1134979147,POINT (11880718.390792705 1219846.1134979147),861
324,Binh Chieu Ward,324,11880871.13747232,1219846.1134979147,POINT (11880871.13747232 1219846.1134979147),983
325,Binh Chieu Ward,325,11881023.884151936,1219846.1134979147,POINT (11881023.884151936 1219846.1134979147),1081
326,Binh Chieu Ward,326,11881329.37751117,1219846.1134979147,POINT (11881329.37751117 1219846.1134979147),1048
327,Binh Chieu Ward,327,11881482.124190783,1219846.1134979147,POINT (11881482.124190783 1219846.1134979147),1012
328,Binh Chieu Ward,328,11879343.670676164,1219998.8648828408,POINT (11879343.670676164 1219998.8648828408),878
329,Binh Chieu Ward,329,11879496.41735578,1219998.8648828408,POINT (11879496.41735578 1219998.8648828408),836
330,Binh Chieu Ward,330,11879649.164035395,1219998.8648828408,POINT (11879649.164035395 1219998.8648828408),867
331,Binh Chieu Ward,331,11879801.910715014,1219998.8648828408,POINT (11879801.910715014 1219998.8648828408),997
332,Binh Chieu Ward,332,11879954.657394627,1219998.8648828408,POINT (11879954.657394627 1219998.8648828408),1092
333,Binh Chieu Ward,333,11880107.404074244,1219998.8648828408,POINT (11880107.404074244 1219998.8648828408),1013
334,Binh Chieu Ward,334,11880260.15075386,1219998.8648828408,POINT (11880260.15075386 1219998.8648828408),913
335,Binh Chieu Ward,335,11880412.897433475,1219998.8648828408,POINT (11880412.897433475 1219998.8648828408),991
336,Binh Chieu Ward,336,11880565.64411309,1219998.8648828408,POINT (11880565.64411309 1219998.8648828408),1084
337,Binh Chieu Ward,337,11879496.41735578,1220151.6169591076,POINT (11879496.41735578 1220151.6169591076),864
338,Binh Chieu Ward,338,11879649.164035395,1220151.6169591076,POINT (11879649.164035395 1220151.6169591076),885
339,Binh Chieu Ward,339,11879801.910715014,1220151.6169591076,POINT (11879801.910715014 1220151.6169591076),948
340,Binh Chieu Ward,340,11879954.657394627,1220151.6169591076,POINT (11879954.657394627 1220151.6169591076),930
341,Binh Chieu Ward,341,11880107.404074244,1220151.6169591076,POINT (11880107.404074244 1220151.6169591076),884
342,Binh Chieu Ward,342,11880260.15075386,1220151.6169591076,POINT (11880260.15075386 1220151.6169591076),968
343,Binh Chieu Ward,343,11879496.41735578,1220304.3697268062,POINT (11879496.41735578 1220304.3697268062),851
344,Binh Chieu Ward,344,11879649.164035395,1220304.3697268062,POINT (11879649.164035395 1220304.3697268062),850
345,Binh Chieu Ward,345,11879801.910715014,1220304.3697268062,POINT (11879801.910715014 1220304.3697268062),851
346,Binh Chieu Ward,346,11879954.657394627,1220304.3697268062,POINT (11879954.657394627 1220304.3697268062),855
347,Binh Chieu Ward,347,11880107.404074244,1220304.3697268062,POINT (11880107.404074244 1220304.3697268062),919
348,Binh Chieu Ward,348,11879649.164035395,1220457.1231860272,POINT (11879649.164035395 1220457.1231860272),913
349,Binh Chieu Ward,349,11879801.910715014,1220457.1231860272,POINT (11879801.910715014 1220457.1231860272),884
350,Binh Chieu Ward,350,11879954.657394627,1220457.1231860272,POINT (11879954.657394627 1220457.1231860272),982
351,Hiep Binh Phuoc Ward,0,11878465.015792217,1213445.2442192135,POINT (11878465.015792217 1213445.2442192135),440
352,Hiep Binh Phuoc Ward,1,11878617.747166106,1213445.2442192135,POINT (11878617.747166106 1213445.2442192135),194
353,Hiep Binh Phuoc Ward,2,11878770.478539996,1213445.2442192135,POINT (11878770.478539996 1213445.2442192135),520
354,Hiep Binh Phuoc Ward,3,11878923.209913887,1213445.2442192135,POINT (11878923.209913887 1213445.2442192135),844
355,Hiep Binh Phuoc Ward,4,11879075.941287776,1213445.2442192135,POINT (11879075.941287776 1213445.2442192135),833
356,Hiep Binh Phuoc Ward,5,11879228.672661666,1213445.2442192135,POINT (11879228.672661666 1213445.2442192135),821
357,Hiep Binh Phuoc Ward,6,11879381.404035557,1213445.2442192135,POINT (11879381.404035557 1213445.2442192135),842
358,Hiep Binh Phuoc Ward,7,11879534.135409446,1213445.2442192135,POINT (11879534.135409446 1213445.2442192135),815
359,Hiep Binh Phuoc Ward,8,11879686.866783336,1213445.2442192135,POINT (11879686.866783336 1213445.2442192135),697
360,Hiep Binh Phuoc Ward,9,11879839.598157227,1213445.2442192135,POINT (11879839.598157227 1213445.2442192135),567
361,Hiep Binh Phuoc Ward,10,11879992.329531116,1213445.2442192135,POINT (11879992.329531116 1213445.2442192135),533
362,Hiep Binh Phuoc Ward,11,11880145.060905008,1213445.2442192135,POINT (11880145.060905008 1213445.2442192135),650
363,Hiep Binh Phuoc Ward,12,11880297.792278897,1213445.2442192135,POINT (11880297.792278897 1213445.2442192135),801
364,Hiep Binh Phuoc Ward,13,11880450.523652788,1213445.2442192135,POINT (11880450.523652788 1213445.2442192135),846
365,Hiep Binh Phuoc Ward,14,11878159.553044435,1213597.9667130576,POINT (11878159.553044435 1213597.9667130576),764
366,Hiep Binh Phuoc Ward,15,11878312.284418326,1213597.9667130576,POINT (11878312.284418326 1213597.9667130576),469
367,Hiep Binh Phuoc Ward,16,11878465.015792217,1213597.9667130576,POINT (11878465.015792217 1213597.9667130576),157
368,Hiep Binh Phuoc Ward,17,11878617.747166106,1213597.9667130576,POINT (11878617.747166106 1213597.9667130576),319
369,Hiep Binh Phuoc Ward,18,11878770.478539996,1213597.9667130576,POINT (11878770.478539996 1213597.9667130576),719
370,Hiep Binh Phuoc Ward,19,11878923.209913887,1213597.9667130576,POINT (11878923.209913887 1213597.9667130576),861
371,Hiep Binh Phuoc Ward,20,11879075.941287776,1213597.9667130576,POINT (11879075.941287776 1213597.9667130576),879
372,Hiep Binh Phuoc Ward,21,11879228.672661666,1213597.9667130576,POINT (11879228.672661666 1213597.9667130576),882
373,Hiep Binh Phuoc Ward,22,11879381.404035557,1213597.9667130576,POINT (11879381.404035557 1213597.9667130576),882
374,Hiep Binh Phuoc Ward,23,11879534.135409446,1213597.9667130576,POINT (11879534.135409446 1213597.9667130576),843
375,Hiep Binh Phuoc Ward,24,11879686.866783336,1213597.9667130576,POINT (11879686.866783336 1213597.9667130576),832
376,Hiep Binh Phuoc Ward,25,11879839.598157227,1213597.9667130576,POINT (11879839.598157227 1213597.9667130576),865
377,Hiep Binh Phuoc Ward,26,11879992.329531116,1213597.9667130576,POINT (11879992.329531116 1213597.9667130576),851
378,Hiep Binh Phuoc Ward,27,11880145.060905008,1213597.9667130576,POINT (11880145.060905008 1213597.9667130576),828
379,Hiep Binh Phuoc Ward,28,11880297.792278897,1213597.9667130576,POINT (11880297.792278897 1213597.9667130576),835
380,Hiep Binh Phuoc Ward,29,11880450.523652788,1213597.9667130576,POINT (11880450.523652788 1213597.9667130576),860
381,Hiep Binh Phuoc Ward,30,11878006.821670547,1213750.6898944415,POINT (11878006.821670547 1213750.6898944415),303
382,Hiep Binh Phuoc Ward,31,11878159.553044435,1213750.6898944415,POINT (11878159.553044435 1213750.6898944415),321
383,Hiep Binh Phuoc Ward,32,11878312.284418326,1213750.6898944415,POINT (11878312.284418326 1213750.6898944415),170
384,Hiep Binh Phuoc Ward,33,11878465.015792217,1213750.6898944415,POINT (11878465.015792217 1213750.6898944415),292
385,Hiep Binh Phuoc Ward,34,11878617.747166106,1213750.6898944415,POINT (11878617.747166106 1213750.6898944415),568
386,Hiep Binh Phuoc Ward,35,11878770.478539996,1213750.6898944415,POINT (11878770.478539996 1213750.6898944415),547
387,Hiep Binh Phuoc Ward,36,11878923.209913887,1213750.6898944415,POINT (11878923.209913887 1213750.6898944415),473
388,Hiep Binh Phuoc Ward,37,11879075.941287776,1213750.6898944415,POINT (11879075.941287776 1213750.6898944415),696
389,Hiep Binh Phuoc Ward,38,11879228.672661666,1213750.6898944415,POINT (11879228.672661666 1213750.6898944415),869
390,Hiep Binh Phuoc Ward,39,11879381.404035557,1213750.6898944415,POINT (11879381.404035557 1213750.6898944415),862
391,Hiep Binh Phuoc Ward,40,11879534.135409446,1213750.6898944415,POINT (11879534.135409446 1213750.6898944415),840
392,Hiep Binh Phuoc Ward,41,11879686.866783336,1213750.6898944415,POINT (11879686.866783336 1213750.6898944415),851
393,Hiep Binh Phuoc Ward,42,11879839.598157227,1213750.6898944415,POINT (11879839.598157227 1213750.6898944415),854
394,Hiep Binh Phuoc Ward,43,11879992.329531116,1213750.6898944415,POINT (11879992.329531116 1213750.6898944415),856
395,Hiep Binh Phuoc Ward,44,11880145.060905008,1213750.6898944415,POINT (11880145.060905008 1213750.6898944415),855
396,Hiep Binh Phuoc Ward,45,11880297.792278897,1213750.6898944415,POINT (11880297.792278897 1213750.6898944415),741
397,Hiep Binh Phuoc Ward,46,11880450.523652788,1213750.6898944415,POINT (11880450.523652788 1213750.6898944415),741
398,Hiep Binh Phuoc Ward,47,11877701.358922765,1213903.4137634556,POINT (11877701.358922765 1213903.4137634556),473
399,Hiep Binh Phuoc Ward,48,11877854.090296656,1213903.4137634556,POINT (11877854.090296656 1213903.4137634556),116
400,Hiep Binh Phuoc Ward,49,11878006.821670547,1213903.4137634556,POINT (11878006.821670547 1213903.4137634556),11
401,Hiep Binh Phuoc Ward,50,11878159.553044435,1213903.4137634556,POINT (11878159.553044435 1213903.4137634556),23
402,Hiep Binh Phuoc Ward,51,11878312.284418326,1213903.4137634556,POINT (11878312.284418326 1213903.4137634556),167
403,Hiep Binh Phuoc Ward,52,11878465.015792217,1213903.4137634556,POINT (11878465.015792217 1213903.4137634556),525
404,Hiep Binh Phuoc Ward,53,11878617.747166106,1213903.4137634556,POINT (11878617.747166106 1213903.4137634556),649
405,Hiep Binh Phuoc Ward,54,11878770.478539996,1213903.4137634556,POINT (11878770.478539996 1213903.4137634556),361
406,Hiep Binh Phuoc Ward,55,11878923.209913887,1213903.4137634556,POINT (11878923.209913887 1213903.4137634556),266
407,Hiep Binh Phuoc Ward,56,11879075.941287776,1213903.4137634556,POINT (11879075.941287776 1213903.4137634556),623
408,Hiep Binh Phuoc Ward,57,11879228.672661666,1213903.4137634556,POINT (11879228.672661666 1213903.4137634556),895
409,Hiep Binh Phuoc Ward,58,11879381.404035557,1213903.4137634556,POINT (11879381.404035557 1213903.4137634556),888
410,Hiep Binh Phuoc Ward,59,11879534.135409446,1213903.4137634556,POINT (11879534.135409446 1213903.4137634556),859
411,Hiep Binh Phuoc Ward,60,11879686.866783336,1213903.4137634556,POINT (11879686.866783336 1213903.4137634556),871
412,Hiep Binh Phuoc Ward,61,11879839.598157227,1213903.4137634556,POINT (11879839.598157227 1213903.4137634556),809
413,Hiep Binh Phuoc Ward,62,11879992.329531116,1213903.4137634556,POINT (11879992.329531116 1213903.4137634556),735
414,Hiep Binh Phuoc Ward,63,11880145.060905008,1213903.4137634556,POINT (11880145.060905008 1213903.4137634556),805
415,Hiep Binh Phuoc Ward,64,11880297.792278897,1213903.4137634556,POINT (11880297.792278897 1213903.4137634556),607
416,Hiep Binh Phuoc Ward,65,11880450.523652788,1213903.4137634556,POINT (11880450.523652788 1213903.4137634556),595
417,Hiep Binh Phuoc Ward,66,11877701.358922765,1214056.1383201913,POINT (11877701.358922765 1214056.1383201913),231
418,Hiep Binh Phuoc Ward,67,11877854.090296656,1214056.1383201913,POINT (11877854.090296656 1214056.1383201913),114
419,Hiep Binh Phuoc Ward,68,11878006.821670547,1214056.1383201913,POINT (11878006.821670547 1214056.1383201913),121
420,Hiep Binh Phuoc Ward,69,11878159.553044435,1214056.1383201913,POINT (11878159.553044435 1214056.1383201913),124
421,Hiep Binh Phuoc Ward,70,11878312.284418326,1214056.1383201913,POINT (11878312.284418326 1214056.1383201913),135
422,Hiep Binh Phuoc Ward,71,11878465.015792217,1214056.1383201913,POINT (11878465.015792217 1214056.1383201913),276
423,Hiep Binh Phuoc Ward,72,11878617.747166106,1214056.1383201913,POINT (11878617.747166106 1214056.1383201913),401
424,Hiep Binh Phuoc Ward,73,11878770.478539996,1214056.1383201913,POINT (11878770.478539996 1214056.1383201913),469
425,Hiep Binh Phuoc Ward,74,11878923.209913887,1214056.1383201913,POINT (11878923.209913887 1214056.1383201913),597
426,Hiep Binh Phuoc Ward,75,11879075.941287776,1214056.1383201913,POINT (11879075.941287776 1214056.1383201913),699
427,Hiep Binh Phuoc Ward,76,11879228.672661666,1214056.1383201913,POINT (11879228.672661666 1214056.1383201913),803
428,Hiep Binh Phuoc Ward,77,11879381.404035557,1214056.1383201913,POINT (11879381.404035557 1214056.1383201913),854
429,Hiep Binh Phuoc Ward,78,11879534.135409446,1214056.1383201913,POINT (11879534.135409446 1214056.1383201913),848
430,Hiep Binh Phuoc Ward,79,11879686.866783336,1214056.1383201913,POINT (11879686.866783336 1214056.1383201913),845
431,Hiep Binh Phuoc Ward,80,11879839.598157227,1214056.1383201913,POINT (11879839.598157227 1214056.1383201913),750
432,Hiep Binh Phuoc Ward,81,11879992.329531116,1214056.1383201913,POINT (11879992.329531116 1214056.1383201913),579
433,Hiep Binh Phuoc Ward,82,11880145.060905008,1214056.1383201913,POINT (11880145.060905008 1214056.1383201913),674
434,Hiep Binh Phuoc Ward,83,11880297.792278897,1214056.1383201913,POINT (11880297.792278897 1214056.1383201913),534
435,Hiep Binh Phuoc Ward,84,11880450.523652788,1214056.1383201913,POINT (11880450.523652788 1214056.1383201913),496
436,Hiep Binh Phuoc Ward,85,11880603.255026678,1214056.1383201913,POINT (11880603.255026678 1214056.1383201913),819
437,Hiep Binh Phuoc Ward,86,11877701.358922765,1214208.863564738,POINT (11877701.358922765 1214208.863564738),25
438,Hiep Binh Phuoc Ward,87,11877854.090296656,1214208.863564738,POINT (11877854.090296656 1214208.863564738),47
439,Hiep Binh Phuoc Ward,88,11878006.821670547,1214208.863564738,POINT (11878006.821670547 1214208.863564738),128
440,Hiep Binh Phuoc Ward,89,11878159.553044435,1214208.863564738,POINT (11878159.553044435 1214208.863564738),173
441,Hiep Binh Phuoc Ward,90,11878312.284418326,1214208.863564738,POINT (11878312.284418326 1214208.863564738),130
442,Hiep Binh Phuoc Ward,91,11878465.015792217,1214208.863564738,POINT (11878465.015792217 1214208.863564738),97
443,Hiep Binh Phuoc Ward,92,11878617.747166106,1214208.863564738,POINT (11878617.747166106 1214208.863564738),251
444,Hiep Binh Phuoc Ward,93,11878770.478539996,1214208.863564738,POINT (11878770.478539996 1214208.863564738),612
445,Hiep Binh Phuoc Ward,94,11878923.209913887,1214208.863564738,POINT (11878923.209913887 1214208.863564738),842
446,Hiep Binh Phuoc Ward,95,11879075.941287776,1214208.863564738,POINT (11879075.941287776 1214208.863564738),749
447,Hiep Binh Phuoc Ward,96,11879228.672661666,1214208.863564738,POINT (11879228.672661666 1214208.863564738),735
448,Hiep Binh Phuoc Ward,97,11879381.404035557,1214208.863564738,POINT (11879381.404035557 1214208.863564738),842
449,Hiep Binh Phuoc Ward,98,11879534.135409446,1214208.863564738,POINT (11879534.135409446 1214208.863564738),881
450,Hiep Binh Phuoc Ward,99,11879686.866783336,1214208.863564738,POINT (11879686.866783336 1214208.863564738),877
451,Hiep Binh Phuoc Ward,100,11879839.598157227,1214208.863564738,POINT (11879839.598157227 1214208.863564738),848
452,Hiep Binh Phuoc Ward,101,11879992.329531116,1214208.863564738,POINT (11879992.329531116 1214208.863564738),752
453,Hiep Binh Phuoc Ward,102,11880145.060905008,1214208.863564738,POINT (11880145.060905008 1214208.863564738),777
454,Hiep Binh Phuoc Ward,103,11880297.792278897,1214208.863564738,POINT (11880297.792278897 1214208.863564738),729
455,Hiep Binh Phuoc Ward,104,11880450.523652788,1214208.863564738,POINT (11880450.523652788 1214208.863564738),639
456,Hiep Binh Phuoc Ward,105,11880603.255026678,1214208.863564738,POINT (11880603.255026678 1214208.863564738),769
457,Hiep Binh Phuoc Ward,108,11878006.821670547,1214361.5894971876,POINT (11878006.821670547 1214361.5894971876),7
458,Hiep Binh Phuoc Ward,109,11878159.553044435,1214361.5894971876,POINT (11878159.553044435 1214361.5894971876),56
459,Hiep Binh Phuoc Ward,110,11878312.284418326,1214361.5894971876,POINT (11878312.284418326 1214361.5894971876),132
460,Hiep Binh Phuoc Ward,111,11878465.015792217,1214361.5894971876,POINT (11878465.015792217 1214361.5894971876),170
461,Hiep Binh Phuoc Ward,112,11878617.747166106,1214361.5894971876,POINT (11878617.747166106 1214361.5894971876),252
462,Hiep Binh Phuoc Ward,113,11878770.478539996,1214361.5894971876,POINT (11878770.478539996 1214361.5894971876),580
463,Hiep Binh Phuoc Ward,114,11878923.209913887,1214361.5894971876,POINT (11878923.209913887 1214361.5894971876),791
464,Hiep Binh Phuoc Ward,115,11879075.941287776,1214361.5894971876,POINT (11879075.941287776 1214361.5894971876),668
465,Hiep Binh Phuoc Ward,116,11879228.672661666,1214361.5894971876,POINT (11879228.672661666 1214361.5894971876),622
466,Hiep Binh Phuoc Ward,117,11879381.404035557,1214361.5894971876,POINT (11879381.404035557 1214361.5894971876),766
467,Hiep Binh Phuoc Ward,118,11879534.135409446,1214361.5894971876,POINT (11879534.135409446 1214361.5894971876),854
468,Hiep Binh Phuoc Ward,119,11879686.866783336,1214361.5894971876,POINT (11879686.866783336 1214361.5894971876),855
469,Hiep Binh Phuoc Ward,120,11879839.598157227,1214361.5894971876,POINT (11879839.598157227 1214361.5894971876),841
470,Hiep Binh Phuoc Ward,121,11879992.329531116,1214361.5894971876,POINT (11879992.329531116 1214361.5894971876),817
471,Hiep Binh Phuoc Ward,122,11880145.060905008,1214361.5894971876,POINT (11880145.060905008 1214361.5894971876),833
472,Hiep Binh Phuoc Ward,123,11880297.792278897,1214361.5894971876,POINT (11880297.792278897 1214361.5894971876),850
473,Hiep Binh Phuoc Ward,124,11880450.523652788,1214361.5894971876,POINT (11880450.523652788 1214361.5894971876),738
474,Hiep Binh Phuoc Ward,125,11880603.255026678,1214361.5894971876,POINT (11880603.255026678 1214361.5894971876),714
475,Hiep Binh Phuoc Ward,126,11880755.986400567,1214361.5894971876,POINT (11880755.986400567 1214361.5894971876),831
476,Hiep Binh Phuoc Ward,131,11878312.284418326,1214514.3161176303,POINT (11878312.284418326 1214514.3161176303),45
477,Hiep Binh Phuoc Ward,132,11878465.015792217,1214514.3161176303,POINT (11878465.015792217 1214514.3161176303),115
478,Hiep Binh Phuoc Ward,133,11878617.747166106,1214514.3161176303,POINT (11878617.747166106 1214514.3161176303),145
479,Hiep Binh Phuoc Ward,134,11878770.478539996,1214514.3161176303,POINT (11878770.478539996 1214514.3161176303),330
480,Hiep Binh Phuoc Ward,135,11878923.209913887,1214514.3161176303,POINT (11878923.209913887 1214514.3161176303),477
481,Hiep Binh Phuoc Ward,136,11879075.941287776,1214514.3161176303,POINT (11879075.941287776 1214514.3161176303),466
482,Hiep Binh Phuoc Ward,137,11879228.672661666,1214514.3161176303,POINT (11879228.672661666 1214514.3161176303),454
483,Hiep Binh Phuoc Ward,138,11879381.404035557,1214514.3161176303,POINT (11879381.404035557 1214514.3161176303),653
484,Hiep Binh Phuoc Ward,139,11879534.135409446,1214514.3161176303,POINT (11879534.135409446 1214514.3161176303),879
485,Hiep Binh Phuoc Ward,140,11879686.866783336,1214514.3161176303,POINT (11879686.866783336 1214514.3161176303),875
486,Hiep Binh Phuoc Ward,141,11879839.598157227,1214514.3161176303,POINT (11879839.598157227 1214514.3161176303),854
487,Hiep Binh Phuoc Ward,142,11879992.329531116,1214514.3161176303,POINT (11879992.329531116 1214514.3161176303),876
488,Hiep Binh Phuoc Ward,143,11880145.060905008,1214514.3161176303,POINT (11880145.060905008 1214514.3161176303),898
489,Hiep Binh Phuoc Ward,144,11880297.792278897,1214514.3161176303,POINT (11880297.792278897 1214514.3161176303),878
490,Hiep Binh Phuoc Ward,145,11880450.523652788,1214514.3161176303,POINT (11880450.523652788 1214514.3161176303),824
491,Hiep Binh Phuoc Ward,146,11880603.255026678,1214514.3161176303,POINT (11880603.255026678 1214514.3161176303),826
492,Hiep Binh Phuoc Ward,147,11880755.986400567,1214514.3161176303,POINT (11880755.986400567 1214514.3161176303),881
493,Hiep Binh Phuoc Ward,154,11878617.747166106,1214667.0434261567,POINT (11878617.747166106 1214667.0434261567),2
494,Hiep Binh Phuoc Ward,155,11878770.478539996,1214667.0434261567,POINT (11878770.478539996 1214667.0434261567),56
495,Hiep Binh Phuoc Ward,156,11878923.209913887,1214667.0434261567,POINT (11878923.209913887 1214667.0434261567),191
496,Hiep Binh Phuoc Ward,157,11879075.941287776,1214667.0434261567,POINT (11879075.941287776 1214667.0434261567),340
497,Hiep Binh Phuoc Ward,158,11879228.672661666,1214667.0434261567,POINT (11879228.672661666 1214667.0434261567),258
498,Hiep Binh Phuoc Ward,159,11879381.404035557,1214667.0434261567,POINT (11879381.404035557 1214667.0434261567),450
499,Hiep Binh Phuoc Ward,160,11879534.135409446,1214667.0434261567,POINT (11879534.135409446 1214667.0434261567),831
500,Hiep Binh Phuoc Ward,161,11879686.866783336,1214667.0434261567,POINT (11879686.866783336 1214667.0434261567),848
501,Hiep Binh Phuoc Ward,162,11879839.598157227,1214667.0434261567,POINT (11879839.598157227 1214667.0434261567),883
502,Hiep Binh Phuoc Ward,163,11879992.329531116,1214667.0434261567,POINT (11879992.329531116 1214667.0434261567),982
503,Hiep Binh Phuoc Ward,164,11880145.060905008,1214667.0434261567,POINT (11880145.060905008 1214667.0434261567),942
504,Hiep Binh Phuoc Ward,165,11880297.792278897,1214667.0434261567,POINT (11880297.792278897 1214667.0434261567),854
505,Hiep Binh Phuoc Ward,166,11880450.523652788,1214667.0434261567,POINT (11880450.523652788 1214667.0434261567),829
506,Hiep Binh Phuoc Ward,167,11880603.255026678,1214667.0434261567,POINT (11880603.255026678 1214667.0434261567),823
507,Hiep Binh Phuoc Ward,168,11880755.986400567,1214667.0434261567,POINT (11880755.986400567 1214667.0434261567),848
508,Hiep Binh Phuoc Ward,172,11878159.553044435,1214819.7714228574,POINT (11878159.553044435 1214819.7714228574),36
509,Hiep Binh Phuoc Ward,173,11878312.284418326,1214819.7714228574,POINT (11878312.284418326 1214819.7714228574),45
510,Hiep Binh Phuoc Ward,174,11878465.015792217,1214819.7714228574,POINT (11878465.015792217 1214819.7714228574),9
511,Hiep Binh Phuoc Ward,176,11878770.478539996,1214819.7714228574,POINT (11878770.478539996 1214819.7714228574),25
512,Hiep Binh Phuoc Ward,177,11878923.209913887,1214819.7714228574,POINT (11878923.209913887 1214819.7714228574),161
513,Hiep Binh Phuoc Ward,178,11879075.941287776,1214819.7714228574,POINT (11879075.941287776 1214819.7714228574),288
514,Hiep Binh Phuoc Ward,179,11879228.672661666,1214819.7714228574,POINT (11879228.672661666 1214819.7714228574),338
515,Hiep Binh Phuoc Ward,180,11879381.404035557,1214819.7714228574,POINT (11879381.404035557 1214819.7714228574),597
516,Hiep Binh Phuoc Ward,181,11879534.135409446,1214819.7714228574,POINT (11879534.135409446 1214819.7714228574),857
517,Hiep Binh Phuoc Ward,182,11879686.866783336,1214819.7714228574,POINT (11879686.866783336 1214819.7714228574),866
518,Hiep Binh Phuoc Ward,183,11879839.598157227,1214819.7714228574,POINT (11879839.598157227 1214819.7714228574),908
519,Hiep Binh Phuoc Ward,184,11879992.329531116,1214819.7714228574,POINT (11879992.329531116 1214819.7714228574),976
520,Hiep Binh Phuoc Ward,185,11880145.060905008,1214819.7714228574,POINT (11880145.060905008 1214819.7714228574),932
521,Hiep Binh Phuoc Ward,186,11880297.792278897,1214819.7714228574,POINT (11880297.792278897 1214819.7714228574),881
522,Hiep Binh Phuoc Ward,187,11880450.523652788,1214819.7714228574,POINT (11880450.523652788 1214819.7714228574),845
523,Hiep Binh Phuoc Ward,188,11880603.255026678,1214819.7714228574,POINT (11880603.255026678 1214819.7714228574),793
524,Hiep Binh Phuoc Ward,189,11880755.986400567,1214819.7714228574,POINT (11880755.986400567 1214819.7714228574),831
525,Hiep Binh Phuoc Ward,193,11878159.553044435,1214972.5001078234,POINT (11878159.553044435 1214972.5001078234),36
526,Hiep Binh Phuoc Ward,194,11878312.284418326,1214972.5001078234,POINT (11878312.284418326 1214972.5001078234),45
527,Hiep Binh Phuoc Ward,195,11878465.015792217,1214972.5001078234,POINT (11878465.015792217 1214972.5001078234),9
528,Hiep Binh Phuoc Ward,196,11878617.747166106,1214972.5001078234,POINT (11878617.747166106 1214972.5001078234),10
529,Hiep Binh Phuoc Ward,197,11878770.478539996,1214972.5001078234,POINT (11878770.478539996 1214972.5001078234),105
530,Hiep Binh Phuoc Ward,198,11878923.209913887,1214972.5001078234,POINT (11878923.209913887 1214972.5001078234),162
531,Hiep Binh Phuoc Ward,199,11879075.941287776,1214972.5001078234,POINT (11879075.941287776 1214972.5001078234),155
532,Hiep Binh Phuoc Ward,200,11879228.672661666,1214972.5001078234,POINT (11879228.672661666 1214972.5001078234),280
533,Hiep Binh Phuoc Ward,201,11879381.404035557,1214972.5001078234,POINT (11879381.404035557 1214972.5001078234),565
534,Hiep Binh Phuoc Ward,202,11879534.135409446,1214972.5001078234,POINT (11879534.135409446 1214972.5001078234),821
535,Hiep Binh Phuoc Ward,203,11879686.866783336,1214972.5001078234,POINT (11879686.866783336 1214972.5001078234),860
536,Hiep Binh Phuoc Ward,204,11879839.598157227,1214972.5001078234,POINT (11879839.598157227 1214972.5001078234),860
537,Hiep Binh Phuoc Ward,205,11879992.329531116,1214972.5001078234,POINT (11879992.329531116 1214972.5001078234),883
538,Hiep Binh Phuoc Ward,206,11880145.060905008,1214972.5001078234,POINT (11880145.060905008 1214972.5001078234),884
539,Hiep Binh Phuoc Ward,207,11880297.792278897,1214972.5001078234,POINT (11880297.792278897 1214972.5001078234),881
540,Hiep Binh Phuoc Ward,208,11880450.523652788,1214972.5001078234,POINT (11880450.523652788 1214972.5001078234),859
541,Hiep Binh Phuoc Ward,209,11880603.255026678,1214972.5001078234,POINT (11880603.255026678 1214972.5001078234),803
542,Hiep Binh Phuoc Ward,210,11880755.986400567,1214972.5001078234,POINT (11880755.986400567 1214972.5001078234),827
543,Hiep Binh Phuoc Ward,211,11877701.358922765,1215125.2294811448,POINT (11877701.358922765 1215125.2294811448),55
544,Hiep Binh Phuoc Ward,212,11877854.090296656,1215125.2294811448,POINT (11877854.090296656 1215125.2294811448),4
545,Hiep Binh Phuoc Ward,217,11878617.747166106,1215125.2294811448,POINT (11878617.747166106 1215125.2294811448),15
546,Hiep Binh Phuoc Ward,218,11878770.478539996,1215125.2294811448,POINT (11878770.478539996 1215125.2294811448),140
547,Hiep Binh Phuoc Ward,219,11878923.209913887,1215125.2294811448,POINT (11878923.209913887 1215125.2294811448),163
548,Hiep Binh Phuoc Ward,220,11879075.941287776,1215125.2294811448,POINT (11879075.941287776 1215125.2294811448),60
549,Hiep Binh Phuoc Ward,221,11879228.672661666,1215125.2294811448,POINT (11879228.672661666 1215125.2294811448),36
550,Hiep Binh Phuoc Ward,222,11879381.404035557,1215125.2294811448,POINT (11879381.404035557 1215125.2294811448),292
551,Hiep Binh Phuoc Ward,223,11879534.135409446,1215125.2294811448,POINT (11879534.135409446 1215125.2294811448),710
552,Hiep Binh Phuoc Ward,224,11879686.866783336,1215125.2294811448,POINT (11879686.866783336 1215125.2294811448),837
553,Hiep Binh Phuoc Ward,225,11879839.598157227,1215125.2294811448,POINT (11879839.598157227 1215125.2294811448),841
554,Hiep Binh Phuoc Ward,226,11879992.329531116,1215125.2294811448,POINT (11879992.329531116 1215125.2294811448),841
555,Hiep Binh Phuoc Ward,227,11880145.060905008,1215125.2294811448,POINT (11880145.060905008 1215125.2294811448),847
556,Hiep Binh Phuoc Ward,228,11880297.792278897,1215125.2294811448,POINT (11880297.792278897 1215125.2294811448),854
557,Hiep Binh Phuoc Ward,229,11880450.523652788,1215125.2294811448,POINT (11880450.523652788 1215125.2294811448),845
558,Hiep Binh Phuoc Ward,230,11880603.255026678,1215125.2294811448,POINT (11880603.255026678 1215125.2294811448),833
559,Hiep Binh Phuoc Ward,231,11880755.986400567,1215125.2294811448,POINT (11880755.986400567 1215125.2294811448),817
560,Hiep Binh Phuoc Ward,232,11880908.717774458,1215125.2294811448,POINT (11880908.717774458 1215125.2294811448),833
561,Hiep Binh Phuoc Ward,233,11877701.358922765,1215277.9595429134,POINT (11877701.358922765 1215277.9595429134),345
562,Hiep Binh Phuoc Ward,234,11877854.090296656,1215277.9595429134,POINT (11877854.090296656 1215277.9595429134),259
563,Hiep Binh Phuoc Ward,235,11878006.821670547,1215277.9595429134,POINT (11878006.821670547 1215277.9595429134),163
564,Hiep Binh Phuoc Ward,236,11878159.553044435,1215277.9595429134,POINT (11878159.553044435 1215277.9595429134),134
565,Hiep Binh Phuoc Ward,237,11878312.284418326,1215277.9595429134,POINT (11878312.284418326 1215277.9595429134),76
566,Hiep Binh Phuoc Ward,238,11878465.015792217,1215277.9595429134,POINT (11878465.015792217 1215277.9595429134),73
567,Hiep Binh Phuoc Ward,239,11878617.747166106,1215277.9595429134,POINT (11878617.747166106 1215277.9595429134),196
568,Hiep Binh Phuoc Ward,240,11878770.478539996,1215277.9595429134,POINT (11878770.478539996 1215277.9595429134),316
569,Hiep Binh Phuoc Ward,241,11878923.209913887,1215277.9595429134,POINT (11878923.209913887 1215277.9595429134),262
570,Hiep Binh Phuoc Ward,242,11879075.941287776,1215277.9595429134,POINT (11879075.941287776 1215277.9595429134),132
571,Hiep Binh Phuoc Ward,243,11879228.672661666,1215277.9595429134,POINT (11879228.672661666 1215277.9595429134),124
572,Hiep Binh Phuoc Ward,244,11879381.404035557,1215277.9595429134,POINT (11879381.404035557 1215277.9595429134),193
573,Hiep Binh Phuoc Ward,245,11879534.135409446,1215277.9595429134,POINT (11879534.135409446 1215277.9595429134),408
574,Hiep Binh Phuoc Ward,246,11879686.866783336,1215277.9595429134,POINT (11879686.866783336 1215277.9595429134),677
575,Hiep Binh Phuoc Ward,247,11879839.598157227,1215277.9595429134,POINT (11879839.598157227 1215277.9595429134),836
576,Hiep Binh Phuoc Ward,248,11879992.329531116,1215277.9595429134,POINT (11879992.329531116 1215277.9595429134),867
577,Hiep Binh Phuoc Ward,249,11880145.060905008,1215277.9595429134,POINT (11880145.060905008 1215277.9595429134),872
578,Hiep Binh Phuoc Ward,250,11880297.792278897,1215277.9595429134,POINT (11880297.792278897 1215277.9595429134),881
579,Hiep Binh Phuoc Ward,251,11880450.523652788,1215277.9595429134,POINT (11880450.523652788 1215277.9595429134),882
580,Hiep Binh Phuoc Ward,252,11880603.255026678,1215277.9595429134,POINT (11880603.255026678 1215277.9595429134),784
581,Hiep Binh Phuoc Ward,253,11880755.986400567,1215277.9595429134,POINT (11880755.986400567 1215277.9595429134),695
582,Hiep Binh Phuoc Ward,254,11880908.717774458,1215277.9595429134,POINT (11880908.717774458 1215277.9595429134),785
583,Hiep Binh Phuoc Ward,255,11878006.821670547,1215430.6902932185,POINT (11878006.821670547 1215430.6902932185),581
584,Hiep Binh Phuoc Ward,256,11878159.553044435,1215430.6902932185,POINT (11878159.553044435 1215430.6902932185),561
585,Hiep Binh Phuoc Ward,257,11878312.284418326,1215430.6902932185,POINT (11878312.284418326 1215430.6902932185),487
586,Hiep Binh Phuoc Ward,258,11878465.015792217,1215430.6902932185,POINT (11878465.015792217 1215430.6902932185),478
587,Hiep Binh Phuoc Ward,259,11878617.747166106,1215430.6902932185,POINT (11878617.747166106 1215430.6902932185),612
588,Hiep Binh Phuoc Ward,260,11879228.672661666,1215430.6902932185,POINT (11879228.672661666 1215430.6902932185),365
589,Hiep Binh Phuoc Ward,261,11879381.404035557,1215430.6902932185,POINT (11879381.404035557 1215430.6902932185),171
590,Hiep Binh Phuoc Ward,262,11879534.135409446,1215430.6902932185,POINT (11879534.135409446 1215430.6902932185),70
591,Hiep Binh Phuoc Ward,263,11879686.866783336,1215430.6902932185,POINT (11879686.866783336 1215430.6902932185),249
592,Hiep Binh Phuoc Ward,264,11879839.598157227,1215430.6902932185,POINT (11879839.598157227 1215430.6902932185),590
593,Hiep Binh Phuoc Ward,265,11879992.329531116,1215430.6902932185,POINT (11879992.329531116 1215430.6902932185),826
594,Hiep Binh Phuoc Ward,266,11880145.060905008,1215430.6902932185,POINT (11880145.060905008 1215430.6902932185),845
595,Hiep Binh Phuoc Ward,267,11880297.792278897,1215430.6902932185,POINT (11880297.792278897 1215430.6902932185),845
596,Hiep Binh Phuoc Ward,268,11880450.523652788,1215430.6902932185,POINT (11880450.523652788 1215430.6902932185),855
597,Hiep Binh Phuoc Ward,269,11880603.255026678,1215430.6902932185,POINT (11880603.255026678 1215430.6902932185),725
598,Hiep Binh Phuoc Ward,270,11880755.986400567,1215430.6902932185,POINT (11880755.986400567 1215430.6902932185),548
599,Hiep Binh Phuoc Ward,271,11880908.717774458,1215430.6902932185,POINT (11880908.717774458 1215430.6902932185),666
600,Hiep Binh Phuoc Ward,272,11879534.135409446,1215583.4217321514,POINT (11879534.135409446 1215583.4217321514),84
601,Hiep Binh Phuoc Ward,273,11879686.866783336,1215583.4217321514,POINT (11879686.866783336 1215583.4217321514),12
602,Hiep Binh Phuoc Ward,274,11879839.598157227,1215583.4217321514,POINT (11879839.598157227 1215583.4217321514),362
603,Hiep Binh Phuoc Ward,275,11879992.329531116,1215583.4217321514,POINT (11879992.329531116 1215583.4217321514),792
604,Hiep Binh Phuoc Ward,276,11880145.060905008,1215583.4217321514,POINT (11880145.060905008 1215583.4217321514),869
605,Hiep Binh Phuoc Ward,277,11880297.792278897,1215583.4217321514,POINT (11880297.792278897 1215583.4217321514),871
606,Hiep Binh Phuoc Ward,278,11880450.523652788,1215583.4217321514,POINT (11880450.523652788 1215583.4217321514),880
607,Hiep Binh Phuoc Ward,279,11880603.255026678,1215583.4217321514,POINT (11880603.255026678 1215583.4217321514),744
608,Hiep Binh Phuoc Ward,280,11880755.986400567,1215583.4217321514,POINT (11880755.986400567 1215583.4217321514),398
609,Hiep Binh Phuoc Ward,281,11880908.717774458,1215583.4217321514,POINT (11880908.717774458 1215583.4217321514),454
610,Hiep Binh Phuoc Ward,282,11881061.449148348,1215583.4217321514,POINT (11881061.449148348 1215583.4217321514),766
611,Hiep Binh Phuoc Ward,283,11879686.866783336,1215736.153859803,POINT (11879686.866783336 1215736.153859803),114
612,Hiep Binh Phuoc Ward,284,11879839.598157227,1215736.153859803,POINT (11879839.598157227 1215736.153859803),233
613,Hiep Binh Phuoc Ward,285,11879992.329531116,1215736.153859803,POINT (11879992.329531116 1215736.153859803),667
614,Hiep Binh Phuoc Ward,286,11880145.060905008,1215736.153859803,POINT (11880145.060905008 1215736.153859803),853
615,Hiep Binh Phuoc Ward,287,11880297.792278897,1215736.153859803,POINT (11880297.792278897 1215736.153859803),854
616,Hiep Binh Phuoc Ward,288,11880450.523652788,1215736.153859803,POINT (11880450.523652788 1215736.153859803),850
617,Hiep Binh Phuoc Ward,289,11880603.255026678,1215736.153859803,POINT (11880603.255026678 1215736.153859803),683
618,Hiep Binh Phuoc Ward,290,11880755.986400567,1215736.153859803,POINT (11880755.986400567 1215736.153859803),374
619,Hiep Binh Phuoc Ward,291,11880908.717774458,1215736.153859803,POINT (11880908.717774458 1215736.153859803),320
620,Hiep Binh Phuoc Ward,292,11881061.449148348,1215736.153859803,POINT (11881061.449148348 1215736.153859803),536
621,Hiep Binh Phuoc Ward,293,11879686.866783336,1215888.886676264,POINT (11879686.866783336 1215888.886676264),330
622,Hiep Binh Phuoc Ward,294,11879839.598157227,1215888.886676264,POINT (11879839.598157227 1215888.886676264),164
623,Hiep Binh Phuoc Ward,295,11879992.329531116,1215888.886676264,POINT (11879992.329531116 1215888.886676264),604
624,Hiep Binh Phuoc Ward,296,11880145.060905008,1215888.886676264,POINT (11880145.060905008 1215888.886676264),878
625,Hiep Binh Phuoc Ward,297,11880297.792278897,1215888.886676264,POINT (11880297.792278897 1215888.886676264),881
626,Hiep Binh Phuoc Ward,298,11880450.523652788,1215888.886676264,POINT (11880450.523652788 1215888.886676264),878
627,Hiep Binh Phuoc Ward,299,11880603.255026678,1215888.886676264,POINT (11880603.255026678 1215888.886676264),801
628,Hiep Binh Phuoc Ward,300,11880755.986400567,1215888.886676264,POINT (11880755.986400567 1215888.886676264),653
629,Hiep Binh Phuoc Ward,301,11880908.717774458,1215888.886676264,POINT (11880908.717774458 1215888.886676264),420
630,Hiep Binh Phuoc Ward,302,11881061.449148348,1215888.886676264,POINT (11881061.449148348 1215888.886676264),447
631,Hiep Binh Phuoc Ward,303,11881214.180522237,1215888.886676264,POINT (11881214.180522237 1215888.886676264),603
632,Hiep Binh Phuoc Ward,304,11879686.866783336,1216041.6201816243,POINT (11879686.866783336 1216041.6201816243),371
633,Hiep Binh Phuoc Ward,305,11879839.598157227,1216041.6201816243,POINT (11879839.598157227 1216041.6201816243),277
634,Hiep Binh Phuoc Ward,306,11879992.329531116,1216041.6201816243,POINT (11879992.329531116 1216041.6201816243),747
635,Hiep Binh Phuoc Ward,307,11880145.060905008,1216041.6201816243,POINT (11880145.060905008 1216041.6201816243),890
636,Hiep Binh Phuoc Ward,308,11880297.792278897,1216041.6201816243,POINT (11880297.792278897 1216041.6201816243),856
637,Hiep Binh Phuoc Ward,309,11880450.523652788,1216041.6201816243,POINT (11880450.523652788 1216041.6201816243),854
638,Hiep Binh Phuoc Ward,310,11880603.255026678,1216041.6201816243,POINT (11880603.255026678 1216041.6201816243),854
639,Hiep Binh Phuoc Ward,311,11880755.986400567,1216041.6201816243,POINT (11880755.986400567 1216041.6201816243),740
640,Hiep Binh Phuoc Ward,312,11880908.717774458,1216041.6201816243,POINT (11880908.717774458 1216041.6201816243),437
641,Hiep Binh Phuoc Ward,313,11881061.449148348,1216041.6201816243,POINT (11881061.449148348 1216041.6201816243),376
642,Hiep Binh Phuoc Ward,314,11881214.180522237,1216041.6201816243,POINT (11881214.180522237 1216041.6201816243),424
643,Hiep Binh Phuoc Ward,315,11879686.866783336,1216194.3543759757,POINT (11879686.866783336 1216194.3543759757),294
644,Hiep Binh Phuoc Ward,316,11879839.598157227,1216194.3543759757,POINT (11879839.598157227 1216194.3543759757),446
645,Hiep Binh Phuoc Ward,317,11879992.329531116,1216194.3543759757,POINT (11879992.329531116 1216194.3543759757),969
646,Hiep Binh Phuoc Ward,318,11880145.060905008,1216194.3543759757,POINT (11880145.060905008 1216194.3543759757),956
647,Hiep Binh Phuoc Ward,319,11880297.792278897,1216194.3543759757,POINT (11880297.792278897 1216194.3543759757),882
648,Hiep Binh Phuoc Ward,320,11880450.523652788,1216194.3543759757,POINT (11880450.523652788 1216194.3543759757),881
649,Hiep Binh Phuoc Ward,321,11880603.255026678,1216194.3543759757,POINT (11880603.255026678 1216194.3543759757),880
650,Hiep Binh Phuoc Ward,322,11880755.986400567,1216194.3543759757,POINT (11880755.986400567 1216194.3543759757),815
651,Hiep Binh Phuoc Ward,323,11880908.717774458,1216194.3543759757,POINT (11880908.717774458 1216194.3543759757),541
652,Hiep Binh Phuoc Ward,324,11881061.449148348,1216194.3543759757,POINT (11881061.449148348 1216194.3543759757),448
653,Hiep Binh Phuoc Ward,325,11881214.180522237,1216194.3543759757,POINT (11881214.180522237 1216194.3543759757),428
654,Hiep Binh Phuoc Ward,326,11879534.135409446,1216347.089259408,POINT (11879534.135409446 1216347.089259408),431
655,Hiep Binh Phuoc Ward,327,11879686.866783336,1216347.089259408,POINT (11879686.866783336 1216347.089259408),296
656,Hiep Binh Phuoc Ward,328,11879839.598157227,1216347.089259408,POINT (11879839.598157227 1216347.089259408),627
657,Hiep Binh Phuoc Ward,329,11879992.329531116,1216347.089259408,POINT (11879992.329531116 1216347.089259408),1057
658,Hiep Binh Phuoc Ward,330,11880145.060905008,1216347.089259408,POINT (11880145.060905008 1216347.089259408),974
659,Hiep Binh Phuoc Ward,331,11880297.792278897,1216347.089259408,POINT (11880297.792278897 1216347.089259408),855
660,Hiep Binh Phuoc Ward,332,11880450.523652788,1216347.089259408,POINT (11880450.523652788 1216347.089259408),854
661,Hiep Binh Phuoc Ward,333,11880603.255026678,1216347.089259408,POINT (11880603.255026678 1216347.089259408),853
662,Hiep Binh Phuoc Ward,334,11880755.986400567,1216347.089259408,POINT (11880755.986400567 1216347.089259408),742
663,Hiep Binh Phuoc Ward,335,11880908.717774458,1216347.089259408,POINT (11880908.717774458 1216347.089259408),434
664,Hiep Binh Phuoc Ward,336,11881061.449148348,1216347.089259408,POINT (11881061.449148348 1216347.089259408),316
665,Hiep Binh Phuoc Ward,337,11881214.180522237,1216347.089259408,POINT (11881214.180522237 1216347.089259408),457
666,Hiep Binh Phuoc Ward,338,11879534.135409446,1216499.8248320124,POINT (11879534.135409446 1216499.8248320124),161
667,Hiep Binh Phuoc Ward,339,11879686.866783336,1216499.8248320124,POINT (11879686.866783336 1216499.8248320124),275
668,Hiep Binh Phuoc Ward,340,11879839.598157227,1216499.8248320124,POINT (11879839.598157227 1216499.8248320124),681
669,Hiep Binh Phuoc Ward,341,11879992.329531116,1216499.8248320124,POINT (11879992.329531116 1216499.8248320124),1004
670,Hiep Binh Phuoc Ward,342,11880145.060905008,1216499.8248320124,POINT (11880145.060905008 1216499.8248320124),975
671,Hiep Binh Phuoc Ward,343,11880297.792278897,1216499.8248320124,POINT (11880297.792278897 1216499.8248320124),881
672,Hiep Binh Phuoc Ward,344,11880450.523652788,1216499.8248320124,POINT (11880450.523652788 1216499.8248320124),877
673,Hiep Binh Phuoc Ward,345,11880603.255026678,1216499.8248320124,POINT (11880603.255026678 1216499.8248320124),841
674,Hiep Binh Phuoc Ward,346,11880755.986400567,1216499.8248320124,POINT (11880755.986400567 1216499.8248320124),676
675,Hiep Binh Phuoc Ward,347,11880908.717774458,1216499.8248320124,POINT (11880908.717774458 1216499.8248320124),505
676,Hiep Binh Phuoc Ward,348,11881061.449148348,1216499.8248320124,POINT (11881061.449148348 1216499.8248320124),297
677,Hiep Binh Phuoc Ward,349,11879381.404035557,1216652.5610938794,POINT (11879381.404035557 1216652.5610938794),192
678,Hiep Binh Phuoc Ward,350,11879534.135409446,1216652.5610938794,POINT (11879534.135409446 1216652.5610938794),131
679,Hiep Binh Phuoc Ward,351,11879686.866783336,1216652.5610938794,POINT (11879686.866783336 1216652.5610938794),440
680,Hiep Binh Phuoc Ward,352,11879839.598157227,1216652.5610938794,POINT (11879839.598157227 1216652.5610938794),716
681,Hiep Binh Phuoc Ward,353,11879992.329531116,1216652.5610938794,POINT (11879992.329531116 1216652.5610938794),803
682,Hiep Binh Phuoc Ward,354,11880145.060905008,1216652.5610938794,POINT (11880145.060905008 1216652.5610938794),814
683,Hiep Binh Phuoc Ward,355,11880297.792278897,1216652.5610938794,POINT (11880297.792278897 1216652.5610938794),820
684,Hiep Binh Phuoc Ward,356,11880450.523652788,1216652.5610938794,POINT (11880450.523652788 1216652.5610938794),826
685,Hiep Binh Phuoc Ward,357,11880603.255026678,1216652.5610938794,POINT (11880603.255026678 1216652.5610938794),711
686,Hiep Binh Phuoc Ward,358,11880755.986400567,1216652.5610938794,POINT (11880755.986400567 1216652.5610938794),565
687,Hiep Binh Phuoc Ward,359,11880908.717774458,1216652.5610938794,POINT (11880908.717774458 1216652.5610938794),677
688,Hiep Binh Phuoc Ward,360,11881061.449148348,1216652.5610938794,POINT (11881061.449148348 1216652.5610938794),681
689,Hiep Binh Phuoc Ward,361,11879228.672661666,1216805.2980450997,POINT (11879228.672661666 1216805.2980450997),57
690,Hiep Binh Phuoc Ward,362,11879381.404035557,1216805.2980450997,POINT (11879381.404035557 1216805.2980450997),130
691,Hiep Binh Phuoc Ward,363,11879534.135409446,1216805.2980450997,POINT (11879534.135409446 1216805.2980450997),425
692,Hiep Binh Phuoc Ward,364,11879686.866783336,1216805.2980450997,POINT (11879686.866783336 1216805.2980450997),748
693,Hiep Binh Phuoc Ward,365,11879839.598157227,1216805.2980450997,POINT (11879839.598157227 1216805.2980450997),854
694,Hiep Binh Phuoc Ward,366,11879992.329531116,1216805.2980450997,POINT (11879992.329531116 1216805.2980450997),833
695,Hiep Binh Phuoc Ward,367,11880145.060905008,1216805.2980450997,POINT (11880145.060905008 1216805.2980450997),760
696,Hiep Binh Phuoc Ward,368,11880297.792278897,1216805.2980450997,POINT (11880297.792278897 1216805.2980450997),697
697,Hiep Binh Phuoc Ward,369,11880450.523652788,1216805.2980450997,POINT (11880450.523652788 1216805.2980450997),701
698,Hiep Binh Phuoc Ward,370,11880603.255026678,1216805.2980450997,POINT (11880603.255026678 1216805.2980450997),664
699,Hiep Binh Phuoc Ward,371,11880755.986400567,1216805.2980450997,POINT (11880755.986400567 1216805.2980450997),629
700,Hiep Binh Phuoc Ward,372,11880908.717774458,1216805.2980450997,POINT (11880908.717774458 1216805.2980450997),700
701,Hiep Binh Phuoc Ward,373,11881061.449148348,1216805.2980450997,POINT (11881061.449148348 1216805.2980450997),806
702,Hiep Binh Phuoc Ward,374,11881214.180522237,1216805.2980450997,POINT (11881214.180522237 1216805.2980450997),806
703,Hiep Binh Phuoc Ward,375,11879228.672661666,1216958.0356857644,POINT (11879228.672661666 1216958.0356857644),199
704,Hiep Binh Phuoc Ward,376,11879381.404035557,1216958.0356857644,POINT (11879381.404035557 1216958.0356857644),441
705,Hiep Binh Phuoc Ward,377,11879534.135409446,1216958.0356857644,POINT (11879534.135409446 1216958.0356857644),761
706,Hiep Binh Phuoc Ward,378,11879686.866783336,1216958.0356857644,POINT (11879686.866783336 1216958.0356857644),874
707,Hiep Binh Phuoc Ward,379,11879839.598157227,1216958.0356857644,POINT (11879839.598157227 1216958.0356857644),879
708,Hiep Binh Phuoc Ward,380,11879992.329531116,1216958.0356857644,POINT (11879992.329531116 1216958.0356857644),881
709,Hiep Binh Phuoc Ward,381,11880145.060905008,1216958.0356857644,POINT (11880145.060905008 1216958.0356857644),834
710,Hiep Binh Phuoc Ward,382,11880297.792278897,1216958.0356857644,POINT (11880297.792278897 1216958.0356857644),771
711,Hiep Binh Phuoc Ward,383,11880450.523652788,1216958.0356857644,POINT (11880450.523652788 1216958.0356857644),771
712,Hiep Binh Phuoc Ward,384,11880603.255026678,1216958.0356857644,POINT (11880603.255026678 1216958.0356857644),802
713,Hiep Binh Phuoc Ward,385,11880755.986400567,1216958.0356857644,POINT (11880755.986400567 1216958.0356857644),835
714,Hiep Binh Phuoc Ward,386,11880908.717774458,1216958.0356857644,POINT (11880908.717774458 1216958.0356857644),827
715,Hiep Binh Phuoc Ward,387,11881061.449148348,1216958.0356857644,POINT (11881061.449148348 1216958.0356857644),847
716,Hiep Binh Phuoc Ward,388,11881214.180522237,1216958.0356857644,POINT (11881214.180522237 1216958.0356857644),882
717,Hiep Binh Phuoc Ward,389,11879228.672661666,1217110.7740159635,POINT (11879228.672661666 1217110.7740159635),576
718,Hiep Binh Phuoc Ward,390,11879381.404035557,1217110.7740159635,POINT (11879381.404035557 1217110.7740159635),648
719,Hiep Binh Phuoc Ward,391,11879534.135409446,1217110.7740159635,POINT (11879534.135409446 1217110.7740159635),774
720,Hiep Binh Phuoc Ward,392,11879686.866783336,1217110.7740159635,POINT (11879686.866783336 1217110.7740159635),834
721,Hiep Binh Phuoc Ward,393,11879839.598157227,1217110.7740159635,POINT (11879839.598157227 1217110.7740159635),839
722,Hiep Binh Phuoc Ward,394,11879992.329531116,1217110.7740159635,POINT (11879992.329531116 1217110.7740159635),845
723,Hiep Binh Phuoc Ward,395,11880145.060905008,1217110.7740159635,POINT (11880145.060905008 1217110.7740159635),847
724,Hiep Binh Phuoc Ward,396,11880297.792278897,1217110.7740159635,POINT (11880297.792278897 1217110.7740159635),840
725,Hiep Binh Phuoc Ward,397,11880450.523652788,1217110.7740159635,POINT (11880450.523652788 1217110.7740159635),838
726,Hiep Binh Phuoc Ward,398,11880603.255026678,1217110.7740159635,POINT (11880603.255026678 1217110.7740159635),805
727,Hiep Binh Phuoc Ward,399,11880755.986400567,1217110.7740159635,POINT (11880755.986400567 1217110.7740159635),797
728,Hiep Binh Phuoc Ward,400,11880908.717774458,1217110.7740159635,POINT (11880908.717774458 1217110.7740159635),955
729,Hiep Binh Phuoc Ward,401,11879381.404035557,1217263.513035788,POINT (11879381.404035557 1217263.513035788),765
730,Hiep Binh Phuoc Ward,402,11879534.135409446,1217263.513035788,POINT (11879534.135409446 1217263.513035788),804
731,Hiep Binh Phuoc Ward,403,11879686.866783336,1217263.513035788,POINT (11879686.866783336 1217263.513035788),834
732,Hiep Binh Phuoc Ward,404,11879839.598157227,1217263.513035788,POINT (11879839.598157227 1217263.513035788),841
733,Hiep Binh Phuoc Ward,405,11879992.329531116,1217263.513035788,POINT (11879992.329531116 1217263.513035788),872
734,Hiep Binh Phuoc Ward,406,11880145.060905008,1217263.513035788,POINT (11880145.060905008 1217263.513035788),882
735,Hiep Binh Phuoc Ward,407,11880297.792278897,1217263.513035788,POINT (11880297.792278897 1217263.513035788),874
736,Hiep Binh Phuoc Ward,408,11880450.523652788,1217263.513035788,POINT (11880450.523652788 1217263.513035788),815
737,Hiep Binh Phuoc Ward,409,11880603.255026678,1217263.513035788,POINT (11880603.255026678 1217263.513035788),732
738,Hiep Binh Phuoc Ward,410,11880755.986400567,1217263.513035788,POINT (11880755.986400567 1217263.513035788),768
739,Hiep Binh Phuoc Ward,411,11880908.717774458,1217263.513035788,POINT (11880908.717774458 1217263.513035788),1030
740,Hiep Binh Phuoc Ward,412,11879381.404035557,1217416.252745329,POINT (11879381.404035557 1217416.252745329),838
741,Hiep Binh Phuoc Ward,413,11879534.135409446,1217416.252745329,POINT (11879534.135409446 1217416.252745329),833
742,Hiep Binh Phuoc Ward,414,11879686.866783336,1217416.252745329,POINT (11879686.866783336 1217416.252745329),817
743,Hiep Binh Phuoc Ward,415,11879839.598157227,1217416.252745329,POINT (11879839.598157227 1217416.252745329),786
744,Hiep Binh Phuoc Ward,416,11879992.329531116,1217416.252745329,POINT (11879992.329531116 1217416.252745329),809
745,Hiep Binh Phuoc Ward,417,11880145.060905008,1217416.252745329,POINT (11880145.060905008 1217416.252745329),837
746,Hiep Binh Phuoc Ward,418,11880297.792278897,1217416.252745329,POINT (11880297.792278897 1217416.252745329),824
747,Hiep Binh Phuoc Ward,419,11880450.523652788,1217416.252745329,POINT (11880450.523652788 1217416.252745329),774
748,Hiep Binh Phuoc Ward,420,11880603.255026678,1217416.252745329,POINT (11880603.255026678 1217416.252745329),838
749,Hiep Binh Phuoc Ward,421,11880755.986400567,1217416.252745329,POINT (11880755.986400567 1217416.252745329),993
750,Hiep Binh Phuoc Ward,422,11880908.717774458,1217416.252745329,POINT (11880908.717774458 1217416.252745329),1016
751,Hiep Binh Phuoc Ward,423,11879381.404035557,1217568.9931446766,POINT (11879381.404035557 1217568.9931446766),771
752,Hiep Binh Phuoc Ward,424,11879534.135409446,1217568.9931446766,POINT (11879534.135409446 1217568.9931446766),728
753,Hiep Binh Phuoc Ward,425,11879686.866783336,1217568.9931446766,POINT (11879686.866783336 1217568.9931446766),761
754,Hiep Binh Phuoc Ward,426,11879839.598157227,1217568.9931446766,POINT (11879839.598157227 1217568.9931446766),737
755,Hiep Binh Phuoc Ward,427,11879992.329531116,1217568.9931446766,POINT (11879992.329531116 1217568.9931446766),709
756,Hiep Binh Phuoc Ward,428,11880145.060905008,1217568.9931446766,POINT (11880145.060905008 1217568.9931446766),610
757,Hiep Binh Phuoc Ward,429,11880297.792278897,1217568.9931446766,POINT (11880297.792278897 1217568.9931446766),611
758,Hiep Binh Phuoc Ward,430,11880450.523652788,1217568.9931446766,POINT (11880450.523652788 1217568.9931446766),791
759,Hiep Binh Phuoc Ward,431,11880603.255026678,1217568.9931446766,POINT (11880603.255026678 1217568.9931446766),962
760,Hiep Binh Phuoc Ward,432,11880755.986400567,1217568.9931446766,POINT (11880755.986400567 1217568.9931446766),1121
761,Hiep Binh Phuoc Ward,433,11879381.404035557,1217721.7342339216,POINT (11879381.404035557 1217721.7342339216),590
762,Hiep Binh Phuoc Ward,434,11879534.135409446,1217721.7342339216,POINT (11879534.135409446 1217721.7342339216),507
763,Hiep Binh Phuoc Ward,435,11879686.866783336,1217721.7342339216,POINT (11879686.866783336 1217721.7342339216),465
764,Hiep Binh Phuoc Ward,436,11879839.598157227,1217721.7342339216,POINT (11879839.598157227 1217721.7342339216),492
765,Hiep Binh Phuoc Ward,437,11879992.329531116,1217721.7342339216,POINT (11879992.329531116 1217721.7342339216),469
766,Hiep Binh Phuoc Ward,438,11880145.060905008,1217721.7342339216,POINT (11880145.060905008 1217721.7342339216),374
767,Hiep Binh Phuoc Ward,439,11880297.792278897,1217721.7342339216,POINT (11880297.792278897 1217721.7342339216),481
768,Hiep Binh Phuoc Ward,440,11880450.523652788,1217721.7342339216,POINT (11880450.523652788 1217721.7342339216),776
769,Linh Xuan Ward,0,11885743.711612672,1217323.888390429,POINT (11885743.711612672 1217323.888390429),977
770,Linh Xuan Ward,1,11885896.457158772,1217323.888390429,POINT (11885896.457158772 1217323.888390429),886
771,Linh Xuan Ward,2,11886049.202704873,1217323.888390429,POINT (11886049.202704873 1217323.888390429),972
772,Linh Xuan Ward,3,11886201.948250975,1217323.888390429,POINT (11886201.948250975 1217323.888390429),901
773,Linh Xuan Ward,4,11886354.693797076,1217323.888390429,POINT (11886354.693797076 1217323.888390429),718
774,Linh Xuan Ward,5,11886507.439343177,1217323.888390429,POINT (11886507.439343177 1217323.888390429),622
775,Linh Xuan Ward,6,11886660.18488928,1217323.888390429,POINT (11886660.18488928 1217323.888390429),507
776,Linh Xuan Ward,7,11886812.930435382,1217323.888390429,POINT (11886812.930435382 1217323.888390429),457
777,Linh Xuan Ward,8,11885285.474974368,1217476.6283726282,POINT (11885285.474974368 1217476.6283726282),1103
778,Linh Xuan Ward,9,11885438.22052047,1217476.6283726282,POINT (11885438.22052047 1217476.6283726282),1060
779,Linh Xuan Ward,10,11885590.96606657,1217476.6283726282,POINT (11885590.96606657 1217476.6283726282),980
780,Linh Xuan Ward,11,11885743.711612672,1217476.6283726282,POINT (11885743.711612672 1217476.6283726282),787
781,Linh Xuan Ward,12,11885896.457158772,1217476.6283726282,POINT (11885896.457158772 1217476.6283726282),798
782,Linh Xuan Ward,13,11886049.202704873,1217476.6283726282,POINT (11886049.202704873 1217476.6283726282),887
783,Linh Xuan Ward,14,11886201.948250975,1217476.6283726282,POINT (11886201.948250975 1217476.6283726282),810
784,Linh Xuan Ward,15,11886354.693797076,1217476.6283726282,POINT (11886354.693797076 1217476.6283726282),626
785,Linh Xuan Ward,16,11886507.439343177,1217476.6283726282,POINT (11886507.439343177 1217476.6283726282),590
786,Linh Xuan Ward,17,11886660.18488928,1217476.6283726282,POINT (11886660.18488928 1217476.6283726282),381
787,Linh Xuan Ward,18,11886812.930435382,1217476.6283726282,POINT (11886812.930435382 1217476.6283726282),299
788,Linh Xuan Ward,19,11886965.67598148,1217476.6283726282,POINT (11886965.67598148 1217476.6283726282),523
789,Linh Xuan Ward,20,11884827.238336064,1217629.36904467,POINT (11884827.238336064 1217629.36904467),823
790,Linh Xuan Ward,21,11884979.983882165,1217629.36904467,POINT (11884979.983882165 1217629.36904467),871
791,Linh Xuan Ward,22,11885132.729428265,1217629.36904467,POINT (11885132.729428265 1217629.36904467),913
792,Linh Xuan Ward,23,11885285.474974368,1217629.36904467,POINT (11885285.474974368 1217629.36904467),839
793,Linh Xuan Ward,24,11885438.22052047,1217629.36904467,POINT (11885438.22052047 1217629.36904467),810
794,Linh Xuan Ward,25,11885590.96606657,1217629.36904467,POINT (11885590.96606657 1217629.36904467),748
795,Linh Xuan Ward,26,11885743.711612672,1217629.36904467,POINT (11885743.711612672 1217629.36904467),739
796,Linh Xuan Ward,27,11885896.457158772,1217629.36904467,POINT (11885896.457158772 1217629.36904467),736
797,Linh Xuan Ward,28,11886049.202704873,1217629.36904467,POINT (11886049.202704873 1217629.36904467),910
798,Linh Xuan Ward,29,11886201.948250975,1217629.36904467,POINT (11886201.948250975 1217629.36904467),985
799,Linh Xuan Ward,30,11886354.693797076,1217629.36904467,POINT (11886354.693797076 1217629.36904467),626
800,Linh Xuan Ward,31,11886507.439343177,1217629.36904467,POINT (11886507.439343177 1217629.36904467),424
801,Linh Xuan Ward,32,11886660.18488928,1217629.36904467,POINT (11886660.18488928 1217629.36904467),288
802,Linh Xuan Ward,33,11886812.930435382,1217629.36904467,POINT (11886812.930435382 1217629.36904467),235
803,Linh Xuan Ward,34,11886965.67598148,1217629.36904467,POINT (11886965.67598148 1217629.36904467),387
804,Linh Xuan Ward,35,11884674.492789961,1217782.1104066449,POINT (11884674.492789961 1217782.1104066449),986
805,Linh Xuan Ward,36,11884827.238336064,1217782.1104066449,POINT (11884827.238336064 1217782.1104066449),826
806,Linh Xuan Ward,37,11884979.983882165,1217782.1104066449,POINT (11884979.983882165 1217782.1104066449),785
807,Linh Xuan Ward,38,11885132.729428265,1217782.1104066449,POINT (11885132.729428265 1217782.1104066449),800
808,Linh Xuan Ward,39,11885285.474974368,1217782.1104066449,POINT (11885285.474974368 1217782.1104066449),809
809,Linh Xuan Ward,40,11885438.22052047,1217782.1104066449,POINT (11885438.22052047 1217782.1104066449),860
810,Linh Xuan Ward,41,11885590.96606657,1217782.1104066449,POINT (11885590.96606657 1217782.1104066449),795
811,Linh Xuan Ward,42,11885743.711612672,1217782.1104066449,POINT (11885743.711612672 1217782.1104066449),696
812,Linh Xuan Ward,43,11885896.457158772,1217782.1104066449,POINT (11885896.457158772 1217782.1104066449),578
813,Linh Xuan Ward,44,11886049.202704873,1217782.1104066449,POINT (11886049.202704873 1217782.1104066449),751
814,Linh Xuan Ward,45,11886201.948250975,1217782.1104066449,POINT (11886201.948250975 1217782.1104066449),986
815,Linh Xuan Ward,46,11886354.693797076,1217782.1104066449,POINT (11886354.693797076 1217782.1104066449),753
816,Linh Xuan Ward,47,11886507.439343177,1217782.1104066449,POINT (11886507.439343177 1217782.1104066449),569
817,Linh Xuan Ward,48,11886660.18488928,1217782.1104066449,POINT (11886660.18488928 1217782.1104066449),500
818,Linh Xuan Ward,49,11886812.930435382,1217782.1104066449,POINT (11886812.930435382 1217782.1104066449),348
819,Linh Xuan Ward,50,11886965.67598148,1217782.1104066449,POINT (11886965.67598148 1217782.1104066449),336
820,Linh Xuan Ward,51,11884674.492789961,1217934.8524586442,POINT (11884674.492789961 1217934.8524586442),832
821,Linh Xuan Ward,52,11884827.238336064,1217934.8524586442,POINT (11884827.238336064 1217934.8524586442),801
822,Linh Xuan Ward,53,11884979.983882165,1217934.8524586442,POINT (11884979.983882165 1217934.8524586442),819
823,Linh Xuan Ward,54,11885132.729428265,1217934.8524586442,POINT (11885132.729428265 1217934.8524586442),853
824,Linh Xuan Ward,55,11885285.474974368,1217934.8524586442,POINT (11885285.474974368 1217934.8524586442),817
825,Linh Xuan Ward,56,11885438.22052047,1217934.8524586442,POINT (11885438.22052047 1217934.8524586442),746
826,Linh Xuan Ward,57,11885590.96606657,1217934.8524586442,POINT (11885590.96606657 1217934.8524586442),700
827,Linh Xuan Ward,58,11885743.711612672,1217934.8524586442,POINT (11885743.711612672 1217934.8524586442),607
828,Linh Xuan Ward,59,11885896.457158772,1217934.8524586442,POINT (11885896.457158772 1217934.8524586442),587
829,Linh Xuan Ward,60,11886049.202704873,1217934.8524586442,POINT (11886049.202704873 1217934.8524586442),713
830,Linh Xuan Ward,61,11886201.948250975,1217934.8524586442,POINT (11886201.948250975 1217934.8524586442),824
831,Linh Xuan Ward,62,11886354.693797076,1217934.8524586442,POINT (11886354.693797076 1217934.8524586442),828
832,Linh Xuan Ward,63,11886507.439343177,1217934.8524586442,POINT (11886507.439343177 1217934.8524586442),800
833,Linh Xuan Ward,64,11886660.18488928,1217934.8524586442,POINT (11886660.18488928 1217934.8524586442),774
834,Linh Xuan Ward,65,11886812.930435382,1217934.8524586442,POINT (11886812.930435382 1217934.8524586442),560
835,Linh Xuan Ward,66,11886965.67598148,1217934.8524586442,POINT (11886965.67598148 1217934.8524586442),256
836,Linh Xuan Ward,67,11884674.492789961,1218087.595200758,POINT (11884674.492789961 1218087.595200758),861
837,Linh Xuan Ward,68,11884827.238336064,1218087.595200758,POINT (11884827.238336064 1218087.595200758),861
838,Linh Xuan Ward,69,11884979.983882165,1218087.595200758,POINT (11884979.983882165 1218087.595200758),880
839,Linh Xuan Ward,70,11885132.729428265,1218087.595200758,POINT (11885132.729428265 1218087.595200758),876
840,Linh Xuan Ward,71,11885285.474974368,1218087.595200758,POINT (11885285.474974368 1218087.595200758),820
841,Linh Xuan Ward,72,11885438.22052047,1218087.595200758,POINT (11885438.22052047 1218087.595200758),756
842,Linh Xuan Ward,73,11885590.96606657,1218087.595200758,POINT (11885590.96606657 1218087.595200758),801
843,Linh Xuan Ward,74,11885743.711612672,1218087.595200758,POINT (11885743.711612672 1218087.595200758),790
844,Linh Xuan Ward,75,11885896.457158772,1218087.595200758,POINT (11885896.457158772 1218087.595200758),805
845,Linh Xuan Ward,76,11886049.202704873,1218087.595200758,POINT (11886049.202704873 1218087.595200758),881
846,Linh Xuan Ward,77,11886201.948250975,1218087.595200758,POINT (11886201.948250975 1218087.595200758),881
847,Linh Xuan Ward,78,11886354.693797076,1218087.595200758,POINT (11886354.693797076 1218087.595200758),880
848,Linh Xuan Ward,79,11886507.439343177,1218087.595200758,POINT (11886507.439343177 1218087.595200758),878
849,Linh Xuan Ward,80,11886660.18488928,1218087.595200758,POINT (11886660.18488928 1218087.595200758),864
850,Linh Xuan Ward,81,11886812.930435382,1218087.595200758,POINT (11886812.930435382 1218087.595200758),606
851,Linh Xuan Ward,82,11886965.67598148,1218087.595200758,POINT (11886965.67598148 1218087.595200758),241
852,Linh Xuan Ward,83,11884674.492789961,1218240.338633078,POINT (11884674.492789961 1218240.338633078),861
853,Linh Xuan Ward,84,11884827.238336064,1218240.338633078,POINT (11884827.238336064 1218240.338633078),861
854,Linh Xuan Ward,85,11884979.983882165,1218240.338633078,POINT (11884979.983882165 1218240.338633078),880
855,Linh Xuan Ward,86,11885132.729428265,1218240.338633078,POINT (11885132.729428265 1218240.338633078),878
856,Linh Xuan Ward,87,11885285.474974368,1218240.338633078,POINT (11885285.474974368 1218240.338633078),866
857,Linh Xuan Ward,88,11885438.22052047,1218240.338633078,POINT (11885438.22052047 1218240.338633078),864
858,Linh Xuan Ward,89,11885590.96606657,1218240.338633078,POINT (11885590.96606657 1218240.338633078),875
859,Linh Xuan Ward,90,11885743.711612672,1218240.338633078,POINT (11885743.711612672 1218240.338633078),878
860,Linh Xuan Ward,91,11885896.457158772,1218240.338633078,POINT (11885896.457158772 1218240.338633078),879
861,Linh Xuan Ward,92,11886049.202704873,1218240.338633078,POINT (11886049.202704873 1218240.338633078),881
862,Linh Xuan Ward,93,11886201.948250975,1218240.338633078,POINT (11886201.948250975 1218240.338633078),881
863,Linh Xuan Ward,94,11886354.693797076,1218240.338633078,POINT (11886354.693797076 1218240.338633078),866
864,Linh Xuan Ward,95,11886507.439343177,1218240.338633078,POINT (11886507.439343177 1218240.338633078),849
865,Linh Xuan Ward,96,11886660.18488928,1218240.338633078,POINT (11886660.18488928 1218240.338633078),769
866,Linh Xuan Ward,97,11886812.930435382,1218240.338633078,POINT (11886812.930435382 1218240.338633078),428
867,Linh Xuan Ward,98,11886965.67598148,1218240.338633078,POINT (11886965.67598148 1218240.338633078),231
868,Linh Xuan Ward,99,11884674.492789961,1218393.0827556937,POINT (11884674.492789961 1218393.0827556937),855
869,Linh Xuan Ward,100,11884827.238336064,1218393.0827556937,POINT (11884827.238336064 1218393.0827556937),855
870,Linh Xuan Ward,101,11884979.983882165,1218393.0827556937,POINT (11884979.983882165 1218393.0827556937),853
871,Linh Xuan Ward,102,11885132.729428265,1218393.0827556937,POINT (11885132.729428265 1218393.0827556937),855
872,Linh Xuan Ward,103,11885285.474974368,1218393.0827556937,POINT (11885285.474974368 1218393.0827556937),853
873,Linh Xuan Ward,104,11885438.22052047,1218393.0827556937,POINT (11885438.22052047 1218393.0827556937),843
874,Linh Xuan Ward,105,11885590.96606657,1218393.0827556937,POINT (11885590.96606657 1218393.0827556937),843
875,Linh Xuan Ward,106,11885743.711612672,1218393.0827556937,POINT (11885743.711612672 1218393.0827556937),848
876,Linh Xuan Ward,107,11885896.457158772,1218393.0827556937,POINT (11885896.457158772 1218393.0827556937),845
877,Linh Xuan Ward,108,11886049.202704873,1218393.0827556937,POINT (11886049.202704873 1218393.0827556937),851
878,Linh Xuan Ward,109,11886201.948250975,1218393.0827556937,POINT (11886201.948250975 1218393.0827556937),855
879,Linh Xuan Ward,110,11886354.693797076,1218393.0827556937,POINT (11886354.693797076 1218393.0827556937),840
880,Linh Xuan Ward,111,11886507.439343177,1218393.0827556937,POINT (11886507.439343177 1218393.0827556937),791
881,Linh Xuan Ward,112,11886660.18488928,1218393.0827556937,POINT (11886660.18488928 1218393.0827556937),532
882,Linh Xuan Ward,113,11886812.930435382,1218393.0827556937,POINT (11886812.930435382 1218393.0827556937),209
883,Linh Xuan Ward,114,11886965.67598148,1218393.0827556937,POINT (11886965.67598148 1218393.0827556937),203
884,Linh Xuan Ward,115,11884674.492789961,1218545.8275686968,POINT (11884674.492789961 1218545.8275686968),880
885,Linh Xuan Ward,116,11884827.238336064,1218545.8275686968,POINT (11884827.238336064 1218545.8275686968),882
886,Linh Xuan Ward,117,11884979.983882165,1218545.8275686968,POINT (11884979.983882165 1218545.8275686968),882
887,Linh Xuan Ward,118,11885132.729428265,1218545.8275686968,POINT (11885132.729428265 1218545.8275686968),882
888,Linh Xuan Ward,119,11885285.474974368,1218545.8275686968,POINT (11885285.474974368 1218545.8275686968),882
889,Linh Xuan Ward,120,11885438.22052047,1218545.8275686968,POINT (11885438.22052047 1218545.8275686968),876
890,Linh Xuan Ward,121,11885590.96606657,1218545.8275686968,POINT (11885590.96606657 1218545.8275686968),876
891,Linh Xuan Ward,122,11885743.711612672,1218545.8275686968,POINT (11885743.711612672 1218545.8275686968),872
892,Linh Xuan Ward,123,11885896.457158772,1218545.8275686968,POINT (11885896.457158772 1218545.8275686968),860
893,Linh Xuan Ward,124,11886049.202704873,1218545.8275686968,POINT (11886049.202704873 1218545.8275686968),872
894,Linh Xuan Ward,125,11886201.948250975,1218545.8275686968,POINT (11886201.948250975 1218545.8275686968),861
895,Linh Xuan Ward,126,11886354.693797076,1218545.8275686968,POINT (11886354.693797076 1218545.8275686968),854
896,Linh Xuan Ward,127,11886507.439343177,1218545.8275686968,POINT (11886507.439343177 1218545.8275686968),697
897,Linh Xuan Ward,128,11886660.18488928,1218545.8275686968,POINT (11886660.18488928 1218545.8275686968),308
898,Linh Xuan Ward,129,11886812.930435382,1218545.8275686968,POINT (11886812.930435382 1218545.8275686968),231
899,Linh Xuan Ward,130,11886965.67598148,1218545.8275686968,POINT (11886965.67598148 1218545.8275686968),339
900,Linh Xuan Ward,131,11884674.492789961,1218698.5730721774,POINT (11884674.492789961 1218698.5730721774),852
901,Linh Xuan Ward,132,11884827.238336064,1218698.5730721774,POINT (11884827.238336064 1218698.5730721774),839
902,Linh Xuan Ward,133,11884979.983882165,1218698.5730721774,POINT (11884979.983882165 1218698.5730721774),781
903,Linh Xuan Ward,134,11885132.729428265,1218698.5730721774,POINT (11885132.729428265 1218698.5730721774),742
904,Linh Xuan Ward,135,11885285.474974368,1218698.5730721774,POINT (11885285.474974368 1218698.5730721774),806
905,Linh Xuan Ward,136,11885438.22052047,1218698.5730721774,POINT (11885438.22052047 1218698.5730721774),862
906,Linh Xuan Ward,137,11885590.96606657,1218698.5730721774,POINT (11885590.96606657 1218698.5730721774),853
907,Linh Xuan Ward,138,11885743.711612672,1218698.5730721774,POINT (11885743.711612672 1218698.5730721774),838
908,Linh Xuan Ward,139,11885896.457158772,1218698.5730721774,POINT (11885896.457158772 1218698.5730721774),793
909,Linh Xuan Ward,140,11886049.202704873,1218698.5730721774,POINT (11886049.202704873 1218698.5730721774),706
910,Linh Xuan Ward,141,11886201.948250975,1218698.5730721774,POINT (11886201.948250975 1218698.5730721774),727
911,Linh Xuan Ward,142,11886354.693797076,1218698.5730721774,POINT (11886354.693797076 1218698.5730721774),735
912,Linh Xuan Ward,143,11886507.439343177,1218698.5730721774,POINT (11886507.439343177 1218698.5730721774),498
913,Linh Xuan Ward,144,11886660.18488928,1218698.5730721774,POINT (11886660.18488928 1218698.5730721774),360
914,Linh Xuan Ward,145,11886812.930435382,1218698.5730721774,POINT (11886812.930435382 1218698.5730721774),537
915,Linh Xuan Ward,146,11884674.492789961,1218851.3192662266,POINT (11884674.492789961 1218851.3192662266),881
916,Linh Xuan Ward,147,11884827.238336064,1218851.3192662266,POINT (11884827.238336064 1218851.3192662266),850
917,Linh Xuan Ward,148,11884979.983882165,1218851.3192662266,POINT (11884979.983882165 1218851.3192662266),746
918,Linh Xuan Ward,149,11885132.729428265,1218851.3192662266,POINT (11885132.729428265 1218851.3192662266),717
919,Linh Xuan Ward,150,11885285.474974368,1218851.3192662266,POINT (11885285.474974368 1218851.3192662266),826
920,Linh Xuan Ward,151,11885438.22052047,1218851.3192662266,POINT (11885438.22052047 1218851.3192662266),889
921,Linh Xuan Ward,152,11885590.96606657,1218851.3192662266,POINT (11885590.96606657 1218851.3192662266),869
922,Linh Xuan Ward,153,11885743.711612672,1218851.3192662266,POINT (11885743.711612672 1218851.3192662266),856
923,Linh Xuan Ward,154,11885896.457158772,1218851.3192662266,POINT (11885896.457158772 1218851.3192662266),781
924,Linh Xuan Ward,155,11886049.202704873,1218851.3192662266,POINT (11886049.202704873 1218851.3192662266),554
925,Linh Xuan Ward,156,11886201.948250975,1218851.3192662266,POINT (11886201.948250975 1218851.3192662266),438
926,Linh Xuan Ward,157,11886354.693797076,1218851.3192662266,POINT (11886354.693797076 1218851.3192662266),470
927,Linh Xuan Ward,158,11886507.439343177,1218851.3192662266,POINT (11886507.439343177 1218851.3192662266),529
928,Linh Xuan Ward,159,11886660.18488928,1218851.3192662266,POINT (11886660.18488928 1218851.3192662266),696
929,Linh Xuan Ward,160,11886812.930435382,1218851.3192662266,POINT (11886812.930435382 1218851.3192662266),812
930,Linh Xuan Ward,161,11884674.492789961,1219004.066150935,POINT (11884674.492789961 1219004.066150935),854
931,Linh Xuan Ward,162,11884827.238336064,1219004.066150935,POINT (11884827.238336064 1219004.066150935),843
932,Linh Xuan Ward,163,11884979.983882165,1219004.066150935,POINT (11884979.983882165 1219004.066150935),800
933,Linh Xuan Ward,164,11885132.729428265,1219004.066150935,POINT (11885132.729428265 1219004.066150935),811
934,Linh Xuan Ward,165,11885285.474974368,1219004.066150935,POINT (11885285.474974368 1219004.066150935),851
935,Linh Xuan Ward,166,11885438.22052047,1219004.066150935,POINT (11885438.22052047 1219004.066150935),852
936,Linh Xuan Ward,167,11885590.96606657,1219004.066150935,POINT (11885590.96606657 1219004.066150935),847
937,Linh Xuan Ward,168,11885743.711612672,1219004.066150935,POINT (11885743.711612672 1219004.066150935),846
938,Linh Xuan Ward,169,11885896.457158772,1219004.066150935,POINT (11885896.457158772 1219004.066150935),817
939,Linh Xuan Ward,170,11886049.202704873,1219004.066150935,POINT (11886049.202704873 1219004.066150935),757
940,Linh Xuan Ward,171,11886201.948250975,1219004.066150935,POINT (11886201.948250975 1219004.066150935),596
941,Linh Xuan Ward,172,11886354.693797076,1219004.066150935,POINT (11886354.693797076 1219004.066150935),516
942,Linh Xuan Ward,173,11886507.439343177,1219004.066150935,POINT (11886507.439343177 1219004.066150935),694
943,Linh Xuan Ward,174,11886660.18488928,1219004.066150935,POINT (11886660.18488928 1219004.066150935),830
944,Linh Xuan Ward,175,11884827.238336064,1219156.813726393,POINT (11884827.238336064 1219156.813726393),788
945,Linh Xuan Ward,176,11884979.983882165,1219156.813726393,POINT (11884979.983882165 1219156.813726393),822
946,Linh Xuan Ward,177,11885132.729428265,1219156.813726393,POINT (11885132.729428265 1219156.813726393),876
947,Linh Xuan Ward,178,11885285.474974368,1219156.813726393,POINT (11885285.474974368 1219156.813726393),882
948,Linh Xuan Ward,179,11885438.22052047,1219156.813726393,POINT (11885438.22052047 1219156.813726393),876
949,Linh Xuan Ward,180,11885590.96606657,1219156.813726393,POINT (11885590.96606657 1219156.813726393),876
950,Linh Xuan Ward,181,11885743.711612672,1219156.813726393,POINT (11885743.711612672 1219156.813726393),880
951,Linh Xuan Ward,182,11885896.457158772,1219156.813726393,POINT (11885896.457158772 1219156.813726393),878
952,Linh Xuan Ward,183,11886049.202704873,1219156.813726393,POINT (11886049.202704873 1219156.813726393),975
953,Linh Xuan Ward,184,11886201.948250975,1219156.813726393,POINT (11886201.948250975 1219156.813726393),888
954,Linh Xuan Ward,185,11886354.693797076,1219156.813726393,POINT (11886354.693797076 1219156.813726393),744
955,Linh Xuan Ward,186,11886507.439343177,1219156.813726393,POINT (11886507.439343177 1219156.813726393),807
956,Linh Xuan Ward,187,11884827.238336064,1219309.5619926918,POINT (11884827.238336064 1219309.5619926918),676
957,Linh Xuan Ward,188,11884979.983882165,1219309.5619926918,POINT (11884979.983882165 1219309.5619926918),737
958,Linh Xuan Ward,189,11885132.729428265,1219309.5619926918,POINT (11885132.729428265 1219309.5619926918),855
959,Linh Xuan Ward,190,11885285.474974368,1219309.5619926918,POINT (11885285.474974368 1219309.5619926918),856
960,Linh Xuan Ward,191,11885438.22052047,1219309.5619926918,POINT (11885438.22052047 1219309.5619926918),864
961,Linh Xuan Ward,192,11885590.96606657,1219309.5619926918,POINT (11885590.96606657 1219309.5619926918),939
962,Linh Xuan Ward,193,11885743.711612672,1219309.5619926918,POINT (11885743.711612672 1219309.5619926918),975
963,Linh Xuan Ward,194,11885896.457158772,1219309.5619926918,POINT (11885896.457158772 1219309.5619926918),845
964,Linh Xuan Ward,195,11886049.202704873,1219309.5619926918,POINT (11886049.202704873 1219309.5619926918),811
965,Linh Xuan Ward,196,11886201.948250975,1219309.5619926918,POINT (11886201.948250975 1219309.5619926918),774
966,Linh Xuan Ward,197,11886354.693797076,1219309.5619926918,POINT (11886354.693797076 1219309.5619926918),768
967,Linh Xuan Ward,198,11884979.983882165,1219462.310949922,POINT (11884979.983882165 1219462.310949922),772
968,Linh Xuan Ward,199,11885132.729428265,1219462.310949922,POINT (11885132.729428265 1219462.310949922),839
969,Linh Xuan Ward,200,11885285.474974368,1219462.310949922,POINT (11885285.474974368 1219462.310949922),889
970,Linh Xuan Ward,201,11885438.22052047,1219462.310949922,POINT (11885438.22052047 1219462.310949922),918
971,Linh Xuan Ward,202,11885590.96606657,1219462.310949922,POINT (11885590.96606657 1219462.310949922),966
972,Linh Xuan Ward,203,11885743.711612672,1219462.310949922,POINT (11885743.711612672 1219462.310949922),822
973,Linh Xuan Ward,204,11885896.457158772,1219462.310949922,POINT (11885896.457158772 1219462.310949922),620
974,Linh Xuan Ward,205,11886049.202704873,1219462.310949922,POINT (11886049.202704873 1219462.310949922),724
975,Linh Xuan Ward,206,11886201.948250975,1219462.310949922,POINT (11886201.948250975 1219462.310949922),954
976,Linh Xuan Ward,207,11884979.983882165,1219615.0605981743,POINT (11884979.983882165 1219615.0605981743),813
977,Linh Xuan Ward,208,11885132.729428265,1219615.0605981743,POINT (11885132.729428265 1219615.0605981743),814
978,Linh Xuan Ward,209,11885285.474974368,1219615.0605981743,POINT (11885285.474974368 1219615.0605981743),863
979,Linh Xuan Ward,210,11885438.22052047,1219615.0605981743,POINT (11885438.22052047 1219615.0605981743),801
980,Linh Xuan Ward,211,11885590.96606657,1219615.0605981743,POINT (11885590.96606657 1219615.0605981743),576
981,Linh Xuan Ward,212,11885743.711612672,1219615.0605981743,POINT (11885743.711612672 1219615.0605981743),363
982,Linh Xuan Ward,213,11885896.457158772,1219615.0605981743,POINT (11885896.457158772 1219615.0605981743),498
983,Linh Xuan Ward,214,11886049.202704873,1219615.0605981743,POINT (11886049.202704873 1219615.0605981743),811
984,Linh Xuan Ward,215,11885132.729428265,1219767.8109375397,POINT (11885132.729428265 1219767.8109375397),882
985,Linh Xuan Ward,216,11885285.474974368,1219767.8109375397,POINT (11885285.474974368 1219767.8109375397),881
986,Linh Xuan Ward,217,11885438.22052047,1219767.8109375397,POINT (11885438.22052047 1219767.8109375397),756
987,Linh Xuan Ward,218,11885590.96606657,1219767.8109375397,POINT (11885590.96606657 1219767.8109375397),408
988,Linh Xuan Ward,219,11885743.711612672,1219767.8109375397,POINT (11885743.711612672 1219767.8109375397),415
989,Linh Xuan Ward,220,11885896.457158772,1219767.8109375397,POINT (11885896.457158772 1219767.8109375397),762
990,Linh Xuan Ward,221,11885132.729428265,1219920.5619681086,POINT (11885132.729428265 1219920.5619681086),882
991,Linh Xuan Ward,222,11885285.474974368,1219920.5619681086,POINT (11885285.474974368 1219920.5619681086),881
992,Linh Xuan Ward,223,11885438.22052047,1219920.5619681086,POINT (11885438.22052047 1219920.5619681086),837
993,Linh Xuan Ward,224,11885590.96606657,1219920.5619681086,POINT (11885590.96606657 1219920.5619681086),697
994,Linh Xuan Ward,225,11885743.711612672,1219920.5619681086,POINT (11885743.711612672 1219920.5619681086),745
995,Linh Xuan Ward,226,11885896.457158772,1219920.5619681086,POINT (11885896.457158772 1219920.5619681086),882
996,Linh Xuan Ward,227,11885285.474974368,1220073.3136899718,POINT (11885285.474974368 1220073.3136899718),807
997,Linh Xuan Ward,228,11885438.22052047,1220073.3136899718,POINT (11885438.22052047 1220073.3136899718),706
998,Linh Xuan Ward,229,11885590.96606657,1220073.3136899718,POINT (11885590.96606657 1220073.3136899718),599
999,Linh Xuan Ward,230,11885743.711612672,1220073.3136899718,POINT (11885743.711612672 1220073.3136899718),708
1000,Linh Xuan Ward,231,11885285.474974368,1220226.06610322,POINT (11885285.474974368 1220226.06610322),831
1001,Linh Xuan Ward,232,11885438.22052047,1220226.06610322,POINT (11885438.22052047 1220226.06610322),591
1002,Linh Xuan Ward,233,11885590.96606657,1220226.06610322,POINT (11885590.96606657 1220226.06610322),315
1003,Tam Binh Ward,0,11880961.995941725,1216196.2471153806,POINT (11880961.995941725 1216196.2471153806),454
1004,Tam Binh Ward,1,11881114.734074578,1216196.2471153806,POINT (11881114.734074578 1216196.2471153806),399
1005,Tam Binh Ward,2,11881267.472207427,1216196.2471153806,POINT (11881267.472207427 1216196.2471153806),346
1006,Tam Binh Ward,3,11881420.21034028,1216196.2471153806,POINT (11881420.21034028 1216196.2471153806),107
1007,Tam Binh Ward,4,11881572.948473131,1216196.2471153806,POINT (11881572.948473131 1216196.2471153806),97
1008,Tam Binh Ward,5,11880656.51967602,1216348.982007353,POINT (11880656.51967602 1216348.982007353),865
1009,Tam Binh Ward,6,11880809.257808872,1216348.982007353,POINT (11880809.257808872 1216348.982007353),698
1010,Tam Binh Ward,7,11880961.995941725,1216348.982007353,POINT (11880961.995941725 1216348.982007353),374
1011,Tam Binh Ward,8,11881114.734074578,1216348.982007353,POINT (11881114.734074578 1216348.982007353),316
1012,Tam Binh Ward,9,11881267.472207427,1216348.982007353,POINT (11881267.472207427 1216348.982007353),444
1013,Tam Binh Ward,10,11881420.21034028,1216348.982007353,POINT (11881420.21034028 1216348.982007353),353
1014,Tam Binh Ward,11,11881572.948473131,1216348.982007353,POINT (11881572.948473131 1216348.982007353),261
1015,Tam Binh Ward,12,11881725.686605982,1216348.982007353,POINT (11881725.686605982 1216348.982007353),308
1016,Tam Binh Ward,13,11881878.424738836,1216348.982007353,POINT (11881878.424738836 1216348.982007353),454
1017,Tam Binh Ward,14,11880656.51967602,1216501.7175884985,POINT (11880656.51967602 1216501.7175884985),750
1018,Tam Binh Ward,15,11880809.257808872,1216501.7175884985,POINT (11880809.257808872 1216501.7175884985),589
1019,Tam Binh Ward,16,11880961.995941725,1216501.7175884985,POINT (11880961.995941725 1216501.7175884985),446
1020,Tam Binh Ward,17,11881114.734074578,1216501.7175884985,POINT (11881114.734074578 1216501.7175884985),222
1021,Tam Binh Ward,18,11881267.472207427,1216501.7175884985,POINT (11881267.472207427 1216501.7175884985),356
1022,Tam Binh Ward,19,11881420.21034028,1216501.7175884985,POINT (11881420.21034028 1216501.7175884985),608
1023,Tam Binh Ward,20,11881572.948473131,1216501.7175884985,POINT (11881572.948473131 1216501.7175884985),608
1024,Tam Binh Ward,21,11881725.686605982,1216501.7175884985,POINT (11881725.686605982 1216501.7175884985),515
1025,Tam Binh Ward,22,11881878.424738836,1216501.7175884985,POINT (11881878.424738836 1216501.7175884985),265
1026,Tam Binh Ward,23,11882031.162871689,1216501.7175884985,POINT (11882031.162871689 1216501.7175884985),320
1027,Tam Binh Ward,24,11880656.51967602,1216654.4538589078,POINT (11880656.51967602 1216654.4538589078),620
1028,Tam Binh Ward,25,11880809.257808872,1216654.4538589078,POINT (11880809.257808872 1216654.4538589078),556
1029,Tam Binh Ward,26,11880961.995941725,1216654.4538589078,POINT (11880961.995941725 1216654.4538589078),756
1030,Tam Binh Ward,27,11881114.734074578,1216654.4538589078,POINT (11881114.734074578 1216654.4538589078),628
1031,Tam Binh Ward,28,11881267.472207427,1216654.4538589078,POINT (11881267.472207427 1216654.4538589078),498
1032,Tam Binh Ward,29,11881420.21034028,1216654.4538589078,POINT (11881420.21034028 1216654.4538589078),606
1033,Tam Binh Ward,30,11881572.948473131,1216654.4538589078,POINT (11881572.948473131 1216654.4538589078),774
1034,Tam Binh Ward,31,11881725.686605982,1216654.4538589078,POINT (11881725.686605982 1216654.4538589078),742
1035,Tam Binh Ward,32,11881878.424738836,1216654.4538589078,POINT (11881878.424738836 1216654.4538589078),416
1036,Tam Binh Ward,33,11882031.162871689,1216654.4538589078,POINT (11882031.162871689 1216654.4538589078),402
1037,Tam Binh Ward,34,11882183.901004538,1216654.4538589078,POINT (11882183.901004538 1216654.4538589078),702
1038,Tam Binh Ward,35,11882336.639137391,1216654.4538589078,POINT (11882336.639137391 1216654.4538589078),834
1039,Tam Binh Ward,36,11880656.51967602,1216807.1908186711,POINT (11880656.51967602 1216807.1908186711),652
1040,Tam Binh Ward,37,11880809.257808872,1216807.1908186711,POINT (11880809.257808872 1216807.1908186711),625
1041,Tam Binh Ward,38,11880961.995941725,1216807.1908186711,POINT (11880961.995941725 1216807.1908186711),757
1042,Tam Binh Ward,39,11881114.734074578,1216807.1908186711,POINT (11881114.734074578 1216807.1908186711),822
1043,Tam Binh Ward,40,11881267.472207427,1216807.1908186711,POINT (11881267.472207427 1216807.1908186711),737
1044,Tam Binh Ward,41,11881420.21034028,1216807.1908186711,POINT (11881420.21034028 1216807.1908186711),691
1045,Tam Binh Ward,42,11881572.948473131,1216807.1908186711,POINT (11881572.948473131 1216807.1908186711),814
1046,Tam Binh Ward,43,11881725.686605982,1216807.1908186711,POINT (11881725.686605982 1216807.1908186711),796
1047,Tam Binh Ward,44,11881878.424738836,1216807.1908186711,POINT (11881878.424738836 1216807.1908186711),676
1048,Tam Binh Ward,45,11882031.162871689,1216807.1908186711,POINT (11882031.162871689 1216807.1908186711),712
1049,Tam Binh Ward,46,11882183.901004538,1216807.1908186711,POINT (11882183.901004538 1216807.1908186711),809
1050,Tam Binh Ward,47,11882336.639137391,1216807.1908186711,POINT (11882336.639137391 1216807.1908186711),829
1051,Tam Binh Ward,48,11880656.51967602,1216959.92846788,POINT (11880656.51967602 1216959.92846788),813
1052,Tam Binh Ward,49,11880809.257808872,1216959.92846788,POINT (11880809.257808872 1216959.92846788),828
1053,Tam Binh Ward,50,11880961.995941725,1216959.92846788,POINT (11880961.995941725 1216959.92846788),839
1054,Tam Binh Ward,51,11881114.734074578,1216959.92846788,POINT (11881114.734074578 1216959.92846788),859
1055,Tam Binh Ward,52,11881267.472207427,1216959.92846788,POINT (11881267.472207427 1216959.92846788),882
1056,Tam Binh Ward,53,11881420.21034028,1216959.92846788,POINT (11881420.21034028 1216959.92846788),880
1057,Tam Binh Ward,54,11881572.948473131,1216959.92846788,POINT (11881572.948473131 1216959.92846788),882
1058,Tam Binh Ward,55,11881725.686605982,1216959.92846788,POINT (11881725.686605982 1216959.92846788),871
1059,Tam Binh Ward,56,11881878.424738836,1216959.92846788,POINT (11881878.424738836 1216959.92846788),872
1060,Tam Binh Ward,57,11882031.162871689,1216959.92846788,POINT (11882031.162871689 1216959.92846788),871
1061,Tam Binh Ward,58,11882183.901004538,1216959.92846788,POINT (11882183.901004538 1216959.92846788),858
1062,Tam Binh Ward,59,11882336.639137391,1216959.92846788,POINT (11882336.639137391 1216959.92846788),871
1063,Tam Binh Ward,60,11882489.377270242,1216959.92846788,POINT (11882489.377270242 1216959.92846788),881
1064,Tam Binh Ward,61,11882642.115403093,1216959.92846788,POINT (11882642.115403093 1216959.92846788),882
1065,Tam Binh Ward,62,11882794.853535946,1216959.92846788,POINT (11882794.853535946 1216959.92846788),879
1066,Tam Binh Ward,63,11880656.51967602,1217112.6668066247,POINT (11880656.51967602 1217112.6668066247),757
1067,Tam Binh Ward,64,11880809.257808872,1217112.6668066247,POINT (11880809.257808872 1217112.6668066247),858
1068,Tam Binh Ward,65,11880961.995941725,1217112.6668066247,POINT (11880961.995941725 1217112.6668066247),1011
1069,Tam Binh Ward,66,11881114.734074578,1217112.6668066247,POINT (11881114.734074578 1217112.6668066247),882
1070,Tam Binh Ward,67,11881267.472207427,1217112.6668066247,POINT (11881267.472207427 1217112.6668066247),817
1071,Tam Binh Ward,68,11881420.21034028,1217112.6668066247,POINT (11881420.21034028 1217112.6668066247),836
1072,Tam Binh Ward,69,11881572.948473131,1217112.6668066247,POINT (11881572.948473131 1217112.6668066247),844
1073,Tam Binh Ward,70,11881725.686605982,1217112.6668066247,POINT (11881725.686605982 1217112.6668066247),851
1074,Tam Binh Ward,71,11881878.424738836,1217112.6668066247,POINT (11881878.424738836 1217112.6668066247),855
1075,Tam Binh Ward,72,11882031.162871689,1217112.6668066247,POINT (11882031.162871689 1217112.6668066247),838
1076,Tam Binh Ward,73,11882183.901004538,1217112.6668066247,POINT (11882183.901004538 1217112.6668066247),813
1077,Tam Binh Ward,74,11882336.639137391,1217112.6668066247,POINT (11882336.639137391 1217112.6668066247),826
1078,Tam Binh Ward,75,11882489.377270242,1217112.6668066247,POINT (11882489.377270242 1217112.6668066247),848
1079,Tam Binh Ward,76,11882642.115403093,1217112.6668066247,POINT (11882642.115403093 1217112.6668066247),855
1080,Tam Binh Ward,77,11882794.853535946,1217112.6668066247,POINT (11882794.853535946 1217112.6668066247),849
1081,Tam Binh Ward,78,11882947.5916688,1217112.6668066247,POINT (11882947.5916688 1217112.6668066247),810
1082,Tam Binh Ward,79,11883100.329801649,1217112.6668066247,POINT (11883100.329801649 1217112.6668066247),800
1083,Tam Binh Ward,80,11883253.067934502,1217112.6668066247,POINT (11883253.067934502 1217112.6668066247),849
1084,Tam Binh Ward,81,11880656.51967602,1217265.4058349961,POINT (11880656.51967602 1217265.4058349961),673
1085,Tam Binh Ward,82,11880809.257808872,1217265.4058349961,POINT (11880809.257808872 1217265.4058349961),856
1086,Tam Binh Ward,83,11880961.995941725,1217265.4058349961,POINT (11880961.995941725 1217265.4058349961),1103
1087,Tam Binh Ward,84,11881114.734074578,1217265.4058349961,POINT (11881114.734074578 1217265.4058349961),957
1088,Tam Binh Ward,85,11881267.472207427,1217265.4058349961,POINT (11881267.472207427 1217265.4058349961),817
1089,Tam Binh Ward,86,11881420.21034028,1217265.4058349961,POINT (11881420.21034028 1217265.4058349961),829
1090,Tam Binh Ward,87,11881572.948473131,1217265.4058349961,POINT (11881572.948473131 1217265.4058349961),861
1091,Tam Binh Ward,88,11881725.686605982,1217265.4058349961,POINT (11881725.686605982 1217265.4058349961),875
1092,Tam Binh Ward,89,11881878.424738836,1217265.4058349961,POINT (11881878.424738836 1217265.4058349961),882
1093,Tam Binh Ward,90,11882031.162871689,1217265.4058349961,POINT (11882031.162871689 1217265.4058349961),875
1094,Tam Binh Ward,91,11882183.901004538,1217265.4058349961,POINT (11882183.901004538 1217265.4058349961),824
1095,Tam Binh Ward,92,11882336.639137391,1217265.4058349961,POINT (11882336.639137391 1217265.4058349961),824
1096,Tam Binh Ward,93,11882489.377270242,1217265.4058349961,POINT (11882489.377270242 1217265.4058349961),874
1097,Tam Binh Ward,94,11882642.115403093,1217265.4058349961,POINT (11882642.115403093 1217265.4058349961),882
1098,Tam Binh Ward,95,11882794.853535946,1217265.4058349961,POINT (11882794.853535946 1217265.4058349961),877
1099,Tam Binh Ward,96,11882947.5916688,1217265.4058349961,POINT (11882947.5916688 1217265.4058349961),877
1100,Tam Binh Ward,97,11883100.329801649,1217265.4058349961,POINT (11883100.329801649 1217265.4058349961),882
1101,Tam Binh Ward,98,11883253.067934502,1217265.4058349961,POINT (11883253.067934502 1217265.4058349961),888
1102,Tam Binh Ward,99,11880656.51967602,1217418.1455530846,POINT (11880656.51967602 1217418.1455530846),868
1103,Tam Binh Ward,100,11880809.257808872,1217418.1455530846,POINT (11880809.257808872 1217418.1455530846),1018
1104,Tam Binh Ward,101,11880961.995941725,1217418.1455530846,POINT (11880961.995941725 1217418.1455530846),998
1105,Tam Binh Ward,102,11881114.734074578,1217418.1455530846,POINT (11881114.734074578 1217418.1455530846),840
1106,Tam Binh Ward,103,11881267.472207427,1217418.1455530846,POINT (11881267.472207427 1217418.1455530846),759
1107,Tam Binh Ward,104,11881420.21034028,1217418.1455530846,POINT (11881420.21034028 1217418.1455530846),799
1108,Tam Binh Ward,105,11881572.948473131,1217418.1455530846,POINT (11881572.948473131 1217418.1455530846),830
1109,Tam Binh Ward,106,11881725.686605982,1217418.1455530846,POINT (11881725.686605982 1217418.1455530846),841
1110,Tam Binh Ward,107,11881878.424738836,1217418.1455530846,POINT (11881878.424738836 1217418.1455530846),854
1111,Tam Binh Ward,108,11882031.162871689,1217418.1455530846,POINT (11882031.162871689 1217418.1455530846),854
1112,Tam Binh Ward,109,11882183.901004538,1217418.1455530846,POINT (11882183.901004538 1217418.1455530846),826
1113,Tam Binh Ward,110,11882336.639137391,1217418.1455530846,POINT (11882336.639137391 1217418.1455530846),826
1114,Tam Binh Ward,111,11882489.377270242,1217418.1455530846,POINT (11882489.377270242 1217418.1455530846),853
1115,Tam Binh Ward,112,11882642.115403093,1217418.1455530846,POINT (11882642.115403093 1217418.1455530846),855
1116,Tam Binh Ward,113,11882794.853535946,1217418.1455530846,POINT (11882794.853535946 1217418.1455530846),855
1117,Tam Binh Ward,114,11882947.5916688,1217418.1455530846,POINT (11882947.5916688 1217418.1455530846),882
1118,Tam Binh Ward,115,11883100.329801649,1217418.1455530846,POINT (11883100.329801649 1217418.1455530846),942
1119,Tam Binh Ward,116,11883253.067934502,1217418.1455530846,POINT (11883253.067934502 1217418.1455530846),917
1120,Tam Binh Ward,117,11880656.51967602,1217570.885960981,POINT (11880656.51967602 1217570.885960981),1021
1121,Tam Binh Ward,118,11880809.257808872,1217570.885960981,POINT (11880809.257808872 1217570.885960981),1114
1122,Tam Binh Ward,119,11880961.995941725,1217570.885960981,POINT (11880961.995941725 1217570.885960981),995
1123,Tam Binh Ward,120,11881114.734074578,1217570.885960981,POINT (11881114.734074578 1217570.885960981),827
1124,Tam Binh Ward,121,11881267.472207427,1217570.885960981,POINT (11881267.472207427 1217570.885960981),794
1125,Tam Binh Ward,122,11881420.21034028,1217570.885960981,POINT (11881420.21034028 1217570.885960981),844
1126,Tam Binh Ward,123,11881572.948473131,1217570.885960981,POINT (11881572.948473131 1217570.885960981),865
1127,Tam Binh Ward,124,11881725.686605982,1217570.885960981,POINT (11881725.686605982 1217570.885960981),872
1128,Tam Binh Ward,125,11881878.424738836,1217570.885960981,POINT (11881878.424738836 1217570.885960981),879
1129,Tam Binh Ward,126,11882031.162871689,1217570.885960981,POINT (11882031.162871689 1217570.885960981),877
1130,Tam Binh Ward,127,11882183.901004538,1217570.885960981,POINT (11882183.901004538 1217570.885960981),859
1131,Tam Binh Ward,128,11882336.639137391,1217570.885960981,POINT (11882336.639137391 1217570.885960981),837
1132,Tam Binh Ward,129,11882489.377270242,1217570.885960981,POINT (11882489.377270242 1217570.885960981),840
1133,Tam Binh Ward,130,11882642.115403093,1217570.885960981,POINT (11882642.115403093 1217570.885960981),862
1134,Tam Binh Ward,131,11882794.853535946,1217570.885960981,POINT (11882794.853535946 1217570.885960981),878
1135,Tam Binh Ward,132,11882947.5916688,1217570.885960981,POINT (11882947.5916688 1217570.885960981),911
1136,Tam Binh Ward,133,11883100.329801649,1217570.885960981,POINT (11883100.329801649 1217570.885960981),1040
1137,Tam Binh Ward,134,11880656.51967602,1217723.6270587766,POINT (11880656.51967602 1217723.6270587766),808
1138,Tam Binh Ward,135,11880809.257808872,1217723.6270587766,POINT (11880809.257808872 1217723.6270587766),824
1139,Tam Binh Ward,136,11880961.995941725,1217723.6270587766,POINT (11880961.995941725 1217723.6270587766),887
1140,Tam Binh Ward,137,11881114.734074578,1217723.6270587766,POINT (11881114.734074578 1217723.6270587766),879
1141,Tam Binh Ward,138,11881267.472207427,1217723.6270587766,POINT (11881267.472207427 1217723.6270587766),867
1142,Tam Binh Ward,139,11881420.21034028,1217723.6270587766,POINT (11881420.21034028 1217723.6270587766),865
1143,Tam Binh Ward,140,11881572.948473131,1217723.6270587766,POINT (11881572.948473131 1217723.6270587766),878
1144,Tam Binh Ward,141,11882031.162871689,1217723.6270587766,POINT (11882031.162871689 1217723.6270587766),784
1145,Tam Binh Ward,142,11882183.901004538,1217723.6270587766,POINT (11882183.901004538 1217723.6270587766),771
1146,Tam Binh Ward,143,11882336.639137391,1217723.6270587766,POINT (11882336.639137391 1217723.6270587766),839
1147,Tam Binh Ward,144,11882489.377270242,1217723.6270587766,POINT (11882489.377270242 1217723.6270587766),840
1148,Tam Binh Ward,145,11882642.115403093,1217723.6270587766,POINT (11882642.115403093 1217723.6270587766),856
1149,Tam Binh Ward,146,11882794.853535946,1217723.6270587766,POINT (11882794.853535946 1217723.6270587766),856
1150,Tam Binh Ward,147,11882947.5916688,1217723.6270587766,POINT (11882947.5916688 1217723.6270587766),866
1151,Tam Binh Ward,148,11883100.329801649,1217723.6270587766,POINT (11883100.329801649 1217723.6270587766),943
1152,Tam Binh Ward,149,11880961.995941725,1217876.3688465608,POINT (11880961.995941725 1217876.3688465608),854
1153,Tam Binh Ward,150,11881114.734074578,1217876.3688465608,POINT (11881114.734074578 1217876.3688465608),854
1154,Tam Binh Ward,151,11881267.472207427,1217876.3688465608,POINT (11881267.472207427 1217876.3688465608),855
1155,Tam Binh Ward,152,11881420.21034028,1217876.3688465608,POINT (11881420.21034028 1217876.3688465608),850
1156,Tam Binh Ward,153,11882642.115403093,1217876.3688465608,POINT (11882642.115403093 1217876.3688465608),865
1157,Tam Binh Ward,154,11882794.853535946,1217876.3688465608,POINT (11882794.853535946 1217876.3688465608),851
1158,Tam Binh Ward,155,11882947.5916688,1217876.3688465608,POINT (11882947.5916688 1217876.3688465608),838
1159,Tam Binh Ward,156,11883100.329801649,1217876.3688465608,POINT (11883100.329801649 1217876.3688465608),789
1160,Tam Binh Ward,157,11881114.734074578,1218029.1113244256,POINT (11881114.734074578 1218029.1113244256),863
1161,Tam Binh Ward,158,11881267.472207427,1218029.1113244256,POINT (11881267.472207427 1218029.1113244256),868
1162,Tam Binh Ward,159,11881420.21034028,1218029.1113244256,POINT (11881420.21034028 1218029.1113244256),879
