image,pred,lon,lat,min_probs,max_probs,mean_probs
978.jpeg,0.98165005,11813511.32974132,1270237.3009131537,0.9250834956765176,0.9250834956765176,0.9250834956765176
122.jpeg,0.9807227,11800393.680832757,2301169.5093886307,0.9592628628015518,0.9592628628015518,0.9592628628015518
373.jpeg,0.9761263,11792632.434532398,2322513.015459868,0.9587204828858376,0.9587204828858376,0.9587204828858376
322.jpeg,0.97573996,11790296.62486418,2350059.1612061705,0.954641841351986,0.954641841351986,0.954641841351986
687.jpeg,0.9749448,11778341.215496125,1126286.6294048545,0.8830328732728958,0.8830328732728958,0.8830328732728958
226.jpeg,0.9735197,11812064.185145328,2382205.06104136,0.9598665833473206,0.9598665833473206,0.9598665833473206
872.jpeg,0.973034,11794080.86221968,2304784.661425381,0.701946072280407,0.9639464542269708,0.8329462632536888
878.jpeg,0.97301143,11799256.61840824,2298813.268039896,0.9623766615986824,0.9623766615986824,0.9623766615986824
306.jpeg,0.9725371,11801536.17841019,2354517.589465253,0.9568317383527756,0.9568317383527756,0.9568317383527756
564.jpeg,0.97226983,11792618.06172475,1143993.9035878708,0.6537550203502178,0.9599029421806335,0.8068289812654257
269.jpeg,0.9722402,11803118.132247638,2356344.1138916137,0.6455300003290176,0.9580902457237244,0.801810123026371
841.jpeg,0.97218174,11869724.22561244,1167927.288265108,0.9489538222551346,0.9489538222551346,0.9489538222551346
238.jpeg,0.97197515,11804910.586791158,2382956.773747098,0.0946016982197761,0.9653206765651704,0.5299611873924732
423.jpeg,0.9717562,11796648.49833907,2296795.5707993694,0.9622623324394226,0.9622623324394226,0.9622623324394226
445.jpeg,0.9717148,11836142.885210805,2323012.362613537,0.1212611040100455,0.9620510339736938,0.5416560689918697
110.jpeg,0.9716483,11788822.61622789,2336805.988103454,0.4078464303165674,0.9589903652668,0.6834183977916837
82.jpeg,0.97131324,11813564.09633606,1165619.715980143,0.960997313261032,0.960997313261032,0.960997313261032
368.jpeg,0.9712903,11796439.950141463,2327299.055664581,0.964384876191616,0.964384876191616,0.964384876191616
239.jpeg,0.97101235,11804896.019800398,2382957.620933094,0.0946016982197761,0.9653206765651704,0.5299611873924732
80.jpeg,0.9709524,11814038.758826012,1161832.6314797946,0.9433603063225746,0.9433603063225746,0.9433603063225746
466.jpeg,0.9709435,11701350.74113416,1199779.5512820035,0.967006839811802,0.967006839811802,0.967006839811802
118.jpeg,0.9708858,11792291.292100323,2289476.888544067,0.9588708057999612,0.9588708057999612,0.9588708057999612
751.jpeg,0.97079897,11838143.10602467,1108056.6529708127,0.2513814587146044,0.9643999561667442,0.6078907074406743
800.jpeg,0.97033036,11833812.962152015,1161154.1968394967,0.962557516992092,0.962557516992092,0.962557516992092
220.jpeg,0.9702296,11814030.968457526,2380504.825634585,0.960956946015358,0.960956946015358,0.960956946015358
525.jpeg,0.97016114,11771292.609123016,1153178.0490602124,0.9668921902775764,0.9668921902775764,0.9668921902775764
478.jpeg,0.97009385,11694344.990291148,1193505.1140008476,0.5864662677049637,0.9735804423689842,0.780023355036974
446.jpeg,0.9700485,11836175.055093732,2322937.556489507,0.9620510339736938,0.9620510339736938,0.9620510339736938
804.jpeg,0.9700458,11836166.430762373,1160150.4032079896,0.7074941135942936,0.9595023840665816,0.8334982488304377
259.jpeg,0.9698323,11806611.336772382,2376865.140112905,0.9485726058483124,0.9485726058483124,0.9485726058483124
432.jpeg,0.9697786,11836074.650446463,2324497.693625991,0.9650987684726716,0.9650987684726716,0.9650987684726716
96.jpeg,0.9689441,11814195.27499896,1268298.5357633992,0.8561776056885719,0.9580313339829444,0.9071044698357582
228.jpeg,0.96859175,11809306.013601098,2383175.664235263,0.956248253583908,0.956248253583908,0.956248253583908
857.jpeg,0.9684843,11873820.27384781,1158487.7754624228,0.949189268052578,0.949189268052578,0.949189268052578
854.jpeg,0.96801364,11876921.432508595,1159631.5365201414,0.9654139801859856,0.9654139801859856,0.9654139801859856
911.jpeg,0.9678159,11773933.787171546,1150931.2034671202,0.825734406709671,0.825734406709671,0.825734406709671
883.jpeg,0.9677173,11796819.525800226,2299541.319208895,0.9635713323950768,0.9635713323950768,0.9635713323950768
97.jpeg,0.9677049,11812807.619129203,1270935.089921734,0.6374321393668652,0.8740017041563988,0.755716921761632
776.jpeg,0.96764594,11820904.46903043,1168703.9197102897,0.8062696233391762,0.962268888950348,0.884269256144762
544.jpeg,0.96761996,11794093.315900616,1145246.778725296,0.5607284680008888,0.9657531455159188,0.7632408067584038
850.jpeg,0.96742153,11875121.509546977,1160071.9606400805,0.1904298653826117,0.962018109858036,0.7038252896939715
244.jpeg,0.9673369,11803919.775894608,2378376.555311827,0.9555298164486884,0.9555298164486884,0.9555298164486884
767.jpeg,0.96732426,11813888.96764953,1164878.8344618783,0.956088125705719,0.956088125705719,0.956088125705719
229.jpeg,0.9672291,11809544.062624808,2382487.000395591,0.0,0.0,0.0
13.jpeg,0.9671494,11739672.086755058,1158744.4181063178,0.880509503185749,0.880509503185749,0.880509503185749
362.jpeg,0.96703166,11797799.998905774,2333612.1778733386,0.93917216360569,0.93917216360569,0.93917216360569
280.jpeg,0.9669867,11806611.558612242,2352581.5860459344,0.1959115695208311,0.9564287960529329,0.5761701827868819
675.jpeg,0.96674913,11797732.971612504,1146138.863438466,0.9570060223340988,0.9570060223340988,0.9570060223340988
881.jpeg,0.9666245,11798995.9137034,2301399.7333768443,0.9616783410310744,0.9616783410310744,0.9616783410310744
270.jpeg,0.9665959,11803707.812415486,2354960.5843371693,0.9634861052036284,0.9634861052036284,0.9634861052036284
589.jpeg,0.9663975,11837375.82809124,1163406.791519413,0.9652298614382744,0.9652298614382744,0.9652298614382744
788.jpeg,0.9661618,11836475.593708776,1156502.8479825535,0.9619165062904358,0.9619165062904358,0.9619165062904358
420.jpeg,0.9660379,11798826.065574847,2300161.4746302366,0.96193166077137,0.96193166077137,0.96193166077137
837.jpeg,0.965975,11839043.965990962,1160127.7856158111,0.960357502102852,0.960357502102852,0.960357502102852
562.jpeg,0.96596456,11793491.17699146,1144416.0807422164,0.9642767161130904,0.9642767161130904,0.9642767161130904
510.jpeg,0.9659327,11758434.49469149,1171212.2056786877,0.9623857513070108,0.9623857513070108,0.9623857513070108
4.jpeg,0.9658549,11696874.796290869,1196438.563920652,0.1160920700058341,0.9609776064753532,0.5385348382405937
573.jpeg,0.9657909,11835509.120218666,1113656.1412147884,0.9551592916250228,0.9551592916250228,0.9551592916250228
380.jpeg,0.96577203,11789244.80842974,2322253.6150411163,0.5413162596523762,0.5413162596523762,0.5413162596523762
920.jpeg,0.9657362,11734991.184206776,1163227.6999844704,0.9645940139889716,0.9645940139889716,0.9645940139889716
685.jpeg,0.96573514,11801654.581036674,1150791.9270680237,0.6620303522795439,0.9538828879594804,0.8079566201195121
468.jpeg,0.9656794,11701508.046591766,1199466.891047335,0.965515986084938,0.965515986084938,0.965515986084938
282.jpeg,0.9656624,11806200.582493115,2352596.47783368,0.1959115695208311,0.9577023163437844,0.5768069429323077
674.jpeg,0.96541804,11797717.141979704,1146161.6008979094,0.9570060223340988,0.9570060223340988,0.9570060223340988
320.jpeg,0.9653197,11791311.295900537,2349261.016467601,0.9580173417925836,0.9580173417925836,0.9580173417925836
202.jpeg,0.96521705,11823818.85624222,2425367.8477091845,0.9571047499775888,0.9571047499775888,0.9571047499775888
340.jpeg,0.9651788,11797499.864858704,2342862.3527054708,0.9711577221751212,0.9711577221751212,0.9711577221751212
505.jpeg,0.96516335,11755455.818566468,1174018.7117284634,0.9737698212265968,0.9737698212265968,0.9737698212265968
292.jpeg,0.9650889,11806078.828499082,2350150.2176369363,0.9521403163671494,0.9521403163671494,0.9521403163671494
475.jpeg,0.96471334,11704809.988327015,1195884.3613485538,0.4433808419853449,0.8898369073867798,0.6666088746860623
555.jpeg,0.96465886,11801052.45414314,1147535.9198247846,0.9673225581645966,0.9673225581645966,0.9673225581645966
114.jpeg,0.9646286,11794032.72433261,2304977.486922276,0.9639464542269708,0.9639464542269708,0.9639464542269708
657.jpeg,0.9646165,11794376.941216275,1143028.232235739,0.9635969921946526,0.9635969921946526,0.9635969921946526
915.jpeg,0.96442074,11773638.970258836,1152539.2573876723,0.9595625400543212,0.9595625400543212,0.9595625400543212
357.jpeg,0.9642807,11798422.565919513,2336354.167537955,0.944264605641365,0.9626230001449584,0.9534438028931618
845.jpeg,0.9641895,11872625.836900204,1159979.654204565,0.965876005589962,0.965876005589962,0.965876005589962
977.jpeg,0.9641247,11812948.377253948,1267084.4469044742,0.1278546042740345,0.1278546042740345,0.1278546042740345
635.jpeg,0.9640456,11790861.33558784,2336685.773076389,0.0922610182315111,0.8863954544067383,0.4893282363191247
7.jpeg,0.9637831,11700882.10006416,1200815.30157756,0.2649714853614568,0.9697881042957306,0.6173797948285937
958.jpeg,0.9637034,11699629.164797192,1203097.2938053757,0.9251872822642326,0.9251872822642326,0.9251872822642326
396.jpeg,0.9636001,11789940.93670129,2333190.2562503107,0.940502531826496,0.940502531826496,0.940502531826496
903.jpeg,0.9635461,11773633.264037294,1152534.4151164617,0.9595625400543212,0.9595625400543212,0.9595625400543212
580.jpeg,0.96345943,11841606.36825142,1158738.6615177344,0.7004783786833286,0.7004783786833286,0.7004783786833286
86.jpeg,0.9634283,11815298.230947364,1165310.7602779388,0.972656451165676,0.972656451165676,0.972656451165676
6.jpeg,0.9631248,11700963.035892168,1200696.7468921472,0.9697881042957306,0.9697881042957306,0.9697881042957306
291.jpeg,0.96305436,11806114.630186828,2350005.3539584544,0.9521403163671494,0.9521403163671494,0.9521403163671494
191.jpeg,0.96301156,11818079.125519833,2424415.6950360327,0.9620711728930472,0.965774454176426,0.9639228135347366
419.jpeg,0.9627651,11796710.510366865,2301470.2650203137,0.9569615572690964,0.9569615572690964,0.9569615572690964
941.jpeg,0.9626952,11757971.528805029,1172136.366117595,0.0,0.0,0.0
408.jpeg,0.96259797,11794681.092101444,2307410.8153657443,0.966194823384285,0.966194823384285,0.966194823384285
49.jpeg,0.96259785,11798738.627347006,1145908.6216763095,0.9403286725282668,0.9587471783161164,0.9495379254221916
328.jpeg,0.9624421,11790593.104374137,2347357.468983118,0.9624889120459555,0.9624889120459555,0.9624889120459555
874.jpeg,0.9624311,11796726.759532228,2301486.681074097,0.9569615572690964,0.9569615572690964,0.9569615572690964
341.jpeg,0.96237475,11797413.772877373,2342867.748236021,0.2294583935290575,0.9711577221751212,0.6003080578520894
310.jpeg,0.9621862,11799316.909260036,2348881.753955795,0.967421032488346,0.967421032488346,0.967421032488346
725.jpeg,0.9621753,11835489.526926547,1118565.15246721,0.2491994947195053,0.9664955288171768,0.6078475117683411
724.jpeg,0.9620184,11838515.46904065,1116455.7736048603,0.1931459801271557,0.8381989076733589,0.5156724439002573
639.jpeg,0.9618801,11791188.982053485,2335142.0874907034,0.9141020998358728,0.9141020998358728,0.9141020998358728
300.jpeg,0.96187556,11808463.274764968,2348159.383007037,0.1065383357927203,0.8461888208985329,0.4763635783456266
207.jpeg,0.96184057,11821377.449464392,2424191.4719171063,0.3513483759015798,0.3513483759015798,0.3513483759015798
8.jpeg,0.96169335,11705008.533707503,1197721.1866906,0.8850754201412201,0.8850754201412201,0.8850754201412201
705.jpeg,0.96138,11841391.510361595,1147751.8951873502,0.9589509814977646,0.9589509814977646,0.9589509814977646
773.jpeg,0.9612058,11817340.578763504,1165847.3693298255,0.9592893794178964,0.9592893794178964,0.9592893794178964
517.jpeg,0.960972,11759000.83408005,1167173.5728699474,0.9680049568414688,0.9680049568414688,0.9680049568414688
219.jpeg,0.9609133,11814097.357827242,2380542.499547725,0.5373522099107504,0.960956946015358,0.7491545779630542
897.jpeg,0.96086764,11791298.999900224,2290375.948458544,0.9670696705579758,0.9670696705579758,0.9670696705579758
64.jpeg,0.9608212,11839501.613520743,1160390.8471127737,0.9576805010437964,0.9576805010437964,0.9576805010437964
271.jpeg,0.96079654,11806450.210138736,2356328.334385381,0.965070478618145,0.965070478618145,0.965070478618145
50.jpeg,0.960725,11835486.004787514,1118568.303342715,0.2491994947195053,0.9664955288171768,0.6078475117683411
547.jpeg,0.96070886,11797667.277061224,1151166.8038889137,0.4037763439118862,0.9621535241603852,0.6829649340361357
500.jpeg,0.96056914,11753367.826868942,1173556.270004294,0.9677545130252838,0.9677545130252838,0.9677545130252838
296.jpeg,0.96054727,11806506.924819527,2348800.6781716,0.7585735954344273,0.958013229072094,0.8582934122532606
997.jpeg,0.9605118,11796724.978498287,2438520.4565943,0.9636694937944412,0.9636694937944412,0.9636694937944412
301.jpeg,0.96048707,11808618.376726229,2348266.7622102564,0.9705292508006096,0.9705292508006096,0.9705292508006096
206.jpeg,0.9604762,11821310.84703607,2424174.4616176663,0.2367996722459793,0.2367996722459793,0.2367996722459793
901.jpeg,0.9604421,11771482.275236338,1154039.1657925174,0.955726593732834,0.955726593732834,0.955726593732834
692.jpeg,0.9603181,11841248.193213755,1144865.6260791314,0.9632272273302078,0.9632272273302078,0.9632272273302078
684.jpeg,0.9601444,11801417.20860134,1140746.3202638028,0.961306557059288,0.961306557059288,0.961306557059288
413.jpeg,0.96012825,11792407.557784664,2307626.195805188,0.9413778856396676,0.9669632613658904,0.954170573502779
215.jpeg,0.96007794,11813324.469730036,2384480.860799475,0.9623196497559549,0.9623196497559549,0.9623196497559549
125.jpeg,0.9600756,11798504.01659474,2433516.755902936,0.8476862981915474,0.9634578749537468,0.9055720865726471
853.jpeg,0.9600665,11875313.125212535,1160261.0473984145,0.962018109858036,0.962018109858036,0.962018109858036
3.jpeg,0.9598263,11697887.676503051,1195333.2098595817,0.1021400885656476,0.9580943733453752,0.5301172309555113
428.jpeg,0.95979846,11792671.213613804,2301936.9126236085,0.9631800279021264,0.9631800279021264,0.9631800279021264
716.jpeg,0.95969546,11839819.963937834,1148194.9458812752,0.7689100801944733,0.7689100801944733,0.7689100801944733
567.jpeg,0.9594771,11801360.495342154,1137130.9271606691,0.8755194768309593,0.8755194768309593,0.8755194768309593
101.jpeg,0.95947057,11837509.1763928,2326578.97036396,0.9566321969032288,0.9566321969032288,0.9566321969032288
710.jpeg,0.95932037,11843807.290833429,1142839.3772094776,0.9074989408254625,0.9685927927494048,0.9380458667874336
374.jpeg,0.9592394,11792414.640271207,2321668.56255256,0.9589061439037324,0.9589061439037324,0.9589061439037324
65.jpeg,0.95913655,11833933.378486143,1161376.548852565,0.9565597847104071,0.9565597847104071,0.9565597847104071
643.jpeg,0.95896417,11792949.999194622,2335702.1874675658,0.7009879276156425,0.9579629078507425,0.8294754177331924
891.jpeg,0.95894784,11788452.293311251,2291356.616249951,0.9719258844852448,0.9719258844852448,0.9719258844852448
513.jpeg,0.95885366,11757065.421467235,1170060.3058717195,0.9663848280906676,0.9663848280906676,0.9663848280906676
568.jpeg,0.9585862,11800146.936115468,1139633.1361674697,0.8691414073109627,0.9678303971886636,0.9184859022498131
43.jpeg,0.95853966,11795134.195770437,1145422.325379897,0.2029164554551243,0.9569744989275932,0.5799454771913588
427.jpeg,0.9583789,11792676.329060351,2301920.418170971,0.9631800279021264,0.9631800279021264,0.9631800279021264
394.jpeg,0.9583674,11791267.085373228,2329121.8068378177,0.9575475975871086,0.9575475975871086,0.9575475975871086
303.jpeg,0.9583414,11809647.823610565,2348990.074669364,0.9663145989179612,0.9663145989179612,0.9663145989179612
367.jpeg,0.9582099,11796051.022526365,2330537.1655195025,0.9510992988944054,0.9510992988944054,0.9510992988944054
610.jpeg,0.9581615,11808846.00232681,1275331.7797595845,0.9593499228358268,0.9593499228358268,0.9593499228358268
588.jpeg,0.9581139,11837376.48461512,1163401.3179103923,0.9652298614382744,0.9652298614382744,0.9652298614382744
706.jpeg,0.95809245,11841399.29639692,1147881.3173085875,0.9589509814977646,0.9589509814977646,0.9589509814977646
612.jpeg,0.9579343,11814917.846214237,1279007.0797923263,0.9083364903926848,0.95701814442873,0.9326773174107075
12.jpeg,0.957707,11738471.092181824,1160996.2619605132,0.9315204545855522,0.9315204545855522,0.9315204545855522
618.jpeg,0.9576846,11795292.915343136,2349954.3527122005,0.9664631560444832,0.9664631560444832,0.9664631560444832
609.jpeg,0.9574215,11810073.453096714,1271826.9687996043,0.1284548845142126,0.9745885133743286,0.5515216989442706
1000.jpeg,0.9569063,11821192.532177458,2425365.3526823176,0.6496196128427982,0.6496196128427982,0.6496196128427982
94.jpeg,0.95671934,11812389.986003527,1266620.961360606,0.1759392442181706,0.9364549219608308,0.5561970830895007
736.jpeg,0.9566875,11837570.978988146,1114788.5953842823,0.9669316485524178,0.9669316485524178,0.9669316485524178
127.jpeg,0.9564029,11797143.52545064,2434905.369955688,0.4616226376965642,0.4616226376965642,0.4616226376965642
787.jpeg,0.95623285,11834991.982556112,1156469.193535247,0.9344960302114488,0.9344960302114488,0.9344960302114488
999.jpeg,0.9562323,11821929.67260825,2425960.213197856,0.9525372982025146,0.9525372982025146,0.9525372982025146
960.jpeg,0.9561708,11702042.837699505,1193034.8179803672,0.9706507548689842,0.9706507548689842,0.9706507548689842
539.jpeg,0.9560642,11785991.699219428,1123227.180191688,0.9649363309144974,0.9649363309144974,0.9649363309144974
648.jpeg,0.9559932,11788446.661756268,1137969.059360639,0.9606885388493538,0.9606885388493538,0.9606885388493538
400.jpeg,0.95599264,11794304.302647324,2329066.395945734,0.1188633274286985,0.1188633274286985,0.1188633274286985
756.jpeg,0.95597196,11837818.02553661,1110724.4930669966,0.4230913501232862,0.9704609289765358,0.696776139549911
405.jpeg,0.9556519,11794029.68231021,2308353.033758136,0.9640171080827712,0.9640171080827712,0.9640171080827712
448.jpeg,0.95537084,11836245.71197068,2327464.33756,0.9439441040158272,0.9439441040158272,0.9439441040158272
59.jpeg,0.9551807,11841028.848966118,1158973.4261646003,0.8541557416319847,0.8541557416319847,0.8541557416319847
536.jpeg,0.9549645,11786307.67405,1119088.0952881563,0.8529875352978706,0.9615159928798676,0.9072517640888691
877.jpeg,0.9549369,11798615.49506755,2302746.931022904,0.963274210691452,0.963274210691452,0.963274210691452
458.jpeg,0.95474356,11841950.540905502,2328946.675185483,0.1004121340811252,0.9656249061226844,0.5330185201019048
465.jpeg,0.9547087,11701666.263048971,1199688.9413004124,0.1010147482156753,0.1010147482156753,0.1010147482156753
954.jpeg,0.9545727,11695593.681965418,1196171.8281861255,0.9334545955061913,0.9334545955061913,0.9334545955061913
662.jpeg,0.95451653,11795449.608182617,1147325.2460252442,0.9571542516350746,0.963847890496254,0.9605010710656643
116.jpeg,0.95436937,11797111.02670338,2303280.948654319,0.1342150401324033,0.1342150401324033,0.1342150401324033
481.jpeg,0.9543534,11737270.191482536,1162961.745954658,0.9631256386637688,0.9631256386637688,0.9631256386637688
523.jpeg,0.9543533,11769791.722721806,1155248.8197331598,0.9623998552560806,0.9623998552560806,0.9623998552560806
265.jpeg,0.95433265,11798083.150266197,2380122.698857658,0.9614550024271012,0.9614550024271012,0.9614550024271012
225.jpeg,0.954263,11811285.34211468,2381848.541601303,0.9647494554519652,0.9647494554519652,0.9647494554519652
814.jpeg,0.9542583,11839380.224508004,1160298.638135728,0.9576805010437964,0.9576805010437964,0.9576805010437964
862.jpeg,0.9539948,11796767.6978632,2302753.8781401203,0.9518142938613892,0.9524112939834596,0.9521127939224243
251.jpeg,0.95397884,11803692.67529539,2377285.5475899023,0.9597378820180892,0.9597378820180892,0.9597378820180892
703.jpeg,0.9537062,11840640.689455634,1143895.1349782862,0.972291424870491,0.972291424870491,0.972291424870491
766.jpeg,0.9532543,11813655.945736516,1170783.2022689355,0.9597103372216224,0.9597103372216224,0.9597103372216224
297.jpeg,0.95323306,11806533.615428494,2348603.176520698,0.958013229072094,0.958013229072094,0.958013229072094
23.jpeg,0.95290637,11778772.775190732,1126242.424641563,0.9628794342279434,0.9628794342279434,0.9628794342279434
763.jpeg,0.9528374,11812471.945296563,1167898.1007906594,0.8778165951371193,0.8778165951371193,0.8778165951371193
317.jpeg,0.95261437,11803101.801783118,2346686.5151867066,0.9603790193796158,0.9603790193796158,0.9603790193796158
281.jpeg,0.95250213,11806615.577673256,2352453.79607054,0.1959115695208311,0.9564287960529329,0.5761701827868819
924.jpeg,0.95235515,11736817.100116877,1162816.6653642156,0.4997552474960685,0.4997552474960685,0.4997552474960685
825.jpeg,0.9523412,11842791.71325284,1158646.9987812012,0.3267748560756445,0.3267748560756445,0.3267748560756445
402.jpeg,0.9522748,11793086.906717718,2309970.247337837,0.960571512579918,0.960571512579918,0.960571512579918
398.jpeg,0.9522522,11792119.018128855,2333191.041106607,0.448706591501832,0.958922304213047,0.7038144478574395
62.jpeg,0.951914,11834989.648151657,1156472.1115403522,0.9344960302114488,0.9344960302114488,0.9344960302114488
389.jpeg,0.9518671,11791693.255706578,2322483.7642845414,0.9589437693357468,0.9589437693357468,0.9589437693357468
973.jpeg,0.9517725,11812967.96839141,1279702.2845842824,0.4072929490357637,0.9113329872488976,0.6593129681423306
126.jpeg,0.95175904,11797399.866964769,2433835.456577901,0.7412625253200531,0.7412625253200531,0.7412625253200531
512.jpeg,0.9515657,11757070.204951655,1170742.662083587,0.9728886857628822,0.9728886857628822,0.9728886857628822
397.jpeg,0.9514472,11791913.462508272,2332951.9442564994,0.958922304213047,0.958922304213047,0.958922304213047
185.jpeg,0.9513124,11802552.188702485,2433262.6705658576,0.936271458864212,0.9572249874472618,0.9467482231557369
823.jpeg,0.9512268,11841028.848966025,1158974.5933667177,0.8541557416319847,0.8541557416319847,0.8541557416319847
497.jpeg,0.95114857,11755948.225805456,1168855.4602605486,0.9660540074110032,0.9660540074110032,0.9660540074110032
777.jpeg,0.95107275,11818703.968303498,1163263.5243844478,0.953851230442524,0.953851230442524,0.953851230442524
55.jpeg,0.9506562,11875651.389987191,1164108.1182722892,0.8902675211429596,0.8902675211429596,0.8902675211429596
263.jpeg,0.95058054,11797575.475902831,2379021.385483561,0.9644574373960496,0.9644574373960496,0.9644574373960496
366.jpeg,0.9503034,11796118.85422204,2330540.8854893805,0.9510992988944054,0.9510992988944054,0.9510992988944054
759.jpeg,0.9501056,11810413.623495787,1163012.964330294,0.5104288253933191,0.5104288253933191,0.5104288253933191
975.jpeg,0.9498872,11814049.075399388,1270465.0426014615,0.9604428708553314,0.9604428708553314,0.9604428708553314
363.jpeg,0.9494198,11797777.319104403,2333558.3370470754,0.93917216360569,0.93917216360569,0.93917216360569
824.jpeg,0.9493396,11842005.310805377,1158933.157770241,0.1396232740953564,0.4664702033624053,0.3030467387288809
358.jpeg,0.94909793,11798473.1868192,2336343.175056091,0.944264605641365,0.9626230001449584,0.9534438028931618
970.jpeg,0.949096,11811783.101617957,1266296.3934450997,0.958848387002945,0.958848387002945,0.958848387002945
608.jpeg,0.9490897,11810493.416862505,1271556.513544858,0.9564476311206818,0.9564476311206818,0.9564476311206818
277.jpeg,0.9481735,11805219.120856969,2353244.9038314256,0.9597405269742012,0.9597405269742012,0.9597405269742012
188.jpeg,0.9481273,11819558.245180843,2422340.641642668,0.9532542005181311,0.9532542005181311,0.9532542005181311
431.jpeg,0.94799495,11835601.414069315,2324791.1223094384,0.9613590762019156,0.9613590762019156,0.9613590762019156
443.jpeg,0.94792414,11839299.54379432,2325496.015807894,0.9619148224592208,0.9619148224592208,0.9619148224592208
308.jpeg,0.9477382,11802167.338799823,2349463.945498828,0.9614895433187484,0.9614895433187484,0.9614895433187484
507.jpeg,0.9474527,11757020.91769876,1172927.9708790253,0.2989995367825031,0.958176963031292,0.6285882499068975
918.jpeg,0.94706434,11732784.717949769,1160639.7326403237,0.968665473163128,0.968665473163128,0.968665473163128
885.jpeg,0.9463674,11786678.558301466,2295302.867352027,0.9664546251296996,0.9664546251296996,0.9664546251296996
272.jpeg,0.9462317,11806454.73836699,2356250.054450389,0.965070478618145,0.965070478618145,0.965070478618145
286.jpeg,0.9461971,11805392.0595393,2350421.4467556733,0.7269401773810387,0.7269401773810387,0.7269401773810387
334.jpeg,0.9460175,11794971.756121278,2344854.9379271525,0.9632725045084952,0.9632725045084952,0.9632725045084952
223.jpeg,0.94544786,11810802.530459546,2379116.277239284,0.9620348736643792,0.9620348736643792,0.9620348736643792
170.jpeg,0.94536966,11796937.34564036,2423010.762193353,0.9593059867620468,0.9593059867620468,0.9593059867620468
563.jpeg,0.9452269,11793367.29982015,1144453.9372480914,0.8393146209418774,0.9642767161130904,0.9017956685274839
107.jpeg,0.94488937,11808109.5677426,2387613.219441035,0.9640033021569252,0.9640033021569252,0.9640033021569252
154.jpeg,0.94461274,11793939.540978802,2426337.513275176,0.9604825675487518,0.9604825675487518,0.9604825675487518
651.jpeg,0.94450843,11791033.198463194,1148170.1054674948,0.8606614992022514,0.9654334187507628,0.9130474589765072
518.jpeg,0.9442887,11762953.378293244,1165910.429605573,0.9580904990434648,0.9580904990434648,0.9580904990434648
148.jpeg,0.9442461,11793073.168775504,2433451.402135321,0.959564872086048,0.959564872086048,0.959564872086048
250.jpeg,0.944197,11803216.724377926,2376806.185093667,0.93635955452919,0.93635955452919,0.93635955452919
365.jpeg,0.9441932,11794774.022277389,2332116.2443324127,0.9489055946469308,0.9489055946469308,0.9489055946469308
496.jpeg,0.9433164,11757314.698182724,1166468.901404143,0.9601212367415428,0.9601212367415428,0.9601212367415428
876.jpeg,0.9432723,11796087.328165969,2304510.6599913216,0.9484742432832718,0.9484742432832718,0.9484742432832718
278.jpeg,0.942761,11806777.45714297,2353139.9629573016,0.962682507932186,0.962682507932186,0.962682507932186
864.jpeg,0.9424722,11795385.50438747,2306241.1180465072,0.0896365717053413,0.958075761795044,0.5238561667501926
316.jpeg,0.9421167,11800839.261743344,2347514.589055621,0.9669692069292068,0.9669692069292068,0.9669692069292068
314.jpeg,0.941592,11797322.518141732,2350656.778672333,0.9641123116016388,0.9641123116016388,0.9641123116016388
899.jpeg,0.9408178,11794447.492952926,2288304.9876491874,0.9517472237348557,0.9517472237348557,0.9517472237348557
260.jpeg,0.9407476,11806043.916031664,2377317.515803632,0.4482493158429861,0.4482493158429861,0.4482493158429861
339.jpeg,0.94069415,11798067.450637108,2345895.246464673,0.9622612446546556,0.9622612446546556,0.9622612446546556
571.jpeg,0.9406432,11840197.24555944,1116468.0278678522,0.197434582747519,0.977547951042652,0.5874912668950855
21.jpeg,0.9405405,11762518.949965758,1168168.7525632647,0.964512050151825,0.964512050151825,0.964512050151825
307.jpeg,0.9403362,11802570.278493382,2352192.793734916,0.9600685462355614,0.9600685462355614,0.9600685462355614
467.jpeg,0.94028974,11700989.38754524,1199900.9349380855,0.2190013788640499,0.2190013788640499,0.2190013788640499
266.jpeg,0.94007415,11803925.708691671,2381499.13304657,0.9643654748797416,0.9643654748797416,0.9643654748797416
421.jpeg,0.9399465,11794661.463545924,2299274.3913870654,0.9606777280569077,0.9606777280569077,0.9606777280569077
53.jpeg,0.93970746,11872267.585000535,1168302.560093922,0.1274962034076452,0.9587523713707924,0.5431242873892188
916.jpeg,0.93940985,11773716.66009003,1152415.775904135,0.9595625400543212,0.9595625400543212,0.9595625400543212
247.jpeg,0.9382253,11802172.491745489,2378944.87591458,0.9652870073914528,0.9652870073914528,0.9652870073914528
115.jpeg,0.9380754,11795307.10631763,2306209.09703906,0.9251226857304572,0.958075761795044,0.9415992237627506
385.jpeg,0.9379222,11787807.120938832,2330012.6164068445,0.954260841012001,0.954260841012001,0.954260841012001
995.jpeg,0.93773985,11798024.35478816,2434297.075759122,0.9559793695807456,0.9559793695807456,0.9559793695807456
387.jpeg,0.93763953,11788494.07684759,2332663.0347808334,0.949756920337677,0.9573209807276726,0.9535389505326748
348.jpeg,0.93748987,11790391.793251405,2338454.9704636885,0.94284850358963,0.94284850358963,0.94284850358963
218.jpeg,0.9372519,11815200.45194638,2382114.190968204,0.9582877829670906,0.9582877829670906,0.9582877829670906
360.jpeg,0.93719006,11797209.287876137,2339308.093684458,0.9618438109755516,0.9720098674297332,0.9669268392026424
469.jpeg,0.9371375,11701990.132326877,1199137.2963022029,0.9686522632837296,0.9686522632837296,0.9686522632837296
886.jpeg,0.93679035,11785606.160310311,2291696.90793454,0.96780913323164,0.96780913323164,0.96780913323164
543.jpeg,0.93646353,11792791.466043675,1145399.912020592,0.1687496658414602,0.3702402506023645,0.26949495822191233
106.jpeg,0.9362641,11821795.855437968,2425011.327811695,0.951641783118248,0.951641783118248,0.951641783118248
583.jpeg,0.9358776,11838120.35952382,1158805.7034486216,0.9617846310138702,0.9617846310138702,0.9617846310138702
47.jpeg,0.93571174,11796753.62031947,1147179.1378926558,0.9678435623645782,0.9678435623645782,0.9678435623645782
235.jpeg,0.93538153,11807581.37514268,2384917.6354935924,0.9598444774746896,0.9598444774746896,0.9598444774746896
912.jpeg,0.93537503,11774950.248829396,1150913.8734651916,0.965701311826706,0.965701311826706,0.965701311826706
165.jpeg,0.9349698,11794553.54331242,2420361.6201512623,0.9651272222399712,0.9651272222399712,0.9651272222399712
361.jpeg,0.93464065,11797212.285458649,2339310.7003756543,0.9618438109755516,0.9720098674297332,0.9669268392026424
390.jpeg,0.9345771,11791376.861699363,2325907.707923485,0.959510326385498,0.959510326385498,0.959510326385498
333.jpeg,0.93445,11794893.781206494,2344911.284886244,0.5512075815349817,0.9632725045084952,0.7572400430217385
515.jpeg,0.9339419,11759981.44912442,1167438.7721003152,0.9684547930955888,0.9684547930955888,0.9684547930955888
145.jpeg,0.9336889,11789726.30880627,2432475.867566213,0.9524725675582886,0.9524725675582886,0.9524725675582886
875.jpeg,0.93318844,11796255.958250714,2303496.2366511,0.9580996856093408,0.9580996856093408,0.9580996856093408
140.jpeg,0.9330584,11793993.562838295,2436253.1412167875,0.2180428737774491,0.9552324414253236,0.5866376576013863
40.jpeg,0.93201226,11791971.693491291,1141557.2031293856,0.1383049264550209,0.9499876797199248,0.5441463030874729
382.jpeg,0.9314625,11788103.88302101,2327370.661349895,0.9587297365069388,0.9587297365069388,0.9587297365069388
335.jpeg,0.9313871,11797661.569664344,2345523.9316138937,0.9655982553958892,0.9655982553958892,0.9655982553958892
956.jpeg,0.93055737,11697857.101626966,1195204.298134212,0.9580943733453752,0.9580943733453752,0.9580943733453752
925.jpeg,0.93032897,11737227.225135528,1162374.8712169996,0.9615230783820152,0.9615230783820152,0.9615230783820152
407.jpeg,0.93023497,11794274.156651288,2308024.450410132,0.9637916162610054,0.9637916162610054,0.9637916162610054
905.jpeg,0.93022263,11772755.47106135,1153874.9006196684,0.1361964652314782,0.6963577196002007,0.41627709241583943
678.jpeg,0.9298513,11798672.374559196,1145351.4435958536,0.1082441862672567,0.9598345831036568,0.5370898799349865
898.jpeg,0.9284819,11790186.405746268,2291884.082651886,0.942497394979,0.942497394979,0.942497394979
325.jpeg,0.9283536,11788983.221473144,2350171.9744676035,0.962781734764576,0.962781734764576,0.962781734764576
572.jpeg,0.928208,11840201.485557431,1116464.7995141856,0.197434582747519,0.977547951042652,0.5874912668950855
426.jpeg,0.92807674,11793649.553239755,2295821.430545398,0.9709007292985916,0.9709007292985916,0.9709007292985916
347.jpeg,0.92758024,11789798.436169064,2341087.644417765,0.9563707411289216,0.9563707411289216,0.9563707411289216
11.jpeg,0.9272937,11738276.185494555,1159502.4204072603,0.8475331515073776,0.9700733199715614,0.9088032357394695
909.jpeg,0.9271987,11773628.918180712,1151625.1278133248,0.964408777654171,0.964408777654171,0.964408777654171
917.jpeg,0.9270355,11771229.343900103,1157047.9650739806,0.9409253224730492,0.9409253224730492,0.9409253224730492
702.jpeg,0.92675763,11840272.17756327,1145357.1480095277,0.9633923694491386,0.9633923694491386,0.9633923694491386
892.jpeg,0.92628825,11786229.988517422,2289957.3620507694,0.966280110180378,0.966280110180378,0.966280110180378
456.jpeg,0.9255662,11840450.623299932,2331664.9329775907,0.957462064921856,0.957462064921856,0.957462064921856
457.jpeg,0.92530024,11840359.630696522,2331654.4531278578,0.957462064921856,0.957462064921856,0.957462064921856
884.jpeg,0.9243307,11797592.810705224,2303397.193175232,0.8094787709414959,0.8094787709414959,0.8094787709414959
598.jpeg,0.92425597,11869643.608873066,1167058.3231728785,0.4520944654941559,0.4520944654941559,0.4520944654941559
192.jpeg,0.9242485,11818062.828387482,2423775.805755314,0.9629387930035592,0.9629387930035592,0.9629387930035592
425.jpeg,0.92356205,11793861.835378638,2296204.035380757,0.6333787851035595,0.6333787851035595,0.6333787851035595
44.jpeg,0.9224075,11796623.077044375,1147438.268845138,0.6469987444579601,0.6469987444579601,0.6469987444579601
976.jpeg,0.922271,11812752.484192085,1265675.1051582885,0.9564619734883308,0.9564619734883308,0.9564619734883308
882.jpeg,0.9221831,11795321.251251284,2301010.1043290747,0.1033533085137605,0.9586270228028296,0.530990165658295
123.jpeg,0.9221601,11798178.084217452,2434370.571557921,0.9559793695807456,0.9602025970816612,0.9580909833312035
386.jpeg,0.9220109,11788219.077671569,2332663.426674993,0.3399851359426975,0.941918320953846,0.6409517284482718
856.jpeg,0.9218194,11875402.707945645,1160632.02314499,0.2371264714747667,0.8761927559971809,0.5566596137359738
411.jpeg,0.9217814,11789715.925070465,2307748.536183615,0.9674631059169768,0.9674631059169768,0.9674631059169768
147.jpeg,0.92109334,11792982.963598317,2433416.721673532,0.959564872086048,0.959564872086048,0.959564872086048
181.jpeg,0.92084944,11801751.893252237,2429277.143495138,0.1014939974993467,0.9646837785840034,0.5330888880416751
399.jpeg,0.9205658,11795124.830685908,2329175.235061286,0.9490459486842155,0.9490459486842155,0.9490459486842155
134.jpeg,0.9203518,11799114.271156304,2439375.760035797,0.9579502046108246,0.9579502046108246,0.9579502046108246
393.jpeg,0.9195709,11790786.102815934,2329019.406214605,0.2741721831262111,0.9415899217128754,0.6078810524195433
942.jpeg,0.919428,11758429.25733156,1170366.0680123067,0.95857472717762,0.95857472717762,0.95857472717762
636.jpeg,0.9190937,11791392.495670944,2335319.080918385,0.9588439539074898,0.9588439539074898,0.9588439539074898
761.jpeg,0.91859907,11810314.880559877,1174747.15557426,0.9449455589056016,0.9635587111115456,0.9542521350085735
395.jpeg,0.9183794,11789927.405241024,2332967.3016189407,0.9522533267736436,0.9522533267736436,0.9522533267736436
508.jpeg,0.917558,11757526.16259542,1172967.4473279836,0.9703295677900314,0.9703295677900314,0.9703295677900314
293.jpeg,0.91700953,11806504.385447964,2349660.271923481,0.0847467696294188,0.9579972922801973,0.521372030954808
889.jpeg,0.9169502,11786228.855121816,2289958.1855446924,0.966280110180378,0.966280110180378,0.966280110180378
184.jpeg,0.91640735,11799846.586625217,2434870.290412551,0.9571006819605828,0.9571006819605828,0.9571006819605828
109.jpeg,0.9164023,11788914.120604914,2338878.2050667224,0.9489520266652108,0.9489520266652108,0.9489520266652108
672.jpeg,0.9160446,11797303.79069434,1148026.8708058477,0.0974539583548903,0.1698203533887863,0.1336371558718383
5.jpeg,0.9157847,11700169.13612262,1199690.9121392516,0.9687057435512544,0.9687057435512544,0.9687057435512544
984.jpeg,0.915717,11818887.011668878,1279033.3033816463,0.8342663496732712,0.8342663496732712,0.8342663496732712
585.jpeg,0.91564274,11836911.70222539,1158940.3853177114,0.921164497733116,0.9580303952097892,0.9395974464714526
152.jpeg,0.91550356,11795573.175337048,2428211.2200523564,0.1281427834182977,0.4508190620690584,0.2894809227436781
810.jpeg,0.9137645,11838105.834234891,1161536.6504122308,0.965238019824028,0.965238019824028,0.965238019824028
138.jpeg,0.9128294,11795196.439914849,2439002.0116912243,0.9554309844970704,0.9554309844970704,0.9554309844970704
381.jpeg,0.9126292,11788126.87101101,2327350.674638943,0.2129740798845887,0.9587297365069388,0.5858519081957637
616.jpeg,0.9123507,11813942.514743043,1270356.7430055933,0.4589233975857496,0.9604428708553314,0.7096831342205405
279.jpeg,0.9119531,11806907.586143931,2352930.2881163987,0.962682507932186,0.962682507932186,0.962682507932186
519.jpeg,0.9104464,11763649.167302042,1167088.3373027905,0.5082709975540638,0.7479811981320381,0.628126097843051
945.jpeg,0.9095025,11759220.758191554,1170221.8451724588,0.3368428610265255,0.3368428610265255,0.3368428610265255
476.jpeg,0.9088851,11703894.627784535,1194931.3602879029,0.3539282865822315,0.9634125530719756,0.6586704198271036
230.jpeg,0.90814,11809273.384795684,2382240.4164482104,0.961297906935215,0.961297906935215,0.961297906935215
599.jpeg,0.90730166,11871031.350956265,1170586.864325196,0.962875060737133,0.962875060737133,0.962875060737133
146.jpeg,0.90729064,11793053.567495378,2432632.326479058,0.9547175616025924,0.9547175616025924,0.9547175616025924
429.jpeg,0.90568054,11785530.830986816,2291955.314175506,0.9630110785365104,0.9630110785365104,0.9630110785365104
861.jpeg,0.9056304,11796196.637393368,2303475.9705778263,0.9580996856093408,0.9580996856093408,0.9580996856093408
498.jpeg,0.9049127,11755002.675099105,1169831.3892161082,0.9652086496353148,0.9652086496353148,0.9652086496353148
867.jpeg,0.90479875,11796014.009011503,2303031.209908599,0.2860737107694149,0.2860737107694149,0.2860737107694149
665.jpeg,0.90410453,11796395.68650864,1145901.426125973,0.6641596257686615,0.9594149738550186,0.8117872998118401
338.jpeg,0.90393585,11796558.28869068,2348808.7757003866,0.936776615679264,0.9675161838531494,0.9521463997662067
412.jpeg,0.9021449,11792191.234424489,2307604.5896356725,0.9584862664341928,0.9584862664341928,0.9584862664341928
369.jpeg,0.89984435,11797039.631222213,2327366.2070116163,0.8854261562228203,0.8854261562228203,0.8854261562228203
487.jpeg,0.8990285,11734730.907577563,1159969.6045846196,0.7695293948054314,0.9686222299933434,0.8690758123993874
628.jpeg,0.89637613,11788957.492177757,2338943.438733194,0.9489520266652108,0.9489520266652108,0.9489520266652108
626.jpeg,0.89632577,11804048.331233166,2374915.3981100777,0.9614736437797546,0.9614736437797546,0.9614736437797546
760.jpeg,0.8953979,11810308.478826055,1174747.475660438,0.9449455589056016,0.9635587111115456,0.9542521350085735
324.jpeg,0.8947311,11793319.19779613,2351857.0261298227,0.9682980179786682,0.9691644832491876,0.9687312506139278
858.jpeg,0.894723,11874492.290325196,1160267.2724101052,0.965819515287876,0.965819515287876,0.965819515287876
48.jpeg,0.89413375,11798219.42261105,1147356.1614983098,0.9616723209619522,0.9616723209619522,0.9616723209619522
849.jpeg,0.89413357,11874904.896291628,1160025.078004248,0.9590278938412666,0.9590278938412666,0.9590278938412666
35.jpeg,0.89338803,11791032.542694231,1136954.3778489237,0.9631712585687636,0.9631712585687636,0.9631712585687636
424.jpeg,0.89274627,11796599.877077056,2296492.644977198,0.9522395133972168,0.9522395133972168,0.9522395133972168
968.jpeg,0.8924484,11811547.891609516,1267731.6714246548,0.9534820839762688,0.9534820839762688,0.9534820839762688
669.jpeg,0.8913361,11797058.27520565,1147789.4821290518,0.9604349210858344,0.9604349210858344,0.9604349210858344
84.jpeg,0.8911839,11813015.316859428,1164961.705742088,0.0953228725120425,0.437589855864644,0.24549265671521422
36.jpeg,0.8876816,11793789.728175078,1136641.0137041423,0.9565845802426338,0.9565845802426338,0.9565845802426338
902.jpeg,0.88717645,11771476.550434869,1153976.0088475945,0.955726593732834,0.955726593732834,0.955726593732834
921.jpeg,0.8869546,11735165.270966068,1163271.9883692036,0.9645940139889716,0.9645940139889716,0.9645940139889716
212.jpeg,0.885917,11805007.050032653,2384478.3983988147,0.9576283097267152,0.9576283097267152,0.9576283097267152
383.jpeg,0.88485897,11788512.445093874,2329882.62578762,0.9568708911538124,0.9568708911538124,0.9568708911538124
887.jpeg,0.884591,11790073.29355662,2291828.132372953,0.942497394979,0.942497394979,0.942497394979
404.jpeg,0.88275325,11793955.134124655,2308331.752157813,0.7108543375506997,0.9640171080827712,0.8374357228167355
439.jpeg,0.8820416,11838515.087443303,2326031.5211785072,0.9501763209700584,0.9501763209700584,0.9501763209700584
816.jpeg,0.882033,11839609.579806233,1159245.432776999,0.0869263838976621,0.9600112587213516,0.5234688213095069
704.jpeg,0.88079596,11837688.794823457,1149133.5924863163,0.1056099226698279,0.9762463197112085,0.5409281211905181
479.jpeg,0.8762594,11733539.901815882,1166998.0728378354,0.3520686831325292,0.3520686831325292,0.3520686831325292
2.jpeg,0.874999,11693603.827179415,1194228.9003213013,0.96681210398674,0.96681210398674,0.96681210398674
14.jpeg,0.87463886,11739551.053419355,1157887.3209547093,0.9631870463490486,0.9631870463490486,0.9631870463490486
686.jpeg,0.8738208,11793549.62045443,1147111.0205761527,0.9508576914668084,0.9508576914668084,0.9508576914668084
0.jpeg,0.8737586,11696660.957958722,1194928.718424968,0.95647781342268,0.95647781342268,0.95647781342268
879.jpeg,0.8730445,11797514.8405636,2303192.8195377034,0.8580988012254238,0.8580988012254238,0.8580988012254238
847.jpeg,0.8723731,11873248.335384795,1168277.092019111,0.9604038968682288,0.9604038968682288,0.9604038968682288
552.jpeg,0.87144226,11801240.012081694,1153132.134769121,0.9543948769569396,0.9543948769569396,0.9543948769569396
627.jpeg,0.87102425,11789187.760700583,2336774.4552249303,0.9589903652668,0.9589903652668,0.9589903652668
720.jpeg,0.86989653,11837349.478490736,1110197.025874255,0.9566781371831894,0.9566781371831894,0.9566781371831894
103.jpeg,0.8691218,11821196.410936076,2425499.34615936,0.6496196128427982,0.9543415382504464,0.8019805755466223
770.jpeg,0.86805713,11817198.985243011,1171575.2570682324,0.9580506309866904,0.9580506309866904,0.9580506309866904
621.jpeg,0.8661615,11808184.498305382,2387635.4341491074,0.9640033021569252,0.9640033021569252,0.9640033021569252
199.jpeg,0.86547244,11822911.134377116,2426764.6301610544,0.2745080590248108,0.962499238550663,0.6185036487877369
524.jpeg,0.86500084,11770295.865739567,1155148.0006821873,0.9581470116972924,0.9581470116972924,0.9581470116972924
454.jpeg,0.8648137,11838555.794611784,2330600.300658479,0.9157394766807556,0.9157394766807556,0.9157394766807556
516.jpeg,0.86365813,11759022.676961428,1167044.6260355455,0.9680049568414688,0.9680049568414688,0.9680049568414688
376.jpeg,0.86350113,11790222.714194736,2322755.556529947,0.949507012963295,0.949507012963295,0.949507012963295
661.jpeg,0.8627632,11795475.367828978,1146956.5724918584,0.5029841000214219,0.953552395105362,0.7282682475633919
248.jpeg,0.8624309,11802227.155208943,2378816.38950597,0.9652870073914528,0.9652870073914528,0.9652870073914528
673.jpeg,0.85993534,11797688.900222745,1146201.9740641357,0.9570060223340988,0.9570060223340988,0.9570060223340988
553.jpeg,0.8591303,11800836.65025018,1150434.5381623297,0.5031403694301844,0.5031403694301844,0.5031403694301844
104.jpeg,0.85674936,11822248.43603675,2424387.9055292606,0.1550287855789065,0.8379287868738174,0.496478786226362
435.jpeg,0.85548633,11836833.214371912,2324766.8669598214,0.1009283950552344,0.1009283950552344,0.1009283950552344
631.jpeg,0.85542464,11790563.516462862,2337393.688784766,0.0940899131819605,0.9577763825654984,0.5259331478737295
698.jpeg,0.8535971,11837801.632207256,1149116.884042519,0.1056099226698279,0.8919382989406586,0.49877411080524325
388.jpeg,0.85245943,11786906.24363956,2321565.136844457,0.964556522667408,0.964556522667408,0.964556522667408
818.jpeg,0.85028833,11840161.034155084,1159463.6509839466,0.0850932281464338,0.9545232355594636,0.5198082318529487
645.jpeg,0.847583,11790646.388783928,2337843.9161399147,0.9613863006234168,0.9613863006234168,0.9613863006234168
216.jpeg,0.8474473,11816076.74597584,2384369.952460694,0.9608659744262696,0.9608659744262696,0.9608659744262696
717.jpeg,0.84411764,11844976.47599766,1145676.9397475545,0.9692364409565926,0.9692364409565926,0.9692364409565926
890.jpeg,0.84367514,11789847.604620373,2291677.219538508,0.947706364095211,0.947706364095211,0.947706364095211
974.jpeg,0.84362644,11812286.27379064,1266594.845402673,0.9364549219608308,0.9364549219608308,0.9364549219608308
38.jpeg,0.8434275,11792427.023540424,1139846.1729406011,0.0980371609330177,0.9654603004455566,0.5317487306892872
548.jpeg,0.8427495,11798832.566716276,1151160.5226573786,0.9505198001861572,0.9505198001861572,0.9505198001861572
490.jpeg,0.84131354,11732208.49163558,1161279.348851165,0.967966504395008,0.967966504395008,0.967966504395008
195.jpeg,0.8376849,11818711.306866908,2425433.401750705,0.9668309912085532,0.9668309912085532,0.9668309912085532
197.jpeg,0.8356644,11819123.334102483,2428200.225538456,0.9508132338523864,0.9508132338523864,0.9508132338523864
177.jpeg,0.83492047,11796698.107861577,2426833.6565500773,0.9590495675802232,0.9590495675802232,0.9590495675802232
462.jpeg,0.8346827,11838438.669901758,2323033.6480521704,0.964215822517872,0.964215822517872,0.964215822517872
522.jpeg,0.8313502,11771865.007997742,1154634.5391376112,0.9218898937106133,0.9218898937106133,0.9218898937106133
243.jpeg,0.8297115,11805259.582531374,2379246.348894711,0.8877207636833191,0.942253515124321,0.91498713940382
237.jpeg,0.82892025,11802836.053385586,2383895.247742411,0.9555481374263765,0.9555481374263765,0.9555481374263765
939.jpeg,0.826843,11735084.048702164,1164697.3573043777,0.949914462864399,0.949914462864399,0.949914462864399
337.jpeg,0.8223407,11793882.581841445,2347691.5148734213,0.9490323141217232,0.9490323141217232,0.9490323141217232
663.jpeg,0.8213057,11795670.093139704,1147382.3112694356,0.963847890496254,0.963847890496254,0.963847890496254
187.jpeg,0.8208041,11826591.857267767,2426050.8711259435,0.9537953063845634,0.9537953063845634,0.9537953063845634
249.jpeg,0.82029307,11803212.741932908,2376840.6835241187,0.93635955452919,0.93635955452919,0.93635955452919
528.jpeg,0.81930876,11773635.465136671,1153232.6378429595,0.9558414593338966,0.9558414593338966,0.9558414593338966
597.jpeg,0.81905067,11811496.821068777,1161168.5544018014,0.939685270190239,0.939685270190239,0.939685270190239
1.jpeg,0.8129151,11693606.257765992,1194226.1473003116,0.96681210398674,0.96681210398674,0.96681210398674
600.jpeg,0.81032646,11873004.385400703,1168444.2106975734,0.9317385628819466,0.9317385628819466,0.9317385628819466
410.jpeg,0.809296,11789867.302707065,2307802.35021308,0.1723975036293268,0.9674631059169768,0.5699303047731518
264.jpeg,0.80839944,11797698.926612632,2380157.381641229,0.9602351635694504,0.9602351635694504,0.9602351635694504
646.jpeg,0.80465,11790682.393483782,2337059.46207244,0.928019791841507,0.928019791841507,0.928019791841507
888.jpeg,0.8042582,11791826.10054964,2292486.9810415725,0.956453487277031,0.956453487277031,0.956453487277031
354.jpeg,0.80403936,11792955.200863142,2335825.4458731515,0.9579629078507425,0.9579629078507425,0.9579629078507425
441.jpeg,0.8028841,11838946.024110183,2325941.7840308063,0.9565749242901802,0.9565749242901802,0.9565749242901802
934.jpeg,0.79747885,11742694.068117429,1155879.8872347046,0.9672389402985572,0.9672389402985572,0.9672389402985572
633.jpeg,0.7969505,11790618.625702957,2337849.218258889,0.9613863006234168,0.9613863006234168,0.9613863006234168
859.jpeg,0.79559433,11841955.180673271,2329056.281391333,0.1004121340811252,0.9656249061226844,0.5330185201019048
748.jpeg,0.7954115,11836886.345990391,1110973.6162619672,0.9283866956830024,0.9283866956830024,0.9283866956830024
52.jpeg,0.7894901,11838429.46900708,1148825.348248855,0.2035743445158004,0.7378506064414978,0.4707124754786491
650.jpeg,0.7877162,11790860.19552126,1146568.976636122,0.8948279544711113,0.8948279544711113,0.8948279544711113
287.jpeg,0.7857071,11805563.566515686,2350034.648603688,0.0,0.0,0.0
993.jpeg,0.7851277,11795388.914661288,2427619.0876922086,0.9187760651111604,0.9187760651111604,0.9187760651111604
172.jpeg,0.7786464,11794439.97175877,2424291.462906076,0.9593632072210312,0.9593632072210312,0.9593632072210312
153.jpeg,0.77671534,11794974.499195866,2425841.928720858,0.9588501825928688,0.9588501825928688,0.9588501825928688
186.jpeg,0.77369225,11826468.36015245,2426096.7323668534,0.9537953063845634,0.9537953063845634,0.9537953063845634
775.jpeg,0.7640998,11819914.356894026,1163306.1273590352,0.9689098373055458,0.9689098373055458,0.9689098373055458
198.jpeg,0.76248217,11821850.232253088,2426794.2375704986,0.9497757628560066,0.9497757628560066,0.9497757628560066
477.jpeg,0.76184887,11699544.257653993,1190449.1348180822,0.9704984202980996,0.9704984202980996,0.9704984202980996
764.jpeg,0.7557998,11812724.01339374,1170087.17368608,0.7449706867337227,0.7449706867337227,0.7449706867337227
762.jpeg,0.7522374,11810311.199562935,1174747.3156173103,0.9449455589056016,0.9635587111115456,0.9542521350085735
943.jpeg,0.7501259,11757662.864856113,1171521.022026732,0.9578471332788469,0.9578471332788469,0.9578471332788469
240.jpeg,0.74887663,11806052.764002014,2382087.823612408,0.9619927853345872,0.9619927853345872,0.9619927853345872
641.jpeg,0.74767876,11792194.155852702,2336765.657572993,0.9530776366591454,0.9530776366591454,0.9530776366591454
962.jpeg,0.7471791,11809261.05847996,1270180.3254780138,0.962573565542698,0.962573565542698,0.962573565542698
409.jpeg,0.743554,11796978.051678777,2307584.1222629887,0.9651132598519324,0.9651132598519324,0.9651132598519324
227.jpeg,0.7308802,11812000.22743876,2382195.35846467,0.9598665833473206,0.9598665833473206,0.9598665833473206
120.jpeg,0.7305489,11787145.55561614,2294995.363161852,0.9281916916370392,0.9281916916370392,0.9281916916370392
488.jpeg,0.72184026,11734744.898505034,1161180.0035315803,0.1164841745048761,0.9511187970638276,0.5338014857843518
489.jpeg,0.7204442,11734746.315090748,1161177.500767662,0.1164841745048761,0.9511187970638276,0.5338014857843518
433.jpeg,0.7199895,11836285.202377072,2324467.8846267355,0.966773271560669,0.966773271560669,0.966773271560669
747.jpeg,0.7141225,11837706.377100969,1112002.5982716605,0.9521586894989014,0.9521586894989014,0.9521586894989014
178.jpeg,0.708421,11795636.512060251,2427032.9962692102,0.9511727020144464,0.9511727020144464,0.9511727020144464
668.jpeg,0.7019999,11797053.132070305,1147795.1948154103,0.9604349210858344,0.9604349210858344,0.9604349210858344
971.jpeg,0.70141184,11811902.333914155,1266334.0036325736,0.958848387002945,0.958848387002945,0.958848387002945
860.jpeg,0.69795966,11836954.30609591,2325821.8052716195,0.9587625190615654,0.9587625190615654,0.9587625190615654
137.jpeg,0.69431216,11796794.710534552,2440522.3931411817,0.9510080814361572,0.9510080814361572,0.9510080814361572
533.jpeg,0.69046247,11784181.492024602,1126405.8459836878,0.7554841339588165,0.8050773218274117,0.7802807278931141
66.jpeg,0.6903607,11834210.637607783,1161557.124769137,0.7864824309945107,0.7864824309945107,0.7864824309945107
87.jpeg,0.68815196,11814355.735715011,1164984.2717781083,0.970382884144783,0.970382884144783,0.970382884144783
691.jpeg,0.67967737,11841052.2044914,1142631.3332501785,0.2579942177981138,0.2579942177981138,0.2579942177981138
434.jpeg,0.67791194,11836809.93580757,2324928.149612097,0.1009283950552344,0.1009283950552344,0.1009283950552344
318.jpeg,0.6747246,11798928.946534788,2352031.868128506,0.9656856656074524,0.9656856656074524,0.9656856656074524
822.jpeg,0.6733228,11841022.234831655,1158835.0154463244,0.8541557416319847,0.8541557416319847,0.8541557416319847
933.jpeg,0.6690394,11742691.436522532,1155881.919154005,0.9672389402985572,0.9672389402985572,0.9672389402985572
241.jpeg,0.6669533,11806044.1020094,2382020.231398024,0.9619927853345872,0.9619927853345872,0.9619927853345872
213.jpeg,0.6663316,11809966.090803403,2385567.5547255534,0.9580875784158708,0.9580875784158708,0.9580875784158708
632.jpeg,0.66320086,11790681.72707635,2337056.8433170426,0.928019791841507,0.928019791841507,0.928019791841507
582.jpeg,0.65835625,11839514.279561205,1159271.2176308583,0.9600112587213516,0.9600112587213516,0.9600112587213516
343.jpeg,0.65825135,11792243.153979553,2342315.429911821,0.9427261427044868,0.9427261427044868,0.9427261427044868
828.jpeg,0.6560668,11840895.899041526,1162593.374841928,0.167812711559236,0.9765517264604568,0.5721822190098464
285.jpeg,0.65599954,11805993.311378617,2351981.724498863,0.9508152827620506,0.9508152827620506,0.9508152827620506
689.jpeg,0.65585834,11837691.275383364,1149133.37393891,0.1056099226698279,0.9762463197112085,0.5409281211905181
275.jpeg,0.65289825,11808787.171261778,2353857.2127260906,0.0847052233293652,0.9461397603154182,0.5154224918223917
896.jpeg,0.6464252,11791076.60875144,2291282.663105165,0.9578091353178024,0.9578091353178024,0.9578091353178024
906.jpeg,0.6456459,11772946.954377389,1152172.1422034567,0.5847982075065374,0.9604294896125792,0.7726138485595584
189.jpeg,0.6450118,11819480.413208788,2422272.484257005,0.9532542005181311,0.9532542005181311,0.9532542005181311
329.jpeg,0.6385456,11791126.72927088,2346953.8008115487,0.9556170031428336,0.9556170031428336,0.9556170031428336
894.jpeg,0.6354908,11791014.640055472,2291245.728975431,0.0926675209775567,0.9578091353178024,0.5252383281476796
102.jpeg,0.63488305,11837321.605585638,2326074.9938525776,0.9579008296132088,0.9579008296132088,0.9579008296132088
848.jpeg,0.6299157,11873981.542227222,1159073.321870553,0.4672746546566486,0.9624254256486892,0.7148500401526688
538.jpeg,0.6278366,11787355.581996389,1120448.8393511982,0.4430463593453169,0.780867226421833,0.611956792883575
377.jpeg,0.6269156,11789868.4418567,2319425.100786501,0.3328470829874277,0.3328470829874277,0.3328470829874277
391.jpeg,0.62586176,11791365.69117429,2325808.6646018378,0.959510326385498,0.959510326385498,0.959510326385498
371.jpeg,0.61926454,11793388.090746762,2323495.085999265,0.8955977484583855,0.8955977484583855,0.8955977484583855
865.jpeg,0.61461854,11796164.829406098,2302675.955672513,0.960317574441433,0.960317574441433,0.960317574441433
565.jpeg,0.6049598,11802491.154860822,1136152.5154764005,0.3373182415962219,0.95452418923378,0.6459212154150009
670.jpeg,0.6029302,11797069.585296536,1147394.0380330223,0.1074485555291175,0.1803647726774215,0.1439066641032695
699.jpeg,0.60225713,11840369.490854828,1146790.1516237317,0.9547668397426604,0.9547668397426604,0.9547668397426604
570.jpeg,0.59649235,11801149.349935737,1140713.2508868244,0.3400248195976019,0.3400248195976019,0.3400248195976019
353.jpeg,0.59528494,11796028.990603106,2338777.5639283964,0.9504244849085808,0.9504244849085808,0.9504244849085808
771.jpeg,0.5908545,11817199.305325108,1171634.1530192737,0.6086345985531807,0.9580506309866904,0.7833426147699356
302.jpeg,0.5904447,11810565.094898265,2348045.4661156493,0.9469112083315848,0.9469112083315848,0.9469112083315848
406.jpeg,0.5802848,11794207.081817884,2308268.905556599,0.9640171080827712,0.9640171080827712,0.9640171080827712
541.jpeg,0.57867205,11796643.168046232,1139527.934368928,0.9656202346086502,0.9656202346086502,0.9656202346086502
647.jpeg,0.572952,11788334.69898906,1148811.428957372,0.7390076667070389,0.939066894352436,0.8390372805297375
809.jpeg,0.5644413,11839004.093471592,1162273.1550205862,0.741029903292656,0.9619152471423148,0.8514725752174854
403.jpeg,0.5607632,11793289.642967,2309822.144726488,0.9621910527348518,0.9621910527348518,0.9621910527348518
22.jpeg,0.5528366,11772764.006579584,1151617.7645608366,0.95509135723114,0.95509135723114,0.95509135723114
908.jpeg,0.5496607,11773375.14309239,1152318.1335257734,0.0946540934965014,0.0946540934965014,0.0946540934965014
535.jpeg,0.54453975,11780040.110141857,1125923.8732906885,0.6130401641130447,0.6130401641130447,0.6130401641130447
820.jpeg,0.54360396,11840695.7099897,1159475.6148487262,0.1261985003948211,0.8076956812292337,0.46694709081202745
284.jpeg,0.5426263,11805880.324952288,2351987.3406005744,0.8697795905172825,0.9508152827620506,0.9102974366396666
595.jpeg,0.54023683,11812265.425955417,1164697.340917854,0.7439783811569214,0.9753286391496658,0.8891060302654902
208.jpeg,0.53754735,11821045.383245343,2424407.393167987,0.967694729566574,0.967694729566574,0.967694729566574
356.jpeg,0.5348229,11796398.40560094,2334736.8219441846,0.9605403915047646,0.9605403915047646,0.9605403915047646
660.jpeg,0.5266845,11795688.185538938,1147021.5969010862,0.19132218696177,0.953552395105362,0.572437291033566
630.jpeg,0.5201224,11790682.408133252,2337062.0845122,0.928019791841507,0.928019791841507,0.928019791841507
550.jpeg,0.5193276,11799569.810975011,1150593.8714556096,0.9751636311411858,0.9751636311411858,0.9751636311411858
171.jpeg,0.5191388,11796450.73533467,2422588.783591836,0.0916744684800505,0.1806188747286796,0.13614667160436505
709.jpeg,0.51096165,11843752.517968524,1142867.084087719,0.9074989408254625,0.9685927927494048,0.9380458667874336
667.jpeg,0.5023024,11796690.898668028,1147374.207086922,0.1803647726774215,0.9678435623645782,0.59840235983332
590.jpeg,0.49218953,11836161.667195352,1163645.4542562813,0.9582628160715104,0.9582628160715104,0.9582628160715104
359.jpeg,0.49121886,11796381.847186493,2338154.2692403826,0.6562560275197029,0.6562560275197029,0.6562560275197029
210.jpeg,0.48801148,11804728.234226856,2384875.2828029376,0.0891794227063655,0.959013931453228,0.5240966770797968
695.jpeg,0.48445287,11842116.180566752,1145229.2764207995,0.2939652260392904,0.3753356505185365,0.33465043827891344
61.jpeg,0.47554368,11840884.79648772,1162595.157056098,0.167812711559236,0.9765517264604568,0.5367251693581542
326.jpeg,0.47000557,11788964.574901711,2350104.9199331463,0.962781734764576,0.962781734764576,0.962781734764576
268.jpeg,0.46955976,11803190.9134015,2356407.262967811,0.9580902457237244,0.9580902457237244,0.9580902457237244
614.jpeg,0.46901417,11815707.93756987,1268242.937137168,0.3841495029628277,0.7136167921125889,0.5488831475377083
928.jpeg,0.45282656,11738535.469081333,1161078.3251425568,0.4796094745397568,0.9315204545855522,0.7507059549291929
806.jpeg,0.45140308,11837060.118339648,1162390.2641432143,0.9625285714864732,0.9625285714864732,0.9625285714864732
947.jpeg,0.4508755,11760404.26609411,1173165.4513410795,0.9688430726528168,0.9688430726528168,0.9688430726528168
922.jpeg,0.44885516,11834659.259375568,1157399.2609463749,0.3586076367646456,0.3586076367646456,0.3586076367646456
989.jpeg,0.44857135,11809477.571721358,1267127.1529388044,0.6254939287900925,0.964407943189144,0.7949509359896183
930.jpeg,0.44851094,11741332.59986586,1157007.677894011,0.9648884385824203,0.9648884385824203,0.9648884385824203
311.jpeg,0.44382972,11798748.56932406,2349011.860635066,0.9696135148406028,0.9696135148406028,0.9696135148406028
714.jpeg,0.43571365,11839649.070834244,1144833.4744982729,0.263698048889637,0.4757780889049172,0.3697380688972771
444.jpeg,0.4259456,11838310.2711843,2324345.4634785745,0.9239720702171326,0.9239720702171326,0.9239720702171326
866.jpeg,0.42394975,11799888.773915907,2299943.660591542,0.9609181061387062,0.9609181061387062,0.9609181061387062
196.jpeg,0.41149545,11819784.616724938,2427965.4284087503,0.9539264589548112,0.9627357646822928,0.958331111818552
236.jpeg,0.40189257,11802696.538377767,2383815.333572627,0.9555481374263765,0.9555481374263765,0.9555481374263765
700.jpeg,0.39918762,11844780.582972726,1147298.9825524748,0.9654056802392006,0.9654056802392006,0.9654056802392006
735.jpeg,0.39841822,11837503.989344325,1111383.6405298382,0.1007777815684676,0.6743124602362514,0.3875451209023595
779.jpeg,0.3933202,11820942.079253327,1168232.2719751813,0.8062696233391762,0.9653072208166122,0.8857884220778942
683.jpeg,0.3918528,11800223.415225515,1141914.596287704,0.9137077182531356,0.9137077182531356,0.9137077182531356
664.jpeg,0.38931406,11796239.433105525,1143523.5677743617,0.95195671916008,0.95195671916008,0.95195671916008
584.jpeg,0.38493344,11836286.879809633,1158242.492901775,0.9583558961749076,0.9583558961749076,0.9583558961749076
182.jpeg,0.3790191,11801428.496352054,2432531.8032269483,0.9406228587031364,0.9644415900111198,0.9525322243571281
655.jpeg,0.37768438,11794430.286436366,1136931.9438575064,0.9405145794153214,0.9761561378836632,0.9583353586494923
972.jpeg,0.37663275,11811894.651826032,1273285.0266564065,0.3869440145790577,0.4771888572722673,0.4320664359256625
482.jpeg,0.37469882,11736663.430787615,1162223.894911386,0.9541609212756156,0.9541609212756156,0.9541609212756156
453.jpeg,0.372792,11838646.867593369,2330439.34210313,0.8777800649404526,0.8777800649404526,0.8777800649404526
276.jpeg,0.37199444,11805248.454424994,2353194.6188189434,0.9597405269742012,0.9597405269742012,0.9597405269742012
105.jpeg,0.37050477,11823273.838750258,2425056.8150717244,0.0,0.0,0.0
288.jpeg,0.35789555,11805560.950991029,2350033.915280789,0.0,0.0,0.0
969.jpeg,0.35401982,11811729.487095537,1266344.0863635724,0.958848387002945,0.9655649363994598,0.9622066617012024
169.jpeg,0.33852074,11797333.528641328,2422852.254549093,0.936321035027504,0.936321035027504,0.936321035027504
254.jpeg,0.32939824,11802689.001193134,2375786.131883132,0.9643845483660698,0.9643845483660698,0.9643845483660698
491.jpeg,0.32848182,11731047.909845876,1161876.753169214,0.9623225703835488,0.9623225703835488,0.9623225703835488
253.jpeg,0.32773402,11802686.398661748,2375788.0270916936,0.9643845483660698,0.9643845483660698,0.9643845483660698
688.jpeg,0.32488102,11838918.883483157,1148665.0988657852,0.0850306497886776,0.9615056961774826,0.5232681729830801
194.jpeg,0.3177296,11818649.881039938,2425458.534929221,0.9668309912085532,0.9668309912085532,0.9668309912085532
323.jpeg,0.31714043,11793355.678903624,2351844.0558568058,0.9682980179786682,0.9691644832491876,0.9687312506139278
85.jpeg,0.3138849,11816779.11202715,1165184.9663275853,0.466810530051589,0.959960326552391,0.6569745000451803
946.jpeg,0.31005403,11759594.746526228,1170838.01006734,0.949375294148922,0.949375294148922,0.949375294148922
545.jpeg,0.30548748,11792779.985841954,1148287.7277143276,0.9502954557538033,0.9502954557538033,0.9502954557538033
540.jpeg,0.29847014,11784493.013527129,1123847.849648449,0.963815487921238,0.963815487921238,0.963815487921238
143.jpeg,0.29287595,11791349.786876066,2435526.1154871504,0.8101448193192482,0.8101448193192482,0.8101448193192482
624.jpeg,0.28621924,11798259.989338009,2378676.030824756,0.0978887462988495,0.9590579718351364,0.528473359066993
160.jpeg,0.27915934,11789671.371629337,2430823.0453098505,0.9457933455705644,0.9457933455705644,0.9457933455705644
998.jpeg,0.27397627,11800123.29207685,2425641.626064901,0.9516380354762076,0.9516380354762076,0.9516380354762076
873.jpeg,0.2724645,11796767.524730347,2302591.317240788,0.9518142938613892,0.9657758846879004,0.9587950892746449
384.jpeg,0.27187985,11788178.58718227,2329945.366009931,0.1367904795333743,0.785348653793335,0.46106956666335464
658.jpeg,0.26950485,11794885.77112196,1144861.361839839,0.4118196740746498,0.9631732404232024,0.7790844663977623
566.jpeg,0.268425,11802490.638785329,1136157.604108806,0.3373182415962219,0.95452418923378,0.6459212154150009
739.jpeg,0.26687348,11834624.61421551,1109275.1248191677,0.4947843458503485,0.4947843458503485,0.4947843458503485
141.jpeg,0.26676908,11793964.839715617,2436340.579868618,0.9552324414253236,0.9552324414253236,0.9552324414253236
990.jpeg,0.26546425,11809992.60247774,1268525.4184260345,0.96933963149786,0.96933963149786,0.96933963149786
295.jpeg,0.25865436,11806593.670625675,2349093.664356448,0.0838705860078334,0.9654227122664452,0.3960689464583993
298.jpeg,0.25656563,11808730.653662652,2346914.451065569,0.8258442841470242,0.8258442841470242,0.8258442841470242
926.jpeg,0.25593174,11737545.449137462,1161728.510692494,0.8467348217964172,0.8467348217964172,0.8467348217964172
283.jpeg,0.25455478,11806572.587117892,2351807.582318417,0.8653629384934902,0.8653629384934902,0.8653629384934902
452.jpeg,0.2544143,11839575.169407437,2329119.320425576,0.9566684141755104,0.9566684141755104,0.9566684141755104
19.jpeg,0.25224426,11760047.239594596,1173576.6322770456,0.9584358260035516,0.9584358260035516,0.9584358260035516
378.jpeg,0.2503347,11791159.637656102,2318329.037234789,0.1385137429460883,0.93556247651577,0.6626280716930827
620.jpeg,0.24517854,11794713.217243616,2342068.483973596,0.9254064112901688,0.9642406851053238,0.9448235481977463
537.jpeg,0.24505194,11785780.560279535,1118079.5022650652,0.8946675732731819,0.8946675732731819,0.8946675732731819
418.jpeg,0.24065523,11795367.27186376,2300862.591859988,0.9586270228028296,0.9586270228028296,0.9586270228028296
10.jpeg,0.23737065,11738343.022305757,1160081.5875469258,0.9617016837000848,0.9617016837000848,0.9617016837000848
124.jpeg,0.23593904,11798308.857540311,2434376.668616176,0.9602025970816612,0.9602025970816612,0.9602025970816612
224.jpeg,0.23534197,11810763.144188706,2379092.4990483737,0.1894466890953481,0.9620348736643792,0.5757407813798636
509.jpeg,0.23516549,11757063.432029372,1174113.956044036,0.9652175083756448,0.9652175083756448,0.9652175083756448
313.jpeg,0.23492625,11798403.103828195,2351248.271958471,0.962024450302124,0.962024450302124,0.962024450302124
495.jpeg,0.22970751,11755693.864365697,1166894.751551333,0.9596426486968994,0.9596426486968994,0.9596426486968994
520.jpeg,0.22423273,11769183.783575166,1159956.6559914895,0.9753434807062148,0.9753434807062148,0.9753434807062148
327.jpeg,0.22092173,11788965.540476946,2350110.9175420823,0.962781734764576,0.962781734764576,0.962781734764576
772.jpeg,0.21948412,11818510.796413396,1162496.4780438258,0.3533154837787151,0.3533154837787151,0.3533154837787151
112.jpeg,0.21202451,11791705.091278013,2336261.0138118463,0.9563720002770424,0.9563720002770424,0.9563720002770424
98.jpeg,0.2095058,11812757.351341149,1278048.07651155,0.5758613348007202,0.9047646224498748,0.7403129786252975
693.jpeg,0.20864329,11841277.56375534,1145477.516106289,0.9039661735296248,0.9039661735296248,0.9039661735296248
959.jpeg,0.20314613,11701413.251875794,1198098.7586220163,0.1836834866553545,0.9613167569041252,0.666696193938454
209.jpeg,0.19607078,11804657.166746223,2385240.55329966,0.959859862923622,0.959859862923622,0.959859862923622
953.jpeg,0.19527131,11761399.103592282,1169241.138515732,0.9668701514601707,0.9668701514601707,0.9668701514601707
938.jpeg,0.19029307,11736855.660549227,1161646.2556097747,0.8249044753611088,0.8249044753611088,0.8249044753611088
514.jpeg,0.18820284,11758995.635803573,1168844.8067805043,0.9689973741769792,0.9689973741769792,0.9689973741769792
273.jpeg,0.18353759,11806697.055474916,2354557.4379876866,0.9064867869019508,0.9599819183349608,0.9332343526184559
173.jpeg,0.1816536,11794398.216258012,2424347.897504076,0.9593632072210312,0.9593632072210312,0.9593632072210312
342.jpeg,0.18158525,11796558.746575864,2340012.3470921223,0.9642694517970084,0.9642694517970084,0.9642694517970084
843.jpeg,0.17870913,11869829.637097117,1167969.6876733224,0.9489538222551346,0.9489538222551346,0.9489538222551346
108.jpeg,0.17592065,11800375.6758179,2381555.12751012,0.9656734690070152,0.9656734690070152,0.9656734690070152
729.jpeg,0.17421609,11834525.617771637,1109262.003157874,0.4947843458503485,0.9480729475617408,0.7214286467060447
653.jpeg,0.17292479,11792039.28145553,1149039.5342429269,0.0918935490772128,0.6295440569519997,0.36071880301460624
985.jpeg,0.17227769,11809998.698281877,1268523.5567121836,0.96933963149786,0.96933963149786,0.96933963149786
501.jpeg,0.16905227,11753723.195310926,1174100.6250663565,0.9630649164319038,0.9630649164319038,0.9630649164319038
447.jpeg,0.16729662,11836270.802450122,2327480.994134975,0.9439441040158272,0.9439441040158272,0.9439441040158272
321.jpeg,0.16441657,11791074.82878952,2349226.9127417905,0.1027955841273069,0.9580173417925836,0.5304064629599452
346.jpeg,0.16207597,11789950.020004062,2341161.981377072,0.9563707411289216,0.9563707411289216,0.9563707411289216
245.jpeg,0.1616555,11803991.713037057,2378351.6642816057,0.9555298164486884,0.9555298164486884,0.9555298164486884
416.jpeg,0.16020195,11795735.73552014,2305206.595283652,0.9651681259274484,0.9651681259274484,0.9651681259274484
991.jpeg,0.1580984,11809909.69172086,1268125.9370562837,0.1576928934082389,0.1576928934082389,0.1576928934082389
649.jpeg,0.15704197,11789602.140397012,1149225.407025754,0.9557348638772964,0.9557348638772964,0.9557348638772964
914.jpeg,0.15519997,11773369.701312875,1152322.032412377,0.0946540934965014,0.0946540934965014,0.0946540934965014
996.jpeg,0.15373228,11800145.154170392,2425527.378995014,0.9516380354762076,0.9516380354762076,0.9516380354762076
819.jpeg,0.15303162,11840365.683581345,1159607.0223271782,0.1368416626937687,0.9545232355594636,0.5456824491266161
130.jpeg,0.15213002,11797028.23995584,2437931.3463194026,0.6136460937559605,0.6136460937559605,0.6136460937559605
355.jpeg,0.15042101,11796415.468897875,2334786.577943236,0.9605403915047646,0.9605403915047646,0.9605403915047646
950.jpeg,0.15033852,11760109.421051744,1170708.3393012069,0.965778946876526,0.965778946876526,0.965778946876526
826.jpeg,0.1452281,11833901.863953795,1162336.767125321,0.0947575476020574,0.9636687710881232,0.5292131593450903
119.jpeg,0.14262792,11788360.428129142,2290259.5209548543,0.9643640592694284,0.9643640592694284,0.9643640592694284
619.jpeg,0.14205831,11798258.402556594,2349545.319994258,0.654435271397233,0.654435271397233,0.654435271397233
372.jpeg,0.13874914,11792663.020749224,2323244.873498276,0.9413636326789856,0.9413636326789856,0.9413636326789856
464.jpeg,0.13846672,11699164.511074226,1196055.0243307769,0.0952212074771523,0.955170564353466,0.5251958859153092
151.jpeg,0.1368614,11794521.654186204,2429140.580285327,0.4181726006790995,0.4181726006790995,0.4181726006790995
174.jpeg,0.1346345,11796987.749187708,2424410.593192521,0.2535755941644311,0.66290482878685,0.4379066042602062
261.jpeg,0.13283391,11800310.46589275,2378095.61951186,0.9521593675017356,0.9521593675017356,0.9521593675017356
682.jpeg,0.13060974,11799630.376917308,1148074.9133456291,0.8656423315405846,0.9631101936101912,0.9283700337012609
731.jpeg,0.12981144,11838158.134155223,1108058.517531369,0.2513814587146044,0.9643999561667442,0.6078907074406743
830.jpeg,0.12887785,11835137.931355828,1157719.704715595,0.9556922316551208,0.9556922316551208,0.9556922316551208
758.jpeg,0.12681384,11837685.591381278,1111453.5984108222,0.6743124602362514,0.6743124602362514,0.6743124602362514
880.jpeg,0.12618007,11797009.208382284,2300166.7044719546,0.9614830538630486,0.9614830538630486,0.9614830538630486
370.jpeg,0.12590505,11795674.316691536,2324518.039184935,0.9590902328491212,0.9590902328491212,0.9590902328491212
211.jpeg,0.12501511,11804682.7225053,2384829.722289002,0.0891794227063655,0.959013931453228,0.5240966770797968
774.jpeg,0.12229985,11817720.795137266,1162209.540793015,0.9676633551716805,0.9676633551716805,0.9676633551716805
252.jpeg,0.12215523,11803552.244378902,2377346.94930658,0.1051277928054332,0.9597378820180892,0.5324328374117612
904.jpeg,0.11890484,11772717.859446203,1151712.9742247986,0.0839480645954608,0.95509135723114,0.5195197109133004
41.jpeg,0.11789423,11797918.954264708,1139288.191562238,0.9666616767644882,0.9666616767644882,0.9666616767644882
294.jpeg,0.1177499,11806019.46674114,2349823.4554666844,0.9564063623547554,0.9564063623547554,0.9564063623547554
315.jpeg,0.11685138,11800942.544894388,2347632.6719975043,0.9669692069292068,0.9669692069292068,0.9669692069292068
139.jpeg,0.11664916,11795164.23115387,2439041.2741327533,0.9554309844970704,0.9554309844970704,0.9554309844970704
422.jpeg,0.11636981,11794597.964901391,2299553.1348990262,0.9621739760041236,0.9632251709699632,0.9626995734870434
871.jpeg,0.11560372,11796724.410379594,2304393.026919251,0.097925548441708,0.7329008057713509,0.4154131771065294
907.jpeg,0.11330975,11772950.097184652,1152174.2402880222,0.5847982075065374,0.9604294896125792,0.7726138485595584
827.jpeg,0.11213759,11840965.431032632,1158360.255980536,0.2458007428795099,0.2458007428795099,0.2458007428795099
979.jpeg,0.11208863,11814073.321965383,1267500.0794867957,0.1506046932190656,0.1506046932190656,0.1506046932190656
262.jpeg,0.11201247,11798284.885040948,2378529.272462688,0.908605881035328,0.9590579718351364,0.9338319264352322
697.jpeg,0.111967646,11842882.94938182,1145650.048854557,0.0873118648305535,0.8428304418921471,0.4650711533613503
502.jpeg,0.11147093,11753724.621563569,1174103.8389222145,0.9630649164319038,0.9630649164319038,0.9630649164319038
401.jpeg,0.11084309,11793412.149655089,2328597.3297192976,0.9571572318673134,0.9571572318673134,0.9571572318673134
955.jpeg,0.10680062,11696726.709581438,1194766.4458579822,0.95647781342268,0.95647781342268,0.95647781342268
242.jpeg,0.106175095,11805543.490293715,2380249.703333335,0.9297018870711328,0.9297018870711328,0.9297018870711328
895.jpeg,0.105980396,11791118.9177317,2291455.6372615783,0.1084380764514207,0.9578091353178024,0.5331236058846116
438.jpeg,0.10563807,11837072.061158072,2325921.626426565,0.9587625190615654,0.9587625190615654,0.9587625190615654
17.jpeg,0.10523505,11757799.514960788,1171786.5148747766,0.8643185198307037,0.9737514033913612,0.9190349616110325
42.jpeg,0.10521784,11794952.512201548,1145054.317396148,0.9591760337352752,0.9631732404232024,0.9615365862846375
980.jpeg,0.1040662,11814270.87767615,1276731.3036840842,0.1071877395734191,0.6781385317444801,0.3330014937867721
128.jpeg,0.103762284,11796728.427200245,2435008.066094395,0.2827429603785276,0.9431391134858133,0.6129410369321704
964.jpeg,0.1024163,11809423.35912934,1267027.1388512058,0.6254939287900925,0.964407943189144,0.7949509359896183
364.jpeg,0.102136165,11796022.90646854,2332604.0132716163,0.957396611571312,0.957396611571312,0.957396611571312
18.jpeg,0.102028966,11760282.150649764,1173350.1691040697,0.4468728667125106,0.4468728667125106,0.4468728667125106
190.jpeg,0.100805126,11818083.441941028,2424340.3222327386,0.9620711728930472,0.9620711728930472,0.9620711728930472
829.jpeg,0.100101925,11840400.310589682,1159450.811779934,0.8076956812292337,0.9545232355594636,0.8811094583943486
851.jpeg,0.09964657,11875196.27948542,1164413.4653857525,0.6921836845576763,0.9673347920179368,0.8297592382878065
179.jpeg,0.09802435,11799747.77433229,2427976.5879853764,0.9585904851555824,0.9585904851555824,0.9585904851555824
63.jpeg,0.09737366,11839966.208652567,1159669.3703414276,0.0850932281464338,0.2637457139790058,0.17441947106271982
135.jpeg,0.09725989,11796403.622018244,2441928.3634932493,0.3313978295773268,0.9614786207675934,0.6464382251724601
711.jpeg,0.09682166,11841054.21105509,1142629.1396517404,0.2579942177981138,0.2579942177981138,0.2579942177981138
129.jpeg,0.09630106,11797020.15151153,2437868.6005497635,0.6136460937559605,0.6136460937559605,0.6136460937559605
733.jpeg,0.0957272,11837683.114179509,1111454.0243249456,0.6743124602362514,0.6743124602362514,0.6743124602362514
530.jpeg,0.095225,11770289.150119148,1150328.4981620973,0.0,0.0,0.0
471.jpeg,0.0941636,11702633.278970247,1197522.946657973,0.960685208439827,0.9675026684999466,0.9640939384698868
744.jpeg,0.09386754,11834561.826499607,1109277.2453122446,0.4947843458503485,0.4947843458503485,0.4947843458503485
937.jpeg,0.092571475,11737357.478661904,1162558.7950862828,0.9615230783820152,0.9615230783820152,0.9615230783820152
932.jpeg,0.09249307,11742444.488412386,1156148.106956263,0.9705028012394904,0.9705028012394904,0.9705028012394904
221.jpeg,0.08968618,11812157.692522513,2380807.320683699,0.9565281346440316,0.9565281346440316,0.9565281346440316
574.jpeg,0.0896753,11836090.508077666,1113136.3718553807,0.9612525701522828,0.9612525701522828,0.9612525701522828
549.jpeg,0.08844799,11798992.03326968,1151441.5367902762,0.9636785537004472,0.9636785537004472,0.9636785537004472
723.jpeg,0.08832049,11836915.852523783,1116720.5229240304,0.7215978316962719,0.7215978316962719,0.7215978316962719
949.jpeg,0.087757416,11760079.856184104,1169928.1285115655,0.943870574235916,0.9663862064480782,0.9551283903419971
246.jpeg,0.08762051,11803594.99218963,2378059.269134444,0.9639215767383577,0.9639215767383577,0.9639215767383577
414.jpeg,0.087589726,11794568.023590418,2307193.056225007,0.1059788977727294,0.966194823384285,0.4150989769647519
732.jpeg,0.085989,11834476.90340407,1110207.137899251,0.7223474010825157,0.7723559699952602,0.747351685538888
274.jpeg,0.08533591,11808713.242115742,2353790.9135737624,0.1992089934647083,0.9461397603154182,0.5726743768900633
671.jpeg,0.08471356,11797235.04343802,1147494.896739807,0.1074485555291175,0.1074485555291175,0.1074485555291175
33.jpeg,0.084472604,11788518.614071343,1137936.3022436758,0.9606885388493538,0.9606885388493538,0.9606885388493538
480.jpeg,0.08355995,11734764.276114486,1163939.6525536173,0.403885118663311,0.403885118663311,0.403885118663311
852.jpeg,0.083339624,11875257.964993048,1159792.9204841843,0.1559801660478115,0.1904298653826117,0.1732050157152116
659.jpeg,0.082743116,11794923.989290597,1145574.2042651307,0.9569744989275932,0.9569744989275932,0.9569744989275932
931.jpeg,0.08272222,11742400.150599018,1156293.9499097408,0.3738611359149217,0.9705028012394904,0.672181968577206
440.jpeg,0.07944624,11838565.54979854,2325962.542168103,0.9501763209700584,0.9501763209700584,0.9501763209700584
290.jpeg,0.07919782,11805732.035766251,2349727.4122996163,0.9564063623547554,0.9564063623547554,0.9564063623547554
352.jpeg,0.079156,11790888.375545038,2336514.1520913565,0.1366884605959057,0.1366884605959057,0.1366884605959057
913.jpeg,0.07884638,11774154.361720731,1151432.045239783,0.4872968755662441,0.4872968755662441,0.4872968755662441
715.jpeg,0.07736684,11840448.820294248,1146773.1635178423,0.9547668397426604,0.9547668397426604,0.9547668397426604
222.jpeg,0.07656842,11812049.743213767,2380892.062946764,0.9565281346440316,0.9565281346440316,0.9565281346440316
485.jpeg,0.076520726,11735645.724046389,1162748.695033654,0.1203965712338686,0.1203965712338686,0.1203965712338686
201.jpeg,0.07565396,11823974.08559646,2425341.781443603,0.0992221524938941,0.9571047499775888,0.5281634512357414
749.jpeg,0.07558804,11838481.135452926,1114223.5693206738,0.8730035610496998,0.953484982252121,0.9132442716509104
111.jpeg,0.07531265,11792252.373098323,2336802.6938525955,0.9530776366591454,0.9530776366591454,0.9530776366591454
726.jpeg,0.0752073,11833316.259586675,1109303.747305107,0.9416110590100288,0.9416110590100288,0.9416110590100288
46.jpeg,0.07416681,11796704.243946848,1147287.5967328034,0.6469987444579601,0.9678435623645782,0.8074211534112692
136.jpeg,0.074135825,11796795.232635504,2440527.335204936,0.9510080814361572,0.9510080814361572,0.9510080814361572
531.jpeg,0.07404213,11772697.34490564,1150805.0213732922,0.9691788777709008,0.9691788777709008,0.9691788777709008
161.jpeg,0.07375225,11789616.835388344,2430978.304033889,0.5124468673020601,0.9457933455705644,0.7291201064363122
57.jpeg,0.07301211,11875559.550826568,1159400.6249248015,0.9613429754972458,0.9613429754972458,0.9613429754972458
150.jpeg,0.072414234,11795132.596073477,2431197.0908165453,0.928059957921505,0.928059957921505,0.928059957921505
392.jpeg,0.072255775,11790952.17546985,2326433.7536096936,0.287514922209084,0.287514922209084,0.287514922209084
436.jpeg,0.07093647,11836927.758702911,2325532.607452278,0.9575275182724,0.9575275182724,0.9575275182724
652.jpeg,0.07082049,11791347.65473737,1137127.3544743515,0.9602281153202056,0.9602281153202056,0.9602281153202056
175.jpeg,0.070674516,11800424.731686126,2424011.540074211,0.8065142184495926,0.8065142184495926,0.8065142184495926
350.jpeg,0.06966434,11789166.104327869,2337540.61019168,0.8281562328338623,0.9594710022211076,0.8938136175274849
701.jpeg,0.06912733,11840737.046358332,1147798.407315574,0.4244408365339041,0.9617515951395036,0.6930962158367038
460.jpeg,0.06903143,11842297.941764748,2324437.6334283887,0.96123556047678,0.96123556047678,0.96123556047678
30.jpeg,0.06865564,11781585.630231855,1123700.3558234684,0.8777696043252945,0.9646360203623772,0.9212028123438358
267.jpeg,0.0681116,11803894.252962982,2381429.8106092126,0.9643654748797416,0.9643654748797416,0.9643654748797416
737.jpeg,0.06807574,11837565.316114714,1112214.8979556223,0.8931063562631607,0.9521586894989014,0.922632522881031
29.jpeg,0.06742192,11780846.540944977,1128642.669355001,0.7382223475724459,0.7382223475724459,0.7382223475724459
459.jpeg,0.067362085,11840202.462140229,2325037.428789031,0.9656932055950164,0.9656932055950164,0.9656932055950164
900.jpeg,0.06683539,11771474.141576452,1153939.5161118477,0.955726593732834,0.955726593732834,0.955726593732834
1001.jpeg,0.06653607,11822283.52117079,2424287.234114286,0.8379287868738174,0.8379287868738174,0.8379287868738174
870.jpeg,0.066456094,11794498.191495234,2305335.756153695,0.9596481621265412,0.9596481621265412,0.9596481621265412
470.jpeg,0.06612461,11701453.782485742,1198082.953522056,0.1836834866553545,0.9613167569041252,0.5725001217797399
231.jpeg,0.06603631,11810278.703294108,2382606.9444165938,0.9290196225047112,0.9290196225047112,0.9290196225047112
757.jpeg,0.065604135,11837826.671634844,1109686.315593623,0.9621670618653296,0.9621670618653296,0.9621670618653296
289.jpeg,0.065538354,11805736.516004048,2349728.133433085,0.9564063623547554,0.9564063623547554,0.9564063623547554
26.jpeg,0.06479939,11777306.172823744,1126598.477576092,0.965491384267807,0.965491384267807,0.965491384267807
821.jpeg,0.06474894,11840419.569396423,1159809.726432558,0.1368416626937687,0.1368416626937687,0.1368416626937687
330.jpeg,0.064730234,11792458.629909389,2344962.629369969,0.0,0.0,0.0
676.jpeg,0.06413779,11797848.56569314,1147086.9372927782,0.9013660550117492,0.9013660550117492,0.9013660550117492
461.jpeg,0.06379019,11842485.70862908,2324490.3623944367,0.3901348179206252,0.96123556047678,0.6756851891987026
144.jpeg,0.06374045,11790000.046903243,2433394.548383316,0.9532740637660028,0.9532740637660028,0.9532740637660028
936.jpeg,0.06348103,11734743.611885216,1165482.5470390634,0.2089442247524857,0.2089442247524857,0.2089442247524857
961.jpeg,0.06307494,11702251.6650764,1198705.8183735216,0.9544629529118538,0.9544629529118538,0.9544629529118538
680.jpeg,0.062997155,11797960.608707342,1139358.2659215028,0.8109098449349403,0.9666616767644882,0.8635172595580419
133.jpeg,0.06234377,11799255.855841223,2439427.275401004,0.9579502046108246,0.9579502046108246,0.9579502046108246
100.jpeg,0.062050648,11837860.47154734,2326623.622458973,0.2423449046909809,0.2423449046909809,0.2423449046909809
336.jpeg,0.061759707,11793489.56706656,2346892.539825139,0.8528095930814743,0.8528095930814743,0.8528095930814743
957.jpeg,0.06130804,11700305.96906872,1198776.0874485946,0.0953383706510067,0.9675011411309242,0.5314197558909655
351.jpeg,0.06083857,11789011.031577077,2337401.8115244783,0.9594710022211076,0.9594710022211076,0.9594710022211076
234.jpeg,0.0608158,11807167.102239238,2384262.0528848614,0.9503880068659782,0.9503880068659782,0.9503880068659782
577.jpeg,0.06040616,11837722.832063183,1112212.9107324467,0.1172391744330525,0.9521586894989014,0.6541680733983716
149.jpeg,0.06037764,11795232.243778031,2431626.1960409875,0.9438080042600632,0.9438080042600632,0.9438080042600632
121.jpeg,0.059914112,11798292.410618763,2302405.904181789,0.9552340731024742,0.9552340731024742,0.9552340731024742
743.jpeg,0.059563283,11838910.152651802,1111780.2407683209,0.2395754735916853,0.8204556554555893,0.5300155645236373
988.jpeg,0.059489988,11812379.82669312,1271215.9038297173,0.7707355916500092,0.8046447932720184,0.7876901924610138
527.jpeg,0.05945999,11772818.48956469,1152645.126078888,0.9561097770929337,0.9561097770929337,0.9561097770929337
183.jpeg,0.05939926,11801491.327378042,2432526.5084754527,0.9406228587031364,0.9406228587031364,0.9406228587031364
656.jpeg,0.05935318,11794100.37637244,1148183.3405646265,0.1242123218253254,0.9634627923369408,0.5438375570811331
640.jpeg,0.05900005,11792226.2277865,2338669.104721271,0.9496631026268004,0.9496631026268004,0.9496631026268004
375.jpeg,0.058991708,11790299.011139996,2322679.079230754,0.0886614741757512,0.949507012963295,0.5190842435695231
927.jpeg,0.058981624,11737873.46796418,1162100.7538416828,0.0890516238287091,0.0962791265919804,0.09266537521034475
54.jpeg,0.05854424,11875070.106033456,1164256.4285187845,0.6500678732991219,0.9673347920179368,0.8087013326585293
27.jpeg,0.057957765,11779502.394447071,1126429.0462570426,0.96615881472826,0.96615881472826,0.96615881472826
753.jpeg,0.05793224,11837648.902865626,1111805.7368490875,0.1064044376835227,0.9521586894989014,0.5430575311183929
499.jpeg,0.057551213,11753924.42740584,1171363.982779958,0.6937972269952297,0.970957674086094,0.8323774505406618
982.jpeg,0.057299946,11815072.934601158,1266794.076572105,0.7819739915430546,0.7819739915430546,0.7819739915430546
987.jpeg,0.05727783,11810936.736473486,1267363.4530526395,0.96511472761631,0.96511472761631,0.96511472761631
745.jpeg,0.056889728,11837444.276032766,1111857.749794889,0.5706094661727548,0.5706094661727548,0.5706094661727548
623.jpeg,0.056804195,11798268.845184147,2378594.378737905,0.908605881035328,0.9590579718351364,0.9338319264352322
625.jpeg,0.05676742,11800426.80490783,2381626.355621626,0.9656734690070152,0.9656734690070152,0.9656734690070152
642.jpeg,0.05649766,11792380.672899408,2338651.474000685,0.9496631026268004,0.9496631026268004,0.9496631026268004
258.jpeg,0.05633628,11806666.425310131,2376607.969601538,0.1141409403644502,0.9483125060796738,0.531226723222062
344.jpeg,0.056152966,11792234.43851265,2342225.0988126565,0.1234558634459972,0.9427261427044868,0.533091003075242
940.jpeg,0.056014784,11757703.85660774,1170461.7670962375,0.97296654433012,0.97296654433012,0.97296654433012
521.jpeg,0.05587838,11770683.78333648,1157869.285685863,0.9669692069292068,0.9669692069292068,0.9669692069292068
255.jpeg,0.055736322,11803768.765317904,2375838.160604749,0.9643558636307716,0.9643558636307716,0.9643558636307716
542.jpeg,0.055730302,11791062.047486562,1144766.7360988832,0.8518733158707619,0.8518733158707619,0.8518733158707619
679.jpeg,0.055679496,11800168.717597572,1146768.670559022,0.0926952511072158,0.9653540700674056,0.5290246605873107
449.jpeg,0.055537336,11836723.446713507,2326890.738330742,0.961130164563656,0.961130164563656,0.961130164563656
965.jpeg,0.05530958,11810718.78404322,1268380.3634803495,0.4397102110087871,0.769329059869051,0.6045196354389191
554.jpeg,0.05522954,11800270.540882291,1149544.6871127714,0.4845876861363649,0.4845876861363649,0.4845876861363649
986.jpeg,0.054829746,11809987.39272477,1267040.466477203,0.959958016872406,0.959958016872406,0.959958016872406
180.jpeg,0.05467489,11800732.310152443,2428869.184301601,0.0977119356393814,0.9618276208639144,0.672682334979375
492.jpeg,0.05456972,11730854.501713598,1160870.7203580863,0.4752122219651937,0.4752122219651937,0.4752122219651937
24.jpeg,0.054503486,11778567.586361758,1126534.3480240027,0.9654861837625504,0.9654861837625504,0.9654861837625504
486.jpeg,0.05447102,11737934.306401651,1161524.0120727853,0.2205757210031151,0.2602745462208986,0.24042513361200685
16.jpeg,0.054365452,11742327.567002935,1155175.8403393177,0.2311801575124263,0.2311801575124263,0.2311801575124263
722.jpeg,0.05435925,11837584.815871254,1112183.6291528298,0.8931063562631607,0.9521586894989014,0.922632522881031
345.jpeg,0.05408657,11793855.72556347,2341688.0531432545,0.8682105280458927,0.8682105280458927,0.8682105280458927
83.jpeg,0.05405719,11813392.61496848,1164640.238855739,0.9626551419496536,0.9626551419496536,0.9626551419496536
81.jpeg,0.05396638,11810469.454633744,1163395.4175621178,0.3988372907042503,0.3988372907042503,0.3988372907042503
742.jpeg,0.053880353,11834896.86279941,1108233.8879645471,0.9496860280632972,0.9568740949034692,0.9532800614833832
719.jpeg,0.053789448,11842057.769577842,1145788.6269520076,0.1011644033715128,0.2635185979306698,0.18234150065109128
992.jpeg,0.053764276,11811680.83391668,1265818.6640432673,0.1370207481086254,0.669004000723362,0.4030123744159937
559.jpeg,0.053742073,11797997.111684848,1144194.198394478,0.8575952276587486,0.8575952276587486,0.8575952276587486
117.jpeg,0.053723328,11791965.30849504,2292410.817942572,0.0887676728889346,0.956453487277031,0.5226105800829828
690.jpeg,0.053550877,11837073.267085023,1146146.5928244612,0.1544443694874644,0.1544443694874644,0.1544443694874644
166.jpeg,0.05354863,11793715.661445672,2420092.7953451434,0.0937624089419841,0.840882197022438,0.46732230298221106
34.jpeg,0.05340452,11790742.606884755,1137107.254171585,0.9695571810007096,0.9695571810007096,0.9695571810007096
746.jpeg,0.05336092,11836926.343300365,1110591.291543776,0.1111485427245497,0.1111485427245497,0.1111485427245497
752.jpeg,0.053351194,11838098.756287796,1106887.4855965024,0.8048386536538601,0.9579737931489944,0.9041466998557249
638.jpeg,0.053045236,11790952.935893469,2334973.7998098424,0.9499605670571328,0.9499605670571328,0.9499605670571328
681.jpeg,0.052992295,11799503.410981037,1153865.005811015,0.9672176688909532,0.9672176688909532,0.9672176688909532
963.jpeg,0.052924983,11808990.26513051,1269688.192174529,0.4939673170447349,0.9295125305652618,0.7117399238049984
677.jpeg,0.05279175,11797865.920402514,1147069.221978362,0.9013660550117492,0.9013660550117492,0.9013660550117492
551.jpeg,0.052641325,11799514.173771078,1153860.150679496,0.9672176688909532,0.9672176688909532,0.9672176688909532
167.jpeg,0.052633245,11796911.290450234,2418975.1202990087,0.9715118780732156,0.9715118780732156,0.9715118780732156
20.jpeg,0.05261982,11760631.23977125,1172395.2920503423,0.967368334531784,0.967368334531784,0.967368334531784
575.jpeg,0.052598204,11836874.335308086,1112928.2718921057,0.836476594209671,0.836476594209671,0.836476594209671
727.jpeg,0.052595664,11838275.275308104,1112375.0319330415,0.1102365050464868,0.1102365050464868,0.1102365050464868
506.jpeg,0.052565806,11754790.16334331,1172944.345171272,0.0932624507695436,0.8867388889193535,0.49000066984444857
815.jpeg,0.052490763,11836947.775414577,1158838.079023591,0.921164497733116,0.9580303952097892,0.9395974464714526
379.jpeg,0.052215658,11789654.276072169,2322760.4609922306,0.0979284271597862,0.0979284271597862,0.0979284271597862
95.jpeg,0.051852502,11812116.151830582,1266434.990986968,0.9364549219608308,0.9364549219608308,0.9364549219608308
617.jpeg,0.051791042,11811996.553336132,1271366.1605315786,0.9497866854071616,0.9641273021697998,0.9569569937884808
560.jpeg,0.05134579,11797378.050751705,1144481.0302695234,0.7456439919769764,0.7456439919769764,0.7456439919769764
740.jpeg,0.051235966,11838510.160054475,1114197.665800443,0.8730035610496998,0.953484982252121,0.9132442716509104
839.jpeg,0.051001366,11843338.549220888,1161577.121776926,0.3260768465697765,0.3260768465697765,0.3260768465697765
558.jpeg,0.05100101,11798222.09121499,1143588.0211352892,0.4119167514145374,0.8822077810764313,0.6470622662454844
634.jpeg,0.05092266,11790683.83666042,2337536.4196611,0.9577763825654984,0.9577763825654984,0.9577763825654984
929.jpeg,0.050908577,11739864.82879288,1158264.2332601442,0.9601155072450638,0.9634565114974976,0.9617860093712807
200.jpeg,0.05081376,11822776.680952182,2426717.0637120977,0.962499238550663,0.962499238550663,0.962499238550663
155.jpeg,0.050651856,11792942.890396023,2427601.821113604,0.0976856937631964,0.0976856937631964,0.0976856937631964
755.jpeg,0.05064359,11839177.128961124,1115569.285956543,0.8818587511777878,0.8818587511777878,0.8818587511777878
738.jpeg,0.05041439,11838082.190097682,1106876.949836231,0.8048386536538601,0.9579737931489944,0.9041466998557249
844.jpeg,0.05034129,11871443.268219974,1167524.1771732229,0.1374539276584983,0.1374539276584983,0.1374539276584983
768.jpeg,0.050269905,11815349.040250557,1164608.530022015,0.1577486451715231,0.1577486451715231,0.1577486451715231
51.jpeg,0.05023472,11839159.188221538,1115577.4697964042,0.8818587511777878,0.8818587511777878,0.8818587511777878
56.jpeg,0.050164275,11874564.993189989,1164717.0126284317,0.64684840105474,0.64684840105474,0.64684840105474
579.jpeg,0.050141484,11839842.096583487,1149453.663422929,0.616212397813797,0.95669424533844,0.7715819788475832
855.jpeg,0.050133374,11877598.457030842,1161922.070424348,0.1855393089354038,0.1855393089354038,0.1855393089354038
967.jpeg,0.050065637,11811238.646064218,1267426.6294248344,0.1067003738135099,0.2458874341100454,0.17629390396177766
981.jpeg,0.04995769,11813201.085704986,1267978.1289748014,0.1732391770929098,0.4401430524885654,0.30669111479073763
232.jpeg,0.049899355,11810289.695917193,2382602.546894085,0.9290196225047112,0.9290196225047112,0.9290196225047112
951.jpeg,0.04988842,11762642.38579224,1168110.132448464,0.957292877137661,0.964512050151825,0.960902463644743
923.jpeg,0.04960923,11736154.575064084,1163739.777962349,0.9365082308650016,0.9365082308650016,0.9365082308650016
474.jpeg,0.04958791,11704853.21826998,1197894.984244562,0.0957015203312039,0.8850754201412201,0.490388470236212
557.jpeg,0.049545914,11799589.325498125,1143534.6562088523,0.4231728166341781,0.8310135528445244,0.6270931847393513
983.jpeg,0.049345408,11816308.873330628,1272099.585255435,0.8623965382575989,0.8623965382575989,0.8623965382575989
863.jpeg,0.04922052,11797597.333639944,2302396.8854561867,0.5582931376993656,0.5582931376993656,0.5582931376993656
721.jpeg,0.049212657,11838509.117036592,1114195.1747770102,0.8730035610496998,0.953484982252121,0.9132442716509104
349.jpeg,0.049067717,11787390.298832158,2337570.097354505,0.9631593152880668,0.9631593152880668,0.9631593152880668
754.jpeg,0.04904274,11839175.261163654,1115567.2141639509,0.8818587511777878,0.8818587511777878,0.8818587511777878
868.jpeg,0.048961166,11797699.636222316,2303644.189056436,0.8094787709414959,0.8094787709414959,0.8094787709414959
217.jpeg,0.048909348,11815459.41841555,2382331.8244382795,0.6254640650004148,0.6254640650004148,0.6254640650004148
319.jpeg,0.048861794,11792520.000002624,2349703.5252856663,0.1365762939676642,0.9618162959814072,0.5491962949745357
309.jpeg,0.048562538,11802229.196179269,2349253.744929525,0.9631995335221292,0.9631995335221292,0.9631995335221292
948.jpeg,0.048255637,11759710.650547478,1170745.648802289,0.2482732608914375,0.949375294148922,0.5988242775201797
529.jpeg,0.04811139,11773828.04996973,1152909.3815824063,0.1180714154615998,0.1180714154615998,0.1180714154615998
203.jpeg,0.048082273,11824556.794952434,2423582.2094487464,0.1154492818750441,0.1154492818750441,0.1154492818750441
606.jpeg,0.047854945,11811046.316259768,1267161.7038054334,0.1067003738135099,0.201671983115375,0.15418617846444244
39.jpeg,0.047470316,11793203.850670628,1140975.6919894894,0.966812402009964,0.966812402009964,0.966812402009964
734.jpeg,0.047432076,11838463.702597126,1114408.5009380938,0.3444805406033993,0.8730035610496998,0.5742501889665922
622.jpeg,0.04698653,11804744.215779783,2379281.117161084,0.961529701948166,0.961529701948166,0.961529701948166
728.jpeg,0.046953317,11836864.71684405,1110937.108901926,0.9283866956830024,0.9283866956830024,0.9283866956830024
713.jpeg,0.046917852,11842671.857840752,1148522.6798572238,0.176412689499557,0.9437515661120416,0.5600821278057992
994.jpeg,0.04669196,11795716.323722295,2433584.5956592364,0.7465781569480896,0.7465781569480896,0.7465781569480896
615.jpeg,0.04668792,11812669.34163459,1268359.064815624,0.9655578061938286,0.9655578061938286,0.9655578061938286
605.jpeg,0.046627693,11810863.661993608,1266790.4008281685,0.201671983115375,0.7412813752889633,0.4714766792021692
483.jpeg,0.046422474,11736230.478435297,1162569.263374928,0.1553092105314135,0.3195893978700042,0.23744930420070884
99.jpeg,0.04623673,11838207.125444602,2326470.621015896,0.910216860473156,0.910216860473156,0.910216860473156
442.jpeg,0.04623438,11838205.055294994,2326469.811168518,0.910216860473156,0.910216860473156,0.910216860473156
919.jpeg,0.046210352,11734816.17551748,1162473.8204663126,0.2031233888119459,0.5869498960673809,0.3950366424396634
503.jpeg,0.045788378,11751869.349193728,1175297.0442304837,0.9610125869512558,0.9610125869512558,0.9610125869512558
451.jpeg,0.045689534,11839189.790148055,2327824.926050832,0.9632733836770058,0.9632733836770058,0.9632733836770058
944.jpeg,0.04561973,11758703.10361972,1169320.3081136057,0.9578362256288528,0.9578362256288528,0.9578362256288528
750.jpeg,0.045607217,11836956.050478576,1110570.6612842572,0.1111485427245497,0.1312951780855655,0.12122186040505761
712.jpeg,0.04549247,11843063.118435375,1145698.2012506188,0.0873118648305535,0.0873118648305535,0.0873118648305535
142.jpeg,0.045289963,11791132.201288337,2436003.4701090483,0.9536239802837372,0.9536239802837372,0.9536239802837372
534.jpeg,0.045232177,11781289.805502934,1127100.9022019987,0.9563231840729712,0.9587734192609788,0.957548301666975
299.jpeg,0.045154184,11808709.445184637,2346865.07855576,0.8258442841470242,0.8258442841470242,0.8258442841470242
952.jpeg,0.045050353,11761395.381071322,1169240.314036077,0.9668701514601707,0.9668701514601707,0.9668701514601707
603.jpeg,0.044983175,11877971.407510951,1162015.7495586772,0.0,0.0,0.0
835.jpeg,0.044976987,11842613.228445146,1160571.034190269,0.9541256055235864,0.9541256055235864,0.9541256055235864
765.jpeg,0.044933688,11813289.189454583,1163757.75903607,0.2335486635565757,0.9665074422955512,0.6000280529260634
602.jpeg,0.044893596,11875814.37194218,1161366.290018323,0.3824018910527229,0.9606302604079248,0.6715160757303238
769.jpeg,0.04482241,11817070.566009823,1165816.6329857036,0.9592893794178964,0.964401938021183,0.9618456587195396
45.jpeg,0.044817008,11796662.790102627,1147348.503397107,0.6469987444579601,0.9678435623645782,0.8074211534112692
484.jpeg,0.044811945,11735871.990981076,1162594.043337639,0.1203965712338686,0.9715901389718056,0.5459933551028371
37.jpeg,0.044704366,11792464.886055091,1138947.7661210983,0.1123448340222239,0.1333857094869017,0.1228652717545628
415.jpeg,0.044656407,11795648.983961033,2307768.077759506,0.967692732810974,0.967692732810974,0.967692732810974
613.jpeg,0.044638045,11818302.70949996,1273073.2844477424,0.2971427496522665,0.9467728659510612,0.6219578078016639
168.jpeg,0.04463691,11796597.293726828,2420535.629043043,0.3503248915076256,0.3503248915076256,0.3503248915076256
696.jpeg,0.044607293,11843064.437540444,1145698.4296613978,0.0873118648305535,0.0873118648305535,0.0873118648305535
910.jpeg,0.044470627,11774728.753126374,1151667.9206326846,0.1354364901781082,0.9651321321725844,0.5502843111753463
576.jpeg,0.04445105,11837742.09604222,1112111.9715618738,0.1172391744330525,0.9521586894989014,0.534698931965977
935.jpeg,0.044228207,11737888.147533022,1162104.6857275383,0.0890516238287091,0.0890516238287091,0.0890516238287091
654.jpeg,0.04403369,11793245.547590995,1148321.0321938118,0.9346757605671884,0.9346757605671884,0.9346757605671884
417.jpeg,0.043999556,11794822.544874389,2301681.324034058,0.1100650131702423,0.1100650131702423,0.1100650131702423
833.jpeg,0.043942284,11838734.178215584,1159300.291205988,0.096264187246561,0.9111132100224496,0.5036886986345053
666.jpeg,0.043864053,11796580.069030114,1146824.8848965573,0.6875068694353104,0.6875068694353104,0.6875068694353104
596.jpeg,0.043581218,11813495.166254276,1166005.124938686,0.8289646878838539,0.8289646878838539,0.8289646878838539
58.jpeg,0.043455973,11875520.255062897,1158881.2199798073,0.9639781713485718,0.9639781713485718,0.9639781713485718
157.jpeg,0.04329008,11792167.014696227,2429860.066083549,0.7561834007501602,0.9560946673154832,0.8561390340328217
781.jpeg,0.0432562,11813702.60467402,1161100.0175900736,0.9560879543423652,0.9560879543423652,0.9560879543423652
840.jpeg,0.04324822,11845379.98395735,1158462.7755889955,0.1704295612871647,0.8159677302464843,0.4931986457668245
176.jpeg,0.043052297,11797628.01703236,2426748.881049571,0.1891986895352602,0.953215055167675,0.5712068723514676
93.jpeg,0.043000054,11811945.562663233,1168820.750633326,0.4409640720114112,0.4409640720114112,0.4409640720114112
257.jpeg,0.042867973,11807021.107369136,2375220.7700121165,0.282327608205378,0.9660180136561394,0.6241728109307587
113.jpeg,0.042690806,11791643.352135709,2336176.7937177084,0.9563720002770424,0.9563720002770424,0.9563720002770424
556.jpeg,0.042240452,11799769.060166828,1144231.4347248925,0.227745508775115,0.8012745380401611,0.5145100234076381
256.jpeg,0.042017404,11807129.090940973,2375227.564884836,0.9660180136561394,0.9660180136561394,0.9660180136561394
637.jpeg,0.04200157,11791150.465980085,2337250.71383236,0.087080861441791,0.4724704325199127,0.2797756469808519
156.jpeg,0.04197765,11792509.237126706,2427471.937606449,0.9588569328188896,0.9588569328188896,0.9588569328188896
644.jpeg,0.041825105,11790754.190578217,2336973.533646029,0.928019791841507,0.928019791841507,0.928019791841507
708.jpeg,0.04159105,11841984.195682667,1145796.852163608,0.1011644033715128,0.1011644033715128,0.1011644033715128
578.jpeg,0.041541807,11835903.782490846,1109950.005439405,0.2494291197508573,0.2494291197508573,0.2494291197508573
450.jpeg,0.04146618,11839219.602902314,2327735.8767149257,0.9353572130203248,0.9632733836770058,0.9493152983486652
233.jpeg,0.0414342,11810041.85389468,2382999.443543233,0.9398505613207816,0.9398505613207816,0.9398505613207816
846.jpeg,0.04135166,11873188.428347403,1159622.198601799,0.3966704905033111,0.4642655914649367,0.4304680409841239
741.jpeg,0.041253973,11834665.874145469,1117291.9395422058,0.7088840678334236,0.7088840678334236,0.7088840678334236
504.jpeg,0.041200094,11754255.359577289,1175191.1149204797,0.2604207824915647,0.2604207824915647,0.2604207824915647
162.jpeg,0.04114226,11791804.46191366,2426379.162190348,0.8479195609688759,0.8479195609688759,0.8479195609688759
473.jpeg,0.040791333,11703794.946713028,1198520.64921824,0.895137369632721,0.895137369632721,0.895137369632721
581.jpeg,0.04074354,11840973.740688372,1159511.8063404695,0.1261985003948211,0.3955357801169157,0.26086714025586843
32.jpeg,0.04065996,11783946.726055998,1120179.8083660682,0.1869311602786183,0.9561660215258598,0.5715485909022391
60.jpeg,0.039769683,11842844.334501611,1160090.5360039528,0.4301746897399425,0.4301746897399425,0.4301746897399425
437.jpeg,0.03969217,11836082.520351691,2325326.8861504816,0.6776937544345856,0.6776937544345856,0.6776937544345856
9.jpeg,0.039590042,11737625.11425734,1161797.463435951,0.0962791265919804,0.8467348217964172,0.47150697419419885
604.jpeg,0.03957398,11871379.32771264,1163216.020076529,0.9240511432290076,0.9240511432290076,0.9240511432290076
164.jpeg,0.039464764,11793471.020555137,2421449.413134573,0.9545855298638344,0.9545855298638344,0.9545855298638344
305.jpeg,0.039160643,11808581.514184823,2350367.321546092,0.1197254080325365,0.9295537695288658,0.5246395887807012
707.jpeg,0.038951483,11838884.510124492,1145863.6518817637,0.5627801865339279,0.9306426718831062,0.7467114292085171
601.jpeg,0.03878244,11875791.002181765,1167429.0938386212,0.1072995858266949,0.2941516311839223,0.2007256085053086
966.jpeg,0.038640402,11810937.526845176,1273436.49615817,0.9485994055867196,0.9485994055867196,0.9485994055867196
561.jpeg,0.038547594,11795675.97984721,1142215.8251690022,0.22751235216856,0.7241145074367523,0.4531049747020006
312.jpeg,0.03849704,11798486.264229476,2349548.168174241,0.9439308047294616,0.9439308047294616,0.9439308047294616
629.jpeg,0.03807957,11789470.812454725,2336689.6128744786,0.9474188387393953,0.9474188387393953,0.9474188387393953
28.jpeg,0.038000647,11779374.989484968,1127107.1440961717,0.8269292525947094,0.9614874050021172,0.8942083287984133
569.jpeg,0.037891623,11797418.489369592,1137257.690551982,0.9732386544346808,0.9732386544346808,0.9732386544346808
532.jpeg,0.03786743,11783101.050103135,1128653.7701173036,0.1336981719359755,0.6789033561944962,0.40630076406523585
526.jpeg,0.03780432,11772602.05812362,1152960.395284512,0.1884758435189724,0.1884758435189724,0.1884758435189724
31.jpeg,0.037668068,11781642.45370482,1121294.0492979777,0.9371795132756232,0.9761864095926284,0.9566829614341258
25.jpeg,0.037624534,11777407.473877707,1126563.5119659407,0.965491384267807,0.965491384267807,0.965491384267807
193.jpeg,0.03739871,11815671.4284294,2424527.3655377068,0.7861263677477837,0.9570082128047944,0.871567290276289
607.jpeg,0.037349787,11808694.201818427,1268767.686149375,0.3125601401552558,0.5936019420623779,0.45308104110881686
718.jpeg,0.037043165,11841231.807964342,1142788.3574426458,0.9655957818031312,0.9655957818031312,0.9655957818031312
546.jpeg,0.037038088,11794600.839294525,1150444.605609872,0.5435636341571808,0.781529912725091,0.6625467734411359
332.jpeg,0.036952246,11792464.975052431,2344963.7180079734,0.0,0.0,0.0
494.jpeg,0.036035992,11755804.748692123,1167895.402680119,0.9221388250589372,0.9221388250589372,0.9221388250589372
869.jpeg,0.035612807,11796199.128099304,2303036.8305265373,0.1605570763349533,0.2860737107694149,0.2233153935521841
159.jpeg,0.03558158,11787890.41654794,2431599.6869774647,0.9489104002714156,0.9489104002714156,0.9489104002714156
131.jpeg,0.035409458,11800808.689656071,2438367.362182269,0.9460854306817056,0.9460854306817056,0.9460854306817056
455.jpeg,0.03490791,11837650.440896489,2331759.416067875,0.9642932787537576,0.9642932787537576,0.9642932787537576
205.jpeg,0.034730002,11823480.340490984,2422921.7649766454,0.2023386415094137,0.9645544365048409,0.5834465390071273
304.jpeg,0.03443455,11810360.077357836,2348644.445655873,0.972143143415451,0.972143143415451,0.972143143415451
331.jpeg,0.034343183,11792461.614978489,2344962.9872306995,0.0,0.0,0.0
694.jpeg,0.034281805,11841765.301114151,1145764.911484145,0.1011644033715128,0.1011644033715128,0.1011644033715128
611.jpeg,0.034251694,11812547.219516424,1280999.7038404015,0.9581057280302048,0.9581057280302048,0.9581057280302048
463.jpeg,0.03405088,11699515.859584184,1196983.3346115125,0.9674234092235564,0.9674234092235564,0.9674234092235564
493.jpeg,0.033727653,11739377.368517052,1156238.3115404989,0.9507221281528472,0.9507221281528472,0.9507221281528472
15.jpeg,0.03284881,11739651.320290094,1158204.4824443236,0.9601155072450638,0.9601155072450638,0.9601155072450638
214.jpeg,0.03260565,11809987.808160266,2385629.053749946,0.9580875784158708,0.9580875784158708,0.9580875784158708
204.jpeg,0.032503664,11823487.400534214,2422914.5537895625,0.2023386415094137,0.9645544365048409,0.5834465390071273
430.jpeg,0.030819457,11834957.61682053,2324667.8263809485,0.960359200835228,0.960359200835228,0.960359200835228
132.jpeg,0.030331725,11800844.009394731,2438355.5964841708,0.9460854306817056,0.9460854306817056,0.9460854306817056
1002.jpeg,0.029854994,11822279.642412243,2424283.707970152,0.8379287868738174,0.8379287868738174,0.8379287868738174
472.jpeg,0.027857728,11702723.849269545,1197426.3451005635,0.9675026684999466,0.9675026684999466,0.9675026684999466
163.jpeg,0.02745232,11791907.68215116,2423633.0420264504,0.9437735676765442,0.9437735676765442,0.9437735676765442
158.jpeg,0.025987212,11791187.163514692,2430870.9021996283,0.9505450129508972,0.9505450129508972,0.9505450129508972
79.jpeg,0.025584443,11815268.600774229,1162016.2713785386,0.4738813303411007,0.4738813303411007,0.4738813303411007
893.jpeg,0.024497682,11790022.91055426,2291589.2788288314,0.1245703641325235,0.947706364095211,0.5361383641138673
842.jpeg,0.023700612,11869307.849999014,1166112.4978891483,0.0838151015341281,0.1873816903680563,0.1355983959510922
511.jpeg,0.02304554,11757909.240214052,1171276.238691947,0.1586086153984069,0.1586086153984069,0.1586086153984069
