,image,pred,lon,lat
0,Cà Mau-2897.jpeg,0.9816279709339142,105.16880820749536E,9.137187039810435N
1,Cà Mau-3346.jpeg,0.9766101762652396,105.20702620390799E,9.142576906861914N
2,Cà Mau-5855.jpeg,0.9762578010559082,105.25343377098048E,9.169526242119304N
3,Hoài Đức District-21.jpeg,0.9756387919187546,105.72698602882127E,20.959314306356756N
4,Cà Mau-3704.jpeg,0.9734622314572334,105.2397844865474E,9.146619307150521N
6,Cà Mau-9556.jpeg,0.9731120243668556,105.18382242037175E,9.216687578819744N
7,Cà Mau-6878.jpeg,0.972451962530613,105.25343377098048E,9.180305976222263N
8,Cà Mau-3328.jpeg,0.9721906185150146,105.18245749192842E,9.142576906861914N
9,Bà Rịa-904.jpeg,0.9717278853058816,107.15390157197854E,10.483556671706653N
10,Cà Mau-2439.jpeg,0.9711915031075478,105.18245749192842E,9.130449705996087N
11,Cà Mau-2731.jpeg,0.971053533256054,105.2056612754647E,9.134492106284695N
12,Cà Mau-8647.jpeg,0.9710333794355392,105.15242906617566E,9.203212911191047N
13,Bà Rịa-3041.jpeg,0.9709174782037736,107.16760609597144E,10.522633207829966N
14,Sóc Trăng-1523.jpeg,0.9708025678992273,105.9640700752922E,9.60253063908024N
15,Sóc Trăng-313.jpeg,0.9699736833572388,105.98046981773476E,9.57558130382283N
16,Cà Mau-3115.jpeg,0.9699327051639556,105.18518734881506E,9.139881973336175N
17,Cà Mau-4271.jpeg,0.9699009135365486,105.22067548834109E,9.15335664096487N
18,Cà Mau-7911.jpeg,0.9698247388005256,105.12376556886618E,9.193780643850957N
19,Cà Mau-2901.jpeg,0.9696426168084143,105.1742679212686E,9.137187039810435N
20,Bà Rịa-2198.jpeg,0.9694912880659105,107.12512207159355E,10.50915854020124N
21,Cà Mau-4038.jpeg,0.9693370312452316,105.22477027367101E,9.15066170743913N
22,Sóc Trăng-982.jpeg,0.969229206442833,105.95997013968159E,9.590403438214405N
23,Cà Mau-7779.jpeg,0.9691113829612732,105.2356897012175E,9.191085710325217N
25,Sóc Trăng-1994.jpeg,0.9690017998218536,105.98183646293832E,9.611962906420333N
26,Cà Mau-2924.jpeg,0.9689197540283204,105.2056612754647E,9.137187039810435N
27,Cà Mau-3571.jpeg,0.968918278813362,105.21248591768125E,9.145271840387652N
28,Cà Mau-1598.jpeg,0.9688644632697104,105.15106413773236E,9.116975038367388N
29,Sóc Trăng-3467.jpeg,0.9686812683939934,106.02283581904472E,9.644302108729232N
30,Cà Mau-3937.jpeg,0.9685325771570206,105.24524420032064E,9.14931424067626N
31,Cà Mau-8919.jpeg,0.9684914350509644,105.14560442395911E,9.207255311479656N
33,Cà Mau-3581.jpeg,0.9682591184973716,105.22613520211434E,9.145271840387652N
34,Cà Mau-3926.jpeg,0.9682395905256272,105.23022998744423E,9.14931424067626N
35,Cà Mau-6231.jpeg,0.9679938852787018,105.22886505900094E,9.173568642407915N
36,Cà Mau-8234.jpeg,0.9679198563098907,105.14014471018588E,9.197823044139565N
37,Hoài Đức District-1030.jpeg,0.9679153487086296,105.67357452763576E,20.995695908955405N
38,Cà Mau-8963.jpeg,0.9678761884570122,105.2056612754647E,9.207255311479656N
39,Cà Mau-6683.jpeg,0.9678391069173812,105.15652385150557E,9.178958509459392N
40,Sóc Trăng-1347.jpeg,0.9677510783076286,105.98046981773476E,9.598488238791628N
41,Cà Mau-3252.jpeg,0.9677434414625168,105.22613520211434E,9.141229440099043N
42,Cà Mau-5320.jpeg,0.967718817293644,105.25752855631042E,9.164136375067825N
43,Cà Mau-2454.jpeg,0.9676460102200508,105.20293141857805E,9.130449705996087N
44,Sóc Trăng-2738.jpeg,0.9675271138548852,105.98593639854894E,9.62678504081191N
45,Cà Mau-5325.jpeg,0.9675246924161912,105.26435319852698E,9.164136375067825N
46,Cà Mau-3820.jpeg,0.9674455150961876,105.24251434343404E,9.14796677391339N
47,Cà Mau-2895.jpeg,0.96740984916687,105.16607835060873E,9.137187039810435N
48,Cà Mau-11192.jpeg,0.9673625975847244,105.15242906617566E,9.244984380840009N
49,Cà Mau-1795.jpeg,0.9673103094100952,105.21248591768125E,9.119669971893128N
50,Cà Mau-7512.jpeg,0.967102825641632,105.17290299282529E,9.188390776799478N
51,Cà Mau-6174.jpeg,0.9670560210943222,105.15106413773236E,9.173568642407915N
53,Cà Mau-1147.jpeg,0.9668638110160828,105.21521577456787E,9.107542771027305N
55,Cà Mau-8126.jpeg,0.9668215662240982,105.13332006796934E,9.196475577376699N
56,Sóc Trăng-32.jpeg,0.966580145061016,105.96270343008865E,9.563454102956996N
57,Cà Mau-7717.jpeg,0.9665464162826538,105.15106413773236E,9.191085710325217N
58,Cà Mau-5235.jpeg,0.9665324836969376,105.1415096386292E,9.164136375067825N
59,Cà Mau-4809.jpeg,0.9664952531456948,105.10602149910315E,9.160093974779219N
60,Bà Rịa-1285.jpeg,0.9664816185832024,107.18953333435996E,10.491641472283892N
62,Lê Chân District-561.jpeg,0.9664025604724884,106.6792174376834E,20.8500525418593N
63,Cà Mau-8349.jpeg,0.9661872535943984,105.15652385150557E,9.199170510902437N
64,Cà Mau-5769.jpeg,0.9661541059613228,105.13604992485595E,9.169526242119304N
65,Hoài Đức District-2981.jpeg,0.966119758784771,105.65769543268874E,21.04689964594611N
67,Hoài Đức District-1850.jpeg,0.9660159423947334,105.6952278389272E,21.018602843924928N
68,Cà Mau-5870.jpeg,0.9659294709563256,105.27390769763011E,9.169526242119304N
69,Hoài Đức District-1435.jpeg,0.9658634960651398,105.67213097354968E,21.006475643058707N
70,Hoài Đức District-1052.jpeg,0.9658368974924088,105.70533271752987E,20.995695908955405N
72,Sóc Trăng-1996.jpeg,0.9657038524746896,105.98456975334541E,9.611962906420333N
73,Cà Mau-7032.jpeg,0.9656645357608796,105.13604992485595E,9.183000909747998N
74,Hoài Đức District-681.jpeg,0.9656276181340218,105.66780031129137E,20.986263641615007N
75,Bà Rịa-1544.jpeg,0.9656059816479684,107.18953333435996E,10.497031339335381N
76,Sóc Trăng-810.jpeg,0.9652457013726234,105.97363659171704E,9.586361037925792N
77,Sóc Trăng-2262.jpeg,0.9651982635259628,105.98046981773476E,9.617352773471817N
78,Bà Rịa-1819.jpeg,0.9650731906294824,107.16212428637428E,10.502421206386876N
79,Cà Mau-5164.jpeg,0.9649133533239364,105.22886505900094E,9.162788908304956N
80,Sóc Trăng-3447.jpeg,0.964713618159294,105.99550291497377E,9.644302108729232N
81,Sóc Trăng-932.jpeg,0.9646641984581948,105.97090330130993E,9.589055971451534N
82,Cà Mau-10608.jpeg,0.9646320790052414,105.21794563145447E,9.23420464673705N
84,Cà Mau-9206.jpeg,0.9644182547926904,105.16607835060873E,9.211297711768264N
85,Cà Mau-8108.jpeg,0.9642657786607742,105.25070391409388E,9.19512811061383N
86,Cà Mau-4244.jpeg,0.9642256870865822,105.18382242037175E,9.15335664096487N
87,Sóc Trăng-1791.jpeg,0.9641640484333038,105.97636988212413E,9.60792050613172N
88,Sóc Trăng-416.jpeg,0.9641569778323174,105.95997013968159E,9.578276237348572N
89,Cà Mau-6335.jpeg,0.9641483649611472,105.19337691947491E,9.174916109170782N
90,Bà Rịa-878.jpeg,0.9641185626387596,107.19912650115499E,10.482209204943779N
91,Sóc Trăng-2438.jpeg,0.9641066566109656,106.03513562587665E,9.620047706997557N
92,Lê Chân District-147.jpeg,0.9640739262104034,106.68786793275679E,20.825798140126878N
93,Hoài Đức District-3166.jpeg,0.9640430733561516,105.67501808172187E,21.05094204623485N
94,Cà Mau-7920.jpeg,0.9640327394008636,105.13604992485595E,9.193780643850957N
96,Sóc Trăng-1535.jpeg,0.9638977870345116,105.98046981773476E,9.60253063908024N
97,Sóc Trăng-2873.jpeg,0.9638971835374832,105.98730304375252E,9.629479974337654N
98,Cà Mau-2838.jpeg,0.963880181312561,105.22204041678441E,9.135839573047564N
99,Cà Mau-7389.jpeg,0.9638290256261826,105.15652385150557E,9.18704331003661N
101,Sóc Trăng-1340.jpeg,0.9637447893619536,105.97090330130993E,9.598488238791628N
102,Cà Mau-5434.jpeg,0.9636508747935296,105.22886505900094E,9.165483841830692N
103,Cà Mau-3762.jpeg,0.9635729566216468,105.16334849372213E,9.14796677391339N
104,Cà Mau-5312.jpeg,0.9633529409766196,105.24660912876394E,9.164136375067825N
105,Hoài Đức District-3456.jpeg,0.9633130878210068,105.68079229806625E,21.05767938004941N
106,Sóc Trăng-3462.jpeg,0.9632282108068466,106.01600259302698E,9.644302108729232N
107,Bà Rịa-4395.jpeg,0.9631651341915132,107.20734921555069E,10.550930009850294N
108,Bà Rịa-3700.jpeg,0.9631453976035118,107.21283102514784E,10.533412941932944N
109,Sóc Trăng-2143.jpeg,0.9630757570266724,106.0023361409915E,9.614657839946075N
111,Bà Rịa-4112.jpeg,0.962945021688938,107.24161052553285E,10.541497742510183N
113,Sóc Trăng-1597.jpeg,0.9628763794898988,105.97773652732769E,9.60387810584311N
114,Bà Rịa-3149.jpeg,0.9628650322556496,107.20734921555069E,10.523980674592838N
115,Cà Mau-9156.jpeg,0.962800920009613,105.22067548834109E,9.209950245005393N
117,Hoài Đức District-3769.jpeg,0.9627681449055672,105.67501808172187E,21.06576418062689N
118,Cà Mau-3778.jpeg,0.9627539813518524,105.18518734881506E,9.14796677391339N
119,Sóc Trăng-880.jpeg,0.9626465141773224,105.98320310814186E,9.587708504688663N
121,Cà Mau-9738.jpeg,0.9624688401818275,105.21658070301116E,9.219382512345483N
122,Hoài Đức District-523.jpeg,0.962418332695961,105.6692438653775E,20.982221241326275N
123,Hoài Đức District-134.jpeg,0.962402269244194,105.7212118124769E,20.96739910693423N
125,Sóc Trăng-2535.jpeg,0.9623586758971214,105.98320310814186E,9.622742640523299N
126,Hoài Đức District-892.jpeg,0.962349534034729,105.67934874398014E,20.991653508666662N
127,Cà Mau-9047.jpeg,0.962319515645504,105.19610677636153E,9.208602778242527N
129,Bà Rịa-3203.jpeg,0.9622478857636452,107.17445835796785E,10.52532814135571N
130,Cà Mau-5183.jpeg,0.9622396752238274,105.2547986994238E,9.162788908304956N
131,Bà Rịa-4565.jpeg,0.962146557867527,107.22105373954355E,10.5603622771904N
132,Cà Mau-3005.jpeg,0.962082527577877,105.1769977781552E,9.138534506573302N
133,Sóc Trăng-951.jpeg,0.9619358405470848,105.99686956017732E,9.589055971451534N
136,Hoài Đức District-1903.jpeg,0.9618620276451112,105.70966337978815E,21.019950310687847N
137,Hoài Đức District-3303.jpeg,0.9618424326181412,105.70966337978815E,21.05363697976067N
138,Cà Mau-4344.jpeg,0.9618085995316504,105.15652385150557E,9.154704107727737N
139,Sóc Trăng-412.jpeg,0.961779162287712,105.95450355886739E,9.578276237348572N
141,Hoài Đức District-4032.jpeg,0.9617668986320496,105.69378428484109E,21.073848981204378N
142,Cà Mau-6405.jpeg,0.9617550820112228,105.11830585509296E,9.176263575933655N
144,Bà Rịa-2991.jpeg,0.9614755883812904,107.20734921555069E,10.52128574106709N
145,Bà Rịa-1812.jpeg,0.9614253714680672,107.15253111957928E,10.502421206386876N
146,Hoài Đức District-2035.jpeg,0.9613803029060364,105.68656651441063E,21.023992710976582N
147,Sóc Trăng-20.jpeg,0.9613609164953232,105.96680336569932E,9.562106636194125N
149,Lê Chân District-191.jpeg,0.9613146036863328,106.69363492947235E,20.8284930736527N
150,Bà Rịa-4369.jpeg,0.9613000452518464,107.2251650967414E,10.549582543087423N
151,Cà Mau-2764.jpeg,0.9612407758831978,105.25070391409388E,9.134492106284695N
154,Bà Rịa-4473.jpeg,0.9610599800944328,107.21968328714426E,10.553624943376041N
155,Hoài Đức District-4143.jpeg,0.961054690182209,105.69811494709938E,21.08058631501894N
156,Hoài Đức District-2875.jpeg,0.9610386341810226,105.67790518989406E,21.044204712420278N
158,Bà Rịa-3553.jpeg,0.960844375193119,107.22379464434212E,10.5307180084072N
159,Cà Mau-5105.jpeg,0.9608324691653252,105.14833428084575E,9.162788908304956N
160,Cà Mau-1982.jpeg,0.9607717171311378,105.1415096386292E,9.123712372181739N
161,Bà Rịa-1853.jpeg,0.9607003927230836,107.20871966794996E,10.502421206386876N
162,Cà Mau-5562.jpeg,0.9606319144368172,105.21931055989775E,9.166831308593567N
165,Sóc Trăng-1222.jpeg,0.9605296030640602,105.97226994651348E,9.595793305265886N
168,Hoài Đức District-1313.jpeg,0.9602629244327544,105.7197682583908E,21.002433242769968N
169,Cà Mau-5644.jpeg,0.9602237716317176,105.14833428084575E,9.168178775356434N
171,Sóc Trăng-3325.jpeg,0.9600964486598969,105.99140297936313E,9.64025970844062N
172,Cà Mau-6070.jpeg,0.960079587996006,105.18655227725836E,9.172221175645044N
173,Cà Mau-7549.jpeg,0.960077814757824,105.2234053452277E,9.188390776799478N
174,Hoài Đức District-3168.jpeg,0.9600222110748292,105.67790518989406E,21.05094204623485N
175,Hoài Đức District-1595.jpeg,0.9599670693278312,105.68367940623844E,21.010518043347453N
176,Sóc Trăng-540.jpeg,0.9599378630518912,105.9572368492745E,9.580971170874308N
179,Bà Rịa-1833.jpeg,0.959819883108139,107.18131061996428E,10.502421206386876N
180,Sóc Trăng-2167.jpeg,0.9597643315792084,105.94220375203544E,9.616005306708946N
181,Bà Rịa-1953.jpeg,0.9597106128931046,107.13197433358997E,10.505116139912618N
182,Hoài Đức District-3845.jpeg,0.9596884325146676,105.7197682583908E,21.067111647389805N
184,Bà Rịa-1168.jpeg,0.959680438041687,107.19227423915855E,10.488946538758148N
185,Hoài Đức District-2077.jpeg,0.9596224501729012,105.67213097354968E,21.02534017773949N
187,Cà Mau-2317.jpeg,0.9595018476247787,105.13604992485595E,9.129102239233216N
188,Cà Mau-7315.jpeg,0.9594427347183228,105.20702620390799E,9.18569584327374N
189,Cà Mau-11149.jpeg,0.9594177007675172,105.20293141857805E,9.243636914077138N
191,Sóc Trăng-617.jpeg,0.959340699017048,105.97500323692059E,9.582318637637183N
192,Cà Mau-6562.jpeg,0.95932387560606,105.16198356527879E,9.177611042696523N
193,Sóc Trăng-802.jpeg,0.959317721426487,105.96270343008865E,9.586361037925792N
198,Cà Mau-11808.jpeg,0.9590943604707718,105.20156649013477E,9.26519638228306N
202,Hoài Đức District-3954.jpeg,0.95881088078022,105.69234073075502E,21.071154047678547N
203,Bà Rịa-1342.jpeg,0.9587667658925056,107.18542197716212E,10.49298893904676N
204,Bà Rịa-2571.jpeg,0.958736777305603,107.17582881036712E,10.514548407252727N
205,Bà Rịa-2606.jpeg,0.9587005972862244,107.22379464434212E,10.514548407252727N
206,Cà Mau-7161.jpeg,0.9586924016475676,105.15242906617566E,9.184348376510869N
208,Cà Mau-1748.jpeg,0.9585853144526482,105.14833428084575E,9.119669971893128N
209,Sóc Trăng-863.jpeg,0.9585396274924278,105.95997013968159E,9.587708504688663N
210,Sóc Trăng-3074.jpeg,0.95849397033453,105.98866968895605E,9.633522374626263N
213,Cà Mau-7144.jpeg,0.958259515464306,105.1292252826394E,9.184348376510869N
215,Cà Mau-2379.jpeg,0.9581695571541786,105.22067548834109E,9.129102239233216N
216,Bà Rịa-1601.jpeg,0.9578718468546868,107.1689765483707E,10.498378806098255N
218,Cà Mau-7914.jpeg,0.9578435719013214,105.12786035419612E,9.193780643850957N
221,Hoài Đức District-1216.jpeg,0.9576778039336205,105.72698602882127E,20.999738309244147N
222,Sóc Trăng-999.jpeg,0.9576214998960496,105.98320310814186E,9.590403438214405N
223,Cà Mau-9013.jpeg,0.9574219807982444,105.14969920928903E,9.208602778242527N
224,Sóc Trăng-1973.jpeg,0.9573426842689514,105.95313691366383E,9.611962906420333N
225,Cà Mau-9759.jpeg,0.9573220312595369,105.13877978174257E,9.220729979108352N
226,Cà Mau-11472.jpeg,0.9573025703430176,105.19474184791824E,9.250374247891491N
227,Sóc Trăng-875.jpeg,0.9572498723864556,105.97636988212413E,9.587708504688663N
228,Hoài Đức District-660.jpeg,0.95718901604414,105.7154375961325E,20.984916174852096N
229,Hoài Đức District-3129.jpeg,0.9571008682250975,105.70388916344376E,21.04959457947194N
231,Cà Mau-6800.jpeg,0.9570729583501816,105.14696935240242E,9.180305976222263N
232,Hoài Đức District-1968.jpeg,0.9569688215851784,105.73709090742392E,21.021297777450755N
233,Bà Rịa-1534.jpeg,0.9569176807999612,107.17582881036712E,10.497031339335381N
236,Lê Chân District-453.jpeg,0.9565051272511482,106.66047469835779E,20.844662674807644N
237,Cà Mau-1105.jpeg,0.9565035700798036,105.15788877994889E,9.107542771027305N
239,Bà Rịa-4321.jpeg,0.9564065784215928,107.21420147754715E,10.548235076324548N
240,Hoài Đức District-2500.jpeg,0.9563890993595124,105.65336477043047E,21.036119911842796N
241,Sóc Trăng-684.jpeg,0.9563795477151872,105.97910317253123E,9.583666104400052N
242,Lê Chân District-616.jpeg,0.9563256353139876,106.67489219014672E,20.854094942148038N
243,Hoài Đức District-4103.jpeg,0.9562981128692628,105.69667139301329E,21.077891381493117N
244,Hoài Đức District-254.jpeg,0.95622318983078,105.7197682583908E,20.97278897398588N
245,Bà Rịa-4203.jpeg,0.9562207609415054,107.2251650967414E,10.54419267603593N
247,Sóc Trăng-489.jpeg,0.9561404585838318,105.97500323692059E,9.579623704111441N
248,Bà Rịa-3647.jpeg,0.9561008810997008,107.24572188273069E,10.532065475170075N
249,Hoài Đức District-302.jpeg,0.9560105353593826,105.73853446151006E,20.974136440748797N
252,Bà Rịa-2512.jpeg,0.955787368118763,107.2046083107521E,10.513200940489853N
255,Hoài Đức District-862.jpeg,0.9556472972035408,105.70533271752987E,20.990306041903757N
256,Bà Rịa-4274.jpeg,0.9556403309106828,107.20323785835285E,10.546887609561676N
259,Bà Rịa-3160.jpeg,0.9553412199020386,107.2224241919428E,10.523980674592838N
260,Bà Rịa-1905.jpeg,0.9553319737315178,107.17308790556855E,10.503768673149745N
261,Cà Mau-7164.jpeg,0.9552243202924728,105.15652385150557E,9.184348376510869N
262,Sóc Trăng-2320.jpeg,0.9550766125321388,105.96680336569932E,9.61870024023469N
264,Cà Mau-4508.jpeg,0.9550651013851166,105.21248591768125E,9.15605157449061N
266,Hoài Đức District-17.jpeg,0.9549817368388176,105.7212118124769E,20.959314306356756N
267,Hoài Đức District-1687.jpeg,0.954901285469532,105.69811494709938E,21.013212976873277N
268,Hoài Đức District-2888.jpeg,0.9547956138849258,105.69667139301329E,21.044204712420278N
270,Sóc Trăng-2764.jpeg,0.954780101776123,106.02146917384115E,9.62678504081191N
271,Cà Mau-7321.jpeg,0.954667866230011,105.21521577456787E,9.18569584327374N
273,Cà Mau-6347.jpeg,0.9546369835734368,105.20975606079462E,9.174916109170782N
274,Sóc Trăng-2053.jpeg,0.9545799270272256,105.97090330130993E,9.613310373183204N
275,Cà Mau-6934.jpeg,0.9545731097459792,105.16471342216543E,9.181653442985132N
276,Sóc Trăng-627.jpeg,0.9545530006289482,105.98866968895605E,9.582318637637183N
277,Bà Rịa-3641.jpeg,0.954541712999344,107.23749916833498E,10.532065475170075N
279,Bà Rịa-1111.jpeg,0.9544566050171852,107.19501514395712E,10.487599071995271N
280,Cà Mau-6034.jpeg,0.954443410038948,105.13741485329926E,9.172221175645044N
282,Cà Mau-8827.jpeg,0.9543652087450027,105.1428745670725E,9.205907844716789N
283,Bà Rịa-4051.jpeg,0.9542832747101784,107.23612871593569E,10.54015027574731N
284,Cà Mau-9603.jpeg,0.954266645014286,105.14014471018588E,9.218035045582615N
285,Cà Mau-5559.jpeg,0.9542477503418922,105.21521577456787E,9.166831308593567N
288,Cà Mau-9466.jpeg,0.9540427923202516,105.17017313593865E,9.215340112056875N
289,Cà Mau-6307.jpeg,0.9539846479892732,105.15515892306227E,9.174916109170782N
291,Cà Mau-3928.jpeg,0.9539169445633888,105.23295984433088E,9.14931424067626N
294,Sóc Trăng-1187.jpeg,0.9537652358412744,106.00370278619505E,9.594445838503015N
296,Cà Mau-7671.jpeg,0.9537216946482658,105.23841955810411E,9.18973824356235N
298,Cà Mau-6244.jpeg,0.9535423517227172,105.24660912876394E,9.173568642407915N
299,Cà Mau-2810.jpeg,0.9534892961382866,105.18382242037175E,9.135839573047564N
301,Sóc Trăng-80.jpeg,0.9534348025918008,105.95313691366383E,9.567496503245605N
304,Hoài Đức District-655.jpeg,0.9533736258745192,105.70821982570205E,20.984916174852096N
306,Lê Chân District-251.jpeg,0.9533424973487854,106.69075143111459E,20.83253547394144N
310,Bà Rịa-2124.jpeg,0.9532379284501076,107.13882659558641E,10.507811073438363N
311,Sóc Trăng-1693.jpeg,0.9531992301344872,106.02146917384115E,9.605225572605981N
314,Sóc Trăng-39.jpeg,0.9530960097908974,105.95040362325675E,9.564801569719865N
315,Cà Mau-7569.jpeg,0.9530733302235604,105.25070391409388E,9.188390776799478N
316,Bà Rịa-1215.jpeg,0.9530448988080024,107.17445835796785E,10.49029400552102N
318,Cà Mau-3566.jpeg,0.9529663249850272,105.2056612754647E,9.145271840387652N
320,Hoài Đức District-2898.jpeg,0.9528637379407884,105.71110693387422E,21.044204712420278N
322,Cà Mau-8815.jpeg,0.95266904681921,105.1264954257528E,9.205907844716789N
323,Hoài Đức District-2556.jpeg,0.9526267945766448,105.73420379925176E,21.036119911842796N
325,Sóc Trăng-3398.jpeg,0.9524795413017272,105.97636988212413E,9.642954641966357N
326,Bà Rịa-2821.jpeg,0.9524228945374488,107.19227423915855E,10.518590807541345N
327,Hoài Đức District-50.jpeg,0.9523097798228264,105.72554247473516E,20.962009239882576N
328,Bà Rịa-3709.jpeg,0.9522969797253608,107.2251650967414E,10.533412941932944N
331,Bà Rịa-3966.jpeg,0.9519872292876244,107.19775604875569E,10.538802808984437N
333,Hoài Đức District-826.jpeg,0.9518633112311364,105.72409892064907E,20.988958575140835N
334,Cà Mau-11652.jpeg,0.9518102556467056,105.16880820749536E,9.258459048468708N
335,Bà Rịa-3915.jpeg,0.9517947733402252,107.21146057274855E,10.537455342221564N
337,Cà Mau-2180.jpeg,0.9516990706324576,105.18518734881506E,9.126407305707477N
338,Sóc Trăng-2650.jpeg,0.9516915157437325,105.9572368492745E,9.625437574049041N
340,Bà Rịa-3531.jpeg,0.9515131637454032,107.19364469155784E,10.5307180084072N
342,Cà Mau-4853.jpeg,0.9513918533921242,105.16607835060873E,9.160093974779219N
343,Bà Rịa-4186.jpeg,0.95138169080019,107.20186740595354E,10.54419267603593N
345,Cà Mau-8074.jpeg,0.9512789845466614,105.20429634702138E,9.19512811061383N
346,Sóc Trăng-1841.jpeg,0.9512025713920592,105.95313691366383E,9.609267972894592N
347,Bà Rịa-2247.jpeg,0.9511945024132727,107.19227423915855E,10.50915854020124N
348,Cà Mau-8094.jpeg,0.951139770448208,105.23159491588757E,9.19512811061383N
349,Sóc Trăng-2856.jpeg,0.9511231109499932,105.9640700752922E,9.629479974337654N
350,Cà Mau-2972.jpeg,0.9509379863739014,105.13195513952603E,9.138534506573302N
352,Lê Chân District-161.jpeg,0.9508661404252052,106.6792174376834E,20.82714560688979N
355,Cà Mau-7038.jpeg,0.9506773501634598,105.1442394955158E,9.183000909747998N
356,Sóc Trăng-731.jpeg,0.95065838098526,105.95450355886739E,9.585013571162921N
358,Hoài Đức District-3055.jpeg,0.9504239186644554,105.67934874398014E,21.048247112709017N
360,Sóc Trăng-1654.jpeg,0.9503939673304558,105.96817001090285E,9.605225572605981N
361,Cà Mau-4740.jpeg,0.9502836242318152,105.18655227725836E,9.158746508016346N
362,Sóc Trăng-3309.jpeg,0.9502307400107384,105.96270343008865E,9.64025970844062N
364,Sóc Trăng-551.jpeg,0.950077883899212,105.97226994651348E,9.580971170874308N
365,Sóc Trăng-1195.jpeg,0.950027346611023,106.01463594782342E,9.594445838503015N
366,Hoài Đức District-4086.jpeg,0.9499953910708429,105.69955850118549E,21.076543914730205N
367,Bà Rịa-3252.jpeg,0.9499669894576072,107.24161052553285E,10.52532814135571N
369,Bà Rịa-3290.jpeg,0.949808605015278,107.18542197716212E,10.526675608118586N
371,Cà Mau-2772.jpeg,0.9497877806425096,105.13195513952603E,9.135839573047564N
372,Bà Rịa-4087.jpeg,0.9497513771057128,107.20734921555069E,10.541497742510183N
373,Hoài Đức District-358.jpeg,0.9496392831206322,105.70244560935767E,20.976831374274624N
377,Cà Mau-4234.jpeg,0.9493116661906242,105.17017313593865E,9.15335664096487N
379,Hoài Đức District-4108.jpeg,0.9492466002702712,105.67501808172187E,21.079238848256026N
380,Bà Rịa-3139.jpeg,0.9491715803742408,107.19364469155784E,10.523980674592838N
382,Hoài Đức District-2946.jpeg,0.9490671381354332,105.69378428484109E,21.045552179183197N
384,Sóc Trăng-1805.jpeg,0.948664389550686,105.99550291497377E,9.60792050613172N
388,Bà Rịa-4523.jpeg,0.9483617171645164,107.2251650967414E,10.556319876901785N
390,Cà Mau-8159.jpeg,0.948083572089672,105.17836270659852E,9.196475577376699N
391,Hoài Đức District-1708.jpeg,0.9480451717972757,105.72842958290738E,21.013212976873277N
393,Cà Mau-10099.jpeg,0.9476634860038756,105.1769977781552E,9.22611984615983N
394,Hoài Đức District-3046.jpeg,0.9475550577044488,105.66635675720529E,21.048247112709017N
395,Hoài Đức District-4113.jpeg,0.9474445581436156,105.68223585215235E,21.079238848256026N
396,Cà Mau-831.jpeg,0.9473578706383704,105.16880820749536E,9.102152903975828N
397,Cà Mau-2314.jpeg,0.9472794830799104,105.25070391409388E,9.127754772470347N
399,Bà Rịa-2152.jpeg,0.947009265422821,107.17719926276641E,10.507811073438363N
404,Cà Mau-6883.jpeg,0.946320839226246,105.26025841319704E,9.180305976222263N
407,Hoài Đức District-2927.jpeg,0.945943683385849,105.66635675720529E,21.045552179183197N
408,Bà Rịa-1102.jpeg,0.9457970485091208,107.18268107236354E,10.487599071995271N
409,Cà Mau-3365.jpeg,0.9457562044262886,105.23295984433088E,9.142576906861914N
410,Cà Mau-3218.jpeg,0.9456882029771804,105.17972763504184E,9.141229440099043N
411,Hoài Đức District-2728.jpeg,0.9456047788262368,105.72265536656299E,21.04016231213154N
412,Hoài Đức District-3338.jpeg,0.9455747306346892,105.67790518989406E,21.054984446523587N
413,Hoài Đức District-2985.jpeg,0.945551835000515,105.66346964903312E,21.04689964594611N
414,Cà Mau-6430.jpeg,0.945503756403923,105.15242906617566E,9.176263575933655N
415,Cà Mau-9057.jpeg,0.9455030411481856,105.20975606079462E,9.208602778242527N
416,Sóc Trăng-561.jpeg,0.9454729035496712,105.98593639854894E,9.580971170874308N
418,Sóc Trăng-3518.jpeg,0.945357859134674,105.99686956017732E,9.646997042254975N
419,Bà Rịa-2118.jpeg,0.9452835768461229,107.13060388119071E,10.507811073438363N
420,Sóc Trăng-1604.jpeg,0.9450038522481918,105.98730304375252E,9.60387810584311N
421,Sóc Trăng-2303.jpeg,0.9446259513497351,105.94357039723903E,9.61870024023469N
422,Bà Rịa-2964.jpeg,0.9444143250584602,107.17034700076998E,10.52128574106709N
424,Hoài Đức District-1281.jpeg,0.9442712366580964,105.67357452763576E,21.002433242769968N
425,Bà Rịa-4033.jpeg,0.9441213980317116,107.21146057274855E,10.54015027574731N
426,Sóc Trăng-3314.jpeg,0.94407469779253,105.97636988212413E,9.64025970844062N
427,Sóc Trăng-671.jpeg,0.9439777284860612,105.9613367848851E,9.583666104400052N
429,Hoài Đức District-2460.jpeg,0.9437416195869446,105.68367940623844E,21.034772445079884N
432,Hoài Đức District-1589.jpeg,0.9432038143277168,105.6706874194636E,21.010518043347453N
437,Lê Chân District-482.jpeg,0.9428541660308838,106.66624169507335E,20.84601014157056N
438,Bà Rịa-2417.jpeg,0.942739963531494,107.1881628819607E,10.511853473726982N
440,Cà Mau-6927.jpeg,0.942487508058548,105.15515892306227E,9.181653442985132N
441,Cà Mau-5146.jpeg,0.9424864426255226,105.20429634702138E,9.162788908304956N
442,Cà Mau-2774.jpeg,0.9423744380474092,105.13468499641266E,9.135839573047564N
444,Bà Rịa-4048.jpeg,0.9417775496840476,107.23201735873785E,10.54015027574731N
445,Cà Mau-6520.jpeg,0.9417703077197076,105.27527262607343E,9.176263575933655N
446,Hoài Đức District-1385.jpeg,0.9416643902659416,105.67501808172187E,21.005128176295795N
448,Lê Chân District-355.jpeg,0.9415177628397942,106.66768344425226E,20.839272807755993N
449,Cà Mau-2055.jpeg,0.9415087625384332,105.24114941499072E,9.123712372181739N
450,Cà Mau-6072.jpeg,0.9415046125650406,105.18928213414499E,9.172221175645044N
452,Hoài Đức District-4042.jpeg,0.9414067789912224,105.71110693387422E,21.073848981204378N
454,Hoài Đức District-264.jpeg,0.940953329205513,105.73420379925176E,20.97278897398588N
457,Hoài Đức District-1179.jpeg,0.9404763355851172,105.67357452763576E,20.999738309244147N
458,Cà Mau-8064.jpeg,0.9401059672236444,105.19064706258828E,9.19512811061383N
459,Cà Mau-8770.jpeg,0.9398969486355782,105.18928213414499E,9.204560377953916N
461,Cà Mau-4786.jpeg,0.9397029355168344,105.24933898565057E,9.158746508016346N
463,Lê Chân District-525.jpeg,0.9391027763485909,106.65903294917885E,20.848705075096387N
464,Bà Rịa-3689.jpeg,0.9390143603086472,107.19775604875569E,10.533412941932944N
466,Cà Mau-1573.jpeg,0.9388577044010162,105.21794563145447E,9.115627571604524N
468,Bà Rịa-2029.jpeg,0.9385108575224876,107.12375161919425E,10.50646360667549N
469,Sóc Trăng-1922.jpeg,0.9384189918637276,105.97363659171704E,9.610615439657465N
470,Cà Mau-5549.jpeg,0.9383605495095252,105.20156649013477E,9.166831308593567N
471,Cà Mau-7611.jpeg,0.9380365014076232,105.15652385150557E,9.18973824356235N
473,Cà Mau-3464.jpeg,0.9378552064299585,105.21794563145447E,9.143924373624783N
474,Bà Rịa-3118.jpeg,0.9377819448709488,107.16486519117282E,10.523980674592838N
475,Cà Mau-4273.jpeg,0.9374104961752892,105.2234053452277E,9.15335664096487N
476,Cà Mau-3691.jpeg,0.9373536854982376,105.22204041678441E,9.146619307150521N
477,Cà Mau-3835.jpeg,0.9371925368905069,105.26298827008364E,9.14796677391339N
478,Bà Rịa-3091.jpeg,0.9369842112064362,107.23612871593569E,10.522633207829966N
480,Bà Rịa-2608.jpeg,0.9369134083390236,107.22653554914069E,10.514548407252727N
481,Hoài Đức District-3084.jpeg,0.9368506595492364,105.7212118124769E,21.048247112709017N
482,Bà Rịa-1224.jpeg,0.9367384165525436,107.18679242956141E,10.49029400552102N
483,Bà Rịa-3248.jpeg,0.9366984441876413,107.23612871593569E,10.52532814135571N
484,Cà Mau-7222.jpeg,0.9364038482308388,105.2356897012175E,9.184348376510869N
485,Hoài Đức District-770.jpeg,0.9363062903285028,105.7197682583908E,20.987611108377926N
486,Sóc Trăng-1011.jpeg,0.9362206682562828,105.99960285058442E,9.590403438214405N
487,Sóc Trăng-3233.jpeg,0.9360711872577668,105.99276962456669E,9.637564774914878N
488,Cà Mau-5885.jpeg,0.9358777403831482,105.11421106976302E,9.170873708882175N
489,Cà Mau-5025.jpeg,0.9358650222420692,105.2234053452277E,9.161441441542085N
490,Sóc Trăng-2107.jpeg,0.935861438512802,105.95313691366383E,9.614657839946075N
491,Hoài Đức District-3230.jpeg,0.9357871785759926,105.68512296032453E,21.052289512997756N
492,Cà Mau-9174.jpeg,0.935676410794258,105.12240064042288E,9.211297711768264N
495,Cà Mau-4228.jpeg,0.9355105757713318,105.16198356527879E,9.15335664096487N
496,Cà Mau-7016.jpeg,0.93547310680151,105.11421106976302E,9.183000909747998N
498,Sóc Trăng-994.jpeg,0.9354356303811072,105.97636988212413E,9.590403438214405N
499,Cà Mau-6004.jpeg,0.9353194013237952,105.27663755451677E,9.170873708882175N
500,Sóc Trăng-2620.jpeg,0.9347944855690002,106.0078027218057E,9.62409010728617N
501,Sóc Trăng-293.jpeg,0.9346705228090286,105.95313691366383E,9.57558130382283N
502,Cà Mau-4514.jpeg,0.9338784590363504,105.22067548834109E,9.15605157449061N
503,Hoài Đức District-3478.jpeg,0.9337741658091544,105.71255048796033E,21.05767938004941N
504,Sóc Trăng-930.jpeg,0.9333941414952278,105.96817001090285E,9.589055971451534N
505,Cà Mau-6098.jpeg,0.9333328232169152,105.22477027367101E,9.172221175645044N
507,Bà Rịa-3294.jpeg,0.9328361973166466,107.19090378675926E,10.526675608118586N
509,Cà Mau-4264.jpeg,0.9324721917510032,105.21112098923793E,9.15335664096487N
510,Cà Mau-7330.jpeg,0.932468757033348,105.22750013055764E,9.18569584327374N
512,Cà Mau-6776.jpeg,0.9324061051011086,105.11421106976302E,9.180305976222263N
513,Cà Mau-8223.jpeg,0.9323370978236198,105.12513049730948E,9.197823044139565N
517,Sóc Trăng-1876.jpeg,0.9316644817590714,106.000969495788E,9.609267972894592N
519,Hoài Đức District-3880.jpeg,0.9315077513456343,105.70677627161595E,21.06845911415272N
520,Hoài Đức District-1933.jpeg,0.9313250482082368,105.68656651441063E,21.021297777450755N
521,Cà Mau-5592.jpeg,0.9313170537352562,105.26025841319704E,9.166831308593567N
522,Cà Mau-6172.jpeg,0.9312366992235184,105.14833428084575E,9.173568642407915N
523,Cà Mau-3655.jpeg,0.9311472699046136,105.17290299282529E,9.146619307150521N
524,Bà Rịa-3715.jpeg,0.931056186556816,107.2333878111371E,10.533412941932944N
526,Cà Mau-7775.jpeg,0.931039161980152,105.23022998744423E,9.191085710325217N
528,Sóc Trăng-743.jpeg,0.93060614913702,105.97090330130993E,9.585013571162921N
530,Cà Mau-2718.jpeg,0.9303149357438087,105.18791720570167E,9.134492106284695N
531,Hoài Đức District-2136.jpeg,0.930113174021244,105.68223585215235E,21.026687644502402N
532,Hoài Đức District-2554.jpeg,0.9300881996750832,105.73131669107957E,21.036119911842796N
533,Bà Rịa-2905.jpeg,0.9300283119082452,107.19912650115499E,10.519938274304222N
534,Hoài Đức District-799.jpeg,0.929801009595394,105.68512296032453E,20.988958575140835N
535,Sóc Trăng-3266.jpeg,0.9297777563333512,105.96680336569932E,9.63891224167775N
536,Lê Chân District-552.jpeg,0.929767780005932,106.66624169507335E,20.8500525418593N
537,Cà Mau-6264.jpeg,0.9295194447040558,105.27390769763011E,9.173568642407915N
538,Bà Rịa-1295.jpeg,0.929337590932846,107.20323785835285E,10.491641472283892N
541,Cà Mau-5136.jpeg,0.9287969246506692,105.19064706258828E,9.162788908304956N
543,Cà Mau-5916.jpeg,0.9286671578884124,105.15652385150557E,9.170873708882175N
545,Sóc Trăng-997.jpeg,0.9285881295800208,105.98046981773476E,9.590403438214405N
546,Bà Rịa-4201.jpeg,0.9285647720098495,107.2224241919428E,10.54419267603593N
547,Cà Mau-2194.jpeg,0.9285016134381294,105.20429634702138E,9.126407305707477N
549,Sóc Trăng-377.jpeg,0.9283735305070876,105.99003633415961E,9.576928770585699N
550,Cà Mau-3130.jpeg,0.928221769630909,105.2056612754647E,9.139881973336175N
551,Bà Rịa-3433.jpeg,0.9280557110905648,107.16623564357214E,10.529370541644328N
552,Cà Mau-3480.jpeg,0.9280444830656052,105.2397844865474E,9.143924373624783N
553,Cà Mau-11273.jpeg,0.9271679148077964,105.1592537083922E,9.246331847602878N
555,Cà Mau-8007.jpeg,0.9269849359989166,105.2547986994238E,9.193780643850957N
556,Cà Mau-7787.jpeg,0.926488257944584,105.24660912876394E,9.191085710325217N
558,Cà Mau-7183.jpeg,0.92636127024889,105.18245749192842E,9.184348376510869N
559,Cà Mau-7142.jpeg,0.926085278391838,105.1264954257528E,9.184348376510869N
560,Hoài Đức District-3931.jpeg,0.9258075654506684,105.71832470430473E,21.06980658091564N
562,Cà Mau-2559.jpeg,0.9255454540252686,105.2234053452277E,9.131797172758956N
563,Cà Mau-2209.jpeg,0.9250161573290824,105.22477027367101E,9.126407305707477N
564,Sóc Trăng-1888.jpeg,0.9249043464660645,106.01736923823053E,9.609267972894592N
566,Hoài Đức District-3276.jpeg,0.9247468188405036,105.6706874194636E,21.05363697976067N
567,Sóc Trăng-2645.jpeg,0.9246249049901962,105.95040362325675E,9.625437574049041N
569,Cà Mau-2290.jpeg,0.9244596734642982,105.21794563145447E,9.127754772470347N
570,Cà Mau-7478.jpeg,0.9241124764084816,105.1264954257528E,9.188390776799478N
571,Bà Rịa-3137.jpeg,0.9239955246448516,107.19090378675926E,10.523980674592838N
572,Hoài Đức District-3966.jpeg,0.9239229559898376,105.70966337978815E,21.071154047678547N
573,Cà Mau-5199.jpeg,0.9237828105688096,105.27663755451677E,9.162788908304956N
574,Cà Mau-2486.jpeg,0.9234619140625,105.24660912876394E,9.130449705996087N
575,Cà Mau-4547.jpeg,0.9233915954828262,105.26571812697027E,9.15605157449061N
579,Cà Mau-9223.jpeg,0.922548733651638,105.18928213414499E,9.211297711768264N
581,Cà Mau-8240.jpeg,0.9221759364008904,105.14833428084575E,9.197823044139565N
584,Sóc Trăng-1879.jpeg,0.9219094514846802,106.00506943139861E,9.609267972894592N
585,Cà Mau-8331.jpeg,0.92184117436409,105.13195513952603E,9.199170510902437N
586,Cà Mau-2013.jpeg,0.9216356053948402,105.18382242037175E,9.123712372181739N
587,Bà Rịa-2352.jpeg,0.921619713306427,107.21831283474498E,10.510506006964109N
589,Cà Mau-9812.jpeg,0.9215662851929664,105.21112098923793E,9.220729979108352N
594,Cà Mau-7014.jpeg,0.9209935888648032,105.27663755451677E,9.181653442985132N
595,Hoài Đức District-788.jpeg,0.9204545468091964,105.6692438653775E,20.988958575140835N
597,Cà Mau-8517.jpeg,0.9203205406665802,105.24660912876394E,9.200517977665308N
598,Cà Mau-9801.jpeg,0.91981041431427,105.19610677636153E,9.220729979108352N
600,Cà Mau-3948.jpeg,0.9191294386982918,105.26025841319704E,9.14931424067626N
602,Cà Mau-3376.jpeg,0.9189436286687852,105.24797405720727E,9.142576906861914N
603,Cà Mau-4996.jpeg,0.9183717668056488,105.18382242037175E,9.161441441542085N
605,Lê Chân District-433.jpeg,0.9179674834012984,106.66768344425226E,20.84331520804474N
607,Sóc Trăng-2942.jpeg,0.9174804985523224,105.99003633415961E,9.630827441100523N
608,Cà Mau-3551.jpeg,0.9174263253808022,105.18518734881506E,9.145271840387652N
609,Cà Mau-9989.jpeg,0.9173717349767684,105.13604992485595E,9.224772379396962N
610,Hoài Đức District-2073.jpeg,0.9171851351857184,105.66635675720529E,21.02534017773949N
611,Bà Rịa-3541.jpeg,0.917043685913086,107.20734921555069E,10.5307180084072N
612,Cà Mau-1242.jpeg,0.9166786447167397,105.24933898565057E,9.10889023779017N
615,Hoài Đức District-472.jpeg,0.9164135530591012,105.74142156968222E,20.97952630780045N
617,Sóc Trăng-163.jpeg,0.9161069244146348,105.95313691366383E,9.571538903534217N
618,Sóc Trăng-1168.jpeg,0.9160223081707954,105.97773652732769E,9.594445838503015N
620,Cà Mau-3037.jpeg,0.914910800755024,105.22067548834109E,9.138534506573302N
624,Cà Mau-7574.jpeg,0.914605513215065,105.25752855631042E,9.188390776799478N
627,Sóc Trăng-1021.jpeg,0.9143949523568152,106.01326930261988E,9.590403438214405N
630,Hoài Đức District-181.jpeg,0.9141184762120248,105.68656651441063E,20.97009404046006N
631,Cà Mau-6087.jpeg,0.913584865629673,105.20975606079462E,9.172221175645044N
632,Cà Mau-10583.jpeg,0.9128531962633132,105.18382242037175E,9.23420464673705N
633,Sóc Trăng-2684.jpeg,0.9125653207302094,106.00370278619505E,9.625437574049041N
634,Cà Mau-4763.jpeg,0.9124302715063096,105.21794563145447E,9.158746508016346N
635,Lê Chân District-349.jpeg,0.912325657904148,106.69651842783017E,20.837925340993092N
637,Cà Mau-7428.jpeg,0.9118618443608284,105.20975606079462E,9.18704331003661N
638,Hoài Đức District-3394.jpeg,0.9118296205997468,105.67501808172187E,21.056331913286495N
639,Hoài Đức District-3647.jpeg,0.911785528063774,105.7154375961325E,21.061721780338154N
640,Bà Rịa-4531.jpeg,0.9117423593997956,107.17308790556855E,10.557667343664656N
641,Cà Mau-5993.jpeg,0.9116810634732246,105.26162334164034E,9.170873708882175N
642,Cà Mau-4488.jpeg,0.9115752205252649,105.18518734881506E,9.15605157449061N
643,Cà Mau-3386.jpeg,0.91151562333107,105.26162334164034E,9.142576906861914N
644,Cà Mau-5267.jpeg,0.9114850386977196,105.18518734881506E,9.164136375067825N
645,Cà Mau-9127.jpeg,0.9114428833127022,105.18109256348514E,9.209950245005393N
648,Bà Rịa-1772.jpeg,0.9104574620723724,107.20049695355428E,10.501073739624001N
649,Cà Mau-28.jpeg,0.9099959880113602,105.19474184791824E,9.084635836058522N
651,Hoài Đức District-3746.jpeg,0.909751757979393,105.71255048796033E,21.064416713863977N
652,Cà Mau-9791.jpeg,0.9096952676773072,105.18245749192842E,9.220729979108352N
654,Bà Rịa-1408.jpeg,0.909397415816784,107.19227423915855E,10.494336405809637N
655,Cà Mau-5173.jpeg,0.9093907922506332,105.24114941499072E,9.162788908304956N
656,Cà Mau-3458.jpeg,0.9092741385102272,105.20975606079462E,9.143924373624783N
657,Cà Mau-6415.jpeg,0.909229911863804,105.13195513952603E,9.176263575933655N
658,Cà Mau-8219.jpeg,0.908752977848053,105.11967078353625E,9.197823044139565N
660,Cà Mau-3351.jpeg,0.9086356908082962,105.21385084612454E,9.142576906861914N
665,Cà Mau-11498.jpeg,0.9082634449005128,105.1756328497119E,9.251721714654357N
667,Cà Mau-4535.jpeg,0.9080758914351464,105.24933898565057E,9.15605157449061N
669,Cà Mau-6859.jpeg,0.907809928059578,105.22750013055764E,9.180305976222263N
670,Cà Mau-1935.jpeg,0.907752387225628,105.18655227725836E,9.122364905418868N
673,Cà Mau-5503.jpeg,0.9074322804808616,105.13877978174257E,9.166831308593567N
675,Cà Mau-3102.jpeg,0.9064625054597856,105.16744327905207E,9.139881973336175N
676,Cà Mau-9298.jpeg,0.906205490231514,105.17153806438196E,9.212645178531133N
677,Bà Rịa-1742.jpeg,0.9061642289161682,107.15938338157571E,10.501073739624001N
678,Cà Mau-10067.jpeg,0.9060856252908708,105.13332006796934E,9.22611984615983N
681,Cà Mau-8420.jpeg,0.9058909714221954,105.25343377098048E,9.199170510902437N
682,Cà Mau-1205.jpeg,0.9054952189326286,105.19883663324816E,9.10889023779017N
683,Bà Rịa-4117.jpeg,0.9052358791232108,107.17308790556855E,10.542845209273057N
684,Lê Chân District-226.jpeg,0.9052114263176918,106.68498443439898E,20.831188007178525N
687,Cà Mau-3478.jpeg,0.9046461582183838,105.2370546296608E,9.143924373624783N
688,Bà Rịa-2830.jpeg,0.9045132398605348,107.2046083107521E,10.518590807541345N
691,Cà Mau-4170.jpeg,0.9035883396863936,105.24524420032064E,9.152009174201998N
692,Cà Mau-2337.jpeg,0.90341005474329,105.16334849372213E,9.129102239233216N
693,Hoài Đức District-1420.jpeg,0.9027023687958716,105.72554247473516E,21.005128176295795N
695,Cà Mau-3808.jpeg,0.9024311304092408,105.22613520211434E,9.14796677391339N
696,Cà Mau-9242.jpeg,0.90223228931427,105.21521577456787E,9.211297711768264N
698,Bà Rịa-4589.jpeg,0.9019984900951384,107.21968328714426E,10.564404677479022N
699,Cà Mau-6363.jpeg,0.9019727110862732,105.23159491588757E,9.174916109170782N
701,Sóc Trăng-2500.jpeg,0.901804246008396,106.02830239985892E,9.621395173760428N
702,Cà Mau-4462.jpeg,0.901642508804798,105.14969920928903E,9.15605157449061N
704,Cà Mau-2580.jpeg,0.9015640392899512,105.25206884253721E,9.131797172758956N
706,Cà Mau-10336.jpeg,0.9014150127768517,105.1756328497119E,9.230162246448442N
708,Cà Mau-8858.jpeg,0.9012525752186776,105.18518734881506E,9.205907844716789N
709,Cà Mau-2108.jpeg,0.9011023566126825,105.20156649013477E,9.125059838944608N
710,Cà Mau-6658.jpeg,0.9010528847575188,105.12240064042288E,9.178958509459392N
712,Bà Rịa-1700.jpeg,0.900991290807724,107.2046083107521E,10.499726272861128N
713,Sóc Trăng-1964.jpeg,0.9002649262547493,105.94083710683192E,9.611962906420333N
715,Cà Mau-2542.jpeg,0.9001247435808182,105.20020156169147E,9.131797172758956N
716,Cà Mau-7116.jpeg,0.9000165015459061,105.25070391409388E,9.183000909747998N
718,Bà Rịa-1720.jpeg,0.8994536399841309,107.1292334287914E,10.501073739624001N
719,Cà Mau-7751.jpeg,0.8993694558739662,105.19747170480483E,9.191085710325217N
721,Bà Rịa-1287.jpeg,0.898857370018959,107.19227423915855E,10.491641472283892N
722,Bà Rịa-4496.jpeg,0.898372583091259,107.20871966794996E,10.554972410138912N
724,Hoài Đức District-2138.jpeg,0.8982013612985611,105.68512296032453E,21.026687644502402N
725,Bà Rịa-2763.jpeg,0.8980680033564568,107.22105373954355E,10.51724334077847N
726,Cà Mau-3912.jpeg,0.8979346677660942,105.21112098923793E,9.14931424067626N
727,Hoài Đức District-95.jpeg,0.8978691548109055,105.72987313699343E,20.964704173408407N
729,Cà Mau-3049.jpeg,0.8978312835097313,105.2370546296608E,9.138534506573302N
732,Hoài Đức District-932.jpeg,0.8965046629309654,105.66780031129137E,20.99300097542958N
733,Cà Mau-4963.jpeg,0.895881325006485,105.13877978174257E,9.161441441542085N
737,Cà Mau-2143.jpeg,0.8947825282812119,105.24933898565057E,9.125059838944608N
739,Hoài Đức District-2592.jpeg,0.8946414068341255,105.69955850118549E,21.037467378605715N
740,Cà Mau-2536.jpeg,0.8944960832595825,105.1920119910316E,9.131797172758956N
741,Cà Mau-8994.jpeg,0.8942764475941658,105.12376556886618E,9.208602778242527N
742,Cà Mau-4008.jpeg,0.8937014490365982,105.18382242037175E,9.15066170743913N
743,Bà Rịa-2921.jpeg,0.8936858624219894,107.22105373954355E,10.519938274304222N
744,Cà Mau-11708.jpeg,0.8935675621032715,105.17153806438196E,9.261153981994449N
746,Cà Mau-2760.jpeg,0.8931928053498268,105.24524420032064E,9.134492106284695N
747,Lê Chân District-619.jpeg,0.8929859772324562,106.6792174376834E,20.854094942148038N
748,Cà Mau-7964.jpeg,0.89255241304636,105.19610677636153E,9.193780643850957N
753,Cà Mau-7909.jpeg,0.8920861557126045,105.12103571197956E,9.193780643850957N
754,Hoài Đức District-86.jpeg,0.8918930888175964,105.71688115021858E,20.964704173408407N
755,Cà Mau-10062.jpeg,0.8918687477707863,105.2356897012175E,9.224772379396962N
756,Sóc Trăng-2358.jpeg,0.8918611034750938,106.01873588343409E,9.61870024023469N
762,Cà Mau-8309.jpeg,0.8906464874744415,105.24251434343404E,9.197823044139565N
763,Cà Mau-2943.jpeg,0.89055585116148,105.23159491588757E,9.137187039810435N
764,Cà Mau-984.jpeg,0.8905171975493431,105.18655227725836E,9.104847837501563N
767,Cà Mau-8515.jpeg,0.8903955072164536,105.24387927187733E,9.200517977665308N
768,Cà Mau-8196.jpeg,0.8900846019387245,105.22886505900094E,9.196475577376699N
771,Hoài Đức District-2071.jpeg,0.8896544761955738,105.73853446151006E,21.023992710976582N
772,Cà Mau-6021.jpeg,0.8895267695188522,105.11967078353625E,9.172221175645044N
774,Hoài Đức District-284.jpeg,0.889173686504364,105.71255048796033E,20.974136440748797N
776,Cà Mau-4856.jpeg,0.8890792354941368,105.17017313593865E,9.160093974779219N
778,Cà Mau-4292.jpeg,0.8884572237730026,105.24933898565057E,9.15335664096487N
779,Sóc Trăng-2265.jpeg,0.8883956223726273,105.98456975334541E,9.617352773471817N
781,Bà Rịa-3473.jpeg,0.8883120864629745,107.22105373954355E,10.529370541644328N
785,Bà Rịa-1611.jpeg,0.8878519684076309,107.18268107236354E,10.498378806098255N
789,Cà Mau-8864.jpeg,0.8869677633047104,105.19337691947491E,9.205907844716789N
793,Sóc Trăng-2071.jpeg,0.8865021094679832,105.99550291497377E,9.613310373183204N
795,Cà Mau-3186.jpeg,0.8861706405878067,105.13604992485595E,9.141229440099043N
796,Cà Mau-3245.jpeg,0.8859473243355751,105.21658070301116E,9.141229440099043N
798,Hoài Đức District-296.jpeg,0.8853382244706154,105.72987313699343E,20.974136440748797N
799,Cà Mau-8889.jpeg,0.8852457627654076,105.22750013055764E,9.205907844716789N
801,Cà Mau-5995.jpeg,0.884858749806881,105.26435319852698E,9.170873708882175N
802,Cà Mau-3098.jpeg,0.8847906440496445,105.16198356527879E,9.139881973336175N
803,Cà Mau-6564.jpeg,0.8846059590578079,105.16471342216543E,9.177611042696523N
804,Cà Mau-9962.jpeg,0.8845077976584435,105.20702620390799E,9.223424912634092N
807,Hoài Đức District-277.jpeg,0.8842052444815636,105.70244560935767E,20.974136440748797N
808,Bà Rịa-2413.jpeg,0.8839547336101532,107.18268107236354E,10.511853473726982N
810,Sóc Trăng-600.jpeg,0.8831082358956337,105.95177026846028E,9.582318637637183N
814,Hoài Đức District-128.jpeg,0.882370337843895,105.71255048796033E,20.96739910693423N
815,Hoài Đức District-3188.jpeg,0.8822402618825436,105.70677627161595E,21.05094204623485N
817,Cà Mau-8248.jpeg,0.882189929485321,105.1592537083922E,9.197823044139565N
818,Cà Mau-5422.jpeg,0.8821115866303444,105.21248591768125E,9.165483841830692N
820,Cà Mau-3021.jpeg,0.8811132982373238,105.19883663324816E,9.138534506573302N
823,Hoài Đức District-1238.jpeg,0.8803565129637718,105.68512296032453E,21.00108577600706N
825,Cà Mau-5323.jpeg,0.8803117126226425,105.26162334164034E,9.164136375067825N
826,Cà Mau-6524.jpeg,0.880123645067215,105.11011628443309E,9.177611042696523N
827,Cà Mau-8752.jpeg,0.8798025026917458,105.16471342216543E,9.204560377953916N
828,Cà Mau-6841.jpeg,0.8795487582683563,105.20293141857805E,9.180305976222263N
830,Cà Mau-4471.jpeg,0.8790865540504456,105.16198356527879E,9.15605157449061N
831,Cà Mau-6707.jpeg,0.879029393196106,105.18928213414499E,9.178958509459392N
832,Cà Mau-1971.jpeg,0.8785150349140167,105.2356897012175E,9.122364905418868N
834,Cà Mau-10767.jpeg,0.8782997950911522,105.21931055989775E,9.236899580262792N
835,Cà Mau-6294.jpeg,0.8782990649342537,105.13741485329926E,9.174916109170782N
836,Sóc Trăng-755.jpeg,0.8782421797513962,105.98730304375252E,9.585013571162921N
837,Cà Mau-7715.jpeg,0.8780461326241493,105.14833428084575E,9.191085710325217N
840,Cà Mau-2429.jpeg,0.8776690363883972,105.16880820749536E,9.130449705996087N
842,Bà Rịa-994.jpeg,0.8774602860212326,107.1963855963564E,10.484904138469528N
844,Cà Mau-4926.jpeg,0.8768328055739403,105.26571812697027E,9.160093974779219N
847,Hoài Đức District-3217.jpeg,0.8765073344111443,105.66635675720529E,21.052289512997756N
848,Bà Rịa-3280.jpeg,0.8764109909534454,107.17171745316925E,10.526675608118586N
850,Sóc Trăng-2630.jpeg,0.8763001970946789,106.02146917384115E,9.62409010728617N
852,Bà Rịa-3142.jpeg,0.875997506082058,107.19775604875569E,10.523980674592838N
854,Cà Mau-5595.jpeg,0.8755917549133301,105.26435319852698E,9.166831308593567N
859,Cà Mau-2927.jpeg,0.8744398951530457,105.20975606079462E,9.137187039810435N
861,Hoài Đức District-1225.jpeg,0.8740530833601952,105.66635675720529E,21.00108577600706N
863,Cà Mau-7887.jpeg,0.8738347813487053,105.23295984433088E,9.192433177088088N
864,Cà Mau-8346.jpeg,0.8737247586250305,105.15242906617566E,9.199170510902437N
865,Cà Mau-9423.jpeg,0.8731778338551521,105.22477027367101E,9.213992645294004N
866,Bà Rịa-2918.jpeg,0.872928112745285,107.2169423823457E,10.519938274304222N
868,Cà Mau-9225.jpeg,0.8724361956119537,105.1920119910316E,9.211297711768264N
869,Cà Mau-8761.jpeg,0.8723557367920876,105.1769977781552E,9.204560377953916N
872,Cà Mau-8951.jpeg,0.8720747381448746,105.18928213414499E,9.207255311479656N
873,Bà Rịa-3010.jpeg,0.8717225007712841,107.2333878111371E,10.52128574106709N
874,Cà Mau-6075.jpeg,0.8714344948530197,105.19337691947491E,9.172221175645044N
875,Cà Mau-6350.jpeg,0.8713548630475998,105.21385084612454E,9.174916109170782N
876,Cà Mau-6158.jpeg,0.8710721880197525,105.1292252826394E,9.173568642407915N
877,Sóc Trăng-1336.jpeg,0.8706416748464108,105.96543672049575E,9.598488238791628N
878,Bà Rịa-2141.jpeg,0.8705844506621361,107.16212428637428E,10.507811073438363N
880,Sóc Trăng-1839.jpeg,0.8703663498163223,105.95040362325675E,9.609267972894592N
884,Cà Mau-5990.jpeg,0.8690712302923203,105.25752855631042E,9.170873708882175N
885,Cà Mau-4616.jpeg,0.8689454942941666,105.18928213414499E,9.157399041253477N
886,Cà Mau-7626.jpeg,0.8688943386077881,105.1769977781552E,9.18973824356235N
887,Hoài Đức District-1023.jpeg,0.8683917745947838,105.73131669107957E,20.994348442192493N
888,Bà Rịa-2521.jpeg,0.8682292550802231,107.2169423823457E,10.513200940489853N
889,Cà Mau-7470.jpeg,0.868182584643364,105.11557599820632E,9.188390776799478N
893,Sóc Trăng-472.jpeg,0.8664973452687263,105.95177026846028E,9.579623704111441N
894,Bà Rịa-2679.jpeg,0.8658274859189987,107.21557192994639E,10.515895874015602N
895,Hoài Đức District-1644.jpeg,0.8654095977544785,105.6952278389272E,21.011865510110365N
896,Hoài Đức District-2678.jpeg,0.8653702512383461,105.73564735333782E,21.038814845368623N
897,Hoài Đức District-2050.jpeg,0.864996649324894,105.70821982570205E,21.023992710976582N
900,Cà Mau-6210.jpeg,0.8646835088729858,105.20020156169147E,9.173568642407915N
903,Sóc Trăng-2607.jpeg,0.863668892532587,105.99003633415961E,9.62409010728617N
904,Sóc Trăng-1261.jpeg,0.8633940145373344,105.94493704244255E,9.597140772028759N
906,Cà Mau-4372.jpeg,0.8627515099942684,105.19474184791824E,9.154704107727737N
909,Hoài Đức District-1875.jpeg,0.8621655181050301,105.73131669107957E,21.018602843924928N
910,Cà Mau-2753.jpeg,0.861380822956562,105.2356897012175E,9.134492106284695N
913,Hoài Đức District-1715.jpeg,0.8608677163720131,105.67934874398014E,21.01456044363619N
914,Cà Mau-4505.jpeg,0.8607860505580902,105.20839113235131E,9.15605157449061N
917,Bà Rịa-4085.jpeg,0.860444687306881,107.2046083107521E,10.541497742510183N
918,Cà Mau-7450.jpeg,0.8604156225919724,105.2397844865474E,9.18704331003661N
921,Cà Mau-6773.jpeg,0.8601553216576576,105.11011628443309E,9.180305976222263N
922,Hoài Đức District-3093.jpeg,0.8601161353290081,105.65192121634436E,21.04959457947194N
923,Cà Mau-6728.jpeg,0.8599432781338692,105.21794563145447E,9.178958509459392N
925,Cà Mau-2960.jpeg,0.8592121005058289,105.2547986994238E,9.137187039810435N
928,Sóc Trăng-1992.jpeg,0.858478732407093,105.97910317253123E,9.611962906420333N
932,Cà Mau-7634.jpeg,0.8580683544278145,105.18791720570167E,9.18973824356235N
933,Cà Mau-7231.jpeg,0.8579583242535591,105.24797405720727E,9.184348376510869N
935,Sóc Trăng-2719.jpeg,0.8578228056430817,105.95997013968159E,9.62678504081191N
936,Bà Rịa-3317.jpeg,0.857646219432354,107.2224241919428E,10.526675608118586N
937,Sóc Trăng-1476.jpeg,0.8570341244339943,105.98593639854894E,9.60118317231737N
940,Cà Mau-6384.jpeg,0.8561903387308121,105.26025841319704E,9.174916109170782N
941,Hoài Đức District-1796.jpeg,0.8554482161998749,105.67790518989406E,21.017255377162012N
942,Cà Mau-2475.jpeg,0.8552761971950531,105.23159491588757E,9.130449705996087N
943,Cà Mau-8231.jpeg,0.8550411909818649,105.13604992485595E,9.197823044139565N
944,Cà Mau-8981.jpeg,0.8548505827784538,105.23022998744423E,9.207255311479656N
947,Cà Mau-4046.jpeg,0.8542489036917686,105.2356897012175E,9.15066170743913N
954,Hoài Đức District-803.jpeg,0.8527993112802505,105.69089717666891E,20.988958575140835N
955,Cà Mau-986.jpeg,0.8526811748743057,105.18928213414499E,9.104847837501563N
956,Cà Mau-3064.jpeg,0.8523100204765797,105.25752855631042E,9.138534506573302N
957,Cà Mau-7343.jpeg,0.8522770181298256,105.24524420032064E,9.18569584327374N
958,Cà Mau-2746.jpeg,0.8521225079894066,105.22613520211434E,9.134492106284695N
960,Cà Mau-5046.jpeg,0.8520409166812897,105.25206884253721E,9.161441441542085N
961,Sóc Trăng-2128.jpeg,0.8517980650067329,105.98183646293832E,9.614657839946075N
962,Bà Rịa-3305.jpeg,0.8509319797158241,107.2059787631514E,10.526675608118586N
964,Bà Rịa-3857.jpeg,0.850743755698204,107.2224241919428E,10.536107875458692N
965,Sóc Trăng-741.jpeg,0.8506527692079544,105.96817001090285E,9.585013571162921N
966,Cà Mau-7731.jpeg,0.8500189110636711,105.17017313593865E,9.191085710325217N
968,Cà Mau-6167.jpeg,0.8499533161520958,105.1415096386292E,9.173568642407915N
975,Bà Rịa-1561.jpeg,0.8477532491087914,107.21283102514784E,10.497031339335381N
976,Cà Mau-4991.jpeg,0.8476812914013863,105.1769977781552E,9.161441441542085N
978,Sóc Trăng-2791.jpeg,0.8474029898643494,105.96680336569932E,9.628132507574781N
980,Cà Mau-2945.jpeg,0.8466512933373451,105.23432477277417E,9.137187039810435N
988,Sóc Trăng-1059.jpeg,0.8454019837081432,105.98593639854894E,9.591750904977278N
992,Cà Mau-6542.jpeg,0.8442165106534958,105.13468499641266E,9.177611042696523N
993,Cà Mau-7095.jpeg,0.8441180437803268,105.22204041678441E,9.183000909747998N
996,Cà Mau-8988.jpeg,0.8436071090400219,105.2397844865474E,9.207255311479656N
997,Hoài Đức District-2478.jpeg,0.8434508666396141,105.70966337978815E,21.034772445079884N
1000,Cà Mau-7508.jpeg,0.8419741056859493,105.16744327905207E,9.188390776799478N
1001,Lê Chân District-234.jpeg,0.8416003063321114,106.69651842783017E,20.831188007178525N
1003,Cà Mau-5741.jpeg,0.8411524742841721,105.28073233984667E,9.168178775356434N
1004,Sóc Trăng-2659.jpeg,0.8410772494971752,105.96953665610637E,9.625437574049041N
1006,Cà Mau-5731.jpeg,0.8406934216618538,105.26708305541356E,9.168178775356434N
1009,Cà Mau-4023.jpeg,0.8403365463018417,105.20429634702138E,9.15066170743913N
1011,Cà Mau-2540.jpeg,0.8400384560227394,105.19747170480483E,9.131797172758956N
1012,Hoài Đức District-3692.jpeg,0.8395027592778206,105.70677627161595E,21.063069247101065N
1015,Bà Rịa-4555.jpeg,0.839161217212677,107.22653554914069E,10.55901481042753N
1016,Hoài Đức District-3328.jpeg,0.8388304337859154,105.66346964903312E,21.054984446523587N
1018,Hoài Đức District-1121.jpeg,0.8382212519645691,105.73420379925176E,20.997043375718317N
1019,Cà Mau-5437.jpeg,0.8373692110180855,105.23295984433088E,9.165483841830692N
1020,Lê Chân District-239.jpeg,0.8372131064534187,106.67345044096784E,20.83253547394144N
1021,Hoài Đức District-1028.jpeg,0.8371151983737946,105.6706874194636E,20.995695908955405N
1022,Cà Mau-3170.jpeg,0.8370695859193802,105.26025841319704E,9.139881973336175N
1023,Lê Chân District-412.jpeg,0.836998775601387,106.67345044096784E,20.84196774128182N
1027,Cà Mau-8695.jpeg,0.8354411721229553,105.21794563145447E,9.203212911191047N
1028,Cà Mau-5296.jpeg,0.8352832123637199,105.22477027367101E,9.164136375067825N
1029,Hoài Đức District-646.jpeg,0.8352077454328537,105.6952278389272E,20.984916174852096N
1032,Cà Mau-3881.jpeg,0.8346572816371918,105.16880820749536E,9.14931424067626N
1033,Cà Mau-11639.jpeg,0.8345528244972229,105.19337691947491E,9.257111581705837N
1038,Cà Mau-3315.jpeg,0.8337033614516258,105.16471342216543E,9.142576906861914N
1039,Bà Rịa-4341.jpeg,0.8336906395852566,107.17171745316925E,10.549582543087423N
1040,Bà Rịa-3933.jpeg,0.8333769030869007,107.23612871593569E,10.537455342221564N
1042,Cà Mau-5564.jpeg,0.8329665139317513,105.22204041678441E,9.166831308593567N
1045,Cà Mau-4377.jpeg,0.8326972424983978,105.20156649013477E,9.154704107727737N
1047,Cà Mau-9857.jpeg,0.8317323252558708,105.16744327905207E,9.222077445871225N
1049,Cà Mau-3696.jpeg,0.8315309546887875,105.22886505900094E,9.146619307150521N
1050,Cà Mau-3549.jpeg,0.831240326166153,105.18245749192842E,9.145271840387652N
1052,Cà Mau-2910.jpeg,0.8306181691586971,105.18655227725836E,9.137187039810435N
1054,Sóc Trăng-668.jpeg,0.8299769461154938,105.9572368492745E,9.583666104400052N
1055,Bà Rịa-3242.jpeg,0.8299412876367569,107.22790600153999E,10.52532814135571N
1057,Sóc Trăng-203.jpeg,0.8289779871702194,105.95587020407093E,9.572886370297086N
1058,Cà Mau-9577.jpeg,0.8280961476266384,105.21248591768125E,9.216687578819744N
1059,Sóc Trăng-260.jpeg,0.8278405964374542,105.97636988212413E,9.574233837059959N
1060,Cà Mau-1952.jpeg,0.8275056108832359,105.20975606079462E,9.122364905418868N
1064,Cà Mau-8466.jpeg,0.8264435082674026,105.1769977781552E,9.200517977665308N
1065,Cà Mau-9753.jpeg,0.8261620886623859,105.13059021108272E,9.220729979108352N
1068,Cà Mau-6148.jpeg,0.8256705552339554,105.11557599820632E,9.173568642407915N
1070,Cà Mau-10634.jpeg,0.8243362009525299,105.14560442395911E,9.235552113499919N
1073,Hoài Đức District-2223.jpeg,0.823872983455658,105.73276024516565E,21.02803511126532N
1076,Cà Mau-8640.jpeg,0.8234594091773033,105.1428745670725E,9.203212911191047N
1077,Bà Rịa-2657.jpeg,0.8232212495058775,107.18542197716212E,10.515895874015602N
1078,Bà Rịa-2160.jpeg,0.8232038170099258,107.1881628819607E,10.507811073438363N
1080,Cà Mau-7483.jpeg,0.8229067921638489,105.13332006796934E,9.188390776799478N
1081,Hoài Đức District-3657.jpeg,0.8226613625884056,105.72987313699343E,21.061721780338154N
1082,Cà Mau-2098.jpeg,0.8226573616266251,105.18791720570167E,9.125059838944608N
1088,Cà Mau-3628.jpeg,0.8213506415486336,105.13604992485595E,9.146619307150521N
1089,Cà Mau-7958.jpeg,0.8209865316748619,105.18791720570167E,9.193780643850957N
1090,Hoài Đức District-692.jpeg,0.8208240568637848,105.68367940623844E,20.986263641615007N
1091,Bà Rịa-2955.jpeg,0.8206627815961838,107.15801292917641E,10.52128574106709N
1092,Cà Mau-3040.jpeg,0.8204852268099785,105.22477027367101E,9.138534506573302N
1093,Sóc Trăng-295.jpeg,0.820311363786459,105.95587020407093E,9.57558130382283N
1095,Bà Rịa-1845.jpeg,0.8201887831091881,107.19775604875569E,10.502421206386876N
1099,Cà Mau-6441.jpeg,0.8190851286053658,105.16744327905207E,9.176263575933655N
1100,Cà Mau-7057.jpeg,0.8188859894871712,105.17017313593865E,9.183000909747998N
1102,Hoài Đức District-4199.jpeg,0.8182695284485817,105.69811494709938E,21.084628715307684N
1104,Sóc Trăng-1205.jpeg,0.8177520036697388,105.94903697805321E,9.595793305265886N
1105,Bà Rịa-1716.jpeg,0.8175974786281586,107.12375161919425E,10.501073739624001N
1108,Sóc Trăng-1233.jpeg,0.8173722475767136,105.98730304375252E,9.595793305265886N
1113,Bà Rịa-1521.jpeg,0.8171065524220467,107.15801292917641E,10.497031339335381N
1114,Cà Mau-10388.jpeg,0.8170773908495903,105.13741485329926E,9.23150971321131N
1116,Cà Mau-1843.jpeg,0.8167533539235592,105.17017313593865E,9.121017438655999N
1118,Hoài Đức District-2805.jpeg,0.8164056092500687,105.66346964903312E,21.04285724565737N
1119,Hoài Đức District-3940.jpeg,0.8163370862603188,105.67213097354968E,21.071154047678547N
1122,Cà Mau-10094.jpeg,0.8158533275127411,105.17017313593865E,9.22611984615983N
1123,Cà Mau-5830.jpeg,0.8154378533363342,105.21931055989775E,9.169526242119304N
1124,Cà Mau-10289.jpeg,0.8153906390070915,105.22067548834109E,9.228814779685573N
1125,Sóc Trăng-2510.jpeg,0.8153779655694962,105.94903697805321E,9.622742640523299N
1127,Sóc Trăng-1120.jpeg,0.8147532269358635,105.99003633415961E,9.593098371740146N
1128,Hoài Đức District-3943.jpeg,0.8147519379854202,105.67646163580797E,21.071154047678547N
1130,Cà Mau-9202.jpeg,0.8138161897659302,105.16061863683551E,9.211297711768264N
1131,Bà Rịa-918.jpeg,0.8137680515646935,107.17308790556855E,10.483556671706653N
1136,Bà Rịa-3720.jpeg,0.812709879130125,107.24024007313356E,10.533412941932944N
1139,Hoài Đức District-2057.jpeg,0.8116164058446884,105.71832470430473E,21.023992710976582N
1140,Cà Mau-4610.jpeg,0.8111249543726444,105.18109256348514E,9.157399041253477N
1142,Hoài Đức District-1220.jpeg,0.8107762932777405,105.73276024516565E,20.999738309244147N
1148,Sóc Trăng-823.jpeg,0.8091844767332077,105.99140297936313E,9.586361037925792N
1152,Lê Chân District-189.jpeg,0.8081508185714483,106.69075143111459E,20.8284930736527N
1155,Cà Mau-2641.jpeg,0.8072699755430222,105.20975606079462E,9.133144639521824N
1156,Cà Mau-7268.jpeg,0.8070121854543686,105.1428745670725E,9.18569584327374N
1157,Cà Mau-5516.jpeg,0.8069406077265739,105.15652385150557E,9.166831308593567N
1159,Cà Mau-3056.jpeg,0.8064034786075354,105.24660912876394E,9.138534506573302N
1160,Sóc Trăng-2215.jpeg,0.8060795068740845,106.0078027218057E,9.616005306708946N
1163,Cà Mau-1522.jpeg,0.8056310191750526,105.24797405720727E,9.114280104841653N
1166,Cà Mau-6410.jpeg,0.8054400309920311,105.12513049730948E,9.176263575933655N
1167,Hoài Đức District-0.jpeg,0.804953652434051,105.7212118124769E,20.95661937283093N
1170,Cà Mau-1868.jpeg,0.8046988807618618,105.20429634702138E,9.121017438655999N
1171,Cà Mau-2160.jpeg,0.8046062663197517,105.15788877994889E,9.126407305707477N
1174,Cà Mau-5750.jpeg,0.8034350425004959,105.11011628443309E,9.169526242119304N
1176,Cà Mau-6619.jpeg,0.8032574653625488,105.2397844865474E,9.177611042696523N
1181,Hoài Đức District-2917.jpeg,0.801552340388298,105.65192121634436E,21.045552179183197N
1182,Cà Mau-2382.jpeg,0.8014996163547039,105.22477027367101E,9.129102239233216N
1184,Cà Mau-9939.jpeg,0.8012253195047379,105.1756328497119E,9.223424912634092N
1186,Hoài Đức District-924.jpeg,0.8007377348840237,105.72554247473516E,20.991653508666662N
1187,Cà Mau-10734.jpeg,0.8007220923900604,105.1742679212686E,9.236899580262792N
1188,Bà Rịa-4446.jpeg,0.8001203760504723,107.22653554914069E,10.552277476613169N
1189,Sóc Trăng-247.jpeg,0.8001095354557037,105.95860349447804E,9.574233837059959N
1191,Cà Mau-10339.jpeg,0.7997610494494438,105.17972763504184E,9.230162246448442N
1194,Cà Mau-6194.jpeg,0.7989470027387142,105.17836270659852E,9.173568642407915N
1195,Sóc Trăng-1487.jpeg,0.7985114119946957,106.000969495788E,9.60118317231737N
1196,Cà Mau-5171.jpeg,0.7984410226345062,105.23841955810411E,9.162788908304956N
1198,Cà Mau-6119.jpeg,0.7975619472563267,105.25343377098048E,9.172221175645044N
1201,Cà Mau-11029.jpeg,0.796873863786459,105.14833428084575E,9.24228944731427N
1202,Cà Mau-2940.jpeg,0.796829666942358,105.22750013055764E,9.137187039810435N
1204,Cà Mau-4018.jpeg,0.7959122136235237,105.19747170480483E,9.15066170743913N
1207,Hoài Đức District-1996.jpeg,0.7954453714191914,105.70388916344376E,21.022645244213674N
1208,Cà Mau-1428.jpeg,0.7952666282653809,105.21658070301116E,9.112932638078782N
1209,Cà Mau-10550.jpeg,0.7947737649083138,105.13877978174257E,9.23420464673705N
1210,Sóc Trăng-2845.jpeg,0.7946201786398888,106.04060220669082E,9.628132507574781N
1211,Cà Mau-2043.jpeg,0.7943484857678413,105.22477027367101E,9.123712372181739N
1212,Hoài Đức District-2485.jpeg,0.7941544614732265,105.7197682583908E,21.034772445079884N
1219,Hoài Đức District-3341.jpeg,0.7921888381242752,105.68223585215235E,21.054984446523587N
1221,Hoài Đức District-1379.jpeg,0.7916024923324585,105.66635675720529E,21.005128176295795N
1223,Cà Mau-11760.jpeg,0.7914162985980511,105.17153806438196E,9.263848915520187N
1224,Cà Mau-11564.jpeg,0.7913088202476501,105.1756328497119E,9.254416648180099N
1225,Cà Mau-5043.jpeg,0.7912933751940727,105.24797405720727E,9.161441441542085N
1228,Cà Mau-3561.jpeg,0.7909839376807213,105.19883663324816E,9.145271840387652N
1229,Cà Mau-9106.jpeg,0.790968855842948,105.15242906617566E,9.209950245005393N
1230,Sóc Trăng-2586.jpeg,0.7908487990498543,105.9613367848851E,9.62409010728617N
1234,Cà Mau-1414.jpeg,0.7897456362843513,105.19747170480483E,9.112932638078782N
1235,Cà Mau-9626.jpeg,0.7894633412361145,105.17153806438196E,9.218035045582615N
1236,Hoài Đức District-2849.jpeg,0.7892610616981983,105.72698602882127E,21.04285724565737N
1239,Cà Mau-7756.jpeg,0.7885022684931755,105.20429634702138E,9.191085710325217N
1240,Cà Mau-9748.jpeg,0.7880422063171864,105.23022998744423E,9.219382512345483N
1241,Cà Mau-8439.jpeg,0.7877151295542717,105.14014471018588E,9.200517977665308N
1243,Cà Mau-6260.jpeg,0.7873171046376228,105.2684479838569E,9.173568642407915N
1245,Cà Mau-3081.jpeg,0.7866524085402489,105.13877978174257E,9.139881973336175N
1247,Cà Mau-3883.jpeg,0.7865212149918079,105.17153806438196E,9.14931424067626N
1248,Cà Mau-4242.jpeg,0.7860097251832485,105.18109256348514E,9.15335664096487N
1254,Lê Chân District-590.jpeg,0.7853941060602665,106.66191644753668E,20.85274747538512N
1256,Cà Mau-6756.jpeg,0.7851591035723686,105.25616362786711E,9.178958509459392N
1259,Cà Mau-3526.jpeg,0.7845564000308514,105.15106413773236E,9.145271840387652N
1261,Lê Chân District-451.jpeg,0.7841528207063675,106.69363492947235E,20.84331520804474N
1262,Bà Rịa-2661.jpeg,0.7840436063706875,107.19090378675926E,10.515895874015602N
1264,Cà Mau-4422.jpeg,0.7838933914899826,105.26298827008364E,9.154704107727737N
1265,Cà Mau-5655.jpeg,0.7832187451422215,105.16334849372213E,9.168178775356434N
1266,Cà Mau-10786.jpeg,0.7831943556666374,105.24524420032064E,9.236899580262792N
1269,Hoài Đức District-2900.jpeg,0.7828489206731319,105.71399404204642E,21.044204712420278N
1270,Bà Rịa-2174.jpeg,0.7826200053095818,107.20734921555069E,10.507811073438363N
1271,Bà Rịa-3292.jpeg,0.7824428826570511,107.1881628819607E,10.526675608118586N
1272,Cà Mau-5605.jpeg,0.7823358327150345,105.27800248296005E,9.166831308593567N
1273,Cà Mau-5316.jpeg,0.782143285498023,105.25206884253721E,9.164136375067825N
1276,Cà Mau-4014.jpeg,0.7815584950149059,105.1920119910316E,9.15066170743913N
1278,Cà Mau-3667.jpeg,0.7805413343012333,105.18928213414499E,9.146619307150521N
1279,Sóc Trăng-1582.jpeg,0.7804302647709846,105.9572368492745E,9.60387810584311N
1282,Bà Rịa-1985.jpeg,0.779888428747654,107.17582881036712E,10.505116139912618N
1283,Hoài Đức District-3265.jpeg,0.7796346694231033,105.65480832451655E,21.05363697976067N
1286,Cà Mau-11547.jpeg,0.7790102232247591,105.19474184791824E,9.253069181417228N
1287,Cà Mau-8913.jpeg,0.7789872772991657,105.13741485329926E,9.207255311479656N
1288,Hoài Đức District-2388.jpeg,0.7785382345318794,105.66491320311923E,21.03342497831697N
1289,Bà Rịa-2959.jpeg,0.7785078175365925,107.16349473877355E,10.52128574106709N
1290,Cà Mau-6861.jpeg,0.7784061506390572,105.23022998744423E,9.180305976222263N
1291,Cà Mau-1405.jpeg,0.7783711850643158,105.18518734881506E,9.112932638078782N
1292,Hoài Đức District-1026.jpeg,0.7779887467622757,105.66780031129137E,20.995695908955405N
1297,Cà Mau-8745.jpeg,0.7759229484945536,105.15515892306227E,9.204560377953916N
1298,Cà Mau-1989.jpeg,0.7756424993276596,105.15106413773236E,9.123712372181739N
1299,Sóc Trăng-1323.jpeg,0.7754080444574356,105.94767033284965E,9.598488238791628N
1301,Cà Mau-10946.jpeg,0.7753689885139465,105.25070391409388E,9.239594513788528N
1302,Bà Rịa-3288.jpeg,0.7751069515943527,107.18268107236354E,10.526675608118586N
1304,Bà Rịa-4470.jpeg,0.7744797524064779,107.21557192994639E,10.553624943376041N
1307,Sóc Trăng-3050.jpeg,0.7738203033804893,105.95450355886739E,9.633522374626263N
1309,Sóc Trăng-1576.jpeg,0.7734560705721378,105.94903697805321E,9.60387810584311N
1310,Lê Chân District-221.jpeg,0.773301912471652,106.67777568850454E,20.831188007178525N
1311,Sóc Trăng-1637.jpeg,0.7721329070627689,105.94493704244255E,9.605225572605981N
1316,Cà Mau-8758.jpeg,0.7712240740656853,105.17290299282529E,9.204560377953916N
1320,Sóc Trăng-739.jpeg,0.7702531851828098,105.96543672049575E,9.585013571162921N
1321,Cà Mau-5005.jpeg,0.7702219039201736,105.19610677636153E,9.161441441542085N
1322,Cà Mau-2036.jpeg,0.7701035737991333,105.21521577456787E,9.123712372181739N
1324,Cà Mau-2220.jpeg,0.7697464302182198,105.2397844865474E,9.126407305707477N
1327,Cà Mau-8555.jpeg,0.7694717589765787,105.16061863683551E,9.201865444428178N
1328,Cà Mau-5623.jpeg,0.7693844363093376,105.11967078353625E,9.168178775356434N
1332,Cà Mau-6332.jpeg,0.7679497078061104,105.18928213414499E,9.174916109170782N
1333,Hoài Đức District-1964.jpeg,0.7679174467921257,105.73131669107957E,21.021297777450755N
1340,Cà Mau-8237.jpeg,0.7666056454181671,105.1442394955158E,9.197823044139565N
1342,Cà Mau-3179.jpeg,0.7664649598300457,105.1264954257528E,9.141229440099043N
1343,Sóc Trăng-1800.jpeg,0.7661090418696404,105.98866968895605E,9.60792050613172N
1345,Cà Mau-9673.jpeg,0.7654825076460838,105.12786035419612E,9.219382512345483N
1346,Sóc Trăng-1652.jpeg,0.7654391154646873,105.96543672049575E,9.605225572605981N
1347,Cà Mau-6007.jpeg,0.7653371728956699,105.28073233984667E,9.170873708882175N
1353,Cà Mau-9711.jpeg,0.763987272977829,105.17972763504184E,9.219382512345483N
1357,Lê Chân District-399.jpeg,0.7627609856426716,106.69219318029346E,20.840620274518916N
1358,Cà Mau-5294.jpeg,0.7627543807029724,105.22204041678441E,9.164136375067825N
1361,Sóc Trăng-2455.jpeg,0.7619735077023506,105.96680336569932E,9.621395173760428N
1364,Hoài Đức District-1765.jpeg,0.7612976804375648,105.69234073075502E,21.015907910399104N
1371,Cà Mau-7999.jpeg,0.7601387798786163,105.24387927187733E,9.193780643850957N
1374,Hoài Đức District-567.jpeg,0.7570984065532684,105.73853446151006E,20.982221241326275N
1377,Cà Mau-6481.jpeg,0.7565424144268036,105.22204041678441E,9.176263575933655N
1378,Cà Mau-8570.jpeg,0.7561914026737213,105.18109256348514E,9.201865444428178N
1379,Cà Mau-6504.jpeg,0.7561700902879238,105.25343377098048E,9.176263575933655N
1381,Cà Mau-2622.jpeg,0.7558720856904984,105.18382242037175E,9.133144639521824N
1382,Hoài Đức District-3991.jpeg,0.7554118353873491,105.68656651441063E,21.07250151444146N
1384,Cà Mau-11764.jpeg,0.7553100101649761,105.1769977781552E,9.263848915520187N
1385,Hoài Đức District-550.jpeg,0.755022969096899,105.71399404204642E,20.982221241326275N
1386,Cà Mau-9679.jpeg,0.754891887307167,105.13604992485595E,9.219382512345483N
1389,Hoài Đức District-3979.jpeg,0.7540326379239559,105.6692438653775E,21.07250151444146N
1391,Cà Mau-5197.jpeg,0.7539218738675117,105.27390769763011E,9.162788908304956N
1392,Cà Mau-6612.jpeg,0.7536467909812927,105.23022998744423E,9.177611042696523N
1393,Cà Mau-7690.jpeg,0.7535429075360298,105.11421106976302E,9.191085710325217N
1394,Cà Mau-3317.jpeg,0.7535346262156963,105.16744327905207E,9.142576906861914N
1395,Cà Mau-6434.jpeg,0.7532341182231903,105.15788877994889E,9.176263575933655N
1396,Cà Mau-8997.jpeg,0.7525795623660088,105.12786035419612E,9.208602778242527N
1397,Bà Rịa-2925.jpeg,0.7519965674728155,107.22653554914069E,10.519938274304222N
1400,Cà Mau-8908.jpeg,0.7511188089847565,105.13059021108272E,9.207255311479656N
1401,Sóc Trăng-1869.jpeg,0.7506990358233452,105.99140297936313E,9.609267972894592N
1405,Bà Rịa-3490.jpeg,0.7501656264066696,107.2443514303314E,10.529370541644328N
1406,Hoài Đức District-1126.jpeg,0.7499279752373695,105.6692438653775E,20.99839084248123N
1410,Hoài Đức District-2621.jpeg,0.749018382281065,105.65336477043047E,21.038814845368623N
1414,Hoài Đức District-794.jpeg,0.7484798887744546,105.67790518989406E,20.988958575140835N
1416,Sóc Trăng-920.jpeg,0.7462999746203423,105.95450355886739E,9.589055971451534N
1418,Sóc Trăng-815.jpeg,0.7459499053657055,105.98046981773476E,9.586361037925792N
1420,Cà Mau-9500.jpeg,0.7458179853856564,105.21658070301116E,9.215340112056875N
1421,Cà Mau-2349.jpeg,0.7455868273973465,105.17972763504184E,9.129102239233216N
1422,Sóc Trăng-2537.jpeg,0.7455312013626099,105.98593639854894E,9.622742640523299N
1423,Cà Mau-11561.jpeg,0.7454544976353645,105.17153806438196E,9.254416648180099N
1426,Bà Rịa-4405.jpeg,0.7448010127991438,107.22105373954355E,10.550930009850294N
1429,Bà Rịa-2206.jpeg,0.7431001029908657,107.13608569078782E,10.50915854020124N
1430,Cà Mau-7404.jpeg,0.742608554661274,105.1769977781552E,9.18704331003661N
1432,Hoài Đức District-2324.jpeg,0.7420826442539692,105.72987313699343E,21.03073004479114N
1435,Bà Rịa-2888.jpeg,0.7413417026400566,107.17582881036712E,10.519938274304222N
1436,Cà Mau-1430.jpeg,0.7411658093333244,105.21931055989775E,9.112932638078782N
1437,Lê Chân District-472.jpeg,0.7411204427480698,106.68786793275679E,20.844662674807644N
1441,Cà Mau-8297.jpeg,0.7405231930315495,105.22613520211434E,9.197823044139565N
1442,Cà Mau-10265.jpeg,0.7402390092611313,105.18791720570167E,9.228814779685573N
1443,Cà Mau-8059.jpeg,0.7395927049219608,105.18382242037175E,9.19512811061383N
1444,Cà Mau-6904.jpeg,0.7392189241945744,105.12376556886618E,9.181653442985132N
1447,Cà Mau-2957.jpeg,0.7390887327492237,105.25070391409388E,9.137187039810435N
1449,Hoài Đức District-132.jpeg,0.7383274734020233,105.71832470430473E,20.96739910693423N
1450,Cà Mau-9434.jpeg,0.7381805516779423,105.1264954257528E,9.215340112056875N
1455,Cà Mau-2705.jpeg,0.7374190501868725,105.17017313593865E,9.134492106284695N
1456,Cà Mau-4059.jpeg,0.7372573185712099,105.25343377098048E,9.15066170743913N
1458,Cà Mau-5555.jpeg,0.7367843613028526,105.20975606079462E,9.166831308593567N
1459,Sóc Trăng-1239.jpeg,0.7367505747824907,105.99550291497377E,9.595793305265886N
1460,Sóc Trăng-1909.jpeg,0.7364577800035477,105.95587020407093E,9.610615439657465N
1463,Cà Mau-1823.jpeg,0.7358042821288109,105.25070391409388E,9.119669971893128N
1464,Cà Mau-6501.jpeg,0.7357496917247772,105.24933898565057E,9.176263575933655N
1469,Cà Mau-4998.jpeg,0.7346021048724651,105.18655227725836E,9.161441441542085N
1472,Cà Mau-2149.jpeg,0.733866099268198,105.1428745670725E,9.126407305707477N
1474,Cà Mau-4701.jpeg,0.7332409247756004,105.13332006796934E,9.158746508016346N
1476,Cà Mau-4711.jpeg,0.7318441160023212,105.14696935240242E,9.158746508016346N
1477,Bà Rịa-3883.jpeg,0.7313066739588976,107.16760609597144E,10.537455342221564N
1478,Cà Mau-7533.jpeg,0.731257826089859,105.20156649013477E,9.188390776799478N
1479,Sóc Trăng-3347.jpeg,0.7312082275748253,106.02146917384115E,9.64025970844062N
1480,Sóc Trăng-3460.jpeg,0.7310580089688301,106.01326930261988E,9.644302108729232N
1481,Sóc Trăng-98.jpeg,0.7310167700052261,105.94767033284965E,9.568843970008475N
1484,Cà Mau-9269.jpeg,0.7298824861645699,105.13195513952603E,9.212645178531133N
1485,Hoài Đức District-2206.jpeg,0.7298793606460094,105.70821982570205E,21.02803511126532N
1488,Sóc Trăng-1290.jpeg,0.728906475007534,105.98456975334541E,9.597140772028759N
1491,Cà Mau-7567.jpeg,0.7286767512559891,105.24797405720727E,9.188390776799478N
1492,Bà Rịa-3788.jpeg,0.7286392822861671,107.22927645393926E,10.534760408695819N
1493,Hoài Đức District-478.jpeg,0.7285238541662693,105.68223585215235E,20.980873774563364N
1497,Cà Mau-5957.jpeg,0.7279819846153259,105.21248591768125E,9.170873708882175N
1499,Bà Rịa-2565.jpeg,0.7275304086506367,107.16760609597144E,10.514548407252727N
1501,Bà Rịa-912.jpeg,0.7274119816720486,107.16486519117282E,10.483556671706653N
1503,Cà Mau-5671.jpeg,0.7263380214571953,105.18518734881506E,9.168178775356434N
1506,Cà Mau-10894.jpeg,0.7256540954113007,105.17972763504184E,9.239594513788528N
1507,Bà Rịa-1671.jpeg,0.7254508668556809,107.16486519117282E,10.499726272861128N
1509,Hoài Đức District-1485.jpeg,0.7251588422805071,105.6692438653775E,21.007823109821615N
1510,Hoài Đức District-2375.jpeg,0.7249259538948536,105.72698602882127E,21.032077511554064N
1511,Cà Mau-8780.jpeg,0.724391421303153,105.20293141857805E,9.204560377953916N
1512,Cà Mau-6189.jpeg,0.7241281941533089,105.17153806438196E,9.173568642407915N
1513,Cà Mau-8710.jpeg,0.7236840724945068,105.23841955810411E,9.203212911191047N
1517,Sóc Trăng-2396.jpeg,0.7221593149006367,105.97773652732769E,9.620047706997557N
1521,Cà Mau-7759.jpeg,0.7215326577425003,105.20839113235131E,9.191085710325217N
1522,Hoài Đức District-1185.jpeg,0.7207872308790684,105.68223585215235E,20.999738309244147N
1523,Cà Mau-2770.jpeg,0.7207006067037582,105.1292252826394E,9.135839573047564N
1524,Cà Mau-6788.jpeg,0.7206824086606503,105.13059021108272E,9.180305976222263N
1525,Lê Chân District-289.jpeg,0.7204096205532551,106.68065918686233E,20.835230407467257N
1531,Bà Rịa-2932.jpeg,0.7194565981626511,107.23612871593569E,10.519938274304222N
1535,Cà Mau-8441.jpeg,0.7189366556704044,105.1428745670725E,9.200517977665308N
1536,Cà Mau-856.jpeg,0.7175565026700497,105.20293141857805E,9.102152903975828N
1537,Cà Mau-4450.jpeg,0.7174815516918898,105.13332006796934E,9.15605157449061N
1542,Sóc Trăng-3371.jpeg,0.7164742946624756,105.99413626977025E,9.641607175203488N
1544,Sóc Trăng-1849.jpeg,0.7160961851477623,105.9640700752922E,9.609267972894592N
1548,Bà Rịa-932.jpeg,0.7156616561114788,107.19227423915855E,10.483556671706653N
1549,Cà Mau-8636.jpeg,0.7154537923634052,105.13741485329926E,9.203212911191047N
1550,Cà Mau-11615.jpeg,0.7147597409784794,105.20293141857805E,9.255764114942968N
1551,Cà Mau-3422.jpeg,0.7146866843104362,105.16061863683551E,9.143924373624783N
1552,Cà Mau-2233.jpeg,0.714458454400301,105.14014471018588E,9.127754772470347N
1557,Cà Mau-4803.jpeg,0.7129963710904121,105.09783192844333E,9.160093974779219N
1559,Bà Rịa-1689.jpeg,0.7122427932918072,107.18953333435996E,10.499726272861128N
1564,Cà Mau-11006.jpeg,0.7105918750166893,105.22477027367101E,9.240941980551401N
1565,Cà Mau-5843.jpeg,0.7104951292276382,105.2370546296608E,9.169526242119304N
1567,Cà Mau-995.jpeg,0.7102723903954029,105.20156649013477E,9.104847837501563N
1568,Hoài Đức District-4197.jpeg,0.7097531016916037,105.6952278389272E,21.084628715307684N
1570,Hoài Đức District-2253.jpeg,0.7092210333794355,105.70244560935767E,21.02938257802823N
1572,Bà Rịa-3083.jpeg,0.7089743558317423,107.2251650967414E,10.522633207829966N
1574,Sóc Trăng-1990.jpeg,0.7087556682527065,105.97636988212413E,9.611962906420333N
1575,Sóc Trăng-934.jpeg,0.7085452079772949,105.97363659171704E,9.589055971451534N
1576,Cà Mau-8754.jpeg,0.7084471061825752,105.16744327905207E,9.204560377953916N
1581,Cà Mau-2448.jpeg,0.7081960588693619,105.19474184791824E,9.130449705996087N
1587,Cà Mau-10548.jpeg,0.706889733672142,105.24524420032064E,9.232857179974179N
1588,Sóc Trăng-1037.jpeg,0.7068733498454094,105.95587020407093E,9.591750904977278N
1590,Cà Mau-7917.jpeg,0.7063885871320963,105.13195513952603E,9.193780643850957N
1594,Cà Mau-5970.jpeg,0.7050306275486946,105.23022998744423E,9.170873708882175N
1595,Lê Chân District-291.jpeg,0.7049253322184086,106.68354268522012E,20.835230407467257N
1596,Cà Mau-7723.jpeg,0.7047553714364767,105.1592537083922E,9.191085710325217N
1597,Hoài Đức District-2812.jpeg,0.7043642029166222,105.67357452763576E,21.04285724565737N
1598,Cà Mau-1716.jpeg,0.703701987862587,105.20975606079462E,9.118322505130257N
1599,Hoài Đức District-3802.jpeg,0.7035281769931316,105.72265536656299E,21.06576418062689N
1601,Cà Mau-8601.jpeg,0.7034787088632584,105.2234053452277E,9.201865444428178N
1602,Cà Mau-5948.jpeg,0.7033113613724709,105.20020156169147E,9.170873708882175N
1604,Cà Mau-6823.jpeg,0.70313785597682,105.17836270659852E,9.180305976222263N
1605,Cà Mau-2103.jpeg,0.7029131315648556,105.19474184791824E,9.125059838944608N
1608,Hoài Đức District-465.jpeg,0.7024563364684582,105.73131669107957E,20.97952630780045N
1610,Cà Mau-8436.jpeg,0.7021376341581345,105.13604992485595E,9.200517977665308N
1611,Cà Mau-4635.jpeg,0.7015665918588638,105.21521577456787E,9.157399041253477N
1612,Cà Mau-6544.jpeg,0.7014498859643936,105.13741485329926E,9.177611042696523N
1614,Sóc Trăng-2774.jpeg,0.7009876780211926,106.03513562587665E,9.62678504081191N
1615,Bà Rịa-1872.jpeg,0.7009501121938229,107.12786297639212E,10.503768673149745N
1617,Cà Mau-7328.jpeg,0.7003148272633553,105.22477027367101E,9.18569584327374N
1618,Cà Mau-9936.jpeg,0.6996896080672741,105.17153806438196E,9.223424912634092N
1619,Cà Mau-4961.jpeg,0.6995537281036377,105.13604992485595E,9.161441441542085N
1622,Cà Mau-9140.jpeg,0.6991105042397976,105.19883663324816E,9.209950245005393N
1625,Bà Rịa-2176.jpeg,0.6984486468136311,107.21009012034928E,10.507811073438363N
1626,Cà Mau-859.jpeg,0.6984399631619453,105.20702620390799E,9.102152903975828N
1629,Sóc Trăng-2288.jpeg,0.6979879662394524,106.01600259302698E,9.617352773471817N
1631,Hoài Đức District-3685.jpeg,0.6973057240247726,105.69667139301329E,21.063069247101065N
1633,Bà Rịa-2505.jpeg,0.6968454280868173,107.19501514395712E,10.513200940489853N
1637,Sóc Trăng-2860.jpeg,0.6962698325514793,105.96953665610637E,9.629479974337654N
1642,Cà Mau-5764.jpeg,0.6949612870812416,105.1292252826394E,9.169526242119304N
1644,Cà Mau-9907.jpeg,0.6941826567053795,105.13195513952603E,9.223424912634092N
1646,Sóc Trăng-3471.jpeg,0.6939944550395012,105.98046981773476E,9.645649575492103N
1647,Bà Rịa-4115.jpeg,0.6936547346413136,107.17034700076998E,10.542845209273057N
1648,Hoài Đức District-1974.jpeg,0.6936162076890469,105.67213097354968E,21.022645244213674N
1649,Bà Rịa-1486.jpeg,0.6929791253060102,107.20734921555069E,10.495683872572512N
1651,Cà Mau-3053.jpeg,0.6926826685667038,105.24251434343404E,9.138534506573302N
1657,Hoài Đức District-177.jpeg,0.6914948523044586,105.74286512376831E,20.968746573697146N
1658,Bà Rịa-2315.jpeg,0.6913657328113914,107.16760609597144E,10.510506006964109N
1660,Cà Mau-3200.jpeg,0.6904292739927769,105.15515892306227E,9.141229440099043N
1662,Hoài Đức District-3757.jpeg,0.6901846826076508,105.72842958290738E,21.064416713863977N
1664,Cà Mau-4332.jpeg,0.6890960931777954,105.14014471018588E,9.154704107727737N
1667,Cà Mau-1031.jpeg,0.6887121349573135,105.25070391409388E,9.104847837501563N
1668,Sóc Trăng-2612.jpeg,0.6884450856596231,105.99686956017732E,9.62409010728617N
1672,Bà Rịa-3822.jpeg,0.6870790217071772,107.17445835796785E,10.536107875458692N
1675,Cà Mau-7747.jpeg,0.6861294079571962,105.1920119910316E,9.191085710325217N
1676,Hoài Đức District-1376.jpeg,0.6859738714993,105.66202609494702E,21.005128176295795N
1677,Sóc Trăng-1708.jpeg,0.6858286969363689,105.95313691366383E,9.606573039368852N
1678,Cà Mau-8027.jpeg,0.6857468336820602,105.14014471018588E,9.19512811061383N
1682,Cà Mau-9637.jpeg,0.6846446990966797,105.18655227725836E,9.218035045582615N
1684,Cà Mau-7662.jpeg,0.6844414919614792,105.22613520211434E,9.18973824356235N
1688,Cà Mau-7930.jpeg,0.6828824281692505,105.14969920928903E,9.193780643850957N
1689,Bà Rịa-4214.jpeg,0.6827585324645042,107.24024007313356E,10.54419267603593N
1691,Sóc Trăng-1893.jpeg,0.682615015655756,106.02420246424826E,9.609267972894592N
1693,Cà Mau-8930.jpeg,0.6824926361441612,105.16061863683551E,9.207255311479656N
1696,Cà Mau-6448.jpeg,0.6817598836496472,105.1769977781552E,9.176263575933655N
1699,Cà Mau-11105.jpeg,0.6799010504037142,105.25206884253721E,9.24228944731427N
1701,Cà Mau-8701.jpeg,0.679478120058775,105.22613520211434E,9.203212911191047N
1707,Bà Rịa-2668.jpeg,0.6786683015525341,107.20049695355428E,10.515895874015602N
1710,Hoài Đức District-2075.jpeg,0.6778603009879589,105.6692438653775E,21.02534017773949N
1711,Bà Rịa-1740.jpeg,0.6778209898620844,107.15664247677712E,10.501073739624001N
1714,Cà Mau-1969.jpeg,0.6762069799005985,105.23295984433088E,9.122364905418868N
1715,Cà Mau-6679.jpeg,0.6761032491922379,105.15106413773236E,9.178958509459392N
1719,Hoài Đức District-949.jpeg,0.6752465963363647,105.69234073075502E,20.99300097542958N
1721,Bà Rịa-4160.jpeg,0.6750470399856567,107.23201735873785E,10.542845209273057N
1726,Bà Rịa-1856.jpeg,0.6735193207859993,107.21283102514784E,10.502421206386876N
1727,Sóc Trăng-3465.jpeg,0.6735020168125629,106.02010252863764E,9.644302108729232N
1728,Cà Mau-9220.jpeg,0.672978363931179,105.18518734881506E,9.211297711768264N
1735,Bà Rịa-4435.jpeg,0.672248974442482,107.21146057274855E,10.552277476613169N
1736,Cà Mau-4105.jpeg,0.6714653298258781,105.15652385150557E,9.152009174201998N
1746,Cà Mau-6207.jpeg,0.6704578157514334,105.19610677636153E,9.173568642407915N
1748,Cà Mau-3557.jpeg,0.6702970787882805,105.19337691947491E,9.145271840387652N
1753,Sóc Trăng-1601.jpeg,0.6700190007686615,105.98320310814186E,9.60387810584311N
1756,Cà Mau-10978.jpeg,0.6694183256477118,105.18655227725836E,9.240941980551401N
1757,Hoài Đức District-2499.jpeg,0.6692992886528373,105.73997801559614E,21.034772445079884N
1759,Bà Rịa-3114.jpeg,0.668609619140625,107.15938338157571E,10.523980674592838N
1766,Cà Mau-2165.jpeg,0.6672258712351322,105.16471342216543E,9.126407305707477N
1767,Cà Mau-7968.jpeg,0.6671321392059326,105.20156649013477E,9.193780643850957N
1768,Bà Rịa-1549.jpeg,0.665596641600132,107.1963855963564E,10.497031339335381N
1770,Bà Rịa-2400.jpeg,0.6651022583246231,107.16486519117282E,10.511853473726982N
1771,Cà Mau-6506.jpeg,0.6650521457195282,105.25616362786711E,9.176263575933655N
1778,Sóc Trăng-976.jpeg,0.663938844576478,105.95177026846028E,9.590403438214405N
1780,Cà Mau-1143.jpeg,0.6638004332780838,105.20975606079462E,9.107542771027305N
1782,Cà Mau-4708.jpeg,0.6632042936980724,105.1428745670725E,9.158746508016346N
1784,Bà Rịa-4339.jpeg,0.6631338922306895,107.1689765483707E,10.549582543087423N
1785,Bà Rịa-1584.jpeg,0.6630666945129633,107.14567885758284E,10.498378806098255N
1786,Cà Mau-2824.jpeg,0.6629681587219238,105.20293141857805E,9.135839573047564N
1789,Cà Mau-5748.jpeg,0.6623683273792267,105.10738642754647E,9.169526242119304N
1794,Cà Mau-11419.jpeg,0.6616775952279568,105.18245749192842E,9.24902678112862N
1797,Cà Mau-2865.jpeg,0.660179790109396,105.12513049730948E,9.137187039810435N
1798,Sóc Trăng-2915.jpeg,0.6600911896675825,105.95313691366383E,9.630827441100523N
1809,Hoài Đức District-201.jpeg,0.6577227637171745,105.73564735333782E,20.97009404046006N
1810,Bà Rịa-3548.jpeg,0.6575744487345219,107.2169423823457E,10.5307180084072N
1813,Cà Mau-8392.jpeg,0.6560659538954496,105.21521577456787E,9.199170510902437N
1815,Cà Mau-5567.jpeg,0.6554507054388523,105.22613520211434E,9.166831308593567N
1817,Cà Mau-9323.jpeg,0.6550851203501225,105.2056612754647E,9.212645178531133N
1819,Cà Mau-6915.jpeg,0.6549639441072941,105.13877978174257E,9.181653442985132N
1822,Bà Rịa-4194.jpeg,0.6545518338680267,107.21283102514784E,10.54419267603593N
1823,Cà Mau-1543.jpeg,0.6542569100856781,105.1769977781552E,9.115627571604524N
1826,Cà Mau-5761.jpeg,0.6536605656147003,105.12513049730948E,9.169526242119304N
1829,Hoài Đức District-1318.jpeg,0.6525137349963188,105.72698602882127E,21.002433242769968N
1830,Hoài Đức District-559.jpeg,0.6523747127503157,105.72698602882127E,20.982221241326275N
1834,Cà Mau-1449.jpeg,0.6512660644948483,105.24524420032064E,9.112932638078782N
1837,Cà Mau-1818.jpeg,0.6509985905140638,105.24387927187733E,9.119669971893128N
1839,Cà Mau-629.jpeg,0.6509715467691422,105.17017313593865E,9.098110503687215N
1840,Sóc Trăng-1723.jpeg,0.6504861786961555,105.97363659171704E,9.606573039368852N
1843,Cà Mau-2271.jpeg,0.6493354290723801,105.1920119910316E,9.127754772470347N
1850,Cà Mau-2458.jpeg,0.6467955075204372,105.20839113235131E,9.130449705996087N
1852,Sóc Trăng-2373.jpeg,0.6461568176746368,105.94630368764611E,9.620047706997557N
1855,Cà Mau-11119.jpeg,0.6453863047063351,105.16198356527879E,9.243636914077138N
1857,Sóc Trăng-883.jpeg,0.6451963447034359,105.98730304375252E,9.587708504688663N
1859,Cà Mau-8523.jpeg,0.6450371667742729,105.11694092664963E,9.201865444428178N
1860,Hoài Đức District-3443.jpeg,0.6449864357709885,105.66202609494702E,21.05767938004941N
1869,Cà Mau-1550.jpeg,0.6442786119878292,105.18655227725836E,9.115627571604524N
1870,Sóc Trăng-3741.jpeg,0.6442416040226817,105.99960285058442E,9.656429309595065N
1871,Cà Mau-7667.jpeg,0.6440137103199959,105.23295984433088E,9.18973824356235N
1872,Cà Mau-6392.jpeg,0.6439598575234413,105.2711778407435E,9.174916109170782N
1877,Cà Mau-2751.jpeg,0.6433539744466543,105.23295984433088E,9.134492106284695N
1878,Cà Mau-3858.jpeg,0.642864529043436,105.13741485329926E,9.14931424067626N
1882,Cà Mau-9508.jpeg,0.6424236036837101,105.22750013055764E,9.215340112056875N
1883,Bà Rịa-3429.jpeg,0.6420768555253744,107.160753833975E,10.529370541644328N
1884,Cà Mau-10552.jpeg,0.6420047879219055,105.1415096386292E,9.23420464673705N
1889,Hoài Đức District-3373.jpeg,0.6412612162530422,105.72842958290738E,21.054984446523587N
1893,Bà Rịa-1595.jpeg,0.6407954767346382,107.160753833975E,10.498378806098255N
1897,Bà Rịa-3319.jpeg,0.6400183662772179,107.2251650967414E,10.526675608118586N
1898,Cà Mau-6196.jpeg,0.6399764157831669,105.18109256348514E,9.173568642407915N
1899,Cà Mau-4012.jpeg,0.6398429051041603,105.18928213414499E,9.15066170743913N
1901,Lê Chân District-495.jpeg,0.639521848410368,106.68498443439898E,20.84601014157056N
1904,Sóc Trăng-2779.jpeg,0.6387356165796518,105.95040362325675E,9.628132507574781N
1910,Cà Mau-1453.jpeg,0.6381019428372383,105.15379399461897E,9.114280104841653N
1912,Cà Mau-7987.jpeg,0.6373310685157776,105.22750013055764E,9.193780643850957N
1915,Cà Mau-5590.jpeg,0.6369252745062113,105.25752855631042E,9.166831308593567N
1917,Cà Mau-7286.jpeg,0.6368213761597872,105.16744327905207E,9.18569584327374N
1919,Hoài Đức District-1020.jpeg,0.6364242006093264,105.72698602882127E,20.994348442192493N
1920,Cà Mau-3436.jpeg,0.6359776332974434,105.17972763504184E,9.143924373624783N
1924,Hoài Đức District-1481.jpeg,0.6353667499497533,105.66346964903312E,21.007823109821615N
1930,Cà Mau-3728.jpeg,0.6343350820243359,105.11694092664963E,9.14796677391339N
1931,Cà Mau-3009.jpeg,0.6341790519654751,105.18245749192842E,9.138534506573302N
1932,Lê Chân District-638.jpeg,0.6339083686470985,106.67777568850454E,20.856789875673858N
1934,Hoài Đức District-3207.jpeg,0.633660763502121,105.65192121634436E,21.052289512997756N
1936,Cà Mau-11443.jpeg,0.6333879977464676,105.24660912876394E,9.24902678112862N
1939,Cà Mau-3155.jpeg,0.6320040374994278,105.2397844865474E,9.139881973336175N
1941,Cà Mau-5117.jpeg,0.6312985010445118,105.16471342216543E,9.162788908304956N
1943,Sóc Trăng-1912.jpeg,0.6299230307340622,105.95997013968159E,9.610615439657465N
1944,Cà Mau-8809.jpeg,0.6295095272362232,105.11830585509296E,9.205907844716789N
1948,Sóc Trăng-366.jpeg,0.6287871040403843,105.97500323692059E,9.576928770585699N
1949,Hoài Đức District-3012.jpeg,0.6286410316824913,105.70244560935767E,21.04689964594611N
1950,Cà Mau-8278.jpeg,0.6282289400696754,105.20020156169147E,9.197823044139565N
1954,Cà Mau-8001.jpeg,0.627896424382925,105.24660912876394E,9.193780643850957N
1955,Cà Mau-4919.jpeg,0.6277905777096748,105.25616362786711E,9.160093974779219N
1956,Cà Mau-10139.jpeg,0.6277570743113756,105.23159491588757E,9.22611984615983N
1961,Sóc Trăng-1047.jpeg,0.626360110938549,105.96953665610637E,9.591750904977278N
1965,Cà Mau-7465.jpeg,0.6248915977776051,105.10875135598977E,9.188390776799478N
1966,Cà Mau-8512.jpeg,0.6243480090051889,105.2397844865474E,9.200517977665308N
1967,Lê Chân District-396.jpeg,0.6242517232894897,106.68786793275679E,20.840620274518916N
1970,Cà Mau-2502.jpeg,0.6237153299152851,105.14560442395911E,9.131797172758956N
1976,Cà Mau-1131.jpeg,0.6222987957298756,105.19337691947491E,9.107542771027305N
1979,Cà Mau-7064.jpeg,0.6202176166698337,105.17972763504184E,9.183000909747998N
1981,Cà Mau-5075.jpeg,0.6201521083712578,105.10738642754647E,9.162788908304956N
1983,Cà Mau-7239.jpeg,0.6194186471402645,105.25889348475374E,9.184348376510869N
1986,Bà Rịa-1569.jpeg,0.6187347136437893,107.12512207159355E,10.498378806098255N
1989,Bà Rịa-2977.jpeg,0.6183987893164158,107.1881628819607E,10.52128574106709N
1997,Cà Mau-7790.jpeg,0.614590547978878,105.25070391409388E,9.191085710325217N
2000,Cà Mau-11121.jpeg,0.6136049339547753,105.16471342216543E,9.243636914077138N
2001,Cà Mau-6160.jpeg,0.6133848056197166,105.13195513952603E,9.173568642407915N
2003,Hoài Đức District-4176.jpeg,0.6128781568259001,105.69089717666891E,21.083281248544765N
2005,Sóc Trăng-1730.jpeg,0.6126954481005669,105.98320310814186E,9.606573039368852N
2007,Bà Rịa-2814.jpeg,0.6125339586287737,107.18268107236354E,10.518590807541345N
2008,Cà Mau-2822.jpeg,0.6121943108737469,105.20020156169147E,9.135839573047564N
2009,Hoài Đức District-2383.jpeg,0.6119725480675697,105.73853446151006E,21.032077511554064N
2010,Sóc Trăng-688.jpeg,0.6113640321418643,105.98456975334541E,9.583666104400052N
2015,Cà Mau-8706.jpeg,0.6105080284178257,105.23295984433088E,9.203212911191047N
2018,Hoài Đức District-2550.jpeg,0.6096123270690441,105.72554247473516E,21.036119911842796N
2019,Cà Mau-2330.jpeg,0.6095577403903008,105.15379399461897E,9.129102239233216N
2020,Cà Mau-7448.jpeg,0.6094837114214897,105.2370546296608E,9.18704331003661N
2028,Bà Rịa-3908.jpeg,0.6083985306322575,107.20186740595354E,10.537455342221564N
2031,Cà Mau-8577.jpeg,0.6075126081705093,105.19064706258828E,9.201865444428178N
2032,Bà Rịa-2766.jpeg,0.6074334941804409,107.2251650967414E,10.51724334077847N
2033,Cà Mau-8259.jpeg,0.6073768064379692,105.1742679212686E,9.197823044139565N
2035,Cà Mau-196.jpeg,0.6071498114615679,105.22750013055764E,9.088678236347128N
2036,Cà Mau-3652.jpeg,0.6071207597851753,105.16880820749536E,9.146619307150521N
2042,Cà Mau-10851.jpeg,0.6059717126190662,105.22750013055764E,9.238247047025663N
2045,Cà Mau-10888.jpeg,0.6042740568518639,105.17153806438196E,9.239594513788528N
2049,Bà Rịa-2563.jpeg,0.6033354476094246,107.16486519117282E,10.514548407252727N
2050,Cà Mau-4142.jpeg,0.6033022459596395,105.20702620390799E,9.152009174201998N
2051,Hoài Đức District-1753.jpeg,0.6032805778086185,105.73420379925176E,21.01456044363619N
2055,Bà Rịa-3178.jpeg,0.6027513667941093,107.1401970479857E,10.52532814135571N
2059,Cà Mau-2585.jpeg,0.6020012944936752,105.13332006796934E,9.133144639521824N
2060,Hoài Đức District-1619.jpeg,0.6019681803882122,105.71832470430473E,21.010518043347453N
2062,Cà Mau-9458.jpeg,0.6014529019594193,105.1592537083922E,9.215340112056875N
2065,Cà Mau-4066.jpeg,0.601336307823658,105.26298827008364E,9.15066170743913N
2066,Bà Rịa-3981.jpeg,0.6011633891612291,107.21831283474498E,10.538802808984437N
2067,Cà Mau-9583.jpeg,0.6009094808250666,105.22067548834109E,9.216687578819744N
2068,Cà Mau-1758.jpeg,0.6006906656548381,105.16198356527879E,9.119669971893128N
2074,Sóc Trăng-1684.jpeg,0.5991253592073917,106.00916936700925E,9.605225572605981N
2077,Hoài Đức District-3993.jpeg,0.5983007438480854,105.68945362258283E,21.07250151444146N
2078,Sóc Trăng-1072.jpeg,0.5982013363391161,106.00370278619505E,9.591750904977278N
2086,Cà Mau-6276.jpeg,0.5966020077466965,105.1128461413197E,9.174916109170782N
2087,Hoài Đức District-1577.jpeg,0.5964392488822341,105.72698602882127E,21.009170576584534N
2088,Sóc Trăng-1676.jpeg,0.5963600967079401,105.99823620538089E,9.605225572605981N
2089,Sóc Trăng-2000.jpeg,0.5953873135149479,105.99003633415961E,9.611962906420333N
2093,Bà Rịa-2169.jpeg,0.5948942061513662,107.20049695355428E,10.507811073438363N
2095,Bà Rịa-3468.jpeg,0.5943599045276642,107.21420147754715E,10.529370541644328N
2096,Hoài Đức District-3916.jpeg,0.594018692150712,105.69667139301329E,21.06980658091564N
2100,Sóc Trăng-161.jpeg,0.5928894244134426,105.95040362325675E,9.571538903534217N
2103,Bà Rịa-3692.jpeg,0.5919282305985689,107.20186740595354E,10.533412941932944N
2104,Cà Mau-1558.jpeg,0.5909023731946945,105.19747170480483E,9.115627571604524N
2105,Cà Mau-6656.jpeg,0.5908484272658825,105.11967078353625E,9.178958509459392N
2106,Hoài Đức District-1321.jpeg,0.5902574248611927,105.73131669107957E,21.002433242769968N
2107,Bà Rịa-4279.jpeg,0.5901875533163548,107.21009012034928E,10.546887609561676N
2108,Hoài Đức District-672.jpeg,0.5899886284023523,105.73276024516565E,20.984916174852096N
2109,Cà Mau-3759.jpeg,0.5899343322962523,105.1592537083922E,9.14796677391339N
2111,Cà Mau-5810.jpeg,0.589256651699543,105.1920119910316E,9.169526242119304N
2113,Sóc Trăng-2918.jpeg,0.5889426581561565,105.9572368492745E,9.630827441100523N
2114,Bà Rịa-4586.jpeg,0.5885836854577065,107.22653554914069E,10.563057210716147N
2118,Cà Mau-7434.jpeg,0.587538942694664,105.21794563145447E,9.18704331003661N
2120,Bà Rịa-4004.jpeg,0.5872155129909515,107.17171745316925E,10.54015027574731N
2121,Cà Mau-4138.jpeg,0.5868407338857651,105.20156649013477E,9.152009174201998N
2122,Sóc Trăng-3.jpeg,0.5866687595844269,105.95997013968159E,9.560759169431252N
2124,Hoài Đức District-2769.jpeg,0.586477673612535,105.69667139301329E,21.04150977889445N
2129,Cà Mau-8407.jpeg,0.585815092548728,105.2356897012175E,9.199170510902437N
2132,Cà Mau-11267.jpeg,0.5853870306164026,105.14969920928903E,9.246331847602878N
2133,Lê Chân District-256.jpeg,0.585269333794713,106.66624169507335E,20.833882940704353N
2139,Bà Rịa-1552.jpeg,0.5841677971184254,107.20049695355428E,10.497031339335381N
2143,Cà Mau-6900.jpeg,0.5835951119661331,105.11830585509296E,9.181653442985132N
2144,Cà Mau-4870.jpeg,0.5835890509188175,105.18928213414499E,9.160093974779219N
2145,Cà Mau-2217.jpeg,0.5835303459316492,105.2356897012175E,9.126407305707477N
2152,Bà Rịa-1421.jpeg,0.5821075895801187,107.21283102514784E,10.494336405809637N
2153,Bà Rịa-3275.jpeg,0.5816445760428905,107.16486519117282E,10.526675608118586N
2159,Cà Mau-9.jpeg,0.5805613212287426,105.21112098923793E,9.083288369295653N
2160,Cà Mau-8527.jpeg,0.5804415829479694,105.12240064042288E,9.201865444428178N
2162,Cà Mau-7069.jpeg,0.5801658276468515,105.18655227725836E,9.183000909747998N
2163,Sóc Trăng-1438.jpeg,0.5800458192825317,106.02010252863764E,9.599835705554499N
2164,Cà Mau-8551.jpeg,0.5797485904768109,105.15515892306227E,9.201865444428178N
2165,Cà Mau-7706.jpeg,0.5796316862106323,105.13604992485595E,9.191085710325217N
2173,Bà Rịa-1702.jpeg,0.5779153741896152,107.20734921555069E,10.499726272861128N
2176,Hoài Đức District-2061.jpeg,0.577422060072422,105.72409892064907E,21.023992710976582N
2196,Hoài Đức District-3320.jpeg,0.5743952393531799,105.65192121634436E,21.054984446523587N
2199,Cà Mau-11495.jpeg,0.5740504637360573,105.17153806438196E,9.251721714654357N
2201,Cà Mau-5633.jpeg,0.5740043073892593,105.13332006796934E,9.168178775356434N
2208,Cà Mau-2738.jpeg,0.5730328392237425,105.21521577456787E,9.134492106284695N
2213,Bà Rịa-1603.jpeg,0.5720190797001123,107.17171745316925E,10.498378806098255N
2216,Sóc Trăng-1525.jpeg,0.571513069793582,105.96680336569932E,9.60253063908024N
2217,Cà Mau-5584.jpeg,0.5714422985911369,105.24933898565057E,9.166831308593567N
2220,Cà Mau-2390.jpeg,0.5711328946053982,105.2356897012175E,9.129102239233216N
2222,Cà Mau-11489.jpeg,0.5707869604229927,105.16334849372213E,9.251721714654357N
2225,Cà Mau-8756.jpeg,0.5699518844485283,105.17017313593865E,9.204560377953916N
2226,Cà Mau-5827.jpeg,0.5699514914304018,105.21521577456787E,9.169526242119304N
2229,Cà Mau-1620.jpeg,0.5692747253924608,105.18109256348514E,9.116975038367388N
2235,Bà Rịa-1988.jpeg,0.5683607757091522,107.17994016756498E,10.505116139912618N
2236,Hoài Đức District-2744.jpeg,0.5681724194437265,105.66058254086094E,21.04150977889445N
2239,Bà Rịa-2087.jpeg,0.5677880123257637,107.20323785835285E,10.50646360667549N
2242,Cà Mau-9349.jpeg,0.5673686303198338,105.12376556886618E,9.213992645294004N
2243,Cà Mau-2974.jpeg,0.5671428181231022,105.13468499641266E,9.138534506573302N
2247,Cà Mau-10341.jpeg,0.5666215792298317,105.18245749192842E,9.230162246448442N
2249,Bà Rịa-1928.jpeg,0.566272980067879,107.2046083107521E,10.503768673149745N
2252,Cà Mau-10297.jpeg,0.56579131167382,105.23159491588757E,9.228814779685573N
2254,Hoài Đức District-2179.jpeg,0.5652261972427368,105.6692438653775E,21.02803511126532N
2260,Cà Mau-9358.jpeg,0.5632872451096773,105.13604992485595E,9.213992645294004N
2261,Cà Mau-11421.jpeg,0.5631159171462059,105.18518734881506E,9.24902678112862N
2266,Cà Mau-8720.jpeg,0.5627555567771196,105.12103571197956E,9.204560377953916N
2268,Lê Chân District-249.jpeg,0.5626746062189341,106.68786793275679E,20.83253547394144N
2269,Sóc Trăng-2030.jpeg,0.5619856994599104,106.03103569026601E,9.611962906420333N
2271,Cà Mau-11623.jpeg,0.5617886949330568,105.17153806438196E,9.257111581705837N
2272,Cà Mau-11556.jpeg,0.5616365596652031,105.16471342216543E,9.254416648180099N
2273,Cà Mau-8481.jpeg,0.5615762695670128,105.19747170480483E,9.200517977665308N
2275,Cà Mau-2344.jpeg,0.5609289109706879,105.17290299282529E,9.129102239233216N
2281,Sóc Trăng-1682.jpeg,0.5604413012042642,106.00643607660214E,9.605225572605981N
2286,Cà Mau-1195.jpeg,0.5590553171932697,105.18518734881506E,9.10889023779017N
2287,Cà Mau-1762.jpeg,0.5589899085462093,105.16744327905207E,9.119669971893128N
2288,Bà Rịa-2043.jpeg,0.558961994946003,107.14293795278427E,10.50646360667549N
2289,Hoài Đức District-2262.jpeg,0.5588756361976266,105.7154375961325E,21.02938257802823N
2299,Sóc Trăng-1631.jpeg,0.5569456554949284,106.02420246424826E,9.60387810584311N
2301,Cà Mau-5734.jpeg,0.5562393255531788,105.2711778407435E,9.168178775356434N
2302,Cà Mau-7526.jpeg,0.5561832245439291,105.1920119910316E,9.188390776799478N
2307,Cà Mau-10970.jpeg,0.5554186068475246,105.1756328497119E,9.240941980551401N
2308,Bà Rịa-3146.jpeg,0.555180449038744,107.20323785835285E,10.523980674592838N
2309,Cà Mau-10729.jpeg,0.5550644360482693,105.16744327905207E,9.236899580262792N
2319,Hoài Đức District-3703.jpeg,0.5533672478049994,105.72265536656299E,21.063069247101065N
2323,Hoài Đức District-45.jpeg,0.5526496171951294,105.71832470430473E,20.962009239882576N
2324,Hoài Đức District-1003.jpeg,0.5526197478175163,105.70244560935767E,20.994348442192493N
2326,Sóc Trăng-1285.jpeg,0.5525644421577454,105.97773652732769E,9.597140772028759N
2330,Cà Mau-8171.jpeg,0.5510318428277969,105.19474184791824E,9.196475577376699N
2332,Cà Mau-972.jpeg,0.5505019649863243,105.17017313593865E,9.104847837501563N
2333,Sóc Trăng-1546.jpeg,0.5504060573875904,105.99550291497377E,9.60253063908024N
2335,Cà Mau-10578.jpeg,0.5501670241355896,105.1769977781552E,9.23420464673705N
2337,Cà Mau-9823.jpeg,0.5501086805015802,105.22613520211434E,9.220729979108352N
2338,Hoài Đức District-2597.jpeg,0.5499758925288916,105.70677627161595E,21.037467378605715N
2340,Cà Mau-4113.jpeg,0.5497056506574154,105.16744327905207E,9.152009174201998N
2342,Hoài Đức District-3088.jpeg,0.5491245537996292,105.72698602882127E,21.048247112709017N
2344,Hoài Đức District-166.jpeg,0.548645643517375,105.72698602882127E,20.968746573697146N
2347,Cà Mau-7585.jpeg,0.5483642127364874,105.12103571197956E,9.18973824356235N
2350,Cà Mau-4567.jpeg,0.5476386733353138,105.12240064042288E,9.157399041253477N
2351,Cà Mau-1183.jpeg,0.5470481310039759,105.16880820749536E,9.10889023779017N
2354,Hoài Đức District-2923.jpeg,0.5465056654065847,105.66058254086094E,21.045552179183197N
2360,Bà Rịa-4244.jpeg,0.5461440309882164,107.21968328714426E,10.545540142798801N
2361,Cà Mau-5442.jpeg,0.5458101741969585,105.2397844865474E,9.165483841830692N
2362,Cà Mau-3945.jpeg,0.5457780621945858,105.25616362786711E,9.14931424067626N
2365,Sóc Trăng-493.jpeg,0.5448499862104654,105.98046981773476E,9.579623704111441N
2368,Cà Mau-8776.jpeg,0.5443746857345104,105.19747170480483E,9.204560377953916N
2369,Cà Mau-11061.jpeg,0.5440819766372442,105.1920119910316E,9.24228944731427N
2372,Hoài Đức District-2250.jpeg,0.5438780523836613,105.69811494709938E,21.02938257802823N
2375,Cà Mau-9526.jpeg,0.5437036249786615,105.1428745670725E,9.216687578819744N
2379,Cà Mau-4446.jpeg,0.5434666657820344,105.12786035419612E,9.15605157449061N
2385,Bà Rịa-3098.jpeg,0.5425577983260155,107.13745614318712E,10.523980674592838N
2387,Bà Rịa-3458.jpeg,0.542285867035389,107.20049695355428E,10.529370541644328N
2389,Cà Mau-8011.jpeg,0.5421494357287884,105.11830585509296E,9.19512811061383N
2392,Cà Mau-3609.jpeg,0.541587732732296,105.26435319852698E,9.145271840387652N
2395,Hoài Đức District-3038.jpeg,0.5413834378123283,105.65480832451655E,21.048247112709017N
2397,Cà Mau-6513.jpeg,0.5411822460591793,105.26571812697027E,9.176263575933655N
2401,Cà Mau-11769.jpeg,0.5404527746140957,105.18382242037175E,9.263848915520187N
2402,Cà Mau-8670.jpeg,0.5404397733509541,105.18382242037175E,9.203212911191047N
2403,Cà Mau-11323.jpeg,0.5403462499380112,105.23159491588757E,9.246331847602878N
2404,Cà Mau-9740.jpeg,0.540337210521102,105.21931055989775E,9.219382512345483N
2406,Bà Rịa-2488.jpeg,0.5398582518100739,107.17171745316925E,10.513200940489853N
2407,Cà Mau-7768.jpeg,0.5398336835205555,105.22067548834109E,9.191085710325217N
2408,Cà Mau-5983.jpeg,0.5392797775566578,105.24797405720727E,9.170873708882175N
2409,Cà Mau-1751.jpeg,0.5392174050211906,105.15242906617566E,9.119669971893128N
2412,Sóc Trăng-2736.jpeg,0.5386896841228008,105.98320310814186E,9.62678504081191N
2414,Hoài Đức District-2433.jpeg,0.5384678803384304,105.72987313699343E,21.03342497831697N
2415,Cà Mau-7110.jpeg,0.5384225957095623,105.24251434343404E,9.183000909747998N
2418,Cà Mau-3381.jpeg,0.5381195452064276,105.2547986994238E,9.142576906861914N
2421,Hoài Đức District-1835.jpeg,0.5376018211245537,105.73420379925176E,21.017255377162012N
2422,Hoài Đức District-903.jpeg,0.5375840179622173,105.6952278389272E,20.991653508666662N
2425,Hoài Đức District-3381.jpeg,0.5369924642145634,105.65625187860265E,21.056331913286495N
2426,Cà Mau-2087.jpeg,0.5364523753523827,105.17290299282529E,9.125059838944608N
2432,Cà Mau-6871.jpeg,0.5355287007987499,105.24387927187733E,9.180305976222263N
2434,Cà Mau-3630.jpeg,0.534978847950697,105.13877978174257E,9.146619307150521N
2437,Cà Mau-11649.jpeg,0.5346614867448807,105.16471342216543E,9.258459048468708N
2442,Sóc Trăng-1004.jpeg,0.5335243381559849,105.99003633415961E,9.590403438214405N
2444,Bà Rịa-1963.jpeg,0.5333598237484694,107.14567885758284E,10.505116139912618N
2448,Cà Mau-7112.jpeg,0.5328104421496391,105.24524420032064E,9.183000909747998N
2455,Cà Mau-3940.jpeg,0.5322324484586716,105.24933898565057E,9.14931424067626N
2456,Cà Mau-2741.jpeg,0.5321250855922699,105.21931055989775E,9.134492106284695N
2457,Bà Rịa-2676.jpeg,0.5320727545768023,107.21146057274855E,10.515895874015602N
2462,Sóc Trăng-373.jpeg,0.5314516071230173,105.98456975334541E,9.576928770585699N
2465,Cà Mau-4503.jpeg,0.5304926102980971,105.2056612754647E,9.15605157449061N
2466,Cà Mau-5533.jpeg,0.5299665555357933,105.17972763504184E,9.166831308593567N
2467,Cà Mau-4908.jpeg,0.5299594234675169,105.24114941499072E,9.160093974779219N
2470,Cà Mau-10878.jpeg,0.5295654907822609,105.15788877994889E,9.239594513788528N
2472,Hoài Đức District-4054.jpeg,0.5292147696018219,105.68512296032453E,21.075196447967286N
2474,Sóc Trăng-2391.jpeg,0.52865269780159,105.97090330130993E,9.620047706997557N
2475,Cà Mau-1534.jpeg,0.5284607857465744,105.16471342216543E,9.115627571604524N
2476,Hoài Đức District-3503.jpeg,0.528365395963192,105.66491320311923E,21.059026846812326N
2477,Cà Mau-9386.jpeg,0.5281824339181185,105.1742679212686E,9.213992645294004N
2478,Cà Mau-8901.jpeg,0.5279235206544399,105.12103571197956E,9.207255311479656N
2481,Hoài Đức District-3261.jpeg,0.5276129459962249,105.64903410817217E,21.05363697976067N
2494,Cà Mau-7699.jpeg,0.5244768336415291,105.1264954257528E,9.191085710325217N
2498,Cà Mau-9082.jpeg,0.5240664668381214,105.11967078353625E,9.209950245005393N
2502,Sóc Trăng-2165.jpeg,0.5225964514538646,106.03240233546953E,9.614657839946075N
2504,Bà Rịa-4544.jpeg,0.522162077948451,107.1689765483707E,10.55901481042753N
2509,Hoài Đức District-158.jpeg,0.5215651346370578,105.7154375961325E,20.968746573697146N
2511,Cà Mau-6936.jpeg,0.5215026494115591,105.16744327905207E,9.181653442985132N
2514,Sóc Trăng-147.jpeg,0.5214363820850849,106.000969495788E,9.570191436771347N
2517,Cà Mau-9787.jpeg,0.5205175057053566,105.1769977781552E,9.220729979108352N
2525,Cà Mau-6749.jpeg,0.5195747949182987,105.24660912876394E,9.178958509459392N
2526,Cà Mau-5587.jpeg,0.5192375900223851,105.25343377098048E,9.166831308593567N
2527,Cà Mau-5813.jpeg,0.5191869419068098,105.19610677636153E,9.169526242119304N
2528,Cà Mau-9101.jpeg,0.5191810466349125,105.14560442395911E,9.209950245005393N
2529,Cà Mau-10907.jpeg,0.5190398041158915,105.19747170480483E,9.239594513788528N
2531,Cà Mau-4881.jpeg,0.5184986405074596,105.20429634702138E,9.160093974779219N
2532,Bà Rịa-1412.jpeg,0.518383389338851,107.19775604875569E,10.494336405809637N
2536,Cà Mau-5364.jpeg,0.5178257711231709,105.13332006796934E,9.165483841830692N
2537,Hoài Đức District-1831.jpeg,0.517664534971118,105.72842958290738E,21.017255377162012N
2538,Hoài Đức District-490.jpeg,0.5173077583312988,105.69955850118549E,20.980873774563364N
2539,Sóc Trăng-2049.jpeg,0.5170379057526588,105.96543672049575E,9.613310373183204N
2542,Bà Rịa-3460.jpeg,0.5170061886310577,107.20323785835285E,10.529370541644328N
2545,Bà Rịa-4092.jpeg,0.5162411034107208,107.21420147754715E,10.541497742510183N
2551,Bà Rịa-3157.jpeg,0.5152930775657296,107.21831283474498E,10.523980674592838N
2553,Cà Mau-4238.jpeg,0.5151074174791574,105.1756328497119E,9.15335664096487N
2556,Cà Mau-7361.jpeg,0.5146837085485458,105.11830585509296E,9.18704331003661N
2561,Cà Mau-7728.jpeg,0.5139113198965788,105.16607835060873E,9.191085710325217N
2562,Cà Mau-6691.jpeg,0.5138360150158405,105.16744327905207E,9.178958509459392N
2565,Cà Mau-4928.jpeg,0.5136914635077119,105.2684479838569E,9.160093974779219N
2569,Hoài Đức District-3587.jpeg,0.5132114961743355,105.70533271752987E,21.060374313575235N
2570,Cà Mau-11416.jpeg,0.5132001135498285,105.17836270659852E,9.24902678112862N
2572,Cà Mau-6548.jpeg,0.5131145901978016,105.1428745670725E,9.177611042696523N
2575,Cà Mau-11063.jpeg,0.5128317847847939,105.19474184791824E,9.24228944731427N
2576,Cà Mau-9518.jpeg,0.5127495154738426,105.13195513952603E,9.216687578819744N
2578,Cà Mau-216.jpeg,0.5124788470566273,105.17017313593865E,9.090025703110001N
2579,Cà Mau-1987.jpeg,0.5122903995215893,105.14833428084575E,9.123712372181739N
2583,Cà Mau-8312.jpeg,0.5117949694395065,105.24660912876394E,9.197823044139565N
2584,Bà Rịa-3273.jpeg,0.5114147420972586,107.16212428637428E,10.526675608118586N
2587,Lê Chân District-84.jpeg,0.5113293174654245,106.68354268522012E,20.821755739838142N
2590,Hoài Đức District-461.jpeg,0.510619985871017,105.72554247473516E,20.97952630780045N
2591,Lê Chân District-22.jpeg,0.5106069510802627,106.67777568850454E,20.817713339549414N
2595,Cà Mau-6112.jpeg,0.5100493272766471,105.24387927187733E,9.172221175645044N
2596,Cà Mau-7348.jpeg,0.509974917396903,105.25206884253721E,9.18569584327374N
2602,Cà Mau-3593.jpeg,0.5094861891120672,105.24251434343404E,9.145271840387652N
2604,Hoài Đức District-2192.jpeg,0.5092953033745289,105.68801006849672E,21.02803511126532N
2606,Cà Mau-2929.jpeg,0.5089073181152344,105.21248591768125E,9.137187039810435N
2609,Sóc Trăng-1170.jpeg,0.5088566578924656,105.98046981773476E,9.594445838503015N
2611,Cà Mau-4577.jpeg,0.5086483173072338,105.13604992485595E,9.157399041253477N
2623,Cà Mau-10903.jpeg,0.5069237574934959,105.1920119910316E,9.239594513788528N
2624,Sóc Trăng-1210.jpeg,0.5066856481134892,105.95587020407093E,9.595793305265886N
2625,Hoài Đức District-282.jpeg,0.5066168084740639,105.70966337978815E,20.974136440748797N
2628,Cà Mau-7944.jpeg,0.5064434856176376,105.16880820749536E,9.193780643850957N
2630,Cà Mau-7553.jpeg,0.5060956571251154,105.22886505900094E,9.188390776799478N
2633,Cà Mau-7140.jpeg,0.5054652318358421,105.12376556886618E,9.184348376510869N
2635,Sóc Trăng-2448.jpeg,0.5053742919117212,105.9572368492745E,9.621395173760428N
2636,Lê Chân District-308.jpeg,0.5049173897132277,106.67345044096784E,20.836577874230176N
2644,Cà Mau-2701.jpeg,0.5019976366311312,105.16471342216543E,9.134492106284695N
2646,Bà Rịa-2689.jpeg,0.5018153488636017,107.22927645393926E,10.515895874015602N
2650,Lê Chân District-29.jpeg,0.5013977997004986,106.68786793275679E,20.817713339549414N
2654,Sóc Trăng-2769.jpeg,0.5003201700747013,106.02830239985892E,9.62678504081191N
2658,Sóc Trăng-1896.jpeg,0.4998537395149469,106.02830239985892E,9.609267972894592N
2665,Hoài Đức District-1227.jpeg,0.4987771473824978,105.6692438653775E,21.00108577600706N
2669,Hoài Đức District-2674.jpeg,0.4983585402369499,105.72987313699343E,21.038814845368623N
2671,Bà Rịa-1999.jpeg,0.4974359385669231,107.19501514395712E,10.505116139912618N
2672,Cà Mau-10823.jpeg,0.4972757063806057,105.18928213414499E,9.238247047025663N
2674,Hoài Đức District-1804.jpeg,0.4968214314430952,105.68945362258283E,21.017255377162012N
2675,Cà Mau-6634.jpeg,0.4964557904750108,105.26025841319704E,9.177611042696523N
2677,Cà Mau-8052.jpeg,0.4960062159225344,105.1742679212686E,9.19512811061383N
2678,Bà Rịa-1298.jpeg,0.495925260707736,107.12512207159355E,10.49298893904676N
2680,Cà Mau-2083.jpeg,0.4956966042518616,105.16744327905207E,9.125059838944608N
2681,Cà Mau-8586.jpeg,0.4955642679706216,105.20293141857805E,9.201865444428178N
2683,Cà Mau-3717.jpeg,0.4954206217080354,105.25752855631042E,9.146619307150521N
2685,Sóc Trăng-1098.jpeg,0.495383892673999,105.95997013968159E,9.593098371740146N
2688,Cà Mau-7224.jpeg,0.494945015758276,105.23841955810411E,9.184348376510869N
2693,Cà Mau-6587.jpeg,0.4944093525409698,105.19610677636153E,9.177611042696523N
2700,Cà Mau-486.jpeg,0.4932942371815443,105.25343377098048E,9.094068103398607N
2702,Cà Mau-154.jpeg,0.492913469672203,105.24524420032064E,9.08733076958426N
2710,Cà Mau-6093.jpeg,0.4916250333189964,105.21794563145447E,9.172221175645044N
2711,Lê Chân District-156.jpeg,0.4915574248880148,106.67200869178892E,20.82714560688979N
2712,Hoài Đức District-3540.jpeg,0.4915414601564407,105.71832470430473E,21.059026846812326N
2713,Sóc Trăng-1650.jpeg,0.4914732594043016,105.96270343008865E,9.605225572605981N
2714,Cà Mau-92.jpeg,0.4914211556315422,105.2234053452277E,9.085983302821392N
2715,Cà Mau-3890.jpeg,0.4913893826305866,105.18109256348514E,9.14931424067626N
2717,Hoài Đức District-3258.jpeg,0.4913405757397413,105.72554247473516E,21.052289512997756N
2721,Cà Mau-8728.jpeg,0.4905622340738773,105.13195513952603E,9.204560377953916N
2722,Cà Mau-4276.jpeg,0.4905610755085945,105.22750013055764E,9.15335664096487N
2723,Sóc Trăng-271.jpeg,0.4905568994581699,106.000969495788E,9.574233837059959N
2724,Cà Mau-157.jpeg,0.4903877712786197,105.1742679212686E,9.088678236347128N
2730,Hoài Đức District-4164.jpeg,0.4889449346810579,105.70100205527157E,21.081933781781853N
2731,Cà Mau-1771.jpeg,0.488851273432374,105.17972763504184E,9.119669971893128N
2734,Cà Mau-3322.jpeg,0.48860989138484,105.1742679212686E,9.142576906861914N
2739,Cà Mau-5347.jpeg,0.4881523158401251,105.11011628443309E,9.165483841830692N
2740,Cà Mau-557.jpeg,0.4877143446356058,105.16334849372213E,9.096763036924349N
2741,Bà Rịa-3779.jpeg,0.4876921195536852,107.2169423823457E,10.534760408695819N
2742,Cà Mau-1327.jpeg,0.4876380339264869,105.1742679212686E,9.11158517131591N
2743,Bà Rịa-1913.jpeg,0.4871125072240829,107.18405152476284E,10.503768673149745N
2744,Bà Rịa-1731.jpeg,0.4870911408215761,107.14430840518357E,10.501073739624001N
2745,Sóc Trăng-306.jpeg,0.4870567638427019,105.97090330130993E,9.57558130382283N
2749,Bà Rịa-4043.jpeg,0.4859616532921791,107.2251650967414E,10.54015027574731N
2753,Hoài Đức District-2794.jpeg,0.4852824378758669,105.73276024516565E,21.04150977889445N
2755,Bà Rịa-4276.jpeg,0.4850362986326217,107.2059787631514E,10.546887609561676N
2758,Sóc Trăng-3591.jpeg,0.4845378082245588,105.99686956017732E,9.649691975780714N
2761,Cà Mau-6722.jpeg,0.4843215085566044,105.20975606079462E,9.178958509459392N
2764,Cà Mau-8166.jpeg,0.4833654034882784,105.18791720570167E,9.196475577376699N
2768,Cà Mau-508.jpeg,0.4826908856630325,105.18928213414499E,9.095415570161478N
2771,Cà Mau-224.jpeg,0.4815042540431022,105.18109256348514E,9.090025703110001N
2772,Cà Mau-11346.jpeg,0.4814872816205024,105.16607835060873E,9.24767931436575N
2780,Cà Mau-4295.jpeg,0.480429058894515,105.25343377098048E,9.15335664096487N
2782,Cà Mau-425.jpeg,0.4799852930009365,105.17017313593865E,9.094068103398607N
2785,Cà Mau-5337.jpeg,0.4797136560082435,105.28073233984667E,9.164136375067825N
2791,Bà Rịa-3593.jpeg,0.4790348755195737,107.17171745316925E,10.532065475170075N
2799,Bà Rịa-1995.jpeg,0.4781711129471659,107.18953333435996E,10.505116139912618N
2801,Bà Rịa-3329.jpeg,0.4781201258301735,107.23886962073426E,10.526675608118586N
2805,Hoài Đức District-4140.jpeg,0.477429661899805,105.69378428484109E,21.08058631501894N
2809,Cà Mau-8124.jpeg,0.476720742881298,105.13059021108272E,9.196475577376699N
2810,Cà Mau-11210.jpeg,0.4767171405255794,105.1769977781552E,9.244984380840009N
2811,Hoài Đức District-1798.jpeg,0.4766686446964741,105.68079229806625E,21.017255377162012N
2813,Cà Mau-8152.jpeg,0.4763149134814739,105.16880820749536E,9.196475577376699N
2815,Sóc Trăng-3552.jpeg,0.4759071925655007,105.99413626977025E,9.648344509017845N
2817,Cà Mau-3233.jpeg,0.4758436903357506,105.20020156169147E,9.141229440099043N
2818,Hoài Đức District-355.jpeg,0.4756832048296928,105.69811494709938E,20.976831374274624N
2830,Cà Mau-906.jpeg,0.4739629812538624,105.1769977781552E,9.103500370738695N
2833,Sóc Trăng-909.jpeg,0.4732553586363792,105.93947046162836E,9.589055971451534N
2835,Cà Mau-1769.jpeg,0.4730358235538006,105.1769977781552E,9.119669971893128N
2836,Bà Rịa-2015.jpeg,0.4729045610874891,107.2169423823457E,10.505116139912618N
2838,Hoài Đức District-3002.jpeg,0.4727089144289493,105.68801006849672E,21.04689964594611N
2849,Cà Mau-7536.jpeg,0.471654400229454,105.2056612754647E,9.188390776799478N
2852,Cà Mau-4667.jpeg,0.4710300602018833,105.25889348475374E,9.157399041253477N
2855,Hoài Đức District-3592.jpeg,0.4706060271710157,105.71255048796033E,21.060374313575235N
2860,Cà Mau-5505.jpeg,0.4700830038636923,105.1415096386292E,9.166831308593567N
2861,Cà Mau-3297.jpeg,0.4699964635074138,105.14014471018588E,9.142576906861914N
2862,Cà Mau-4121.jpeg,0.4698309935629368,105.17836270659852E,9.152009174201998N
2864,Bà Rịa-1880.jpeg,0.4695043992251158,107.13882659558641E,10.503768673149745N
2865,Hoài Đức District-1515.jpeg,0.4693558262661099,105.71255048796033E,21.007823109821615N
2870,Bà Rịa-2670.jpeg,0.4685753369703889,107.20323785835285E,10.515895874015602N
2874,Hoài Đức District-1700.jpeg,0.4679368548095226,105.71688115021858E,21.013212976873277N
2876,Hoài Đức District-1441.jpeg,0.4675692971795797,105.68079229806625E,21.006475643058707N
2878,Cà Mau-10580.jpeg,0.4674040051177144,105.17972763504184E,9.23420464673705N
2880,Lê Chân District-357.jpeg,0.4672095477581024,106.67056694261005E,20.839272807755993N
2882,Cà Mau-10315.jpeg,0.466948352754116,105.14696935240242E,9.230162246448442N
2884,Cà Mau-10267.jpeg,0.4668907541781664,105.19064706258828E,9.228814779685573N
2887,Sóc Trăng-1862.jpeg,0.4665482454001903,105.98183646293832E,9.609267972894592N
2888,Sóc Trăng-2162.jpeg,0.4661904014647007,106.02830239985892E,9.614657839946075N
2889,Cà Mau-5918.jpeg,0.466130256652832,105.1592537083922E,9.170873708882175N
2895,Sóc Trăng-1548.jpeg,0.4658930320292711,105.99823620538089E,9.60253063908024N
2902,Cà Mau-8038.jpeg,0.4646928180009126,105.15515892306227E,9.19512811061383N
2904,Cà Mau-5238.jpeg,0.4646206628531217,105.14560442395911E,9.164136375067825N
2905,Cà Mau-5291.jpeg,0.4646082688122988,105.21794563145447E,9.164136375067825N
2907,Cà Mau-6184.jpeg,0.4644956737756729,105.16471342216543E,9.173568642407915N
2910,Sóc Trăng-2149.jpeg,0.4642315646633506,106.01053601221281E,9.614657839946075N
2912,Sóc Trăng-2035.jpeg,0.4629511572420597,105.94630368764611E,9.613310373183204N
2913,Sóc Trăng-1785.jpeg,0.46286740899086,105.96817001090285E,9.60792050613172N
2916,Bà Rịa-2834.jpeg,0.4617949947714805,107.21009012034928E,10.518590807541345N
2917,Cà Mau-7029.jpeg,0.4615499414503574,105.13195513952603E,9.183000909747998N
2920,Hoài Đức District-3154.jpeg,0.4612094387412071,105.65769543268874E,21.05094204623485N
2921,Cà Mau-10003.jpeg,0.4606372993439436,105.15515892306227E,9.224772379396962N
2924,Cà Mau-4406.jpeg,0.4600877836346626,105.24114941499072E,9.154704107727737N
2925,Bà Rịa-2983.jpeg,0.4599706474691629,107.1963855963564E,10.52128574106709N
2926,Cà Mau-4497.jpeg,0.4598164986819029,105.19747170480483E,9.15605157449061N
2927,Cà Mau-2162.jpeg,0.4597835587337613,105.16061863683551E,9.126407305707477N
2928,Cà Mau-7072.jpeg,0.4596712682396173,105.19064706258828E,9.183000909747998N
2930,Bà Rịa-4576.jpeg,0.4592904886230826,107.22379464434212E,10.561709743953278N
2934,Cà Mau-3753.jpeg,0.4585850965231657,105.15106413773236E,9.14796677391339N
2939,Bà Rịa-3311.jpeg,0.4580590203404426,107.21420147754715E,10.526675608118586N
2945,Cà Mau-3216.jpeg,0.4573212601244449,105.1769977781552E,9.141229440099043N
2946,Cà Mau-721.jpeg,0.4568422585725784,105.20293141857805E,9.099457970450086N
2948,Cà Mau-5661.jpeg,0.4566257633268833,105.17153806438196E,9.168178775356434N
2949,Cà Mau-3240.jpeg,0.45660693757236,105.20975606079462E,9.141229440099043N
2953,Bà Rịa-1353.jpeg,0.4559095976874232,107.20049695355428E,10.49298893904676N
2957,Sóc Trăng-3511.jpeg,0.4556625634431839,105.98730304375252E,9.646997042254975N
2963,Sóc Trăng-3615.jpeg,0.454758508130908,105.97910317253123E,9.651039442543585N
2968,Sóc Trăng-2655.jpeg,0.4543156437575817,105.9640700752922E,9.625437574049041N
2971,Cà Mau-9520.jpeg,0.453884887509048,105.13468499641266E,9.216687578819744N
2975,Cà Mau-5898.jpeg,0.4533652476966381,105.13195513952603E,9.170873708882175N
2977,Cà Mau-3596.jpeg,0.4525466710329056,105.24660912876394E,9.145271840387652N
2978,Bà Rịa-1681.jpeg,0.4522465541958809,107.1785697151657E,10.499726272861128N
2982,Sóc Trăng-2740.jpeg,0.4515997525304556,105.98866968895605E,9.62678504081191N
2987,Bà Rịa-2799.jpeg,0.4509704262018204,107.16212428637428E,10.518590807541345N
2988,Cà Mau-5149.jpeg,0.4509609937667846,105.20839113235131E,9.162788908304956N
2992,Cà Mau-6739.jpeg,0.4506936874240637,105.23295984433088E,9.178958509459392N
2994,Hoài Đức District-1117.jpeg,0.4502133456990123,105.72842958290738E,20.997043375718317N
3003,Hoài Đức District-2327.jpeg,0.4492176119238138,105.73420379925176E,21.03073004479114N
3004,Cà Mau-8883.jpeg,0.4490856528282165,105.21931055989775E,9.205907844716789N
3007,Hoài Đức District-2989.jpeg,0.4480586554855108,105.6692438653775E,21.04689964594611N
3008,Bà Rịa-1973.jpeg,0.4480492575094104,107.15938338157571E,10.505116139912618N
3009,Cà Mau-3537.jpeg,0.4477081280201673,105.16607835060873E,9.145271840387652N
3011,Hoài Đức District-494.jpeg,0.4475156981498003,105.70533271752987E,20.980873774563364N
3015,Cà Mau-11504.jpeg,0.4471083227545023,105.18382242037175E,9.251721714654357N
3019,Sóc Trăng-1712.jpeg,0.4466078765690326,105.95860349447804E,9.606573039368852N
3034,Cà Mau-3625.jpeg,0.4437667354941368,105.13195513952603E,9.146619307150521N
3041,Cà Mau-11364.jpeg,0.4426068533211946,105.19064706258828E,9.24767931436575N
3042,Cà Mau-6403.jpeg,0.4422356970608234,105.11557599820632E,9.176263575933655N
3048,Cà Mau-7925.jpeg,0.4414518401026726,105.1428745670725E,9.193780643850957N
3052,Cà Mau-9920.jpeg,0.4409087356179952,105.14969920928903E,9.223424912634092N
3053,Cà Mau-6906.jpeg,0.4408442266285419,105.1264954257528E,9.181653442985132N
3054,Cà Mau-9430.jpeg,0.4408265016973018,105.23432477277417E,9.213992645294004N
3058,Sóc Trăng-1436.jpeg,0.4403564613312483,106.01736923823053E,9.599835705554499N
3059,Cà Mau-1939.jpeg,0.4402378499507904,105.1920119910316E,9.122364905418868N
3062,Cà Mau-5715.jpeg,0.4397751521319151,105.24524420032064E,9.168178775356434N
3068,Hoài Đức District-2634.jpeg,0.438788540661335,105.67213097354968E,21.038814845368623N
3070,Bà Rịa-3744.jpeg,0.4386862618848681,107.1689765483707E,10.534760408695819N
3072,Hoài Đức District-3383.jpeg,0.4383255811408162,105.65913898677485E,21.056331913286495N
3082,Hoài Đức District-327.jpeg,0.4370333440601825,105.7197682583908E,20.97548390751171N
3090,Hoài Đức District-2796.jpeg,0.4357923548668623,105.65047766225827E,21.04285724565737N
3096,Cà Mau-6292.jpeg,0.4353365134447813,105.13468499641266E,9.174916109170782N
3101,Cà Mau-1927.jpeg,0.4344405103474855,105.1756328497119E,9.122364905418868N
3102,Cà Mau-10183.jpeg,0.4342473186552524,105.18382242037175E,9.227467312922704N
3104,Cà Mau-4476.jpeg,0.4339060261845588,105.16880820749536E,9.15605157449061N
3106,Sóc Trăng-3504.jpeg,0.4335667230188846,106.02556910945181E,9.645649575492103N
3107,Hoài Đức District-3366.jpeg,0.4335360359400511,105.71832470430473E,21.054984446523587N
3109,Cà Mau-6984.jpeg,0.4332463834434747,105.23295984433088E,9.181653442985132N
3112,Cà Mau-1531.jpeg,0.432787200435996,105.16061863683551E,9.115627571604524N
3115,Cà Mau-8935.jpeg,0.4325582608580589,105.16744327905207E,9.207255311479656N
3116,Cà Mau-3399.jpeg,0.4325302150100469,105.1292252826394E,9.143924373624783N
3121,Bà Rịa-1555.jpeg,0.4318758500739932,107.2046083107521E,10.497031339335381N
3122,Cà Mau-4873.jpeg,0.4315411616116762,105.19337691947491E,9.160093974779219N
3130,Cà Mau-10121.jpeg,0.4294661805033684,105.20702620390799E,9.22611984615983N
3131,Hoài Đức District-2152.jpeg,0.4294243361800909,105.70533271752987E,21.026687644502402N
3135,Cà Mau-7196.jpeg,0.4286906979978084,105.20020156169147E,9.184348376510869N
3138,Cà Mau-637.jpeg,0.428432535380125,105.18109256348514E,9.098110503687215N
3139,Bà Rịa-2231.jpeg,0.4283060114830732,107.17034700076998E,10.50915854020124N
3147,Cà Mau-6511.jpeg,0.4277659561485052,105.26298827008364E,9.176263575933655N
3151,Cà Mau-4748.jpeg,0.4272260796278715,105.19747170480483E,9.158746508016346N
3161,Hoài Đức District-2161.jpeg,0.425908257253468,105.71832470430473E,21.026687644502402N
3163,Cà Mau-7697.jpeg,0.4257943816483021,105.12376556886618E,9.191085710325217N
3166,Cà Mau-8532.jpeg,0.4255810305476188,105.1292252826394E,9.201865444428178N
3169,Cà Mau-5704.jpeg,0.4249035753309726,105.23022998744423E,9.168178775356434N
3172,Sóc Trăng-1415.jpeg,0.4244343414902687,105.98866968895605E,9.599835705554499N
3174,Hoài Đức District-309.jpeg,0.4243861064314842,105.68945362258283E,20.97548390751171N
3176,Cà Mau-3747.jpeg,0.4238574169576168,105.1428745670725E,9.14796677391339N
3180,Cà Mau-6269.jpeg,0.4231694145128131,105.28073233984667E,9.173568642407915N
3182,Cà Mau-2264.jpeg,0.4227643087506294,105.18245749192842E,9.127754772470347N
3183,Cà Mau-8940.jpeg,0.4226634353399277,105.1742679212686E,9.207255311479656N
3184,Sóc Trăng-1542.jpeg,0.422661118209362,105.99003633415961E,9.60253063908024N
3190,Sóc Trăng-1886.jpeg,0.4223038852214813,106.01463594782342E,9.609267972894592N
3194,Cà Mau-8154.jpeg,0.4215352796018123,105.17153806438196E,9.196475577376699N
3195,Bà Rịa-2234.jpeg,0.421459773555398,107.17445835796785E,10.50915854020124N
3196,Cà Mau-1272.jpeg,0.4213976748287678,105.19474184791824E,9.110237704553043N
3198,Cà Mau-10386.jpeg,0.4212893191725015,105.24387927187733E,9.230162246448442N
3199,Cà Mau-2970.jpeg,0.4210557099431753,105.1292252826394E,9.138534506573302N
3200,Cà Mau-7793.jpeg,0.4210031852126121,105.2547986994238E,9.191085710325217N
3201,Hoài Đức District-1499.jpeg,0.4207345843315124,105.68945362258283E,21.007823109821615N
3203,Cà Mau-3226.jpeg,0.4205152401700616,105.19064706258828E,9.141229440099043N
3206,Cà Mau-11238.jpeg,0.4197815582156181,105.21521577456787E,9.244984380840009N
3211,Bà Rịa-3246.jpeg,0.4185058791190386,107.2333878111371E,10.52532814135571N
3213,Cà Mau-5832.jpeg,0.418020311743021,105.22204041678441E,9.169526242119304N
3217,Cà Mau-2850.jpeg,0.4176449179649353,105.23841955810411E,9.135839573047564N
3218,Cà Mau-3248.jpeg,0.4176381006836891,105.22067548834109E,9.141229440099043N
3219,Bà Rịa-3093.jpeg,0.4176098573952913,107.23886962073426E,10.522633207829966N
3221,Cà Mau-9964.jpeg,0.4173470921814441,105.20975606079462E,9.223424912634092N
3224,Cà Mau-7086.jpeg,0.4169092206284404,105.20975606079462E,9.183000909747998N
3225,Cà Mau-3363.jpeg,0.416797848418355,105.23022998744423E,9.142576906861914N
3226,Cà Mau-4994.jpeg,0.4167705941945314,105.18109256348514E,9.161441441542085N
3228,Cà Mau-7097.jpeg,0.4166985899209976,105.22477027367101E,9.183000909747998N
3232,Cà Mau-6015.jpeg,0.4165194435045123,105.11148121287638E,9.172221175645044N
3235,Sóc Trăng-1217.jpeg,0.4164433106780052,105.96543672049575E,9.595793305265886N
3238,Hoài Đức District-2279.jpeg,0.4156824750825763,105.66491320311923E,21.03073004479114N
3243,Cà Mau-2197.jpeg,0.415043274872005,105.20839113235131E,9.126407305707477N
3251,Cà Mau-804.jpeg,0.4140925034880638,105.22477027367101E,9.100805437212957N
3254,Cà Mau-7547.jpeg,0.4138156939297914,105.22067548834109E,9.188390776799478N
3255,Cà Mau-10227.jpeg,0.4137403555214405,105.13604992485595E,9.228814779685573N
3256,Hoài Đức District-3960.jpeg,0.4137199260294437,105.70100205527157E,21.071154047678547N
3259,Sóc Trăng-3183.jpeg,0.4134884234517813,105.99003633415961E,9.636217308152007N
3260,Cà Mau-5254.jpeg,0.413335332646966,105.16744327905207E,9.164136375067825N
3262,Hoài Đức District-828.jpeg,0.412957183085382,105.72698602882127E,20.988958575140835N
3263,Cà Mau-4989.jpeg,0.4127766154706478,105.1742679212686E,9.161441441542085N
3270,Cà Mau-6225.jpeg,0.4122805520892143,105.22067548834109E,9.173568642407915N
3272,Cà Mau-6726.jpeg,0.4119583154097199,105.21521577456787E,9.178958509459392N
3274,Cà Mau-8520.jpeg,0.4119207244366407,105.25070391409388E,9.200517977665308N
3280,Cà Mau-3105.jpeg,0.4106144085526466,105.17153806438196E,9.139881973336175N
3283,Cà Mau-2656.jpeg,0.4098976999521255,105.23022998744423E,9.133144639521824N
3286,Hoài Đức District-2932.jpeg,0.4096188060939312,105.67357452763576E,21.045552179183197N
3289,Cà Mau-8367.jpeg,0.4095570184290409,105.18109256348514E,9.199170510902437N
3292,Hoài Đức District-4237.jpeg,0.4092590846121311,105.69378428484109E,21.088671115596423N
3296,Sóc Trăng-2386.jpeg,0.4086211863905191,105.9640700752922E,9.620047706997557N
3297,Cà Mau-3024.jpeg,0.4082040730863809,105.20293141857805E,9.138534506573302N
3300,Sóc Trăng-2113.jpeg,0.4077125173062086,105.9613367848851E,9.614657839946075N
3301,Cà Mau-1670.jpeg,0.407680582255125,105.24933898565057E,9.116975038367388N
3304,Cà Mau-5092.jpeg,0.4076013118028641,105.13059021108272E,9.162788908304956N
3308,Cà Mau-1899.jpeg,0.4072011169046163,105.24660912876394E,9.121017438655999N
3310,Cà Mau-4978.jpeg,0.4068014714866876,105.1592537083922E,9.161441441542085N
3311,Cà Mau-1919.jpeg,0.4066205592826009,105.16471342216543E,9.122364905418868N
3312,Hoài Đức District-3090.jpeg,0.4064737316220999,105.72987313699343E,21.048247112709017N
3313,Hoài Đức District-2630.jpeg,0.4063337175175547,105.66635675720529E,21.038814845368623N
3314,Cà Mau-980.jpeg,0.4062547925859689,105.18109256348514E,9.104847837501563N
3318,Bà Rịa-2728.jpeg,0.4055545497685671,107.17308790556855E,10.51724334077847N
3319,Sóc Trăng-622.jpeg,0.4054408371448517,105.98183646293832E,9.582318637637183N
3327,Cà Mau-5906.jpeg,0.4045895393937826,105.1428745670725E,9.170873708882175N
3328,Hoài Đức District-3052.jpeg,0.4042699448764324,105.67501808172187E,21.048247112709017N
3331,Cà Mau-9267.jpeg,0.4039697479456663,105.1292252826394E,9.212645178531133N
3332,Cà Mau-6662.jpeg,0.4039550311863422,105.12786035419612E,9.178958509459392N
3339,Cà Mau-7493.jpeg,0.4032583925873041,105.14696935240242E,9.188390776799478N
3340,Sóc Trăng-985.jpeg,0.4031764511018991,105.9640700752922E,9.590403438214405N
3343,Cà Mau-4428.jpeg,0.4028637073934078,105.10329164221655E,9.15605157449061N
3347,Sóc Trăng-1388.jpeg,0.4027702854946255,105.95177026846028E,9.599835705554499N
3353,Cà Mau-7966.jpeg,0.402229581028223,105.19883663324816E,9.193780643850957N
3354,Cà Mau-10625.jpeg,0.4021650068461895,105.24114941499072E,9.23420464673705N
3355,Cà Mau-688.jpeg,0.4020813712850213,105.15788877994889E,9.099457970450086N
3356,Cà Mau-11078.jpeg,0.402048691175878,105.21521577456787E,9.24228944731427N
3367,Sóc Trăng-3375.jpeg,0.4012602958828211,105.99960285058442E,9.641607175203488N
3368,Hoài Đức District-934.jpeg,0.4012502133846283,105.6706874194636E,20.99300097542958N
3371,Hoài Đức District-2142.jpeg,0.4007343724370003,105.69089717666891E,21.026687644502402N
3373,Bà Rịa-3085.jpeg,0.3999364972114563,107.22790600153999E,10.522633207829966N
3375,Cà Mau-9784.jpeg,0.3993459045886993,105.17290299282529E,9.220729979108352N
3379,Sóc Trăng-1458.jpeg,0.3987639732658863,105.9613367848851E,9.60118317231737N
3380,Sóc Trăng-1807.jpeg,0.3985507655888796,105.99823620538089E,9.60792050613172N
3387,Cà Mau-11317.jpeg,0.3975579999387264,105.2234053452277E,9.246331847602878N
3390,Hoài Đức District-4173.jpeg,0.3970944276079535,105.68656651441063E,21.083281248544765N
3393,Sóc Trăng-2573.jpeg,0.3964546183124184,106.03513562587665E,9.622742640523299N
3396,Cà Mau-2569.jpeg,0.3962049148976803,105.2370546296608E,9.131797172758956N
3400,Sóc Trăng-785.jpeg,0.3957901652902365,105.93947046162836E,9.586361037925792N
3402,Hoài Đức District-2104.jpeg,0.3951406031847,105.71110693387422E,21.02534017773949N
3409,Bà Rịa-3307.jpeg,0.3941075261682272,107.20871966794996E,10.526675608118586N
3410,Cà Mau-3854.jpeg,0.3940638080239296,105.13195513952603E,9.14931424067626N
3412,Cà Mau-8088.jpeg,0.3935898821800947,105.2234053452277E,9.19512811061383N
3416,Cà Mau-6768.jpeg,0.3933974541723728,105.27254276918681E,9.178958509459392N
3426,Cà Mau-4758.jpeg,0.3918055761605501,105.21112098923793E,9.158746508016346N
3429,Bà Rịa-3706.jpeg,0.3911615451797843,107.22105373954355E,10.533412941932944N
3436,Sóc Trăng-6.jpeg,0.3908248385414481,105.9640700752922E,9.560759169431252N
3444,Cà Mau-11788.jpeg,0.3891379814594984,105.1742679212686E,9.26519638228306N
3446,Cà Mau-10477.jpeg,0.3889785688370466,105.14833428084575E,9.232857179974179N
3447,Cà Mau-358.jpeg,0.388949915766716,105.1742679212686E,9.092720636635738N
3448,Sóc Trăng-1444.jpeg,0.3885625852271914,105.94220375203544E,9.60118317231737N
3452,Lê Chân District-581.jpeg,0.387751730158925,106.67633393932563E,20.851400008622207N
3455,Sóc Trăng-1762.jpeg,0.3875016402453184,106.02693575465534E,9.606573039368852N
3457,Cà Mau-6731.jpeg,0.3873643297702074,105.22204041678441E,9.178958509459392N
3458,Cà Mau-2427.jpeg,0.387123379856348,105.16607835060873E,9.130449705996087N
3460,Bà Rịa-110.jpeg,0.3869851594790816,107.12238116679497E,10.463344670263565N
3463,Cà Mau-4889.jpeg,0.386762622743845,105.21521577456787E,9.160093974779219N
3471,Cà Mau-9736.jpeg,0.3857241226360202,105.21385084612454E,9.219382512345483N
3481,Cà Mau-6827.jpeg,0.3843340445309877,105.18382242037175E,9.180305976222263N
3488,Sóc Trăng-2286.jpeg,0.3833569083362818,106.01326930261988E,9.617352773471817N
3489,Cà Mau-97.jpeg,0.3833384504541755,105.2370546296608E,9.085983302821392N
3490,Cà Mau-6491.jpeg,0.3833351451903581,105.2356897012175E,9.176263575933655N
3492,Bà Rịa-3636.jpeg,0.382898380048573,107.23064690633855E,10.532065475170075N
3494,Cà Mau-5387.jpeg,0.3823797851800918,105.16471342216543E,9.165483841830692N
3495,Cà Mau-6186.jpeg,0.3820332530885935,105.16744327905207E,9.173568642407915N
3497,Hoài Đức District-2801.jpeg,0.381931375246495,105.65769543268874E,21.04285724565737N
3498,Sóc Trăng-2600.jpeg,0.3818896692246198,105.98046981773476E,9.62409010728617N
3500,Cà Mau-4297.jpeg,0.381485728546977,105.25616362786711E,9.15335664096487N
3502,Cà Mau-2556.jpeg,0.3813282512128353,105.21931055989775E,9.131797172758956N
3509,Cà Mau-3151.jpeg,0.3808678910136223,105.23432477277417E,9.139881973336175N
3513,Cà Mau-1515.jpeg,0.3805184010416269,105.23841955810411E,9.114280104841653N
3516,Cà Mau-5445.jpeg,0.3801843989640474,105.24387927187733E,9.165483841830692N
3519,Hoài Đức District-1881.jpeg,0.3794789593666792,105.67790518989406E,21.019950310687847N
3525,Cà Mau-10426.jpeg,0.3791088964790106,105.18928213414499E,9.23150971321131N
3528,Cà Mau-11509.jpeg,0.3784675039350986,105.19064706258828E,9.251721714654357N
3535,Cà Mau-3148.jpeg,0.3775062952190637,105.23022998744423E,9.139881973336175N
3538,Cà Mau-11480.jpeg,0.3772437088191509,105.2056612754647E,9.250374247891491N
3540,Cà Mau-7304.jpeg,0.377112053334713,105.1920119910316E,9.18569584327374N
3543,Cà Mau-568.jpeg,0.3769361600279808,105.17836270659852E,9.096763036924349N
3544,Hoài Đức District-719.jpeg,0.3768751742318272,105.72265536656299E,20.986263641615007N
3547,Cà Mau-6084.jpeg,0.3765753405168652,105.2056612754647E,9.172221175645044N
3551,Hoài Đức District-91.jpeg,0.3760363012552261,105.72409892064907E,20.964704173408407N
3553,Cà Mau-5034.jpeg,0.3756741732358932,105.2356897012175E,9.161441441542085N
3554,Sóc Trăng-772.jpeg,0.3756702896207571,106.01053601221281E,9.585013571162921N
3558,Hoài Đức District-953.jpeg,0.3753378931432962,105.69811494709938E,20.99300097542958N
3559,Lê Chân District-489.jpeg,0.3751838281750679,106.67633393932563E,20.84601014157056N
3560,Bà Rịa-3008.jpeg,0.3750424887984991,107.23064690633855E,10.52128574106709N
3564,Cà Mau-9252.jpeg,0.3741327682510018,105.22886505900094E,9.211297711768264N
3567,Hoài Đức District-3988.jpeg,0.373755601234734,105.68223585215235E,21.07250151444146N
3571,Cà Mau-5273.jpeg,0.3727540392428636,105.19337691947491E,9.164136375067825N
3573,Cà Mau-8161.jpeg,0.3725070152431726,105.18109256348514E,9.196475577376699N
3578,Hoài Đức District-602.jpeg,0.3720631776377558,105.71110693387422E,20.983568708089184N
3579,Cà Mau-6584.jpeg,0.3719363808631897,105.1920119910316E,9.177611042696523N
3581,Cà Mau-7506.jpeg,0.3714381083846092,105.16471342216543E,9.188390776799478N
3582,Cà Mau-11266.jpeg,0.3712985347956419,105.2547986994238E,9.244984380840009N
3585,Cà Mau-2669.jpeg,0.3710920512676239,105.24797405720727E,9.133144639521824N
3587,Sóc Trăng-701.jpeg,0.3709069695323705,106.0023361409915E,9.583666104400052N
3591,Bà Rịa-3617.jpeg,0.370661161839962,107.2046083107521E,10.532065475170075N
3594,Bà Rịa-4188.jpeg,0.3701367303729057,107.2046083107521E,10.54419267603593N
3595,Cà Mau-4689.jpeg,0.3698922321200371,105.11694092664963E,9.158746508016346N
3597,Sóc Trăng-3207.jpeg,0.3697331678122282,105.95177026846028E,9.637564774914878N
3601,Hoài Đức District-3251.jpeg,0.3695136364549398,105.7154375961325E,21.052289512997756N
3611,Bà Rịa-3333.jpeg,0.3674716474488377,107.2443514303314E,10.526675608118586N
3615,Hoài Đức District-1862.jpeg,0.3670666590332985,105.71255048796033E,21.018602843924928N
3624,Cà Mau-10146.jpeg,0.3662012852728367,105.24114941499072E,9.22611984615983N
3625,Bà Rịa-4463.jpeg,0.3661580635234713,107.2059787631514E,10.553624943376041N
3633,Cà Mau-7351.jpeg,0.3651214633136987,105.25616362786711E,9.18569584327374N
3637,Sóc Trăng-454.jpeg,0.3645242564380169,106.01190265741633E,9.578276237348572N
3641,Cà Mau-8215.jpeg,0.3639599271118641,105.2547986994238E,9.196475577376699N
3644,Bà Rịa-4535.jpeg,0.3639291264116764,107.21968328714426E,10.557667343664656N
3646,Cà Mau-11339.jpeg,0.3638227069750428,105.15652385150557E,9.24767931436575N
3656,Cà Mau-5657.jpeg,0.3627485707402229,105.16607835060873E,9.168178775356434N
3659,Cà Mau-1321.jpeg,0.3626661775633693,105.16607835060873E,9.11158517131591N
3668,Cà Mau-6763.jpeg,0.3612740505486727,105.26571812697027E,9.178958509459392N
3676,Bà Rịa-3466.jpeg,0.360373817384243,107.21146057274855E,10.529370541644328N
3678,Cà Mau-3182.jpeg,0.3603170271962881,105.13059021108272E,9.141229440099043N
3679,Sóc Trăng-212.jpeg,0.3602055795490742,105.96817001090285E,9.572886370297086N
3681,Sóc Trăng-542.jpeg,0.3601625505834818,105.95997013968159E,9.580971170874308N
3683,Hoài Đức District-2821.jpeg,0.3599121756851673,105.68656651441063E,21.04285724565737N
3686,Bà Rịa-2420.jpeg,0.3595804385840893,107.19227423915855E,10.511853473726982N
3689,Cà Mau-8139.jpeg,0.3593640178442001,105.15106413773236E,9.196475577376699N
3690,Cà Mau-8651.jpeg,0.3593149315565824,105.15788877994889E,9.203212911191047N
3697,Bà Rịa-1546.jpeg,0.3586689569056034,107.19227423915855E,10.497031339335381N
3698,Sóc Trăng-2131.jpeg,0.358567826449871,105.98593639854894E,9.614657839946075N
3700,Sóc Trăng-424.jpeg,0.3584284363314509,105.97090330130993E,9.578276237348572N
3709,Cà Mau-2582.jpeg,0.3575531812384724,105.1292252826394E,9.133144639521824N
3710,Hoài Đức District-801.jpeg,0.3574051670730114,105.68801006849672E,20.988958575140835N
3713,Cà Mau-9616.jpeg,0.3571103559806943,105.15788877994889E,9.218035045582615N
3721,Cà Mau-10317.jpeg,0.3563700933009386,105.14969920928903E,9.230162246448442N
3726,Hoài Đức District-3682.jpeg,0.3555171489715576,105.69234073075502E,21.063069247101065N
3732,Cà Mau-4751.jpeg,0.3551415605470538,105.20156649013477E,9.158746508016346N
3736,Cà Mau-8320.jpeg,0.3545724060386419,105.11694092664963E,9.199170510902437N
3737,Cà Mau-6766.jpeg,0.3540370482951402,105.2698129123002E,9.178958509459392N
3741,Cà Mau-1643.jpeg,0.3530812496319413,105.21248591768125E,9.116975038367388N
3742,Cà Mau-18.jpeg,0.3525866568088531,105.1742679212686E,9.084635836058522N
3743,Cà Mau-1946.jpeg,0.3525647278875112,105.20156649013477E,9.122364905418868N
3746,Cà Mau-3905.jpeg,0.3524928279221058,105.20156649013477E,9.14931424067626N
3748,Cà Mau-4968.jpeg,0.3524555750191211,105.14560442395911E,9.161441441542085N
3756,Cà Mau-3788.jpeg,0.3519208300858736,105.19883663324816E,9.14796677391339N
3757,Cà Mau-4335.jpeg,0.3517766911536455,105.1442394955158E,9.154704107727737N
3763,Sóc Trăng-1331.jpeg,0.35098971799016,105.95860349447804E,9.598488238791628N
3765,Bà Rịa-1977.jpeg,0.3507280685007572,107.16486519117282E,10.505116139912618N
3766,Sóc Trăng-1579.jpeg,0.3507037069648504,105.95313691366383E,9.60387810584311N
3768,Sóc Trăng-2503.jpeg,0.3505634851753711,106.03240233546953E,9.621395173760428N
3776,Bà Rịa-2010.jpeg,0.3497369168326258,107.21009012034928E,10.505116139912618N
3778,Hoài Đức District-1496.jpeg,0.3495841920375824,105.68512296032453E,21.007823109821615N
3779,Cà Mau-4439.jpeg,0.3495449745096266,105.11830585509296E,9.15605157449061N
3780,Hoài Đức District-1234.jpeg,0.3493385976180434,105.67934874398014E,21.00108577600706N
3783,Sóc Trăng-573.jpeg,0.3491778178140521,106.0023361409915E,9.580971170874308N
3789,Cà Mau-10097.jpeg,0.3487607222050428,105.1742679212686E,9.22611984615983N
3790,Hoài Đức District-2442.jpeg,0.3487512711435556,105.65769543268874E,21.034772445079884N
3797,Cà Mau-9686.jpeg,0.3478991910815239,105.14560442395911E,9.219382512345483N
3802,Sóc Trăng-2980.jpeg,0.347429197281599,106.04196885189438E,9.630827441100523N
3809,Bà Rịa-2358.jpeg,0.3468134077265858,107.22653554914069E,10.510506006964109N
3813,Cà Mau-1861.jpeg,0.3464571200311184,105.19474184791824E,9.121017438655999N
3820,Cà Mau-2965.jpeg,0.3455636696889996,105.12240064042288E,9.138534506573302N
3822,Sóc Trăng-1998.jpeg,0.3452741727232933,105.98730304375252E,9.611962906420333N
3824,Cà Mau-1687.jpeg,0.3450663927942514,105.17017313593865E,9.118322505130257N
3841,Hoài Đức District-619.jpeg,0.3436139039695263,105.73564735333782E,20.983568708089184N
3845,Cà Mau-7406.jpeg,0.3430805895477533,105.17972763504184E,9.18704331003661N
3846,Cà Mau-5067.jpeg,0.3430484067648649,105.28073233984667E,9.161441441542085N
3849,Cà Mau-8692.jpeg,0.3426014818251133,105.21385084612454E,9.203212911191047N
3852,Bà Rịa-2802.jpeg,0.3423898480832577,107.16623564357214E,10.518590807541345N
3861,Cà Mau-8372.jpeg,0.3413082854822278,105.18791720570167E,9.199170510902437N
3867,Cà Mau-8749.jpeg,0.3404614720493555,105.16061863683551E,9.204560377953916N
3871,Cà Mau-8492.jpeg,0.3397833323106169,105.21248591768125E,9.200517977665308N
3876,Cà Mau-8360.jpeg,0.3395267874002456,105.17153806438196E,9.199170510902437N
3878,Hoài Đức District-986.jpeg,0.3390612360090017,105.67790518989406E,20.994348442192493N
3879,Cà Mau-9894.jpeg,0.3389040436595678,105.21794563145447E,9.222077445871225N
3887,Cà Mau-7135.jpeg,0.3383863437920809,105.11694092664963E,9.184348376510869N
3889,Hoài Đức District-2458.jpeg,0.3381275963038206,105.68079229806625E,21.034772445079884N
3891,Cà Mau-10870.jpeg,0.3377318400889635,105.14696935240242E,9.239594513788528N
3894,Sóc Trăng-798.jpeg,0.3374028429389,105.9572368492745E,9.586361037925792N
3896,Cà Mau-1325.jpeg,0.3372831866145134,105.17153806438196E,9.11158517131591N
3897,Cà Mau-9278.jpeg,0.3369900118559599,105.1442394955158E,9.212645178531133N
3901,Sóc Trăng-2033.jpeg,0.3366592954844236,105.94357039723903E,9.613310373183204N
3905,Cà Mau-9563.jpeg,0.3363824002444744,105.19337691947491E,9.216687578819744N
3907,Cà Mau-9874.jpeg,0.336332093924284,105.19064706258828E,9.222077445871225N
3911,Sóc Trăng-1064.jpeg,0.3361071208491921,105.99276962456669E,9.591750904977278N
3912,Bà Rịa-3938.jpeg,0.3360272627323866,107.24298097793213E,10.537455342221564N
3915,Cà Mau-8968.jpeg,0.3359789792448282,105.21248591768125E,9.207255311479656N
3917,Cà Mau-4031.jpeg,0.3359190803021192,105.21521577456787E,9.15066170743913N
3921,Cà Mau-1209.jpeg,0.3357022050768137,105.20429634702138E,9.10889023779017N
3924,Lê Chân District-509.jpeg,0.3355530668050051,106.67056694261005E,20.84735760833348N
3931,Sóc Trăng-2249.jpeg,0.3350035864859819,105.96270343008865E,9.617352773471817N
3933,Cà Mau-1950.jpeg,0.3346404144540429,105.20702620390799E,9.122364905418868N
3934,Cà Mau-4897.jpeg,0.3345880527049303,105.22613520211434E,9.160093974779219N
3935,Sóc Trăng-2400.jpeg,0.3345177639275789,105.98320310814186E,9.620047706997557N
3936,Bà Rịa-1152.jpeg,0.3344568563625216,107.17034700076998E,10.488946538758148N
3937,Cà Mau-7452.jpeg,0.3343674130737781,105.24251434343404E,9.18704331003661N
3939,Cà Mau-4526.jpeg,0.3341588955372572,105.2370546296608E,9.15605157449061N
3944,Cà Mau-3007.jpeg,0.3333745487034321,105.17972763504184E,9.138534506573302N
3948,Cà Mau-11820.jpeg,0.3327889153733849,105.18655227725836E,9.266543849045929N
3950,Hoài Đức District-4129.jpeg,0.3327658679336309,105.67790518989406E,21.08058631501894N
3951,Cà Mau-1565.jpeg,0.3327034804970026,105.20702620390799E,9.115627571604524N
3953,Sóc Trăng-2140.jpeg,0.3326959572732448,105.99823620538089E,9.614657839946075N
3957,Sóc Trăng-1161.jpeg,0.3318739468231797,105.96817001090285E,9.594445838503015N
3958,Cà Mau-5997.jpeg,0.3318616840988397,105.26708305541356E,9.170873708882175N
3959,Cà Mau-2090.jpeg,0.3317263517528772,105.1769977781552E,9.125059838944608N
3962,Cà Mau-4619.jpeg,0.3314977344125509,105.19337691947491E,9.157399041253477N
3963,Hoài Đức District-1677.jpeg,0.3312640786170959,105.68367940623844E,21.013212976873277N
3966,Bà Rịa-1843.jpeg,0.3309165807440877,107.19501514395712E,10.502421206386876N
3967,Bà Rịa-3323.jpeg,0.3308932278305292,107.23064690633855E,10.526675608118586N
3971,Cà Mau-10821.jpeg,0.3303138148039579,105.18655227725836E,9.238247047025663N
3976,Cà Mau-4549.jpeg,0.3296850072219968,105.2684479838569E,9.15605157449061N
3978,Cà Mau-2506.jpeg,0.3294270876795053,105.15106413773236E,9.131797172758956N
3979,Lê Chân District-388.jpeg,0.3292522169649601,106.67633393932563E,20.840620274518916N
3980,Hoài Đức District-4005.jpeg,0.3291802881285548,105.70677627161595E,21.07250151444146N
3981,Hoài Đức District-728.jpeg,0.3289571534842253,105.73564735333782E,20.986263641615007N
3988,Sóc Trăng-1635.jpeg,0.328383021056652,105.94220375203544E,9.605225572605981N
3991,Cà Mau-3918.jpeg,0.3281986927613616,105.21931055989775E,9.14931424067626N
3994,Cà Mau-6610.jpeg,0.3280331995338201,105.22750013055764E,9.177611042696523N
3996,Hoài Đức District-2966.jpeg,0.3277489356696605,105.72265536656299E,21.045552179183197N
4000,Hoài Đức District-4170.jpeg,0.3273841114714741,105.68223585215235E,21.083281248544765N
4002,Cà Mau-3972.jpeg,0.3271439131349325,105.13468499641266E,9.15066170743913N
4005,Cà Mau-11656.jpeg,0.3268179222941398,105.1742679212686E,9.258459048468708N
4012,Cà Mau-8713.jpeg,0.3259560819715261,105.24387927187733E,9.203212911191047N
4017,Cà Mau-6107.jpeg,0.3256300576031208,105.2370546296608E,9.172221175645044N
4023,Hoài Đức District-484.jpeg,0.3248781403526664,105.69089717666891E,20.980873774563364N
4025,Sóc Trăng-1213.jpeg,0.3248532889410853,105.95997013968159E,9.595793305265886N
4032,Hoài Đức District-1991.jpeg,0.3245175704360008,105.69667139301329E,21.022645244213674N
4034,Hoài Đức District-2260.jpeg,0.3243330232799053,105.71255048796033E,21.02938257802823N
4040,Cà Mau-4269.jpeg,0.3239233177155256,105.21794563145447E,9.15335664096487N
4046,Hoài Đức District-3086.jpeg,0.3236245904117822,105.72409892064907E,21.048247112709017N
4050,Cà Mau-6413.jpeg,0.3234906308352947,105.1292252826394E,9.176263575933655N
4053,Sóc Trăng-1136.jpeg,0.3231362211517989,106.01190265741633E,9.593098371740146N
4058,Bà Rịa-3198.jpeg,0.3228611126542091,107.16760609597144E,10.52532814135571N
4059,Hoài Đức District-3849.jpeg,0.3227923065423965,105.72554247473516E,21.067111647389805N
4068,Hoài Đức District-2385.jpeg,0.3214924242347479,105.66058254086094E,21.03342497831697N
4069,Cà Mau-8370.jpeg,0.3214523894712329,105.18518734881506E,9.199170510902437N
4071,Cà Mau-842.jpeg,0.321246899664402,105.18382242037175E,9.102152903975828N
4074,Hoài Đức District-2354.jpeg,0.3211240153759718,105.69667139301329E,21.032077511554064N
4075,Cà Mau-3801.jpeg,0.3210106194019317,105.21658070301116E,9.14796677391339N
4076,Cà Mau-7365.jpeg,0.3209376437589526,105.12376556886618E,9.18704331003661N
4084,Sóc Trăng-1313.jpeg,0.319949141703546,106.01600259302698E,9.597140772028759N
4087,Cà Mau-3816.jpeg,0.3198245279490948,105.2370546296608E,9.14796677391339N
4092,Cà Mau-2511.jpeg,0.3191874846816063,105.15788877994889E,9.131797172758956N
4093,Lê Chân District-431.jpeg,0.3191756252199411,106.66479994589449E,20.84331520804474N
4096,Sóc Trăng-30.jpeg,0.3189888168126344,105.95997013968159E,9.563454102956996N
4098,Hoài Đức District-913.jpeg,0.3185171829536557,105.70966337978815E,20.991653508666662N
4108,Cà Mau-1282.jpeg,0.3171070907264948,105.20839113235131E,9.110237704553043N
4118,Cà Mau-4802.jpeg,0.3160696867853403,105.2711778407435E,9.158746508016346N
4119,Cà Mau-11492.jpeg,0.3159954911097884,105.16744327905207E,9.251721714654357N
4123,Cà Mau-1591.jpeg,0.3156568706035614,105.24251434343404E,9.115627571604524N
4124,Cà Mau-10491.jpeg,0.3156533660367131,105.16744327905207E,9.232857179974179N
4125,Cà Mau-6068.jpeg,0.3154958970844745,105.18382242037175E,9.172221175645044N
4126,Bà Rịa-1831.jpeg,0.3153577782213688,107.1785697151657E,10.502421206386876N
4132,Cà Mau-818.jpeg,0.31464484333992,105.24387927187733E,9.100805437212957N
4133,Cà Mau-6105.jpeg,0.3144652973860502,105.23432477277417E,9.172221175645044N
4135,Cà Mau-4665.jpeg,0.3142909118905663,105.25616362786711E,9.157399041253477N
4143,Cà Mau-7797.jpeg,0.313967109657824,105.11011628443309E,9.192433177088088N
4150,Cà Mau-10222.jpeg,0.3133862465620041,105.2370546296608E,9.227467312922704N
4156,Sóc Trăng-2921.jpeg,0.3131130635738373,105.9613367848851E,9.630827441100523N
4157,Cà Mau-7972.jpeg,0.3128756936639547,105.20702620390799E,9.193780643850957N
4158,Cà Mau-11542.jpeg,0.3127595596015453,105.18791720570167E,9.253069181417228N
4159,Hoài Đức District-2185.jpeg,0.3125484632328152,105.67790518989406E,21.02803511126532N
4160,Bà Rịa-2062.jpeg,0.3123999061062932,107.1689765483707E,10.50646360667549N
4172,Cà Mau-9215.jpeg,0.3114403989166021,105.17836270659852E,9.211297711768264N
4173,Bà Rịa-1419.jpeg,0.3114061541855335,107.21009012034928E,10.494336405809637N
4175,Cà Mau-1917.jpeg,0.3113842019811272,105.16198356527879E,9.122364905418868N
4176,Hoài Đức District-1587.jpeg,0.3112675715237856,105.66780031129137E,21.010518043347453N
4190,Bà Rịa-3847.jpeg,0.3102677688002586,107.20871966794996E,10.536107875458692N
4194,Cà Mau-8715.jpeg,0.3101490382105112,105.24660912876394E,9.203212911191047N
4203,Hoài Đức District-1483.jpeg,0.3090637307614088,105.66635675720529E,21.007823109821615N
4207,Hoài Đức District-3613.jpeg,0.3090066835284233,105.66635675720529E,21.061721780338154N
4219,Hoài Đức District-1593.jpeg,0.3082360979169607,105.68079229806625E,21.010518043347453N
4220,Bà Rịa-2603.jpeg,0.3081656973809004,107.21968328714426E,10.514548407252727N
4221,Hoài Đức District-2970.jpeg,0.3081000950187444,105.72842958290738E,21.045552179183197N
4224,Cà Mau-5142.jpeg,0.307901875115931,105.19883663324816E,9.162788908304956N
4228,Sóc Trăng-770.jpeg,0.3077476229518652,106.0078027218057E,9.585013571162921N
4229,Bà Rịa-1808.jpeg,0.3074969043955207,107.14704930998212E,10.502421206386876N
4230,Hoài Đức District-2784.jpeg,0.307112262584269,105.71832470430473E,21.04150977889445N
4232,Hoài Đức District-375.jpeg,0.3070766059681773,105.72698602882127E,20.976831374274624N
4234,Cà Mau-1698.jpeg,0.3068072889000177,105.18518734881506E,9.118322505130257N
4235,Cà Mau-8738.jpeg,0.3067478109151125,105.14560442395911E,9.204560377953916N
4253,Bà Rịa-3151.jpeg,0.3054633988067508,107.21009012034928E,10.523980674592838N
4255,Bà Rịa-1055.jpeg,0.3052665125578642,107.19912650115499E,10.4862516052324N
4257,Bà Rịa-2655.jpeg,0.3049596780911088,107.18268107236354E,10.515895874015602N
4258,Cà Mau-10862.jpeg,0.3049446595832705,105.24251434343404E,9.238247047025663N
4263,Cà Mau-10001.jpeg,0.3044396098703146,105.15242906617566E,9.224772379396962N
4270,Cà Mau-3828.jpeg,0.3037108471617102,105.25343377098048E,9.14796677391339N
4271,Cà Mau-1925.jpeg,0.3036944391205907,105.17290299282529E,9.122364905418868N
4276,Cà Mau-9560.jpeg,0.3032242557965219,105.18928213414499E,9.216687578819744N
4281,Cà Mau-11308.jpeg,0.3029930628836155,105.20702620390799E,9.246331847602878N
4284,Cà Mau-10788.jpeg,0.3026386629790067,105.24797405720727E,9.236899580262792N
4285,Hoài Đức District-3714.jpeg,0.3021265603601932,105.66635675720529E,21.064416713863977N
4293,Cà Mau-2364.jpeg,0.3014553114771843,105.20020156169147E,9.129102239233216N
4303,Cà Mau-5603.jpeg,0.300641471054405,105.27527262607343E,9.166831308593567N
4304,Bà Rịa-2753.jpeg,0.3006344232708215,107.20734921555069E,10.51724334077847N
4312,Sóc Trăng-2313.jpeg,0.2994496524333954,105.9572368492745E,9.61870024023469N
4314,Cà Mau-283.jpeg,0.2992590339854359,105.16744327905207E,9.091373169872869N
4320,Bà Rịa-1901.jpeg,0.2988225454464555,107.16760609597144E,10.503768673149745N
4327,Cà Mau-9592.jpeg,0.2978163361549377,105.23295984433088E,9.216687578819744N
4329,Cà Mau-11403.jpeg,0.2977312635630369,105.16061863683551E,9.24902678112862N
4330,Hoài Đức District-2183.jpeg,0.2974994443356991,105.67501808172187E,21.02803511126532N
4334,Hoài Đức District-1054.jpeg,0.2966694738715887,105.70821982570205E,20.995695908955405N
4336,Bà Rịa-2003.jpeg,0.2963781207799911,107.20049695355428E,10.505116139912618N
4341,Cà Mau-5261.jpeg,0.2961228750646114,105.1769977781552E,9.164136375067825N
4345,Cà Mau-10711.jpeg,0.2960093822330236,105.1428745670725E,9.236899580262792N
4346,Cà Mau-10323.jpeg,0.2959671225398779,105.15788877994889E,9.230162246448442N
4350,Cà Mau-4573.jpeg,0.29561507422477,105.13059021108272E,9.157399041253477N
4351,Sóc Trăng-499.jpeg,0.2956036701798439,105.98866968895605E,9.579623704111441N
4353,Bà Rịa-3438.jpeg,0.2954103201627731,107.17308790556855E,10.529370541644328N
4356,Sóc Trăng-1608.jpeg,0.2952108476310968,105.99276962456669E,9.60387810584311N
4358,Cà Mau-1284.jpeg,0.2949178777635097,105.21112098923793E,9.110237704553043N
4362,Cà Mau-9092.jpeg,0.2947976365685463,105.13332006796934E,9.209950245005393N
4373,Cà Mau-10638.jpeg,0.2937115565873682,105.15106413773236E,9.235552113499919N
4375,Cà Mau-2092.jpeg,0.2936170715838671,105.17972763504184E,9.125059838944608N
4377,Lê Chân District-365.jpeg,0.2935276729986071,106.6821009360412E,20.839272807755993N
4378,Cà Mau-9666.jpeg,0.2933990024030208,105.22613520211434E,9.218035045582615N
4381,Cà Mau-6969.jpeg,0.2932581193745136,105.21248591768125E,9.181653442985132N
4383,Cà Mau-7749.jpeg,0.2930461456999182,105.19474184791824E,9.191085710325217N
4394,Cà Mau-5910.jpeg,0.2926560146734118,105.14833428084575E,9.170873708882175N
4403,Cà Mau-846.jpeg,0.2923166062682867,105.18928213414499E,9.102152903975828N
4408,Bà Rịa-1878.jpeg,0.2917484883219003,107.13608569078782E,10.503768673149745N
4410,Bà Rịa-2849.jpeg,0.2915263967588544,107.23064690633855E,10.518590807541345N
4414,Cà Mau-2980.jpeg,0.2911646962165832,105.1428745670725E,9.138534506573302N
4415,Bà Rịa-3487.jpeg,0.2910874476656317,107.24024007313356E,10.529370541644328N
4416,Cà Mau-10881.jpeg,0.2909655319526791,105.16198356527879E,9.239594513788528N
4417,Sóc Trăng-1132.jpeg,0.2909366562962532,106.00643607660214E,9.593098371740146N
4422,Sóc Trăng-3541.jpeg,0.2907167165540159,105.97910317253123E,9.648344509017845N
4424,Hoài Đức District-193.jpeg,0.2906602034345269,105.72409892064907E,20.97009404046006N
4430,Lê Chân District-95.jpeg,0.2900196062400937,106.67056694261005E,20.823103206601058N
4439,Cà Mau-768.jpeg,0.2889723367989063,105.1756328497119E,9.100805437212957N
4440,Cà Mau-3699.jpeg,0.2889341600239277,105.23295984433088E,9.146619307150521N
4448,Bà Rịa-1340.jpeg,0.2885637693107128,107.18268107236354E,10.49298893904676N
4451,Sóc Trăng-1418.jpeg,0.2884704042226076,105.99276962456669E,9.599835705554499N
4452,Cà Mau-11107.jpeg,0.2883482836186886,105.2547986994238E,9.24228944731427N
4454,Cà Mau-10270.jpeg,0.28827790543437,105.19474184791824E,9.228814779685573N
4455,Hoài Đức District-2004.jpeg,0.2882505543529987,105.7154375961325E,21.022645244213674N
4459,Cà Mau-7430.jpeg,0.2880607936531305,105.21248591768125E,9.18704331003661N
4463,Hoài Đức District-2756.jpeg,0.2877145810052752,105.67790518989406E,21.04150977889445N
4467,Hoài Đức District-818.jpeg,0.2866595000959933,105.71255048796033E,20.988958575140835N
4473,Lê Chân District-347.jpeg,0.2863181456923485,106.69363492947235E,20.837925340993092N
4474,Sóc Trăng-2766.jpeg,0.2862854730337858,106.02420246424826E,9.62678504081191N
4480,Hoài Đức District-707.jpeg,0.2856763415038585,105.70533271752987E,20.986263641615007N
4481,Hoài Đức District-3876.jpeg,0.2856423370540142,105.70100205527157E,21.06845911415272N
4483,Sóc Trăng-3695.jpeg,0.2853808235377073,105.99823620538089E,9.653734376069325N
4486,Cà Mau-10731.jpeg,0.285235364921391,105.17017313593865E,9.236899580262792N
4487,Cà Mau-7099.jpeg,0.2851154552772641,105.22750013055764E,9.183000909747998N
4490,Cà Mau-9392.jpeg,0.2849006820470094,105.18245749192842E,9.213992645294004N
4491,Hoài Đức District-2158.jpeg,0.2847654102370143,105.71399404204642E,21.026687644502402N
4493,Sóc Trăng-1319.jpeg,0.284474054351449,105.94220375203544E,9.598488238791628N
4494,Cà Mau-11799.jpeg,0.2844419684261083,105.18928213414499E,9.26519638228306N
4495,Cà Mau-6353.jpeg,0.2844114825129509,105.21794563145447E,9.174916109170782N
4498,Cà Mau-4127.jpeg,0.2842098530381918,105.18655227725836E,9.152009174201998N
4502,Cà Mau-9554.jpeg,0.2836347008123994,105.18109256348514E,9.216687578819744N
4505,Bà Rịa-1821.jpeg,0.283361217007041,107.16486519117282E,10.502421206386876N
4507,Cà Mau-6820.jpeg,0.2833019644021988,105.1742679212686E,9.180305976222263N
4509,Cà Mau-10563.jpeg,0.2831374648958444,105.15652385150557E,9.23420464673705N
4512,Hoài Đức District-435.jpeg,0.2830686056986451,105.68801006849672E,20.97952630780045N
4523,Cà Mau-8778.jpeg,0.2824299875646829,105.20020156169147E,9.204560377953916N
4533,Cà Mau-2567.jpeg,0.2815608028322458,105.23432477277417E,9.131797172758956N
4535,Lê Chân District-555.jpeg,0.2813578769564628,106.67056694261005E,20.8500525418593N
4537,Cà Mau-2914.jpeg,0.2812353745102882,105.1920119910316E,9.137187039810435N
4546,Cà Mau-6818.jpeg,0.2801355151459574,105.17153806438196E,9.180305976222263N
4547,Cà Mau-6283.jpeg,0.2801279164850712,105.12240064042288E,9.174916109170782N
4550,Cà Mau-8253.jpeg,0.2797629535198211,105.16607835060873E,9.197823044139565N
4552,Sóc Trăng-1957.jpeg,0.2796274572610855,106.02146917384115E,9.610615439657465N
4555,Hoài Đức District-1640.jpeg,0.2794303428381681,105.68945362258283E,21.011865510110365N
4557,Hoài Đức District-3471.jpeg,0.2789607523009181,105.70244560935767E,21.05767938004941N
4559,Cà Mau-1720.jpeg,0.2786896489560604,105.21521577456787E,9.118322505130257N
4562,Cà Mau-6110.jpeg,0.2781352074816823,105.24114941499072E,9.172221175645044N
4564,Cà Mau-659.jpeg,0.2780437469482422,105.21112098923793E,9.098110503687215N
4567,Sóc Trăng-2160.jpeg,0.2779233399778604,106.02556910945181E,9.614657839946075N
4573,Hoài Đức District-433.jpeg,0.2774904062971473,105.68512296032453E,20.97952630780045N
4577,Cà Mau-8443.jpeg,0.2771042976528406,105.14560442395911E,9.200517977665308N
4583,Hoài Đức District-4072.jpeg,0.2763572605326772,105.67934874398014E,21.076543914730205N
4588,Cà Mau-4608.jpeg,0.2758249761536717,105.17836270659852E,9.157399041253477N
4589,Cà Mau-4329.jpeg,0.2755102189257741,105.13604992485595E,9.154704107727737N
4590,Bà Rịa-1883.jpeg,0.2754392707720399,107.14293795278427E,10.503768673149745N
4591,Cà Mau-4308.jpeg,0.2753533609211445,105.10738642754647E,9.154704107727737N
4593,Cà Mau-2085.jpeg,0.2752994522452354,105.17017313593865E,9.125059838944608N
4597,Cà Mau-784.jpeg,0.2750545879825949,105.19747170480483E,9.100805437212957N
4603,Bà Rịa-1525.jpeg,0.2742253262549639,107.16349473877355E,10.497031339335381N
4604,Hoài Đức District-958.jpeg,0.274158351123333,105.70533271752987E,20.99300097542958N
4605,Cà Mau-7962.jpeg,0.2741252388805151,105.19337691947491E,9.193780643850957N
4607,Cà Mau-9721.jpeg,0.2740689916536212,105.19337691947491E,9.219382512345483N
4609,Cà Mau-9926.jpeg,0.2738152360543608,105.15788877994889E,9.223424912634092N
4614,Cà Mau-7288.jpeg,0.2733785975724458,105.17017313593865E,9.18569584327374N
4617,Sóc Trăng-2020.jpeg,0.2730150539427995,106.01736923823053E,9.611962906420333N
4620,Sóc Trăng-1743.jpeg,0.272852323949337,106.000969495788E,9.606573039368852N
4623,Hoài Đức District-1381.jpeg,0.2726267864927649,105.6692438653775E,21.005128176295795N
4624,Cà Mau-2707.jpeg,0.2726007057353854,105.17290299282529E,9.134492106284695N
4630,Cà Mau-1141.jpeg,0.272119065746665,105.20702620390799E,9.107542771027305N
4637,Hoài Đức District-1970.jpeg,0.2717584152705967,105.73997801559614E,21.021297777450755N
4640,Cà Mau-6771.jpeg,0.2716148374602198,105.27663755451677E,9.178958509459392N
4650,Bà Rịa-2322.jpeg,0.2707389993593097,107.17719926276641E,10.510506006964109N
4651,Cà Mau-11219.jpeg,0.2707294626161456,105.18928213414499E,9.244984380840009N
4655,Cà Mau-8079.jpeg,0.2706390926614404,105.21112098923793E,9.19512811061383N
4667,Hoài Đức District-1608.jpeg,0.2696517570875585,105.70244560935767E,21.010518043347453N
4672,Cà Mau-9256.jpeg,0.2693766634911299,105.23432477277417E,9.211297711768264N
4680,Lê Chân District-325.jpeg,0.2687666481360793,106.66191644753668E,20.837925340993092N
4683,Cà Mau-4972.jpeg,0.2686304003000259,105.15106413773236E,9.161441441542085N
4686,Cà Mau-9176.jpeg,0.2684938404709101,105.12513049730948E,9.211297711768264N
4690,Cà Mau-2601.jpeg,0.2681336849927902,105.15515892306227E,9.133144639521824N
4691,Bà Rịa-1230.jpeg,0.2681044600903988,107.19501514395712E,10.49029400552102N
4692,Bà Rịa-2083.jpeg,0.2680470654740929,107.19775604875569E,10.50646360667549N
4701,Bà Rịa-3045.jpeg,0.2673496976494789,107.17308790556855E,10.522633207829966N
4708,Cà Mau-11115.jpeg,0.2672329284250736,105.15652385150557E,9.243636914077138N
4709,Cà Mau-4337.jpeg,0.2671782616525888,105.14696935240242E,9.154704107727737N
4715,Sóc Trăng-1528.jpeg,0.2668565353378653,105.97090330130993E,9.60253063908024N
4716,Cà Mau-11163.jpeg,0.2668452337384224,105.22204041678441E,9.243636914077138N
4717,Lê Chân District-491.jpeg,0.266702763736248,106.6792174376834E,20.84601014157056N
4723,Bà Rịa-2137.jpeg,0.2663138378411531,107.15664247677712E,10.507811073438363N
4726,Cà Mau-11811.jpeg,0.2661405690014362,105.17153806438196E,9.266543849045929N
4732,Hoài Đức District-3157.jpeg,0.2653365209698677,105.66202609494702E,21.05094204623485N
4733,Cà Mau-6621.jpeg,0.2653143350034952,105.24251434343404E,9.177611042696523N
4740,Cà Mau-3107.jpeg,0.2646702383644879,105.1742679212686E,9.139881973336175N
4741,Cà Mau-4658.jpeg,0.2646250165998935,105.24660912876394E,9.157399041253477N
4745,Cà Mau-10763.jpeg,0.264160169288516,105.21385084612454E,9.236899580262792N
4760,Cà Mau-4325.jpeg,0.2631659829057753,105.13059021108272E,9.154704107727737N
4761,Bà Rịa-2182.jpeg,0.2630807142704725,107.21831283474498E,10.507811073438363N
4769,Cà Mau-3672.jpeg,0.26269974373281,105.19610677636153E,9.146619307150521N
4778,Cà Mau-5279.jpeg,0.262143088504672,105.20156649013477E,9.164136375067825N
4792,Bà Rịa-3556.jpeg,0.2614141851663589,107.22790600153999E,10.5307180084072N
4793,Cà Mau-9833.jpeg,0.2613895293325186,105.13468499641266E,9.222077445871225N
4795,Cà Mau-1504.jpeg,0.2610271666198969,105.2234053452277E,9.114280104841653N
4800,Sóc Trăng-3456.jpeg,0.2608158234506845,106.0078027218057E,9.644302108729232N
4809,Cà Mau-4464.jpeg,0.2602487225085497,105.15242906617566E,9.15605157449061N
4814,Lê Chân District-511.jpeg,0.2598566338419914,106.67345044096784E,20.84735760833348N
4817,Cà Mau-11755.jpeg,0.259598147124052,105.20020156169147E,9.262501448757314N
4818,Cà Mau-529.jpeg,0.2595802824944258,105.21794563145447E,9.095415570161478N
4821,Cà Mau-4398.jpeg,0.2594312848523259,105.23022998744423E,9.154704107727737N
4824,Cà Mau-5462.jpeg,0.2591604990884661,105.26708305541356E,9.165483841830692N
4825,Bà Rịa-2836.jpeg,0.2591388737782836,107.21283102514784E,10.518590807541345N
4829,Sóc Trăng-2259.jpeg,0.2589523373171687,105.97636988212413E,9.617352773471817N
4833,Cà Mau-5985.jpeg,0.2587757790461182,105.25070391409388E,9.170873708882175N
4834,Bà Rịa-1107.jpeg,0.2587679252028465,107.18953333435996E,10.487599071995271N
4836,Hoài Đức District-4057.jpeg,0.2586432481184602,105.68945362258283E,21.075196447967286N
4837,Bà Rịa-1095.jpeg,0.2583925751969218,107.17308790556855E,10.487599071995271N
4847,Cà Mau-840.jpeg,0.2576034693047404,105.18109256348514E,9.102152903975828N
4848,Hoài Đức District-3392.jpeg,0.2574945222586393,105.67213097354968E,21.056331913286495N
4851,Hoài Đức District-2740.jpeg,0.2573720482178032,105.65480832451655E,21.04150977889445N
4853,Cà Mau-10428.jpeg,0.2573515102267265,105.1920119910316E,9.23150971321131N
4854,Hoài Đức District-3638.jpeg,0.2572065256536007,105.70244560935767E,21.061721780338154N
4855,Cà Mau-1712.jpeg,0.2568753901869058,105.20429634702138E,9.118322505130257N
4859,Bà Rịa-3135.jpeg,0.256688630208373,107.1881628819607E,10.523980674592838N
4866,Hoài Đức District-2482.jpeg,0.2562358547002077,105.7154375961325E,21.034772445079884N
4868,Cà Mau-11537.jpeg,0.2560411170125007,105.18109256348514E,9.253069181417228N
4870,Hoài Đức District-456.jpeg,0.2559238318353891,105.71832470430473E,20.97952630780045N
4876,Bà Rịa-4083.jpeg,0.255559854209423,107.20186740595354E,10.541497742510183N
4880,Cà Mau-8032.jpeg,0.2554241325706243,105.14696935240242E,9.19512811061383N
4881,Hoài Đức District-2809.jpeg,0.2553955186158418,105.6692438653775E,21.04285724565737N
4884,Sóc Trăng-1705.jpeg,0.2552049802616238,105.94903697805321E,9.606573039368852N
4892,Cà Mau-5819.jpeg,0.2547467276453972,105.20429634702138E,9.169526242119304N
4897,Sóc Trăng-1301.jpeg,0.2544267755001783,105.99960285058442E,9.597140772028759N
4906,Hoài Đức District-2637.jpeg,0.254087446257472,105.67646163580797E,21.038814845368623N
4907,Sóc Trăng-56.jpeg,0.25402498152107,105.94767033284965E,9.566149036482734N
4909,Cà Mau-10589.jpeg,0.2539948550984263,105.1920119910316E,9.23420464673705N
4913,Cà Mau-2441.jpeg,0.2538073314353823,105.18518734881506E,9.130449705996087N
4922,Bà Rịa-2038.jpeg,0.2531600454822182,107.13608569078782E,10.50646360667549N
4923,Cà Mau-9333.jpeg,0.2530533522367477,105.21931055989775E,9.212645178531133N
4928,Sóc Trăng-2315.jpeg,0.2528017535805702,105.95997013968159E,9.61870024023469N
4931,Cà Mau-1419.jpeg,0.2527289688587188,105.20429634702138E,9.112932638078782N
4936,Cà Mau-5031.jpeg,0.2524981014430523,105.23159491588757E,9.161441441542085N
4943,Cà Mau-4720.jpeg,0.2521606320515275,105.1592537083922E,9.158746508016346N
4948,Cà Mau-2788.jpeg,0.2519359439611435,105.15379399461897E,9.135839573047564N
4954,Cà Mau-6925.jpeg,0.2513827653601765,105.15242906617566E,9.181653442985132N
4959,Sóc Trăng-898.jpeg,0.2509300978854298,106.0078027218057E,9.587708504688663N
4960,Sóc Trăng-2302.jpeg,0.2508262228220701,106.03513562587665E,9.617352773471817N
4963,Hoài Đức District-2358.jpeg,0.2507880348712206,105.70244560935767E,21.032077511554064N
4964,Cà Mau-10740.jpeg,0.2507282570004463,105.18245749192842E,9.236899580262792N
4965,Cà Mau-2392.jpeg,0.2506646066904068,105.23841955810411E,9.129102239233216N
4968,Bà Rịa-3918.jpeg,0.2502067554742098,107.21557192994639E,10.537455342221564N
4969,Cà Mau-2522.jpeg,0.2500489130616188,105.17290299282529E,9.131797172758956N
4977,Hoài Đức District-2033.jpeg,0.2496025040745735,105.68367940623844E,21.023992710976582N
4979,Hoài Đức District-860.jpeg,0.2493446227163076,105.70244560935767E,20.990306041903757N
4983,Cà Mau-4686.jpeg,0.2491323910653591,105.1128461413197E,9.158746508016346N
4985,Hoài Đức District-3243.jpeg,0.2490113535895943,105.70388916344376E,21.052289512997756N
4992,Cà Mau-7377.jpeg,0.248641412705183,105.14014471018588E,9.18704331003661N
4994,Cà Mau-5914.jpeg,0.2485722638666629,105.15379399461897E,9.170873708882175N
4995,Hoài Đức District-1912.jpeg,0.248565218411386,105.72265536656299E,21.019950310687847N
5000,Bà Rịa-1424.jpeg,0.2483262037858367,107.12238116679497E,10.495683872572512N
5009,Cà Mau-2710.jpeg,0.247831666842103,105.1769977781552E,9.134492106284695N
5010,Hoài Đức District-1784.jpeg,0.2478265967220068,105.7197682583908E,21.015907910399104N
5011,Hoài Đức District-3751.jpeg,0.247756783850491,105.7197682583908E,21.064416713863977N
5018,Hoài Đức District-1972.jpeg,0.2472579590976238,105.6692438653775E,21.022645244213674N
5023,Cà Mau-9544.jpeg,0.2469877665862441,105.16744327905207E,9.216687578819744N
5027,Sóc Trăng-2360.jpeg,0.2468895837664604,106.02146917384115E,9.61870024023469N
5030,Cà Mau-11842.jpeg,0.2466703839600086,105.20156649013477E,9.267891315808795N
5034,Bà Rịa-2953.jpeg,0.2465439075604081,107.15527202437787E,10.52128574106709N
5037,Cà Mau-8225.jpeg,0.2461846154183149,105.12786035419612E,9.197823044139565N
5040,Cà Mau-320.jpeg,0.2460373695939779,105.21794563145447E,9.091373169872869N
5050,Cà Mau-10401.jpeg,0.2455218369141221,105.15515892306227E,9.23150971321131N
5067,Cà Mau-10988.jpeg,0.2442867662757635,105.20020156169147E,9.240941980551401N
5068,Cà Mau-5314.jpeg,0.2442819382995367,105.24933898565057E,9.164136375067825N
5073,Lê Chân District-57.jpeg,0.2439934685826301,106.67345044096784E,20.820408273075234N
5081,Lê Chân District-196.jpeg,0.2434706483036279,106.67200869178892E,20.829840540415614N
5084,Cà Mau-6421.jpeg,0.2432210650295019,105.14014471018588E,9.176263575933655N
5088,Hoài Đức District-3279.jpeg,0.242850836366415,105.67501808172187E,21.05363697976067N
5093,Hoài Đức District-4107.jpeg,0.2423713281750679,105.70244560935767E,21.077891381493117N
5096,Cà Mau-2606.jpeg,0.2423015907406807,105.16198356527879E,9.133144639521824N
5108,Cà Mau-11731.jpeg,0.2414667066186666,105.20293141857805E,9.261153981994449N
5120,Bà Rịa-3483.jpeg,0.2409066315740347,107.23475826353643E,10.529370541644328N
5128,Cà Mau-422.jpeg,0.2405695645138621,105.16607835060873E,9.094068103398607N
5129,Cà Mau-6685.jpeg,0.2405599737539887,105.1592537083922E,9.178958509459392N
5130,Hoài Đức District-562.jpeg,0.2404174730181694,105.73131669107957E,20.982221241326275N
5134,Cà Mau-2786.jpeg,0.2402031356468796,105.15106413773236E,9.135839573047564N
5138,Sóc Trăng-2042.jpeg,0.2401365339756012,105.95587020407093E,9.613310373183204N
5153,Cà Mau-7734.jpeg,0.2392252869904041,105.1742679212686E,9.191085710325217N
5156,Cà Mau-11554.jpeg,0.2388576595112681,105.20429634702138E,9.253069181417228N
5162,Cà Mau-8324.jpeg,0.2383737806230783,105.12240064042288E,9.199170510902437N
5163,Cà Mau-7615.jpeg,0.2383425533771515,105.16198356527879E,9.18973824356235N
5168,Cà Mau-457.jpeg,0.2380944527685642,105.21385084612454E,9.094068103398607N
5171,Cà Mau-4599.jpeg,0.237932221032679,105.16607835060873E,9.157399041253477N
5177,Hoài Đức District-2708.jpeg,0.2375846030190587,105.69378428484109E,21.04016231213154N
5189,Lê Chân District-343.jpeg,0.2372490731067955,106.68786793275679E,20.837925340993092N
5192,Cà Mau-1777.jpeg,0.2371030589565634,105.18791720570167E,9.119669971893128N
5195,Cà Mau-1656.jpeg,0.2367678359150886,105.23022998744423E,9.116975038367388N
5197,Sóc Trăng-1093.jpeg,0.2366504445672035,105.95313691366383E,9.593098371740146N
5198,Bà Rịa-3680.jpeg,0.2366494620218873,107.18542197716212E,10.533412941932944N
5206,Bà Rịa-4563.jpeg,0.2361452132463455,107.21831283474498E,10.5603622771904N
5208,Bà Rịa-3297.jpeg,0.2359488494694233,107.19501514395712E,10.526675608118586N
5211,Sóc Trăng-1901.jpeg,0.2357958261854946,105.94493704244255E,9.610615439657465N
5214,Cà Mau-10446.jpeg,0.2356635481119156,105.21658070301116E,9.23150971321131N
5220,Hoài Đức District-3744.jpeg,0.2352790939621627,105.70966337978815E,21.064416713863977N
5222,Sóc Trăng-961.jpeg,0.2352640638127923,106.01053601221281E,9.589055971451534N
5226,Cà Mau-6032.jpeg,0.2350640129297971,105.13468499641266E,9.172221175645044N
5231,Lê Chân District-359.jpeg,0.2348963459953665,106.67345044096784E,20.839272807755993N
5234,Cà Mau-376.jpeg,0.2347736349329352,105.19883663324816E,9.092720636635738N
5235,Cà Mau-11074.jpeg,0.234711043536663,105.20975606079462E,9.24228944731427N
5244,Hoài Đức District-1864.jpeg,0.2341127358376979,105.7154375961325E,21.018602843924928N
5245,Cà Mau-7693.jpeg,0.2340514753013849,105.11830585509296E,9.191085710325217N
5255,Lê Chân District-623.jpeg,0.2336930576711893,106.68498443439898E,20.854094942148038N
5256,Cà Mau-6329.jpeg,0.2336565516889095,105.18518734881506E,9.174916109170782N
5258,Bà Rịa-2828.jpeg,0.2336205672472715,107.20186740595354E,10.518590807541345N
5262,Sóc Trăng-1674.jpeg,0.2333205789327621,105.99550291497377E,9.605225572605981N
5265,Bà Rịa-1399.jpeg,0.2331616571173072,107.17994016756498E,10.494336405809637N
5268,Cà Mau-7092.jpeg,0.2329892199486494,105.21794563145447E,9.183000909747998N
5269,Cà Mau-6522.jpeg,0.2329162266105413,105.27800248296005E,9.176263575933655N
5272,Hoài Đức District-873.jpeg,0.2327962173148989,105.7212118124769E,20.990306041903757N
5280,Hoài Đức District-2939.jpeg,0.232525447383523,105.68367940623844E,21.045552179183197N
5281,Cà Mau-5669.jpeg,0.232481550425291,105.18245749192842E,9.168178775356434N
5284,Bà Rịa-3645.jpeg,0.2323043076321482,107.24298097793213E,10.532065475170075N
5286,Cà Mau-7712.jpeg,0.2322886195033788,105.1442394955158E,9.191085710325217N
5290,Hoài Đức District-607.jpeg,0.2320137731730938,105.71832470430473E,20.983568708089184N
5291,Cà Mau-1767.jpeg,0.2319970205426216,105.1742679212686E,9.119669971893128N
5295,Bà Rịa-814.jpeg,0.2318906337022781,107.19227423915855E,10.480861738180907N
5297,Bà Rịa-4448.jpeg,0.2318577729165554,107.1689765483707E,10.553624943376041N
5301,Sóc Trăng-2213.jpeg,0.2317069163545966,106.00506943139861E,9.616005306708946N
5315,Cà Mau-10953.jpeg,0.2304437719285488,105.15242906617566E,9.240941980551401N
5318,Cà Mau-3772.jpeg,0.2303738966584205,105.1769977781552E,9.14796677391339N
5321,Cà Mau-8251.jpeg,0.2302102092653513,105.16334849372213E,9.197823044139565N
5328,Cà Mau-4512.jpeg,0.2297962689772248,105.21794563145447E,9.15605157449061N
5336,Sóc Trăng-299.jpeg,0.2294674962759018,105.9613367848851E,9.57558130382283N
5339,Cà Mau-1537.jpeg,0.2293901015073061,105.16880820749536E,9.115627571604524N
5344,Sóc Trăng-1420.jpeg,0.2291344217956066,105.99550291497377E,9.599835705554499N
5366,Cà Mau-11631.jpeg,0.2274376070126891,105.18245749192842E,9.257111581705837N
5368,Bà Rịa-3589.jpeg,0.2274196855723858,107.16623564357214E,10.532065475170075N
5370,Cà Mau-3885.jpeg,0.2273938851431012,105.1742679212686E,9.14931424067626N
5371,Cà Mau-8716.jpeg,0.2273782854899764,105.11557599820632E,9.204560377953916N
5376,Hoài Đức District-1311.jpeg,0.2269396288320422,105.71688115021858E,21.002433242769968N
5377,Cà Mau-211.jpeg,0.226930595934391,105.16334849372213E,9.090025703110001N
5378,Cà Mau-11011.jpeg,0.2269250713288784,105.23159491588757E,9.240941980551401N
5379,Cà Mau-4076.jpeg,0.2268902976065874,105.11694092664963E,9.152009174201998N
5383,Hoài Đức District-150.jpeg,0.226790611166507,105.68223585215235E,20.968746573697146N
5384,Sóc Trăng-793.jpeg,0.2267723949626088,105.95040362325675E,9.586361037925792N
5390,Cà Mau-3985.jpeg,0.2262864001095295,105.15242906617566E,9.15066170743913N
5391,Hoài Đức District-385.jpeg,0.2261069323867559,105.74142156968222E,20.976831374274624N
5394,Bà Rịa-3133.jpeg,0.2260403120890259,107.18542197716212E,10.523980674592838N
5397,Cà Mau-662.jpeg,0.2259972682222724,105.21521577456787E,9.098110503687215N
5402,Hoài Đức District-753.jpeg,0.2258882950991392,105.6952278389272E,20.987611108377926N
5406,Cà Mau-2561.jpeg,0.225653963163495,105.22613520211434E,9.131797172758956N
5409,Bà Rịa-3971.jpeg,0.2255226029083132,107.2046083107521E,10.538802808984437N
5410,Sóc Trăng-3577.jpeg,0.2255071755498647,106.02830239985892E,9.648344509017845N
5415,Cà Mau-11353.jpeg,0.22522933781147,105.1756328497119E,9.24767931436575N
5417,Cà Mau-10327.jpeg,0.2251244382932782,105.16334849372213E,9.230162246448442N
5420,Sóc Trăng-267.jpeg,0.2250101678073406,105.99140297936313E,9.574233837059959N
5424,Cà Mau-7090.jpeg,0.2248266413807869,105.21521577456787E,9.183000909747998N
5425,Hoài Đức District-2219.jpeg,0.2246846137568354,105.72698602882127E,21.02803511126532N
5426,Cà Mau-2933.jpeg,0.2245445530861616,105.21794563145447E,9.137187039810435N
5434,Lê Chân District-524.jpeg,0.2238029390573501,106.69219318029346E,20.84735760833348N
5435,Cà Mau-9318.jpeg,0.2237559780478477,105.19883663324816E,9.212645178531133N
5437,Bà Rịa-2819.jpeg,0.2235941831022501,107.18953333435996E,10.518590807541345N
5438,Hoài Đức District-1081.jpeg,0.2235646173357963,105.67646163580797E,20.997043375718317N
5439,Sóc Trăng-578.jpeg,0.2234500078484416,106.00916936700925E,9.580971170874308N
5447,Cà Mau-1000.jpeg,0.2231213692575693,105.20839113235131E,9.104847837501563N
5449,Cà Mau-6156.jpeg,0.2229522727429866,105.1264954257528E,9.173568642407915N
5458,Cà Mau-10702.jpeg,0.2226608777418732,105.23841955810411E,9.235552113499919N
5463,Cà Mau-228.jpeg,0.2223337795585394,105.18655227725836E,9.090025703110001N
5469,Cà Mau-8584.jpeg,0.2220513587817549,105.20020156169147E,9.201865444428178N
5472,Cà Mau-11674.jpeg,0.2218549232929945,105.19883663324816E,9.258459048468708N
5475,Cà Mau-10089.jpeg,0.2216129666194319,105.16334849372213E,9.22611984615983N
5478,Cà Mau-4713.jpeg,0.2215553363785147,105.14969920928903E,9.158746508016346N
5483,Sóc Trăng-179.jpeg,0.2213032068684697,105.99686956017732E,9.571538903534217N
5487,Cà Mau-10576.jpeg,0.2211891114711761,105.1742679212686E,9.23420464673705N
5490,Hoài Đức District-696.jpeg,0.2209433317184448,105.68945362258283E,20.986263641615007N
5491,Hoài Đức District-1402.jpeg,0.22090420499444,105.69955850118549E,21.005128176295795N
5492,Bà Rịa-3839.jpeg,0.220890574157238,107.19775604875569E,10.536107875458692N
5493,Bà Rịa-3529.jpeg,0.2208696715533733,107.19090378675926E,10.5307180084072N
5496,Bà Rịa-2262.jpeg,0.2207680223509669,107.21283102514784E,10.50915854020124N
5499,Cà Mau-6192.jpeg,0.2205507047474384,105.1756328497119E,9.173568642407915N
5502,Bà Rịa-4333.jpeg,0.2204478066414594,107.23064690633855E,10.548235076324548N
5505,Cà Mau-6844.jpeg,0.2200475018471479,105.20702620390799E,9.180305976222263N
5509,Bà Rịa-4260.jpeg,0.2199124814942479,107.17171745316925E,10.546887609561676N
5511,Hoài Đức District-1759.jpeg,0.2198304655030369,105.68367940623844E,21.015907910399104N
5522,Cà Mau-8813.jpeg,0.2192645510658621,105.12376556886618E,9.205907844716789N
5528,Cà Mau-3235.jpeg,0.2188392523676157,105.20293141857805E,9.141229440099043N
5530,Cà Mau-10334.jpeg,0.2187417913228273,105.17290299282529E,9.230162246448442N
5531,Cà Mau-564.jpeg,0.2185493214055895,105.17290299282529E,9.096763036924349N
5533,Cà Mau-9944.jpeg,0.218418937176466,105.18245749192842E,9.223424912634092N
5534,Cà Mau-5841.jpeg,0.2183303562924266,105.23432477277417E,9.169526242119304N
5535,Cà Mau-5111.jpeg,0.2182822879403829,105.15652385150557E,9.162788908304956N
5542,Cà Mau-2720.jpeg,0.2179552288725972,105.19064706258828E,9.134492106284695N
5548,Bà Rịa-1571.jpeg,0.21727797947824,107.12786297639212E,10.498378806098255N
5551,Cà Mau-2362.jpeg,0.2170556606724858,105.19747170480483E,9.129102239233216N
5554,Bà Rịa-517.jpeg,0.2168249529786408,107.17171745316925E,10.474124404366544N
5557,Hoài Đức District-3022.jpeg,0.2167870067059993,105.71688115021858E,21.04689964594611N
5558,Bà Rịa-3021.jpeg,0.2167480122298002,107.1401970479857E,10.522633207829966N
5559,Cà Mau-10924.jpeg,0.2167411874979734,105.22067548834109E,9.239594513788528N
5565,Cà Mau-9549.jpeg,0.2164696175605058,105.1742679212686E,9.216687578819744N
5567,Hoài Đức District-3507.jpeg,0.2162777194753289,105.6706874194636E,21.059026846812326N
5573,Hoài Đức District-1555.jpeg,0.2160046380013227,105.6952278389272E,21.009170576584534N
5574,Bà Rịa-2493.jpeg,0.2159812124446034,107.1785697151657E,10.513200940489853N
5576,Cà Mau-8525.jpeg,0.2158777359873056,105.11967078353625E,9.201865444428178N
5581,Cà Mau-6995.jpeg,0.2157189333811402,105.24797405720727E,9.181653442985132N
5586,Bà Rịa-1825.jpeg,0.2153465654700994,107.17034700076998E,10.502421206386876N
5588,Cà Mau-3304.jpeg,0.2151445420458912,105.14969920928903E,9.142576906861914N
5590,Sóc Trăng-3205.jpeg,0.2150324853137135,106.02010252863764E,9.636217308152007N
5594,Cà Mau-9254.jpeg,0.2149445032700896,105.23159491588757E,9.211297711768264N
5599,Hoài Đức District-4097.jpeg,0.2147918976843357,105.68801006849672E,21.077891381493117N
5603,Lê Chân District-130.jpeg,0.2145037911832332,106.69219318029346E,20.824450673363973N
5605,Cà Mau-7485.jpeg,0.2143790125846862,105.13604992485595E,9.188390776799478N
5606,Lê Chân District-545.jpeg,0.2143606357276439,106.68786793275679E,20.848705075096387N
5607,Cà Mau-610.jpeg,0.2143122740089893,105.2356897012175E,9.096763036924349N
5608,Cà Mau-4207.jpeg,0.2143088337033987,105.13332006796934E,9.15335664096487N
5611,Sóc Trăng-78.jpeg,0.2141974158585071,105.95040362325675E,9.567496503245605N
5634,Cà Mau-685.jpeg,0.2129063112661242,105.24660912876394E,9.098110503687215N
5640,Bà Rịa-1725.jpeg,0.212649593129754,107.13608569078782E,10.501073739624001N
5642,Bà Rịa-1915.jpeg,0.2126407362520694,107.18679242956141E,10.503768673149745N
5643,Cà Mau-11336.jpeg,0.2125896010547876,105.25070391409388E,9.246331847602878N
5658,Cà Mau-4641.jpeg,0.2120349965989589,105.2234053452277E,9.157399041253477N
5684,Hoài Đức District-669.jpeg,0.2106424607336521,105.72842958290738E,20.984916174852096N
5695,Cà Mau-2881.jpeg,0.2101152320392429,105.14696935240242E,9.137187039810435N
5698,Bà Rịa-4197.jpeg,0.2099962830543518,107.2169423823457E,10.54419267603593N
5706,Sóc Trăng-2781.jpeg,0.2095896992832422,105.95313691366383E,9.628132507574781N
5713,Hoài Đức District-732.jpeg,0.2091686176136136,105.66491320311923E,20.987611108377926N
5716,Cà Mau-1786.jpeg,0.2089605713263154,105.20020156169147E,9.119669971893128N
5727,Cà Mau-8894.jpeg,0.2082771360874176,105.23432477277417E,9.205907844716789N
5736,Cà Mau-8910.jpeg,0.2077792566269636,105.13332006796934E,9.207255311479656N
5744,Hoài Đức District-2344.jpeg,0.2074515353888273,105.68223585215235E,21.032077511554064N
5745,Cà Mau-10180.jpeg,0.2074109939858317,105.17972763504184E,9.227467312922704N
5749,Sóc Trăng-1379.jpeg,0.2073038406670093,106.02420246424826E,9.598488238791628N
5750,Cà Mau-5926.jpeg,0.2072992101311683,105.17017313593865E,9.170873708882175N
5751,Hoài Đức District-373.jpeg,0.2072757538408041,105.72409892064907E,20.976831374274624N
5765,Hoài Đức District-538.jpeg,0.2068332266062498,105.69667139301329E,20.982221241326275N
5771,Hoài Đức District-2509.jpeg,0.206492269411683,105.66635675720529E,21.036119911842796N
5775,Hoài Đức District-1721.jpeg,0.2063024789094925,105.68801006849672E,21.01456044363619N
5777,Hoài Đức District-3429.jpeg,0.2062928527593612,105.72554247473516E,21.056331913286495N
5788,Cà Mau-8833.jpeg,0.205674247816205,105.15106413773236E,9.205907844716789N
5792,Sóc Trăng-1115.jpeg,0.2054072199389338,105.98320310814186E,9.593098371740146N
5800,Cà Mau-3724.jpeg,0.2050604904070496,105.11148121287638E,9.14796677391339N
5807,Lê Chân District-418.jpeg,0.2047625333070755,106.6821009360412E,20.84196774128182N
5809,Cà Mau-4906.jpeg,0.2047322178259492,105.23841955810411E,9.160093974779219N
5812,Cà Mau-9250.jpeg,0.2043686350807547,105.22613520211434E,9.211297711768264N
5820,Bà Rịa-1468.jpeg,0.2040398092940449,107.18268107236354E,10.495683872572512N
5821,Sóc Trăng-2590.jpeg,0.20402392745018,105.96680336569932E,9.62409010728617N
5824,Cà Mau-7083.jpeg,0.2037585899233818,105.2056612754647E,9.183000909747998N
5825,Cà Mau-11740.jpeg,0.2037540152668953,105.17972763504184E,9.262501448757314N
5827,Hoài Đức District-216.jpeg,0.203701798338443,105.71399404204642E,20.971441507222973N
5831,Cà Mau-1825.jpeg,0.2036286778748035,105.14560442395911E,9.121017438655999N
5832,Cà Mau-11126.jpeg,0.2035592887550592,105.17153806438196E,9.243636914077138N
5833,Cà Mau-5551.jpeg,0.2035518595948815,105.20429634702138E,9.166831308593567N
5836,Hoài Đức District-1181.jpeg,0.2034299178048968,105.67646163580797E,20.999738309244147N
5839,Sóc Trăng-504.jpeg,0.2030967273749411,105.99550291497377E,9.579623704111441N
5840,Cà Mau-1288.jpeg,0.2030536755919456,105.21658070301116E,9.110237704553043N
5845,Sóc Trăng-833.jpeg,0.2029803665354848,106.00506943139861E,9.586361037925792N
5846,Cà Mau-10277.jpeg,0.2026707152836024,105.20429634702138E,9.228814779685573N
5855,Hoài Đức District-515.jpeg,0.2018671091645956,105.73564735333782E,20.980873774563364N
5861,Bà Rịa-1278.jpeg,0.2015705169178545,107.17994016756498E,10.491641472283892N
5865,Hoài Đức District-3227.jpeg,0.2015070188790559,105.68079229806625E,21.052289512997756N
5866,Cà Mau-1157.jpeg,0.2014352264814078,105.22886505900094E,9.107542771027305N
5867,Hoài Đức District-1879.jpeg,0.201384587213397,105.67501808172187E,21.019950310687847N
5870,Cà Mau-7952.jpeg,0.2011553104966879,105.17972763504184E,9.193780643850957N
5872,Hoài Đức District-3369.jpeg,0.2010497255250811,105.72265536656299E,21.054984446523587N
5873,Hoài Đức District-2268.jpeg,0.2010462041944265,105.72409892064907E,21.02938257802823N
5881,Cà Mau-7356.jpeg,0.200665283948183,105.11148121287638E,9.18704331003661N
5888,Cà Mau-7242.jpeg,0.200395492836833,105.27390769763011E,9.184348376510869N
5889,Hoài Đức District-1506.jpeg,0.2003708072006702,105.69955850118549E,21.007823109821615N
5896,Cà Mau-9684.jpeg,0.2002416476607322,105.1428745670725E,9.219382512345483N
5897,Lê Chân District-20.jpeg,0.2001977507025003,106.67489219014672E,20.817713339549414N
5899,Sóc Trăng-2300.jpeg,0.2000371953472495,106.03240233546953E,9.617352773471817N
5906,Cà Mau-11559.jpeg,0.1997914742678403,105.16880820749536E,9.254416648180099N
5916,Cà Mau-2766.jpeg,0.1994142523035407,105.25343377098048E,9.134492106284695N
5926,Cà Mau-3498.jpeg,0.1989151793532073,105.1128461413197E,9.145271840387652N
5929,Cà Mau-5496.jpeg,0.1988584604114294,105.1292252826394E,9.166831308593567N
5930,Cà Mau-45.jpeg,0.1988485911861062,105.21794563145447E,9.084635836058522N
5947,Sóc Trăng-913.jpeg,0.1982888141646981,105.94493704244255E,9.589055971451534N
5949,Sóc Trăng-956.jpeg,0.1981761809438467,106.00370278619505E,9.589055971451534N
5952,Cà Mau-11687.jpeg,0.1980168623849749,105.17836270659852E,9.259806515231578N
5958,Cà Mau-189.jpeg,0.1976906172931194,105.21794563145447E,9.088678236347128N
5965,Cà Mau-7754.jpeg,0.1974290767684579,105.20156649013477E,9.191085710325217N
5972,Cà Mau-5406.jpeg,0.1971837664023041,105.19064706258828E,9.165483841830692N
5974,Sóc Trăng-2254.jpeg,0.1970401247963309,105.96953665610637E,9.617352773471817N
5976,Hoài Đức District-3175.jpeg,0.1969826240092516,105.68801006849672E,21.05094204623485N
5980,Sóc Trăng-2871.jpeg,0.1969222128391266,105.98456975334541E,9.629479974337654N
5982,Hoài Đức District-2334.jpeg,0.1968626398593187,105.66780031129137E,21.032077511554064N
5987,Cà Mau-2552.jpeg,0.1965585900470614,105.21385084612454E,9.131797172758956N
5991,Sóc Trăng-888.jpeg,0.1964391553774476,105.99413626977025E,9.587708504688663N
6000,Bà Rịa-2659.jpeg,0.1959633082151413,107.1881628819607E,10.515895874015602N
6001,Cà Mau-2681.jpeg,0.1959280492737889,105.13741485329926E,9.134492106284695N
6007,Sóc Trăng-1755.jpeg,0.1954839965328574,106.01736923823053E,9.606573039368852N
6008,Cà Mau-5530.jpeg,0.1954252207651734,105.1756328497119E,9.166831308593567N
6021,Hoài Đức District-3582.jpeg,0.1946321013383567,105.69811494709938E,21.060374313575235N
6023,Hoài Đức District-1211.jpeg,0.1945138014853,105.7197682583908E,20.999738309244147N
6024,Cà Mau-5265.jpeg,0.1944769117981195,105.18245749192842E,9.164136375067825N
6026,Sóc Trăng-1865.jpeg,0.1943412935361266,105.98593639854894E,9.609267972894592N
6036,Lê Chân District-624.jpeg,0.1938826907426118,106.66624169507335E,20.85544240891095N
6041,Cà Mau-3224.jpeg,0.1936947405338287,105.18791720570167E,9.141229440099043N
6042,Cà Mau-6580.jpeg,0.1936861472204327,105.18655227725836E,9.177611042696523N
6043,Cà Mau-5797.jpeg,0.1936449920758605,105.1742679212686E,9.169526242119304N
6054,Cà Mau-365.jpeg,0.1931107696145773,105.18382242037175E,9.092720636635738N
6074,Hoài Đức District-3260.jpeg,0.1919700792059302,105.72842958290738E,21.052289512997756N
6079,Hoài Đức District-1942.jpeg,0.1918658129870891,105.69955850118549E,21.021297777450755N
6081,Bà Rịa-3687.jpeg,0.1918505295179784,107.19501514395712E,10.533412941932944N
6083,Cà Mau-7446.jpeg,0.1918199900537729,105.23432477277417E,9.18704331003661N
6087,Cà Mau-5922.jpeg,0.1916043190285563,105.16471342216543E,9.170873708882175N
6091,Bà Rịa-2073.jpeg,0.1914934404194355,107.18405152476284E,10.50646360667549N
6093,Cà Mau-3494.jpeg,0.1914065908640623,105.25889348475374E,9.143924373624783N
6094,Cà Mau-11117.jpeg,0.1914056856185197,105.1592537083922E,9.243636914077138N
6097,Hoài Đức District-2239.jpeg,0.1913275895640254,105.68223585215235E,21.02938257802823N
6099,Cà Mau-4654.jpeg,0.1912418417632579,105.24114941499072E,9.157399041253477N
6106,Cà Mau-7480.jpeg,0.1908919308334589,105.1292252826394E,9.188390776799478N
6108,Hoài Đức District-1601.jpeg,0.1907692104578018,105.69234073075502E,21.010518043347453N
6111,Cà Mau-11344.jpeg,0.1906635342165827,105.16334849372213E,9.24767931436575N
6125,Cà Mau-1472.jpeg,0.1899518528953194,105.17972763504184E,9.114280104841653N
6131,Cà Mau-11482.jpeg,0.189750837162137,105.24251434343404E,9.250374247891491N
6135,Hoài Đức District-3857.jpeg,0.1895151622593403,105.67357452763576E,21.06845911415272N
6143,Bà Rịa-3447.jpeg,0.1892642145976424,107.18542197716212E,10.529370541644328N
6148,Bà Rịa-4284.jpeg,0.1889065690338611,107.2169423823457E,10.546887609561676N
6150,Hoài Đức District-3330.jpeg,0.1887750569730997,105.66635675720529E,21.054984446523587N
6157,Bà Rịa-4444.jpeg,0.1884746747091412,107.22379464434212E,10.552277476613169N
6160,Cà Mau-8398.jpeg,0.1883270954713225,105.2234053452277E,9.199170510902437N
6164,Hoài Đức District-2671.jpeg,0.1880813995376229,105.72554247473516E,21.038814845368623N
6168,Cà Mau-1571.jpeg,0.1878504836931824,105.21521577456787E,9.115627571604524N
6178,Cà Mau-4732.jpeg,0.1876139231026172,105.1756328497119E,9.158746508016346N
6183,Hoài Đức District-1056.jpeg,0.1875338684767484,105.71110693387422E,20.995695908955405N
6184,Cà Mau-10790.jpeg,0.1875055329874158,105.25070391409388E,9.236899580262792N
6190,Bà Rịa-2079.jpeg,0.187035727314651,107.19227423915855E,10.50646360667549N
6199,Cà Mau-1600.jpeg,0.1868056692183017,105.15379399461897E,9.116975038367388N
6205,Hoài Đức District-797.jpeg,0.1865277769975364,105.68223585215235E,20.988958575140835N
6213,Bà Rịa-3534.jpeg,0.1861560307443142,107.19775604875569E,10.5307180084072N
6220,Hoài Đức District-1614.jpeg,0.1859297072514891,105.71110693387422E,21.010518043347453N
6222,Cà Mau-10700.jpeg,0.1858845595270395,105.2356897012175E,9.235552113499919N
6229,Cà Mau-1129.jpeg,0.1857620878145098,105.19064706258828E,9.107542771027305N
6232,Cà Mau-11001.jpeg,0.1857472267001867,105.21794563145447E,9.240941980551401N
6238,Cà Mau-1834.jpeg,0.1855810359120369,105.15788877994889E,9.121017438655999N
6243,Cà Mau-7306.jpeg,0.1854658061638474,105.19474184791824E,9.18569584327374N
6251,Sóc Trăng-1124.jpeg,0.1852451534941792,105.99550291497377E,9.593098371740146N
6256,Lê Chân District-80.jpeg,0.1849514590576291,106.67777568850454E,20.821755739838142N
6269,Cà Mau-6724.jpeg,0.1843770779669284,105.21248591768125E,9.178958509459392N
6274,Cà Mau-3374.jpeg,0.1841863933950662,105.24524420032064E,9.142576906861914N
6276,Bà Rịa-1582.jpeg,0.1841474939137697,107.14293795278427E,10.498378806098255N
6283,Hoài Đức District-3068.jpeg,0.1838454343378543,105.69811494709938E,21.048247112709017N
6285,Cà Mau-4893.jpeg,0.1837580716237425,105.22067548834109E,9.160093974779219N
6292,Hoài Đức District-965.jpeg,0.1835245369002223,105.7154375961325E,20.99300097542958N
6294,Cà Mau-897.jpeg,0.1834277333691716,105.16471342216543E,9.103500370738695N
6296,Cà Mau-5060.jpeg,0.1834012805484235,105.2711778407435E,9.161441441542085N
6304,Cà Mau-1967.jpeg,0.1829816484823823,105.23022998744423E,9.122364905418868N
6305,Cà Mau-4807.jpeg,0.1829413622617721,105.10329164221655E,9.160093974779219N
6313,Sóc Trăng-1971.jpeg,0.1827403418719768,105.95040362325675E,9.611962906420333N
6315,Cà Mau-1115.jpeg,0.1826920080929994,105.17153806438196E,9.107542771027305N
6327,Cà Mau-4222.jpeg,0.1822362802922725,105.15379399461897E,9.15335664096487N
6328,Hoài Đức District-1986.jpeg,0.1822339203208685,105.68945362258283E,21.022645244213674N
6329,Hoài Đức District-1457.jpeg,0.1822284655645489,105.70388916344376E,21.006475643058707N
6332,Bà Rịa-4403.jpeg,0.1821248494088649,107.21831283474498E,10.550930009850294N
6348,Cà Mau-3230.jpeg,0.1814901400357484,105.19610677636153E,9.141229440099043N
6353,Cà Mau-6733.jpeg,0.1813458539545536,105.22477027367101E,9.178958509459392N
6358,Cà Mau-5248.jpeg,0.1811262429691851,105.1592537083922E,9.164136375067825N
6360,Hoài Đức District-3075.jpeg,0.1810446847230196,105.70821982570205E,21.048247112709017N
6362,Sóc Trăng-119.jpeg,0.1810076981782913,106.0078027218057E,9.568843970008475N
6372,Cà Mau-2665.jpeg,0.1805582884699106,105.24251434343404E,9.133144639521824N
6377,Sóc Trăng-712.jpeg,0.1804386442527175,106.01736923823053E,9.583666104400052N
6378,Sóc Trăng-640.jpeg,0.1803791830316186,106.00643607660214E,9.582318637637183N
6383,Cà Mau-8730.jpeg,0.1800535079091787,105.13468499641266E,9.204560377953916N
6385,Cà Mau-848.jpeg,0.1800060980021953,105.1920119910316E,9.102152903975828N
6387,Sóc Trăng-1831.jpeg,0.179893578402698,105.93947046162836E,9.609267972894592N
6395,Hoài Đức District-3828.jpeg,0.1793327489867806,105.6952278389272E,21.067111647389805N
6401,Lê Chân District-282.jpeg,0.1790702510625124,106.67056694261005E,20.835230407467257N
6402,Cà Mau-6752.jpeg,0.179032708518207,105.25070391409388E,9.178958509459392N
6405,Cà Mau-3933.jpeg,0.1789163453504443,105.2397844865474E,9.14931424067626N
6407,Cà Mau-430.jpeg,0.1789011815562844,105.1769977781552E,9.094068103398607N
6420,Cà Mau-1614.jpeg,0.1782207489013672,105.17290299282529E,9.116975038367388N
6422,Cà Mau-3391.jpeg,0.1781628131866455,105.11830585509296E,9.143924373624783N
6423,Hoài Đức District-1392.jpeg,0.1781080667860806,105.68512296032453E,21.005128176295795N
6428,Cà Mau-3434.jpeg,0.1779547873884439,105.1769977781552E,9.143924373624783N
6431,Cà Mau-7300.jpeg,0.1778333466500044,105.18655227725836E,9.18569584327374N
6441,Cà Mau-9775.jpeg,0.1775415614247322,105.16061863683551E,9.220729979108352N
6447,Sóc Trăng-273.jpeg,0.1773762488737702,106.00370278619505E,9.574233837059959N
6450,Cà Mau-6761.jpeg,0.1773297665640711,105.26298827008364E,9.178958509459392N
6452,Sóc Trăng-2594.jpeg,0.1772306393831968,105.97226994651348E,9.62409010728617N
6458,Bà Rịa-2957.jpeg,0.1769676469266414,107.160753833975E,10.52128574106709N
6469,Sóc Trăng-2284.jpeg,0.1765929237008094,106.01053601221281E,9.617352773471817N
6472,Cà Mau-5304.jpeg,0.1764178415760398,105.2356897012175E,9.164136375067825N
6477,Bà Rịa-3930.jpeg,0.1762812696397304,107.23201735873785E,10.537455342221564N
6492,Bà Rịa-4114.jpeg,0.1757022617384791,107.24709233512999E,10.541497742510183N
6497,Cà Mau-3358.jpeg,0.1756040230393409,105.2234053452277E,9.142576906861914N
6498,Cà Mau-7261.jpeg,0.1755556631833315,105.13332006796934E,9.18569584327374N
6505,Cà Mau-7137.jpeg,0.1753135686740279,105.11967078353625E,9.184348376510869N
6507,Cà Mau-10293.jpeg,0.1752595352008938,105.22613520211434E,9.228814779685573N
6527,Hoài Đức District-2919.jpeg,0.1745529118925333,105.65480832451655E,21.045552179183197N
6532,Cà Mau-11315.jpeg,0.1743487669155001,105.22067548834109E,9.246331847602878N
6535,Cà Mau-6792.jpeg,0.1743111740797758,105.13604992485595E,9.180305976222263N
6540,Hoài Đức District-3183.jpeg,0.174128582701087,105.69955850118549E,21.05094204623485N
6541,Hoài Đức District-1140.jpeg,0.1740427734330296,105.68945362258283E,20.99839084248123N
6550,Bà Rịa-3065.jpeg,0.1736400667577982,107.20049695355428E,10.522633207829966N
6554,Hoài Đức District-2579.jpeg,0.1734136072918772,105.68079229806625E,21.037467378605715N
6568,Cà Mau-5.jpeg,0.1729213632643222,105.20020156169147E,9.083288369295653N
6571,Lê Chân District-543.jpeg,0.1728028170764446,106.68498443439898E,20.848705075096387N
6576,Sóc Trăng-1814.jpeg,0.1727600544691085,106.0078027218057E,9.60792050613172N
6581,Hoài Đức District-404.jpeg,0.1725125461816787,105.70677627161595E,20.97817884103754N
6593,Sóc Trăng-1467.jpeg,0.1719193868339061,105.97363659171704E,9.60118317231737N
6601,Hoài Đức District-2565.jpeg,0.1717379977926612,105.66058254086094E,21.037467378605715N
6609,Cà Mau-3466.jpeg,0.1712081879377365,105.22067548834109E,9.143924373624783N
6612,Cà Mau-903.jpeg,0.1711513847112655,105.17290299282529E,9.103500370738695N
6620,Cà Mau-9443.jpeg,0.1706499215215444,105.13877978174257E,9.215340112056875N
6622,Hoài Đức District-3554.jpeg,0.1706138225272297,105.65480832451655E,21.060374313575235N
6623,Cà Mau-9326.jpeg,0.170585598796606,105.20975606079462E,9.212645178531133N
6628,Cà Mau-11387.jpeg,0.1702838707715273,105.22886505900094E,9.24767931436575N
6635,Hoài Đức District-1901.jpeg,0.1699641980230808,105.70677627161595E,21.019950310687847N
6644,Hoài Đức District-1095.jpeg,0.169863048940897,105.69667139301329E,20.997043375718317N
6647,Cà Mau-3719.jpeg,0.1698271548375487,105.26025841319704E,9.146619307150521N
6648,Hoài Đức District-3772.jpeg,0.1698194192722439,105.67934874398014E,21.06576418062689N
6653,Cà Mau-6498.jpeg,0.1695928135886788,105.24524420032064E,9.176263575933655N
6662,Hoài Đức District-1689.jpeg,0.1693547368049621,105.70100205527157E,21.013212976873277N
6666,Bà Rịa-1222.jpeg,0.1692348713986575,107.18405152476284E,10.49029400552102N
6669,Cà Mau-5464.jpeg,0.169046688824892,105.2698129123002E,9.165483841830692N
6671,Hoài Đức District-2471.jpeg,0.1689885752275586,105.69955850118549E,21.034772445079884N
6672,Cà Mau-3535.jpeg,0.1689739255234599,105.16334849372213E,9.145271840387652N
6676,Hoài Đức District-595.jpeg,0.1688187690451741,105.70100205527157E,20.983568708089184N
6686,Cà Mau-5518.jpeg,0.1685372935608029,105.1592537083922E,9.166831308593567N
6701,Cà Mau-66.jpeg,0.1678722230717539,105.18382242037175E,9.085983302821392N
6703,Cà Mau-10805.jpeg,0.1678095664829015,105.16471342216543E,9.238247047025663N
6705,Cà Mau-3.jpeg,0.1677392423152923,105.19747170480483E,9.083288369295653N
6726,Bà Rịa-3798.jpeg,0.167002105154097,107.24298097793213E,10.534760408695819N
6730,Cà Mau-7001.jpeg,0.1668376866728067,105.25616362786711E,9.181653442985132N
6735,Cà Mau-5799.jpeg,0.1666085105389356,105.1769977781552E,9.169526242119304N
6750,Bà Rịa-2296.jpeg,0.1656740810722112,107.14156750038498E,10.510506006964109N
6762,Bà Rịa-1492.jpeg,0.1653157919645309,107.21557192994639E,10.495683872572512N
6765,Cà Mau-9742.jpeg,0.1651659049093723,105.22204041678441E,9.219382512345483N
6773,Cà Mau-8478.jpeg,0.1648594546131789,105.19337691947491E,9.200517977665308N
6789,Cà Mau-5836.jpeg,0.1645246436819434,105.22750013055764E,9.169526242119304N
6790,Cà Mau-176.jpeg,0.1644734162837267,105.20020156169147E,9.088678236347128N
6799,Cà Mau-7049.jpeg,0.1643172549083829,105.1592537083922E,9.183000909747998N
6807,Sóc Trăng-3621.jpeg,0.1640967023558914,105.98730304375252E,9.651039442543585N
6819,Cà Mau-10664.jpeg,0.1637125173583626,105.18655227725836E,9.235552113499919N
6821,Cà Mau-2571.jpeg,0.1636645356193184,105.2397844865474E,9.131797172758956N
6824,Bà Rịa-1729.jpeg,0.1634714417159557,107.14156750038498E,10.501073739624001N
6829,Sóc Trăng-1343.jpeg,0.1633001826703548,105.97500323692059E,9.598488238791628N
6830,Cà Mau-709.jpeg,0.16321702580899,105.18655227725836E,9.099457970450086N
6832,Cà Mau-5934.jpeg,0.1630235072225332,105.18109256348514E,9.170873708882175N
6836,Sóc Trăng-609.jpeg,0.1629178952425718,105.9640700752922E,9.582318637637183N
6839,Cà Mau-643.jpeg,0.1627662647515535,105.18928213414499E,9.098110503687215N
6843,Cà Mau-9038.jpeg,0.1626656157895922,105.18382242037175E,9.208602778242527N
6854,Sóc Trăng-1235.jpeg,0.1622735611163079,105.99003633415961E,9.595793305265886N
6866,Cà Mau-7170.jpeg,0.1617890791967511,105.16471342216543E,9.184348376510869N
6868,Cà Mau-7783.jpeg,0.1617788290604949,105.24114941499072E,9.191085710325217N
6870,Cà Mau-3330.jpeg,0.1617552889510989,105.18518734881506E,9.142576906861914N
6871,Cà Mau-1180.jpeg,0.1617500782012939,105.16471342216543E,9.10889023779017N
6876,Cà Mau-4603.jpeg,0.1616517482325434,105.17153806438196E,9.157399041253477N
6879,Cà Mau-9941.jpeg,0.1616201642900705,105.17836270659852E,9.223424912634092N
6887,Sóc Trăng-1470.jpeg,0.1614378402009606,105.97773652732769E,9.60118317231737N
6893,Cà Mau-503.jpeg,0.1613116962835192,105.18245749192842E,9.095415570161478N
6898,Cà Mau-8855.jpeg,0.1611368265002966,105.18109256348514E,9.205907844716789N
6899,Lê Chân District-367.jpeg,0.161095636896789,106.68498443439898E,20.839272807755993N
6914,Cà Mau-1089.jpeg,0.1607374958693981,105.23295984433088E,9.106195304264435N
6915,Cà Mau-6742.jpeg,0.1607287535443902,105.2370546296608E,9.178958509459392N
6916,Sóc Trăng-1569.jpeg,0.1607276750728488,105.93947046162836E,9.60387810584311N
6922,Hoài Đức District-3619.jpeg,0.1606494486331939,105.67501808172187E,21.061721780338154N
6924,Cà Mau-1481.jpeg,0.160626039840281,105.1920119910316E,9.114280104841653N
6927,Lê Chân District-363.jpeg,0.1605813149362802,106.6792174376834E,20.839272807755993N
6928,Cà Mau-8173.jpeg,0.1605400051921606,105.19747170480483E,9.196475577376699N
6929,Cà Mau-121.jpeg,0.1605222327634692,105.19610677636153E,9.08733076958426N
6930,Sóc Trăng-3624.jpeg,0.1604811521247029,105.99140297936313E,9.651039442543585N
6933,Sóc Trăng-2643.jpeg,0.1604593344964087,106.03923556148727E,9.62409010728617N
6940,Cà Mau-6790.jpeg,0.1601505782455206,105.13332006796934E,9.180305976222263N
6944,Cà Mau-2554.jpeg,0.1600678190588951,105.21658070301116E,9.131797172758956N
6947,Cà Mau-57.jpeg,0.1600130656734109,105.24387927187733E,9.084635836058522N
6956,Cà Mau-10424.jpeg,0.1598570523783564,105.18655227725836E,9.23150971321131N
6960,Sóc Trăng-2430.jpeg,0.1596793588250875,106.02420246424826E,9.620047706997557N
6965,Sóc Trăng-346.jpeg,0.1595997773110866,105.94767033284965E,9.576928770585699N
6966,Cà Mau-4945.jpeg,0.1595544861629605,105.11421106976302E,9.161441441542085N
6970,Hoài Đức District-4223.jpeg,0.1594438552856445,105.69089717666891E,21.087323648833515N
6974,Lê Chân District-493.jpeg,0.1593486685305833,106.6821009360412E,20.84601014157056N
6980,Sóc Trăng-112.jpeg,0.1592575376853346,105.96680336569932E,9.568843970008475N
6987,Cà Mau-7846.jpeg,0.1590441167354583,105.1769977781552E,9.192433177088088N
6989,Sóc Trăng-602.jpeg,0.1589328944683075,105.95450355886739E,9.582318637637183N
6991,Cà Mau-6368.jpeg,0.1588827343657612,105.23841955810411E,9.174916109170782N
7004,Sóc Trăng-1084.jpeg,0.1587260067462921,106.02010252863764E,9.591750904977278N
7010,Cà Mau-11385.jpeg,0.1585766663774848,105.22613520211434E,9.24767931436575N
7012,Hoài Đức District-2094.jpeg,0.1585411205887794,105.69667139301329E,21.02534017773949N
7015,Cà Mau-2899.jpeg,0.1584427170455455,105.17153806438196E,9.137187039810435N
7039,Hoài Đức District-1736.jpeg,0.1579017974436283,105.70966337978815E,21.01456044363619N
7046,Hoài Đức District-1691.jpeg,0.1576676107943058,105.70388916344376E,21.013212976873277N
7064,Lê Chân District-159.jpeg,0.1573442509397864,106.67633393932563E,20.82714560688979N
7067,Cà Mau-9436.jpeg,0.1572746653109789,105.1292252826394E,9.215340112056875N
7070,Cà Mau-3430.jpeg,0.157170002348721,105.17153806438196E,9.143924373624783N
7071,Cà Mau-6902.jpeg,0.1571360668167472,105.12103571197956E,9.181653442985132N
7076,Cà Mau-7531.jpeg,0.1569338031113147,105.19883663324816E,9.188390776799478N
7081,Cà Mau-9070.jpeg,0.1567248003557324,105.22750013055764E,9.208602778242527N
7088,Cà Mau-8315.jpeg,0.1566085610538721,105.25070391409388E,9.197823044139565N
7092,Cà Mau-1063.jpeg,0.1565667567774653,105.19747170480483E,9.106195304264435N
7099,Hoài Đức District-1772.jpeg,0.1563442219048738,105.70244560935767E,21.015907910399104N
7105,Bà Rịa-3349.jpeg,0.1562261171638965,107.15801292917641E,10.528023074881455N
7107,Cà Mau-8610.jpeg,0.1561007089912891,105.2356897012175E,9.201865444428178N
7115,Hoài Đức District-3152.jpeg,0.1560109490528702,105.65480832451655E,21.05094204623485N
7116,Cà Mau-8374.jpeg,0.1559699540957808,105.19064706258828E,9.199170510902437N
7118,Sóc Trăng-3213.jpeg,0.155935725197196,105.95997013968159E,9.637564774914878N
7123,Sóc Trăng-3458.jpeg,0.1557132415473461,106.01053601221281E,9.644302108729232N
7124,Cà Mau-318.jpeg,0.1557101402431726,105.21521577456787E,9.091373169872869N
7135,Hoài Đức District-4010.jpeg,0.1553496811538934,105.71399404204642E,21.07250151444146N
7136,Bà Rịa-3485.jpeg,0.1553321946412325,107.23749916833498E,10.529370541644328N
7137,Bà Rịa-2551.jpeg,0.1552955061197281,107.14841976238142E,10.514548407252727N
7140,Lê Chân District-410.jpeg,0.1552687380462885,106.67056694261005E,20.84196774128182N
7145,Bà Rịa-3974.jpeg,0.1551912650465965,107.20871966794996E,10.538802808984437N
7149,Cà Mau-2101.jpeg,0.1550953201949596,105.1920119910316E,9.125059838944608N
7165,Cà Mau-707.jpeg,0.1547467689961195,105.18382242037175E,9.099457970450086N
7166,Cà Mau-3676.jpeg,0.1547311516478657,105.20156649013477E,9.146619307150521N
7170,Bà Rịa-2923.jpeg,0.1546285152435302,107.22379464434212E,10.519938274304222N
7180,Hoài Đức District-2782.jpeg,0.1543505294248461,105.7154375961325E,21.04150977889445N
7183,Bà Rịa-1385.jpeg,0.1543067283928394,107.160753833975E,10.494336405809637N
7184,Cà Mau-8096.jpeg,0.1543021593242883,105.23432477277417E,9.19512811061383N
7186,Sóc Trăng-1728.jpeg,0.1542865922674536,105.98046981773476E,9.606573039368852N
7189,Hoài Đức District-312.jpeg,0.154272673651576,105.69378428484109E,20.97548390751171N
7194,Lê Chân District-403.jpeg,0.1541536031290888,106.66047469835779E,20.84196774128182N
7196,Cà Mau-11379.jpeg,0.1541057638823986,105.21248591768125E,9.24767931436575N
7199,Cà Mau-7704.jpeg,0.1539851371198892,105.13332006796934E,9.191085710325217N
7202,Cà Mau-1237.jpeg,0.1538409180939197,105.24251434343404E,9.10889023779017N
7209,Cà Mau-10056.jpeg,0.1536370953544974,105.22750013055764E,9.224772379396962N
7211,Cà Mau-4281.jpeg,0.1536341607570648,105.23432477277417E,9.15335664096487N
7212,Cà Mau-5352.jpeg,0.1536081600934267,105.11694092664963E,9.165483841830692N
7217,Hoài Đức District-3134.jpeg,0.1534993341192603,105.71110693387422E,21.04959457947194N
7229,Hoài Đức District-125.jpeg,0.1532710706815123,105.74142156968222E,20.966051640171315N
7235,Cà Mau-291.jpeg,0.1530657690018415,105.17836270659852E,9.091373169872869N
7236,Hoài Đức District-1853.jpeg,0.1530393492430448,105.69955850118549E,21.018602843924928N
7239,Cà Mau-2857.jpeg,0.1529678674414754,105.24797405720727E,9.135839573047564N
7241,Cà Mau-11801.jpeg,0.1529308417811989,105.1920119910316E,9.26519638228306N
7242,Hoài Đức District-3976.jpeg,0.1528988601639866,105.66491320311923E,21.07250151444146N
7251,Cà Mau-2145.jpeg,0.1527502359822392,105.13741485329926E,9.126407305707477N
7255,Cà Mau-7012.jpeg,0.152689566835761,105.27390769763011E,9.181653442985132N
7261,Cà Mau-9068.jpeg,0.1526171313598752,105.22477027367101E,9.208602778242527N
7262,Cà Mau-2636.jpeg,0.1525872247293591,105.20293141857805E,9.133144639521824N
7263,Cà Mau-3163.jpeg,0.1525849122554063,105.25070391409388E,9.139881973336175N
7264,Hoài Đức District-1597.jpeg,0.1525490907952189,105.68656651441063E,21.010518043347453N
7270,Bà Rịa-1971.jpeg,0.1524330154061317,107.15664247677712E,10.505116139912618N
7275,Cà Mau-3489.jpeg,0.1522963307797908,105.25206884253721E,9.143924373624783N
7289,Cà Mau-5154.jpeg,0.1519263931550085,105.21521577456787E,9.162788908304956N
7294,Cà Mau-8446.jpeg,0.151791401207447,105.14969920928903E,9.200517977665308N
7295,Cà Mau-2403.jpeg,0.1517891967669129,105.13332006796934E,9.130449705996087N
7298,Cà Mau-5687.jpeg,0.1516696037724614,105.20702620390799E,9.168178775356434N
7303,Hoài Đức District-2069.jpeg,0.151615216396749,105.73564735333782E,21.023992710976582N
7306,Cà Mau-9335.jpeg,0.1515391767024994,105.22204041678441E,9.212645178531133N
7307,Bà Rịa-4526.jpeg,0.1515237931162119,107.22927645393926E,10.556319876901785N
7310,Sóc Trăng-2027.jpeg,0.1515058437362313,106.02693575465534E,9.611962906420333N
7317,Hoài Đức District-3870.jpeg,0.1513524390757084,105.69234073075502E,21.06845911415272N
7320,Cà Mau-9848.jpeg,0.1513106785714626,105.15515892306227E,9.222077445871225N
7322,Sóc Trăng-1237.jpeg,0.1513105295598507,105.99276962456669E,9.595793305265886N
7330,Cà Mau-8958.jpeg,0.151049468666315,105.19883663324816E,9.207255311479656N
7338,Cà Mau-4788.jpeg,0.1507449690252542,105.25206884253721E,9.158746508016346N
7341,Cà Mau-7979.jpeg,0.1506105531007051,105.21658070301116E,9.193780643850957N
7344,Cà Mau-5233.jpeg,0.1505130426958203,105.13877978174257E,9.164136375067825N
7350,Hoài Đức District-4018.jpeg,0.1503801392391324,105.67357452763576E,21.073848981204378N
7357,Sóc Trăng-2525.jpeg,0.1501475563272833,105.96953665610637E,9.622742640523299N
7373,Hoài Đức District-3063.jpeg,0.1499294405803084,105.69089717666891E,21.048247112709017N
7386,Bà Rịa-2249.jpeg,0.1497036274522543,107.19501514395712E,10.50915854020124N
7387,Cà Mau-4954.jpeg,0.1497000884264707,105.1264954257528E,9.161441441542085N
7390,Cà Mau-1943.jpeg,0.1496011200360953,105.19747170480483E,9.122364905418868N
7392,Sóc Trăng-186.jpeg,0.1495593748986721,106.00643607660214E,9.571538903534217N
7397,Cà Mau-10610.jpeg,0.1494445111602544,105.22067548834109E,9.23420464673705N
7405,Hoài Đức District-2316.jpeg,0.149304199963808,105.71832470430473E,21.03073004479114N
7410,Cà Mau-8574.jpeg,0.1490801721811294,105.18655227725836E,9.201865444428178N
7412,Cà Mau-5068.jpeg,0.1490350821986794,105.09783192844333E,9.162788908304956N
7417,Bà Rịa-3621.jpeg,0.1488899746909737,107.21009012034928E,10.532065475170075N
7428,Sóc Trăng-1680.jpeg,0.1486951559782028,106.00370278619505E,9.605225572605981N
7432,Cà Mau-958.jpeg,0.1486375173553824,105.24797405720727E,9.103500370738695N
7434,Hoài Đức District-38.jpeg,0.1485409075394272,105.73131669107957E,20.960661773119664N
7439,Hoài Đức District-3105.jpeg,0.1485096476972103,105.6692438653775E,21.04959457947194N
7445,Bà Rịa-1723.jpeg,0.1482985634356737,107.13334478598927E,10.501073739624001N
7447,Cà Mau-4284.jpeg,0.1482299389317631,105.23841955810411E,9.15335664096487N
7448,Cà Mau-7244.jpeg,0.1481990916654467,105.27663755451677E,9.184348376510869N
7458,Cà Mau-10391.jpeg,0.1480621239170432,105.1415096386292E,9.23150971321131N
7464,Cà Mau-8726.jpeg,0.1479302300140261,105.1292252826394E,9.204560377953916N
7471,Hoài Đức District-5.jpeg,0.1478359932079911,105.72842958290738E,20.95661937283093N
7492,Cà Mau-4558.jpeg,0.14710099902004,105.11011628443309E,9.157399041253477N
7495,Lê Chân District-132.jpeg,0.147023893892765,106.69507667865125E,20.824450673363973N
7506,Sóc Trăng-2126.jpeg,0.1467819195240736,105.97910317253123E,9.614657839946075N
7518,Cà Mau-4696.jpeg,0.1465114830061793,105.1264954257528E,9.158746508016346N
7519,Sóc Trăng-379.jpeg,0.1465079421177506,105.99276962456669E,9.576928770585699N
7521,Hoài Đức District-2392.jpeg,0.1464606961235404,105.6706874194636E,21.03342497831697N
7522,Cà Mau-7654.jpeg,0.1464053243398666,105.21521577456787E,9.18973824356235N
7533,Cà Mau-5891.jpeg,0.1463060425594449,105.12240064042288E,9.170873708882175N
7534,Sóc Trăng-2486.jpeg,0.146216775290668,106.00916936700925E,9.621395173760428N
7535,Cà Mau-7280.jpeg,0.1462022131308913,105.1592537083922E,9.18569584327374N
7546,Bà Rịa-4225.jpeg,0.1459643486887216,107.19364469155784E,10.545540142798801N
7548,Sóc Trăng-1383.jpeg,0.1459214352071285,105.94493704244255E,9.599835705554499N
7549,Cà Mau-7051.jpeg,0.1458936799317598,105.16198356527879E,9.183000909747998N
7550,Cà Mau-6169.jpeg,0.1458926619961857,105.1442394955158E,9.173568642407915N
7551,Cà Mau-1403.jpeg,0.1458926443010568,105.18245749192842E,9.112932638078782N
7563,Cà Mau-4248.jpeg,0.1456807851791381,105.18928213414499E,9.15335664096487N
7564,Cà Mau-4051.jpeg,0.1456638108938932,105.24251434343404E,9.15066170743913N
7579,Bà Rịa-1542.jpeg,0.1453800331801176,107.18679242956141E,10.497031339335381N
7581,Bà Rịa-1410.jpeg,0.14535937551409,107.19501514395712E,10.494336405809637N
7583,Sóc Trăng-3048.jpeg,0.1453362656757235,105.95177026846028E,9.633522374626263N
7585,Lê Chân District-504.jpeg,0.1453017564490437,106.66335819671559E,20.84735760833348N
7587,Bà Rịa-1536.jpeg,0.1452727755531668,107.1785697151657E,10.497031339335381N
7598,Lê Chân District-549.jpeg,0.145088205114007,106.66191644753668E,20.8500525418593N
7602,Cà Mau-9094.jpeg,0.1449956027790904,105.13604992485595E,9.209950245005393N
7607,Bà Rịa-4557.jpeg,0.1449324879795313,107.22927645393926E,10.55901481042753N
7611,Hoài Đức District-3676.jpeg,0.1447670273482799,105.68367940623844E,21.063069247101065N
7613,Cà Mau-11053.jpeg,0.144756865222007,105.18109256348514E,9.24228944731427N
7614,Cà Mau-11610.jpeg,0.1447383780032396,105.19610677636153E,9.255764114942968N
7616,Cà Mau-11059.jpeg,0.1446834467351436,105.18928213414499E,9.24228944731427N
7617,Cà Mau-6660.jpeg,0.1446780152618885,105.12513049730948E,9.178958509459392N
7619,Cà Mau-2332.jpeg,0.1446516811847686,105.15652385150557E,9.129102239233216N
7620,Cà Mau-11487.jpeg,0.1446508476510644,105.16061863683551E,9.251721714654357N
7625,Cà Mau-1561.jpeg,0.1445150198414921,105.20156649013477E,9.115627571604524N
7632,Sóc Trăng-2465.jpeg,0.1443695938214659,105.98046981773476E,9.621395173760428N
7635,Cà Mau-7074.jpeg,0.144343658350408,105.19337691947491E,9.183000909747998N
7639,Cà Mau-10109.jpeg,0.1442788392305374,105.19064706258828E,9.22611984615983N
7648,Cà Mau-11517.jpeg,0.1441463027149438,105.20156649013477E,9.251721714654357N
7652,Sóc Trăng-2507.jpeg,0.1440619155764579,106.03786891628371E,9.621395173760428N
7653,Cà Mau-2620.jpeg,0.1440590973943472,105.18109256348514E,9.133144639521824N
7656,Cà Mau-3175.jpeg,0.144002522341907,105.12103571197956E,9.141229440099043N
7657,Bà Rịa-1335.jpeg,0.1439765351824462,107.17582881036712E,10.49298893904676N
7660,Cà Mau-2154.jpeg,0.1439571753144264,105.14969920928903E,9.126407305707477N
7661,Cà Mau-9370.jpeg,0.1439533224329352,105.15242906617566E,9.213992645294004N
7663,Cà Mau-432.jpeg,0.1438927464187145,105.17972763504184E,9.094068103398607N
7665,Cà Mau-7628.jpeg,0.1438241889700293,105.17972763504184E,9.18973824356235N
7668,Hoài Đức District-423.jpeg,0.1437073107808828,105.73420379925176E,20.97817884103754N
7683,Cà Mau-5908.jpeg,0.1433174461126327,105.14560442395911E,9.170873708882175N
7690,Cà Mau-4086.jpeg,0.1431568805128336,105.13059021108272E,9.152009174201998N
7691,Hoài Đức District-1164.jpeg,0.1431383648887276,105.72409892064907E,20.99839084248123N
7694,Cà Mau-10150.jpeg,0.1431218488141894,105.13877978174257E,9.227467312922704N
7695,Sóc Trăng-1823.jpeg,0.1430961517617106,106.02010252863764E,9.60792050613172N
7703,Sóc Trăng-2899.jpeg,0.1429740693420171,106.02283581904472E,9.629479974337654N
7707,Cà Mau-1294.jpeg,0.1429087352007627,105.22477027367101E,9.110237704553043N
7711,Sóc Trăng-1411.jpeg,0.1428106063976884,105.98320310814186E,9.599835705554499N
7714,Cà Mau-9958.jpeg,0.142776096239686,105.20156649013477E,9.223424912634092N
7720,Sóc Trăng-1768.jpeg,0.1427056146785617,105.94493704244255E,9.60792050613172N
7722,Cà Mau-8507.jpeg,0.142687814310193,105.23295984433088E,9.200517977665308N
7728,Hoài Đức District-2758.jpeg,0.1425309106707573,105.68079229806625E,21.04150977889445N
7731,Cà Mau-207.jpeg,0.1424769856967032,105.24251434343404E,9.088678236347128N
7733,Cà Mau-8678.jpeg,0.1424302738159895,105.19474184791824E,9.203212911191047N
7734,Hoài Đức District-1616.jpeg,0.1424186928197741,105.71399404204642E,21.010518043347453N
7738,Cà Mau-402.jpeg,0.1422995142638683,105.23432477277417E,9.092720636635738N
7762,Hoài Đức District-2764.jpeg,0.1417873743921518,105.68945362258283E,21.04150977889445N
7767,Hoài Đức District-2352.jpeg,0.1416807798668742,105.69378428484109E,21.032077511554064N
7771,Cà Mau-2346.jpeg,0.1416306756436824,105.1756328497119E,9.129102239233216N
7774,Bà Rịa-2017.jpeg,0.1416035266593098,107.21968328714426E,10.505116139912618N
7778,Bà Rịa-2517.jpeg,0.1414975868538022,107.21146057274855E,10.513200940489853N
7783,Bà Rịa-2065.jpeg,0.1412552380934357,107.17308790556855E,10.50646360667549N
7785,Sóc Trăng-1737.jpeg,0.1412106528878212,105.99276962456669E,9.606573039368852N
7791,Cà Mau-7831.jpeg,0.1411382406949997,105.15652385150557E,9.192433177088088N
7802,Bà Rịa-2424.jpeg,0.1409082133322954,107.19775604875569E,10.511853473726982N
7804,Hoài Đức District-486.jpeg,0.1408898932859301,105.69378428484109E,20.980873774563364N
7806,Cà Mau-8782.jpeg,0.1408488010056316,105.2056612754647E,9.204560377953916N
7807,Cà Mau-1496.jpeg,0.1408344870433211,105.21248591768125E,9.114280104841653N
7808,Cà Mau-11771.jpeg,0.1408326998353004,105.18655227725836E,9.263848915520187N
7812,Bà Rịa-2895.jpeg,0.1407757010310888,107.18542197716212E,10.519938274304222N
7820,Sóc Trăng-3454.jpeg,0.1405739085748791,106.00506943139861E,9.644302108729232N
7823,Cà Mau-2964.jpeg,0.1404964430257678,105.26025841319704E,9.137187039810435N
7824,Cà Mau-5924.jpeg,0.1404757974669337,105.16744327905207E,9.170873708882175N
7840,Hoài Đức District-1916.jpeg,0.1401973878964781,105.72842958290738E,21.019950310687847N
7842,Bà Rịa-1416.jpeg,0.1401771735399961,107.20323785835285E,10.494336405809637N
7845,Hoài Đức District-2624.jpeg,0.1401326982304453,105.65769543268874E,21.038814845368623N
7857,Cà Mau-10630.jpeg,0.1399796474725008,105.24797405720727E,9.23420464673705N
7859,Hoài Đức District-1706.jpeg,0.1399419149383902,105.72554247473516E,21.013212976873277N
7866,Bà Rịa-2255.jpeg,0.1396505888551473,107.20323785835285E,10.50915854020124N
7867,Sóc Trăng-1816.jpeg,0.1396457320079207,106.01053601221281E,9.60792050613172N
7871,Hoài Đức District-1299.jpeg,0.1395893469452858,105.69955850118549E,21.002433242769968N
7878,Cà Mau-7880.jpeg,0.1393445348367095,105.2234053452277E,9.192433177088088N
7883,Cà Mau-11251.jpeg,0.1392719624564051,105.23432477277417E,9.244984380840009N
7885,Hoài Đức District-2893.jpeg,0.139139749109745,105.70388916344376E,21.044204712420278N
7892,Cà Mau-5242.jpeg,0.1389131089672446,105.15106413773236E,9.164136375067825N
7901,Cà Mau-4579.jpeg,0.1386351929977536,105.13877978174257E,9.157399041253477N
7915,Cà Mau-7491.jpeg,0.1383282821625471,105.1442394955158E,9.188390776799478N
7926,Cà Mau-9918.jpeg,0.1380788022652268,105.14696935240242E,9.223424912634092N
7930,Cà Mau-7385.jpeg,0.1380175231024623,105.15106413773236E,9.18704331003661N
7933,Hoài Đức District-307.jpeg,0.1378480633720755,105.68656651441063E,20.97548390751171N
7936,Bà Rịa-1326.jpeg,0.1377964126877486,107.16349473877355E,10.49298893904676N
7937,Hoài Đức District-815.jpeg,0.1377948764711618,105.70821982570205E,20.988958575140835N
7942,Sóc Trăng-3160.jpeg,0.1377285616472363,105.95450355886739E,9.636217308152007N
7945,Sóc Trăng-1016.jpeg,0.1376982005313038,106.00643607660214E,9.590403438214405N
7950,Cà Mau-135.jpeg,0.1375885885208845,105.21521577456787E,9.08733076958426N
7953,Hoài Đức District-2454.jpeg,0.1375401746481657,105.67501808172187E,21.034772445079884N
7966,Hoài Đức District-2517.jpeg,0.1372783007100224,105.67790518989406E,21.036119911842796N
7967,Hoài Đức District-2181.jpeg,0.1372706992551684,105.67213097354968E,21.02803511126532N
7972,Hoài Đức District-2373.jpeg,0.1371277794241905,105.72409892064907E,21.032077511554064N
7978,Cà Mau-6526.jpeg,0.1369779063388705,105.1128461413197E,9.177611042696523N
7979,Hoài Đức District-496.jpeg,0.1369612272828817,105.70821982570205E,20.980873774563364N
7980,Sóc Trăng-1627.jpeg,0.1369304531253874,106.01873588343409E,9.60387810584311N
7997,Cà Mau-9394.jpeg,0.1364484075456857,105.18518734881506E,9.213992645294004N
8003,Cà Mau-7041.jpeg,0.1362956408411264,105.14833428084575E,9.183000909747998N
8008,Hoài Đức District-4168.jpeg,0.1362127559259534,105.67934874398014E,21.083281248544765N
8014,Cà Mau-6052.jpeg,0.13610381167382,105.16198356527879E,9.172221175645044N
8023,Hoài Đức District-1303.jpeg,0.1359726078808307,105.70533271752987E,21.002433242769968N
8025,Bà Rịa-3869.jpeg,0.1359587963670492,107.23886962073426E,10.536107875458692N
8026,Sóc Trăng-2421.jpeg,0.135944303125143,106.01190265741633E,9.620047706997557N
8030,Hoài Đức District-367.jpeg,0.1358608128502965,105.7154375961325E,20.976831374274624N
8033,Sóc Trăng-117.jpeg,0.1357897389680147,106.00506943139861E,9.568843970008475N
8043,Hoài Đức District-317.jpeg,0.1356013575568795,105.70533271752987E,20.97548390751171N
8047,Cà Mau-2444.jpeg,0.1355025367811322,105.18928213414499E,9.130449705996087N
8060,Cà Mau-4299.jpeg,0.1352713452652096,105.25889348475374E,9.15335664096487N
8071,Cà Mau-7836.jpeg,0.1350112864747643,105.16334849372213E,9.192433177088088N
8072,Bà Rịa-2726.jpeg,0.1350076934322714,107.17034700076998E,10.51724334077847N
8090,Sóc Trăng-1107.jpeg,0.1346227191388607,105.97226994651348E,9.593098371740146N
8098,Sóc Trăng-2566.jpeg,0.1344364760443568,106.02556910945181E,9.622742640523299N
8099,Sóc Trăng-1400.jpeg,0.1344323903322219,105.96817001090285E,9.599835705554499N
8102,Cà Mau-8042.jpeg,0.1344249956309795,105.16061863683551E,9.19512811061383N
8109,Cà Mau-1007.jpeg,0.1342705432325601,105.21794563145447E,9.104847837501563N
8110,Cà Mau-10157.jpeg,0.1342645594850182,105.14833428084575E,9.227467312922704N
8120,Hoài Đức District-839.jpeg,0.1340218936093151,105.67213097354968E,20.990306041903757N
8122,Hoài Đức District-2293.jpeg,0.1339782644063234,105.68512296032453E,21.03073004479114N
8125,Hoài Đức District-2247.jpeg,0.1339326715096831,105.69378428484109E,21.02938257802823N
8128,Cà Mau-4844.jpeg,0.1338835647329688,105.15379399461897E,9.160093974779219N
8129,Cà Mau-3404.jpeg,0.1338801421225071,105.13604992485595E,9.143924373624783N
8132,Cà Mau-8502.jpeg,0.1338517148979008,105.22613520211434E,9.200517977665308N
8133,Cà Mau-7630.jpeg,0.1338228555396199,105.18245749192842E,9.18973824356235N
8136,Hoài Đức District-3790.jpeg,0.133774078451097,105.70533271752987E,21.06576418062689N
8141,Cà Mau-9427.jpeg,0.1336805606260895,105.23022998744423E,9.213992645294004N
8143,Bà Rịa-3845.jpeg,0.1336431978270411,107.2059787631514E,10.536107875458692N
8151,Cà Mau-1263.jpeg,0.1334695471450686,105.18245749192842E,9.110237704553043N
8152,Lê Chân District-621.jpeg,0.1334689315408468,106.6821009360412E,20.854094942148038N
8161,Hoài Đức District-1202.jpeg,0.1333171026781201,105.70677627161595E,20.999738309244147N
8162,Sóc Trăng-2648.jpeg,0.1332906084135174,105.95450355886739E,9.625437574049041N
8172,Cà Mau-8534.jpeg,0.1330775152891874,105.13195513952603E,9.201865444428178N
8186,Cà Mau-5053.jpeg,0.1327078035101294,105.26162334164034E,9.161441441542085N
8187,Bà Rịa-3166.jpeg,0.1326661640778184,107.23064690633855E,10.523980674592838N
8189,Cà Mau-1207.jpeg,0.1326534813269972,105.20156649013477E,9.10889023779017N
8191,Cà Mau-3900.jpeg,0.1325928578153252,105.19474184791824E,9.14931424067626N
8198,Bà Rịa-1693.jpeg,0.1324896411970257,107.19501514395712E,10.499726272861128N
8202,Bà Rịa-1567.jpeg,0.1323091341182589,107.12238116679497E,10.498378806098255N
8207,Hoài Đức District-1415.jpeg,0.1321833143010735,105.71832470430473E,21.005128176295795N
8217,Cà Mau-7946.jpeg,0.1319754235446453,105.17153806438196E,9.193780643850957N
8222,Bà Rịa-2745.jpeg,0.1319166962057352,107.1963855963564E,10.51724334077847N
8229,Cà Mau-7270.jpeg,0.1315695978701114,105.14560442395911E,9.18569584327374N
8236,Sóc Trăng-1258.jpeg,0.1314415922388434,106.02146917384115E,9.595793305265886N
8237,Hoài Đức District-2371.jpeg,0.1314204670488834,105.7212118124769E,21.032077511554064N
8239,Sóc Trăng-659.jpeg,0.1314052604138851,105.94493704244255E,9.583666104400052N
8244,Hoài Đức District-3667.jpeg,0.1313385041430592,105.6706874194636E,21.063069247101065N
8245,Cà Mau-7510.jpeg,0.1312636630609631,105.17017313593865E,9.188390776799478N
8254,Cà Mau-2139.jpeg,0.1311429478228092,105.24387927187733E,9.125059838944608N
8256,Lê Chân District-184.jpeg,0.1311273640021681,106.68354268522012E,20.8284930736527N
8260,Bà Rịa-2407.jpeg,0.1310486197471618,107.17445835796785E,10.511853473726982N
8264,Cà Mau-10722.jpeg,0.130902353208512,105.15788877994889E,9.236899580262792N
8267,Hoài Đức District-3739.jpeg,0.1308612395077943,105.70244560935767E,21.064416713863977N
8269,Sóc Trăng-634.jpeg,0.1308369571343064,105.99823620538089E,9.582318637637183N
8272,Hoài Đức District-1014.jpeg,0.1307608764618635,105.71832470430473E,20.994348442192493N
8275,Sóc Trăng-1495.jpeg,0.1307338709011674,106.01190265741633E,9.60118317231737N
8277,Bà Rịa-4002.jpeg,0.1306964382529258,107.24709233512999E,10.538802808984437N
8279,Bà Rịa-2704.jpeg,0.1306866407394409,107.1401970479857E,10.51724334077847N
8281,Cà Mau-3184.jpeg,0.1306506367400288,105.13332006796934E,9.141229440099043N
8294,Cà Mau-2546.jpeg,0.130315707065165,105.2056612754647E,9.131797172758956N
8297,Bà Rịa-3431.jpeg,0.130295124836266,107.16349473877355E,10.529370541644328N
8314,Cà Mau-1094.jpeg,0.130113236606121,105.2397844865474E,9.106195304264435N
8320,Cà Mau-4883.jpeg,0.1300488095730543,105.20702620390799E,9.160093974779219N
8325,Cà Mau-10885.jpeg,0.1300177546218037,105.16744327905207E,9.239594513788528N
8327,Hoài Đức District-2712.jpeg,0.1299916822463274,105.69955850118549E,21.04016231213154N
8340,Lê Chân District-71.jpeg,0.129654387012124,106.69363492947235E,20.820408273075234N
8349,Hoài Đức District-3672.jpeg,0.1293326010927558,105.67790518989406E,21.063069247101065N
8355,Cà Mau-5391.jpeg,0.1292394129559397,105.17017313593865E,9.165483841830692N
8357,Cà Mau-5051.jpeg,0.1292256424203515,105.25889348475374E,9.161441441542085N
8358,Cà Mau-9846.jpeg,0.1292214319109916,105.15242906617566E,9.222077445871225N
8360,Sóc Trăng-1776.jpeg,0.1291577704250812,105.95587020407093E,9.60792050613172N
8362,Cà Mau-1310.jpeg,0.129148855805397,105.24660912876394E,9.110237704553043N
8363,Lê Chân District-300.jpeg,0.1291474914178252,106.69651842783017E,20.835230407467257N
8370,Cà Mau-8403.jpeg,0.1290303627029061,105.23022998744423E,9.199170510902437N
8384,Lê Chân District-106.jpeg,0.1288717202842235,106.68642618357788E,20.823103206601058N
8386,Cà Mau-1421.jpeg,0.1288020377978682,105.20702620390799E,9.112932638078782N
8390,Bà Rịa-2223.jpeg,0.1287249531596899,107.15938338157571E,10.50915854020124N
8411,Sóc Trăng-613.jpeg,0.1283185752108693,105.96953665610637E,9.582318637637183N
8417,Sóc Trăng-3417.jpeg,0.1280919564887881,106.0023361409915E,9.642954641966357N
8422,Cà Mau-96.jpeg,0.1280048079788684,105.22886505900094E,9.085983302821392N
8430,Cà Mau-2156.jpeg,0.1277617933228612,105.15242906617566E,9.126407305707477N
8437,Cà Mau-9565.jpeg,0.1276317513547837,105.19610677636153E,9.216687578819744N
8445,Cà Mau-6798.jpeg,0.1275746803730726,105.1442394955158E,9.180305976222263N
8454,Hoài Đức District-1258.jpeg,0.1274162717163562,105.71399404204642E,21.00108577600706N
8463,Cà Mau-4965.jpeg,0.1272261403501033,105.1415096386292E,9.161441441542085N
8464,Bà Rịa-2981.jpeg,0.1272259820252657,107.19364469155784E,10.52128574106709N
8481,Cà Mau-7118.jpeg,0.1271255686879158,105.25343377098048E,9.183000909747998N
8483,Hoài Đức District-1273.jpeg,0.1271117674186825,105.73564735333782E,21.00108577600706N
8485,Bà Rịa-1869.jpeg,0.1270716087892651,107.12375161919425E,10.503768673149745N
8486,Hoài Đức District-1265.jpeg,0.1270686313509941,105.72409892064907E,21.00108577600706N
8490,Cà Mau-2106.jpeg,0.1270160488784313,105.19883663324816E,9.125059838944608N
8495,Bà Rịa-3300.jpeg,0.1269467873498797,107.19912650115499E,10.526675608118586N
8501,Cà Mau-4435.jpeg,0.1267879935912788,105.1128461413197E,9.15605157449061N
8505,Bà Rịa-2972.jpeg,0.1267269179224968,107.18131061996428E,10.52128574106709N
8511,Hoài Đức District-3549.jpeg,0.1266555394977331,105.64759055408611E,21.060374313575235N
8512,Hoài Đức District-3410.jpeg,0.1266403114423155,105.69811494709938E,21.056331913286495N
8537,Hoài Đức District-2028.jpeg,0.1262004170566797,105.67646163580797E,21.023992710976582N
8539,Bà Rịa-1461.jpeg,0.1261693732813,107.17308790556855E,10.495683872572512N
8547,Cà Mau-666.jpeg,0.1260025585070252,105.22067548834109E,9.098110503687215N
8549,Bà Rịa-1636.jpeg,0.1259563434869051,107.2169423823457E,10.498378806098255N
8562,Cà Mau-5780.jpeg,0.1256566699594259,105.15106413773236E,9.169526242119304N
8563,Hoài Đức District-4227.jpeg,0.1256534606218338,105.69667139301329E,21.087323648833515N
8566,Cà Mau-3682.jpeg,0.1256124787032604,105.20975606079462E,9.146619307150521N
8568,Bà Rịa-1761.jpeg,0.1255721151828766,107.18542197716212E,10.501073739624001N
8569,Bà Rịa-3820.jpeg,0.125557498075068,107.17171745316925E,10.536107875458692N
8573,Cà Mau-9142.jpeg,0.1254801228642463,105.20156649013477E,9.209950245005393N
8581,Bà Rịa-2970.jpeg,0.1252633207477629,107.1785697151657E,10.52128574106709N
8586,Cà Mau-3172.jpeg,0.1251973621547222,105.26298827008364E,9.139881973336175N
8587,Hoài Đức District-808.jpeg,0.1251950971782207,105.69811494709938E,20.988958575140835N
8589,Hoài Đức District-4022.jpeg,0.125140834134072,105.67934874398014E,21.073848981204378N
8605,Hoài Đức District-406.jpeg,0.1248363349586725,105.70966337978815E,20.97817884103754N
8609,Cà Mau-9286.jpeg,0.1248169387690723,105.15515892306227E,9.212645178531133N
8618,Hoài Đức District-1573.jpeg,0.124641909264028,105.7212118124769E,21.009170576584534N
8630,Hoài Đức District-3628.jpeg,0.1245241044089198,105.68801006849672E,21.061721780338154N
8638,Cà Mau-448.jpeg,0.1244389656931161,105.20156649013477E,9.094068103398607N
8640,Cà Mau-683.jpeg,0.1243987055495381,105.24387927187733E,9.098110503687215N
8657,Cà Mau-55.jpeg,0.1240785112604498,105.24114941499072E,9.084635836058522N
8672,Cà Mau-192.jpeg,0.1239075027406215,105.22204041678441E,9.088678236347128N
8673,Cà Mau-240.jpeg,0.1238981494680047,105.20293141857805E,9.090025703110001N
8674,Sóc Trăng-2732.jpeg,0.1238949690014123,105.97773652732769E,9.62678504081191N
8682,Cà Mau-6267.jpeg,0.1237457199022173,105.27800248296005E,9.173568642407915N
8685,Cà Mau-2372.jpeg,0.1237039547413587,105.21112098923793E,9.129102239233216N
8696,Cà Mau-9144.jpeg,0.1235235016793012,105.20429634702138E,9.209950245005393N
8703,Sóc Trăng-2178.jpeg,0.1234420966356992,105.9572368492745E,9.616005306708946N
8707,Cà Mau-303.jpeg,0.1233987752348184,105.19474184791824E,9.091373169872869N
8710,Cà Mau-4437.jpeg,0.1233779862523078,105.11557599820632E,9.15605157449061N
8711,Cà Mau-10853.jpeg,0.1233745729550719,105.23022998744423E,9.238247047025663N
8719,Hoài Đức District-3422.jpeg,0.123161562718451,105.7154375961325E,21.056331913286495N
8722,Cà Mau-7036.jpeg,0.1231118403375148,105.1415096386292E,9.183000909747998N
8723,Hoài Đức District-1531.jpeg,0.1230942984111607,105.73564735333782E,21.007823109821615N
8727,Hoài Đức District-2778.jpeg,0.1230660350993275,105.70966337978815E,21.04150977889445N
8729,Cà Mau-8557.jpeg,0.1230460852384567,105.16334849372213E,9.201865444428178N
8730,Sóc Trăng-583.jpeg,0.1230354364961385,106.01600259302698E,9.580971170874308N
8733,Hoài Đức District-2660.jpeg,0.1229802072048187,105.70966337978815E,21.038814845368623N
8749,Hoài Đức District-3267.jpeg,0.1228049458004534,105.65769543268874E,21.05363697976067N
8768,Cà Mau-4795.jpeg,0.1223604129627347,105.26162334164034E,9.158746508016346N
8776,Cà Mau-1649.jpeg,0.1222678357735276,105.22067548834109E,9.116975038367388N
8778,Hoài Đức District-4037.jpeg,0.1222415203228592,105.70100205527157E,21.073848981204378N
8780,Cà Mau-1303.jpeg,0.1222177343443036,105.2370546296608E,9.110237704553043N
8788,Hoài Đức District-2662.jpeg,0.1220940239727497,105.71255048796033E,21.038814845368623N
8795,Cà Mau-11362.jpeg,0.1220198972150683,105.18791720570167E,9.24767931436575N
8797,Hoài Đức District-2691.jpeg,0.1220123749226331,105.6692438653775E,21.04016231213154N
8801,Cà Mau-5904.jpeg,0.1219503236934542,105.14014471018588E,9.170873708882175N
8802,Bà Rịa-1975.jpeg,0.1219300953671336,107.16212428637428E,10.505116139912618N
8806,Bà Rịa-3440.jpeg,0.121875031851232,107.17582881036712E,10.529370541644328N
8807,Cà Mau-1965.jpeg,0.1218700800091028,105.22750013055764E,9.122364905418868N
8811,Cà Mau-7363.jpeg,0.1218406055122613,105.12103571197956E,9.18704331003661N
8816,Cà Mau-7675.jpeg,0.1216958854347467,105.24387927187733E,9.18973824356235N
8818,Sóc Trăng-1185.jpeg,0.1216880958527326,106.000969495788E,9.594445838503015N
8823,Cà Mau-3992.jpeg,0.1216066628694534,105.16198356527879E,9.15066170743913N
8824,Sóc Trăng-1833.jpeg,0.121590013615787,105.94220375203544E,9.609267972894592N
8834,Cà Mau-2041.jpeg,0.1214050110429525,105.22204041678441E,9.123712372181739N
8844,Bà Rịa-1173.jpeg,0.1212288625538349,107.19912650115499E,10.488946538758148N
8846,Cà Mau-5121.jpeg,0.1212189942598342,105.17017313593865E,9.162788908304956N
8847,Sóc Trăng-1455.jpeg,0.1212120205163955,105.9572368492745E,9.60118317231737N
8856,Bà Rịa-1405.jpeg,0.121069018729031,107.1881628819607E,10.494336405809637N
8858,Cà Mau-3397.jpeg,0.1209737211465835,105.1264954257528E,9.143924373624783N
8866,Cà Mau-7795.jpeg,0.1207537120208144,105.25752855631042E,9.191085710325217N
8867,Bà Rịa-2432.jpeg,0.1207490973174572,107.20871966794996E,10.511853473726982N
8872,Cà Mau-5375.jpeg,0.1207198658958077,105.14833428084575E,9.165483841830692N
8873,Cà Mau-1567.jpeg,0.1207147967070341,105.20975606079462E,9.115627571604524N
8874,Cà Mau-3389.jpeg,0.1207118537276983,105.11557599820632E,9.143924373624783N
8885,Cà Mau-4070.jpeg,0.1205412913113832,105.10875135598977E,9.152009174201998N
8886,Cà Mau-10163.jpeg,0.1205074610188603,105.15652385150557E,9.227467312922704N
8891,Cà Mau-10128.jpeg,0.1204435308463871,105.21658070301116E,9.22611984615983N
8906,Hoài Đức District-1867.jpeg,0.1203452385962009,105.7197682583908E,21.018602843924928N
8916,Cà Mau-760.jpeg,0.1201821956783533,105.16471342216543E,9.100805437212957N
8926,Cà Mau-1248.jpeg,0.1199999088421464,105.16198356527879E,9.110237704553043N
8927,Bà Rịa-2442.jpeg,0.1199982771649956,107.2224241919428E,10.511853473726982N
8977,Cà Mau-8638.jpeg,0.1192870326340198,105.14014471018588E,9.203212911191047N
8978,Cà Mau-4426.jpeg,0.1192709105089306,105.10056178532992E,9.15605157449061N
8981,Sóc Trăng-386.jpeg,0.1192342648282647,106.0023361409915E,9.576928770585699N
8984,Bà Rịa-3678.jpeg,0.1191806136630475,107.18268107236354E,10.533412941932944N
8987,Cà Mau-3401.jpeg,0.1191435838118195,105.13195513952603E,9.143924373624783N
8994,Cà Mau-9328.jpeg,0.1189940106123685,105.21248591768125E,9.212645178531133N
9000,Hoài Đức District-915.jpeg,0.1188716595061123,105.71255048796033E,20.991653508666662N
9009,Cà Mau-10769.jpeg,0.1187453987076878,105.22204041678441E,9.236899580262792N
9012,Hoài Đức District-688.jpeg,0.118666935712099,105.67790518989406E,20.986263641615007N
9021,Cà Mau-947.jpeg,0.1185467131435871,105.23295984433088E,9.103500370738695N
9023,Bà Rịa-3314.jpeg,0.1185396574437618,107.21831283474498E,10.526675608118586N
9028,Cà Mau-1791.jpeg,0.1184782674536109,105.20702620390799E,9.119669971893128N
9040,Bà Rịa-920.jpeg,0.1182474372908473,107.17582881036712E,10.483556671706653N
9043,Cà Mau-7101.jpeg,0.1182306418195366,105.23022998744423E,9.183000909747998N
9044,Cà Mau-9040.jpeg,0.1182274874299764,105.18655227725836E,9.208602778242527N
9047,Cà Mau-8190.jpeg,0.1182067799381911,105.22067548834109E,9.196475577376699N
9048,Cà Mau-8933.jpeg,0.1181931365281343,105.16471342216543E,9.207255311479656N
9049,Bà Rịa-4095.jpeg,0.1181818265467882,107.21831283474498E,10.541497742510183N
9052,Bà Rịa-4591.jpeg,0.1181496959179639,107.2224241919428E,10.564404677479022N
9062,Sóc Trăng-2556.jpeg,0.1179571216925978,106.01190265741633E,9.622742640523299N
9064,Hoài Đức District-452.jpeg,0.1179264271631836,105.71255048796033E,20.97952630780045N
9065,Cà Mau-1107.jpeg,0.1179197700694203,105.16061863683551E,9.107542771027305N
9078,Cà Mau-2141.jpeg,0.1177460830658674,105.24660912876394E,9.125059838944608N
9081,Sóc Trăng-450.jpeg,0.1177172646857798,106.00643607660214E,9.578276237348572N
9084,Cà Mau-9397.jpeg,0.1176361693069338,105.18928213414499E,9.213992645294004N
9088,Cà Mau-3090.jpeg,0.1175967715680599,105.15106413773236E,9.139881973336175N
9089,Sóc Trăng-2968.jpeg,0.1175886206328868,106.02556910945181E,9.630827441100523N
9091,Bà Rịa-4073.jpeg,0.1175561677664518,107.1881628819607E,10.541497742510183N
9096,Hoài Đức District-3599.jpeg,0.1175179788842797,105.72265536656299E,21.060374313575235N
9097,Sóc Trăng-902.jpeg,0.1175173111259937,106.01326930261988E,9.587708504688663N
9108,Cà Mau-10245.jpeg,0.1173612363636493,105.16061863683551E,9.228814779685573N
9119,Hoài Đức District-1575.jpeg,0.1172544304281473,105.72409892064907E,21.009170576584534N
9138,Bà Rịa-871.jpeg,0.1170395463705062,107.18953333435996E,10.482209204943779N
9142,Cà Mau-5231.jpeg,0.1170207951217889,105.13604992485595E,9.164136375067825N
9144,Cà Mau-368.jpeg,0.1170035991817712,105.18791720570167E,9.092720636635738N
9149,Sóc Trăng-1157.jpeg,0.116953320801258,105.96270343008865E,9.594445838503015N
9153,Bà Rịa-2381.jpeg,0.1168857468292117,107.13882659558641E,10.511853473726982N
9162,Bà Rịa-4511.jpeg,0.1167756374925375,107.1689765483707E,10.556319876901785N
9164,Cà Mau-9532.jpeg,0.1167351752519607,105.15106413773236E,9.216687578819744N
9170,Cà Mau-4523.jpeg,0.1166459219530224,105.23295984433088E,9.15605157449061N
9171,Hoài Đức District-1474.jpeg,0.1166436774656176,105.72842958290738E,21.006475643058707N
9195,Hoài Đức District-1417.jpeg,0.1162133906036615,105.7212118124769E,21.005128176295795N
9199,Cà Mau-1661.jpeg,0.1161475265398621,105.2370546296608E,9.116975038367388N
9200,Bà Rịa-2370.jpeg,0.1161454822868108,107.12375161919425E,10.511853473726982N
9203,Hoài Đức District-1451.jpeg,0.1161182047799229,105.6952278389272E,21.006475643058707N
9212,Sóc Trăng-491.jpeg,0.1159480214118957,105.97773652732769E,9.579623704111441N
9217,Sóc Trăng-3059.jpeg,0.1158939935266971,105.96680336569932E,9.633522374626263N
9226,Bà Rịa-2094.jpeg,0.1158348005264997,107.21283102514784E,10.50646360667549N
9245,Lê Chân District-108.jpeg,0.115456567145884,106.68930968193568E,20.823103206601058N
9247,Cà Mau-7529.jpeg,0.1154118282720446,105.19610677636153E,9.188390776799478N
9250,Cà Mau-11410.jpeg,0.1153543246909976,105.17017313593865E,9.24902678112862N
9251,Hoài Đức District-3749.jpeg,0.1153394738212227,105.71688115021858E,21.064416713863977N
9256,Sóc Trăng-1143.jpeg,0.1152283558622002,105.94357039723903E,9.594445838503015N
9258,Hoài Đức District-3548.jpeg,0.1151846218854188,105.72987313699343E,21.059026846812326N
9259,Cà Mau-6829.jpeg,0.1151807410642504,105.18655227725836E,9.180305976222263N
9277,Cà Mau-2488.jpeg,0.1149725662544369,105.24933898565057E,9.130449705996087N
9279,Bà Rịa-2713.jpeg,0.1149674234911799,107.15253111957928E,10.51724334077847N
9280,Cà Mau-4775.jpeg,0.1149310143664479,105.23432477277417E,9.158746508016346N
9281,Sóc Trăng-2776.jpeg,0.1149140978232026,106.03786891628371E,9.62678504081191N
9285,Cà Mau-1805.jpeg,0.1148419352248311,105.22613520211434E,9.119669971893128N
9289,Sóc Trăng-2494.jpeg,0.1148148458451032,106.02010252863764E,9.621395173760428N
9294,Cà Mau-867.jpeg,0.1147559061646461,105.21794563145447E,9.102152903975828N
9301,Hoài Đức District-2059.jpeg,0.1146913198754191,105.7212118124769E,21.023992710976582N
9302,Hoài Đức District-686.jpeg,0.1146909324452281,105.67501808172187E,20.986263641615007N
9304,Cà Mau-1423.jpeg,0.1146597089245915,105.20975606079462E,9.112932638078782N
9307,Cà Mau-84.jpeg,0.1146117597818374,105.21248591768125E,9.085983302821392N
9319,Hoài Đức District-3042.jpeg,0.114417371340096,105.66058254086094E,21.048247112709017N
9321,Cà Mau-8786.jpeg,0.1144146313890814,105.21112098923793E,9.204560377953916N
9322,Cà Mau-5539.jpeg,0.1144126486033201,105.18791720570167E,9.166831308593567N
9323,Cà Mau-349.jpeg,0.114399429410696,105.16198356527879E,9.092720636635738N
9325,Cà Mau-9208.jpeg,0.1143757607787847,105.16880820749536E,9.211297711768264N
9341,Hoài Đức District-2902.jpeg,0.1141942115500569,105.71688115021858E,21.044204712420278N
9360,Cà Mau-3014.jpeg,0.1139908069744706,105.18928213414499E,9.138534506573302N
9364,Cà Mau-4097.jpeg,0.1139087667688727,105.14560442395911E,9.152009174201998N
9379,Hoài Đức District-3358.jpeg,0.1137193739414215,105.70677627161595E,21.054984446523587N
9396,Sóc Trăng-2364.jpeg,0.1135257380083203,106.02693575465534E,9.61870024023469N
9401,Bà Rịa-2462.jpeg,0.1134618371725082,107.13608569078782E,10.513200940489853N
9411,Cà Mau-7502.jpeg,0.1133857332170009,105.1592537083922E,9.188390776799478N
9414,Bà Rịa-3436.jpeg,0.1133505972102284,107.17034700076998E,10.529370541644328N
9417,Cà Mau-5017.jpeg,0.1133334515616297,105.21248591768125E,9.161441441542085N
9424,Cà Mau-9108.jpeg,0.1132199438288807,105.15515892306227E,9.209950245005393N
9430,Hoài Đức District-2511.jpeg,0.1131369732320308,105.6692438653775E,21.036119911842796N
9440,Sóc Trăng-1197.jpeg,0.1130351806059479,106.01736923823053E,9.594445838503015N
9456,Hoài Đức District-3484.jpeg,0.1128461835905909,105.7212118124769E,21.05767938004941N
9459,Hoài Đức District-1218.jpeg,0.1128099896013736,105.72987313699343E,20.999738309244147N
9466,Bà Rịa-4144.jpeg,0.112746175378561,107.21009012034928E,10.542845209273057N
9472,Hoài Đức District-1669.jpeg,0.1127129895612597,105.73131669107957E,21.011865510110365N
9473,Hoài Đức District-2296.jpeg,0.1127126757055521,105.68945362258283E,21.03073004479114N
9480,Bà Rịa-3076.jpeg,0.1126285586506128,107.21557192994639E,10.522633207829966N
9483,Hoài Đức District-2215.jpeg,0.1125727668404579,105.7212118124769E,21.02803511126532N
9493,Cà Mau-7742.jpeg,0.1124807428568601,105.18518734881506E,9.191085710325217N
9496,Lê Chân District-597.jpeg,0.1124581266194582,106.67200869178892E,20.85274747538512N
9497,Cà Mau-6428.jpeg,0.1124555189162492,105.14969920928903E,9.176263575933655N
9498,Cà Mau-8280.jpeg,0.1124502383172512,105.20293141857805E,9.197823044139565N
9499,Bà Rịa-2855.jpeg,0.1124439192935824,107.23886962073426E,10.518590807541345N
9504,Cà Mau-10480.jpeg,0.1124202655628323,105.15242906617566E,9.232857179974179N
9516,Hoài Đức District-2807.jpeg,0.1122985137626528,105.66635675720529E,21.04285724565737N
9517,Cà Mau-3260.jpeg,0.1122974418103694,105.2370546296608E,9.141229440099043N
9521,Cà Mau-7873.jpeg,0.1122138611972332,105.21385084612454E,9.192433177088088N
9523,Cà Mau-11161.jpeg,0.1122076362371444,105.21931055989775E,9.243636914077138N
9538,Bà Rịa-3309.jpeg,0.1120110098272562,107.21146057274855E,10.526675608118586N
9540,Cà Mau-9274.jpeg,0.1119854217395186,105.13877978174257E,9.212645178531133N
9542,Hoài Đức District-2277.jpeg,0.1119682816788554,105.73709090742392E,21.02938257802823N
9544,Sóc Trăng-2990.jpeg,0.111938870511949,105.9640700752922E,9.632174907863396N
9557,Bà Rịa-1259.jpeg,0.1118373591452837,107.15390157197854E,10.491641472283892N
9566,Cà Mau-10132.jpeg,0.1117542367428541,105.22204041678441E,9.22611984615983N
9576,Cà Mau-7818.jpeg,0.1116927890107035,105.13877978174257E,9.192433177088088N
9578,Lê Chân District-82.jpeg,0.1116751311346888,106.68065918686233E,20.821755739838142N
9583,Cà Mau-8831.jpeg,0.1116240955889225,105.14833428084575E,9.205907844716789N
9593,Cà Mau-6425.jpeg,0.1115249022841453,105.14560442395911E,9.176263575933655N
9618,Lê Chân District-214.jpeg,0.1112838359549641,106.66768344425226E,20.831188007178525N
9619,Bà Rịa-1715.jpeg,0.1112826634198427,107.2251650967414E,10.499726272861128N
9627,Sóc Trăng-1984.jpeg,0.1112127732485532,105.96817001090285E,9.611962906420333N
9628,Sóc Trăng-1780.jpeg,0.1112045962363481,105.9613367848851E,9.60792050613172N
9629,Hoài Đức District-2221.jpeg,0.1111892536282539,105.72987313699343E,21.02803511126532N
9631,Lê Chân District-380.jpeg,0.1111596263945102,106.66479994589449E,20.840620274518916N
9640,Hoài Đức District-3510.jpeg,0.1110639479011297,105.67501808172187E,21.059026846812326N
9644,Bà Rịa-3960.jpeg,0.1109455758705735,107.18953333435996E,10.538802808984437N
9645,Cà Mau-9552.jpeg,0.1109434096142649,105.17836270659852E,9.216687578819744N
9652,Bà Rịa-3302.jpeg,0.1108124526217579,107.20186740595354E,10.526675608118586N
9653,Cà Mau-9980.jpeg,0.1108103124424815,105.23159491588757E,9.223424912634092N
9662,Cà Mau-1316.jpeg,0.1106750126928091,105.1592537083922E,9.11158517131591N
9670,Cà Mau-10444.jpeg,0.110593176446855,105.21385084612454E,9.23150971321131N
9673,Lê Chân District-310.jpeg,0.1105538848787546,106.67633393932563E,20.836577874230176N
9675,Sóc Trăng-348.jpeg,0.1105299452319741,105.95040362325675E,9.576928770585699N
9676,Sóc Trăng-323.jpeg,0.1104894280433654,105.99686956017732E,9.57558130382283N
9678,Hoài Đức District-1630.jpeg,0.1104782428592443,105.73420379925176E,21.010518043347453N
9688,Cà Mau-566.jpeg,0.1103192316368222,105.1756328497119E,9.096763036924349N
9689,Lê Chân District-50.jpeg,0.1103173587471246,106.69075143111459E,20.81906080631231N
9690,Hoài Đức District-1713.jpeg,0.1103148385882377,105.67646163580797E,21.01456044363619N
9719,Cà Mau-7308.jpeg,0.1099015334621071,105.19747170480483E,9.18569584327374N
9720,Lê Chân District-537.jpeg,0.1098918048664927,106.67633393932563E,20.848705075096387N
9722,Sóc Trăng-2868.jpeg,0.1098614372313022,105.98046981773476E,9.629479974337654N
9737,Cà Mau-9034.jpeg,0.1097324630245566,105.17836270659852E,9.208602778242527N
9740,Lê Chân District-143.jpeg,0.1096705999225378,106.6821009360412E,20.825798140126878N
9749,Cà Mau-1323.jpeg,0.1095968158915638,105.16880820749536E,9.11158517131591N
9767,Sóc Trăng-1422.jpeg,0.1094337264075875,105.99823620538089E,9.599835705554499N
9780,Hoài Đức District-2773.jpeg,0.1093049896880984,105.70244560935767E,21.04150977889445N
9785,Bà Rịa-3449.jpeg,0.109258375596255,107.1881628819607E,10.529370541644328N
9787,Cà Mau-6247.jpeg,0.1092395251616835,105.25070391409388E,9.173568642407915N
9796,Cà Mau-6796.jpeg,0.109162475913763,105.1415096386292E,9.180305976222263N
9803,Bà Rịa-2398.jpeg,0.1091169388964772,107.16212428637428E,10.511853473726982N
9812,Cà Mau-10876.jpeg,0.1090133236721158,105.15515892306227E,9.239594513788528N
9818,Lê Chân District-44.jpeg,0.1089132223278284,106.6821009360412E,20.81906080631231N
9822,Sóc Trăng-1760.jpeg,0.1088788919150829,106.02420246424826E,9.606573039368852N
9824,Sóc Trăng-693.jpeg,0.1088308058679103,105.99140297936313E,9.583666104400052N
9826,Bà Rịa-2626.jpeg,0.1088048629462719,107.14293795278427E,10.515895874015602N
9828,Hoài Đức District-145.jpeg,0.1087695686146617,105.73709090742392E,20.96739910693423N
9847,Cà Mau-8925.jpeg,0.1085993209853768,105.15379399461897E,9.207255311479656N
9852,Cà Mau-4846.jpeg,0.1085575679317116,105.15652385150557E,9.160093974779219N
9855,Cà Mau-11648.jpeg,0.1085373479872942,105.2056612754647E,9.257111581705837N
9869,Cà Mau-2053.jpeg,0.1083722086623311,105.23841955810411E,9.123712372181739N
9872,Sóc Trăng-2784.jpeg,0.1083321254700422,105.9572368492745E,9.628132507574781N
9877,Cà Mau-5263.jpeg,0.1083121011033654,105.17972763504184E,9.164136375067825N
9893,Hoài Đức District-3401.jpeg,0.1082047331146895,105.68512296032453E,21.056331913286495N
9895,Cà Mau-8490.jpeg,0.1081974385306239,105.20975606079462E,9.200517977665308N
9899,Cà Mau-8187.jpeg,0.1081646624952554,105.21658070301116E,9.196475577376699N
9907,Bà Rịa-924.jpeg,0.1081151263788342,107.18131061996428E,10.483556671706653N
9908,Cà Mau-3306.jpeg,0.108082172460854,105.15242906617566E,9.142576906861914N
9926,Cà Mau-8464.jpeg,0.1079533006995916,105.1742679212686E,9.200517977665308N
9931,Cà Mau-11605.jpeg,0.1079097967594862,105.18928213414499E,9.255764114942968N
9934,Cà Mau-1799.jpeg,0.1078831078484654,105.21794563145447E,9.119669971893128N
9935,Sóc Trăng-3400.jpeg,0.1078812312334775,105.97910317253123E,9.642954641966357N
9936,Cà Mau-7393.jpeg,0.1078676953911781,105.16198356527879E,9.18704331003661N
9940,Hoài Đức District-1149.jpeg,0.1078281579539179,105.70244560935767E,20.99839084248123N
9941,Cà Mau-5480.jpeg,0.1078246864490211,105.10738642754647E,9.166831308593567N
9943,Hoài Đức District-3568.jpeg,0.1077933656051755,105.67790518989406E,21.060374313575235N
9945,Bà Rịa-1382.jpeg,0.1077888580039143,107.15664247677712E,10.494336405809637N
9958,Sóc Trăng-3162.jpeg,0.1076611382886767,105.9572368492745E,9.636217308152007N
9968,Hoài Đức District-3138.jpeg,0.107570475898683,105.71688115021858E,21.04959457947194N
9983,Cà Mau-150.jpeg,0.1074203448370099,105.2397844865474E,9.08733076958426N
9990,Cà Mau-4266.jpeg,0.1073589203879237,105.21385084612454E,9.15335664096487N
9996,Hoài Đức District-2904.jpeg,0.1072579314932227,105.7197682583908E,21.044204712420278N
10003,Cà Mau-10319.jpeg,0.1071662213653326,105.15242906617566E,9.230162246448442N
10010,Hoài Đức District-1769.jpeg,0.1070436295121908,105.69811494709938E,21.015907910399104N
10011,Sóc Trăng-1088.jpeg,0.1070378385484218,105.94630368764611E,9.593098371740146N
10020,Cà Mau-11803.jpeg,0.1068890197202563,105.19474184791824E,9.26519638228306N
10025,Cà Mau-680.jpeg,0.106829609721899,105.2397844865474E,9.098110503687215N
10027,Hoài Đức District-1017.jpeg,0.1068125776946544,105.72265536656299E,20.994348442192493N
10030,Sóc Trăng-1329.jpeg,0.1067889053374528,105.95587020407093E,9.598488238791628N
10031,Bà Rịa-514.jpeg,0.1067871563136577,107.16760609597144E,10.474124404366544N
10049,Cà Mau-668.jpeg,0.1066820872947573,105.2234053452277E,9.098110503687215N
10053,Hoài Đức District-1147.jpeg,0.1066542309708893,105.69955850118549E,20.99839084248123N
10054,Bà Rịa-4392.jpeg,0.1066364496946334,107.20323785835285E,10.550930009850294N
10060,Sóc Trăng-1594.jpeg,0.1065495638176798,105.97363659171704E,9.60387810584311N
10065,Cà Mau-2499.jpeg,0.1064936863258481,105.1415096386292E,9.131797172758956N
10067,Cà Mau-7701.jpeg,0.1064691124483943,105.1292252826394E,9.191085710325217N
10070,Cà Mau-6515.jpeg,0.1064245654270052,105.2684479838569E,9.176263575933655N
10075,Cà Mau-9045.jpeg,0.1063852356746792,105.19337691947491E,9.208602778242527N
10081,Bà Rịa-1332.jpeg,0.1063194582238793,107.17171745316925E,10.49298893904676N
10087,Hoài Đức District-4070.jpeg,0.106248999480158,105.67646163580797E,21.076543914730205N
10088,Cà Mau-786.jpeg,0.1062358599156141,105.20020156169147E,9.100805437212957N
10091,Cà Mau-703.jpeg,0.1062063733115792,105.17836270659852E,9.099457970450086N
10092,Hoài Đức District-3761.jpeg,0.1061948649585247,105.66346964903312E,21.06576418062689N
10098,Cà Mau-11535.jpeg,0.1061651837080717,105.17836270659852E,9.253069181417228N
10104,Cà Mau-9590.jpeg,0.1061435081064701,105.23022998744423E,9.216687578819744N
10107,Hoài Đức District-3878.jpeg,0.1061144573614001,105.70388916344376E,21.06845911415272N
10110,Lê Chân District-586.jpeg,0.1060878867283463,106.68354268522012E,20.851400008622207N
10112,Hoài Đức District-3767.jpeg,0.1060535702854394,105.67213097354968E,21.06576418062689N
10120,Cà Mau-10086.jpeg,0.1059593372046947,105.1592537083922E,9.22611984615983N
10122,Cà Mau-9726.jpeg,0.1059414790943265,105.20020156169147E,9.219382512345483N
10131,Bà Rịa-2204.jpeg,0.1058596717193722,107.13334478598927E,10.50915854020124N
10134,Sóc Trăng-974.jpeg,0.1058017592877149,105.94903697805321E,9.590403438214405N
10137,Cà Mau-11124.jpeg,0.1057811183854937,105.16880820749536E,9.243636914077138N
10141,Hoài Đức District-3356.jpeg,0.1057147476822137,105.70388916344376E,21.054984446523587N
10162,Hoài Đức District-1223.jpeg,0.1055533476173877,105.66346964903312E,21.00108577600706N
10166,Cà Mau-8044.jpeg,0.1055115768685936,105.16334849372213E,9.19512811061383N
10174,Cà Mau-10453.jpeg,0.1054660403169691,105.22613520211434E,9.23150971321131N
10177,Bà Rịa-1457.jpeg,0.1054516211152076,107.16760609597144E,10.495683872572512N
10181,Sóc Trăng-632.jpeg,0.1053947256878018,105.99550291497377E,9.582318637637183N
10188,Cà Mau-5175.jpeg,0.1053289044648408,105.24387927187733E,9.162788908304956N
10190,Bà Rịa-2519.jpeg,0.105308617465198,107.21420147754715E,10.513200940489853N
10191,Cà Mau-4321.jpeg,0.1053056735545396,105.12513049730948E,9.154704107727737N
10192,Cà Mau-4677.jpeg,0.1052975403144955,105.10056178532992E,9.158746508016346N
10193,Sóc Trăng-2521.jpeg,0.1052963575348258,105.9640700752922E,9.622742640523299N
10195,Cà Mau-11245.jpeg,0.1052742209285497,105.22613520211434E,9.244984380840009N
10215,Hoài Đức District-1159.jpeg,0.1051000161096453,105.71688115021858E,20.99839084248123N
10218,Bà Rịa-4358.jpeg,0.1050818869844079,107.21009012034928E,10.549582543087423N
10235,Cà Mau-5834.jpeg,0.1049499996006488,105.22477027367101E,9.169526242119304N
10242,Cà Mau-9007.jpeg,0.1049116048961877,105.1415096386292E,9.208602778242527N
10255,Cà Mau-920.jpeg,0.1048231404274702,105.19610677636153E,9.103500370738695N
10256,Hoài Đức District-88.jpeg,0.104810188524425,105.7197682583908E,20.964704173408407N
10259,Hoài Đức District-1123.jpeg,0.1047872640192508,105.66491320311923E,20.99839084248123N
10262,Hoài Đức District-3505.jpeg,0.1047717984765768,105.66780031129137E,21.059026846812326N
10263,Cà Mau-3191.jpeg,0.104766534641385,105.1428745670725E,9.141229440099043N
10273,Sóc Trăng-2543.jpeg,0.1046537235379219,105.99413626977025E,9.622742640523299N
10277,Sóc Trăng-2978.jpeg,0.1046321671456098,106.03923556148727E,9.630827441100523N
10293,Bà Rịa-1367.jpeg,0.1044815434142947,107.13608569078782E,10.494336405809637N
10294,Cà Mau-2484.jpeg,0.104480305686593,105.24387927187733E,9.130449705996087N
10307,Cà Mau-1117.jpeg,0.1043737670406699,105.1742679212686E,9.107542771027305N
10309,Sóc Trăng-1224.jpeg,0.1043583210557699,105.97500323692059E,9.595793305265886N
10320,Bà Rịa-2396.jpeg,0.1042573237791657,107.15938338157571E,10.511853473726982N
10329,Lê Chân District-439.jpeg,0.1041603116318583,106.67633393932563E,20.84331520804474N
10330,Cà Mau-9542.jpeg,0.104152675718069,105.16471342216543E,9.216687578819744N
10332,Hoài Đức District-3809.jpeg,0.1041238806210458,105.66780031129137E,21.067111647389805N
10345,Hoài Đức District-871.jpeg,0.1040392592549324,105.71832470430473E,20.990306041903757N
10361,Cà Mau-9529.jpeg,0.1038983799517154,105.14696935240242E,9.216687578819744N
10364,Cà Mau-3018.jpeg,0.103856548666954,105.19474184791824E,9.138534506573302N
10367,Sóc Trăng-1732.jpeg,0.1038285130634903,105.98593639854894E,9.606573039368852N
10377,Bà Rịa-2772.jpeg,0.1036925073713064,107.2333878111371E,10.51724334077847N
10379,Lê Chân District-263.jpeg,0.1036701938137412,106.67633393932563E,20.833882940704353N
10390,Cà Mau-5258.jpeg,0.1035577161237597,105.17290299282529E,9.164136375067825N
10396,Bà Rịa-2350.jpeg,0.103496266528964,107.21557192994639E,10.510506006964109N
10408,Cà Mau-2297.jpeg,0.1033907067030668,105.22750013055764E,9.127754772470347N
10410,Cà Mau-1808.jpeg,0.1033783331513404,105.23022998744423E,9.119669971893128N
10418,Bà Rịa-726.jpeg,0.1033315034583211,107.14979021478067E,10.479514271418035N
10432,Cà Mau-4111.jpeg,0.1032025227323174,105.16471342216543E,9.152009174201998N
10442,Sóc Trăng-3061.jpeg,0.1030983701348304,105.96953665610637E,9.633522374626263N
10445,Bà Rịa-1002.jpeg,0.1030864892527461,107.12649252399285E,10.4862516052324N
10475,Sóc Trăng-1428.jpeg,0.1028199382126331,106.00643607660214E,9.599835705554499N
10478,Cà Mau-6359.jpeg,0.1027898266911506,105.22613520211434E,9.174916109170782N
10485,Cà Mau-5659.jpeg,0.1027270592749118,105.16880820749536E,9.168178775356434N
10493,Sóc Trăng-96.jpeg,0.1026523765176534,105.94493704244255E,9.568843970008475N
10495,Cà Mau-2596.jpeg,0.1026347884908318,105.14833428084575E,9.133144639521824N
10505,Cà Mau-35.jpeg,0.1025600633583962,105.20429634702138E,9.084635836058522N
10523,Bà Rịa-1097.jpeg,0.1023420644924044,107.17582881036712E,10.487599071995271N
10530,Cà Mau-6312.jpeg,0.1022506477311253,105.16198356527879E,9.174916109170782N
10531,Lê Chân District-207.jpeg,0.1022476395592093,106.68786793275679E,20.829840540415614N
10535,Hoài Đức District-792.jpeg,0.1022002333775162,105.67501808172187E,20.988958575140835N
10542,Bà Rịa-400.jpeg,0.1021240958943963,107.1689765483707E,10.471429470840798N
10555,Bà Rịa-2653.jpeg,0.1020105425268411,107.17994016756498E,10.515895874015602N
10566,Hoài Đức District-2567.jpeg,0.1019302504137158,105.66346964903312E,21.037467378605715N
10573,Cà Mau-9898.jpeg,0.1018471103161573,105.2234053452277E,9.222077445871225N
10579,Sóc Trăng-2185.jpeg,0.1018036203458905,105.96680336569932E,9.616005306708946N
10597,Bà Rịa-3793.jpeg,0.101584430783987,107.23612871593569E,10.534760408695819N
10605,Cà Mau-11677.jpeg,0.1014795810915529,105.20293141857805E,9.258459048468708N
10607,Hoài Đức District-1359.jpeg,0.101474342867732,105.71255048796033E,21.003780709532883N
10614,Hoài Đức District-82.jpeg,0.1014181701466441,105.74286512376831E,20.96335670664549N
10620,Cà Mau-3799.jpeg,0.1014004675671458,105.21385084612454E,9.14796677391339N
10624,Bà Rịa-1965.jpeg,0.1013145865872502,107.14841976238142E,10.505116139912618N
10635,Cà Mau-1446.jpeg,0.1012495728209614,105.24114941499072E,9.112932638078782N
10637,Hoài Đức District-4062.jpeg,0.1012362092733383,105.69667139301329E,21.075196447967286N
10638,Hoài Đức District-3057.jpeg,0.1012308076024055,105.68223585215235E,21.048247112709017N
10644,Cà Mau-397.jpeg,0.1011587353423237,105.22750013055764E,9.092720636635738N
10659,Hoài Đức District-2177.jpeg,0.1010574754327535,105.66635675720529E,21.02803511126532N
10671,Cà Mau-10076.jpeg,0.1010068319737911,105.14560442395911E,9.22611984615983N
10682,Cà Mau-1679.jpeg,0.10092169418931,105.1592537083922E,9.118322505130257N
10690,Sóc Trăng-265.jpeg,0.100881821475923,105.98866968895605E,9.574233837059959N
10710,Cà Mau-7997.jpeg,0.1007445445284247,105.24114941499072E,9.193780643850957N
10718,Cà Mau-2853.jpeg,0.1006883410736918,105.24251434343404E,9.135839573047564N
10722,Hoài Đức District-1352.jpeg,0.1006630761548876,105.70244560935767E,21.003780709532883N
10736,Cà Mau-8046.jpeg,0.1005534036085009,105.16607835060873E,9.19512811061383N
10740,Cà Mau-11176.jpeg,0.100501948967576,105.2397844865474E,9.243636914077138N
10750,Cà Mau-334.jpeg,0.1004553912207484,105.2370546296608E,9.091373169872869N
10756,Sóc Trăng-2275.jpeg,0.1004160586744546,105.99823620538089E,9.617352773471817N
10762,Hoài Đức District-1564.jpeg,0.1003535501658916,105.70821982570205E,21.009170576584534N
10763,Cà Mau-1049.jpeg,0.1003438467159867,105.17836270659852E,9.106195304264435N
10767,Cà Mau-4537.jpeg,0.1002738680690527,105.25206884253721E,9.15605157449061N
10770,Cà Mau-695.jpeg,0.1002484057098627,105.16744327905207E,9.099457970450086N
10773,Hoài Đức District-2148.jpeg,0.1002363078296184,105.69955850118549E,21.026687644502402N
10777,Bà Rịa-1678.jpeg,0.1002194620668888,107.17445835796785E,10.499726272861128N
10791,Hoài Đức District-4136.jpeg,0.1001012194901704,105.68801006849672E,21.08058631501894N
10799,Cà Mau-5513.jpeg,0.1000220533460378,105.15242906617566E,9.166831308593567N
10811,Lê Chân District-401.jpeg,0.0999199636280536,106.69507667865125E,20.840620274518916N
10812,Bà Rịa-1178.jpeg,0.0999198108911514,107.12375161919425E,10.49029400552102N
10817,Hoài Đức District-463.jpeg,0.0998841943219304,105.72842958290738E,20.97952630780045N
10821,Sóc Trăng-1656.jpeg,0.099830656312406,105.97090330130993E,9.605225572605981N
10825,Hoài Đức District-175.jpeg,0.0998244723305106,105.73997801559614E,20.968746573697146N
10831,Sóc Trăng-718.jpeg,0.0998118901625275,105.93673717122128E,9.585013571162921N
10836,Sóc Trăng-1334.jpeg,0.0997338304296135,105.96270343008865E,9.598488238791628N
10840,Cà Mau-1810.jpeg,0.0997078670188784,105.23295984433088E,9.119669971893128N
10851,Bà Rịa-2614.jpeg,0.0996283749118447,107.23475826353643E,10.514548407252727N
10861,Cà Mau-9750.jpeg,0.0995452208444476,105.23295984433088E,9.219382512345483N
10869,Bà Rịa-1559.jpeg,0.0994530920870602,107.21009012034928E,10.497031339335381N
10888,Hoài Đức District-1154.jpeg,0.099208116531372,105.70966337978815E,20.99839084248123N
10890,Cà Mau-8307.jpeg,0.0991894714534282,105.2397844865474E,9.197823044139565N
10899,Cà Mau-1291.jpeg,0.0990877598524093,105.22067548834109E,9.110237704553043N
10906,Sóc Trăng-3508.jpeg,0.0990437818691134,105.98320310814186E,9.646997042254975N
10908,Hoài Đức District-3962.jpeg,0.0990295577794313,105.70388916344376E,21.071154047678547N
10911,Bà Rịa-2587.jpeg,0.0989761454984545,107.19775604875569E,10.514548407252727N
10921,Cà Mau-5501.jpeg,0.0988925211131572,105.13604992485595E,9.166831308593567N
10923,Cà Mau-962.jpeg,0.0988655434921383,105.15652385150557E,9.104847837501563N
10940,Bà Rịa-2711.jpeg,0.0987165560945868,107.14979021478067E,10.51724334077847N
10945,Cà Mau-273.jpeg,0.0986757902428507,105.24797405720727E,9.090025703110001N
10952,Cà Mau-10917.jpeg,0.0986389443278312,105.21112098923793E,9.239594513788528N
10965,Sóc Trăng-3408.jpeg,0.098523961380124,105.99003633415961E,9.642954641966357N
10973,Cà Mau-10777.jpeg,0.0984354857355356,105.23295984433088E,9.236899580262792N
10978,Bà Rịa-4451.jpeg,0.0983973434194922,107.17308790556855E,10.553624943376041N
10986,Sóc Trăng-3055.jpeg,0.0983186867088079,105.9613367848851E,9.633522374626263N
10988,Hoài Đức District-3256.jpeg,0.0983052467927336,105.72265536656299E,21.052289512997756N
10990,Cà Mau-10437.jpeg,0.0982948848977685,105.20429634702138E,9.23150971321131N
10996,Cà Mau-3909.jpeg,0.0982658481225371,105.20702620390799E,9.14931424067626N
11000,Hoài Đức District-3737.jpeg,0.0982273835688829,105.69955850118549E,21.064416713863977N
11004,Cà Mau-9902.jpeg,0.0982125950977206,105.22886505900094E,9.222077445871225N
11018,Sóc Trăng-1208.jpeg,0.0980844842270016,105.95313691366383E,9.595793305265886N
11024,Cà Mau-3395.jpeg,0.0980572598055005,105.12376556886618E,9.143924373624783N
11031,Hoài Đức District-943.jpeg,0.0980079490691423,105.68367940623844E,20.99300097542958N
11048,Cà Mau-9321.jpeg,0.0978552727028727,105.20293141857805E,9.212645178531133N
11052,Bà Rịa-1586.jpeg,0.0978448959067463,107.14841976238142E,10.498378806098255N
11059,Cà Mau-1416.jpeg,0.0978178866207599,105.20020156169147E,9.112932638078782N
11060,Hoài Đức District-4066.jpeg,0.0978166610002517,105.70821982570205E,21.075196447967286N
11065,Bà Rịa-4326.jpeg,0.0977941928431391,107.22105373954355E,10.548235076324548N
11066,Sóc Trăng-2237.jpeg,0.0977887897752225,105.94630368764611E,9.617352773471817N
11067,Cà Mau-9063.jpeg,0.0977831864729523,105.21794563145447E,9.208602778242527N
11071,Sóc Trăng-867.jpeg,0.0977442804723978,105.96543672049575E,9.587708504688663N
11073,Hoài Đức District-4099.jpeg,0.0977299287915229,105.69089717666891E,21.077891381493117N
11079,Bà Rịa-1459.jpeg,0.0976777980104088,107.17034700076998E,10.495683872572512N
11080,Cà Mau-2255.jpeg,0.0976777821779251,105.17017313593865E,9.127754772470347N
11083,Sóc Trăng-892.jpeg,0.0976681392639875,105.99960285058442E,9.587708504688663N
11086,Bà Rịa-1919.jpeg,0.0976533368229866,107.19227423915855E,10.503768673149745N
11090,Cà Mau-3621.jpeg,0.09760382771492,105.1264954257528E,9.146619307150521N
11095,Cà Mau-11137.jpeg,0.0975443879142403,105.18655227725836E,9.243636914077138N
11114,Hoài Đức District-3493.jpeg,0.0973689518868923,105.65047766225827E,21.059026846812326N
11131,Sóc Trăng-1552.jpeg,0.0972110731527209,106.00370278619505E,9.60253063908024N
11135,Cà Mau-37.jpeg,0.0971720051020383,105.20702620390799E,9.084635836058522N
11145,Cà Mau-2287.jpeg,0.0971136577427387,105.21385084612454E,9.127754772470347N
11171,Cà Mau-6589.jpeg,0.0969558758661151,105.19883663324816E,9.177611042696523N
11197,Hoài Đức District-1356.jpeg,0.0966955991461873,105.70821982570205E,21.003780709532883N
11212,Cà Mau-11805.jpeg,0.0965789863839745,105.19747170480483E,9.26519638228306N
11213,Sóc Trăng-27.jpeg,0.0965685239061713,105.95587020407093E,9.563454102956996N
11215,Hoài Đức District-3897.jpeg,0.0965451914817094,105.6692438653775E,21.06980658091564N
11218,Cà Mau-11093.jpeg,0.0965295024216175,105.2356897012175E,9.24228944731427N
11220,Sóc Trăng-843.jpeg,0.0965026533231139,105.92990394520353E,9.587708504688663N
11233,Cà Mau-181.jpeg,0.0963901448994875,105.20702620390799E,9.088678236347128N
11241,Cà Mau-3095.jpeg,0.0963118709623813,105.15788877994889E,9.139881973336175N
11253,Cà Mau-8118.jpeg,0.0962207149714231,105.12240064042288E,9.196475577376699N
11254,Cà Mau-394.jpeg,0.0962155037559568,105.2234053452277E,9.092720636635738N
11260,Cà Mau-3100.jpeg,0.0961737390607595,105.16471342216543E,9.139881973336175N
11275,Hoài Đức District-2847.jpeg,0.0960722602903842,105.72409892064907E,21.04285724565737N
11281,Cà Mau-9972.jpeg,0.0960438475012779,105.22067548834109E,9.223424912634092N
11290,Cà Mau-9388.jpeg,0.0959750851616263,105.1769977781552E,9.213992645294004N
11295,Cà Mau-1399.jpeg,0.095963385887444,105.1769977781552E,9.112932638078782N
11298,Hoài Đức District-3020.jpeg,0.0959316585212946,105.71399404204642E,21.04689964594611N
11300,Hoài Đức District-648.jpeg,0.0959080192260444,105.69811494709938E,20.984916174852096N
11311,Cà Mau-3443.jpeg,0.0958334971219301,105.18928213414499E,9.143924373624783N
11318,Sóc Trăng-239.jpeg,0.0957796769216656,105.94767033284965E,9.574233837059959N
11323,Sóc Trăng-1554.jpeg,0.095727109350264,106.00643607660214E,9.60253063908024N
11325,Hoài Đức District-3998.jpeg,0.0957241905853152,105.69667139301329E,21.07250151444146N
11331,Cà Mau-9288.jpeg,0.0956956846639514,105.15788877994889E,9.212645178531133N
11335,Hoài Đức District-1048.jpeg,0.0956479338929057,105.69955850118549E,20.995695908955405N
11341,Cà Mau-26.jpeg,0.0955921281129121,105.1920119910316E,9.084635836058522N
11347,Bà Rịa-3591.jpeg,0.0955669488757848,107.1689765483707E,10.532065475170075N
11351,Sóc Trăng-1045.jpeg,0.0955636221915483,105.96680336569932E,9.591750904977278N
11358,Hoài Đức District-2655.jpeg,0.0955033814534545,105.70244560935767E,21.038814845368623N
11364,Hoài Đức District-1815.jpeg,0.095469550229609,105.70533271752987E,21.017255377162012N
11370,Cà Mau-515.jpeg,0.095432102214545,105.19883663324816E,9.095415570161478N
11376,Cà Mau-6833.jpeg,0.0953716002404689,105.1920119910316E,9.180305976222263N
11396,Cà Mau-1015.jpeg,0.0952228736132383,105.22886505900094E,9.104847837501563N
11400,Sóc Trăng-3307.jpeg,0.0952055156230926,105.95997013968159E,9.64025970844062N
11401,Cà Mau-8825.jpeg,0.0952052939683198,105.14014471018588E,9.205907844716789N
11422,Hoài Đức District-1465.jpeg,0.0950759835541248,105.7154375961325E,21.006475643058707N
11427,Hoài Đức District-3050.jpeg,0.0950414771214127,105.67213097354968E,21.048247112709017N
11430,Lê Chân District-6.jpeg,0.0950301745906472,106.68065918686233E,20.8163658727865N
11439,Cà Mau-3637.jpeg,0.0949899721890688,105.14833428084575E,9.146619307150521N
11454,Cà Mau-861.jpeg,0.0949157932773232,105.20975606079462E,9.102152903975828N
11459,Bà Rịa-1574.jpeg,0.0948946708813309,107.13197433358997E,10.498378806098255N
11462,Bà Rịa-153.jpeg,0.0948850437998771,107.13608569078782E,10.464692137026438N
11465,Cà Mau-814.jpeg,0.0948699712753295,105.23841955810411E,9.100805437212957N
11468,Sóc Trăng-1027.jpeg,0.0948340641334652,105.94220375203544E,9.591750904977278N
11483,Bà Rịa-928.jpeg,0.094741990789771,107.18679242956141E,10.483556671706653N
11485,Cà Mau-7247.jpeg,0.0947145838290453,105.11421106976302E,9.18569584327374N
11488,Cà Mau-10275.jpeg,0.0947096459567546,105.20156649013477E,9.228814779685573N
11495,Hoài Đức District-879.jpeg,0.094651180319488,105.72987313699343E,20.990306041903757N
11501,Cà Mau-9495.jpeg,0.0946146668866276,105.20975606079462E,9.215340112056875N
11504,Sóc Trăng-190.jpeg,0.0945933014154434,106.01190265741633E,9.571538903534217N
11514,Hoài Đức District-833.jpeg,0.0945517821237444,105.73420379925176E,20.988958575140835N
11517,Bà Rịa-1041.jpeg,0.0945478016510605,107.17994016756498E,10.4862516052324N
11518,Hoài Đức District-294.jpeg,0.0945410635322332,105.72698602882127E,20.974136440748797N
11533,Cà Mau-1149.jpeg,0.0944303981959819,105.21794563145447E,9.107542771027305N
11537,Cà Mau-1853.jpeg,0.0944030061364173,105.18382242037175E,9.121017438655999N
11538,Cà Mau-2120.jpeg,0.0944004487246275,105.21794563145447E,9.125059838944608N
11543,Sóc Trăng-1938.jpeg,0.0943607687950134,105.99550291497377E,9.610615439657465N
11564,Hoài Đức District-1035.jpeg,0.0942152952775359,105.68079229806625E,20.995695908955405N
11569,Bà Rịa-2392.jpeg,0.0941627882421016,107.15390157197854E,10.511853473726982N
11571,Hoài Đức District-1427.jpeg,0.0941472817212343,105.73564735333782E,21.005128176295795N
11584,Hoài Đức District-3454.jpeg,0.09408606775105,105.67790518989406E,21.05767938004941N
11589,Sóc Trăng-611.jpeg,0.0940466839820146,105.96680336569932E,9.582318637637183N
11591,Cà Mau-7326.jpeg,0.0940371993929147,105.22204041678441E,9.18569584327374N
11598,Sóc Trăng-1278.jpeg,0.0939832963049411,105.96817001090285E,9.597140772028759N
11604,Hoài Đức District-3674.jpeg,0.0939498720690608,105.68079229806625E,21.063069247101065N
11605,Cà Mau-11333.jpeg,0.0939431712031364,105.24660912876394E,9.246331847602878N
11608,Lê Chân District-9.jpeg,0.0939239421859383,106.68498443439898E,20.8163658727865N
11614,Cà Mau-9688.jpeg,0.0938949100673198,105.14833428084575E,9.219382512345483N
11619,Sóc Trăng-854.jpeg,0.0938769411295652,105.94767033284965E,9.587708504688663N
11622,Sóc Trăng-1670.jpeg,0.0938629740849137,105.99003633415961E,9.605225572605981N
11628,Cà Mau-6681.jpeg,0.0938261933624744,105.15379399461897E,9.178958509459392N
11629,Hoài Đức District-3840.jpeg,0.0938217043876648,105.71255048796033E,21.067111647389805N
11631,Cà Mau-8927.jpeg,0.0938039207831025,105.15652385150557E,9.207255311479656N
11643,Sóc Trăng-922.jpeg,0.0937546137720346,105.9572368492745E,9.589055971451534N
11647,Bà Rịa-4081.jpeg,0.0937452735379338,107.19912650115499E,10.541497742510183N
11685,Cà Mau-9121.jpeg,0.0934888832271099,105.17290299282529E,9.209950245005393N
11688,Cà Mau-6957.jpeg,0.09347605984658,105.19610677636153E,9.181653442985132N
11706,Cà Mau-10440.jpeg,0.0933685852214694,105.20839113235131E,9.23150971321131N
11707,Cà Mau-7272.jpeg,0.0933649875223636,105.14833428084575E,9.18569584327374N
11709,Hoài Đức District-4230.jpeg,0.0933500556275248,105.68367940623844E,21.088671115596423N
11716,Hoài Đức District-458.jpeg,0.0932997921481728,105.7212118124769E,20.97952630780045N
11717,Cà Mau-870.jpeg,0.0932777589187026,105.22204041678441E,9.102152903975828N
11719,Cà Mau-11598.jpeg,0.0932595627382397,105.17972763504184E,9.255764114942968N
11721,Cà Mau-117.jpeg,0.0932474890723824,105.19064706258828E,9.08733076958426N
11722,Sóc Trăng-965.jpeg,0.093244818970561,106.01600259302698E,9.589055971451534N
11740,Sóc Trăng-2348.jpeg,0.0931143704801797,106.00506943139861E,9.61870024023469N
11756,Hoài Đức District-3136.jpeg,0.0930008282884955,105.71399404204642E,21.04959457947194N
11767,Cà Mau-5847.jpeg,0.0929477643221616,105.24251434343404E,9.169526242119304N
11771,Cà Mau-262.jpeg,0.0929265124723315,105.23295984433088E,9.090025703110001N
11773,Cà Mau-8800.jpeg,0.0929147405549883,105.23022998744423E,9.204560377953916N
11776,Cà Mau-8627.jpeg,0.0928841652348637,105.12513049730948E,9.203212911191047N
11788,Cà Mau-741.jpeg,0.0927972765639424,105.23022998744423E,9.099457970450086N
11796,Hoài Đức District-4101.jpeg,0.092741603963077,105.69378428484109E,21.077891381493117N
11799,Hoài Đức District-1519.jpeg,0.0927305640652775,105.71832470430473E,21.007823109821615N
11808,Bà Rịa-875.jpeg,0.0926721449941396,107.19501514395712E,10.482209204943779N
11810,Cà Mau-4850.jpeg,0.0926637593656778,105.16198356527879E,9.160093974779219N
11811,Bà Rịa-2995.jpeg,0.0926506915129721,107.21283102514784E,10.52128574106709N
11816,Sóc Trăng-215.jpeg,0.0926158702932298,105.97226994651348E,9.572886370297086N
11824,Cà Mau-6988.jpeg,0.0925777936354279,105.23841955810411E,9.181653442985132N
11836,Cà Mau-1412.jpeg,0.0925206039100885,105.19474184791824E,9.112932638078782N
11837,Cà Mau-5193.jpeg,0.0925202164798975,105.2684479838569E,9.162788908304956N
11839,Cà Mau-462.jpeg,0.0925080198794603,105.22067548834109E,9.094068103398607N
11840,Cà Mau-1882.jpeg,0.0925040375441312,105.2234053452277E,9.121017438655999N
11841,Cà Mau-3136.jpeg,0.0924968123435974,105.21385084612454E,9.139881973336175N
11843,Bà Rịa-4561.jpeg,0.0924952211789786,107.17171745316925E,10.5603622771904N
11846,Hoài Đức District-2581.jpeg,0.0924922637641429,105.68367940623844E,21.037467378605715N
11847,Hoài Đức District-2255.jpeg,0.092491808347404,105.70533271752987E,21.02938257802823N
11864,Cà Mau-10287.jpeg,0.0924084605649113,105.21794563145447E,9.228814779685573N
11881,Cà Mau-245.jpeg,0.0923326616175472,105.20975606079462E,9.090025703110001N
11897,Hoài Đức District-721.jpeg,0.0922086732462048,105.72554247473516E,20.986263641615007N
11904,Sóc Trăng-2491.jpeg,0.0921892235055565,106.01600259302698E,9.621395173760428N
11906,Cà Mau-1981.jpeg,0.0921843312680721,105.24933898565057E,9.122364905418868N
11907,Cà Mau-11571.jpeg,0.0921810055151581,105.18518734881506E,9.254416648180099N
11921,Cà Mau-7387.jpeg,0.0921005690470337,105.15379399461897E,9.18704331003661N
11924,Cà Mau-8396.jpeg,0.0920884851366281,105.22067548834109E,9.199170510902437N
11936,Hoài Đức District-3842.jpeg,0.0920377857983112,105.7154375961325E,21.067111647389805N
11940,Cà Mau-5494.jpeg,0.0920211700722575,105.1264954257528E,9.166831308593567N
11947,Sóc Trăng-368.jpeg,0.0919769946485757,105.97773652732769E,9.576928770585699N
11953,Cà Mau-11170.jpeg,0.0919640511274337,105.23159491588757E,9.243636914077138N
11957,Hoài Đức District-2013.jpeg,0.0919301323592662,105.72842958290738E,21.022645244213674N
11966,Hoài Đức District-1702.jpeg,0.091876795515418,105.7197682583908E,21.013212976873277N
11985,Lê Chân District-595.jpeg,0.0916960397735238,106.66912519343116E,20.85274747538512N
11991,Cà Mau-9227.jpeg,0.0916654821485281,105.19474184791824E,9.211297711768264N
12005,Sóc Trăng-3781.jpeg,0.091603229753673,106.000969495788E,9.659124243120807N
12009,Cà Mau-812.jpeg,0.0915531264618039,105.2356897012175E,9.100805437212957N
12012,Sóc Trăng-1315.jpeg,0.0915214791893959,106.01873588343409E,9.597140772028759N
12013,Cà Mau-198.jpeg,0.0915140761062502,105.23022998744423E,9.088678236347128N
12017,Hoài Đức District-1782.jpeg,0.0914947977289557,105.71688115021858E,21.015907910399104N
12019,Bà Rịa-2328.jpeg,0.0914758807048201,107.18542197716212E,10.510506006964109N
12036,Cà Mau-1340.jpeg,0.0914152069017291,105.1920119910316E,9.11158517131591N
12037,Bà Rịa-2796.jpeg,0.0914126504212617,107.15801292917641E,10.518590807541345N
12040,Hoài Đức District-4138.jpeg,0.0913800802081823,105.69089717666891E,21.08058631501894N
12050,Sóc Trăng-1787.jpeg,0.0913294656202197,105.97090330130993E,9.60792050613172N
12061,Cà Mau-1162.jpeg,0.0912597887217998,105.2356897012175E,9.107542771027305N
12070,Hoài Đức District-3655.jpeg,0.0912131387740373,105.72698602882127E,21.061721780338154N
12078,Bà Rịa-2324.jpeg,0.0911424197256565,107.17994016756498E,10.510506006964109N
12085,Hoài Đức District-2098.jpeg,0.091100382618606,105.70244560935767E,21.02534017773949N
12092,Cà Mau-4773.jpeg,0.0910635199397802,105.23159491588757E,9.158746508016346N
12095,Cà Mau-43.jpeg,0.0910461572930216,105.21521577456787E,9.084635836058522N
12097,Sóc Trăng-2551.jpeg,0.0910300007089972,106.00506943139861E,9.622742640523299N
12117,Bà Rịa-212.jpeg,0.0908740432932972,107.1689765483707E,10.466039603789307N
12125,Hoài Đức District-2115.jpeg,0.0908248974010348,105.72698602882127E,21.02534017773949N
12127,Cà Mau-8588.jpeg,0.0908237332478165,105.2056612754647E,9.201865444428178N
12132,Cà Mau-6179.jpeg,0.0907836221158504,105.15788877994889E,9.173568642407915N
12133,Lê Chân District-460.jpeg,0.0907822446897625,106.67056694261005E,20.844662674807644N
12135,Lê Chân District-93.jpeg,0.0907671619206667,106.69651842783017E,20.821755739838142N
12141,Hoài Đức District-2435.jpeg,0.0907378131523728,105.73276024516565E,21.03342497831697N
12146,Hoài Đức District-2955.jpeg,0.0907095437869429,105.70677627161595E,21.045552179183197N
12161,Bà Rịa-695.jpeg,0.0906327129341661,107.18405152476284E,10.478166804655162N
12163,Cà Mau-9719.jpeg,0.0906322901137173,105.19064706258828E,9.219382512345483N
12167,Cà Mau-513.jpeg,0.0906141763553023,105.19610677636153E,9.095415570161478N
12176,Cà Mau-9061.jpeg,0.0905589824542403,105.21521577456787E,9.208602778242527N
12188,Cà Mau-4185.jpeg,0.0904946457594633,105.26571812697027E,9.152009174201998N
12199,Lê Chân District-34.jpeg,0.0904028955847024,106.69507667865125E,20.817713339549414N
12222,Sóc Trăng-2080.jpeg,0.090274934656918,106.0078027218057E,9.613310373183204N
12228,Bà Rịa-2200.jpeg,0.0902487300336361,107.12786297639212E,10.50915854020124N
12252,Cà Mau-9390.jpeg,0.0901363622397184,105.17972763504184E,9.213992645294004N
12253,Hoài Đức District-4200.jpeg,0.0901334867812693,105.67646163580797E,21.085976182070596N
12254,Hoài Đức District-2397.jpeg,0.0901320520788431,105.67790518989406E,21.03342497831697N
12257,Bà Rịa-3106.jpeg,0.0901061929762363,107.14841976238142E,10.523980674592838N
12268,Bà Rịa-2130.jpeg,0.0900568859651684,107.14704930998212E,10.507811073438363N
12272,Bà Rịa-2376.jpeg,0.0900329826399684,107.13197433358997E,10.511853473726982N
12274,Cà Mau-450.jpeg,0.0900229904800653,105.20429634702138E,9.094068103398607N
12277,Cà Mau-1602.jpeg,0.0900164963677525,105.15652385150557E,9.116975038367388N
12278,Bà Rịa-263.jpeg,0.0899942917749285,107.11415845239928E,10.468734537315054N
12287,Bà Rịa-4130.jpeg,0.0899518653750419,107.19090378675926E,10.542845209273057N
12292,Sóc Trăng-1556.jpeg,0.0899041816592216,106.00916936700925E,9.60253063908024N
12297,Cà Mau-9366.jpeg,0.0898672668263316,105.14696935240242E,9.213992645294004N
12302,Cà Mau-5887.jpeg,0.0898495241999626,105.11694092664963E,9.170873708882175N
12313,Lê Chân District-445.jpeg,0.0898027122020721,106.68498443439898E,20.84331520804474N
12314,Cà Mau-160.jpeg,0.08979969099164,105.17836270659852E,9.088678236347128N
12317,Bà Rịa-3400.jpeg,0.0897702034562826,107.22790600153999E,10.528023074881455N
12322,Cà Mau-10161.jpeg,0.089725749567151,105.15379399461897E,9.227467312922704N
12332,Hoài Đức District-690.jpeg,0.0896712862886488,105.68079229806625E,20.986263641615007N
12347,Sóc Trăng-3305.jpeg,0.0895957620814442,105.9572368492745E,9.64025970844062N
12366,Cà Mau-2328.jpeg,0.0894918413832783,105.15106413773236E,9.129102239233216N
12379,Bà Rịa-1046.jpeg,0.0894101471640169,107.18679242956141E,10.4862516052324N
12386,Hoài Đức District-3473.jpeg,0.0893717091530561,105.70533271752987E,21.05767938004941N
12388,Cà Mau-3783.jpeg,0.0893588736653328,105.1920119910316E,9.14796677391339N
12402,Sóc Trăng-3157.jpeg,0.0892794262617826,106.02420246424826E,9.634869841389136N
12406,Bà Rịa-773.jpeg,0.0892597278580069,107.13608569078782E,10.480861738180907N
12409,Bà Rịa-3903.jpeg,0.0892294449731707,107.19501514395712E,10.537455342221564N
12420,Hoài Đức District-2830.jpeg,0.089175580535084,105.69955850118549E,21.04285724565737N
12428,Hoài Đức District-2851.jpeg,0.0891048237681388,105.72987313699343E,21.04285724565737N
12429,Sóc Trăng-1947.jpeg,0.0890875095501542,106.0078027218057E,9.610615439657465N
12431,Bà Rịa-3153.jpeg,0.0890822988003492,107.21283102514784E,10.523980674592838N
12436,Cà Mau-8287.jpeg,0.0890550576150417,105.21248591768125E,9.197823044139565N
12441,Cà Mau-1726.jpeg,0.0890241060405969,105.2234053452277E,9.118322505130257N
12455,Cà Mau-1367.jpeg,0.0889693461358547,105.22886505900094E,9.11158517131591N
12459,Cà Mau-651.jpeg,0.0889494232833385,105.20020156169147E,9.098110503687215N
12472,Cà Mau-7007.jpeg,0.0888686971738934,105.26708305541356E,9.181653442985132N
12476,Bà Rịa-2154.jpeg,0.0888372370973229,107.17994016756498E,10.507811073438363N
12481,Hoài Đức District-2883.jpeg,0.0888093607500195,105.68945362258283E,21.044204712420278N
12484,Cà Mau-10494.jpeg,0.0887721804901957,105.17153806438196E,9.232857179974179N
12492,Hoài Đức District-3516.jpeg,0.088714113458991,105.68367940623844E,21.059026846812326N
12508,Bà Rịa-3926.jpeg,0.088628826662898,107.22653554914069E,10.537455342221564N
12542,Cà Mau-10992.jpeg,0.08841416798532,105.2056612754647E,9.240941980551401N
12547,Lê Chân District-474.jpeg,0.088388885371387,106.69075143111459E,20.844662674807644N
12548,Cà Mau-1468.jpeg,0.0883873496204614,105.1742679212686E,9.114280104841653N
12553,Hoài Đức District-1885.jpeg,0.0883646560832858,105.68367940623844E,21.019950310687847N
12557,Cà Mau-1267.jpeg,0.0883573982864618,105.18791720570167E,9.110237704553043N
12563,Bà Rịa-666.jpeg,0.0883310660719871,107.14430840518357E,10.478166804655162N
12566,Cà Mau-11152.jpeg,0.0883171139284968,105.20702620390799E,9.243636914077138N
12576,Cà Mau-11076.jpeg,0.0882486305199563,105.21248591768125E,9.24228944731427N
12583,Cà Mau-6701.jpeg,0.0881933225318789,105.18109256348514E,9.178958509459392N
12604,Cà Mau-1189.jpeg,0.0881148953922092,105.1769977781552E,9.10889023779017N
12611,Sóc Trăng-2635.jpeg,0.0880808946676552,106.02830239985892E,9.62409010728617N
12613,Hoài Đức District-1751.jpeg,0.0880777658894658,105.73131669107957E,21.01456044363619N
12620,Bà Rịa-753.jpeg,0.0880474578589201,107.18679242956141E,10.479514271418035N
12638,Cà Mau-4036.jpeg,0.0879969764500856,105.22204041678441E,9.15066170743913N
12656,Bà Rịa-3480.jpeg,0.0879030302166938,107.23064690633855E,10.529370541644328N
12667,Hoài Đức District-2950.jpeg,0.087845804169774,105.69955850118549E,21.045552179183197N
12674,Sóc Trăng-1109.jpeg,0.0878198286518454,105.97500323692059E,9.593098371740146N
12681,Hoài Đức District-2356.jpeg,0.0877853818237781,105.69955850118549E,21.032077511554064N
12683,Bà Rịa-630.jpeg,0.0877805911004543,107.17034700076998E,10.476819337892293N
12686,Cà Mau-11253.jpeg,0.0877692503854632,105.2370546296608E,9.244984380840009N
12688,Cà Mau-1053.jpeg,0.0877594612538814,105.18382242037175E,9.106195304264435N
12695,Hoài Đức District-1745.jpeg,0.0877129593864083,105.72265536656299E,21.01456044363619N
12699,Bà Rịa-4190.jpeg,0.0876863477751612,107.20734921555069E,10.54419267603593N
12702,Cà Mau-6258.jpeg,0.0876515069976449,105.26571812697027E,9.173568642407915N
12713,Sóc Trăng-1183.jpeg,0.0875921361148357,105.99823620538089E,9.594445838503015N
12718,Cà Mau-10858.jpeg,0.0875667780637741,105.2370546296608E,9.238247047025663N
12740,Bà Rịa-3586.jpeg,0.0874349502846598,107.16212428637428E,10.532065475170075N
12744,Lê Chân District-54.jpeg,0.0874217674136161,106.66912519343116E,20.820408273075234N
12756,Bà Rịa-2031.jpeg,0.0873705316334962,107.12649252399285E,10.50646360667549N
12759,Bà Rịa-969.jpeg,0.0873394580557942,107.16212428637428E,10.484904138469528N
12770,Cà Mau-10371.jpeg,0.087289024144411,105.2234053452277E,9.230162246448442N
12782,Bà Rịa-1735.jpeg,0.0872307643294334,107.14979021478067E,10.501073739624001N
12785,Sóc Trăng-335.jpeg,0.0872026262804865,106.01326930261988E,9.57558130382283N
12789,Cà Mau-6370.jpeg,0.0871818643063306,105.24114941499072E,9.174916109170782N
12802,Bà Rịa-542.jpeg,0.0871186861768364,107.12786297639212E,10.475471871129418N
12803,Hoài Đức District-2974.jpeg,0.0871124025434255,105.73420379925176E,21.045552179183197N
12812,Sóc Trăng-110.jpeg,0.0870658056810498,105.9640700752922E,9.568843970008475N
12813,Sóc Trăng-565.jpeg,0.0870627993717789,105.99140297936313E,9.580971170874308N
12818,Cà Mau-278.jpeg,0.0870491261593997,105.2547986994238E,9.090025703110001N
12828,Sóc Trăng-470.jpeg,0.0869926121085882,105.94903697805321E,9.579623704111441N
12835,Bà Rịa-3112.jpeg,0.0869756778702139,107.15664247677712E,10.523980674592838N
12837,Hoài Đức District-1606.jpeg,0.0869683744385838,105.69955850118549E,21.010518043347453N
12843,Sóc Trăng-188.jpeg,0.0869502043351531,106.00916936700925E,9.571538903534217N
12855,Hoài Đức District-1541.jpeg,0.0868862215429544,105.67501808172187E,21.009170576584534N
12864,Cà Mau-6013.jpeg,0.0868624499998986,105.10875135598977E,9.172221175645044N
12866,Bà Rịa-1217.jpeg,0.0868605840951204,107.17719926276641E,10.49029400552102N
12868,Sóc Trăng-747.jpeg,0.0868544103577733,105.97636988212413E,9.585013571162921N
12877,Hoài Đức District-2972.jpeg,0.0868016760796308,105.73131669107957E,21.045552179183197N
12893,Cà Mau-1994.jpeg,0.0867384420707821,105.15788877994889E,9.123712372181739N
12914,Bà Rịa-2628.jpeg,0.0866456255316734,107.14567885758284E,10.515895874015602N
12922,Bà Rịa-4057.jpeg,0.0865944195538759,107.2443514303314E,10.54015027574731N
12932,Cà Mau-9074.jpeg,0.0865271901711821,105.23295984433088E,9.208602778242527N
12946,Cà Mau-6091.jpeg,0.0864418735727667,105.21521577456787E,9.172221175645044N
12951,Bà Rịa-3116.jpeg,0.0863914731889963,107.16212428637428E,10.523980674592838N
12971,Cà Mau-7205.jpeg,0.0862788408994674,105.21248591768125E,9.184348376510869N
12972,Hoài Đức District-583.jpeg,0.0862724431790411,105.68367940623844E,20.983568708089184N
12992,Hoài Đức District-2513.jpeg,0.0861741127446293,105.67213097354968E,21.036119911842796N
12994,Hoài Đức District-2284.jpeg,0.0861688200384378,105.67213097354968E,21.03073004479114N
12997,Bà Rịa-472.jpeg,0.0861549065448343,107.1881628819607E,10.472776937603673N
12998,Cà Mau-4935.jpeg,0.0861491002142429,105.10056178532992E,9.161441441542085N
13004,Cà Mau-11281.jpeg,0.086127539165318,105.17017313593865E,9.246331847602878N
13014,Cà Mau-8181.jpeg,0.086088839918375,105.20839113235131E,9.196475577376699N
13015,Bà Rịa-1829.jpeg,0.0860819704830646,107.17582881036712E,10.502421206386876N
13047,Bà Rịa-2386.jpeg,0.0859395777806639,107.14567885758284E,10.511853473726982N
13054,Bà Rịa-3696.jpeg,0.0859139263629913,107.20734921555069E,10.533412941932944N
13060,Cà Mau-7408.jpeg,0.0859001036733388,105.18245749192842E,9.18704331003661N
13062,Sóc Trăng-158.jpeg,0.0858991341665387,105.94630368764611E,9.571538903534217N
13076,Cà Mau-8460.jpeg,0.0858501680195331,105.16880820749536E,9.200517977665308N
13099,Lê Chân District-541.jpeg,0.0857218792662024,106.6821009360412E,20.848705075096387N
13103,Cà Mau-9096.jpeg,0.0857001305557787,105.13877978174257E,9.209950245005393N
13106,Cà Mau-119.jpeg,0.0856921863742172,105.19337691947491E,9.08733076958426N
13118,Hoài Đức District-570.jpeg,0.0856443475931882,105.74286512376831E,20.982221241326275N
13125,Cà Mau-8645.jpeg,0.0856164712458849,105.14969920928903E,9.203212911191047N
13126,Cà Mau-11817.jpeg,0.0856096339412033,105.17972763504184E,9.266543849045929N
13128,Cà Mau-510.jpeg,0.0855919271707534,105.1920119910316E,9.095415570161478N
13133,Cà Mau-1122.jpeg,0.085580164566636,105.18109256348514E,9.107542771027305N
13135,Cà Mau-9619.jpeg,0.085574384778738,105.16198356527879E,9.218035045582615N
13144,Cà Mau-9114.jpeg,0.0855282675474882,105.16334849372213E,9.209950245005393N
13145,Bà Rịa-1967.jpeg,0.0855169435963034,107.15116066717998E,10.505116139912618N
13153,Cà Mau-11008.jpeg,0.085455534979701,105.22750013055764E,9.240941980551401N
13164,Cà Mau-10976.jpeg,0.0854146401397883,105.18382242037175E,9.240941980551401N
13170,Bà Rịa-2532.jpeg,0.0853767925873398,107.23201735873785E,10.513200940489853N
13185,Cà Mau-9691.jpeg,0.085313425399363,105.15242906617566E,9.219382512345483N
13187,Cà Mau-11747.jpeg,0.0853068502619862,105.18928213414499E,9.262501448757314N
13188,Hoài Đức District-1693.jpeg,0.085305550135672,105.70677627161595E,21.013212976873277N
13190,Cà Mau-247.jpeg,0.0852939868345856,105.21248591768125E,9.090025703110001N
13195,Cà Mau-826.jpeg,0.0852473443374037,105.16198356527879E,9.102152903975828N
13203,Bà Rịa-1638.jpeg,0.0851996913552284,107.21968328714426E,10.498378806098255N
13226,Cà Mau-9460.jpeg,0.0850794808939099,105.16198356527879E,9.215340112056875N
13228,Bà Rịa-1208.jpeg,0.0850769374519586,107.16486519117282E,10.49029400552102N
13230,Cà Mau-203.jpeg,0.0850624488666653,105.2370546296608E,9.088678236347128N
13231,Sóc Trăng-1584.jpeg,0.0850549507886171,105.95997013968159E,9.60387810584311N
13234,Hoài Đức District-1827.jpeg,0.0850323997437954,105.72265536656299E,21.017255377162012N
13249,Cà Mau-8559.jpeg,0.0849822573363781,105.16607835060873E,9.201865444428178N
13250,Hoài Đức District-3895.jpeg,0.0849804664030671,105.66635675720529E,21.06980658091564N
13257,Cà Mau-14.jpeg,0.0849600611254572,105.22477027367101E,9.083288369295653N
13263,Sóc Trăng-3134.jpeg,0.0849363915622234,105.99276962456669E,9.634869841389136N
13266,Cà Mau-11445.jpeg,0.0849297549575567,105.24933898565057E,9.24902678112862N
13286,Hoài Đức District-15.jpeg,0.0848334264010191,105.71832470430473E,20.959314306356756N
13297,Cà Mau-6082.jpeg,0.0847629383206367,105.20293141857805E,9.172221175645044N
13302,Lê Chân District-14.jpeg,0.0847347183153033,106.69219318029346E,20.8163658727865N
13303,Cà Mau-1626.jpeg,0.0847325297072529,105.18928213414499E,9.116975038367388N
13307,Hoài Đức District-52.jpeg,0.0847117491066455,105.72842958290738E,20.962009239882576N
13308,Cà Mau-4099.jpeg,0.0847024228423833,105.14833428084575E,9.152009174201998N
13312,Bà Rịa-1718.jpeg,0.0846851780079305,107.12649252399285E,10.501073739624001N
13318,Bà Rịa-2639.jpeg,0.0846202513203024,107.160753833975E,10.515895874015602N
13319,Cà Mau-1145.jpeg,0.0846028104424476,105.21248591768125E,9.107542771027305N
13325,Bà Rịa-4019.jpeg,0.0845626704394817,107.19227423915855E,10.54015027574731N
13330,Hoài Đức District-1818.jpeg,0.084550998173654,105.70966337978815E,21.017255377162012N
13331,Cà Mau-6445.jpeg,0.0845492025837302,105.17290299282529E,9.176263575933655N
13332,Bà Rịa-4045.jpeg,0.0845490442588925,107.22790600153999E,10.54015027574731N
13335,Sóc Trăng-2294.jpeg,0.0845361836254596,106.02420246424826E,9.617352773471817N
13339,Cà Mau-3642.jpeg,0.0845290441066026,105.15515892306227E,9.146619307150521N
13342,Sóc Trăng-3181.jpeg,0.08451933786273,105.98730304375252E,9.636217308152007N
13350,Cà Mau-2199.jpeg,0.0844493005424737,105.21112098923793E,9.126407305707477N
13352,Cà Mau-231.jpeg,0.0844468344002962,105.19064706258828E,9.090025703110001N
13384,Hoài Đức District-704.jpeg,0.0842808703891933,105.70100205527157E,20.986263641615007N
13387,Cà Mau-664.jpeg,0.084266684949398,105.21794563145447E,9.098110503687215N
13397,Hoài Đức District-3882.jpeg,0.0842158887535333,105.70966337978815E,21.06845911415272N
13407,Bà Rịa-636.jpeg,0.0841477289795875,107.1785697151657E,10.476819337892293N
13408,Bà Rịa-3444.jpeg,0.0841411324217915,107.18131061996428E,10.529370541644328N
13414,Sóc Trăng-2157.jpeg,0.084109179675579,106.02146917384115E,9.614657839946075N
13427,Bà Rịa-1291.jpeg,0.0840696459636092,107.19775604875569E,10.491641472283892N
13432,Hoài Đức District-3249.jpeg,0.0840422380715608,105.71255048796033E,21.052289512997756N
13437,Cà Mau-7871.jpeg,0.0840149894356727,105.21112098923793E,9.192433177088088N
13451,Hoài Đức District-226.jpeg,0.083963856101036,105.72842958290738E,20.971441507222973N
13460,Hoài Đức District-4233.jpeg,0.0839068833738565,105.68801006849672E,21.088671115596423N
13461,Bà Rịa-1727.jpeg,0.083906284533441,107.13882659558641E,10.501073739624001N
13475,Cà Mau-997.jpeg,0.0838344944640994,105.20429634702138E,9.104847837501563N
13476,Cà Mau-5021.jpeg,0.0838303351774811,105.21794563145447E,9.161441441542085N
13507,Sóc Trăng-3014.jpeg,0.083686756901443,105.99686956017732E,9.632174907863396N
13535,Cà Mau-10771.jpeg,0.0835328446701169,105.22477027367101E,9.236899580262792N
13543,Cà Mau-560.jpeg,0.0834794258698821,105.16744327905207E,9.096763036924349N
13545,Cà Mau-11717.jpeg,0.0834752391092479,105.18382242037175E,9.261153981994449N
13550,Cà Mau-10170.jpeg,0.08346329908818,105.16607835060873E,9.227467312922704N
13561,Hoài Đức District-1459.jpeg,0.0833956021815538,105.70677627161595E,21.006475643058707N
13571,Bà Rịa-2388.jpeg,0.0833503771573305,107.14841976238142E,10.511853473726982N
13572,Hoài Đức District-3066.jpeg,0.0833430448547005,105.6952278389272E,21.048247112709017N
13582,Cà Mau-941.jpeg,0.083308357745409,105.22477027367101E,9.103500370738695N
13586,Hoài Đức District-3253.jpeg,0.0832974752411246,105.71832470430473E,21.052289512997756N
13613,Sóc Trăng-1614.jpeg,0.0831905892118811,106.000969495788E,9.60387810584311N
13625,Sóc Trăng-1509.jpeg,0.0831384481862187,105.94493704244255E,9.60253063908024N
13641,Hoài Đức District-3893.jpeg,0.0830841055139899,105.66346964903312E,21.06980658091564N
13647,Hoài Đức District-115.jpeg,0.0830607833340764,105.72698602882127E,20.966051640171315N
13655,Cà Mau-1585.jpeg,0.0830229157581925,105.23432477277417E,9.115627571604524N
13659,Hoài Đức District-3269.jpeg,0.0829761200584471,105.66058254086094E,21.05363697976067N
13662,Cà Mau-5618.jpeg,0.0829704413190484,105.1128461413197E,9.168178775356434N
13677,Bà Rịa-138.jpeg,0.0828732224181294,107.11552890479857E,10.464692137026438N
13722,Cà Mau-7710.jpeg,0.0826692171394825,105.1415096386292E,9.191085710325217N
13732,Cà Mau-4072.jpeg,0.0826015630736947,105.11148121287638E,9.152009174201998N
13734,Cà Mau-2891.jpeg,0.082598584704101,105.16061863683551E,9.137187039810435N
13738,Cà Mau-2127.jpeg,0.0825821012258529,105.22750013055764E,9.125059838944608N
13753,Hoài Đức District-1610.jpeg,0.0825090408325195,105.70533271752987E,21.010518043347453N
13759,Sóc Trăng-1860.jpeg,0.082487435080111,105.97910317253123E,9.609267972894592N
13766,Bà Rịa-556.jpeg,0.082463595084846,107.14704930998212E,10.475471871129418N
13767,Bà Rịa-945.jpeg,0.0824591405689716,107.1292334287914E,10.484904138469528N
13768,Hoài Đức District-3661.jpeg,0.0824558064341545,105.65192121634436E,21.063069247101065N
13774,Sóc Trăng-2002.jpeg,0.0824404275044798,105.99276962456669E,9.611962906420333N
13778,Cà Mau-535.jpeg,0.0824252385646104,105.22613520211434E,9.095415570161478N
13779,Hoài Đức District-1955.jpeg,0.0824251314625144,105.71832470430473E,21.021297777450755N
13782,Hoài Đức District-1256.jpeg,0.0824226792901754,105.71110693387422E,21.00108577600706N
13792,Hoài Đức District-386.jpeg,0.082354255951941,105.68079229806625E,20.97817884103754N
13802,Hoài Đức District-3929.jpeg,0.0822926182299852,105.7154375961325E,21.06980658091564N
13804,Cà Mau-1010.jpeg,0.0822872342541813,105.22204041678441E,9.104847837501563N
13806,Cà Mau-6443.jpeg,0.0822836551815271,105.17017313593865E,9.176263575933655N
13808,Bà Rịa-4386.jpeg,0.0822793841361999,107.19501514395712E,10.550930009850294N
13810,Sóc Trăng-3356.jpeg,0.0822700466960668,105.96543672049575E,9.641607175203488N
13818,Hoài Đức District-1250.jpeg,0.0821946365758776,105.70244560935767E,21.00108577600706N
13829,Bà Rịa-1518.jpeg,0.0821441551670432,107.15390157197854E,10.497031339335381N
13830,Sóc Trăng-911.jpeg,0.0821439307183027,105.94220375203544E,9.589055971451534N
13836,Bà Rịa-1839.jpeg,0.0821104105561971,107.18953333435996E,10.502421206386876N
13852,Lê Chân District-174.jpeg,0.0820452030748128,106.66912519343116E,20.8284930736527N
13865,Bà Rịa-2339.jpeg,0.0819661300629377,107.20049695355428E,10.510506006964109N
13866,Cà Mau-675.jpeg,0.0819622110575437,105.23295984433088E,9.098110503687215N
13875,Bà Rịa-3997.jpeg,0.0819284720346331,107.24024007313356E,10.538802808984437N
13876,Hoài Đức District-1133.jpeg,0.0819275863468647,105.67934874398014E,20.99839084248123N
13877,Sóc Trăng-3697.jpeg,0.0819251285865902,106.000969495788E,9.653734376069325N
13878,Cà Mau-1984.jpeg,0.0819206507876515,105.1442394955158E,9.123712372181739N
13885,Bà Rịa-1050.jpeg,0.0818944219499826,107.19227423915855E,10.4862516052324N
13892,Cà Mau-9400.jpeg,0.0818459037691354,105.19337691947491E,9.213992645294004N
13901,Hoài Đức District-3538.jpeg,0.0818066159263253,105.7154375961325E,21.059026846812326N
13909,Cà Mau-1170.jpeg,0.0817743446677923,105.24660912876394E,9.107542771027305N
13911,Sóc Trăng-1565.jpeg,0.0817595198750495,106.02146917384115E,9.60253063908024N
13913,Cà Mau-8429.jpeg,0.0817470736801624,105.1264954257528E,9.200517977665308N
13921,Sóc Trăng-1980.jpeg,0.081708719022572,105.96270343008865E,9.611962906420333N
13927,Cà Mau-4738.jpeg,0.081671770196408,105.18382242037175E,9.158746508016346N
13929,Cà Mau-1509.jpeg,0.0816692914813757,105.23022998744423E,9.114280104841653N
13938,Cà Mau-4133.jpeg,0.0816358709707856,105.19474184791824E,9.152009174201998N
13941,Cà Mau-9700.jpeg,0.0816223993897438,105.16471342216543E,9.219382512345483N
13947,Cà Mau-765.jpeg,0.0816092165187001,105.17153806438196E,9.100805437212957N
13956,Cà Mau-5642.jpeg,0.0815577143803238,105.14560442395911E,9.168178775356434N
13981,Sóc Trăng-2549.jpeg,0.0814700899645686,106.0023361409915E,9.622742640523299N
13984,Cà Mau-1356.jpeg,0.0814499920234084,105.21385084612454E,9.11158517131591N
13985,Hoài Đức District-768.jpeg,0.0814491836354136,105.71688115021858E,20.987611108377926N
13989,Sóc Trăng-3297.jpeg,0.0814382452517747,106.01600259302698E,9.63891224167775N
13991,Cà Mau-1954.jpeg,0.0814310628920793,105.21248591768125E,9.122364905418868N
14019,Hoài Đức District-2968.jpeg,0.0813116487115621,105.72554247473516E,21.045552179183197N
14054,Hoài Đức District-1877.jpeg,0.0811171336099505,105.67213097354968E,21.019950310687847N
14055,Hoài Đức District-1726.jpeg,0.0811166856437921,105.6952278389272E,21.01456044363619N
14058,Cà Mau-6986.jpeg,0.0811030007898807,105.2356897012175E,9.181653442985132N
14071,Lê Chân District-298.jpeg,0.0810564481653273,106.69363492947235E,20.835230407467257N
14074,Cà Mau-11784.jpeg,0.081041186582297,105.20429634702138E,9.263848915520187N
14075,Lê Chân District-223.jpeg,0.081039760261774,106.68065918686233E,20.831188007178525N
14081,Sóc Trăng-3033.jpeg,0.0810260400176048,106.02283581904472E,9.632174907863396N
14083,Hoài Đức District-2437.jpeg,0.0810193922370672,105.73564735333782E,21.03342497831697N
14084,Cà Mau-9456.jpeg,0.0810180949047207,105.15652385150557E,9.215340112056875N
14091,Hoài Đức District-3018.jpeg,0.0810012072324752,105.71110693387422E,21.04689964594611N
14097,Hoài Đức District-3650.jpeg,0.0809681639075279,105.7197682583908E,21.061721780338154N
14102,Cà Mau-2308.jpeg,0.0809484501369297,105.24251434343404E,9.127754772470347N
14104,Hoài Đức District-184.jpeg,0.080934620462358,105.71110693387422E,20.97009404046006N
14105,Hoài Đức District-1157.jpeg,0.0809339685365557,105.71399404204642E,20.99839084248123N
14114,Sóc Trăng-3520.jpeg,0.0808959677815437,105.99960285058442E,9.646997042254975N
14117,Bà Rịa-1116.jpeg,0.0808852585032582,107.12101071439568E,10.488946538758148N
14119,Sóc Trăng-444.jpeg,0.0808792584575712,105.99823620538089E,9.578276237348572N
14129,Bà Rịa-2774.jpeg,0.0808514226227998,107.23612871593569E,10.51724334077847N
14138,Bà Rịa-147.jpeg,0.0808078860864043,107.12786297639212E,10.464692137026438N
14139,Bà Rịa-2019.jpeg,0.0808022953569889,107.2224241919428E,10.505116139912618N
14143,Bà Rịa-3131.jpeg,0.0807851534336805,107.18268107236354E,10.523980674592838N
14148,Hoài Đức District-4074.jpeg,0.0807577325031161,105.68223585215235E,21.076543914730205N
14153,Cà Mau-10606.jpeg,0.0807382706552743,105.21521577456787E,9.23420464673705N
14165,Hoài Đức District-40.jpeg,0.0806962121278047,105.73420379925176E,20.960661773119664N
14172,Bà Rịa-689.jpeg,0.0806819656863808,107.17582881036712E,10.478166804655162N
14173,Cà Mau-5418.jpeg,0.0806708475574851,105.20702620390799E,9.165483841830692N
14183,Cà Mau-11373.jpeg,0.0806357851251959,105.20293141857805E,9.24767931436575N
14190,Cà Mau-10393.jpeg,0.0805686181411147,105.1442394955158E,9.23150971321131N
14195,Hoài Đức District-2915.jpeg,0.0805514082312583,105.64903410817217E,21.045552179183197N
14204,Hoài Đức District-62.jpeg,0.0805155569687485,105.71399404204642E,20.96335670664549N
14205,Cà Mau-7062.jpeg,0.0805055703967809,105.1769977781552E,9.183000909747998N
14224,Hoài Đức District-199.jpeg,0.0804500244557857,105.73276024516565E,20.97009404046006N
14225,Hoài Đức District-47.jpeg,0.0804489599540829,105.7212118124769E,20.962009239882576N
14229,Hoài Đức District-4095.jpeg,0.0804428504779934,105.68512296032453E,21.077891381493117N
14235,Bà Rịa-1588.jpeg,0.0804169299080967,107.15116066717998E,10.498378806098255N
14241,Bà Rịa-1691.jpeg,0.0803867895156145,107.19227423915855E,10.499726272861128N
14247,Bà Rịa-857.jpeg,0.0803610710427165,107.17034700076998E,10.482209204943779N
14261,Bà Rịa-1330.jpeg,0.0802841121330857,107.1689765483707E,10.49298893904676N
14265,Sóc Trăng-1625.jpeg,0.0802773898467421,106.01600259302698E,9.60387810584311N
14266,Bà Rịa-1159.jpeg,0.0802745586261153,107.17994016756498E,10.488946538758148N
14283,Cà Mau-4220.jpeg,0.0801921598613262,105.15106413773236E,9.15335664096487N
14284,Bà Rịa-519.jpeg,0.0801817644387483,107.17445835796785E,10.474124404366544N
14301,Bà Rịa-2993.jpeg,0.0801003333181142,107.21009012034928E,10.52128574106709N
14302,Bà Rịa-4498.jpeg,0.0800900235772132,107.21283102514784E,10.554972410138912N
14309,Cà Mau-3860.jpeg,0.0800520903430879,105.14014471018588E,9.14931424067626N
14313,Sóc Trăng-2909.jpeg,0.0800445899367332,106.03650227108017E,9.629479974337654N
14314,Sóc Trăng-3783.jpeg,0.0800420939922332,106.00370278619505E,9.659124243120807N
14319,Hoài Đức District-1960.jpeg,0.0800246046856045,105.72554247473516E,21.021297777450755N
14325,Bà Rịa-4290.jpeg,0.0799985602498054,107.2251650967414E,10.546887609561676N
14328,Hoài Đức District-441.jpeg,0.0799825945869088,105.69667139301329E,20.97952630780045N
14329,Lê Chân District-294.jpeg,0.0799816949293017,106.68786793275679E,20.835230407467257N
14341,Lê Chân District-119.jpeg,0.0799169139936566,106.67633393932563E,20.824450673363973N
14344,Bà Rịa-3127.jpeg,0.0799067495390772,107.17719926276641E,10.523980674592838N
14356,Sóc Trăng-1134.jpeg,0.0798651501536369,106.00916936700925E,9.593098371740146N
14366,Bà Rịa-827.jpeg,0.0798270925879478,107.1292334287914E,10.482209204943779N
14380,Cà Mau-11834.jpeg,0.0797660369426012,105.1769977781552E,9.267891315808795N
14387,Cà Mau-5681.jpeg,0.0797389880754053,105.19883663324816E,9.168178775356434N
14388,Bà Rịa-989.jpeg,0.079737308435142,107.18953333435996E,10.484904138469528N
14391,Sóc Trăng-3526.jpeg,0.0797290606424212,106.0078027218057E,9.646997042254975N
14393,Sóc Trăng-2880.jpeg,0.0797277288511395,105.99686956017732E,9.629479974337654N
14399,Hoài Đức District-27.jpeg,0.0797068635001778,105.7154375961325E,20.960661773119664N
14418,Sóc Trăng-1303.jpeg,0.0796462669968605,106.0023361409915E,9.597140772028759N
14423,Cà Mau-9585.jpeg,0.0796257061883807,105.2234053452277E,9.216687578819744N
14431,Bà Rịa-724.jpeg,0.0795973790809512,107.14704930998212E,10.479514271418035N
14432,Bà Rịa-4205.jpeg,0.0795947900041937,107.22790600153999E,10.54419267603593N
14433,Hoài Đức District-4039.jpeg,0.079594001173973,105.70388916344376E,21.073848981204378N
14441,Hoài Đức District-3830.jpeg,0.0795724317431449,105.69811494709938E,21.067111647389805N
14467,Cà Mau-989.jpeg,0.0794602129608392,105.19337691947491E,9.104847837501563N
14470,Hoài Đức District-2165.jpeg,0.0794566376134753,105.72409892064907E,21.026687644502402N
14480,Hoài Đức District-2552.jpeg,0.0794246522709727,105.72842958290738E,21.036119911842796N
14483,Bà Rịa-389.jpeg,0.0794155346229672,107.15116066717998E,10.471429470840798N
14491,Hoài Đức District-3390.jpeg,0.0793726127594709,105.6692438653775E,21.056331913286495N
14502,Cà Mau-4091.jpeg,0.079328135587275,105.13741485329926E,9.152009174201998N
14503,Sóc Trăng-2152.jpeg,0.0793266268447041,106.01463594782342E,9.614657839946075N
14508,Cà Mau-1244.jpeg,0.0793179292231798,105.15652385150557E,9.110237704553043N
14509,Cà Mau-7151.jpeg,0.0793123617768287,105.13877978174257E,9.184348376510869N
14510,Lê Chân District-121.jpeg,0.0793087342754006,106.6792174376834E,20.824450673363973N
14515,Cà Mau-3990.jpeg,0.0792835867032408,105.1592537083922E,9.15066170743913N
14519,Sóc Trăng-1686.jpeg,0.0792739512398839,106.01190265741633E,9.605225572605981N
14522,Sóc Trăng-2273.jpeg,0.0792595474049449,105.99550291497377E,9.617352773471817N
14545,Cà Mau-5077.jpeg,0.0791568700224161,105.11011628443309E,9.162788908304956N
14547,Cà Mau-9110.jpeg,0.0791471228003501,105.15788877994889E,9.209950245005393N
14551,Hoài Đức District-1491.jpeg,0.079140346031636,105.67790518989406E,21.007823109821615N
14552,Cà Mau-1382.jpeg,0.0791386272758245,105.24933898565057E,9.11158517131591N
14557,Cà Mau-1563.jpeg,0.0791171621531248,105.20429634702138E,9.115627571604524N
14559,Sóc Trăng-3394.jpeg,0.0791144454851746,105.95860349447804E,9.642954641966357N
14574,Bà Rịa-386.jpeg,0.0790666369721293,107.14704930998212E,10.471429470840798N
14577,Bà Rịa-287.jpeg,0.0790542056784033,107.14704930998212E,10.468734537315054N
14580,Hoài Đức District-1528.jpeg,0.0790455769747495,105.73131669107957E,21.007823109821615N
14583,Cà Mau-1005.jpeg,0.0790353333577513,105.21521577456787E,9.104847837501563N
14585,Bà Rịa-2466.jpeg,0.0790273351594805,107.14156750038498E,10.513200940489853N
14590,Hoài Đức District-97.jpeg,0.079009523615241,105.73276024516565E,20.964704173408407N
14593,Cà Mau-7263.jpeg,0.0789967253804206,105.13604992485595E,9.18569584327374N
14625,Hoài Đức District-3589.jpeg,0.078834043815732,105.70821982570205E,21.060374313575235N
14637,Cà Mau-9702.jpeg,0.0787887815386056,105.16744327905207E,9.219382512345483N
14640,Cà Mau-590.jpeg,0.0787744922563433,105.20839113235131E,9.096763036924349N
14658,Cà Mau-11664.jpeg,0.0787165067158639,105.18518734881506E,9.258459048468708N
14660,Cà Mau-3519.jpeg,0.0787016749382019,105.1415096386292E,9.145271840387652N
14665,Hoài Đức District-1395.jpeg,0.0786917572841048,105.68945362258283E,21.005128176295795N
14666,Cà Mau-9090.jpeg,0.0786914993077516,105.13059021108272E,9.209950245005393N
14672,Cà Mau-7521.jpeg,0.0786668984219431,105.18518734881506E,9.188390776799478N
14675,Bà Rịa-681.jpeg,0.0786592988297343,107.16486519117282E,10.478166804655162N
14676,Bà Rịa-512.jpeg,0.0786580201238393,107.16486519117282E,10.474124404366544N
14684,Bà Rịa-2594.jpeg,0.0786219304427504,107.20734921555069E,10.514548407252727N
14692,Cà Mau-9916.jpeg,0.0785982217639684,105.1442394955158E,9.223424912634092N
14703,Sóc Trăng-2189.jpeg,0.078529049642384,105.97226994651348E,9.616005306708946N
14704,Hoài Đức District-3498.jpeg,0.0785268452018499,105.65769543268874E,21.059026846812326N
14709,Cà Mau-4811.jpeg,0.0784980077296495,105.10875135598977E,9.160093974779219N
14714,Bà Rịa-58.jpeg,0.0784827396273613,107.13882659558641E,10.459302269974943N
14726,Sóc Trăng-2375.jpeg,0.0784252132289111,105.94903697805321E,9.620047706997557N
14730,Sóc Trăng-2055.jpeg,0.0784207424148917,105.97363659171704E,9.613310373183204N
14731,Lê Chân District-193.jpeg,0.0784136950969696,106.69651842783017E,20.8284930736527N
14733,Hoài Đức District-1951.jpeg,0.0784084745682776,105.71255048796033E,21.021297777450755N
14734,Bà Rịa-88.jpeg,0.0783999385312199,107.12512207159355E,10.461997203500692N
14736,Sóc Trăng-3011.jpeg,0.0783948702737689,105.99276962456669E,9.632174907863396N
14738,Cà Mau-11128.jpeg,0.0783825395628809,105.1742679212686E,9.243636914077138N
14739,Cà Mau-1038.jpeg,0.0783807290717959,105.16334849372213E,9.106195304264435N
14751,Sóc Trăng-2451.jpeg,0.078336632810533,105.9613367848851E,9.621395173760428N
14754,Sóc Trăng-1434.jpeg,0.0783336488530039,106.01463594782342E,9.599835705554499N
14767,Hoài Đức District-2174.jpeg,0.0782829709351062,105.73709090742392E,21.026687644502402N
14772,Sóc Trăng-3530.jpeg,0.0782437110319733,106.01326930261988E,9.646997042254975N
14773,Hoài Đức District-890.jpeg,0.078239862807095,105.67646163580797E,20.991653508666662N
14774,Cà Mau-4591.jpeg,0.0782387908548116,105.15515892306227E,9.157399041253477N
14775,Bà Rịa-1439.jpeg,0.078232042491436,107.14293795278427E,10.495683872572512N
14777,Cà Mau-11018.jpeg,0.0782154519110918,105.24114941499072E,9.240941980551401N
14792,Bà Rịa-1494.jpeg,0.0781648037955164,107.21831283474498E,10.495683872572512N
14793,Sóc Trăng-1305.jpeg,0.0781585676595568,106.00506943139861E,9.597140772028759N
14799,Cà Mau-382.jpeg,0.0781360529363155,105.20702620390799E,9.092720636635738N
14807,Sóc Trăng-2514.jpeg,0.0780879668891429,105.95450355886739E,9.622742640523299N
14824,Bà Rịa-709.jpeg,0.0780312707647681,107.12649252399285E,10.479514271418035N
14845,Cà Mau-1041.jpeg,0.0779360877349972,105.16744327905207E,9.106195304264435N
14849,Bà Rịa-581.jpeg,0.0779282255098223,107.18131061996428E,10.475471871129418N
14851,Hoài Đức District-235.jpeg,0.0779252098873257,105.74142156968222E,20.971441507222973N
14853,Cà Mau-1921.jpeg,0.0779189700260758,105.16744327905207E,9.122364905418868N
14860,Bà Rịa-803.jpeg,0.0778914438560605,107.17719926276641E,10.480861738180907N
14865,Cà Mau-4040.jpeg,0.0778779662214219,105.22750013055764E,9.15066170743913N
14867,Cà Mau-4351.jpeg,0.0778682050295174,105.16607835060873E,9.154704107727737N
14887,Lê Chân District-134.jpeg,0.0777923520654439,106.66912519343116E,20.825798140126878N
14901,Hoài Đức District-1137.jpeg,0.0777250472456216,105.68512296032453E,20.99839084248123N
14914,Bà Rịa-2143.jpeg,0.0776629280298948,107.16486519117282E,10.507811073438363N
14928,Hoài Đức District-778.jpeg,0.0776111548766493,105.73131669107957E,20.987611108377926N
14937,Lê Chân District-117.jpeg,0.0775826228782534,106.67345044096784E,20.824450673363973N
14945,Cà Mau-1668.jpeg,0.0775527991354465,105.24660912876394E,9.116975038367388N
14953,Cà Mau-622.jpeg,0.077531901653856,105.16061863683551E,9.098110503687215N
14963,Bà Rịa-4006.jpeg,0.0775139639154076,107.17445835796785E,10.54015027574731N
14971,Bà Rịa-4098.jpeg,0.0774702159687876,107.2224241919428E,10.541497742510183N
14974,Cà Mau-2253.jpeg,0.0774594047106802,105.16744327905207E,9.127754772470347N
14975,Bà Rịa-407.jpeg,0.0774558428674936,107.1785697151657E,10.471429470840798N
14990,Sóc Trăng-2136.jpeg,0.0773677807301282,105.99276962456669E,9.614657839946075N
14991,Hoài Đức District-2.jpeg,0.077359652146697,105.72409892064907E,20.95661937283093N
14994,Hoài Đức District-143.jpeg,0.0773451114073395,105.73420379925176E,20.96739910693423N
15016,Lê Chân District-441.jpeg,0.077274995855987,106.6792174376834E,20.84331520804474N
15018,Cà Mau-6466.jpeg,0.0772692407481372,105.20156649013477E,9.176263575933655N
15025,Cà Mau-10448.jpeg,0.0772309880703687,105.21931055989775E,9.23150971321131N
15031,Bà Rịa-2135.jpeg,0.0771848205476999,107.15390157197854E,10.507811073438363N
15041,Cà Mau-3871.jpeg,0.0771616525016725,105.15515892306227E,9.14931424067626N
15042,Hoài Đức District-2469.jpeg,0.0771616245619952,105.69667139301329E,21.034772445079884N
15061,Cà Mau-1096.jpeg,0.077084532007575,105.24251434343404E,9.106195304264435N
15062,Bà Rịa-643.jpeg,0.0770843205973506,107.1881628819607E,10.476819337892293N
15076,Sóc Trăng-1950.jpeg,0.0770418886095285,106.01190265741633E,9.610615439657465N
15084,Bà Rịa-398.jpeg,0.0770119847729802,107.16623564357214E,10.471429470840798N
15088,Hoài Đức District-783.jpeg,0.0769997555762529,105.73853446151006E,20.987611108377926N
15089,Lê Chân District-296.jpeg,0.0769995786249637,106.69075143111459E,20.835230407467257N
15095,Sóc Trăng-456.jpeg,0.0769677264615893,106.01463594782342E,9.578276237348572N
15096,Cà Mau-236.jpeg,0.0769672882743179,105.19747170480483E,9.090025703110001N
15099,Cà Mau-5244.jpeg,0.0769502464681863,105.15379399461897E,9.164136375067825N
15119,Hoài Đức District-2608.jpeg,0.0768789649009704,105.72265536656299E,21.037467378605715N
15130,Bà Rịa-372.jpeg,0.076835049316287,107.12786297639212E,10.471429470840798N
15132,Sóc Trăng-3560.jpeg,0.0768190240487456,106.00506943139861E,9.648344509017845N
15146,Sóc Trăng-2240.jpeg,0.0767814116552472,105.95040362325675E,9.617352773471817N
15148,Bà Rịa-4400.jpeg,0.0767709724605083,107.21420147754715E,10.550930009850294N
15153,Cà Mau-10064.jpeg,0.0767637165263295,105.23841955810411E,9.224772379396962N
15154,Sóc Trăng-1430.jpeg,0.0767618203535676,106.00916936700925E,9.599835705554499N
15168,Cà Mau-10720.jpeg,0.0767100863158702,105.15515892306227E,9.236899580262792N
15176,Bà Rịa-739.jpeg,0.0766629436984658,107.16760609597144E,10.479514271418035N
15187,Cà Mau-8040.jpeg,0.0766249960288405,105.15788877994889E,9.19512811061383N
15188,Sóc Trăng-2335.jpeg,0.0766248293220996,105.98730304375252E,9.61870024023469N
15192,Hoài Đức District-445.jpeg,0.0766174206510186,105.70244560935767E,20.97952630780045N
15209,Sóc Trăng-1082.jpeg,0.076560772024095,106.01736923823053E,9.591750904977278N
15214,Sóc Trăng-41.jpeg,0.0765480063855648,105.95313691366383E,9.564801569719865N
15220,Cà Mau-4826.jpeg,0.076532419770956,105.1292252826394E,9.160093974779219N
15236,Bà Rịa-601.jpeg,0.0764847276732325,107.13060388119071E,10.476819337892293N
15239,Hoài Đức District-2092.jpeg,0.0764773963019251,105.69378428484109E,21.02534017773949N
15241,Hoài Đức District-1980.jpeg,0.076470423489809,105.68079229806625E,21.022645244213674N
15245,Bà Rịa-4292.jpeg,0.0764665622264146,107.22790600153999E,10.546887609561676N
15255,Cà Mau-5225.jpeg,0.0764374709688127,105.12786035419612E,9.164136375067825N
15259,Cà Mau-4932.jpeg,0.0764262056909501,105.27390769763011E,9.160093974779219N
15262,Sóc Trăng-194.jpeg,0.0764154596254229,105.94357039723903E,9.572886370297086N
15263,Lê Chân District-627.jpeg,0.0764149129390716,106.67056694261005E,20.85544240891095N
15268,Cà Mau-7609.jpeg,0.0764023503288626,105.15379399461897E,9.18973824356235N
15278,Cà Mau-8282.jpeg,0.0763853373937308,105.2056612754647E,9.197823044139565N
15282,Hoài Đức District-1829.jpeg,0.0763766150921583,105.72554247473516E,21.017255377162012N
15291,Cà Mau-10681.jpeg,0.0763541487976908,105.20975606079462E,9.235552113499919N
15293,Cà Mau-9929.jpeg,0.0763491885736584,105.16198356527879E,9.223424912634092N
15297,Bà Rịa-837.jpeg,0.0763299260288477,107.14293795278427E,10.482209204943779N
15302,Cà Mau-548.jpeg,0.0763125456869602,105.24387927187733E,9.095415570161478N
15308,Cà Mau-6869.jpeg,0.0762921702116727,105.24114941499072E,9.180305976222263N
15313,Sóc Trăng-468.jpeg,0.076278144493699,105.94630368764611E,9.579623704111441N
15321,Cà Mau-586.jpeg,0.076236224733293,105.20293141857805E,9.096763036924349N
15323,Cà Mau-588.jpeg,0.0762262688949704,105.2056612754647E,9.096763036924349N
15335,Cà Mau-3660.jpeg,0.0761990458704531,105.17972763504184E,9.146619307150521N
15336,Bà Rịa-216.jpeg,0.0761990202590823,107.17445835796785E,10.466039603789307N
15340,Cà Mau-10159.jpeg,0.0761760850436985,105.15106413773236E,9.227467312922704N
15342,Cà Mau-3310.jpeg,0.0761738121509552,105.15788877994889E,9.142576906861914N
15351,Sóc Trăng-3257.jpeg,0.0761405518278479,105.95450355886739E,9.63891224167775N
15352,Sóc Trăng-141.jpeg,0.0761369308456778,105.96953665610637E,9.570191436771347N
15353,Cà Mau-10843.jpeg,0.0761366039514541,105.21658070301116E,9.238247047025663N
15359,Sóc Trăng-184.jpeg,0.0761229842901229,106.00370278619505E,9.571538903534217N
15366,Bà Rịa-349.jpeg,0.0761102810502052,107.17171745316925E,10.470082004077927N
15374,Hoài Đức District-2117.jpeg,0.0760895619168877,105.72987313699343E,21.02534017773949N
15381,Cà Mau-9123.jpeg,0.0760521716438233,105.1756328497119E,9.209950245005393N
15385,Lê Chân District-304.jpeg,0.0760279865935444,106.66768344425226E,20.836577874230176N
15412,Cà Mau-10194.jpeg,0.0759285101667046,105.19883663324816E,9.227467312922704N
15421,Cà Mau-10944.jpeg,0.0758873121812939,105.24797405720727E,9.239594513788528N
15428,Hoài Đức District-4012.jpeg,0.0758662708103656,105.71688115021858E,21.07250151444146N
15429,Cà Mau-5355.jpeg,0.0758605683222413,105.12103571197956E,9.165483841830692N
15441,Lê Chân District-592.jpeg,0.0758170988410711,106.66479994589449E,20.85274747538512N
15451,Sóc Trăng-168.jpeg,0.0757710039615631,105.95997013968159E,9.571538903534217N
15460,Hoài Đức District-2367.jpeg,0.0757357715629041,105.7154375961325E,21.032077511554064N
15465,Bà Rịa-713.jpeg,0.0757223265245556,107.13197433358997E,10.479514271418035N
15469,Sóc Trăng-3168.jpeg,0.0757125485688448,105.96543672049575E,9.636217308152007N
15479,Sóc Trăng-333.jpeg,0.0756627591326832,106.01053601221281E,9.57558130382283N
15487,Cà Mau-1466.jpeg,0.0756425121799111,105.17153806438196E,9.114280104841653N
15492,Cà Mau-9381.jpeg,0.0756380115635693,105.16744327905207E,9.213992645294004N
15497,Bà Rịa-381.jpeg,0.0756209976971149,107.1401970479857E,10.471429470840798N
15507,Bà Rịa-4351.jpeg,0.0755892060697078,107.20049695355428E,10.549582543087423N
15510,Hoài Đức District-640.jpeg,0.0755669828504324,105.68656651441063E,20.984916174852096N
15513,Cà Mau-1027.jpeg,0.0755506567656993,105.24524420032064E,9.104847837501563N
15518,Cà Mau-1507.jpeg,0.0755402604117989,105.22750013055764E,9.114280104841653N
15530,Cà Mau-1683.jpeg,0.0755072543397545,105.16471342216543E,9.118322505130257N
15544,Bà Rịa-122.jpeg,0.0754494769498705,107.13882659558641E,10.463344670263565N
15553,Bà Rịa-1441.jpeg,0.0754241552203893,107.14567885758284E,10.495683872572512N
15556,Bà Rịa-182.jpeg,0.0754128033295273,107.12101071439568E,10.466039603789307N
15561,Cà Mau-2989.jpeg,0.0753971277736127,105.15515892306227E,9.138534506573302N
15565,Bà Rịa-145.jpeg,0.075386581942439,107.12512207159355E,10.464692137026438N
15574,Sóc Trăng-1.jpeg,0.0753562934696674,105.9572368492745E,9.560759169431252N
15575,Cà Mau-10113.jpeg,0.0753491139039397,105.19610677636153E,9.22611984615983N
15587,Cà Mau-10942.jpeg,0.0753078553825616,105.24524420032064E,9.239594513788528N
15592,Bà Rịa-1580.jpeg,0.075301076285541,107.1401970479857E,10.498378806098255N
15595,Bà Rịa-470.jpeg,0.0752768544480204,107.18542197716212E,10.472776937603673N
15602,Hoài Đức District-3611.jpeg,0.075238112360239,105.66346964903312E,21.061721780338154N
15613,Hoài Đức District-207.jpeg,0.0752038890495896,105.68367940623844E,20.971441507222973N
15619,Bà Rịa-1175.jpeg,0.0751799521967768,107.20186740595354E,10.488946538758148N
15620,Cà Mau-110.jpeg,0.0751780760474503,105.18109256348514E,9.08733076958426N
15636,Bà Rịa-4132.jpeg,0.0751139717176556,107.19364469155784E,10.542845209273057N
15645,Bà Rịa-410.jpeg,0.0750752389430999,107.18268107236354E,10.471429470840798N
15650,Cà Mau-1235.jpeg,0.0750302914530038,105.2397844865474E,9.10889023779017N
15653,Bà Rịa-1695.jpeg,0.0750132389366626,107.19775604875569E,10.499726272861128N
15660,Bà Rịa-90.jpeg,0.0749762384220957,107.12786297639212E,10.461997203500692N
15667,Hoài Đức District-473.jpeg,0.0749580864794552,105.66635675720529E,20.980873774563364N
15676,Hoài Đức District-835.jpeg,0.0749105494469404,105.66635675720529E,20.990306041903757N
15684,Cà Mau-11016.jpeg,0.0748861348256468,105.23841955810411E,9.240941980551401N
15695,Bà Rịa-948.jpeg,0.0748467855155468,107.13334478598927E,10.484904138469528N
15697,Lê Chân District-327.jpeg,0.0748448716476559,106.66479994589449E,20.837925340993092N
15708,Sóc Trăng-70.jpeg,0.0747983958572149,105.96680336569932E,9.566149036482734N
15722,Cà Mau-865.jpeg,0.0747445235028863,105.21521577456787E,9.102152903975828N
15740,Cà Mau-6252.jpeg,0.0746812811121344,105.25752855631042E,9.173568642407915N
15747,Hoài Đức District-3545.jpeg,0.0746597340330481,105.72554247473516E,21.059026846812326N
15761,Cà Mau-1931.jpeg,0.0746223488822579,105.18109256348514E,9.122364905418868N
15768,Bà Rịa-711.jpeg,0.0746049378067255,107.1292334287914E,10.479514271418035N
15776,Cà Mau-4186.jpeg,0.0745946979150176,105.10465657065986E,9.15335664096487N
15779,Cà Mau-5412.jpeg,0.0745814009569585,105.19883663324816E,9.165483841830692N
15815,Bà Rịa-1089.jpeg,0.0744765475392341,107.16486519117282E,10.487599071995271N
15821,Cà Mau-9693.jpeg,0.0744494562968611,105.15515892306227E,9.219382512345483N
15829,Sóc Trăng-2728.jpeg,0.0744219692423939,105.97226994651348E,9.62678504081191N
15830,Bà Rịa-660.jpeg,0.0744211999699473,107.13608569078782E,10.478166804655162N
15842,Hoài Đức District-1848.jpeg,0.0743671413511037,105.69234073075502E,21.018602843924928N
15850,Hoài Đức District-936.jpeg,0.074342347215861,105.67357452763576E,20.99300097542958N
15853,Bà Rịa-4371.jpeg,0.0743376640602946,107.22790600153999E,10.549582543087423N
15862,Cà Mau-9960.jpeg,0.0743022970855236,105.20429634702138E,9.223424912634092N
15878,Cà Mau-10119.jpeg,0.0742374639958143,105.20429634702138E,9.22611984615983N
15879,Cà Mau-345.jpeg,0.0742345312610268,105.25206884253721E,9.091373169872869N
15881,Hoài Đức District-3362.jpeg,0.0742334388196468,105.71255048796033E,21.054984446523587N
15885,Cà Mau-1229.jpeg,0.0742197427898645,105.23159491588757E,9.10889023779017N
15892,Lê Chân District-557.jpeg,0.0742053585126996,106.67345044096784E,20.8500525418593N
15920,Cà Mau-9956.jpeg,0.0741093792021274,105.19883663324816E,9.223424912634092N
15921,Bà Rịa-1091.jpeg,0.0740985004231333,107.16760609597144E,10.487599071995271N
15941,Cà Mau-11366.jpeg,0.0740355812013149,105.19337691947491E,9.24767931436575N
15957,Hoài Đức District-1697.jpeg,0.0739897452294826,105.71255048796033E,21.013212976873277N
15958,Bà Rịa-1308.jpeg,0.0739857200533151,107.13882659558641E,10.49298893904676N
15961,Cà Mau-6000.jpeg,0.0739766582846641,105.2711778407435E,9.170873708882175N
15965,Lê Chân District-17.jpeg,0.0739434864372015,106.67056694261005E,20.817713339549414N
15967,Sóc Trăng-330.jpeg,0.0739353341050446,106.00643607660214E,9.57558130382283N
15968,Hoài Đức District-2535.jpeg,0.0739351129159331,105.70388916344376E,21.036119911842796N
15969,Hoài Đức District-2877.jpeg,0.0739274993538856,105.68079229806625E,21.044204712420278N
15970,Hoài Đức District-476.jpeg,0.0739240255206823,105.67934874398014E,20.980873774563364N
15976,Cà Mau-810.jpeg,0.0739053795114159,105.23295984433088E,9.100805437212957N
15978,Bà Rịa-434.jpeg,0.0739022167399525,107.13608569078782E,10.472776937603673N
15983,Bà Rịa-274.jpeg,0.0738793844357132,107.1292334287914E,10.468734537315054N
15992,Cà Mau-11065.jpeg,0.0738395927473902,105.19747170480483E,9.24228944731427N
15999,Bà Rịa-847.jpeg,0.0738008851185441,107.15664247677712E,10.482209204943779N
16003,Sóc Trăng-1426.jpeg,0.0737698292359709,106.00370278619505E,9.599835705554499N
16005,Sóc Trăng-3570.jpeg,0.0737617677077651,106.01873588343409E,9.648344509017845N
16012,Bà Rịa-298.jpeg,0.0737156411632895,107.1689765483707E,10.468734537315054N
16029,Sóc Trăng-763.jpeg,0.0736558400094509,105.99823620538089E,9.585013571162921N
16031,Cà Mau-1455.jpeg,0.0736514227464795,105.15652385150557E,9.114280104841653N
16033,Bà Rịa-2988.jpeg,0.0736355679109692,107.20323785835285E,10.52128574106709N
16040,Sóc Trăng-2705.jpeg,0.0736118089407682,106.03240233546953E,9.625437574049041N
16056,Bà Rịa-800.jpeg,0.0735342260450124,107.17308790556855E,10.480861738180907N
16060,Hoài Đức District-2619.jpeg,0.0735173942521214,105.73853446151006E,21.037467378605715N
16068,Sóc Trăng-1753.jpeg,0.0735040418803691,106.01463594782342E,9.606573039368852N
16072,Bà Rịa-359.jpeg,0.0734927579760551,107.18953333435996E,10.470082004077927N
16081,Cà Mau-3852.jpeg,0.0734496591612696,105.1292252826394E,9.14931424067626N
16086,Hoài Đức District-597.jpeg,0.0734132826328277,105.70388916344376E,20.983568708089184N
16096,Cà Mau-5691.jpeg,0.07337346393615,105.21248591768125E,9.168178775356434N
16100,Lê Chân District-237.jpeg,0.0733571853488683,106.67056694261005E,20.83253547394144N
16105,Cà Mau-7932.jpeg,0.0733528472483158,105.15242906617566E,9.193780643850957N
16111,Lê Chân District-198.jpeg,0.0733296992257237,106.67489219014672E,20.829840540415614N
16112,Bà Rịa-1083.jpeg,0.0733267860487103,107.15664247677712E,10.487599071995271N
16140,Bà Rịa-703.jpeg,0.0732137779705226,107.19501514395712E,10.478166804655162N
16153,Cà Mau-9170.jpeg,0.0731738107278943,105.2397844865474E,9.209950245005393N
16154,Bà Rịa-2216.jpeg,0.0731730731204152,107.14979021478067E,10.50915854020124N
16158,Sóc Trăng-2007.jpeg,0.073164852336049,105.99960285058442E,9.611962906420333N
16168,Hoài Đức District-3781.jpeg,0.0731471590697765,105.69234073075502E,21.06576418062689N
16179,Cà Mau-6256.jpeg,0.073085440788418,105.26298827008364E,9.173568642407915N
16197,Bà Rịa-3122.jpeg,0.073005985468626,107.17034700076998E,10.523980674592838N
16227,Bà Rịa-4412.jpeg,0.0729128886014223,107.23064690633855E,10.550930009850294N
16229,Sóc Trăng-3006.jpeg,0.0729112699627876,105.98593639854894E,9.632174907863396N
16240,Lê Chân District-232.jpeg,0.0728583829477429,106.69363492947235E,20.831188007178525N
16246,Cà Mau-2269.jpeg,0.0728407204151153,105.18928213414499E,9.127754772470347N
16254,Bà Rịa-3928.jpeg,0.0728071890771389,107.22927645393926E,10.537455342221564N
16255,Bà Rịa-351.jpeg,0.07280561234802,107.17445835796785E,10.470082004077927N
16270,Hoài Đức District-4243.jpeg,0.0727495858445763,105.68512296032453E,21.091366049122254N
16273,Cà Mau-11395.jpeg,0.0727379955351352,105.24387927187733E,9.24767931436575N
16276,Bà Rịa-19.jpeg,0.0727237425744533,107.13882659558641E,10.456607336449201N
16285,Sóc Trăng-2996.jpeg,0.072707655839622,105.97226994651348E,9.632174907863396N
16289,Sóc Trăng-2325.jpeg,0.0726960087195038,105.97363659171704E,9.61870024023469N
16296,Sóc Trăng-3449.jpeg,0.072678605094552,105.99823620538089E,9.644302108729232N
16298,Cà Mau-1912.jpeg,0.072670548222959,105.15515892306227E,9.122364905418868N
16306,Bà Rịa-884.jpeg,0.0726505774073302,107.12649252399285E,10.483556671706653N
16318,Cà Mau-7598.jpeg,0.0726036848500371,105.13877978174257E,9.18973824356235N
16325,Cà Mau-194.jpeg,0.0725872837938368,105.22477027367101E,9.088678236347128N
16329,Cà Mau-10011.jpeg,0.0725639699958264,105.16607835060873E,9.224772379396962N
16332,Bà Rịa-1181.jpeg,0.0725541803985834,107.12786297639212E,10.49029400552102N
16361,Hoài Đức District-1424.jpeg,0.0724766794592142,105.73131669107957E,21.005128176295795N
16363,Hoài Đức District-3164.jpeg,0.0724618807435035,105.67213097354968E,21.05094204623485N
16364,Cà Mau-5620.jpeg,0.0724558043293654,105.11557599820632E,9.168178775356434N
16377,Sóc Trăng-3397.jpeg,0.0724173933267593,105.96270343008865E,9.642954641966357N
16391,Bà Rịa-2871.jpeg,0.0723874606192112,107.15253111957928E,10.519938274304222N
16395,Cà Mau-6959.jpeg,0.072371550835669,105.19883663324816E,9.181653442985132N
16402,Cà Mau-5823.jpeg,0.0723492335528135,105.20975606079462E,9.169526242119304N
16406,Sóc Trăng-1090.jpeg,0.072332383133471,105.94903697805321E,9.593098371740146N
16408,Hoài Đức District-3403.jpeg,0.0723254522308707,105.68801006849672E,21.056331913286495N
16409,Bà Rịa-4162.jpeg,0.0723225371912121,107.23475826353643E,10.542845209273057N
16430,Hoài Đức District-378.jpeg,0.0722693474963307,105.73131669107957E,20.976831374274624N
16442,Sóc Trăng-3779.jpeg,0.0722274472936987,105.99823620538089E,9.659124243120807N
16450,Bà Rịa-922.jpeg,0.0722096720710396,107.1785697151657E,10.483556671706653N
16453,Cà Mau-11727.jpeg,0.0722009856253862,105.19747170480483E,9.261153981994449N
16464,Cà Mau-964.jpeg,0.0721675502136349,105.1592537083922E,9.104847837501563N
16465,Hoài Đức District-3755.jpeg,0.072164230979979,105.72554247473516E,21.064416713863977N
16467,Cà Mau-10795.jpeg,0.0721628624014556,105.15106413773236E,9.238247047025663N
16479,Bà Rịa-1860.jpeg,0.0721173714846372,107.21831283474498E,10.502421206386876N
16493,Sóc Trăng-282.jpeg,0.0720968078821897,105.93810381642483E,9.57558130382283N
16494,Cà Mau-2791.jpeg,0.0720961755141615,105.15788877994889E,9.135839573047564N
16514,Cà Mau-10934.jpeg,0.072046797722578,105.23432477277417E,9.239594513788528N
16518,Hoài Đức District-252.jpeg,0.0720436293631792,105.71688115021858E,20.97278897398588N
16524,Hoài Đức District-1111.jpeg,0.0720270713791251,105.7197682583908E,20.997043375718317N
16527,Hoài Đức District-1966.jpeg,0.0720136663876473,105.73420379925176E,21.021297777450755N
16532,Cà Mau-4346.jpeg,0.0719988942146301,105.1592537083922E,9.154704107727737N
16535,Cà Mau-2273.jpeg,0.0719855679199099,105.19474184791824E,9.127754772470347N
16560,Bà Rịa-1263.jpeg,0.0719289081171155,107.15938338157571E,10.491641472283892N
16567,Cà Mau-10279.jpeg,0.0719068758189678,105.20702620390799E,9.228814779685573N
16576,Cà Mau-7652.jpeg,0.071874457411468,105.21248591768125E,9.18973824356235N
16577,Sóc Trăng-3388.jpeg,0.0718738920986652,106.01736923823053E,9.641607175203488N
16578,Cà Mau-4556.jpeg,0.0718668960034847,105.10738642754647E,9.157399041253477N
16589,Cà Mau-6811.jpeg,0.0718157440423965,105.16198356527879E,9.180305976222263N
16597,Sóc Trăng-2105.jpeg,0.0717888316139578,105.95040362325675E,9.614657839946075N
16604,Cà Mau-782.jpeg,0.0717715537175536,105.19474184791824E,9.100805437212957N
16608,Cà Mau-506.jpeg,0.0717560136690735,105.18655227725836E,9.095415570161478N
16611,Sóc Trăng-3028.jpeg,0.071725663729012,106.01600259302698E,9.632174907863396N
16613,Sóc Trăng-344.jpeg,0.0717187747359275,105.94493704244255E,9.576928770585699N
16614,Hoài Đức District-587.jpeg,0.0717158820480108,105.68945362258283E,20.983568708089184N
16619,Cà Mau-400.jpeg,0.0717027960345149,105.23159491588757E,9.092720636635738N
16625,Cà Mau-3618.jpeg,0.0716857314109802,105.12240064042288E,9.146619307150521N
16634,Bà Rịa-1576.jpeg,0.0716446102596819,107.13471523838855E,10.498378806098255N
16643,Bà Rịa-219.jpeg,0.0716072097420692,107.1785697151657E,10.466039603789307N
16654,Cà Mau-7313.jpeg,0.0715589122846722,105.20429634702138E,9.18569584327374N
16659,Bà Rịa-1202.jpeg,0.0715493313036859,107.15664247677712E,10.49029400552102N
16660,Cà Mau-5094.jpeg,0.0715486323460936,105.13332006796934E,9.162788908304956N
16690,Bà Rịa-882.jpeg,0.0714508034288883,107.12375161919425E,10.483556671706653N
16693,Bà Rịa-2510.jpeg,0.0714427577331662,107.20186740595354E,10.513200940489853N
16703,Sóc Trăng-3380.jpeg,0.0714116161689162,106.00643607660214E,9.641607175203488N
16706,Cà Mau-7656.jpeg,0.0714074894785881,105.21794563145447E,9.18973824356235N
16711,Cà Mau-1301.jpeg,0.0713951643556356,105.23432477277417E,9.110237704553043N
16712,Hoài Đức District-3375.jpeg,0.0713951336219906,105.64759055408611E,21.056331913286495N
16716,Cà Mau-2893.jpeg,0.0713803810067474,105.16334849372213E,9.137187039810435N
16721,Bà Rịa-4256.jpeg,0.0713604306802153,107.23612871593569E,10.545540142798801N
16727,Cà Mau-10725.jpeg,0.0713423695415258,105.16198356527879E,9.236899580262792N
16729,Sóc Trăng-581.jpeg,0.0713360300287604,106.01326930261988E,9.580971170874308N
16738,Cà Mau-649.jpeg,0.0713026970624923,105.19747170480483E,9.098110503687215N
16753,Hoài Đức District-2044.jpeg,0.07125976216048,105.69955850118549E,21.023992710976582N
16761,Hoài Đức District-1889.jpeg,0.0712336157448589,105.68945362258283E,21.019950310687847N
16768,Bà Rịa-2473.jpeg,0.0711980517953634,107.15116066717998E,10.513200940489853N
16769,Bà Rịa-632.jpeg,0.071195070631802,107.17308790556855E,10.476819337892293N
16784,Cà Mau-9492.jpeg,0.0711292866617441,105.2056612754647E,9.215340112056875N
16811,Cà Mau-9891.jpeg,0.07103022467345,105.21385084612454E,9.222077445871225N
16815,Bà Rịa-2498.jpeg,0.071022814605385,107.18542197716212E,10.513200940489853N
16824,Hoài Đức District-2585.jpeg,0.0709979804232716,105.68945362258283E,21.037467378605715N
16825,Hoài Đức District-677.jpeg,0.0709979608654975,105.73997801559614E,20.984916174852096N
16851,Cà Mau-10543.jpeg,0.070880311075598,105.23841955810411E,9.232857179974179N
16856,Bà Rịa-1000.jpeg,0.0708745429292321,107.12375161919425E,10.4862516052324N
16861,Cà Mau-484.jpeg,0.0708400206640362,105.25070391409388E,9.094068103398607N
16883,Cà Mau-725.jpeg,0.0707701789215207,105.20839113235131E,9.099457970450086N
16914,Sóc Trăng-2809.jpeg,0.0706748589873313,105.99140297936313E,9.628132507574781N
16927,Cà Mau-22.jpeg,0.0706208404153585,105.17972763504184E,9.084635836058522N
16937,Bà Rịa-1432.jpeg,0.0705933710560202,107.13334478598927E,10.495683872572512N
16940,Bà Rịa-4453.jpeg,0.0705890236422419,107.17582881036712E,10.553624943376041N
16953,Sóc Trăng-62.jpeg,0.0705431597307324,105.95587020407093E,9.566149036482734N
16955,Bà Rịa-741.jpeg,0.070540125016123,107.17034700076998E,10.479514271418035N
16958,Sóc Trăng-481.jpeg,0.070526648312807,105.9640700752922E,9.579623704111441N
16965,Bà Rịa-2731.jpeg,0.0705090630799532,107.17719926276641E,10.51724334077847N
16988,Cà Mau-6593.jpeg,0.0704184398055076,105.20429634702138E,9.177611042696523N
16992,Cà Mau-487.jpeg,0.0704022347927093,105.16061863683551E,9.095415570161478N
17002,Cà Mau-12.jpeg,0.070373173803091,105.22204041678441E,9.083288369295653N
17006,Cà Mau-371.jpeg,0.0703515950590372,105.1920119910316E,9.092720636635738N
17010,Bà Rịa-628.jpeg,0.0703477151691913,107.16760609597144E,10.476819337892293N
17012,Bà Rịa-522.jpeg,0.0703474590554833,107.1785697151657E,10.474124404366544N
17021,Bà Rịa-493.jpeg,0.0703255562111735,107.13882659558641E,10.474124404366544N
17023,Hoài Đức District-1883.jpeg,0.0703218160197138,105.68079229806625E,21.019950310687847N
17057,Cà Mau-1876.jpeg,0.0702075357548892,105.21521577456787E,9.121017438655999N
17063,Sóc Trăng-3329.jpeg,0.0701851826161146,105.99686956017732E,9.64025970844062N
17066,Bà Rịa-82.jpeg,0.0701705757528543,107.11689935719782E,10.461997203500692N
17084,Cà Mau-3393.jpeg,0.0701136067509651,105.12103571197956E,9.143924373624783N
17085,Cà Mau-1812.jpeg,0.0701083960011601,105.2356897012175E,9.119669971893128N
17102,Cà Mau-10031.jpeg,0.0700442944653332,105.19337691947491E,9.224772379396962N
17169,Cà Mau-2722.jpeg,0.0698309363797307,105.19337691947491E,9.134492106284695N
17178,Bà Rịa-4456.jpeg,0.0698129329830408,107.1963855963564E,10.553624943376041N
17182,Hoài Đức District-4205.jpeg,0.0697974506765604,105.68367940623844E,21.085976182070596N
17207,Cà Mau-409.jpeg,0.0697207571938633,105.24387927187733E,9.092720636635738N
17211,Sóc Trăng-2756.jpeg,0.0697090346366167,106.01053601221281E,9.62678504081191N
17213,Sóc Trăng-2009.jpeg,0.0696946242824196,106.0023361409915E,9.611962906420333N
17227,Hoài Đức District-2676.jpeg,0.0696416739374399,105.73276024516565E,21.038814845368623N
17232,Bà Rịa-3207.jpeg,0.0696206912398338,107.17994016756498E,10.52532814135571N
17233,Cà Mau-11475.jpeg,0.0696143475361168,105.19883663324816E,9.250374247891491N
17253,Bà Rịa-3984.jpeg,0.0695498250424861,107.2224241919428E,10.538802808984437N
17256,Cà Mau-2334.jpeg,0.0695455856621265,105.1592537083922E,9.129102239233216N
17259,Hoài Đức District-19.jpeg,0.0695403078570962,105.72409892064907E,20.959314306356756N
17261,Hoài Đức District-3758.jpeg,0.0695199808105826,105.64759055408611E,21.06576418062689N
17262,Bà Rịa-3595.jpeg,0.0695174830034375,107.17445835796785E,10.532065475170075N
17293,Cà Mau-713.jpeg,0.0694068381562829,105.1920119910316E,9.099457970450086N
17296,Sóc Trăng-2512.jpeg,0.0694014956243336,105.95177026846028E,9.622742640523299N
17297,Bà Rịa-296.jpeg,0.0694001587107777,107.16623564357214E,10.468734537315054N
17320,Cà Mau-874.jpeg,0.0692910635843873,105.22750013055764E,9.102152903975828N
17327,Bà Rịa-3875.jpeg,0.069256848655641,107.24709233512999E,10.536107875458692N
17329,Bà Rịa-1748.jpeg,0.0692462329752743,107.16760609597144E,10.501073739624001N
17331,Hoài Đức District-2176.jpeg,0.0692441808059811,105.73997801559614E,21.026687644502402N
17341,Bà Rịa-4588.jpeg,0.0691872676834464,107.22927645393926E,10.563057210716147N
17346,Bà Rịa-807.jpeg,0.069175723940134,107.18268107236354E,10.480861738180907N
17353,Cà Mau-1152.jpeg,0.069151796400547,105.22204041678441E,9.107542771027305N
17354,Hoài Đức District-191.jpeg,0.0691503807902336,105.7212118124769E,20.97009404046006N
17362,Cà Mau-8202.jpeg,0.069139433093369,105.2370546296608E,9.196475577376699N
17372,Cà Mau-455.jpeg,0.0691014714539051,105.21112098923793E,9.094068103398607N
17388,Bà Rịa-1380.jpeg,0.0690417294390499,107.15390157197854E,10.494336405809637N
17391,Bà Rịa-1195.jpeg,0.0690253940410912,107.14704930998212E,10.49029400552102N
17394,Cà Mau-5625.jpeg,0.0690184701234102,105.12240064042288E,9.168178775356434N
17400,Cà Mau-8563.jpeg,0.0689915744587779,105.17153806438196E,9.201865444428178N
17413,Bà Rịa-939.jpeg,0.0689353486523032,107.12101071439568E,10.484904138469528N
17422,Bà Rịa-4110.jpeg,0.0688995723612606,107.23886962073426E,10.541497742510183N
17423,Bà Rịa-1210.jpeg,0.0688969581387937,107.16760609597144E,10.49029400552102N
17425,Cà Mau-16.jpeg,0.0688921147957444,105.22750013055764E,9.083288369295653N
17438,Cà Mau-10362.jpeg,0.0688466541469097,105.21112098923793E,9.230162246448442N
17439,Sóc Trăng-3053.jpeg,0.0688443486578762,105.95860349447804E,9.633522374626263N
17441,Sóc Trăng-2878.jpeg,0.0688359476625919,105.99413626977025E,9.629479974337654N
17449,Sóc Trăng-465.jpeg,0.0688137696124613,105.94220375203544E,9.579623704111441N
17452,Cà Mau-4691.jpeg,0.0688009313307702,105.11967078353625E,9.158746508016346N
17454,Bà Rịa-1969.jpeg,0.0687906611710786,107.15390157197854E,10.505116139912618N
17457,Cà Mau-10831.jpeg,0.0687679015100002,105.20020156169147E,9.238247047025663N
17479,Bà Rịa-4382.jpeg,0.0686534205451607,107.17445835796785E,10.550930009850294N
17483,Hoài Đức District-930.jpeg,0.0686152074486017,105.73420379925176E,20.991653508666662N
17489,Cà Mau-61.jpeg,0.0685978531837463,105.1769977781552E,9.085983302821392N
17491,Cà Mau-7578.jpeg,0.0685841399244964,105.11148121287638E,9.18973824356235N
17526,Cà Mau-533.jpeg,0.0684486930258572,105.2234053452277E,9.095415570161478N
17543,Hoài Đức District-2403.jpeg,0.0684033595025539,105.68656651441063E,21.03342497831697N
17552,Cà Mau-74.jpeg,0.0683487756177783,105.19883663324816E,9.085983302821392N
17567,Cà Mau-11467.jpeg,0.0683117313310504,105.18791720570167E,9.250374247891491N
17585,Bà Rịa-1144.jpeg,0.068240491207689,107.15938338157571E,10.488946538758148N
17599,Cà Mau-5223.jpeg,0.068200069013983,105.12513049730948E,9.164136375067825N
17627,Bà Rịa-137.jpeg,0.0680959681048989,107.17719926276641E,10.463344670263565N
17641,Bà Rịa-645.jpeg,0.068048492539674,107.19090378675926E,10.476819337892293N
17649,Bà Rịa-1064.jpeg,0.0680046007037162,107.13060388119071E,10.487599071995271N
17652,Cà Mau-1753.jpeg,0.0680029280483722,105.15515892306227E,9.119669971893128N
17665,Bà Rịa-1328.jpeg,0.0679579665884375,107.16623564357214E,10.49298893904676N
17667,Hoài Đức District-189.jpeg,0.0679465597495436,105.71832470430473E,20.97009404046006N
17668,Bà Rịa-125.jpeg,0.0679464805871248,107.14293795278427E,10.463344670263565N
17672,Cà Mau-131.jpeg,0.067932485602796,105.20975606079462E,9.08733076958426N
17698,Hoài Đức District-576.jpeg,0.0678677130490541,105.67213097354968E,20.983568708089184N
17707,Bà Rịa-356.jpeg,0.0678391316905617,107.18542197716212E,10.470082004077927N
17712,Sóc Trăng-3096.jpeg,0.0678248610347509,106.01873588343409E,9.633522374626263N
17730,Cà Mau-551.jpeg,0.0677416650578379,105.24797405720727E,9.095415570161478N
17746,Sóc Trăng-3788.jpeg,0.0676930164918303,105.99140297936313E,9.660471709883677N
17751,Cà Mau-6274.jpeg,0.0676685716025531,105.11011628443309E,9.174916109170782N
17769,Cà Mau-3726.jpeg,0.0676152091473341,105.11421106976302E,9.14796677391339N
17775,Hoài Đức District-3927.jpeg,0.0675996290519833,105.71255048796033E,21.06980658091564N
17779,Hoài Đức District-1585.jpeg,0.0675919745117425,105.66491320311923E,21.010518043347453N
17780,Cà Mau-9028.jpeg,0.0675913505256176,105.17017313593865E,9.208602778242527N
17795,Bà Rịa-965.jpeg,0.0675394143909215,107.15664247677712E,10.484904138469528N
17799,Cà Mau-1127.jpeg,0.0675120991654694,105.18791720570167E,9.107542771027305N
17816,Cà Mau-11612.jpeg,0.0674647204577922,105.19883663324816E,9.255764114942968N
17817,Cà Mau-1083.jpeg,0.067462089471519,105.22477027367101E,9.106195304264435N
17819,Cà Mau-6578.jpeg,0.0674601839855313,105.18382242037175E,9.177611042696523N
17825,Sóc Trăng-2829.jpeg,0.0674471091479063,106.01873588343409E,9.628132507574781N
17828,Hoài Đức District-3059.jpeg,0.0674380385316908,105.68512296032453E,21.048247112709017N
17831,Cà Mau-2028.jpeg,0.0674228826537728,105.20429634702138E,9.123712372181739N
17845,Bà Rịa-755.jpeg,0.0673732035793364,107.18953333435996E,10.479514271418035N
17849,Hoài Đức District-1297.jpeg,0.0673593878746032,105.69667139301329E,21.002433242769968N
17854,Cà Mau-10220.jpeg,0.0673441449180245,105.23432477277417E,9.227467312922704N
17868,Cà Mau-1002.jpeg,0.0673136594705283,105.21112098923793E,9.104847837501563N
17882,Hoài Đức District-3523.jpeg,0.0672619398683309,105.69378428484109E,21.059026846812326N
17888,Bà Rịa-3284.jpeg,0.067241832613945,107.17719926276641E,10.526675608118586N
17895,Lê Chân District-462.jpeg,0.0672214226797223,106.67345044096784E,20.844662674807644N
17899,Hoài Đức District-2067.jpeg,0.0672071566805243,105.73276024516565E,21.023992710976582N
17904,Bà Rịa-257.jpeg,0.067182338796556,107.17171745316925E,10.467387070552181N
17912,Sóc Trăng-2691.jpeg,0.0671471515670418,106.01326930261988E,9.625437574049041N
17914,Cà Mau-6451.jpeg,0.0671420926228165,105.18109256348514E,9.176263575933655N
17921,Cà Mau-2495.jpeg,0.0671219150535762,105.13604992485595E,9.131797172758956N
17945,Sóc Trăng-3203.jpeg,0.0670375460758805,106.01736923823053E,9.636217308152007N
17948,Cà Mau-11310.jpeg,0.0670274961739778,105.20975606079462E,9.246331847602878N
17956,Bà Rịa-3957.jpeg,0.0670019485987722,107.18542197716212E,10.538802808984437N
17963,Lê Chân District-345.jpeg,0.0669773588888347,106.69075143111459E,20.837925340993092N
17964,Sóc Trăng-3532.jpeg,0.0669762338511645,106.01600259302698E,9.646997042254975N
17988,Bà Rịa-210.jpeg,0.0669141234830021,107.16623564357214E,10.466039603789307N
17989,Sóc Trăng-2025.jpeg,0.066904773004353,106.02420246424826E,9.611962906420333N
18006,Bà Rịa-3108.jpeg,0.0668452885001897,107.15116066717998E,10.523980674592838N
18008,Cà Mau-7081.jpeg,0.0668420325964689,105.20293141857805E,9.183000909747998N
18023,Cà Mau-4518.jpeg,0.0667902575805783,105.22613520211434E,9.15605157449061N
18026,Hoài Đức District-3148.jpeg,0.0667845727875828,105.64903410817217E,21.05094204623485N
18036,Cà Mau-8875.jpeg,0.066731825005263,105.20839113235131E,9.205907844716789N
18037,Cà Mau-739.jpeg,0.0667312019504606,105.22750013055764E,9.099457970450086N
18038,Cà Mau-11051.jpeg,0.0667225471697747,105.17836270659852E,9.24228944731427N
18044,Hoài Đức District-2780.jpeg,0.0667071808129549,105.71255048796033E,21.04150977889445N
18050,Sóc Trăng-1448.jpeg,0.0666828635148704,105.94767033284965E,9.60118317231737N
18054,Cà Mau-844.jpeg,0.0666597448289394,105.18655227725836E,9.102152903975828N
18057,Hoài Đức District-3354.jpeg,0.0666536376811564,105.70100205527157E,21.054984446523587N
18060,Bà Rịa-1066.jpeg,0.0666346158832311,107.13334478598927E,10.487599071995271N
18068,Cà Mau-10464.jpeg,0.0666109956800937,105.24114941499072E,9.23150971321131N
18077,Hoài Đức District-1937.jpeg,0.0665867580100894,105.69234073075502E,21.021297777450755N
18089,Cà Mau-3623.jpeg,0.0665416154079139,105.1292252826394E,9.146619307150521N
18097,Lê Chân District-640.jpeg,0.0664967419579625,106.68065918686233E,20.856789875673858N
18098,Bà Rịa-1016.jpeg,0.066492776852101,107.14567885758284E,10.4862516052324N
18109,Cà Mau-820.jpeg,0.0664369305595755,105.24660912876394E,9.100805437212957N
18113,Lê Chân District-588.jpeg,0.0664199674502015,106.68642618357788E,20.851400008622207N
18115,Bà Rịa-417.jpeg,0.0664133559912443,107.19227423915855E,10.471429470840798N
18117,Lê Chân District-145.jpeg,0.0664045773446559,106.68498443439898E,20.825798140126878N
18120,Cà Mau-4310.jpeg,0.0663911798037588,105.11011628443309E,9.154704107727737N
18139,Cà Mau-3689.jpeg,0.0663265851326286,105.21931055989775E,9.146619307150521N
18140,Cà Mau-5350.jpeg,0.0663206498138606,105.11421106976302E,9.165483841830692N
18167,Bà Rịa-2240.jpeg,0.0662203063257038,107.18268107236354E,10.50915854020124N
18168,Hoài Đức District-182.jpeg,0.0662149121053516,105.70821982570205E,20.97009404046006N
18186,Bà Rịa-102.jpeg,0.0661249365657568,107.17171745316925E,10.461997203500692N
18187,Sóc Trăng-3704.jpeg,0.0661202333867549,105.97910317253123E,9.655081842832201N
18210,Cà Mau-267.jpeg,0.066049451008439,105.2397844865474E,9.090025703110001N
18212,Hoài Đức District-4134.jpeg,0.0660432544536888,105.68512296032453E,21.08058631501894N
18217,Hoài Đức District-345.jpeg,0.0660243728198111,105.68367940623844E,20.976831374274624N
18225,Sóc Trăng-780.jpeg,0.0660036988556385,105.93263723561064E,9.586361037925792N
18233,Bà Rịa-4517.jpeg,0.0659721638076007,107.2169423823457E,10.556319876901785N
18247,Cà Mau-11381.jpeg,0.06593600474298,105.21521577456787E,9.24767931436575N
18258,Bà Rịa-425.jpeg,0.0658954107202589,107.12375161919425E,10.472776937603673N
18292,Bà Rịa-1663.jpeg,0.0657760649919509,107.15390157197854E,10.499726272861128N
18295,Cà Mau-4254.jpeg,0.0657713105902075,105.19747170480483E,9.15335664096487N
18304,Hoài Đức District-683.jpeg,0.0657533416524529,105.6706874194636E,20.986263641615007N
18319,Lê Chân District-569.jpeg,0.0656810165382921,106.69075143111459E,20.8500525418593N
18348,Cà Mau-4899.jpeg,0.0655208453536033,105.22886505900094E,9.160093974779219N
18351,Bà Rịa-3742.jpeg,0.0655154027044773,107.16623564357214E,10.534760408695819N
18353,Hoài Đức District-3859.jpeg,0.065508191473782,105.67646163580797E,21.06845911415272N
18358,Cà Mau-11833.jpeg,0.0655003050342202,105.20429634702138E,9.266543849045929N
18360,Bà Rịa-4303.jpeg,0.0654890891164541,107.17445835796785E,10.548235076324548N
18367,Cà Mau-2874.jpeg,0.0654635149985551,105.13741485329926E,9.137187039810435N
18378,Cà Mau-949.jpeg,0.0654220329597592,105.2356897012175E,9.103500370738695N
18390,Bà Rịa-227.jpeg,0.0653812205418944,107.12375161919425E,10.467387070552181N
18411,Cà Mau-10905.jpeg,0.0652779107913374,105.19474184791824E,9.239594513788528N
18418,Cà Mau-544.jpeg,0.0652414285577833,105.23841955810411E,9.095415570161478N
18419,Lê Chân District-46.jpeg,0.0652305362746119,106.68498443439898E,20.81906080631231N
18427,Cà Mau-723.jpeg,0.0652019679546356,105.2056612754647E,9.099457970450086N
18469,Cà Mau-9487.jpeg,0.0650676251389086,105.19883663324816E,9.215340112056875N
18479,Bà Rịa-531.jpeg,0.0650192592293024,107.19090378675926E,10.474124404366544N
18484,Hoài Đức District-3437.jpeg,0.0650051734410226,105.65336477043047E,21.05767938004941N
18491,Sóc Trăng-452.jpeg,0.0649773175828158,106.00916936700925E,9.578276237348572N
18496,Hoài Đức District-77.jpeg,0.0649625095538795,105.73564735333782E,20.96335670664549N
18509,Hoài Đức District-2651.jpeg,0.064935749862343,105.69667139301329E,21.038814845368623N
18514,Hoài Đức District-136.jpeg,0.0649208938702941,105.72409892064907E,20.96739910693423N
18521,Bà Rịa-2761.jpeg,0.064891783054918,107.21831283474498E,10.51724334077847N
18522,Bà Rịa-1022.jpeg,0.0648881662636995,107.15390157197854E,10.4862516052324N
18528,Sóc Trăng-2598.jpeg,0.0648796171881258,105.97773652732769E,9.62409010728617N
18529,Cà Mau-795.jpeg,0.06487399013713,105.21248591768125E,9.100805437212957N
18537,Sóc Trăng-1311.jpeg,0.064851445145905,106.01326930261988E,9.597140772028759N
18539,Cà Mau-8881.jpeg,0.0648443959653377,105.21658070301116E,9.205907844716789N
18547,Sóc Trăng-2862.jpeg,0.0648072008043527,105.97226994651348E,9.629479974337654N
18551,Cà Mau-3961.jpeg,0.0647802175953984,105.11967078353625E,9.15066170743913N
18552,Sóc Trăng-3612.jpeg,0.0647800592705607,106.02556910945181E,9.649691975780714N
18558,Sóc Trăng-422.jpeg,0.0647641173563897,105.96817001090285E,9.578276237348572N
18562,Cà Mau-10054.jpeg,0.064750725403428,105.22477027367101E,9.224772379396962N
18574,Cà Mau-10670.jpeg,0.0646894052624702,105.19474184791824E,9.235552113499919N
18581,Hoài Đức District-60.jpeg,0.0646457513794303,105.73997801559614E,20.962009239882576N
18583,Hoài Đức District-1631.jpeg,0.0646441653370857,105.67646163580797E,21.011865510110365N
18584,Bà Rịa-902.jpeg,0.0646432288922369,107.15116066717998E,10.483556671706653N
18593,Bà Rịa-3176.jpeg,0.0646029626950621,107.2443514303314E,10.523980674592838N
18594,Cà Mau-90.jpeg,0.064601631835103,105.22067548834109E,9.085983302821392N
18595,Sóc Trăng-2508.jpeg,0.0646013310179114,105.94630368764611E,9.622742640523299N
18597,Cà Mau-2736.jpeg,0.0645923311822116,105.21248591768125E,9.134492106284695N
18608,Sóc Trăng-1697.jpeg,0.0645088688470423,105.93810381642483E,9.606573039368852N
18609,Bà Rịa-4272.jpeg,0.0645078532397747,107.20049695355428E,10.546887609561676N
18610,Hoài Đức District-1291.jpeg,0.0645056939683854,105.68801006849672E,21.002433242769968N
18623,Cà Mau-5466.jpeg,0.0644670664332807,105.27254276918681E,9.165483841830692N
18633,Cà Mau-322.jpeg,0.0644130208529532,105.22067548834109E,9.091373169872869N
18660,Hoài Đức District-1663.jpeg,0.0642655878327786,105.72265536656299E,21.011865510110365N
18666,Cà Mau-10303.jpeg,0.0642365566454827,105.2397844865474E,9.228814779685573N
18667,Lê Chân District-67.jpeg,0.0642344807274639,106.68786793275679E,20.820408273075234N
18668,Cà Mau-9654.jpeg,0.0642260340973734,105.20975606079462E,9.218035045582615N
18674,Cà Mau-11147.jpeg,0.0642068246379494,105.20020156169147E,9.243636914077138N
18677,Hoài Đức District-1802.jpeg,0.064183575566858,105.68656651441063E,21.017255377162012N
18678,Cà Mau-3837.jpeg,0.0641827913932502,105.10875135598977E,9.14931424067626N
18679,Cà Mau-11840.jpeg,0.0641766041517257,105.19883663324816E,9.267891315808795N
18682,Sóc Trăng-2223.jpeg,0.0641559734940528,106.01873588343409E,9.616005306708946N
18701,Cà Mau-1977.jpeg,0.064071902539581,105.24387927187733E,9.122364905418868N
18708,Hoài Đức District-1387.jpeg,0.0640545822679996,105.67790518989406E,21.005128176295795N
18721,Cà Mau-127.jpeg,0.0640145051293075,105.20429634702138E,9.08733076958426N
18750,Cà Mau-10353.jpeg,0.0638632015325129,105.19883663324816E,9.230162246448442N
18752,Cà Mau-922.jpeg,0.0638524917885661,105.19883663324816E,9.103500370738695N
18753,Cà Mau-5073.jpeg,0.0638444456271827,105.10465657065986E,9.162788908304956N
18755,Hoài Đức District-241.jpeg,0.0638364776968956,105.68945362258283E,20.97278897398588N
18765,Bà Rịa-805.jpeg,0.0637987684458494,107.17994016756498E,10.480861738180907N
18775,Cà Mau-10948.jpeg,0.0637663337402045,105.25343377098048E,9.239594513788528N
18788,Hoài Đức District-365.jpeg,0.0637127198278904,105.71255048796033E,20.976831374274624N
18799,Hoài Đức District-304.jpeg,0.0636622714810073,105.74142156968222E,20.974136440748797N
18800,Hoài Đức District-3945.jpeg,0.063659518957138,105.67934874398014E,21.071154047678547N
18802,Cà Mau-5807.jpeg,0.0636560870334506,105.18791720570167E,9.169526242119304N
18806,Sóc Trăng-3789.jpeg,0.0636283764615655,105.98866968895605E,9.661819176646551N
18807,Hoài Đức District-1059.jpeg,0.0636281534098088,105.7154375961325E,20.995695908955405N
18858,Cà Mau-9146.jpeg,0.0633930265903472,105.20702620390799E,9.209950245005393N
18860,Cà Mau-114.jpeg,0.0633917110972106,105.18655227725836E,9.08733076958426N
18862,Cà Mau-621.jpeg,0.063389646820724,105.25070391409388E,9.096763036924349N
18864,Cà Mau-605.jpeg,0.0633683819323778,105.22886505900094E,9.096763036924349N
18865,Bà Rịa-973.jpeg,0.0633654803968966,107.16760609597144E,10.484904138469528N
18866,Bà Rịa-1704.jpeg,0.0633649141527712,107.21009012034928E,10.499726272861128N
18869,Sóc Trăng-3593.jpeg,0.0633567790500819,105.99960285058442E,9.649691975780714N
18873,Cà Mau-7850.jpeg,0.0633385344408452,105.18245749192842E,9.192433177088088N
18874,Cà Mau-8496.jpeg,0.0633382704108953,105.21794563145447E,9.200517977665308N
18878,Bà Rịa-583.jpeg,0.0633151046931743,107.18405152476284E,10.475471871129418N
18880,Hoài Đức District-579.jpeg,0.0633067791350185,105.67790518989406E,20.983568708089184N
18889,Sóc Trăng-1504.jpeg,0.0632671336643397,106.02420246424826E,9.60118317231737N
18891,Sóc Trăng-2744.jpeg,0.0632599270902574,105.99413626977025E,9.62678504081191N
18909,Sóc Trăng-414.jpeg,0.0631954381242394,105.9572368492745E,9.578276237348572N
18910,Cà Mau-1707.jpeg,0.063187938183546,105.19747170480483E,9.118322505130257N
18912,Sóc Trăng-2628.jpeg,0.0631783292628824,106.01873588343409E,9.62409010728617N
18918,Cà Mau-10216.jpeg,0.0631592152640223,105.22886505900094E,9.227467312922704N
18925,Hoài Đức District-869.jpeg,0.0631170459091663,105.7154375961325E,20.990306041903757N
18929,Bà Rịa-2268.jpeg,0.0631111348047852,107.22105373954355E,10.50915854020124N
18943,Cà Mau-3764.jpeg,0.0630574589595198,105.16607835060873E,9.14796677391339N
18956,Cà Mau-1630.jpeg,0.0630029840394854,105.19474184791824E,9.116975038367388N
18982,Hoài Đức District-571.jpeg,0.0628587249666452,105.66491320311923E,20.983568708089184N
18990,Sóc Trăng-1453.jpeg,0.0628211903385818,105.95450355886739E,9.60118317231737N
19000,Sóc Trăng-1920.jpeg,0.0627843616530299,105.97090330130993E,9.610615439657465N
19003,Bà Rịa-2636.jpeg,0.0627720048651099,107.15664247677712E,10.515895874015602N
19010,Hoài Đức District-383.jpeg,0.062725908588618,105.73853446151006E,20.976831374274624N
19018,Hoài Đức District-245.jpeg,0.0627058697864413,105.70677627161595E,20.97278897398588N
19030,Sóc Trăng-2366.jpeg,0.0626463079825043,106.02966904506243E,9.61870024023469N
19034,Hoài Đức District-3519.jpeg,0.0626270067878067,105.68801006849672E,21.059026846812326N
19041,Cà Mau-11736.jpeg,0.062597632408142,105.1742679212686E,9.262501448757314N
19065,Hoài Đức District-1779.jpeg,0.0624874378554523,105.71255048796033E,21.015907910399104N
19069,Cà Mau-9855.jpeg,0.0624639675952494,105.16471342216543E,9.222077445871225N
19076,Cà Mau-9346.jpeg,0.0624365070834755,105.2370546296608E,9.212645178531133N
19101,Bà Rịa-2979.jpeg,0.0623355698771774,107.19090378675926E,10.52128574106709N
19102,Cà Mau-10329.jpeg,0.0623355088755488,105.16607835060873E,9.230162246448442N
19118,Cà Mau-10130.jpeg,0.0622813366353511,105.21931055989775E,9.22611984615983N
19119,Bà Rịa-304.jpeg,0.0622651358135044,107.17719926276641E,10.468734537315054N
19132,Bà Rịa-131.jpeg,0.0622066967189312,107.1689765483707E,10.463344670263565N
19133,Bà Rịa-1706.jpeg,0.0621894164942204,107.21283102514784E,10.499726272861128N
19134,Sóc Trăng-3439.jpeg,0.0621835342608392,105.98456975334541E,9.644302108729232N
19141,Sóc Trăng-597.jpeg,0.0621684025973081,105.94767033284965E,9.582318637637183N
19153,Bà Rịa-2663.jpeg,0.0621100603602826,107.19364469155784E,10.515895874015602N
19155,Cà Mau-1548.jpeg,0.0621029776521027,105.18382242037175E,9.115627571604524N
19163,Bà Rịa-985.jpeg,0.0620730933733284,107.18405152476284E,10.484904138469528N
19174,Sóc Trăng-10.jpeg,0.0620282478630542,105.95313691366383E,9.562106636194125N
19189,Bà Rịa-2212.jpeg,0.0619480498135089,107.14430840518357E,10.50915854020124N
19190,Hoài Đức District-1337.jpeg,0.0619352892972528,105.68079229806625E,21.003780709532883N
19205,Cà Mau-10990.jpeg,0.0618201736360788,105.20293141857805E,9.240941980551401N
19223,Hoài Đức District-337.jpeg,0.0617462936788797,105.73420379925176E,20.97548390751171N
19243,Cà Mau-5343.jpeg,0.061638000421226,105.10465657065986E,9.165483841830692N
19268,Bà Rịa-2948.jpeg,0.0615319460630416,107.14841976238142E,10.52128574106709N
19270,Bà Rịa-2251.jpeg,0.0615208218805491,107.19775604875569E,10.50915854020124N
19272,Bà Rịa-4553.jpeg,0.061515967361629,107.22379464434212E,10.55901481042753N
19275,Cà Mau-9773.jpeg,0.0614906260743737,105.15788877994889E,9.220729979108352N
19286,Sóc Trăng-2078.jpeg,0.0614277641288936,106.00506943139861E,9.613310373183204N
19316,Hoài Đức District-3178.jpeg,0.0613128128461539,105.69234073075502E,21.05094204623485N
19320,Cà Mau-3177.jpeg,0.0613007852807641,105.12376556886618E,9.141229440099043N
19360,Cà Mau-10636.jpeg,0.0610944326035678,105.14833428084575E,9.235552113499919N
19365,Sóc Trăng-375.jpeg,0.0610387879423797,105.98730304375252E,9.576928770585699N
19386,Cà Mau-9292.jpeg,0.0609191129915416,105.16334849372213E,9.212645178531133N
19397,Cà Mau-76.jpeg,0.060832557734102,105.20156649013477E,9.085983302821392N
19408,Hoài Đức District-233.jpeg,0.0607675379142165,105.73853446151006E,20.971441507222973N
19412,Hoài Đức District-2687.jpeg,0.0607491973787546,105.66346964903312E,21.04016231213154N
19422,Bà Rịa-495.jpeg,0.0606586644425988,107.14156750038498E,10.474124404366544N
19428,Cà Mau-7332.jpeg,0.0606303890235722,105.23022998744423E,9.18569584327374N
19445,Cà Mau-1407.jpeg,0.060546567197889,105.18791720570167E,9.112932638078782N
19453,Hoài Đức District-3659.jpeg,0.0604985854588449,105.64903410817217E,21.063069247101065N
19492,Bà Rịa-2812.jpeg,0.0602916604839265,107.17994016756498E,10.518590807541345N
19494,Cà Mau-2158.jpeg,0.0602821242064237,105.15515892306227E,9.126407305707477N
19514,Hoài Đức District-2701.jpeg,0.0601519183255732,105.68367940623844E,21.04016231213154N
19534,Hoài Đức District-3933.jpeg,0.0599889508448541,105.7212118124769E,21.06980658091564N
19537,Cà Mau-4197.jpeg,0.0599792310968041,105.11967078353625E,9.15335664096487N
19543,Cà Mau-8961.jpeg,0.0599386219400912,105.20293141857805E,9.207255311479656N
19554,Cà Mau-2524.jpeg,0.0598702025599777,105.1756328497119E,9.131797172758956N
19574,Hoài Đức District-712.jpeg,0.0597321791574358,105.71255048796033E,20.986263641615007N
19577,Sóc Trăng-3662.jpeg,0.0597251979634165,105.99413626977025E,9.652386909306454N
19578,Hoài Đức District-644.jpeg,0.0597251616418361,105.69234073075502E,20.984916174852096N
19601,Sóc Trăng-3536.jpeg,0.059600964654237,106.02146917384115E,9.646997042254975N
19602,Cà Mau-10375.jpeg,0.0595975494943559,105.22886505900094E,9.230162246448442N
19615,Cà Mau-824.jpeg,0.0595132638700306,105.1592537083922E,9.102152903975828N
19617,Bà Rịa-2008.jpeg,0.059504653327167,107.20734921555069E,10.505116139912618N
19627,Hoài Đức District-3181.jpeg,0.0594567139632999,105.69667139301329E,21.05094204623485N
19629,Hoài Đức District-395.jpeg,0.0594402211718261,105.69378428484109E,20.97817884103754N
19633,Cà Mau-3228.jpeg,0.059408254455775,105.19337691947491E,9.141229440099043N
19646,Sóc Trăng-1903.jpeg,0.0593396984040737,105.94767033284965E,9.610615439657465N
19655,Hoài Đức District-1461.jpeg,0.059306594543159,105.70966337978815E,21.006475643058707N
19658,Sóc Trăng-2734.jpeg,0.0592867508530616,105.98046981773476E,9.62678504081191N
19668,Cà Mau-7176.jpeg,0.0592116937041282,105.17290299282529E,9.184348376510869N
19681,Cà Mau-816.jpeg,0.0591354994103312,105.24114941499072E,9.100805437212957N
19697,Hoài Đức District-141.jpeg,0.0590776582248508,105.73131669107957E,20.96739910693423N
19767,Hoài Đức District-4166.jpeg,0.058697460219264,105.67646163580797E,21.083281248544765N
19770,Bà Rịa-3855.jpeg,0.0586459576152265,107.21968328714426E,10.536107875458692N
19791,Cà Mau-3086.jpeg,0.0585247841663658,105.14560442395911E,9.139881973336175N
19793,Sóc Trăng-64.jpeg,0.0585011905059218,105.95860349447804E,9.566149036482734N
19807,Hoài Đức District-1119.jpeg,0.0583395669236779,105.73131669107957E,20.997043375718317N
19810,Bà Rịa-975.jpeg,0.0583047922700643,107.17034700076998E,10.484904138469528N
19813,Sóc Trăng-2124.jpeg,0.0582985980436205,105.97636988212413E,9.614657839946075N
19826,Cà Mau-10540.jpeg,0.0582154230214655,105.23432477277417E,9.232857179974179N
19843,Cà Mau-1653.jpeg,0.058101397473365,105.22613520211434E,9.116975038367388N
19855,Bà Rịa-104.jpeg,0.0579783171415329,107.17445835796785E,10.461997203500692N
19859,Bà Rịa-129.jpeg,0.0579400612041354,107.16623564357214E,10.463344670263565N
19875,Cà Mau-94.jpeg,0.0578588424250483,105.22613520211434E,9.085983302821392N
19900,Sóc Trăng-3150.jpeg,0.0577289289794862,106.01463594782342E,9.634869841389136N
19923,Cà Mau-4947.jpeg,0.0575987682677805,105.11694092664963E,9.161441441542085N
19925,Sóc Trăng-3756.jpeg,0.0575886755250394,105.99003633415961E,9.657776776357936N
19935,Cà Mau-9809.jpeg,0.0575004671700298,105.20702620390799E,9.220729979108352N
19939,Bà Rịa-171.jpeg,0.0574764749035239,107.17171745316925E,10.464692137026438N
19946,Bà Rịa-720.jpeg,0.0574419521726667,107.14156750038498E,10.479514271418035N
19948,Cà Mau-822.jpeg,0.0574279394932091,105.15652385150557E,9.102152903975828N
19952,Hoài Đức District-3760.jpeg,0.0574023812077939,105.65047766225827E,21.06576418062689N
19953,Sóc Trăng-761.jpeg,0.0574015518650412,105.99550291497377E,9.585013571162921N
19970,Bà Rịa-1578.jpeg,0.0573304570280015,107.13745614318712E,10.498378806098255N
19981,Cà Mau-11689.jpeg,0.0572644700296223,105.18109256348514E,9.259806515231578N
19996,Cà Mau-10381.jpeg,0.0571521446108818,105.2370546296608E,9.230162246448442N
20027,Bà Rịa-1426.jpeg,0.0569561258889734,107.12512207159355E,10.495683872572512N
20032,Cà Mau-4259.jpeg,0.0569009757600724,105.20429634702138E,9.15335664096487N
20035,Bà Rịa-820.jpeg,0.0568927191197872,107.11964026199641E,10.482209204943779N
20044,Sóc Trăng-1442.jpeg,0.0568419522605836,105.93947046162836E,9.60118317231737N
20052,Cà Mau-1779.jpeg,0.0567908426746726,105.19064706258828E,9.119669971893128N
20053,Cà Mau-11666.jpeg,0.056787468958646,105.18791720570167E,9.258459048468708N
20084,Sóc Trăng-131.jpeg,0.0565926902927458,105.95587020407093E,9.570191436771347N
20085,Cà Mau-2368.jpeg,0.0565897962078452,105.2056612754647E,9.129102239233216N
20105,Cà Mau-3531.jpeg,0.0564326015301048,105.15788877994889E,9.145271840387652N
20139,Cà Mau-7981.jpeg,0.0561306867748498,105.21931055989775E,9.193780643850957N
20167,Sóc Trăng-304.jpeg,0.0558337834663689,105.96817001090285E,9.57558130382283N
20175,Sóc Trăng-3549.jpeg,0.0557823460549116,105.99003633415961E,9.648344509017845N
20201,Sóc Trăng-3743.jpeg,0.055520717985928,106.0023361409915E,9.656429309595065N
20210,Hoài Đức District-2703.jpeg,0.0554456990212202,105.68656651441063E,21.04016231213154N
20232,Cà Mau-4782.jpeg,0.0552004845812916,105.24387927187733E,9.158746508016346N
20241,Bà Rịa-1140.jpeg,0.0551598784513771,107.15390157197854E,10.488946538758148N
20248,Cà Mau-8605.jpeg,0.0550950500182807,105.22886505900094E,9.201865444428178N
20263,Cà Mau-10860.jpeg,0.054981529712677,105.2397844865474E,9.238247047025663N
20265,Hoài Đức District-1037.jpeg,0.0549731357023119,105.68367940623844E,20.995695908955405N
20270,Hoài Đức District-1195.jpeg,0.0549119096249341,105.69667139301329E,20.999738309244147N
20275,Cà Mau-9150.jpeg,0.0548805487342178,105.21248591768125E,9.209950245005393N
20282,Hoài Đức District-239.jpeg,0.0547931236214935,105.68656651441063E,20.97278897398588N
20316,Cà Mau-1369.jpeg,0.054355080705136,105.23159491588757E,9.11158517131591N
20318,Sóc Trăng-2925.jpeg,0.0543324244208633,105.96680336569932E,9.630827441100523N
20320,Cà Mau-10430.jpeg,0.0543106975965201,105.19474184791824E,9.23150971321131N
20330,Hoài Đức District-581.jpeg,0.0541835781186819,105.68079229806625E,20.983568708089184N
20358,Hoài Đức District-270.jpeg,0.0539397755637764,105.68367940623844E,20.974136440748797N
20363,Cà Mau-10565.jpeg,0.0538513734936714,105.1592537083922E,9.23420464673705N
20365,Sóc Trăng-3712.jpeg,0.0538442260585725,105.99003633415961E,9.655081842832201N
20393,Cà Mau-11221.jpeg,0.0534442905336618,105.1920119910316E,9.244984380840009N
20406,Hoài Đức District-531.jpeg,0.0532987685874104,105.68656651441063E,20.982221241326275N
20407,Sóc Trăng-3299.jpeg,0.0532822459936142,106.01873588343409E,9.63891224167775N
20428,Cà Mau-1628.jpeg,0.0528926509432494,105.1920119910316E,9.116975038367388N
20433,Hoài Đức District-470.jpeg,0.0528538594953715,105.73853446151006E,20.97952630780045N
20437,Cà Mau-11236.jpeg,0.0528156291693449,105.21248591768125E,9.244984380840009N
20443,Cà Mau-1937.jpeg,0.0527344183064997,105.18928213414499E,9.122364905418868N
20447,Cà Mau-1929.jpeg,0.0526918983086943,105.17836270659852E,9.122364905418868N
20458,Cà Mau-10919.jpeg,0.0524780103005468,105.21385084612454E,9.239594513788528N
20459,Cà Mau-9276.jpeg,0.0524742286652326,105.1415096386292E,9.212645178531133N
20478,Hoài Đức District-2523.jpeg,0.0522073847241699,105.68656651441063E,21.036119911842796N
20480,Cà Mau-3452.jpeg,0.0521617201156914,105.20156649013477E,9.143924373624783N
20484,Cà Mau-11818.jpeg,0.0521191186271607,105.18382242037175E,9.266543849045929N
20490,Cà Mau-1663.jpeg,0.0520389690063893,105.2397844865474E,9.116975038367388N
20509,Hoài Đức District-3570.jpeg,0.051835676189512,105.68079229806625E,21.060374313575235N
20529,Cà Mau-226.jpeg,0.0516210696659982,105.18382242037175E,9.090025703110001N
20535,Cà Mau-271.jpeg,0.0515214926563203,105.24524420032064E,9.090025703110001N
20536,Cà Mau-11838.jpeg,0.0515201198868453,105.19610677636153E,9.267891315808795N
20547,Cà Mau-9807.jpeg,0.0513705862686038,105.20429634702138E,9.220729979108352N
20571,Bà Rịa-2372.jpeg,0.0511046587489545,107.12649252399285E,10.511853473726982N
20579,Hoài Đức District-1855.jpeg,0.0509697529487311,105.70244560935767E,21.018602843924928N
20591,Cà Mau-412.jpeg,0.050817385315895,105.24797405720727E,9.092720636635738N
20596,Bà Rịa-693.jpeg,0.0506630847230553,107.18131061996428E,10.478166804655162N
20597,Cà Mau-11627.jpeg,0.0506630106829106,105.1769977781552E,9.257111581705837N
20625,Hoài Đức District-1283.jpeg,0.0503714904189109,105.67646163580797E,21.002433242769968N
20721,Sóc Trăng-2018.jpeg,0.0481785526499152,106.01463594782342E,9.611962906420333N
20733,Cà Mau-4094.jpeg,0.0479486035183072,105.1415096386292E,9.152009174201998N
20764,Cà Mau-4410.jpeg,0.0469744093716144,105.24660912876394E,9.154704107727737N
20773,Cà Mau-9402.jpeg,0.046784599777311,105.19610677636153E,9.213992645294004N
20814,Bà Rịa-3685.jpeg,0.045700816437602,107.19227423915855E,10.533412941932944N
20816,Bà Rịa-310.jpeg,0.0456676324829459,107.19227423915855E,10.468734537315054N
20825,Hoài Đức District-2826.jpeg,0.0454538613557815,105.69378428484109E,21.04285724565737N
20835,Bà Rịa-2886.jpeg,0.0452031560707837,107.17308790556855E,10.519938274304222N
20838,Cà Mau-11576.jpeg,0.0450327582657337,105.1920119910316E,9.254416648180099N
20846,Cà Mau-11836.jpeg,0.0448468532413244,105.19337691947491E,9.267891315808795N
20896,Cà Mau-11672.jpeg,0.0429068794474005,105.19610677636153E,9.258459048468708N
20916,Cà Mau-9876.jpeg,0.0418085041455924,105.19337691947491E,9.222077445871225N
20929,Sóc Trăng-241.jpeg,0.0408935067243874,105.95040362325675E,9.574233837059959N
20940,Sóc Trăng-68.jpeg,0.0398597843013703,105.9640700752922E,9.566149036482734N
20949,Cà Mau-3173.jpeg,0.0389838998671621,105.11830585509296E,9.141229440099043N
20956,Cà Mau-3792.jpeg,0.0382359502837061,105.20429634702138E,9.14796677391339N
20961,Bà Rịa-2180.jpeg,0.0374871564563363,107.21557192994639E,10.507811073438363N
20971,Sóc Trăng-3170.jpeg,0.0334484023042023,105.96817001090285E,9.636217308152007N
