image,pred,lon,lat,min_probs,max_probs,mean_probs
978.jpeg,0.98165005,11813511.32974132,1270237.3009131537,0.9365707114338876,0.9365707114338876,0.9365707114338876
122.jpeg,0.9807227,11800393.680832757,2301169.5093886307,0.9508693367242812,0.9508693367242812,0.9508693367242812
373.jpeg,0.9761263,11792632.434532398,2322513.015459868,0.958932064473629,0.958932064473629,0.958932064473629
322.jpeg,0.97573996,11790296.62486418,2350059.1612061705,0.9610772281885148,0.9610772281885148,0.9610772281885148
687.jpeg,0.9749448,11778341.215496125,1126286.6294048545,0.7247127741575241,0.7247127741575241,0.7247127741575241
226.jpeg,0.9735197,11812064.185145328,2382205.06104136,0.9600025415420532,0.9600025415420532,0.9600025415420532
872.jpeg,0.973034,11794080.86221968,2304784.661425381,0.96170674264431,0.96170674264431,0.96170674264431
878.jpeg,0.97301143,11799256.61840824,2298813.268039896,0.9492022469639778,0.9492022469639778,0.9492022469639778
306.jpeg,0.9725371,11801536.17841019,2354517.589465253,0.9533791095018388,0.9533791095018388,0.9533791095018388
564.jpeg,0.97226983,11792618.06172475,1143993.9035878708,0.7664371579885483,0.9445087164640428,0.8554729372262955
269.jpeg,0.9722402,11803118.132247638,2356344.1138916137,0.9475989863276482,0.9475989863276482,0.9475989863276482
841.jpeg,0.97218174,11869724.22561244,1167927.288265108,0.9606715440750122,0.9606715440750122,0.9606715440750122
238.jpeg,0.97197515,11804910.586791158,2382956.773747098,0.9633795693516732,0.9633795693516732,0.9633795693516732
423.jpeg,0.9717562,11796648.49833907,2296795.5707993694,0.957411214709282,0.957411214709282,0.957411214709282
445.jpeg,0.9717148,11836142.885210805,2323012.362613537,0.9682230427861214,0.9682230427861214,0.9682230427861214
110.jpeg,0.9716483,11788822.61622789,2336805.988103454,0.7177103385329247,0.9578873813152312,0.837798859924078
82.jpeg,0.97131324,11813564.09633606,1165619.715980143,0.92743868380785,0.92743868380785,0.92743868380785
368.jpeg,0.9712903,11796439.950141463,2327299.055664581,0.9613402709364892,0.9613402709364892,0.9613402709364892
239.jpeg,0.97101235,11804896.019800398,2382957.620933094,0.9633795693516732,0.9633795693516732,0.9633795693516732
80.jpeg,0.9709524,11814038.758826012,1161832.6314797946,0.9415962472558022,0.9415962472558022,0.9415962472558022
466.jpeg,0.9709435,11701350.74113416,1199779.5512820035,0.9629189223051072,0.9629189223051072,0.9629189223051072
118.jpeg,0.9708858,11792291.292100323,2289476.888544067,0.9554445743560792,0.9554445743560792,0.9554445743560792
751.jpeg,0.97079897,11838143.10602467,1108056.6529708127,0.9582166895270348,0.9582166895270348,0.9582166895270348
800.jpeg,0.97033036,11833812.962152015,1161154.1968394967,0.9190505966544152,0.9190505966544152,0.9190505966544152
220.jpeg,0.9702296,11814030.968457526,2380504.825634585,0.956347480416298,0.956347480416298,0.956347480416298
525.jpeg,0.97016114,11771292.609123016,1153178.0490602124,0.9608882144093512,0.9608882144093512,0.9608882144093512
478.jpeg,0.97009385,11694344.990291148,1193505.1140008476,0.9598939046263696,0.9598939046263696,0.9598939046263696
446.jpeg,0.9700485,11836175.055093732,2322937.556489507,0.949672356247902,0.9682230427861214,0.9589476995170116
804.jpeg,0.9700458,11836166.430762373,1160150.4032079896,0.95141089707613,0.95141089707613,0.95141089707613
259.jpeg,0.9698323,11806611.336772382,2376865.140112905,0.9578702375292778,0.9582796841859818,0.9580749608576298
432.jpeg,0.9697786,11836074.650446463,2324497.693625991,0.9549528136849404,0.9549528136849404,0.9549528136849404
96.jpeg,0.9689441,11814195.27499896,1268298.5357633992,0.9439726695418358,0.9439726695418358,0.9439726695418358
228.jpeg,0.96859175,11809306.013601098,2383175.664235263,0.9510342702269554,0.9510342702269554,0.9510342702269554
857.jpeg,0.9684843,11873820.27384781,1158487.7754624228,0.9710752442479134,0.9710752442479134,0.9710752442479134
854.jpeg,0.96801364,11876921.432508595,1159631.5365201414,0.962235227227211,0.962235227227211,0.962235227227211
911.jpeg,0.9678159,11773933.787171546,1150931.2034671202,0.5556998327374458,0.5556998327374458,0.5556998327374458
883.jpeg,0.9677173,11796819.525800226,2299541.319208895,0.9581237360835076,0.9581237360835076,0.9581237360835076
97.jpeg,0.9677049,11812807.619129203,1270935.089921734,0.8009670451283455,0.8009670451283455,0.8009670451283455
776.jpeg,0.96764594,11820904.46903043,1168703.9197102897,0.9415754154324532,0.9415754154324532,0.9415754154324532
544.jpeg,0.96761996,11794093.315900616,1145246.778725296,0.9283046126365662,0.9283046126365662,0.9283046126365662
850.jpeg,0.96742153,11875121.509546977,1160071.9606400805,0.9383005350828172,0.9535927474498748,0.945946641266346
244.jpeg,0.9673369,11803919.775894608,2378376.555311827,0.9601626992225648,0.9601626992225648,0.9601626992225648
767.jpeg,0.96732426,11813888.96764953,1164878.8344618783,0.945610910654068,0.945610910654068,0.945610910654068
229.jpeg,0.9672291,11809544.062624808,2382487.000395591,0.0,0.0,0.0
13.jpeg,0.9671494,11739672.086755058,1158744.4181063178,0.0,0.0,0.0
362.jpeg,0.96703166,11797799.998905774,2333612.1778733386,0.9610107019543648,0.9610107019543648,0.9610107019543648
280.jpeg,0.9669867,11806611.558612242,2352581.5860459344,0.95555629581213,0.95555629581213,0.95555629581213
675.jpeg,0.96674913,11797732.971612504,1146138.863438466,0.9524167999625206,0.9524167999625206,0.9524167999625206
881.jpeg,0.9666245,11798995.9137034,2301399.7333768443,0.9392860606312752,0.9392860606312752,0.9392860606312752
270.jpeg,0.9665959,11803707.812415486,2354960.5843371693,0.9068874716758728,0.9068874716758728,0.9068874716758728
589.jpeg,0.9663975,11837375.82809124,1163406.791519413,0.9533575177192688,0.9533575177192688,0.9533575177192688
788.jpeg,0.9661618,11836475.593708776,1156502.8479825535,0.9559425488114356,0.9559425488114356,0.9559425488114356
420.jpeg,0.9660379,11798826.065574847,2300161.4746302366,0.9543666765093805,0.9543666765093805,0.9543666765093805
837.jpeg,0.965975,11839043.965990962,1160127.7856158111,0.9539104253053664,0.9539104253053664,0.9539104253053664
562.jpeg,0.96596456,11793491.17699146,1144416.0807422164,0.9580115452408792,0.9580115452408792,0.9580115452408792
510.jpeg,0.9659327,11758434.49469149,1171212.2056786877,0.9492866471409798,0.9492866471409798,0.9492866471409798
4.jpeg,0.9658549,11696874.796290869,1196438.563920652,0.915209487080574,0.915209487080574,0.915209487080574
573.jpeg,0.9657909,11835509.120218666,1113656.1412147884,0.8846583366394043,0.8846583366394043,0.8846583366394043
380.jpeg,0.96577203,11789244.80842974,2322253.6150411163,0.9548582211136818,0.9548582211136818,0.9548582211136818
920.jpeg,0.9657362,11734991.184206776,1163227.6999844704,0.9559631943702698,0.9559631943702698,0.9559631943702698
685.jpeg,0.96573514,11801654.581036674,1150791.9270680237,0.9421023279428482,0.9421023279428482,0.9421023279428482
468.jpeg,0.9656794,11701508.046591766,1199466.891047335,0.9357415363192558,0.9357415363192558,0.9357415363192558
282.jpeg,0.9656624,11806200.582493115,2352596.47783368,0.9583473950624466,0.9583473950624466,0.9583473950624466
674.jpeg,0.96541804,11797717.141979704,1146161.6008979094,0.9524167999625206,0.9524167999625206,0.9524167999625206
320.jpeg,0.9653197,11791311.295900537,2349261.016467601,0.958224855363369,0.958224855363369,0.958224855363369
202.jpeg,0.96521705,11823818.85624222,2425367.8477091845,0.9601069539785384,0.9601069539785384,0.9601069539785384
340.jpeg,0.9651788,11797499.864858704,2342862.3527054708,0.9671647027134896,0.9671647027134896,0.9671647027134896
505.jpeg,0.96516335,11755455.818566468,1174018.7117284634,0.949670933187008,0.949670933187008,0.949670933187008
292.jpeg,0.9650889,11806078.828499082,2350150.2176369363,0.947847530245781,0.947847530245781,0.947847530245781
475.jpeg,0.96471334,11704809.988327015,1195884.3613485538,0.6760476566851139,0.6760476566851139,0.6760476566851139
555.jpeg,0.96465886,11801052.45414314,1147535.9198247846,0.5361466482281685,0.665298193693161,0.6007224209606647
114.jpeg,0.9646286,11794032.72433261,2304977.486922276,0.96170674264431,0.96170674264431,0.96170674264431
657.jpeg,0.9646165,11794376.941216275,1143028.232235739,0.9580319598317146,0.9580319598317146,0.9580319598317146
915.jpeg,0.96442074,11773638.970258836,1152539.2573876723,0.9577626660466194,0.9577626660466194,0.9577626660466194
357.jpeg,0.9642807,11798422.565919513,2336354.167537955,0.9461697787046432,0.9628662019968032,0.9545179903507233
845.jpeg,0.9641895,11872625.836900204,1159979.654204565,0.9626349434256554,0.9626349434256554,0.9626349434256554
977.jpeg,0.9641247,11812948.377253948,1267084.4469044742,0.0,0.0,0.0
635.jpeg,0.9640456,11790861.33558784,2336685.773076389,0.920528084039688,0.920528084039688,0.920528084039688
7.jpeg,0.9637831,11700882.10006416,1200815.30157756,0.9616044238209724,0.9616044238209724,0.9616044238209724
958.jpeg,0.9637034,11699629.164797192,1203097.2938053757,0.0,0.0,0.0
396.jpeg,0.9636001,11789940.93670129,2333190.2562503107,0.9199262112379074,0.9199262112379074,0.9199262112379074
903.jpeg,0.9635461,11773633.264037294,1152534.4151164617,0.9577626660466194,0.9577626660466194,0.9577626660466194
580.jpeg,0.96345943,11841606.36825142,1158738.6615177344,0.0,0.0,0.0
86.jpeg,0.9634283,11815298.230947364,1165310.7602779388,0.9605479836463928,0.9605479836463928,0.9605479836463928
6.jpeg,0.9631248,11700963.035892168,1200696.7468921472,0.9616044238209724,0.9616044238209724,0.9616044238209724
291.jpeg,0.96305436,11806114.630186828,2350005.3539584544,0.947847530245781,0.947847530245781,0.947847530245781
191.jpeg,0.96301156,11818079.125519833,2424415.6950360327,0.9623660296201706,0.9623660296201706,0.9623660296201706
419.jpeg,0.9627651,11796710.510366865,2301470.2650203137,0.957421325147152,0.957421325147152,0.957421325147152
941.jpeg,0.9626952,11757971.528805029,1172136.366117595,0.0,0.0,0.0
408.jpeg,0.96259797,11794681.092101444,2307410.8153657443,0.9476060718297958,0.958511583507061,0.9530588276684284
49.jpeg,0.96259785,11798738.627347006,1145908.6216763095,0.8396624997258186,0.9519348368048668,0.8957986682653427
328.jpeg,0.9624421,11790593.104374137,2347357.468983118,0.961559496819973,0.961559496819973,0.961559496819973
874.jpeg,0.9624311,11796726.759532228,2301486.681074097,0.957421325147152,0.957421325147152,0.957421325147152
341.jpeg,0.96237475,11797413.772877373,2342867.748236021,0.7008781507611275,0.9671647027134896,0.8340214267373085
310.jpeg,0.9621862,11799316.909260036,2348881.753955795,0.9641228541731834,0.9641228541731834,0.9641228541731834
725.jpeg,0.9621753,11835489.526926547,1118565.15246721,0.9323563650250436,0.9323563650250436,0.9323563650250436
724.jpeg,0.9620184,11838515.46904065,1116455.7736048603,0.8943148851394653,0.8943148851394653,0.8943148851394653
639.jpeg,0.9618801,11791188.982053485,2335142.0874907034,0.8814859315752983,0.9523882940411568,0.9169371128082275
300.jpeg,0.96187556,11808463.274764968,2348159.383007037,0.7215702347457409,0.7215702347457409,0.7215702347457409
207.jpeg,0.96184057,11821377.449464392,2424191.4719171063,0.7760550417006016,0.7760550417006016,0.7760550417006016
8.jpeg,0.96169335,11705008.533707503,1197721.1866906,0.8367435708642006,0.8367435708642006,0.8367435708642006
705.jpeg,0.96138,11841391.510361595,1147751.8951873502,0.9556759223341942,0.9556759223341942,0.9556759223341942
773.jpeg,0.9612058,11817340.578763504,1165847.3693298255,0.9116314724087716,0.9116314724087716,0.9116314724087716
517.jpeg,0.960972,11759000.83408005,1167173.5728699474,0.9541597738862038,0.9541597738862038,0.9541597738862038
219.jpeg,0.9609133,11814097.357827242,2380542.499547725,0.956347480416298,0.956347480416298,0.956347480416298
897.jpeg,0.96086764,11791298.999900224,2290375.948458544,0.9664858430624008,0.9664858430624008,0.9664858430624008
64.jpeg,0.9608212,11839501.613520743,1160390.8471127737,0.9546118825674056,0.9546118825674056,0.9546118825674056
271.jpeg,0.96079654,11806450.210138736,2356328.334385381,0.9583881348371506,0.9583881348371506,0.9583881348371506
50.jpeg,0.960725,11835486.004787514,1118568.303342715,0.9323563650250436,0.9323563650250436,0.9323563650250436
547.jpeg,0.96070886,11797667.277061224,1151166.8038889137,0.9443273395299911,0.9443273395299911,0.9443273395299911
500.jpeg,0.96056914,11753367.826868942,1173556.270004294,0.9508327320218086,0.9508327320218086,0.9508327320218086
296.jpeg,0.96054727,11806506.924819527,2348800.6781716,0.953724890947342,0.953724890947342,0.953724890947342
997.jpeg,0.9605118,11796724.978498287,2438520.4565943,0.9597102031111716,0.9597102031111716,0.9597102031111716
301.jpeg,0.96048707,11808618.376726229,2348266.7622102564,0.9624415934085846,0.9624415934085846,0.9624415934085846
206.jpeg,0.9604762,11821310.84703607,2424174.4616176663,0.7760550417006016,0.7760550417006016,0.7760550417006016
901.jpeg,0.9604421,11771482.275236338,1154039.1657925174,0.9529429450631142,0.9529429450631142,0.9529429450631142
692.jpeg,0.9603181,11841248.193213755,1144865.6260791314,0.9330158606171608,0.9330158606171608,0.9330158606171608
684.jpeg,0.9601444,11801417.20860134,1140746.3202638028,0.959438033401966,0.959438033401966,0.959438033401966
413.jpeg,0.96012825,11792407.557784664,2307626.195805188,0.7005633600056171,0.7005633600056171,0.7005633600056171
215.jpeg,0.96007794,11813324.469730036,2384480.860799475,0.953501969575882,0.953501969575882,0.953501969575882
125.jpeg,0.9600756,11798504.01659474,2433516.755902936,0.9536696076393129,0.9536696076393129,0.9536696076393129
853.jpeg,0.9600665,11875313.125212535,1160261.0473984145,0.9535927474498748,0.9535927474498748,0.9535927474498748
3.jpeg,0.9598263,11697887.676503051,1195333.2098595817,0.9476135969161988,0.9476135969161988,0.9476135969161988
428.jpeg,0.95979846,11792671.213613804,2301936.9126236085,0.9589001312851906,0.9589001312851906,0.9589001312851906
716.jpeg,0.95969546,11839819.963937834,1148194.9458812752,0.9163705706596376,0.9163705706596376,0.9163705706596376
567.jpeg,0.9594771,11801360.495342154,1137130.9271606691,0.8576992303133011,0.8576992303133011,0.8576992303133011
101.jpeg,0.95947057,11837509.1763928,2326578.97036396,0.9591388180851936,0.9591388180851936,0.9591388180851936
710.jpeg,0.95932037,11843807.290833429,1142839.3772094776,0.947268344461918,0.947268344461918,0.947268344461918
374.jpeg,0.9592394,11792414.640271207,2321668.56255256,0.9585914686322212,0.9736533686518668,0.9661224186420441
65.jpeg,0.95913655,11833933.378486143,1161376.548852565,0.942841537296772,0.942841537296772,0.942841537296772
643.jpeg,0.95896417,11792949.999194622,2335702.1874675658,0.9511285796761512,0.9511285796761512,0.9511285796761512
891.jpeg,0.95894784,11788452.293311251,2291356.616249951,0.9564145058393478,0.9564145058393478,0.9564145058393478
513.jpeg,0.95885366,11757065.421467235,1170060.3058717195,0.95849771797657,0.95849771797657,0.95849771797657
568.jpeg,0.9585862,11800146.936115468,1139633.1361674697,0.9481511414051056,0.9599213302135468,0.9540362358093262
43.jpeg,0.95853966,11795134.195770437,1145422.325379897,0.957121230661869,0.957121230661869,0.957121230661869
427.jpeg,0.9583789,11792676.329060351,2301920.418170971,0.9589001312851906,0.9589001312851906,0.9589001312851906
394.jpeg,0.9583674,11791267.085373228,2329121.8068378177,0.9477449581027032,0.9477449581027032,0.9477449581027032
303.jpeg,0.9583414,11809647.823610565,2348990.074669364,0.960194244980812,0.960194244980812,0.960194244980812
367.jpeg,0.9582099,11796051.022526365,2330537.1655195025,0.9556246027350426,0.9556246027350426,0.9556246027350426
610.jpeg,0.9581615,11808846.00232681,1275331.7797595845,0.7372584510594606,0.7372584510594606,0.7372584510594606
588.jpeg,0.9581139,11837376.48461512,1163401.3179103923,0.9533575177192688,0.9533575177192688,0.9533575177192688
706.jpeg,0.95809245,11841399.29639692,1147881.3173085875,0.9556759223341942,0.9556759223341942,0.9556759223341942
612.jpeg,0.9579343,11814917.846214237,1279007.0797923263,0.9477294832468032,0.9477294832468032,0.9477294832468032
12.jpeg,0.957707,11738471.092181824,1160996.2619605132,0.0,0.0,0.0
618.jpeg,0.9576846,11795292.915343136,2349954.3527122005,0.9627796411514282,0.9627796411514282,0.9627796411514282
609.jpeg,0.9574215,11810073.453096714,1271826.9687996043,0.9590158388018608,0.9590158388018608,0.9590158388018608
1000.jpeg,0.9569063,11821192.532177458,2425365.3526823176,0.0,0.0,0.0
94.jpeg,0.95671934,11812389.986003527,1266620.961360606,0.0,0.0,0.0
736.jpeg,0.9566875,11837570.978988146,1114788.5953842823,0.8922040164470673,0.9638150930404664,0.9280095547437668
127.jpeg,0.9564029,11797143.52545064,2434905.369955688,0.0,0.0,0.0
787.jpeg,0.95623285,11834991.982556112,1156469.193535247,0.9308332353830338,0.9308332353830338,0.9308332353830338
999.jpeg,0.9562323,11821929.67260825,2425960.213197856,0.953500248491764,0.953500248491764,0.953500248491764
960.jpeg,0.9561708,11702042.837699505,1193034.8179803672,0.5948488339781761,0.9630401656031607,0.7789444997906685
539.jpeg,0.9560642,11785991.699219428,1123227.180191688,0.9344288483262062,0.9344288483262062,0.9344288483262062
648.jpeg,0.9559932,11788446.661756268,1137969.059360639,0.941856913268566,0.941856913268566,0.941856913268566
400.jpeg,0.95599264,11794304.302647324,2329066.395945734,0.0,0.0,0.0
756.jpeg,0.95597196,11837818.02553661,1110724.4930669966,0.0,0.0,0.0
405.jpeg,0.9556519,11794029.68231021,2308353.033758136,0.92572034150362,0.92572034150362,0.92572034150362
448.jpeg,0.95537084,11836245.71197068,2327464.33756,0.9622607082128524,0.9622607082128524,0.9622607082128524
59.jpeg,0.9551807,11841028.848966118,1158973.4261646003,0.9514457285404204,0.9514457285404204,0.9514457285404204
536.jpeg,0.9549645,11786307.67405,1119088.0952881563,0.8748892918229103,0.941992774605751,0.9084410332143307
877.jpeg,0.9549369,11798615.49506755,2302746.931022904,0.9572357758879662,0.9572357758879662,0.9572357758879662
458.jpeg,0.95474356,11841950.540905502,2328946.675185483,0.9658156111836432,0.9658156111836432,0.9658156111836432
465.jpeg,0.9547087,11701666.263048971,1199688.9413004124,0.9357415363192558,0.9357415363192558,0.9357415363192558
954.jpeg,0.9545727,11695593.681965418,1196171.8281861255,0.0,0.0,0.0
662.jpeg,0.95451653,11795449.608182617,1147325.2460252442,0.9430020079016684,0.9551883414387704,0.9490951746702194
116.jpeg,0.95436937,11797111.02670338,2303280.948654319,0.0,0.0,0.0
481.jpeg,0.9543534,11737270.191482536,1162961.745954658,0.9340764582157136,0.9340764582157136,0.9340764582157136
523.jpeg,0.9543533,11769791.722721806,1155248.8197331598,0.9523559957742692,0.9523559957742692,0.9523559957742692
265.jpeg,0.95433265,11798083.150266197,2380122.698857658,0.9574228897690772,0.9574228897690772,0.9574228897690772
225.jpeg,0.954263,11811285.34211468,2381848.541601303,0.9696070179343224,0.9696070179343224,0.9696070179343224
814.jpeg,0.9542583,11839380.224508004,1160298.638135728,0.9546118825674056,0.9546118825674056,0.9546118825674056
862.jpeg,0.9539948,11796767.6978632,2302753.8781401203,0.8429966568946838,0.947855830192566,0.8954262435436249
251.jpeg,0.95397884,11803692.67529539,2377285.5475899023,0.9549840837717056,0.9549840837717056,0.9549840837717056
703.jpeg,0.9537062,11840640.689455634,1143895.1349782862,0.953902654349804,0.953902654349804,0.953902654349804
766.jpeg,0.9532543,11813655.945736516,1170783.2022689355,0.9446273446083068,0.9446273446083068,0.9446273446083068
297.jpeg,0.95323306,11806533.615428494,2348603.176520698,0.953724890947342,0.953724890947342,0.953724890947342
23.jpeg,0.95290637,11778772.775190732,1126242.424641563,0.955620974302292,0.955620974302292,0.955620974302292
763.jpeg,0.9528374,11812471.945296563,1167898.1007906594,0.72914969176054,0.72914969176054,0.72914969176054
317.jpeg,0.95261437,11803101.801783118,2346686.5151867066,0.9573670923709868,0.9573670923709868,0.9573670923709868
281.jpeg,0.95250213,11806615.577673256,2352453.79607054,0.95555629581213,0.95555629581213,0.95555629581213
924.jpeg,0.95235515,11736817.100116877,1162816.6653642156,0.0,0.0,0.0
825.jpeg,0.9523412,11842791.71325284,1158646.9987812012,0.0,0.0,0.0
402.jpeg,0.9522748,11793086.906717718,2309970.247337837,0.9560295641422272,0.9560295641422272,0.9560295641422272
398.jpeg,0.9522522,11792119.018128855,2333191.041106607,0.949956312775612,0.949956312775612,0.949956312775612
62.jpeg,0.951914,11834989.648151657,1156472.1115403522,0.9308332353830338,0.9308332353830338,0.9308332353830338
389.jpeg,0.9518671,11791693.255706578,2322483.7642845414,0.9720879420638084,0.9720879420638084,0.9720879420638084
973.jpeg,0.9517725,11812967.96839141,1279702.2845842824,0.5657863058149815,0.944246381521225,0.7550163436681032
126.jpeg,0.95175904,11797399.866964769,2433835.456577901,0.9382277429103852,0.9382277429103852,0.9382277429103852
512.jpeg,0.9515657,11757070.204951655,1170742.662083587,0.9524500593543052,0.9524500593543052,0.9524500593543052
397.jpeg,0.9514472,11791913.462508272,2332951.9442564994,0.9597285687923433,0.9597285687923433,0.9597285687923433
185.jpeg,0.9513124,11802552.188702485,2433262.6705658576,0.518542860634625,0.9646138250827788,0.7415783428587019
823.jpeg,0.9512268,11841028.848966025,1158974.5933667177,0.9514457285404204,0.9514457285404204,0.9514457285404204
497.jpeg,0.95114857,11755948.225805456,1168855.4602605486,0.9552982971072196,0.9552982971072196,0.9552982971072196
777.jpeg,0.95107275,11818703.968303498,1163263.5243844478,0.951982483267784,0.951982483267784,0.951982483267784
55.jpeg,0.9506562,11875651.389987191,1164108.1182722892,0.9250900447368622,0.9250900447368622,0.9250900447368622
263.jpeg,0.95058054,11797575.475902831,2379021.385483561,0.96222086250782,0.96222086250782,0.96222086250782
366.jpeg,0.9503034,11796118.85422204,2330540.8854893805,0.9556246027350426,0.9556246027350426,0.9556246027350426
759.jpeg,0.9501056,11810413.623495787,1163012.964330294,0.9480010122060776,0.9480010122060776,0.9480010122060776
975.jpeg,0.9498872,11814049.075399388,1270465.0426014615,0.9577397033572196,0.9577397033572196,0.9577397033572196
363.jpeg,0.9494198,11797777.319104403,2333558.3370470754,0.8771792575716972,0.9610107019543648,0.919094979763031
824.jpeg,0.9493396,11842005.310805377,1158933.157770241,0.0,0.0,0.0
358.jpeg,0.94909793,11798473.1868192,2336343.175056091,0.9461697787046432,0.9628662019968032,0.9545179903507233
970.jpeg,0.949096,11811783.101617957,1266296.3934450997,0.9564013555645944,0.9564013555645944,0.9564013555645944
608.jpeg,0.9490897,11810493.416862505,1271556.513544858,0.9320976659655572,0.9320976659655572,0.9320976659655572
277.jpeg,0.9481735,11805219.120856969,2353244.9038314256,0.9569733962416648,0.9569733962416648,0.9569733962416648
188.jpeg,0.9481273,11819558.245180843,2422340.641642668,0.953564889729023,0.953564889729023,0.953564889729023
431.jpeg,0.94799495,11835601.414069315,2324791.1223094384,0.9538616985082626,0.9538616985082626,0.9538616985082626
443.jpeg,0.94792414,11839299.54379432,2325496.015807894,0.9617175236344336,0.9617175236344336,0.9617175236344336
308.jpeg,0.9477382,11802167.338799823,2349463.945498828,0.937694638967514,0.937694638967514,0.937694638967514
507.jpeg,0.9474527,11757020.91769876,1172927.9708790253,0.9471836164593695,0.9471836164593695,0.9471836164593695
918.jpeg,0.94706434,11732784.717949769,1160639.7326403237,0.9618409797549248,0.9618409797549248,0.9618409797549248
885.jpeg,0.9463674,11786678.558301466,2295302.867352027,0.960174821317196,0.960174821317196,0.960174821317196
272.jpeg,0.9462317,11806454.73836699,2356250.054450389,0.9583881348371506,0.9583881348371506,0.9583881348371506
286.jpeg,0.9461971,11805392.0595393,2350421.4467556733,0.0,0.0,0.0
334.jpeg,0.9460175,11794971.756121278,2344854.9379271525,0.95907524228096,0.95907524228096,0.95907524228096
223.jpeg,0.94544786,11810802.530459546,2379116.277239284,0.9609451442956924,0.9609451442956924,0.9609451442956924
170.jpeg,0.94536966,11796937.34564036,2423010.762193353,0.9631724581122398,0.9631724581122398,0.9631724581122398
563.jpeg,0.9452269,11793367.29982015,1144453.9372480914,0.9580115452408792,0.9580115452408792,0.9580115452408792
107.jpeg,0.94488937,11808109.5677426,2387613.219441035,0.962682083249092,0.962682083249092,0.962682083249092
154.jpeg,0.94461274,11793939.540978802,2426337.513275176,0.950911670923233,0.950911670923233,0.950911670923233
651.jpeg,0.94450843,11791033.198463194,1148170.1054674948,0.954686276614666,0.954686276614666,0.954686276614666
518.jpeg,0.9442887,11762953.378293244,1165910.429605573,0.9428624138236046,0.9428624138236046,0.9428624138236046
148.jpeg,0.9442461,11793073.168775504,2433451.402135321,0.9679174050688744,0.9679174050688744,0.9679174050688744
250.jpeg,0.944197,11803216.724377926,2376806.185093667,0.918555423617363,0.918555423617363,0.918555423617363
365.jpeg,0.9441932,11794774.022277389,2332116.2443324127,0.9519815519452096,0.9519815519452096,0.9519815519452096
496.jpeg,0.9433164,11757314.698182724,1166468.901404143,0.94717775285244,0.94717775285244,0.94717775285244
876.jpeg,0.9432723,11796087.328165969,2304510.6599913216,0.9511641338467598,0.9511641338467598,0.9511641338467598
278.jpeg,0.942761,11806777.45714297,2353139.9629573016,0.9612163677811624,0.9612163677811624,0.9612163677811624
864.jpeg,0.9424722,11795385.50438747,2306241.1180465072,0.958620198071003,0.958620198071003,0.958620198071003
316.jpeg,0.9421167,11800839.261743344,2347514.589055621,0.9627844914793968,0.9627844914793968,0.9627844914793968
314.jpeg,0.941592,11797322.518141732,2350656.778672333,0.9629177302122116,0.9629177302122116,0.9629177302122116
899.jpeg,0.9408178,11794447.492952926,2288304.9876491874,0.8793435171246529,0.8793435171246529,0.8793435171246529
260.jpeg,0.9407476,11806043.916031664,2377317.515803632,0.0,0.0,0.0
339.jpeg,0.94069415,11798067.450637108,2345895.246464673,0.9602544978260994,0.9602544978260994,0.9602544978260994
571.jpeg,0.9406432,11840197.24555944,1116468.0278678522,0.9615146890282632,0.9615146890282632,0.9615146890282632
21.jpeg,0.9405405,11762518.949965758,1168168.7525632647,0.9509736225008965,0.9509736225008965,0.9509736225008965
307.jpeg,0.9403362,11802570.278493382,2352192.793734916,0.9303121119737624,0.9303121119737624,0.9303121119737624
467.jpeg,0.94028974,11700989.38754524,1199900.9349380855,0.0,0.0,0.0
266.jpeg,0.94007415,11803925.708691671,2381499.13304657,0.9630074054002762,0.9630074054002762,0.9630074054002762
421.jpeg,0.9399465,11794661.463545924,2299274.3913870654,0.9576052725315094,0.9576052725315094,0.9576052725315094
53.jpeg,0.93970746,11872267.585000535,1168302.560093922,0.7358715869486332,0.9769978746771812,0.8949174570540587
916.jpeg,0.93940985,11773716.66009003,1152415.775904135,0.9577626660466194,0.9577626660466194,0.9577626660466194
247.jpeg,0.9382253,11802172.491745489,2378944.87591458,0.9545218124985696,0.9545218124985696,0.9545218124985696
115.jpeg,0.9380754,11795307.10631763,2306209.09703906,0.958620198071003,0.958620198071003,0.958620198071003
385.jpeg,0.9379222,11787807.120938832,2330012.6164068445,0.9542687684297562,0.9542687684297562,0.9542687684297562
995.jpeg,0.93773985,11798024.35478816,2434297.075759122,0.6048561688512564,0.9597888067364692,0.7823224877938628
387.jpeg,0.93763953,11788494.07684759,2332663.0347808334,0.9514473155140876,0.9537708312273026,0.9526090733706951
348.jpeg,0.93748987,11790391.793251405,2338454.9704636885,0.9050162211060524,0.9050162211060524,0.9050162211060524
218.jpeg,0.9372519,11815200.45194638,2382114.190968204,0.8110930882394314,0.9434879645705224,0.8772905264049768
360.jpeg,0.93719006,11797209.287876137,2339308.093684458,0.9543887749314308,0.9600465148687364,0.9572176449000835
469.jpeg,0.9371375,11701990.132326877,1199137.2963022029,0.9614342078566552,0.9614342078566552,0.9614342078566552
886.jpeg,0.93679035,11785606.160310311,2291696.90793454,0.9666618779301644,0.9666618779301644,0.9666618779301644
543.jpeg,0.93646353,11792791.466043675,1145399.912020592,0.0,0.0,0.0
106.jpeg,0.9362641,11821795.855437968,2425011.327811695,0.947108194231987,0.947108194231987,0.947108194231987
583.jpeg,0.9358776,11838120.35952382,1158805.7034486216,0.9396484047174454,0.9396484047174454,0.9396484047174454
47.jpeg,0.93571174,11796753.62031947,1147179.1378926558,0.8147866744548082,0.8147866744548082,0.8147866744548082
235.jpeg,0.93538153,11807581.37514268,2384917.6354935924,0.9596560224890708,0.9596560224890708,0.9596560224890708
912.jpeg,0.93537503,11774950.248829396,1150913.8734651916,0.919283092021942,0.919283092021942,0.919283092021942
165.jpeg,0.9349698,11794553.54331242,2420361.6201512623,0.9650408029556274,0.9650408029556274,0.9650408029556274
361.jpeg,0.93464065,11797212.285458649,2339310.7003756543,0.9543887749314308,0.9600465148687364,0.9572176449000835
390.jpeg,0.9345771,11791376.861699363,2325907.707923485,0.9569214582443236,0.9569214582443236,0.9569214582443236
333.jpeg,0.93445,11794893.781206494,2344911.284886244,0.95907524228096,0.95907524228096,0.95907524228096
515.jpeg,0.9339419,11759981.44912442,1167438.7721003152,0.9347005560994148,0.9347005560994148,0.9347005560994148
145.jpeg,0.9336889,11789726.30880627,2432475.867566213,0.9617477357387544,0.9617477357387544,0.9617477357387544
875.jpeg,0.93318844,11796255.958250714,2303496.2366511,0.9542568698525428,0.9542568698525428,0.9542568698525428
140.jpeg,0.9330584,11793993.562838295,2436253.1412167875,0.9602972120046616,0.9602972120046616,0.9602972120046616
40.jpeg,0.93201226,11791971.693491291,1141557.2031293856,0.0,0.0,0.0
382.jpeg,0.9314625,11788103.88302101,2327370.661349895,0.9582141488790512,0.9582141488790512,0.9582141488790512
335.jpeg,0.9313871,11797661.569664344,2345523.9316138937,0.9623968675732611,0.9623968675732611,0.9623968675732611
956.jpeg,0.93055737,11697857.101626966,1195204.298134212,0.9476135969161988,0.9476135969161988,0.9476135969161988
925.jpeg,0.93032897,11737227.225135528,1162374.8712169996,0.956649661064148,0.956649661064148,0.956649661064148
407.jpeg,0.93023497,11794274.156651288,2308024.450410132,0.9604843109846116,0.9604843109846116,0.9604843109846116
905.jpeg,0.93022263,11772755.47106135,1153874.9006196684,0.0,0.0,0.0
678.jpeg,0.9298513,11798672.374559196,1145351.4435958536,0.9103837013244628,0.9103837013244628,0.9103837013244628
898.jpeg,0.9284819,11790186.405746268,2291884.082651886,0.9658829569816588,0.9658829569816588,0.9658829569816588
325.jpeg,0.9283536,11788983.221473144,2350171.9744676035,0.939842700958252,0.9719721525907516,0.9559074267745018
572.jpeg,0.928208,11840201.485557431,1116464.7995141856,0.9615146890282632,0.9615146890282632,0.9615146890282632
426.jpeg,0.92807674,11793649.553239755,2295821.430545398,0.9664761200547218,0.9664761200547218,0.9664761200547218
347.jpeg,0.92758024,11789798.436169064,2341087.644417765,0.963534578680992,0.963534578680992,0.963534578680992
11.jpeg,0.9272937,11738276.185494555,1159502.4204072603,0.951163575053215,0.951163575053215,0.951163575053215
909.jpeg,0.9271987,11773628.918180712,1151625.1278133248,0.959226317703724,0.959226317703724,0.959226317703724
917.jpeg,0.9270355,11771229.343900103,1157047.9650739806,0.9261556193232536,0.9261556193232536,0.9261556193232536
702.jpeg,0.92675763,11840272.17756327,1145357.1480095277,0.9604735895991324,0.9604735895991324,0.9604735895991324
892.jpeg,0.92628825,11786229.988517422,2289957.3620507694,0.9685373529791832,0.9685373529791832,0.9685373529791832
456.jpeg,0.9255662,11840450.623299932,2331664.9329775907,0.9542011693120004,0.9542011693120004,0.9542011693120004
457.jpeg,0.92530024,11840359.630696522,2331654.4531278578,0.9542011693120004,0.9542011693120004,0.9542011693120004
884.jpeg,0.9243307,11797592.810705224,2303397.193175232,0.815434742718935,0.815434742718935,0.815434742718935
598.jpeg,0.92425597,11869643.608873066,1167058.3231728785,0.7952185608446598,0.7952185608446598,0.7952185608446598
192.jpeg,0.9242485,11818062.828387482,2423775.805755314,0.954762190580368,0.954762190580368,0.954762190580368
425.jpeg,0.92356205,11793861.835378638,2296204.035380757,0.0,0.0,0.0
44.jpeg,0.9224075,11796623.077044375,1147438.268845138,0.8147866744548082,0.8147866744548082,0.8147866744548082
976.jpeg,0.922271,11812752.484192085,1265675.1051582885,0.9569743722677232,0.9569743722677232,0.9569743722677232
882.jpeg,0.9221831,11795321.251251284,2301010.1043290747,0.9539300873875618,0.9539300873875618,0.9539300873875618
123.jpeg,0.9221601,11798178.084217452,2434370.571557921,0.9597888067364692,0.9597888067364692,0.9597888067364692
386.jpeg,0.9220109,11788219.077671569,2332663.426674993,0.9044706150889396,0.9514473155140876,0.9279589653015136
856.jpeg,0.9218194,11875402.707945645,1160632.02314499,0.8821411430835724,0.8821411430835724,0.8821411430835724
411.jpeg,0.9217814,11789715.925070465,2307748.536183615,0.9611140787601472,0.9611140787601472,0.9611140787601472
147.jpeg,0.92109334,11792982.963598317,2433416.721673532,0.9679174050688744,0.9679174050688744,0.9679174050688744
181.jpeg,0.92084944,11801751.893252237,2429277.143495138,0.9632993116974832,0.9632993116974832,0.9632993116974832
399.jpeg,0.9205658,11795124.830685908,2329175.235061286,0.9150010496377944,0.9150010496377944,0.9150010496377944
134.jpeg,0.9203518,11799114.271156304,2439375.760035797,0.962046466767788,0.962046466767788,0.962046466767788
393.jpeg,0.9195709,11790786.102815934,2329019.406214605,0.9556128457188606,0.9556128457188606,0.9556128457188606
942.jpeg,0.919428,11758429.25733156,1170366.0680123067,0.715373519808054,0.715373519808054,0.715373519808054
636.jpeg,0.9190937,11791392.495670944,2335319.080918385,0.9523882940411568,0.9523882940411568,0.9523882940411568
761.jpeg,0.91859907,11810314.880559877,1174747.15557426,0.9582139253616332,0.9582139253616332,0.9582139253616332
395.jpeg,0.9183794,11789927.405241024,2332967.3016189407,0.9639526829123496,0.9639526829123496,0.9639526829123496
508.jpeg,0.917558,11757526.16259542,1172967.4473279836,0.9518237859010696,0.9518237859010696,0.9518237859010696
293.jpeg,0.91700953,11806504.385447964,2349660.271923481,0.9568448513746262,0.9568448513746262,0.9568448513746262
889.jpeg,0.9169502,11786228.855121816,2289958.1855446924,0.9685373529791832,0.9685373529791832,0.9685373529791832
184.jpeg,0.91640735,11799846.586625217,2434870.290412551,0.9475488364696504,0.9475488364696504,0.9475488364696504
109.jpeg,0.9164023,11788914.120604914,2338878.2050667224,0.9569196254014968,0.9569196254014968,0.9569196254014968
672.jpeg,0.9160446,11797303.79069434,1148026.8708058477,0.0,0.0,0.0
5.jpeg,0.9157847,11700169.13612262,1199690.9121392516,0.9548324048519136,0.9548324048519136,0.9548324048519136
984.jpeg,0.915717,11818887.011668878,1279033.3033816463,0.0,0.0,0.0
585.jpeg,0.91564274,11836911.70222539,1158940.3853177114,0.9550327286124228,0.9550327286124228,0.9550327286124228
152.jpeg,0.91550356,11795573.175337048,2428211.2200523564,0.8921960741281509,0.8921960741281509,0.8921960741281509
810.jpeg,0.9137645,11838105.834234891,1161536.6504122308,0.9573374167084694,0.9573374167084694,0.9573374167084694
138.jpeg,0.9128294,11795196.439914849,2439002.0116912243,0.9489210098981856,0.9489210098981856,0.9489210098981856
381.jpeg,0.9126292,11788126.87101101,2327350.674638943,0.9582141488790512,0.9582141488790512,0.9582141488790512
616.jpeg,0.9123507,11813942.514743043,1270356.7430055933,0.9577397033572196,0.9577397033572196,0.9577397033572196
279.jpeg,0.9119531,11806907.586143931,2352930.2881163987,0.9612163677811624,0.9612163677811624,0.9612163677811624
519.jpeg,0.9104464,11763649.167302042,1167088.3373027905,0.0,0.0,0.0
945.jpeg,0.9095025,11759220.758191554,1170221.8451724588,0.0,0.0,0.0
476.jpeg,0.9088851,11703894.627784535,1194931.3602879029,0.9610719606280328,0.9610719606280328,0.9610719606280328
230.jpeg,0.90814,11809273.384795684,2382240.4164482104,0.9564014449715614,0.9564014449715614,0.9564014449715614
599.jpeg,0.90730166,11871031.350956265,1170586.864325196,0.9561449438333512,0.9561449438333512,0.9561449438333512
146.jpeg,0.90729064,11793053.567495378,2432632.326479058,0.9571789428591728,0.9571789428591728,0.9571789428591728
429.jpeg,0.90568054,11785530.830986816,2291955.314175506,0.9663051515817642,0.9663051515817642,0.9663051515817642
861.jpeg,0.9056304,11796196.637393368,2303475.9705778263,0.9542568698525428,0.9542568698525428,0.9542568698525428
498.jpeg,0.9049127,11755002.675099105,1169831.3892161082,0.9582290649414062,0.9582290649414062,0.9582290649414062
867.jpeg,0.90479875,11796014.009011503,2303031.209908599,0.0,0.0,0.0
665.jpeg,0.90410453,11796395.68650864,1145901.426125973,0.960284598171711,0.960284598171711,0.960284598171711
338.jpeg,0.90393585,11796558.28869068,2348808.7757003866,0.9627909064292908,0.9627909064292908,0.9627909064292908
412.jpeg,0.9021449,11792191.234424489,2307604.5896356725,0.9511714950203896,0.9511714950203896,0.9511714950203896
369.jpeg,0.89984435,11797039.631222213,2327366.2070116163,0.9523506760597228,0.9523506760597228,0.9523506760597228
487.jpeg,0.8990285,11734730.907577563,1159969.6045846196,0.9152181968092918,0.9152181968092918,0.9152181968092918
628.jpeg,0.89637613,11788957.492177757,2338943.438733194,0.9569196254014968,0.9569196254014968,0.9569196254014968
626.jpeg,0.89632577,11804048.331233166,2374915.3981100777,0.9558602869510652,0.9558602869510652,0.9558602869510652
760.jpeg,0.8953979,11810308.478826055,1174747.475660438,0.9582139253616332,0.9582139253616332,0.9582139253616332
324.jpeg,0.8947311,11793319.19779613,2351857.0261298227,0.9599727019667624,0.9599727019667624,0.9599727019667624
858.jpeg,0.894723,11874492.290325196,1160267.2724101052,0.9640436172485352,0.9640436172485352,0.9640436172485352
48.jpeg,0.89413375,11798219.42261105,1147356.1614983098,0.9541862830519676,0.9541862830519676,0.9541862830519676
849.jpeg,0.89413357,11874904.896291628,1160025.078004248,0.9383005350828172,0.9383005350828172,0.9383005350828172
35.jpeg,0.89338803,11791032.542694231,1136954.3778489237,0.9588981121778488,0.9588981121778488,0.9588981121778488
424.jpeg,0.89274627,11796599.877077056,2296492.644977198,0.9566381722688676,0.9566381722688676,0.9566381722688676
968.jpeg,0.8924484,11811547.891609516,1267731.6714246548,0.9579194709658624,0.9579194709658624,0.9579194709658624
669.jpeg,0.8913361,11797058.27520565,1147789.4821290518,0.9442798495292664,0.9442798495292664,0.9442798495292664
84.jpeg,0.8911839,11813015.316859428,1164961.705742088,0.9599774330854416,0.9599774330854416,0.9599774330854416
36.jpeg,0.8876816,11793789.728175078,1136641.0137041423,0.9571988433599472,0.9571988433599472,0.9571988433599472
902.jpeg,0.88717645,11771476.550434869,1153976.0088475945,0.9529429450631142,0.9529429450631142,0.9529429450631142
921.jpeg,0.8869546,11735165.270966068,1163271.9883692036,0.9559631943702698,0.9559631943702698,0.9559631943702698
212.jpeg,0.885917,11805007.050032653,2384478.3983988147,0.9598280042409896,0.9598280042409896,0.9598280042409896
383.jpeg,0.88485897,11788512.445093874,2329882.62578762,0.965965822339058,0.965965822339058,0.965965822339058
887.jpeg,0.884591,11790073.29355662,2291828.132372953,0.9658829569816588,0.9658829569816588,0.9658829569816588
404.jpeg,0.88275325,11793955.134124655,2308331.752157813,0.92572034150362,0.92572034150362,0.92572034150362
439.jpeg,0.8820416,11838515.087443303,2326031.5211785072,0.9658244028687476,0.9658244028687476,0.9658244028687476
816.jpeg,0.882033,11839609.579806233,1159245.432776999,0.956971675157547,0.956971675157547,0.956971675157547
704.jpeg,0.88079596,11837688.794823457,1149133.5924863163,0.9639937356114388,0.9639937356114388,0.9639937356114388
479.jpeg,0.8762594,11733539.901815882,1166998.0728378354,0.0,0.0,0.0
2.jpeg,0.874999,11693603.827179415,1194228.9003213013,0.9648653119802476,0.9648653119802476,0.9648653119802476
14.jpeg,0.87463886,11739551.053419355,1157887.3209547093,0.9373593926429749,0.9373593926429749,0.9373593926429749
686.jpeg,0.8738208,11793549.62045443,1147111.0205761527,0.9543266519904136,0.9543266519904136,0.9543266519904136
0.jpeg,0.8737586,11696660.957958722,1194928.718424968,0.9390372708439828,0.9390372708439828,0.9390372708439828
879.jpeg,0.8730445,11797514.8405636,2303192.8195377034,0.7430782001465559,0.7430782001465559,0.7430782001465559
847.jpeg,0.8723731,11873248.335384795,1168277.092019111,0.9730553105473518,0.9730553105473518,0.9730553105473518
552.jpeg,0.87144226,11801240.012081694,1153132.134769121,0.9465704038739204,0.9465704038739204,0.9465704038739204
627.jpeg,0.87102425,11789187.760700583,2336774.4552249303,0.9578873813152312,0.9578873813152312,0.9578873813152312
720.jpeg,0.86989653,11837349.478490736,1110197.025874255,0.950891524553299,0.950891524553299,0.950891524553299
103.jpeg,0.8691218,11821196.410936076,2425499.34615936,0.6377816265448928,0.6377816265448928,0.6377816265448928
770.jpeg,0.86805713,11817198.985243011,1171575.2570682324,0.9534973874688148,0.9534973874688148,0.9534973874688148
621.jpeg,0.8661615,11808184.498305382,2387635.4341491074,0.962682083249092,0.962682083249092,0.962682083249092
199.jpeg,0.86547244,11822911.134377116,2426764.6301610544,0.9676811024546624,0.9676811024546624,0.9676811024546624
524.jpeg,0.86500084,11770295.865739567,1155148.0006821873,0.9516091123223304,0.9516091123223304,0.9516091123223304
454.jpeg,0.8648137,11838555.794611784,2330600.300658479,0.8797446638345718,0.8797446638345718,0.8797446638345718
516.jpeg,0.86365813,11759022.676961428,1167044.6260355455,0.9541597738862038,0.9541597738862038,0.9541597738862038
376.jpeg,0.86350113,11790222.714194736,2322755.556529947,0.9540657922625542,0.9540657922625542,0.9540657922625542
661.jpeg,0.8627632,11795475.367828978,1146956.5724918584,0.9490718841552734,0.9490718841552734,0.9490718841552734
248.jpeg,0.8624309,11802227.155208943,2378816.38950597,0.9545218124985696,0.9545218124985696,0.9545218124985696
673.jpeg,0.85993534,11797688.900222745,1146201.9740641357,0.9524167999625206,0.9524167999625206,0.9524167999625206
553.jpeg,0.8591303,11800836.65025018,1150434.5381623297,0.0,0.0,0.0
104.jpeg,0.85674936,11822248.43603675,2424387.9055292606,0.9575007632374763,0.9575007632374763,0.9575007632374763
435.jpeg,0.85548633,11836833.214371912,2324766.8669598214,0.0,0.0,0.0
631.jpeg,0.85542464,11790563.516462862,2337393.688784766,0.9633743762969972,0.9633743762969972,0.9633743762969972
698.jpeg,0.8535971,11837801.632207256,1149116.884042519,0.9639937356114388,0.9639937356114388,0.9639937356114388
388.jpeg,0.85245943,11786906.24363956,2321565.136844457,0.9427704587578772,0.9427704587578772,0.9427704587578772
818.jpeg,0.85028833,11840161.034155084,1159463.6509839466,0.893523171544075,0.893523171544075,0.893523171544075
645.jpeg,0.847583,11790646.388783928,2337843.9161399147,0.9556588977575302,0.9556588977575302,0.9556588977575302
216.jpeg,0.8474473,11816076.74597584,2384369.952460694,0.9496456310153008,0.9496456310153008,0.9496456310153008
717.jpeg,0.84411764,11844976.47599766,1145676.9397475545,0.9641498997807504,0.9641498997807504,0.9641498997807504
890.jpeg,0.84367514,11789847.604620373,2291677.219538508,0.9630801379680634,0.9630801379680634,0.9630801379680634
974.jpeg,0.84362644,11812286.27379064,1266594.845402673,0.0,0.0,0.0
38.jpeg,0.8434275,11792427.023540424,1139846.1729406011,0.9532874673604964,0.9532874673604964,0.9532874673604964
548.jpeg,0.8427495,11798832.566716276,1151160.5226573786,0.937406376004219,0.937406376004219,0.937406376004219
490.jpeg,0.84131354,11732208.49163558,1161279.348851165,0.9648809731006622,0.9648809731006622,0.9648809731006622
195.jpeg,0.8376849,11818711.306866908,2425433.401750705,0.956404447555542,0.956404447555542,0.956404447555542
197.jpeg,0.8356644,11819123.334102483,2428200.225538456,0.946122705936432,0.946122705936432,0.946122705936432
177.jpeg,0.83492047,11796698.107861577,2426833.6565500773,0.9577883780002594,0.9577883780002594,0.9577883780002594
462.jpeg,0.8346827,11838438.669901758,2323033.6480521704,0.9587743505835532,0.9587743505835532,0.9587743505835532
522.jpeg,0.8313502,11771865.007997742,1154634.5391376112,0.928137108683586,0.928137108683586,0.928137108683586
243.jpeg,0.8297115,11805259.582531374,2379246.348894711,0.9374432936310768,0.9374432936310768,0.9374432936310768
237.jpeg,0.82892025,11802836.053385586,2383895.247742411,0.9553613141179084,0.9553613141179084,0.9553613141179084
939.jpeg,0.826843,11735084.048702164,1164697.3573043777,0.0,0.0,0.0
337.jpeg,0.8223407,11793882.581841445,2347691.5148734213,0.9650161042809486,0.9650161042809486,0.9650161042809486
663.jpeg,0.8213057,11795670.093139704,1147382.3112694356,0.9430020079016684,0.9430020079016684,0.9430020079016684
187.jpeg,0.8208041,11826591.857267767,2426050.8711259435,0.959960736334324,0.959960736334324,0.959960736334324
249.jpeg,0.82029307,11803212.741932908,2376840.6835241187,0.918555423617363,0.918555423617363,0.918555423617363
528.jpeg,0.81930876,11773635.465136671,1153232.6378429595,0.9571102187037468,0.9571102187037468,0.9571102187037468
597.jpeg,0.81905067,11811496.821068777,1161168.5544018014,0.9487955942749976,0.9487955942749976,0.9487955942749976
1.jpeg,0.8129151,11693606.257765992,1194226.1473003116,0.9648653119802476,0.9648653119802476,0.9648653119802476
600.jpeg,0.81032646,11873004.385400703,1168444.2106975734,0.9543613418936728,0.9543613418936728,0.9543613418936728
410.jpeg,0.809296,11789867.302707065,2307802.35021308,0.9611140787601472,0.9611140787601472,0.9611140787601472
264.jpeg,0.80839944,11797698.926612632,2380157.381641229,0.9578706845641136,0.9578706845641136,0.9578706845641136
646.jpeg,0.80465,11790682.393483782,2337059.46207244,0.9604390934109688,0.9604390934109688,0.9604390934109688
888.jpeg,0.8042582,11791826.10054964,2292486.9810415725,0.9587171822786332,0.9587171822786332,0.9587171822786332
354.jpeg,0.80403936,11792955.200863142,2335825.4458731515,0.9511285796761512,0.9511285796761512,0.9511285796761512
441.jpeg,0.8028841,11838946.024110183,2325941.7840308063,0.957814447581768,0.957814447581768,0.957814447581768
934.jpeg,0.79747885,11742694.068117429,1155879.8872347046,0.9647426679730416,0.9647426679730416,0.9647426679730416
633.jpeg,0.7969505,11790618.625702957,2337849.218258889,0.9556588977575302,0.9556588977575302,0.9556588977575302
859.jpeg,0.79559433,11841955.180673271,2329056.281391333,0.9658156111836432,0.9658156111836432,0.9658156111836432
748.jpeg,0.7954115,11836886.345990391,1110973.6162619672,0.9294464960694312,0.9294464960694312,0.9294464960694312
52.jpeg,0.7894901,11838429.46900708,1148825.348248855,0.953381210565567,0.953381210565567,0.953381210565567
650.jpeg,0.7877162,11790860.19552126,1146568.976636122,0.7466468438506126,0.7466468438506126,0.7466468438506126
287.jpeg,0.7857071,11805563.566515686,2350034.648603688,0.6354603506624699,0.6354603506624699,0.6354603506624699
993.jpeg,0.7851277,11795388.914661288,2427619.0876922086,0.9522202089428902,0.9522202089428902,0.9522202089428902
172.jpeg,0.7786464,11794439.97175877,2424291.462906076,0.9538939744234084,0.9538939744234084,0.9538939744234084
153.jpeg,0.77671534,11794974.499195866,2425841.928720858,0.9539048224687576,0.9539048224687576,0.9539048224687576
186.jpeg,0.77369225,11826468.36015245,2426096.7323668534,0.959960736334324,0.959960736334324,0.959960736334324
775.jpeg,0.7640998,11819914.356894026,1163306.1273590352,0.9602587968111038,0.9602587968111038,0.9602587968111038
198.jpeg,0.76248217,11821850.232253088,2426794.2375704986,0.8877104967832565,0.8877104967832565,0.8877104967832565
477.jpeg,0.76184887,11699544.257653993,1190449.1348180822,0.9653752967715264,0.9653752967715264,0.9653752967715264
764.jpeg,0.7557998,11812724.01339374,1170087.17368608,0.8776000663638115,0.8776000663638115,0.8776000663638115
762.jpeg,0.7522374,11810311.199562935,1174747.3156173103,0.9582139253616332,0.9582139253616332,0.9582139253616332
943.jpeg,0.7501259,11757662.864856113,1171521.022026732,0.9400590807199478,0.9400590807199478,0.9400590807199478
240.jpeg,0.74887663,11806052.764002014,2382087.823612408,0.9642113745212556,0.9642113745212556,0.9642113745212556
641.jpeg,0.74767876,11792194.155852702,2336765.657572993,0.9532242342829704,0.9532242342829704,0.9532242342829704
962.jpeg,0.7471791,11809261.05847996,1270180.3254780138,0.9518102332949638,0.9518102332949638,0.9518102332949638
409.jpeg,0.743554,11796978.051678777,2307584.1222629887,0.959720715880394,0.959720715880394,0.959720715880394
227.jpeg,0.7308802,11812000.22743876,2382195.35846467,0.9600025415420532,0.9600025415420532,0.9600025415420532
120.jpeg,0.7305489,11787145.55561614,2294995.363161852,0.9223218634724616,0.9223218634724616,0.9223218634724616
488.jpeg,0.72184026,11734744.898505034,1161180.0035315803,0.9484650790691376,0.9484650790691376,0.9484650790691376
489.jpeg,0.7204442,11734746.315090748,1161177.500767662,0.9484650790691376,0.9484650790691376,0.9484650790691376
433.jpeg,0.7199895,11836285.202377072,2324467.8846267355,0.5169347431510687,0.5169347431510687,0.5169347431510687
747.jpeg,0.7141225,11837706.377100969,1112002.5982716605,0.6362076885998249,0.9497368708252908,0.7929722797125578
178.jpeg,0.708421,11795636.512060251,2427032.9962692102,0.9622226431965828,0.9622226431965828,0.9622226431965828
668.jpeg,0.7019999,11797053.132070305,1147795.1948154103,0.9442798495292664,0.9442798495292664,0.9442798495292664
971.jpeg,0.70141184,11811902.333914155,1266334.0036325736,0.9564013555645944,0.9564013555645944,0.9564013555645944
860.jpeg,0.69795966,11836954.30609591,2325821.8052716195,0.9676252603530884,0.9676252603530884,0.9676252603530884
137.jpeg,0.69431216,11796794.710534552,2440522.3931411817,0.9507385268807412,0.9507385268807412,0.9507385268807412
533.jpeg,0.69046247,11784181.492024602,1126405.8459836878,0.8816394358873367,0.8816394358873367,0.8816394358873367
66.jpeg,0.6903607,11834210.637607783,1161557.124769137,0.8550862744450569,0.8550862744450569,0.8550862744450569
87.jpeg,0.68815196,11814355.735715011,1164984.2717781083,0.9600740075111388,0.9600740075111388,0.9600740075111388
691.jpeg,0.67967737,11841052.2044914,1142631.3332501785,0.0,0.0,0.0
434.jpeg,0.67791194,11836809.93580757,2324928.149612097,0.0,0.0,0.0
318.jpeg,0.6747246,11798928.946534788,2352031.868128506,0.9651028886437416,0.9651028886437416,0.9651028886437416
822.jpeg,0.6733228,11841022.234831655,1158835.0154463244,0.9514457285404204,0.9514457285404204,0.9514457285404204
933.jpeg,0.6690394,11742691.436522532,1155881.919154005,0.9647426679730416,0.9647426679730416,0.9647426679730416
241.jpeg,0.6669533,11806044.1020094,2382020.231398024,0.9642113745212556,0.9642113745212556,0.9642113745212556
213.jpeg,0.6663316,11809966.090803403,2385567.5547255534,0.9598894715309144,0.9598894715309144,0.9598894715309144
632.jpeg,0.66320086,11790681.72707635,2337056.8433170426,0.9604390934109688,0.9604390934109688,0.9604390934109688
582.jpeg,0.65835625,11839514.279561205,1159271.2176308583,0.956971675157547,0.956971675157547,0.956971675157547
343.jpeg,0.65825135,11792243.153979553,2342315.429911821,0.9497980773448944,0.9497980773448944,0.9497980773448944
828.jpeg,0.6560668,11840895.899041526,1162593.374841928,0.9563425406813622,0.9563425406813622,0.9563425406813622
285.jpeg,0.65599954,11805993.311378617,2351981.724498863,0.7251411583274603,0.9621217921376228,0.8436314752325416
689.jpeg,0.65585834,11837691.275383364,1149133.37393891,0.9639937356114388,0.9639937356114388,0.9639937356114388
275.jpeg,0.65289825,11808787.171261778,2353857.2127260906,0.941741205751896,0.941741205751896,0.941741205751896
896.jpeg,0.6464252,11791076.60875144,2291282.663105165,0.612641355022788,0.9690119177103044,0.7908266363665462
906.jpeg,0.6456459,11772946.954377389,1152172.1422034567,0.961289055645466,0.961289055645466,0.961289055645466
189.jpeg,0.6450118,11819480.413208788,2422272.484257005,0.953564889729023,0.953564889729023,0.953564889729023
329.jpeg,0.6385456,11791126.72927088,2346953.8008115487,0.9567549154162408,0.9567549154162408,0.9567549154162408
894.jpeg,0.6354908,11791014.640055472,2291245.728975431,0.612641355022788,0.612641355022788,0.612641355022788
102.jpeg,0.63488305,11837321.605585638,2326074.9938525776,0.9598671793937684,0.9598671793937684,0.9598671793937684
848.jpeg,0.6299157,11873981.542227222,1159073.321870553,0.960802175104618,0.960802175104618,0.960802175104618
538.jpeg,0.6278366,11787355.581996389,1120448.8393511982,0.0,0.0,0.0
377.jpeg,0.6269156,11789868.4418567,2319425.100786501,0.9227416813373566,0.9227416813373566,0.9227416813373566
391.jpeg,0.62586176,11791365.69117429,2325808.6646018378,0.9569214582443236,0.9569214582443236,0.9569214582443236
371.jpeg,0.61926454,11793388.090746762,2323495.085999265,0.9600307494401932,0.9600307494401932,0.9600307494401932
865.jpeg,0.61461854,11796164.829406098,2302675.955672513,0.9526592046022416,0.9526592046022416,0.9526592046022416
565.jpeg,0.6049598,11802491.154860822,1136152.5154764005,0.9550366923213004,0.9550366923213004,0.9550366923213004
670.jpeg,0.6029302,11797069.585296536,1147394.0380330223,0.0,0.0,0.0
699.jpeg,0.60225713,11840369.490854828,1146790.1516237317,0.9380227103829384,0.9380227103829384,0.9380227103829384
570.jpeg,0.59649235,11801149.349935737,1140713.2508868244,0.928393118083477,0.928393118083477,0.928393118083477
353.jpeg,0.59528494,11796028.990603106,2338777.5639283964,0.9049845486879348,0.9654358327388765,0.9352101907134056
771.jpeg,0.5908545,11817199.305325108,1171634.1530192737,0.9534973874688148,0.9534973874688148,0.9534973874688148
302.jpeg,0.5904447,11810565.094898265,2348045.4661156493,0.9531809315085412,0.9531809315085412,0.9531809315085412
406.jpeg,0.5802848,11794207.081817884,2308268.905556599,0.9604843109846116,0.9604843109846116,0.9604843109846116
541.jpeg,0.57867205,11796643.168046232,1139527.934368928,0.917768344283104,0.917768344283104,0.917768344283104
647.jpeg,0.572952,11788334.69898906,1148811.428957372,0.0,0.0,0.0
809.jpeg,0.5644413,11839004.093471592,1162273.1550205862,0.9595207273960114,0.9595207273960114,0.9595207273960114
403.jpeg,0.5607632,11793289.642967,2309822.144726488,0.955320045351982,0.955320045351982,0.955320045351982
22.jpeg,0.5528366,11772764.006579584,1151617.7645608366,0.8643778339028358,0.9303435161709784,0.8973606750369072
908.jpeg,0.5496607,11773375.14309239,1152318.1335257734,0.0,0.0,0.0
535.jpeg,0.54453975,11780040.110141857,1125923.8732906885,0.8770314082503319,0.8770314082503319,0.8770314082503319
820.jpeg,0.54360396,11840695.7099897,1159475.6148487262,0.955153301358223,0.955153301358223,0.955153301358223
284.jpeg,0.5426263,11805880.324952288,2351987.3406005744,0.7251411583274603,0.9621217921376228,0.8436314752325416
595.jpeg,0.54023683,11812265.425955417,1164697.340917854,0.9559857174754144,0.9559857174754144,0.9559857174754144
208.jpeg,0.53754735,11821045.383245343,2424407.393167987,0.95414100587368,0.95414100587368,0.95414100587368
356.jpeg,0.5348229,11796398.40560094,2334736.8219441846,0.9678305089473724,0.9678305089473724,0.9678305089473724
660.jpeg,0.5266845,11795688.185538938,1147021.5969010862,0.9490718841552734,0.9490718841552734,0.9490718841552734
630.jpeg,0.5201224,11790682.408133252,2337062.0845122,0.9604390934109688,0.9604390934109688,0.9604390934109688
550.jpeg,0.5193276,11799569.810975011,1150593.8714556096,0.9618533626198768,0.9618533626198768,0.9618533626198768
171.jpeg,0.5191388,11796450.73533467,2422588.783591836,0.6538942530751228,0.6538942530751228,0.6538942530751228
709.jpeg,0.51096165,11843752.517968524,1142867.084087719,0.947268344461918,0.947268344461918,0.947268344461918
667.jpeg,0.5023024,11796690.898668028,1147374.207086922,0.8147866744548082,0.8147866744548082,0.8147866744548082
590.jpeg,0.49218953,11836161.667195352,1163645.4542562813,0.9241604581475258,0.9241604581475258,0.9241604581475258
359.jpeg,0.49121886,11796381.847186493,2338154.2692403826,0.969935342669487,0.969935342669487,0.969935342669487
210.jpeg,0.48801148,11804728.234226856,2384875.2828029376,0.9565313160419464,0.9565313160419464,0.9565313160419464
695.jpeg,0.48445287,11842116.180566752,1145229.2764207995,0.0,0.0,0.0
61.jpeg,0.47554368,11840884.79648772,1162595.157056098,0.9563425406813622,0.9563425406813622,0.9563425406813622
326.jpeg,0.47000557,11788964.574901711,2350104.9199331463,0.939842700958252,0.9719721525907516,0.9559074267745018
268.jpeg,0.46955976,11803190.9134015,2356407.262967811,0.9475989863276482,0.9475989863276482,0.9475989863276482
614.jpeg,0.46901417,11815707.93756987,1268242.937137168,0.0,0.0,0.0
928.jpeg,0.45282656,11738535.469081333,1161078.3251425568,0.5836131852120161,0.5836131852120161,0.5836131852120161
806.jpeg,0.45140308,11837060.118339648,1162390.2641432143,0.9528705850243568,0.9528705850243568,0.9528705850243568
947.jpeg,0.4508755,11760404.26609411,1173165.4513410795,0.9532783776521684,0.9532783776521684,0.9532783776521684
922.jpeg,0.44885516,11834659.259375568,1157399.2609463749,0.0,0.0,0.0
989.jpeg,0.44857135,11809477.571721358,1267127.1529388044,0.9622978270053864,0.9622978270053864,0.9622978270053864
930.jpeg,0.44851094,11741332.59986586,1157007.677894011,0.9582639634609222,0.9582639634609222,0.9582639634609222
311.jpeg,0.44382972,11798748.56932406,2349011.860635066,0.5596755743026733,0.967984065413475,0.82809346417586
714.jpeg,0.43571365,11839649.070834244,1144833.4744982729,0.0,0.0,0.0
444.jpeg,0.4259456,11838310.2711843,2324345.4634785745,0.9608710706233978,0.9608710706233978,0.9608710706233978
866.jpeg,0.42394975,11799888.773915907,2299943.660591542,0.9591900259256364,0.9591900259256364,0.9591900259256364
196.jpeg,0.41149545,11819784.616724938,2427965.4284087503,0.9711131528019904,0.9711131528019904,0.9711131528019904
236.jpeg,0.40189257,11802696.538377767,2383815.333572627,0.9553613141179084,0.9553613141179084,0.9553613141179084
700.jpeg,0.39918762,11844780.582972726,1147298.9825524748,0.9566393569111824,0.9566393569111824,0.9566393569111824
735.jpeg,0.39841822,11837503.989344325,1111383.6405298382,0.7367294803261757,0.9662657603621484,0.851497620344162
779.jpeg,0.3933202,11820942.079253327,1168232.2719751813,0.9601251780986786,0.9601251780986786,0.9601251780986786
683.jpeg,0.3918528,11800223.415225515,1141914.596287704,0.9286408498883248,0.9286408498883248,0.9286408498883248
664.jpeg,0.38931406,11796239.433105525,1143523.5677743617,0.9326696693897248,0.9326696693897248,0.9326696693897248
584.jpeg,0.38493344,11836286.879809633,1158242.492901775,0.9586783200502396,0.9586783200502396,0.9586783200502396
182.jpeg,0.3790191,11801428.496352054,2432531.8032269483,0.964885801076889,0.964885801076889,0.964885801076889
655.jpeg,0.37768438,11794430.286436366,1136931.9438575064,0.9535049796104432,0.9535049796104432,0.9535049796104432
972.jpeg,0.37663275,11811894.651826032,1273285.0266564065,0.5714401043951511,0.5714401043951511,0.5714401043951511
482.jpeg,0.37469882,11736663.430787615,1162223.894911386,0.0,0.0,0.0
453.jpeg,0.372792,11838646.867593369,2330439.34210313,0.8797446638345718,0.8797446638345718,0.8797446638345718
276.jpeg,0.37199444,11805248.454424994,2353194.6188189434,0.9569733962416648,0.9569733962416648,0.9569733962416648
105.jpeg,0.37050477,11823273.838750258,2425056.8150717244,0.5230025798082352,0.5230025798082352,0.5230025798082352
288.jpeg,0.35789555,11805560.950991029,2350033.915280789,0.6354603506624699,0.6354603506624699,0.6354603506624699
969.jpeg,0.35401982,11811729.487095537,1266344.0863635724,0.9564013555645944,0.9564013555645944,0.9564013555645944
169.jpeg,0.33852074,11797333.528641328,2422852.254549093,0.9637787565588952,0.9637787565588952,0.9637787565588952
254.jpeg,0.32939824,11802689.001193134,2375786.131883132,0.9563552141189576,0.9563552141189576,0.9563552141189576
491.jpeg,0.32848182,11731047.909845876,1161876.753169214,0.9509974792599678,0.9509974792599678,0.9509974792599678
253.jpeg,0.32773402,11802686.398661748,2375788.0270916936,0.9563552141189576,0.9563552141189576,0.9563552141189576
688.jpeg,0.32488102,11838918.883483157,1148665.0988657852,0.9521023035049438,0.9521023035049438,0.9521023035049438
194.jpeg,0.3177296,11818649.881039938,2425458.534929221,0.956404447555542,0.956404447555542,0.956404447555542
323.jpeg,0.31714043,11793355.678903624,2351844.0558568058,0.9599727019667624,0.9599727019667624,0.9599727019667624
85.jpeg,0.3138849,11816779.11202715,1165184.9663275853,0.9545729905366898,0.9545729905366898,0.9545729905366898
946.jpeg,0.31005403,11759594.746526228,1170838.01006734,0.9231067225337029,0.9231067225337029,0.9231067225337029
545.jpeg,0.30548748,11792779.985841954,1148287.7277143276,0.9452037289738656,0.9452037289738656,0.9452037289738656
540.jpeg,0.29847014,11784493.013527129,1123847.849648449,0.9525511115789412,0.9525511115789412,0.9525511115789412
143.jpeg,0.29287595,11791349.786876066,2435526.1154871504,0.7094786670058966,0.7094786670058966,0.7094786670058966
624.jpeg,0.28621924,11798259.989338009,2378676.030824756,0.9607577174901962,0.9607577174901962,0.9607577174901962
160.jpeg,0.27915934,11789671.371629337,2430823.0453098505,0.9526569917798042,0.9526569917798042,0.9526569917798042
998.jpeg,0.27397627,11800123.29207685,2425641.626064901,0.9559721723198892,0.9559721723198892,0.9559721723198892
873.jpeg,0.2724645,11796767.524730347,2302591.317240788,0.947855830192566,0.947855830192566,0.947855830192566
384.jpeg,0.27187985,11788178.58718227,2329945.366009931,0.5018169041723013,0.5018169041723013,0.5018169041723013
658.jpeg,0.26950485,11794885.77112196,1144861.361839839,0.6038280166685581,0.9596689715981483,0.8325525609155496
566.jpeg,0.268425,11802490.638785329,1136157.604108806,0.9550366923213004,0.9550366923213004,0.9550366923213004
739.jpeg,0.26687348,11834624.61421551,1109275.1248191677,0.9210468903183936,0.9210468903183936,0.9210468903183936
141.jpeg,0.26676908,11793964.839715617,2436340.579868618,0.9602972120046616,0.9602972120046616,0.9602972120046616
990.jpeg,0.26546425,11809992.60247774,1268525.4184260345,0.9660205096006392,0.9660205096006392,0.9660205096006392
295.jpeg,0.25865436,11806593.670625675,2349093.664356448,0.9575853571295738,0.9575853571295738,0.9575853571295738
298.jpeg,0.25656563,11808730.653662652,2346914.451065569,0.9694314077496528,0.9694314077496528,0.9694314077496528
926.jpeg,0.25593174,11737545.449137462,1161728.510692494,0.595028636045754,0.595028636045754,0.595028636045754
283.jpeg,0.25455478,11806572.587117892,2351807.582318417,0.9554797485470772,0.9554797485470772,0.9554797485470772
452.jpeg,0.2544143,11839575.169407437,2329119.320425576,0.9571163654327391,0.9571163654327391,0.9571163654327391
19.jpeg,0.25224426,11760047.239594596,1173576.6322770456,0.95354712754488,0.95354712754488,0.95354712754488
378.jpeg,0.2503347,11791159.637656102,2318329.037234789,0.948671706020832,0.948671706020832,0.948671706020832
620.jpeg,0.24517854,11794713.217243616,2342068.483973596,0.8579311668872833,0.9622151032090188,0.910073135048151
537.jpeg,0.24505194,11785780.560279535,1118079.5022650652,0.9539720565080644,0.9539720565080644,0.9539720565080644
418.jpeg,0.24065523,11795367.27186376,2300862.591859988,0.9539300873875618,0.9539300873875618,0.9539300873875618
10.jpeg,0.23737065,11738343.022305757,1160081.5875469258,0.9604391902685164,0.9604391902685164,0.9604391902685164
124.jpeg,0.23593904,11798308.857540311,2434376.668616176,0.9597888067364692,0.9597888067364692,0.9597888067364692
224.jpeg,0.23534197,11810763.144188706,2379092.4990483737,0.9609451442956924,0.9609451442956924,0.9609451442956924
509.jpeg,0.23516549,11757063.432029372,1174113.956044036,0.9609019607305528,0.9609019607305528,0.9609019607305528
313.jpeg,0.23492625,11798403.103828195,2351248.271958471,0.9610232040286064,0.9610232040286064,0.9610232040286064
495.jpeg,0.22970751,11755693.864365697,1166894.751551333,0.9417177513241768,0.9417177513241768,0.9417177513241768
520.jpeg,0.22423273,11769183.783575166,1159956.6559914895,0.9609416872262956,0.9609416872262956,0.9609416872262956
327.jpeg,0.22092173,11788965.540476946,2350110.9175420823,0.939842700958252,0.9719721525907516,0.9559074267745018
772.jpeg,0.21948412,11818510.796413396,1162496.4780438258,0.948745772242546,0.948745772242546,0.948745772242546
112.jpeg,0.21202451,11791705.091278013,2336261.0138118463,0.9544305428862572,0.9544305428862572,0.9544305428862572
98.jpeg,0.2095058,11812757.351341149,1278048.07651155,0.8543223887681961,0.8543223887681961,0.8543223887681961
693.jpeg,0.20864329,11841277.56375534,1145477.516106289,0.9410197362303734,0.9410197362303734,0.9410197362303734
959.jpeg,0.20314613,11701413.251875794,1198098.7586220163,0.6603682562708855,0.6603682562708855,0.6603682562708855
209.jpeg,0.19607078,11804657.166746223,2385240.55329966,0.9574158787727356,0.9574158787727356,0.9574158787727356
953.jpeg,0.19527131,11761399.103592282,1169241.138515732,0.9660155922174454,0.9660155922174454,0.9660155922174454
938.jpeg,0.19029307,11736855.660549227,1161646.2556097747,0.0,0.0,0.0
514.jpeg,0.18820284,11758995.635803573,1168844.8067805043,0.952718250453472,0.952718250453472,0.952718250453472
273.jpeg,0.18353759,11806697.055474916,2354557.4379876866,0.953762374818325,0.953762374818325,0.953762374818325
173.jpeg,0.1816536,11794398.216258012,2424347.897504076,0.9538939744234084,0.9538939744234084,0.9538939744234084
342.jpeg,0.18158525,11796558.746575864,2340012.3470921223,0.9564570784568788,0.9564570784568788,0.9564570784568788
843.jpeg,0.17870913,11869829.637097117,1167969.6876733224,0.9605619087815284,0.9606715440750122,0.9606167264282703
108.jpeg,0.17592065,11800375.6758179,2381555.12751012,0.9511613324284554,0.9511613324284554,0.9511613324284554
729.jpeg,0.17421609,11834525.617771637,1109262.003157874,0.9210468903183936,0.9210468903183936,0.9210468903183936
653.jpeg,0.17292479,11792039.28145553,1149039.5342429269,0.5246538333594799,0.5246538333594799,0.5246538333594799
985.jpeg,0.17227769,11809998.698281877,1268523.5567121836,0.9660205096006392,0.9660205096006392,0.9660205096006392
501.jpeg,0.16905227,11753723.195310926,1174100.6250663565,0.9555390030145644,0.9555390030145644,0.9555390030145644
447.jpeg,0.16729662,11836270.802450122,2327480.994134975,0.9622607082128524,0.9622607082128524,0.9622607082128524
321.jpeg,0.16441657,11791074.82878952,2349226.9127417905,0.958224855363369,0.958224855363369,0.958224855363369
346.jpeg,0.16207597,11789950.020004062,2341161.981377072,0.963534578680992,0.963534578680992,0.963534578680992
245.jpeg,0.1616555,11803991.713037057,2378351.6642816057,0.9601626992225648,0.9601626992225648,0.9601626992225648
416.jpeg,0.16020195,11795735.73552014,2305206.595283652,0.8442527204751968,0.8442527204751968,0.8442527204751968
991.jpeg,0.1580984,11809909.69172086,1268125.9370562837,0.0,0.0,0.0
649.jpeg,0.15704197,11789602.140397012,1149225.407025754,0.9404706731438636,0.9404706731438636,0.9404706731438636
914.jpeg,0.15519997,11773369.701312875,1152322.032412377,0.0,0.0,0.0
996.jpeg,0.15373228,11800145.154170392,2425527.378995014,0.9559721723198892,0.9559721723198892,0.9559721723198892
819.jpeg,0.15303162,11840365.683581345,1159607.0223271782,0.893523171544075,0.893523171544075,0.893523171544075
130.jpeg,0.15213002,11797028.23995584,2437931.3463194026,0.9555829614400864,0.9555829614400864,0.9555829614400864
355.jpeg,0.15042101,11796415.468897875,2334786.577943236,0.9464569315314292,0.9678305089473724,0.9571437202394009
950.jpeg,0.15033852,11760109.421051744,1170708.3393012069,0.9606638848781586,0.9606638848781586,0.9606638848781586
826.jpeg,0.1452281,11833901.863953795,1162336.767125321,0.9556060880422592,0.9556060880422592,0.9556060880422592
119.jpeg,0.14262792,11788360.428129142,2290259.5209548543,0.9623373225331306,0.9623373225331306,0.9623373225331306
619.jpeg,0.14205831,11798258.402556594,2349545.319994258,0.0,0.0,0.0
372.jpeg,0.13874914,11792663.020749224,2323244.873498276,0.947034627199173,0.947034627199173,0.947034627199173
464.jpeg,0.13846672,11699164.511074226,1196055.0243307769,0.9637759104371072,0.9637759104371072,0.9637759104371072
151.jpeg,0.1368614,11794521.654186204,2429140.580285327,0.6987522393465042,0.6987522393465042,0.6987522393465042
174.jpeg,0.1346345,11796987.749187708,2424410.593192521,0.9294139221310616,0.9294139221310616,0.9294139221310616
261.jpeg,0.13283391,11800310.46589275,2378095.61951186,0.9530702158808708,0.9530702158808708,0.9530702158808708
682.jpeg,0.13060974,11799630.376917308,1148074.9133456291,0.7834026664495468,0.9503427296876908,0.8811828916271528
731.jpeg,0.12981144,11838158.134155223,1108058.517531369,0.9582166895270348,0.9582166895270348,0.9582166895270348
830.jpeg,0.12887785,11835137.931355828,1157719.704715595,0.9306475520133972,0.9306475520133972,0.9306475520133972
758.jpeg,0.12681384,11837685.591381278,1111453.5984108222,0.9662657603621484,0.9662657603621484,0.9662657603621484
880.jpeg,0.12618007,11797009.208382284,2300166.7044719546,0.961424633860588,0.961424633860588,0.961424633860588
370.jpeg,0.12590505,11795674.316691536,2324518.039184935,0.9588812440633774,0.9588812440633774,0.9588812440633774
211.jpeg,0.12501511,11804682.7225053,2384829.722289002,0.9565313160419464,0.9565313160419464,0.9565313160419464
774.jpeg,0.12229985,11817720.795137266,1162209.540793015,0.942497469484806,0.942497469484806,0.942497469484806
252.jpeg,0.12215523,11803552.244378902,2377346.94930658,0.9549840837717056,0.9549840837717056,0.9549840837717056
904.jpeg,0.11890484,11772717.859446203,1151712.9742247986,0.9303435161709784,0.9303435161709784,0.9303435161709784
41.jpeg,0.11789423,11797918.954264708,1139288.191562238,0.9577405005693436,0.9577405005693436,0.9577405005693436
294.jpeg,0.1177499,11806019.46674114,2349823.4554666844,0.0,0.0,0.0
315.jpeg,0.11685138,11800942.544894388,2347632.6719975043,0.9627844914793968,0.9627844914793968,0.9627844914793968
139.jpeg,0.11664916,11795164.23115387,2439041.2741327533,0.9489210098981856,0.9489210098981856,0.9489210098981856
422.jpeg,0.11636981,11794597.964901391,2299553.1348990262,0.939168021082878,0.94150460511446,0.940336313098669
871.jpeg,0.11560372,11796724.410379594,2304393.026919251,0.0,0.0,0.0
907.jpeg,0.11330975,11772950.097184652,1152174.2402880222,0.961289055645466,0.961289055645466,0.961289055645466
827.jpeg,0.11213759,11840965.431032632,1158360.255980536,0.0,0.0,0.0
979.jpeg,0.11208863,11814073.321965383,1267500.0794867957,0.0,0.0,0.0
262.jpeg,0.11201247,11798284.885040948,2378529.272462688,0.9320786073803902,0.9607577174901962,0.9464181624352932
697.jpeg,0.111967646,11842882.94938182,1145650.048854557,0.888847254216671,0.888847254216671,0.888847254216671
502.jpeg,0.11147093,11753724.621563569,1174103.8389222145,0.9555390030145644,0.9555390030145644,0.9555390030145644
401.jpeg,0.11084309,11793412.149655089,2328597.3297192976,0.9665568172931672,0.9665568172931672,0.9665568172931672
955.jpeg,0.10680062,11696726.709581438,1194766.4458579822,0.9390372708439828,0.9390372708439828,0.9390372708439828
242.jpeg,0.106175095,11805543.490293715,2380249.703333335,0.8037256561219692,0.8037256561219692,0.8037256561219692
895.jpeg,0.105980396,11791118.9177317,2291455.6372615783,0.612641355022788,0.9690119177103044,0.7908266363665462
438.jpeg,0.10563807,11837072.061158072,2325921.626426565,0.9676252603530884,0.9676252603530884,0.9676252603530884
17.jpeg,0.10523505,11757799.514960788,1171786.5148747766,0.9051269963383676,0.9051269963383676,0.9051269963383676
42.jpeg,0.10521784,11794952.512201548,1145054.317396148,0.9341606944799424,0.9596689715981483,0.9483134647210439
980.jpeg,0.1040662,11814270.87767615,1276731.3036840842,0.9691816791892052,0.9691816791892052,0.9691816791892052
128.jpeg,0.103762284,11796728.427200245,2435008.066094395,0.6924754716455936,0.6924754716455936,0.6924754716455936
964.jpeg,0.1024163,11809423.35912934,1267027.1388512058,0.9622978270053864,0.9622978270053864,0.9622978270053864
364.jpeg,0.102136165,11796022.90646854,2332604.0132716163,0.9563595503568648,0.9563595503568648,0.9563595503568648
18.jpeg,0.102028966,11760282.150649764,1173350.1691040697,0.9532783776521684,0.9532783776521684,0.9532783776521684
190.jpeg,0.100805126,11818083.441941028,2424340.3222327386,0.9623660296201706,0.9623660296201706,0.9623660296201706
829.jpeg,0.100101925,11840400.310589682,1159450.811779934,0.893523171544075,0.955153301358223,0.924338236451149
851.jpeg,0.09964657,11875196.27948542,1164413.4653857525,0.9709916561841964,0.9709916561841964,0.9709916561841964
179.jpeg,0.09802435,11799747.77433229,2427976.5879853764,0.9628614038228988,0.9628614038228988,0.9628614038228988
63.jpeg,0.09737366,11839966.208652567,1159669.3703414276,0.0,0.0,0.0
135.jpeg,0.09725989,11796403.622018244,2441928.3634932493,0.954645499587059,0.954645499587059,0.954645499587059
711.jpeg,0.09682166,11841054.21105509,1142629.1396517404,0.0,0.0,0.0
129.jpeg,0.09630106,11797020.15151153,2437868.6005497635,0.9555829614400864,0.9555829614400864,0.9555829614400864
733.jpeg,0.0957272,11837683.114179509,1111454.0243249456,0.9662657603621484,0.9662657603621484,0.9662657603621484
530.jpeg,0.095225,11770289.150119148,1150328.4981620973,0.0,0.0,0.0
471.jpeg,0.0941636,11702633.278970247,1197522.946657973,0.9534278362989426,0.964101068675518,0.9587644524872303
744.jpeg,0.09386754,11834561.826499607,1109277.2453122446,0.9210468903183936,0.9210468903183936,0.9210468903183936
937.jpeg,0.092571475,11737357.478661904,1162558.7950862828,0.956649661064148,0.956649661064148,0.956649661064148
932.jpeg,0.09249307,11742444.488412386,1156148.106956263,0.9671020656824112,0.9671020656824112,0.9671020656824112
221.jpeg,0.08968618,11812157.692522513,2380807.320683699,0.9588127732276917,0.9588127732276917,0.9588127732276917
574.jpeg,0.0896753,11836090.508077666,1113136.3718553807,0.7295873947441578,0.7295873947441578,0.7295873947441578
549.jpeg,0.08844799,11798992.03326968,1151441.5367902762,0.9447596818208694,0.9447596818208694,0.9447596818208694
723.jpeg,0.08832049,11836915.852523783,1116720.5229240304,0.7577101513743401,0.7577101513743401,0.7577101513743401
949.jpeg,0.087757416,11760079.856184104,1169928.1285115655,0.9588650688529016,0.9588650688529016,0.9588650688529016
246.jpeg,0.08762051,11803594.99218963,2378059.269134444,0.9618943184614182,0.9618943184614182,0.9618943184614182
414.jpeg,0.087589726,11794568.023590418,2307193.056225007,0.958511583507061,0.958511583507061,0.958511583507061
732.jpeg,0.085989,11834476.90340407,1110207.137899251,0.6245480999350548,0.7476289048790932,0.686088502407074
274.jpeg,0.08533591,11808713.242115742,2353790.9135737624,0.941741205751896,0.941741205751896,0.941741205751896
671.jpeg,0.08471356,11797235.04343802,1147494.896739807,0.0,0.0,0.0
33.jpeg,0.084472604,11788518.614071343,1137936.3022436758,0.941856913268566,0.941856913268566,0.941856913268566
480.jpeg,0.08355995,11734764.276114486,1163939.6525536173,0.0,0.0,0.0
852.jpeg,0.083339624,11875257.964993048,1159792.9204841843,0.0,0.0,0.0
659.jpeg,0.082743116,11794923.989290597,1145574.2042651307,0.957121230661869,0.957121230661869,0.957121230661869
931.jpeg,0.08272222,11742400.150599018,1156293.9499097408,0.9671020656824112,0.9671020656824112,0.9671020656824112
440.jpeg,0.07944624,11838565.54979854,2325962.542168103,0.9658244028687476,0.9658244028687476,0.9658244028687476
290.jpeg,0.07919782,11805732.035766251,2349727.4122996163,0.6354603506624699,0.9610506668686868,0.7982555087655783
352.jpeg,0.079156,11790888.375545038,2336514.1520913565,0.8368173465132713,0.8368173465132713,0.8368173465132713
913.jpeg,0.07884638,11774154.361720731,1151432.045239783,0.0,0.0,0.0
715.jpeg,0.07736684,11840448.820294248,1146773.1635178423,0.9380227103829384,0.9380227103829384,0.9380227103829384
222.jpeg,0.07656842,11812049.743213767,2380892.062946764,0.9588127732276917,0.9588127732276917,0.9588127732276917
485.jpeg,0.076520726,11735645.724046389,1162748.695033654,0.9739521965384484,0.9739521965384484,0.9739521965384484
201.jpeg,0.07565396,11823974.08559646,2425341.781443603,0.9601069539785384,0.9601069539785384,0.9601069539785384
749.jpeg,0.07558804,11838481.135452926,1114223.5693206738,0.9463378340005876,0.9547393098473548,0.9505385719239712
111.jpeg,0.07531265,11792252.373098323,2336802.6938525955,0.9532242342829704,0.9532242342829704,0.9532242342829704
726.jpeg,0.0752073,11833316.259586675,1109303.747305107,0.0,0.0,0.0
46.jpeg,0.07416681,11796704.243946848,1147287.5967328034,0.8147866744548082,0.8147866744548082,0.8147866744548082
136.jpeg,0.074135825,11796795.232635504,2440527.335204936,0.9507385268807412,0.9507385268807412,0.9507385268807412
531.jpeg,0.07404213,11772697.34490564,1150805.0213732922,0.9644717127084732,0.9644717127084732,0.9644717127084732
161.jpeg,0.07375225,11789616.835388344,2430978.304033889,0.9526569917798042,0.9526569917798042,0.9526569917798042
57.jpeg,0.07301211,11875559.550826568,1159400.6249248015,0.8774314522743225,0.8774314522743225,0.8774314522743225
150.jpeg,0.072414234,11795132.596073477,2431197.0908165453,0.973123587667942,0.973123587667942,0.973123587667942
392.jpeg,0.072255775,11790952.17546985,2326433.7536096936,0.0,0.0,0.0
436.jpeg,0.07093647,11836927.758702911,2325532.607452278,0.9572610482573508,0.9572610482573508,0.9572610482573508
652.jpeg,0.07082049,11791347.65473737,1137127.3544743515,0.9602633491158484,0.9602633491158484,0.9602633491158484
175.jpeg,0.070674516,11800424.731686126,2424011.540074211,0.9519901648163795,0.9519901648163795,0.9519901648163795
350.jpeg,0.06966434,11789166.104327869,2337540.61019168,0.9661949574947356,0.9661949574947356,0.9661949574947356
701.jpeg,0.06912733,11840737.046358332,1147798.407315574,0.9582413136959076,0.9582413136959076,0.9582413136959076
460.jpeg,0.06903143,11842297.941764748,2324437.6334283887,0.9668378084897996,0.9668378084897996,0.9668378084897996
30.jpeg,0.06865564,11781585.630231855,1123700.3558234684,0.9476081505417824,0.9476081505417824,0.9476081505417824
267.jpeg,0.0681116,11803894.252962982,2381429.8106092126,0.9630074054002762,0.9630074054002762,0.9630074054002762
737.jpeg,0.06807574,11837565.316114714,1112214.8979556223,0.9497368708252908,0.9497368708252908,0.9497368708252908
29.jpeg,0.06742192,11780846.540944977,1128642.669355001,0.8758599236607552,0.8758599236607552,0.8758599236607552
459.jpeg,0.067362085,11840202.462140229,2325037.428789031,0.9611173123121262,0.9611173123121262,0.9611173123121262
900.jpeg,0.06683539,11771474.141576452,1153939.5161118477,0.9529429450631142,0.9529429450631142,0.9529429450631142
1001.jpeg,0.06653607,11822283.52117079,2424287.234114286,0.9575007632374763,0.9575007632374763,0.9575007632374763
870.jpeg,0.066456094,11794498.191495234,2305335.756153695,0.9646352678537368,0.9646352678537368,0.9646352678537368
470.jpeg,0.06612461,11701453.782485742,1198082.953522056,0.6603682562708855,0.6603682562708855,0.6603682562708855
231.jpeg,0.06603631,11810278.703294108,2382606.9444165938,0.8434119671583176,0.8434119671583176,0.8434119671583176
757.jpeg,0.065604135,11837826.671634844,1109686.315593623,0.9567215666174888,0.9567215666174888,0.9567215666174888
289.jpeg,0.065538354,11805736.516004048,2349728.133433085,0.6354603506624699,0.9610506668686868,0.7982555087655783
26.jpeg,0.06479939,11777306.172823744,1126598.477576092,0.9602560475468636,0.9602560475468636,0.9602560475468636
821.jpeg,0.06474894,11840419.569396423,1159809.726432558,0.0,0.0,0.0
330.jpeg,0.064730234,11792458.629909389,2344962.629369969,0.9565347880125046,0.9565347880125046,0.9565347880125046
676.jpeg,0.06413779,11797848.56569314,1147086.9372927782,0.0,0.0,0.0
461.jpeg,0.06379019,11842485.70862908,2324490.3623944367,0.9668378084897996,0.9668378084897996,0.9668378084897996
144.jpeg,0.06374045,11790000.046903243,2433394.548383316,0.959736093878746,0.959736093878746,0.959736093878746
936.jpeg,0.06348103,11734743.611885216,1165482.5470390634,0.9624203890562056,0.9624203890562056,0.9624203890562056
961.jpeg,0.06307494,11702251.6650764,1198705.8183735216,0.0,0.0,0.0
680.jpeg,0.062997155,11797960.608707342,1139358.2659215028,0.8139552548527718,0.9577405005693436,0.8858478777110577
133.jpeg,0.06234377,11799255.855841223,2439427.275401004,0.962046466767788,0.962046466767788,0.962046466767788
100.jpeg,0.062050648,11837860.47154734,2326623.622458973,0.0,0.0,0.0
336.jpeg,0.061759707,11793489.56706656,2346892.539825139,0.961914137005806,0.961914137005806,0.961914137005806
957.jpeg,0.06130804,11700305.96906872,1198776.0874485946,0.9543243050575256,0.9543243050575256,0.9543243050575256
351.jpeg,0.06083857,11789011.031577077,2337401.8115244783,0.9661949574947356,0.9661949574947356,0.9661949574947356
234.jpeg,0.0608158,11807167.102239238,2384262.0528848614,0.0,0.0,0.0
577.jpeg,0.06040616,11837722.832063183,1112212.9107324467,0.9497368708252908,0.9497368708252908,0.9497368708252908
149.jpeg,0.06037764,11795232.243778031,2431626.1960409875,0.94587554782629,0.94587554782629,0.94587554782629
121.jpeg,0.059914112,11798292.410618763,2302405.904181789,0.945735976099968,0.945735976099968,0.945735976099968
743.jpeg,0.059563283,11838910.152651802,1111780.2407683209,0.584235230460763,0.9430693611502649,0.7636522958055139
988.jpeg,0.059489988,11812379.82669312,1271215.9038297173,0.668153814971447,0.668153814971447,0.668153814971447
527.jpeg,0.05945999,11772818.48956469,1152645.126078888,0.9532924890518188,0.9532924890518188,0.9532924890518188
183.jpeg,0.05939926,11801491.327378042,2432526.5084754527,0.964885801076889,0.964885801076889,0.964885801076889
656.jpeg,0.05935318,11794100.37637244,1148183.3405646265,0.960361585021019,0.960361585021019,0.960361585021019
640.jpeg,0.05900005,11792226.2277865,2338669.104721271,0.9488106295466424,0.9488106295466424,0.9488106295466424
375.jpeg,0.058991708,11790299.011139996,2322679.079230754,0.5824442990124226,0.9540657922625542,0.7682550456374884
927.jpeg,0.058981624,11737873.46796418,1162100.7538416828,0.0,0.0,0.0
54.jpeg,0.05854424,11875070.106033456,1164256.4285187845,0.8497169241309166,0.9709916561841964,0.9103542901575565
27.jpeg,0.057957765,11779502.394447071,1126429.0462570426,0.9525308907032012,0.9525308907032012,0.9525308907032012
753.jpeg,0.05793224,11837648.902865626,1111805.7368490875,0.6362076885998249,0.6362076885998249,0.6362076885998249
499.jpeg,0.057551213,11753924.42740584,1171363.982779958,0.9641925618052484,0.9641925618052484,0.9641925618052484
982.jpeg,0.057299946,11815072.934601158,1266794.076572105,0.7158237546682358,0.7158237546682358,0.7158237546682358
987.jpeg,0.05727783,11810936.736473486,1267363.4530526395,0.9545470699667932,0.9545470699667932,0.9545470699667932
745.jpeg,0.056889728,11837444.276032766,1111857.749794889,0.6362076885998249,0.6362076885998249,0.6362076885998249
623.jpeg,0.056804195,11798268.845184147,2378594.378737905,0.9320786073803902,0.9607577174901962,0.9464181624352932
625.jpeg,0.05676742,11800426.80490783,2381626.355621626,0.9511613324284554,0.9511613324284554,0.9511613324284554
642.jpeg,0.05649766,11792380.672899408,2338651.474000685,0.9488106295466424,0.9488106295466424,0.9488106295466424
258.jpeg,0.05633628,11806666.425310131,2376607.969601538,0.9578702375292778,0.9578702375292778,0.9578702375292778
344.jpeg,0.056152966,11792234.43851265,2342225.0988126565,0.9497980773448944,0.9497980773448944,0.9497980773448944
940.jpeg,0.056014784,11757703.85660774,1170461.7670962375,0.9472958594560624,0.9472958594560624,0.9472958594560624
521.jpeg,0.05587838,11770683.78333648,1157869.285685863,0.6644380688667297,0.9512088298797609,0.8078234493732452
255.jpeg,0.055736322,11803768.765317904,2375838.160604749,0.9613612666726112,0.9613612666726112,0.9613612666726112
542.jpeg,0.055730302,11791062.047486562,1144766.7360988832,0.9541237279772758,0.9541237279772758,0.9541237279772758
679.jpeg,0.055679496,11800168.717597572,1146768.670559022,0.949174240231514,0.949174240231514,0.949174240231514
449.jpeg,0.055537336,11836723.446713507,2326890.738330742,0.9603070989251136,0.9603070989251136,0.9603070989251136
965.jpeg,0.05530958,11810718.78404322,1268380.3634803495,0.0,0.0,0.0
554.jpeg,0.05522954,11800270.540882291,1149544.6871127714,0.0,0.0,0.0
986.jpeg,0.054829746,11809987.39272477,1267040.466477203,0.9703007787466048,0.9703007787466048,0.9703007787466048
180.jpeg,0.05467489,11800732.310152443,2428869.184301601,0.9612547531723976,0.9612547531723976,0.9612547531723976
492.jpeg,0.05456972,11730854.501713598,1160870.7203580863,0.0,0.0,0.0
24.jpeg,0.054503486,11778567.586361758,1126534.3480240027,0.9611616805195808,0.9611616805195808,0.9611616805195808
486.jpeg,0.05447102,11737934.306401651,1161524.0120727853,0.0,0.0,0.0
16.jpeg,0.054365452,11742327.567002935,1155175.8403393177,0.9253355860710144,0.9253355860710144,0.9253355860710144
722.jpeg,0.05435925,11837584.815871254,1112183.6291528298,0.9497368708252908,0.9497368708252908,0.9497368708252908
345.jpeg,0.05408657,11793855.72556347,2341688.0531432545,0.9673985987901688,0.9673985987901688,0.9673985987901688
83.jpeg,0.05405719,11813392.61496848,1164640.238855739,0.0,0.0,0.0
81.jpeg,0.05396638,11810469.454633744,1163395.4175621178,0.0,0.0,0.0
742.jpeg,0.053880353,11834896.86279941,1108233.8879645471,0.9441770762205124,0.9441770762205124,0.9441770762205124
719.jpeg,0.053789448,11842057.769577842,1145788.6269520076,0.6985678896307945,0.6985678896307945,0.6985678896307945
992.jpeg,0.053764276,11811680.83391668,1265818.6640432673,0.0,0.0,0.0
559.jpeg,0.053742073,11797997.111684848,1144194.198394478,0.0,0.0,0.0
117.jpeg,0.053723328,11791965.30849504,2292410.817942572,0.9587171822786332,0.9587171822786332,0.9587171822786332
690.jpeg,0.053550877,11837073.267085023,1146146.5928244612,0.5562917590141296,0.5562917590141296,0.5562917590141296
166.jpeg,0.05354863,11793715.661445672,2420092.7953451434,0.8740802779793739,0.8740802779793739,0.8740802779793739
34.jpeg,0.05340452,11790742.606884755,1137107.254171585,0.9665820747613908,0.9665820747613908,0.9665820747613908
746.jpeg,0.05336092,11836926.343300365,1110591.291543776,0.0,0.0,0.0
752.jpeg,0.053351194,11838098.756287796,1106887.4855965024,0.886210024356842,0.960046909749508,0.923128467053175
638.jpeg,0.053045236,11790952.935893469,2334973.7998098424,0.9611184298992156,0.9611184298992156,0.9611184298992156
681.jpeg,0.052992295,11799503.410981037,1153865.005811015,0.957748256623745,0.957748256623745,0.957748256623745
963.jpeg,0.052924983,11808990.26513051,1269688.192174529,0.0,0.0,0.0
677.jpeg,0.05279175,11797865.920402514,1147069.221978362,0.0,0.0,0.0
551.jpeg,0.052641325,11799514.173771078,1153860.150679496,0.957748256623745,0.957748256623745,0.957748256623745
167.jpeg,0.052633245,11796911.290450234,2418975.1202990087,0.972123682498932,0.972123682498932,0.972123682498932
20.jpeg,0.05261982,11760631.23977125,1172395.2920503423,0.9644281268119812,0.9644281268119812,0.9644281268119812
575.jpeg,0.052598204,11836874.335308086,1112928.2718921057,0.6056068576872349,0.6056068576872349,0.6056068576872349
727.jpeg,0.052595664,11838275.275308104,1112375.0319330415,0.6821712031960487,0.6821712031960487,0.6821712031960487
506.jpeg,0.052565806,11754790.16334331,1172944.345171272,0.5924361050128937,0.5924361050128937,0.5924361050128937
815.jpeg,0.052490763,11836947.775414577,1158838.079023591,0.9550327286124228,0.9550327286124228,0.9550327286124228
379.jpeg,0.052215658,11789654.276072169,2322760.4609922306,0.0,0.0,0.0
95.jpeg,0.051852502,11812116.151830582,1266434.990986968,0.0,0.0,0.0
617.jpeg,0.051791042,11811996.553336132,1271366.1605315786,0.7623863145709038,0.9516004249453544,0.8569933697581291
560.jpeg,0.05134579,11797378.050751705,1144481.0302695234,0.0,0.0,0.0
740.jpeg,0.051235966,11838510.160054475,1114197.665800443,0.9463378340005876,0.9463378340005876,0.9463378340005876
839.jpeg,0.051001366,11843338.549220888,1161577.121776926,0.960689902305603,0.960689902305603,0.960689902305603
558.jpeg,0.05100101,11798222.09121499,1143588.0211352892,0.6805764026939869,0.6805764026939869,0.6805764026939869
634.jpeg,0.05092266,11790683.83666042,2337536.4196611,0.9633743762969972,0.9633743762969972,0.9633743762969972
929.jpeg,0.050908577,11739864.82879288,1158264.2332601442,0.964973472058773,0.964973472058773,0.964973472058773
200.jpeg,0.05081376,11822776.680952182,2426717.0637120977,0.9676811024546624,0.9676811024546624,0.9676811024546624
155.jpeg,0.050651856,11792942.890396023,2427601.821113604,0.7536822333931923,0.7536822333931923,0.7536822333931923
755.jpeg,0.05064359,11839177.128961124,1115569.285956543,0.8012330904603004,0.9519645720720292,0.8765988312661648
738.jpeg,0.05041439,11838082.190097682,1106876.949836231,0.886210024356842,0.960046909749508,0.923128467053175
844.jpeg,0.05034129,11871443.268219974,1167524.1771732229,0.9767224788665771,0.9767224788665771,0.9767224788665771
768.jpeg,0.050269905,11815349.040250557,1164608.530022015,0.9578045830130576,0.9578045830130576,0.9578045830130576
51.jpeg,0.05023472,11839159.188221538,1115577.4697964042,0.8012330904603004,0.9519645720720292,0.8765988312661648
56.jpeg,0.050164275,11874564.993189989,1164717.0126284317,0.9692051261663436,0.9692051261663436,0.9692051261663436
579.jpeg,0.050141484,11839842.096583487,1149453.663422929,0.9422480314970016,0.9510811641812325,0.946664597839117
855.jpeg,0.050133374,11877598.457030842,1161922.070424348,0.9451978281140327,0.9451978281140327,0.9451978281140327
967.jpeg,0.050065637,11811238.646064218,1267426.6294248344,0.9545470699667932,0.9545470699667932,0.9545470699667932
981.jpeg,0.04995769,11813201.085704986,1267978.1289748014,0.8205637261271477,0.8205637261271477,0.8205637261271477
232.jpeg,0.049899355,11810289.695917193,2382602.546894085,0.8434119671583176,0.8434119671583176,0.8434119671583176
951.jpeg,0.04988842,11762642.38579224,1168110.132448464,0.6238884292542934,0.9509736225008965,0.787431025877595
923.jpeg,0.04960923,11736154.575064084,1163739.777962349,0.7102630771696568,0.7102630771696568,0.7102630771696568
474.jpeg,0.04958791,11704853.21826998,1197894.984244562,0.0,0.0,0.0
557.jpeg,0.049545914,11799589.325498125,1143534.6562088523,0.0,0.0,0.0
983.jpeg,0.049345408,11816308.873330628,1272099.585255435,0.0,0.0,0.0
863.jpeg,0.04922052,11797597.333639944,2302396.8854561867,0.0,0.0,0.0
721.jpeg,0.049212657,11838509.117036592,1114195.1747770102,0.9463378340005876,0.9463378340005876,0.9463378340005876
349.jpeg,0.049067717,11787390.298832158,2337570.097354505,0.9597341492772102,0.9597341492772102,0.9597341492772102
754.jpeg,0.04904274,11839175.261163654,1115567.2141639509,0.8012330904603004,0.9519645720720292,0.8765988312661648
868.jpeg,0.048961166,11797699.636222316,2303644.189056436,0.815434742718935,0.815434742718935,0.815434742718935
217.jpeg,0.048909348,11815459.41841555,2382331.8244382795,0.8110930882394314,0.8110930882394314,0.8110930882394314
319.jpeg,0.048861794,11792520.000002624,2349703.5252856663,0.9618593454360962,0.9618593454360962,0.9618593454360962
309.jpeg,0.048562538,11802229.196179269,2349253.744929525,0.9586219638586044,0.9586219638586044,0.9586219638586044
948.jpeg,0.048255637,11759710.650547478,1170745.648802289,0.9231067225337029,0.9231067225337029,0.9231067225337029
529.jpeg,0.04811139,11773828.04996973,1152909.3815824063,0.5147274704650044,0.5147274704650044,0.5147274704650044
203.jpeg,0.048082273,11824556.794952434,2423582.2094487464,0.0,0.0,0.0
606.jpeg,0.047854945,11811046.316259768,1267161.7038054334,0.9545470699667932,0.9545470699667932,0.9545470699667932
39.jpeg,0.047470316,11793203.850670628,1140975.6919894894,0.8271754421293736,0.8271754421293736,0.8271754421293736
734.jpeg,0.047432076,11838463.702597126,1114408.5009380938,0.9547393098473548,0.9547393098473548,0.9547393098473548
622.jpeg,0.04698653,11804744.215779783,2379281.117161084,0.9539414346218108,0.9539414346218108,0.9539414346218108
728.jpeg,0.046953317,11836864.71684405,1110937.108901926,0.9294464960694312,0.9294464960694312,0.9294464960694312
713.jpeg,0.046917852,11842671.857840752,1148522.6798572238,0.9468790292739868,0.9468790292739868,0.9468790292739868
994.jpeg,0.04669196,11795716.323722295,2433584.5956592364,0.0,0.0,0.0
615.jpeg,0.04668792,11812669.34163459,1268359.064815624,0.957339346408844,0.957339346408844,0.957339346408844
605.jpeg,0.046627693,11810863.661993608,1266790.4008281685,0.6849901881068945,0.6849901881068945,0.6849901881068945
483.jpeg,0.046422474,11736230.478435297,1162569.263374928,0.9474890232086182,0.9474890232086182,0.9474890232086182
99.jpeg,0.04623673,11838207.125444602,2326470.621015896,0.9381804019212724,0.9381804019212724,0.9381804019212724
442.jpeg,0.04623438,11838205.055294994,2326469.811168518,0.9381804019212724,0.9381804019212724,0.9381804019212724
919.jpeg,0.046210352,11734816.17551748,1162473.8204663126,0.9544885829091072,0.9544885829091072,0.9544885829091072
503.jpeg,0.045788378,11751869.349193728,1175297.0442304837,0.957547090947628,0.957547090947628,0.957547090947628
451.jpeg,0.045689534,11839189.790148055,2327824.926050832,0.964872106909752,0.964872106909752,0.964872106909752
944.jpeg,0.04561973,11758703.10361972,1169320.3081136057,0.0,0.0,0.0
750.jpeg,0.045607217,11836956.050478576,1110570.6612842572,0.0,0.0,0.0
712.jpeg,0.04549247,11843063.118435375,1145698.2012506188,0.0,0.0,0.0
142.jpeg,0.045289963,11791132.201288337,2436003.4701090483,0.9622347429394722,0.9622347429394722,0.9622347429394722
534.jpeg,0.045232177,11781289.805502934,1127100.9022019987,0.9262582361698152,0.9457888081669809,0.936023522168398
299.jpeg,0.045154184,11808709.445184637,2346865.07855576,0.9694314077496528,0.9694314077496528,0.9694314077496528
952.jpeg,0.045050353,11761395.381071322,1169240.314036077,0.9660155922174454,0.9660155922174454,0.9660155922174454
603.jpeg,0.044983175,11877971.407510951,1162015.7495586772,0.0,0.0,0.0
835.jpeg,0.044976987,11842613.228445146,1160571.034190269,0.6544612883590162,0.6544612883590162,0.6544612883590162
765.jpeg,0.044933688,11813289.189454583,1163757.75903607,0.9586953818798064,0.9586953818798064,0.9586953818798064
602.jpeg,0.044893596,11875814.37194218,1161366.290018323,0.8602299317717552,0.8602299317717552,0.8602299317717552
769.jpeg,0.04482241,11817070.566009823,1165816.6329857036,0.9116314724087716,0.957711897790432,0.9346716850996017
45.jpeg,0.044817008,11796662.790102627,1147348.503397107,0.8147866744548082,0.8147866744548082,0.8147866744548082
484.jpeg,0.044811945,11735871.990981076,1162594.043337639,0.0,0.0,0.0
37.jpeg,0.044704366,11792464.886055091,1138947.7661210983,0.0,0.0,0.0
415.jpeg,0.044656407,11795648.983961033,2307768.077759506,0.9611580967903136,0.9611580967903136,0.9611580967903136
613.jpeg,0.044638045,11818302.70949996,1273073.2844477424,0.0,0.0,0.0
168.jpeg,0.04463691,11796597.293726828,2420535.629043043,0.9724868685007096,0.9724868685007096,0.9724868685007096
696.jpeg,0.044607293,11843064.437540444,1145698.4296613978,0.0,0.0,0.0
910.jpeg,0.044470627,11774728.753126374,1151667.9206326846,0.9642379060387612,0.9642379060387612,0.9642379060387612
576.jpeg,0.04445105,11837742.09604222,1112111.9715618738,0.9497368708252908,0.9497368708252908,0.9497368708252908
935.jpeg,0.044228207,11737888.147533022,1162104.6857275383,0.0,0.0,0.0
654.jpeg,0.04403369,11793245.547590995,1148321.0321938118,0.9584255442023276,0.9584255442023276,0.9584255442023276
417.jpeg,0.043999556,11794822.544874389,2301681.324034058,0.0,0.0,0.0
833.jpeg,0.043942284,11838734.178215584,1159300.291205988,0.9645135924220084,0.9645135924220084,0.9645135924220084
666.jpeg,0.043864053,11796580.069030114,1146824.8848965573,0.0,0.0,0.0
596.jpeg,0.043581218,11813495.166254276,1166005.124938686,0.9436769112944604,0.9436769112944604,0.9436769112944604
58.jpeg,0.043455973,11875520.255062897,1158881.2199798073,0.9604147300124168,0.9604147300124168,0.9604147300124168
157.jpeg,0.04329008,11792167.014696227,2429860.066083549,0.9636795297265052,0.9636795297265052,0.9636795297265052
781.jpeg,0.0432562,11813702.60467402,1161100.0175900736,0.958149328827858,0.958149328827858,0.958149328827858
840.jpeg,0.04324822,11845379.98395735,1158462.7755889955,0.7532618399709463,0.7532618399709463,0.7532618399709463
176.jpeg,0.043052297,11797628.01703236,2426748.881049571,0.5021923743188381,0.9595269113779068,0.7308596428483725
93.jpeg,0.043000054,11811945.562663233,1168820.750633326,0.7177786193788052,0.7177786193788052,0.7177786193788052
257.jpeg,0.042867973,11807021.107369136,2375220.7700121165,0.9623457938432692,0.9623457938432692,0.9623457938432692
113.jpeg,0.042690806,11791643.352135709,2336176.7937177084,0.9544305428862572,0.9544305428862572,0.9544305428862572
556.jpeg,0.042240452,11799769.060166828,1144231.4347248925,0.949042484164238,0.949042484164238,0.949042484164238
256.jpeg,0.042017404,11807129.090940973,2375227.564884836,0.9623457938432692,0.9623457938432692,0.9623457938432692
637.jpeg,0.04200157,11791150.465980085,2337250.71383236,0.9747211635112762,0.9747211635112762,0.9747211635112762
156.jpeg,0.04197765,11792509.237126706,2427471.937606449,0.965809002518654,0.965809002518654,0.965809002518654
644.jpeg,0.041825105,11790754.190578217,2336973.533646029,0.9604390934109688,0.9604390934109688,0.9604390934109688
708.jpeg,0.04159105,11841984.195682667,1145796.852163608,0.6985678896307945,0.6985678896307945,0.6985678896307945
578.jpeg,0.041541807,11835903.782490846,1109950.005439405,0.9080331400036812,0.9080331400036812,0.9080331400036812
450.jpeg,0.04146618,11839219.602902314,2327735.8767149257,0.964872106909752,0.964872106909752,0.964872106909752
233.jpeg,0.0414342,11810041.85389468,2382999.443543233,0.5837937276810408,0.5837937276810408,0.5837937276810408
846.jpeg,0.04135166,11873188.428347403,1159622.198601799,0.8993051275610924,0.8993051275610924,0.8993051275610924
741.jpeg,0.041253973,11834665.874145469,1117291.9395422058,0.7197210490703583,0.7197210490703583,0.7197210490703583
504.jpeg,0.041200094,11754255.359577289,1175191.1149204797,0.0,0.0,0.0
162.jpeg,0.04114226,11791804.46191366,2426379.162190348,0.8017522841691971,0.8017522841691971,0.8017522841691971
473.jpeg,0.040791333,11703794.946713028,1198520.64921824,0.9147314801812172,0.9147314801812172,0.9147314801812172
581.jpeg,0.04074354,11840973.740688372,1159511.8063404695,0.7474089153110981,0.7474089153110981,0.7474089153110981
32.jpeg,0.04065996,11783946.726055998,1120179.8083660682,0.972961075603962,0.972961075603962,0.972961075603962
60.jpeg,0.039769683,11842844.334501611,1160090.5360039528,0.0,0.0,0.0
437.jpeg,0.03969217,11836082.520351691,2325326.8861504816,0.0,0.0,0.0
9.jpeg,0.039590042,11737625.11425734,1161797.463435951,0.595028636045754,0.595028636045754,0.595028636045754
604.jpeg,0.03957398,11871379.32771264,1163216.020076529,0.9149913042783736,0.9658153355121613,0.9404033198952675
164.jpeg,0.039464764,11793471.020555137,2421449.413134573,0.9594252854585648,0.9594252854585648,0.9594252854585648
305.jpeg,0.039160643,11808581.514184823,2350367.321546092,0.927399605512619,0.927399605512619,0.927399605512619
707.jpeg,0.038951483,11838884.510124492,1145863.6518817637,0.9404664561152458,0.9404664561152458,0.9404664561152458
601.jpeg,0.03878244,11875791.002181765,1167429.0938386212,0.9669087305665016,0.9669087305665016,0.9669087305665016
966.jpeg,0.038640402,11810937.526845176,1273436.49615817,0.0,0.0,0.0
561.jpeg,0.038547594,11795675.97984721,1142215.8251690022,0.0,0.0,0.0
312.jpeg,0.03849704,11798486.264229476,2349548.168174241,0.9602852687239648,0.9602852687239648,0.9602852687239648
629.jpeg,0.03807957,11789470.812454725,2336689.6128744786,0.9535075202584268,0.9535075202584268,0.9535075202584268
28.jpeg,0.038000647,11779374.989484968,1127107.1440961717,0.5798663592431694,0.9593190401792526,0.769592699711211
569.jpeg,0.037891623,11797418.489369592,1137257.690551982,0.95258080214262,0.95258080214262,0.95258080214262
532.jpeg,0.03786743,11783101.050103135,1128653.7701173036,0.8470109105110168,0.8470109105110168,0.8470109105110168
526.jpeg,0.03780432,11772602.05812362,1152960.395284512,0.9532924890518188,0.9532924890518188,0.9532924890518188
31.jpeg,0.037668068,11781642.45370482,1121294.0492979777,0.909489132463932,0.969125509262085,0.9393073208630085
25.jpeg,0.037624534,11777407.473877707,1126563.5119659407,0.9602560475468636,0.9602560475468636,0.9602560475468636
193.jpeg,0.03739871,11815671.4284294,2424527.3655377068,0.0,0.0,0.0
607.jpeg,0.037349787,11808694.201818427,1268767.686149375,0.8663228079676628,0.8663228079676628,0.8663228079676628
718.jpeg,0.037043165,11841231.807964342,1142788.3574426458,0.9605850726366044,0.9605850726366044,0.9605850726366044
546.jpeg,0.037038088,11794600.839294525,1150444.605609872,0.7871167585253716,0.7871167585253716,0.7871167585253716
332.jpeg,0.036952246,11792464.975052431,2344963.7180079734,0.9565347880125046,0.9565347880125046,0.9565347880125046
494.jpeg,0.036035992,11755804.748692123,1167895.402680119,0.960334300994873,0.960334300994873,0.960334300994873
869.jpeg,0.035612807,11796199.128099304,2303036.8305265373,0.0,0.0,0.0
159.jpeg,0.03558158,11787890.41654794,2431599.6869774647,0.9643257558345796,0.9643257558345796,0.9643257558345796
131.jpeg,0.035409458,11800808.689656071,2438367.362182269,0.5813059890642762,0.9535753279924392,0.7674406585283577
455.jpeg,0.03490791,11837650.440896489,2331759.416067875,0.9594835489988328,0.9594835489988328,0.9594835489988328
205.jpeg,0.034730002,11823480.340490984,2422921.7649766454,0.9501923173666,0.9501923173666,0.9501923173666
304.jpeg,0.03443455,11810360.077357836,2348644.445655873,0.973159171640873,0.973159171640873,0.973159171640873
331.jpeg,0.034343183,11792461.614978489,2344962.9872306995,0.9565347880125046,0.9565347880125046,0.9565347880125046
694.jpeg,0.034281805,11841765.301114151,1145764.911484145,0.6985678896307945,0.6985678896307945,0.6985678896307945
611.jpeg,0.034251694,11812547.219516424,1280999.7038404015,0.956926740705967,0.956926740705967,0.956926740705967
463.jpeg,0.03405088,11699515.859584184,1196983.3346115125,0.9660687074065208,0.9660687074065208,0.9660687074065208
493.jpeg,0.033727653,11739377.368517052,1156238.3115404989,0.9428418427705764,0.9428418427705764,0.9428418427705764
15.jpeg,0.03284881,11739651.320290094,1158204.4824443236,0.964973472058773,0.964973472058773,0.964973472058773
214.jpeg,0.03260565,11809987.808160266,2385629.053749946,0.9598894715309144,0.9598894715309144,0.9598894715309144
204.jpeg,0.032503664,11823487.400534214,2422914.5537895625,0.9501923173666,0.9501923173666,0.9501923173666
430.jpeg,0.030819457,11834957.61682053,2324667.8263809485,0.9657305628061296,0.9657305628061296,0.9657305628061296
132.jpeg,0.030331725,11800844.009394731,2438355.5964841708,0.9535753279924392,0.9535753279924392,0.9535753279924392
1002.jpeg,0.029854994,11822279.642412243,2424283.707970152,0.9575007632374763,0.9575007632374763,0.9575007632374763
472.jpeg,0.027857728,11702723.849269545,1197426.3451005635,0.964101068675518,0.964101068675518,0.964101068675518
163.jpeg,0.02745232,11791907.68215116,2423633.0420264504,0.9600123688578606,0.9600123688578606,0.9600123688578606
158.jpeg,0.025987212,11791187.163514692,2430870.9021996283,0.9701528921723366,0.9701528921723366,0.9701528921723366
79.jpeg,0.025584443,11815268.600774229,1162016.2713785386,0.6551802605390549,0.6551802605390549,0.6551802605390549
893.jpeg,0.024497682,11790022.91055426,2291589.2788288314,0.9383698031306268,0.9630801379680634,0.950724970549345
842.jpeg,0.023700612,11869307.849999014,1166112.4978891483,0.9727085679769516,0.9727085679769516,0.9727085679769516
511.jpeg,0.02304554,11757909.240214052,1171276.238691947,0.0,0.0,0.0
