image,pred,lon,lat,min_probs,max_probs,mean_probs
978.jpeg,0.98165005,11813511.32974132,1270237.3009131537,0.0739294858649373,0.9365707114338876,0.3553089543711394
122.jpeg,0.9807227,11800393.680832757,2301169.5093886307,0.0309852659702301,0.9508693367242812,0.15006152048913962
373.jpeg,0.9761263,11792632.434532398,2322513.015459868,0.2083663824014365,0.958932064473629,0.6006999016390182
322.jpeg,0.97573996,11790296.62486418,2350059.1612061705,0.0487513514235615,0.9610772281885148,0.4030825087933668
687.jpeg,0.9749448,11778341.215496125,1126286.6294048545,0.0319739640690386,0.7247127741575241,0.12676137755624947
226.jpeg,0.9735197,11812064.185145328,2382205.06104136,0.0284816117491573,0.9600025415420532,0.15290050125622656
872.jpeg,0.973034,11794080.86221968,2304784.661425381,0.0274596253875643,0.96170674264431,0.26975480272085406
878.jpeg,0.97301143,11799256.61840824,2298813.268039896,0.0229315261822193,0.9492022469639778,0.16652425042250088
306.jpeg,0.9725371,11801536.17841019,2354517.589465253,0.043185656890273,0.9533791095018388,0.3509726054617203
564.jpeg,0.97226983,11792618.06172475,1143993.9035878708,0.0203637343365699,0.9445087164640428,0.4060888757521752
269.jpeg,0.9722402,11803118.132247638,2356344.1138916137,0.0294105515349656,0.9475989863276482,0.1527039459033403
841.jpeg,0.97218174,11869724.22561244,1167927.288265108,0.0993097103200852,0.9606715440750122,0.6694070986122824
238.jpeg,0.97197515,11804910.586791158,2382956.773747098,0.0418810513801872,0.9633795693516732,0.44742758073178784
423.jpeg,0.9717562,11796648.49833907,2296795.5707993694,0.0328633752651512,0.957411214709282,0.27170601702528074
445.jpeg,0.9717148,11836142.885210805,2323012.362613537,0.03223298327066,0.9682230427861214,0.5902104446140584
110.jpeg,0.9716483,11788822.61622789,2336805.988103454,0.045830454211682,0.9578873813152312,0.6650400733924471
82.jpeg,0.97131324,11813564.09633606,1165619.715980143,0.048003630246967,0.92743868380785,0.3014856038304667
368.jpeg,0.9712903,11796439.950141463,2327299.055664581,0.1688648052513599,0.9613402709364892,0.7081805274356157
239.jpeg,0.97101235,11804896.019800398,2382957.620933094,0.0418810513801872,0.9633795693516732,0.44742758073178784
80.jpeg,0.9709524,11814038.758826012,1161832.6314797946,0.0379435801878571,0.9415962472558022,0.3083475766576488
466.jpeg,0.9709435,11701350.74113416,1199779.5512820035,0.0432187290862202,0.9629189223051072,0.1670698341913521
118.jpeg,0.9708858,11792291.292100323,2289476.888544067,0.0360680129379034,0.9554445743560792,0.18750328065029212
751.jpeg,0.97079897,11838143.10602467,1108056.6529708127,0.0412454134784638,0.9582166895270348,0.4573502379417833
800.jpeg,0.97033036,11833812.962152015,1161154.1968394967,0.0251770031172782,0.9190505966544152,0.21200085440650582
220.jpeg,0.9702296,11814030.968457526,2380504.825634585,0.0475115850567817,0.956347480416298,0.5405310139592204
525.jpeg,0.97016114,11771292.609123016,1153178.0490602124,0.0553265302442014,0.9608882144093512,0.35873195133171976
478.jpeg,0.97009385,11694344.990291148,1193505.1140008476,0.0304162285756319,0.9598939046263696,0.15524706001290015
446.jpeg,0.9700485,11836175.055093732,2322937.556489507,0.03223298327066,0.9682230427861214,0.6103530195832718
804.jpeg,0.9700458,11836166.430762373,1160150.4032079896,0.0336144927423447,0.95141089707613,0.29511390303377993
259.jpeg,0.9698323,11806611.336772382,2376865.140112905,0.0325460550375282,0.9582796841859818,0.38988661515759304
432.jpeg,0.9697786,11836074.650446463,2324497.693625991,0.0376013796776533,0.9549528136849404,0.3926126611685114
96.jpeg,0.9689441,11814195.27499896,1268298.5357633992,0.0242954231798648,0.9439726695418358,0.15919890161603686
228.jpeg,0.96859175,11809306.013601098,2383175.664235263,0.0384219624102115,0.9510342702269554,0.14391323877498507
857.jpeg,0.9684843,11873820.27384781,1158487.7754624228,0.4413645383901894,0.9710752442479134,0.8542414666735567
854.jpeg,0.96801364,11876921.432508595,1159631.5365201414,0.2432836322113871,0.962235227227211,0.640695850778785
911.jpeg,0.9678159,11773933.787171546,1150931.2034671202,0.038084396161139,0.5556998327374458,0.2024254923162516
883.jpeg,0.9677173,11796819.525800226,2299541.319208895,0.0248442969750612,0.9581237360835076,0.26148484295117663
97.jpeg,0.9677049,11812807.619129203,1270935.089921734,0.4378777518868446,0.8009670451283455,0.5891110941302031
776.jpeg,0.96764594,11820904.46903043,1168703.9197102897,0.0363199799321591,0.9415754154324532,0.43649766309600735
544.jpeg,0.96761996,11794093.315900616,1145246.778725296,0.0511166644282639,0.9283046126365662,0.4116185276458661
850.jpeg,0.96742153,11875121.509546977,1160071.9606400805,0.0376342236995697,0.9535927474498748,0.3909904070314951
244.jpeg,0.9673369,11803919.775894608,2378376.555311827,0.035410301759839,0.9601626992225648,0.14012383281563717
767.jpeg,0.96732426,11813888.96764953,1164878.8344618783,0.0214170541148632,0.945610910654068,0.17909121534062755
229.jpeg,0.9672291,11809544.062624808,2382487.000395591,0.0429709949530661,0.5908345207571983,0.1746509149088524
13.jpeg,0.9671494,11739672.086755058,1158744.4181063178,0.0312787424772977,0.4597813184373081,0.13854800770059222
362.jpeg,0.96703166,11797799.998905774,2333612.1778733386,0.8539687991142273,0.9610107019543648,0.9356650114059448
280.jpeg,0.9669867,11806611.558612242,2352581.5860459344,0.0419759531505405,0.95555629581213,0.3854518796184233
675.jpeg,0.96674913,11797732.971612504,1146138.863438466,0.0153269990114495,0.9524167999625206,0.27060975435597356
881.jpeg,0.9666245,11798995.9137034,2301399.7333768443,0.0312812679912894,0.9392860606312752,0.16311431801295834
270.jpeg,0.9665959,11803707.812415486,2354960.5843371693,0.0395273687317967,0.9068874716758728,0.17788365943124515
589.jpeg,0.9663975,11837375.82809124,1163406.791519413,0.0329037073533982,0.9533575177192688,0.15050190058536825
788.jpeg,0.9661618,11836475.593708776,1156502.8479825535,0.0338959651999175,0.9559425488114356,0.17386510991491375
420.jpeg,0.9660379,11798826.065574847,2300161.4746302366,0.0418739216402173,0.9543666765093805,0.4458618429822049
837.jpeg,0.965975,11839043.965990962,1160127.7856158111,0.0453638327307999,0.9539104253053664,0.19390709881138585
562.jpeg,0.96596456,11793491.17699146,1144416.0807422164,0.0392835047096014,0.9580115452408792,0.3339177439454943
510.jpeg,0.9659327,11758434.49469149,1171212.2056786877,0.0178373344242572,0.9492866471409798,0.18837640367564742
4.jpeg,0.9658549,11696874.796290869,1196438.563920652,0.0286017344333231,0.915209487080574,0.16641888060257767
573.jpeg,0.9657909,11835509.120218666,1113656.1412147884,0.0297938899602741,0.8846583366394043,0.20174864804721435
380.jpeg,0.96577203,11789244.80842974,2322253.6150411163,0.0343962488695979,0.9548582211136818,0.21701736861307705
920.jpeg,0.9657362,11734991.184206776,1163227.6999844704,0.0369081306271255,0.9559631943702698,0.3097711278242059
685.jpeg,0.96573514,11801654.581036674,1150791.9270680237,0.0229446005541831,0.9421023279428482,0.21967149135889483
468.jpeg,0.9656794,11701508.046591766,1199466.891047335,0.0385408923029899,0.9357415363192558,0.24915703991428018
282.jpeg,0.9656624,11806200.582493115,2352596.47783368,0.0396680585108697,0.9583473950624466,0.2869616938987747
674.jpeg,0.96541804,11797717.141979704,1146161.6008979094,0.0153269990114495,0.9524167999625206,0.26437480402819347
320.jpeg,0.9653197,11791311.295900537,2349261.016467601,0.0378633369691669,0.958224855363369,0.4163969290176673
202.jpeg,0.96521705,11823818.85624222,2425367.8477091845,0.0414276700466871,0.9601069539785384,0.2462743377545848
340.jpeg,0.9651788,11797499.864858704,2342862.3527054708,0.0710667357780039,0.9671647027134896,0.7931511607686323
505.jpeg,0.96516335,11755455.818566468,1174018.7117284634,0.0334610724821686,0.949670933187008,0.3827450190567308
292.jpeg,0.9650889,11806078.828499082,2350150.2176369363,0.038799914997071,0.947847530245781,0.17812206945382056
475.jpeg,0.96471334,11704809.988327015,1195884.3613485538,0.0282670415472239,0.6760476566851139,0.1869372895453125
555.jpeg,0.96465886,11801052.45414314,1147535.9198247846,0.0282916824799031,0.665298193693161,0.2700792552334153
114.jpeg,0.9646286,11794032.72433261,2304977.486922276,0.0420138565823435,0.96170674264431,0.2994609915767796
657.jpeg,0.9646165,11794376.941216275,1143028.232235739,0.0259685472119599,0.9580319598317146,0.26011013009701855
915.jpeg,0.96442074,11773638.970258836,1152539.2573876723,0.0467200870625674,0.9577626660466194,0.23037775052297446
357.jpeg,0.9642807,11798422.565919513,2336354.167537955,0.1575651126913726,0.9628662019968032,0.7959339935997767
845.jpeg,0.9641895,11872625.836900204,1159979.654204565,0.0477914046496152,0.9626349434256554,0.5882707562996075
977.jpeg,0.9641247,11812948.377253948,1267084.4469044742,0.0409145979210734,0.2147331163287162,0.06434534548316145
635.jpeg,0.9640456,11790861.33558784,2336685.773076389,0.0766382538713514,0.920528084039688,0.3349615155852267
7.jpeg,0.9637831,11700882.10006416,1200815.30157756,0.0373340458609163,0.9616044238209724,0.303287431714125
958.jpeg,0.9637034,11699629.164797192,1203097.2938053757,0.0389579958282411,0.4906488787382841,0.10507639549905431
396.jpeg,0.9636001,11789940.93670129,2333190.2562503107,0.0358973692636936,0.9449922144412994,0.4940642720030155
903.jpeg,0.9635461,11773633.264037294,1152534.4151164617,0.0467200870625674,0.9577626660466194,0.23037775052297446
580.jpeg,0.96345943,11841606.36825142,1158738.6615177344,0.0407226160168647,0.2575793978758156,0.07013768388424063
86.jpeg,0.9634283,11815298.230947364,1165310.7602779388,0.0393774295225739,0.9605479836463928,0.5726563438074663
6.jpeg,0.9631248,11700963.035892168,1200696.7468921472,0.0243817837908864,0.9616044238209724,0.3011962746386416
291.jpeg,0.96305436,11806114.630186828,2350005.3539584544,0.045639042276889,0.947847530245781,0.18765795743092895
191.jpeg,0.96301156,11818079.125519833,2424415.6950360327,0.0429705753922462,0.9623660296201706,0.5375867229886353
419.jpeg,0.9627651,11796710.510366865,2301470.2650203137,0.0403365329839289,0.957421325147152,0.16268911541556005
941.jpeg,0.9626952,11757971.528805029,1172136.366117595,0.0265142391435802,0.0734666814096272,0.04524515898083334
408.jpeg,0.96259797,11794681.092101444,2307410.8153657443,0.0256048950832337,0.958511583507061,0.4063444777857512
49.jpeg,0.96259785,11798738.627347006,1145908.6216763095,0.0387172563932836,0.9519348368048668,0.1725870083241413
328.jpeg,0.9624421,11790593.104374137,2347357.468983118,0.0340573480352759,0.961559496819973,0.2918724315240979
874.jpeg,0.9624311,11796726.759532228,2301486.681074097,0.0403365329839289,0.957421325147152,0.16268911541556005
341.jpeg,0.96237475,11797413.772877373,2342867.748236021,0.0409469953738153,0.9671647027134896,0.5854524720343761
310.jpeg,0.9621862,11799316.909260036,2348881.753955795,0.0434187687933445,0.9641228541731834,0.5653738821339276
725.jpeg,0.9621753,11835489.526926547,1118565.15246721,0.0109107688185758,0.9323563650250436,0.14493810907151777
724.jpeg,0.9620184,11838515.46904065,1116455.7736048603,0.0342330557759851,0.8943148851394653,0.3429362647293601
639.jpeg,0.9618801,11791188.982053485,2335142.0874907034,0.0987728326581418,0.9523882940411568,0.7702677039030407
300.jpeg,0.96187556,11808463.274764968,2348159.383007037,0.0382391009479761,0.8534110970795155,0.41038735350593925
207.jpeg,0.96184057,11821377.449464392,2424191.4719171063,0.033013075357303,0.7760550417006016,0.13746872785850425
8.jpeg,0.96169335,11705008.533707503,1197721.1866906,0.0408141035586595,0.8367435708642006,0.26173305772762334
705.jpeg,0.96138,11841391.510361595,1147751.8951873502,0.0413580234162509,0.9556759223341942,0.40721401147311553
773.jpeg,0.9612058,11817340.578763504,1165847.3693298255,0.0300171673297882,0.9116314724087716,0.3688520358118694
517.jpeg,0.960972,11759000.83408005,1167173.5728699474,0.021438717842102,0.9541597738862038,0.3689104305231012
219.jpeg,0.9609133,11814097.357827242,2380542.499547725,0.0289582137484103,0.956347480416298,0.36015312556992285
897.jpeg,0.96086764,11791298.999900224,2290375.948458544,0.0384054211899638,0.9664858430624008,0.2694313778192736
64.jpeg,0.9608212,11839501.613520743,1160390.8471127737,0.0419862107373774,0.9546118825674056,0.2538953953189775
271.jpeg,0.96079654,11806450.210138736,2356328.334385381,0.0321059459820389,0.9583881348371506,0.19088205772762495
50.jpeg,0.960725,11835486.004787514,1118568.303342715,0.0109107688185758,0.9323563650250436,0.14493810907151777
547.jpeg,0.96070886,11797667.277061224,1151166.8038889137,0.0219182199798524,0.9443273395299911,0.3531375131052401
500.jpeg,0.96056914,11753367.826868942,1173556.270004294,0.0254293207544833,0.9508327320218086,0.1509927965526003
296.jpeg,0.96054727,11806506.924819527,2348800.6781716,0.0390861616469919,0.953724890947342,0.3243940794574363
997.jpeg,0.9605118,11796724.978498287,2438520.4565943,0.0350258662365376,0.9597102031111716,0.583591102023742
301.jpeg,0.96048707,11808618.376726229,2348266.7622102564,0.0301979796495288,0.9624415934085846,0.3934138490751918
206.jpeg,0.9604762,11821310.84703607,2424174.4616176663,0.033013075357303,0.7760550417006016,0.1363476686237845
901.jpeg,0.9604421,11771482.275236338,1154039.1657925174,0.038307118229568,0.9529429450631142,0.2625212427810766
692.jpeg,0.9603181,11841248.193213755,1144865.6260791314,0.0394924441352486,0.9330158606171608,0.20220602938206864
684.jpeg,0.9601444,11801417.20860134,1140746.3202638028,0.0409507043659687,0.959438033401966,0.3476080164934198
413.jpeg,0.96012825,11792407.557784664,2307626.195805188,0.030462582129985,0.8742349371314049,0.30010371218668297
215.jpeg,0.96007794,11813324.469730036,2384480.860799475,0.0258565176045522,0.953501969575882,0.27919584133714026
125.jpeg,0.9600756,11798504.01659474,2433516.755902936,0.046389146707952,0.9536696076393129,0.32249357597902417
853.jpeg,0.9600665,11875313.125212535,1160261.0473984145,0.0376342236995697,0.9535927474498748,0.15778677526395762
3.jpeg,0.9598263,11697887.676503051,1195333.2098595817,0.0350100516807287,0.9476135969161988,0.38229682700087625
428.jpeg,0.95979846,11792671.213613804,2301936.9126236085,0.0233379208948463,0.9589001312851906,0.1982754726486746
716.jpeg,0.95969546,11839819.963937834,1148194.9458812752,0.0215162949170917,0.9163705706596376,0.3054931012447923
567.jpeg,0.9594771,11801360.495342154,1137130.9271606691,0.068435619585216,0.9526408165693284,0.4585851032493843
101.jpeg,0.95947057,11837509.1763928,2326578.97036396,0.0421151835471391,0.9591388180851936,0.18034475709178618
710.jpeg,0.95932037,11843807.290833429,1142839.3772094776,0.0200280852150172,0.947268344461918,0.2754001904298396
374.jpeg,0.9592394,11792414.640271207,2321668.56255256,0.3229476949200034,0.9736533686518668,0.7938793638022617
65.jpeg,0.95913655,11833933.378486143,1161376.548852565,0.0274135740473866,0.942841537296772,0.1647798275142642
643.jpeg,0.95896417,11792949.999194622,2335702.1874675658,0.0391067015007138,0.9511285796761512,0.33417871716665104
891.jpeg,0.95894784,11788452.293311251,2291356.616249951,0.0398853975348174,0.9564145058393478,0.4679837850853801
513.jpeg,0.95885366,11757065.421467235,1170060.3058717195,0.0208275314653292,0.95849771797657,0.2257635212299646
568.jpeg,0.9585862,11800146.936115468,1139633.1361674697,0.0193327141460031,0.9599213302135468,0.5770218387770001
43.jpeg,0.95853966,11795134.195770437,1145422.325379897,0.0483928760513663,0.957121230661869,0.30344928826929796
427.jpeg,0.9583789,11792676.329060351,2301920.418170971,0.0233379208948463,0.9589001312851906,0.1982754726486746
394.jpeg,0.9583674,11791267.085373228,2329121.8068378177,0.0478261441458016,0.9477449581027032,0.37139904083284947
303.jpeg,0.9583414,11809647.823610565,2348990.074669364,0.0378829888068139,0.960194244980812,0.3196332364875291
367.jpeg,0.9582099,11796051.022526365,2330537.1655195025,0.066673002205789,0.9556246027350426,0.6634109930268356
610.jpeg,0.9581615,11808846.00232681,1275331.7797595845,0.0404265387915074,0.7372584510594606,0.19455690943868828
588.jpeg,0.9581139,11837376.48461512,1163401.3179103923,0.0329037073533982,0.9533575177192688,0.15050190058536825
706.jpeg,0.95809245,11841399.29639692,1147881.3173085875,0.0273285880684852,0.9556759223341942,0.4193041483716418
612.jpeg,0.9579343,11814917.846214237,1279007.0797923263,0.0392525028437376,0.9477294832468032,0.2849050837685354
12.jpeg,0.957707,11738471.092181824,1160996.2619605132,0.0434824649710208,0.4364586919546127,0.15168155255378218
618.jpeg,0.9576846,11795292.915343136,2349954.3527122005,0.0434700464829802,0.9627796411514282,0.29812017659423873
609.jpeg,0.9574215,11810073.453096714,1271826.9687996043,0.0462305746041238,0.9590158388018608,0.3278815015219152
1000.jpeg,0.9569063,11821192.532177458,2425365.3526823176,0.0412935991771519,0.3888667887076735,0.13786717351259928
94.jpeg,0.95671934,11812389.986003527,1266620.961360606,0.0440909280441701,0.400413432624191,0.1240804323719607
736.jpeg,0.9566875,11837570.978988146,1114788.5953842823,0.0904274359345436,0.9638150930404664,0.6031185611047678
127.jpeg,0.9564029,11797143.52545064,2434905.369955688,0.0337205599062144,0.3388786939904094,0.11927622746277067
787.jpeg,0.95623285,11834991.982556112,1156469.193535247,0.0286199848633259,0.9308332353830338,0.39897438638015753
999.jpeg,0.9562323,11821929.67260825,2425960.213197856,0.0418203119188547,0.953500248491764,0.30497535151828614
960.jpeg,0.9561708,11702042.837699505,1193034.8179803672,0.0428544590249657,0.9630401656031607,0.4780758718843572
539.jpeg,0.9560642,11785991.699219428,1123227.180191688,0.0362446380313485,0.9344288483262062,0.3446957353444304
648.jpeg,0.9559932,11788446.661756268,1137969.059360639,0.0352189664263278,0.941856913268566,0.23713263209598756
400.jpeg,0.95599264,11794304.302647324,2329066.395945734,0.0391669929958879,0.0910717947408557,0.05182951199822123
756.jpeg,0.95597196,11837818.02553661,1110724.4930669966,0.0476722288876771,0.9524799212813376,0.20090228443344427
405.jpeg,0.9556519,11794029.68231021,2308353.033758136,0.0342036918736994,0.9589678719639778,0.4228312979103066
448.jpeg,0.95537084,11836245.71197068,2327464.33756,0.038723477628082,0.9622607082128524,0.3146543648035731
59.jpeg,0.9551807,11841028.848966118,1158973.4261646003,0.0408430220559239,0.9514457285404204,0.24422610520074764
536.jpeg,0.9549645,11786307.67405,1119088.0952881563,0.0410647757817059,0.941992774605751,0.44137105040135793
877.jpeg,0.9549369,11798615.49506755,2302746.931022904,0.0389810185879468,0.9572357758879662,0.38845492506931933
458.jpeg,0.95474356,11841950.540905502,2328946.675185483,0.0375541811808943,0.9658156111836432,0.4932172605767846
465.jpeg,0.9547087,11701666.263048971,1199688.9413004124,0.0403923504054546,0.9357415363192558,0.2417024708120152
954.jpeg,0.9545727,11695593.681965418,1196171.8281861255,0.0302624271716922,0.381761081982404,0.09396161788026801
662.jpeg,0.95451653,11795449.608182617,1147325.2460252442,0.0403414675965905,0.9551883414387704,0.29439962113974616
116.jpeg,0.95436937,11797111.02670338,2303280.948654319,0.0345421840902417,0.1135250800289213,0.054603888915153165
481.jpeg,0.9543534,11737270.191482536,1162961.745954658,0.0343663874082267,0.9340764582157136,0.16156462425715284
523.jpeg,0.9543533,11769791.722721806,1155248.8197331598,0.0667418553493917,0.9523559957742692,0.2694659142621926
265.jpeg,0.95433265,11798083.150266197,2380122.698857658,0.0281975734978914,0.9574228897690772,0.2847182193654589
225.jpeg,0.954263,11811285.34211468,2381848.541601303,0.0415045800618827,0.9696070179343224,0.4833948520411338
814.jpeg,0.9542583,11839380.224508004,1160298.638135728,0.0419862107373774,0.9546118825674056,0.1590069568483158
862.jpeg,0.9539948,11796767.6978632,2302753.8781401203,0.0440422077663242,0.947855830192566,0.34550495765038897
251.jpeg,0.95397884,11803692.67529539,2377285.5475899023,0.0401586545631289,0.9549840837717056,0.4778046090421932
703.jpeg,0.9537062,11840640.689455634,1143895.1349782862,0.0219984536524862,0.953902654349804,0.3738288711239066
766.jpeg,0.9532543,11813655.945736516,1170783.2022689355,0.0464545469731092,0.9446273446083068,0.33741957378677195
297.jpeg,0.95323306,11806533.615428494,2348603.176520698,0.0405454379506409,0.953724890947342,0.3052948627487889
23.jpeg,0.95290637,11778772.775190732,1126242.424641563,0.0524258837103843,0.955620974302292,0.26731973131083775
763.jpeg,0.9528374,11812471.945296563,1167898.1007906594,0.0211314422776922,0.72914969176054,0.17922037914104288
317.jpeg,0.95261437,11803101.801783118,2346686.5151867066,0.0344879156909883,0.9573670923709868,0.15813502745004365
281.jpeg,0.95250213,11806615.577673256,2352453.79607054,0.0392496492713689,0.95555629581213,0.3099824203074806
924.jpeg,0.95235515,11736817.100116877,1162816.6653642156,0.0434227376244962,0.2868531448766589,0.07617047050734979
825.jpeg,0.9523412,11842791.71325284,1158646.9987812012,0.0341113449539989,0.0659398469142615,0.04667186245205807
402.jpeg,0.9522748,11793086.906717718,2309970.247337837,0.0412021069787442,0.9560295641422272,0.5282585319364443
398.jpeg,0.9522522,11792119.018128855,2333191.041106607,0.0341894857119768,0.9546426609158516,0.3148435165122565
62.jpeg,0.951914,11834989.648151657,1156472.1115403522,0.0286199848633259,0.9308332353830338,0.39897438638015753
389.jpeg,0.9518671,11791693.255706578,2322483.7642845414,0.0630651931278407,0.9720879420638084,0.6094478115306369
973.jpeg,0.9517725,11812967.96839141,1279702.2845842824,0.0383923887275159,0.944246381521225,0.3505055923014879
126.jpeg,0.95175904,11797399.866964769,2433835.456577901,0.0452982452698051,0.9382277429103852,0.2424530814751051
512.jpeg,0.9515657,11757070.204951655,1170742.662083587,0.0207962235435843,0.9524500593543052,0.28824676157091744
397.jpeg,0.9514472,11791913.462508272,2332951.9442564994,0.0384676791727542,0.9597285687923433,0.31674124457640573
185.jpeg,0.9513124,11802552.188702485,2433262.6705658576,0.040305471047759,0.9646138250827788,0.4011311235371977
823.jpeg,0.9512268,11841028.848966025,1158974.5933667177,0.0408430220559239,0.9514457285404204,0.24422610520074764
497.jpeg,0.95114857,11755948.225805456,1168855.4602605486,0.0301731994841247,0.9552982971072196,0.20263390120817343
777.jpeg,0.95107275,11818703.968303498,1163263.5243844478,0.0139168350724503,0.951982483267784,0.35105303440812147
55.jpeg,0.9506562,11875651.389987191,1164108.1182722892,0.039583716308698,0.9250900447368622,0.5259774510179542
263.jpeg,0.95058054,11797575.475902831,2379021.385483561,0.0326677153352648,0.96222086250782,0.3927897222165484
366.jpeg,0.9503034,11796118.85422204,2330540.8854893805,0.066673002205789,0.9556246027350426,0.7757098902282971
759.jpeg,0.9501056,11810413.623495787,1163012.964330294,0.0254003712907433,0.9480010122060776,0.1685597131581744
975.jpeg,0.9498872,11814049.075399388,1270465.0426014615,0.0490616839379072,0.9577397033572196,0.22548248026786102
363.jpeg,0.9494198,11797777.319104403,2333558.3370470754,0.6068637073040009,0.9610107019543648,0.8793093226850033
824.jpeg,0.9493396,11842005.310805377,1158933.157770241,0.0420319493860006,0.3694863468408584,0.0852472647093236
358.jpeg,0.94909793,11798473.1868192,2336343.175056091,0.1575651126913726,0.9628662019968032,0.7959339935997767
970.jpeg,0.949096,11811783.101617957,1266296.3934450997,0.0434772907756269,0.9564013555645944,0.21377800474874672
608.jpeg,0.9490897,11810493.416862505,1271556.513544858,0.0412040050141513,0.9320976659655572,0.2925642783520743
277.jpeg,0.9481735,11805219.120856969,2353244.9038314256,0.0456606377847492,0.9569733962416648,0.3163960414406444
188.jpeg,0.9481273,11819558.245180843,2422340.641642668,0.0388521673157811,0.953564889729023,0.42316476155870725
431.jpeg,0.94799495,11835601.414069315,2324791.1223094384,0.0271063400432467,0.9538616985082626,0.24944861151743677
443.jpeg,0.94792414,11839299.54379432,2325496.015807894,0.0428454102948308,0.9617175236344336,0.17568657387580186
308.jpeg,0.9477382,11802167.338799823,2349463.945498828,0.0317481134552508,0.937694638967514,0.2574088054534513
507.jpeg,0.9474527,11757020.91769876,1172927.9708790253,0.0287709340918809,0.9471836164593695,0.31884604948572814
918.jpeg,0.94706434,11732784.717949769,1160639.7326403237,0.0316353619564324,0.9618409797549248,0.21596923762828937
885.jpeg,0.9463674,11786678.558301466,2295302.867352027,0.0476857544854283,0.960174821317196,0.3668735637329519
272.jpeg,0.9462317,11806454.73836699,2356250.054450389,0.0321059459820389,0.9583881348371506,0.20179254900930182
286.jpeg,0.9461971,11805392.0595393,2350421.4467556733,0.0388396149501204,0.4081728663295507,0.08835799264488738
334.jpeg,0.9460175,11794971.756121278,2344854.9379271525,0.0408970420248806,0.95907524228096,0.2325943001132044
223.jpeg,0.94544786,11810802.530459546,2379116.277239284,0.0306090477388352,0.9609451442956924,0.2658577664156577
170.jpeg,0.94536966,11796937.34564036,2423010.762193353,0.0479016653262078,0.9631724581122398,0.5438737850636244
563.jpeg,0.9452269,11793367.29982015,1144453.9372480914,0.0392835047096014,0.9580115452408792,0.3746627176878974
107.jpeg,0.94488937,11808109.5677426,2387613.219441035,0.8429989963769913,0.962682083249092,0.9177237935364246
154.jpeg,0.94461274,11793939.540978802,2426337.513275176,0.0374884153716266,0.950911670923233,0.39559905137866735
651.jpeg,0.94450843,11791033.198463194,1148170.1054674948,0.0303566302172839,0.954686276614666,0.26840319236119586
518.jpeg,0.9442887,11762953.378293244,1165910.429605573,0.0181763691361993,0.9428624138236046,0.2517872835160233
148.jpeg,0.9442461,11793073.168775504,2433451.402135321,0.0881339586339891,0.9679174050688744,0.5047059330557074
250.jpeg,0.944197,11803216.724377926,2376806.185093667,0.0361137082800269,0.918555423617363,0.2436177275542702
365.jpeg,0.9441932,11794774.022277389,2332116.2443324127,0.0403316933661699,0.9519815519452096,0.25344734243117273
496.jpeg,0.9433164,11757314.698182724,1166468.901404143,0.0290054567158222,0.94717775285244,0.25757081931806164
876.jpeg,0.9432723,11796087.328165969,2304510.6599913216,0.0412213606759905,0.9511641338467598,0.24575752834789452
278.jpeg,0.942761,11806777.45714297,2353139.9629573016,0.0431860326789319,0.9612163677811624,0.4924311911454424
864.jpeg,0.9424722,11795385.50438747,2306241.1180465072,0.0389629048295319,0.958620198071003,0.40551300160586834
316.jpeg,0.9421167,11800839.261743344,2347514.589055621,0.1745415800251066,0.9627844914793968,0.5754139353521168
314.jpeg,0.941592,11797322.518141732,2350656.778672333,0.4991329945623874,0.9668207168579102,0.7866153344511986
899.jpeg,0.9408178,11794447.492952926,2288304.9876491874,0.0368377668783068,0.8793435171246529,0.1513472619117237
260.jpeg,0.9407476,11806043.916031664,2377317.515803632,0.0346032595261931,0.2780663366429508,0.06871875727665605
339.jpeg,0.94069415,11798067.450637108,2345895.246464673,0.04537771968171,0.9602544978260994,0.3633942809288523
571.jpeg,0.9406432,11840197.24555944,1116468.0278678522,0.0433763787150383,0.9615146890282632,0.513821636675857
21.jpeg,0.9405405,11762518.949965758,1168168.7525632647,0.0365822270978242,0.9509736225008965,0.3340971123689087
307.jpeg,0.9403362,11802570.278493382,2352192.793734916,0.0355355353094637,0.9303121119737624,0.1633727323496714
467.jpeg,0.94028974,11700989.38754524,1199900.9349380855,0.0451764301396906,0.0619334578514099,0.05291154747828834
266.jpeg,0.94007415,11803925.708691671,2381499.13304657,0.0684527331031858,0.9630074054002762,0.5918782560287842
421.jpeg,0.9399465,11794661.463545924,2299274.3913870654,0.0252658019308,0.9576052725315094,0.1309536054031923
53.jpeg,0.93970746,11872267.585000535,1168302.560093922,0.3088450608775019,0.9769978746771812,0.8113823403707809
916.jpeg,0.93940985,11773716.66009003,1152415.775904135,0.0442138859070837,0.9577626660466194,0.287512524635531
247.jpeg,0.9382253,11802172.491745489,2378944.87591458,0.0200016817543655,0.9545218124985696,0.43183200480416417
115.jpeg,0.9380754,11795307.10631763,2306209.09703906,0.0371675943024456,0.958620198071003,0.4694224743704711
385.jpeg,0.9379222,11787807.120938832,2330012.6164068445,0.0229613276896998,0.9542687684297562,0.4078818840466233
995.jpeg,0.93773985,11798024.35478816,2434297.075759122,0.1102714170701801,0.9597888067364692,0.588151108182501
387.jpeg,0.93763953,11788494.07684759,2332663.0347808334,0.0370643569622188,0.9537708312273026,0.378135131735524
348.jpeg,0.93748987,11790391.793251405,2338454.9704636885,0.0340751186013221,0.9050162211060524,0.2222546465096197
218.jpeg,0.9372519,11815200.45194638,2382114.190968204,0.0411784739699214,0.9434879645705224,0.3626034412009176
360.jpeg,0.93719006,11797209.287876137,2339308.093684458,0.0304827413056045,0.9600465148687364,0.41825666127260774
469.jpeg,0.9371375,11701990.132326877,1199137.2963022029,0.0303182085044682,0.9614342078566552,0.1408518503109614
886.jpeg,0.93679035,11785606.160310311,2291696.90793454,0.0544818420894444,0.9666618779301644,0.4104849567769894
543.jpeg,0.93646353,11792791.466043675,1145399.912020592,0.0290609581861645,0.1939862533472478,0.0634260825398895
106.jpeg,0.9362641,11821795.855437968,2425011.327811695,0.0397117990069091,0.947108194231987,0.225491237884853
583.jpeg,0.9358776,11838120.35952382,1158805.7034486216,0.0396861229091882,0.9396484047174454,0.14762383906377685
47.jpeg,0.93571174,11796753.62031947,1147179.1378926558,0.0312673693988472,0.8147866744548082,0.16187886218540368
235.jpeg,0.93538153,11807581.37514268,2384917.6354935924,0.0362272304482758,0.9596560224890708,0.2951033484423533
912.jpeg,0.93537503,11774950.248829396,1150913.8734651916,0.0344759854488074,0.919283092021942,0.24408411560580132
165.jpeg,0.9349698,11794553.54331242,2420361.6201512623,0.4073871709406376,0.9650408029556274,0.8032005103304982
361.jpeg,0.93464065,11797212.285458649,2339310.7003756543,0.0304827413056045,0.9600465148687364,0.41825666127260774
390.jpeg,0.9345771,11791376.861699363,2325907.707923485,0.0390322147868573,0.9569214582443236,0.35974161425838247
333.jpeg,0.93445,11794893.781206494,2344911.284886244,0.0456158160232007,0.95907524228096,0.3029459885853742
515.jpeg,0.9339419,11759981.44912442,1167438.7721003152,0.0511000300757586,0.9347005560994148,0.4450871110376384
145.jpeg,0.9336889,11789726.30880627,2432475.867566213,0.0406966675072908,0.9617477357387544,0.5396456796942013
875.jpeg,0.93318844,11796255.958250714,2303496.2366511,0.030568879796192,0.9542568698525428,0.1813325753610115
140.jpeg,0.9330584,11793993.562838295,2436253.1412167875,0.035390229197219,0.9602972120046616,0.42114727495105136
40.jpeg,0.93201226,11791971.693491291,1141557.2031293856,0.0123582462547346,0.060634255874902,0.029209208863903727
382.jpeg,0.9314625,11788103.88302101,2327370.661349895,0.0395744726993143,0.9582141488790512,0.5478654674786542
335.jpeg,0.9313871,11797661.569664344,2345523.9316138937,0.0447057308629155,0.9623968675732611,0.37071790991883186
956.jpeg,0.93055737,11697857.101626966,1195204.298134212,0.0176143127027899,0.9476135969161988,0.3778456817381084
925.jpeg,0.93032897,11737227.225135528,1162374.8712169996,0.0334405731409788,0.956649661064148,0.2582446302403696
407.jpeg,0.93023497,11794274.156651288,2308024.450410132,0.034499489236623,0.9604843109846116,0.5559533834457397
905.jpeg,0.93022263,11772755.47106135,1153874.9006196684,0.0471666045486927,0.4505418282933533,0.14211116923252118
678.jpeg,0.9298513,11798672.374559196,1145351.4435958536,0.0406953701749444,0.9103837013244628,0.13308311418558538
898.jpeg,0.9284819,11790186.405746268,2291884.082651886,0.0454424740746617,0.9658829569816588,0.5990941625620637
325.jpeg,0.9283536,11788983.221473144,2350171.9744676035,0.0366977620869874,0.9719721525907516,0.7301282328553498
572.jpeg,0.928208,11840201.485557431,1116464.7995141856,0.0433763787150383,0.9615146890282632,0.513821636675857
426.jpeg,0.92807674,11793649.553239755,2295821.430545398,0.0276903128251433,0.9664761200547218,0.2938403922266194
347.jpeg,0.92758024,11789798.436169064,2341087.644417765,0.0396895636804401,0.963534578680992,0.4851273276976177
11.jpeg,0.9272937,11738276.185494555,1159502.4204072603,0.0270179389044642,0.951163575053215,0.4292980541358702
909.jpeg,0.9271987,11773628.918180712,1151625.1278133248,0.0411123479716479,0.959226317703724,0.18480762989363733
917.jpeg,0.9270355,11771229.343900103,1157047.9650739806,0.0343433641828596,0.9261556193232536,0.33671753351680106
702.jpeg,0.92675763,11840272.17756327,1145357.1480095277,0.0466921692714095,0.9604735895991324,0.43879321151013884
892.jpeg,0.92628825,11786229.988517422,2289957.3620507694,0.0405160617083311,0.9685373529791832,0.5285760077780911
456.jpeg,0.9255662,11840450.623299932,2331664.9329775907,0.0381045199465006,0.9542011693120004,0.242384572130894
457.jpeg,0.92530024,11840359.630696522,2331654.4531278578,0.0381045199465006,0.9542011693120004,0.32816716401638196
884.jpeg,0.9243307,11797592.810705224,2303397.193175232,0.0387415620498359,0.815434742718935,0.23724252697346465
598.jpeg,0.92425597,11869643.608873066,1167058.3231728785,0.040929791983217,0.7952185608446598,0.3118866178879721
192.jpeg,0.9242485,11818062.828387482,2423775.805755314,0.0371890175156295,0.954762190580368,0.46443763724528253
425.jpeg,0.92356205,11793861.835378638,2296204.035380757,0.0339421487879008,0.445180612616241,0.22653355417423882
44.jpeg,0.9224075,11796623.077044375,1147438.268845138,0.0312673693988472,0.8147866744548082,0.16412631756975313
976.jpeg,0.922271,11812752.484192085,1265675.1051582885,0.0452999556437134,0.9569743722677232,0.205568065342959
882.jpeg,0.9221831,11795321.251251284,2301010.1043290747,0.0396758639253675,0.9539300873875618,0.2259131086591099
123.jpeg,0.9221601,11798178.084217452,2434370.571557921,0.2066176179796457,0.9597888067364692,0.7438499915546605
386.jpeg,0.9220109,11788219.077671569,2332663.426674993,0.03863818757236,0.9514473155140876,0.29140595194290986
856.jpeg,0.9218194,11875402.707945645,1160632.02314499,0.0428374893963336,0.8821411430835724,0.33222519402625034
411.jpeg,0.9217814,11789715.925070465,2307748.536183615,0.0370583268813788,0.9611140787601472,0.4943451981858483
147.jpeg,0.92109334,11792982.963598317,2433416.721673532,0.0881339586339891,0.9679174050688744,0.4799363799393177
181.jpeg,0.92084944,11801751.893252237,2429277.143495138,0.0726615525782108,0.9632993116974832,0.6823839888287088
399.jpeg,0.9205658,11795124.830685908,2329175.235061286,0.0351908516604453,0.9150010496377944,0.15657322542392643
134.jpeg,0.9203518,11799114.271156304,2439375.760035797,0.0469558793120086,0.962046466767788,0.38706768916121553
393.jpeg,0.9195709,11790786.102815934,2329019.406214605,0.0331054055131971,0.9556128457188606,0.324339295205261
942.jpeg,0.919428,11758429.25733156,1170366.0680123067,0.0370934046804904,0.715373519808054,0.2190253439475782
636.jpeg,0.9190937,11791392.495670944,2335319.080918385,0.03814327577129,0.9523882940411568,0.564263866183215
761.jpeg,0.91859907,11810314.880559877,1174747.15557426,0.0407428056932985,0.9582139253616332,0.6071665053152375
395.jpeg,0.9183794,11789927.405241024,2332967.3016189407,0.0397884636186063,0.9639526829123496,0.42919508806828943
508.jpeg,0.917558,11757526.16259542,1172967.4473279836,0.0324929151684045,0.9518237859010696,0.29857941751834005
293.jpeg,0.91700953,11806504.385447964,2349660.271923481,0.0425884276628494,0.9568448513746262,0.28672846626224263
889.jpeg,0.9169502,11786228.855121816,2289958.1855446924,0.0405160617083311,0.9685373529791832,0.5285760077780911
184.jpeg,0.91640735,11799846.586625217,2434870.290412551,0.0354668963700532,0.9475488364696504,0.314353492709675
109.jpeg,0.9164023,11788914.120604914,2338878.2050667224,0.0349257548805326,0.9569196254014968,0.4837139295123052
672.jpeg,0.9160446,11797303.79069434,1148026.8708058477,0.0422616088762879,0.2858210010454058,0.07557432995074322
5.jpeg,0.9157847,11700169.13612262,1199690.9121392516,0.0440369145944714,0.9548324048519136,0.2325517940917052
984.jpeg,0.915717,11818887.011668878,1279033.3033816463,0.0347187090665102,0.3759522195905447,0.0861126117718716
585.jpeg,0.91564274,11836911.70222539,1158940.3853177114,0.026917653856799,0.9550327286124228,0.5160979008457313
152.jpeg,0.91550356,11795573.175337048,2428211.2200523564,0.0361460703425109,0.8921960741281509,0.4899067898680057
810.jpeg,0.9137645,11838105.834234891,1161536.6504122308,0.0315211110282689,0.9573374167084694,0.14719786518253386
138.jpeg,0.9128294,11795196.439914849,2439002.0116912243,0.0375283658504486,0.9489210098981856,0.2969929239867876
381.jpeg,0.9126292,11788126.87101101,2327350.674638943,0.0305173185188323,0.9582141488790512,0.4831969488586765
616.jpeg,0.9123507,11813942.514743043,1270356.7430055933,0.0267594514880329,0.9577397033572196,0.2732923115836456
279.jpeg,0.9119531,11806907.586143931,2352930.2881163987,0.0459269359707832,0.9612163677811624,0.447589676361531
519.jpeg,0.9104464,11763649.167302042,1167088.3373027905,0.0133947031572461,0.2292969701811671,0.06185705203097311
945.jpeg,0.9095025,11759220.758191554,1170221.8451724588,0.0320005142129957,0.0482027386315166,0.042983473802451
476.jpeg,0.9088851,11703894.627784535,1194931.3602879029,0.020436915801838,0.9610719606280328,0.3215393025893718
230.jpeg,0.90814,11809273.384795684,2382240.4164482104,0.0361641119234263,0.9564014449715614,0.2694195335331772
599.jpeg,0.90730166,11871031.350956265,1170586.864325196,0.0276967631652951,0.9561449438333512,0.17873458669055253
146.jpeg,0.90729064,11793053.567495378,2432632.326479058,0.0433361623436212,0.9571789428591728,0.4361980348476208
429.jpeg,0.90568054,11785530.830986816,2291955.314175506,0.0399490962736308,0.9663051515817642,0.3068586578592658
861.jpeg,0.9056304,11796196.637393368,2303475.9705778263,0.030568879796192,0.9542568698525428,0.2010997949234609
498.jpeg,0.9049127,11755002.675099105,1169831.3892161082,0.0402003363706171,0.9582290649414062,0.3152040682907682
867.jpeg,0.90479875,11796014.009011503,2303031.209908599,0.03620400512591,0.1646409858949482,0.07137024648753656
665.jpeg,0.90410453,11796395.68650864,1145901.426125973,0.0320100004319101,0.960284598171711,0.23582489871478168
338.jpeg,0.90393585,11796558.28869068,2348808.7757003866,0.0441071176901459,0.9627909064292908,0.4537601970535304
412.jpeg,0.9021449,11792191.234424489,2307604.5896356725,0.0389320929534733,0.9511714950203896,0.3180415919715805
369.jpeg,0.89984435,11797039.631222213,2327366.2070116163,0.0305912001058459,0.9523506760597228,0.29801218437829186
487.jpeg,0.8990285,11734730.907577563,1159969.6045846196,0.0359543110243976,0.9152181968092918,0.2252800003043376
628.jpeg,0.89637613,11788957.492177757,2338943.438733194,0.0581550542265176,0.9569196254014968,0.5733145029516891
626.jpeg,0.89632577,11804048.331233166,2374915.3981100777,0.0359032307751476,0.9558602869510652,0.44110834505409
760.jpeg,0.8953979,11810308.478826055,1174747.475660438,0.0407428056932985,0.9582139253616332,0.6071665053152375
324.jpeg,0.8947311,11793319.19779613,2351857.0261298227,0.0437649679370224,0.9599727019667624,0.5396614061319269
858.jpeg,0.894723,11874492.290325196,1160267.2724101052,0.0501972767524421,0.9640436172485352,0.5100787687115371
48.jpeg,0.89413375,11798219.42261105,1147356.1614983098,0.0233891892712563,0.9541862830519676,0.21552540617994964
849.jpeg,0.89413357,11874904.896291628,1160025.078004248,0.0368069093674421,0.9383005350828172,0.266061915026512
35.jpeg,0.89338803,11791032.542694231,1136954.3778489237,0.0308275271672755,0.9588981121778488,0.3426269618794322
424.jpeg,0.89274627,11796599.877077056,2296492.644977198,0.0328633752651512,0.9566381722688676,0.3955563991330564
968.jpeg,0.8924484,11811547.891609516,1267731.6714246548,0.0457181017845869,0.9579194709658624,0.3491895869374275
669.jpeg,0.8913361,11797058.27520565,1147789.4821290518,0.0448728869669139,0.9442798495292664,0.1496332312106258
84.jpeg,0.8911839,11813015.316859428,1164961.705742088,0.0377819589339196,0.9599774330854416,0.16333002602267593
36.jpeg,0.8876816,11793789.728175078,1136641.0137041423,0.0436327666975557,0.9571988433599472,0.6369495508778427
902.jpeg,0.88717645,11771476.550434869,1153976.0088475945,0.038307118229568,0.9529429450631142,0.28304529822032365
921.jpeg,0.8869546,11735165.270966068,1163271.9883692036,0.0455566262826323,0.9559631943702698,0.2859447417884237
212.jpeg,0.885917,11805007.050032653,2384478.3983988147,0.0275770870503038,0.9598280042409896,0.26081211499404156
383.jpeg,0.88485897,11788512.445093874,2329882.62578762,0.2136789625510573,0.965965822339058,0.7602218881781612
887.jpeg,0.884591,11790073.29355662,2291828.132372953,0.0520847220905125,0.9658829569816588,0.6039779164296176
404.jpeg,0.88275325,11793955.134124655,2308331.752157813,0.0338992476463317,0.9589678719639778,0.4759412061290017
439.jpeg,0.8820416,11838515.087443303,2326031.5211785072,0.0426031267270445,0.9658244028687476,0.3097411331587604
816.jpeg,0.882033,11839609.579806233,1159245.432776999,0.0422789435833692,0.956971675157547,0.15797000814927742
704.jpeg,0.88079596,11837688.794823457,1149133.5924863163,0.0287743376102298,0.9639937356114388,0.512555521185277
479.jpeg,0.8762594,11733539.901815882,1166998.0728378354,0.0252236342057585,0.0948667703196406,0.0535071891790721
2.jpeg,0.874999,11693603.827179415,1194228.9003213013,0.0310402347240597,0.9648653119802476,0.5584902949963829
14.jpeg,0.87463886,11739551.053419355,1157887.3209547093,0.0368597679771482,0.9373593926429749,0.4802842237986624
686.jpeg,0.8738208,11793549.62045443,1147111.0205761527,0.0377252956386655,0.9543266519904136,0.26307669302332215
0.jpeg,0.8737586,11696660.957958722,1194928.718424968,0.0458418829366564,0.9390372708439828,0.16651692544110114
879.jpeg,0.8730445,11797514.8405636,2303192.8195377034,0.0345421840902417,0.7430782001465559,0.1453150628658477
847.jpeg,0.8723731,11873248.335384795,1168277.092019111,0.0654259664006531,0.9730553105473518,0.6977914578747004
552.jpeg,0.87144226,11801240.012081694,1153132.134769121,0.0242685114499181,0.9465704038739204,0.16179587974329476
627.jpeg,0.87102425,11789187.760700583,2336774.4552249303,0.0401903162710368,0.9578873813152312,0.4173655210890704
720.jpeg,0.86989653,11837349.478490736,1110197.025874255,0.0228732123505324,0.950891524553299,0.22147238292382093
103.jpeg,0.8691218,11821196.410936076,2425499.34615936,0.0441353451460599,0.6377816265448928,0.22420517521511232
770.jpeg,0.86805713,11817198.985243011,1171575.2570682324,0.0210071806795895,0.9534973874688148,0.18172696381225248
621.jpeg,0.8661615,11808184.498305382,2387635.4341491074,0.0402922951616346,0.962682083249092,0.5722290832283241
199.jpeg,0.86547244,11822911.134377116,2426764.6301610544,0.0441144742071628,0.9676811024546624,0.3513380384870938
524.jpeg,0.86500084,11770295.865739567,1155148.0006821873,0.0341825552750378,0.9516091123223304,0.24840374981674052
454.jpeg,0.8648137,11838555.794611784,2330600.300658479,0.0363398673944175,0.8797446638345718,0.20235172152752054
516.jpeg,0.86365813,11759022.676961428,1167044.6260355455,0.021438717842102,0.9541597738862038,0.4313739005010575
376.jpeg,0.86350113,11790222.714194736,2322755.556529947,0.0389876551926136,0.9540657922625542,0.3463575725618284
661.jpeg,0.8627632,11795475.367828978,1146956.5724918584,0.0518666254356503,0.9490718841552734,0.4455105853008313
248.jpeg,0.8624309,11802227.155208943,2378816.38950597,0.0220043857116252,0.9545218124985696,0.4343045297012265
673.jpeg,0.85993534,11797688.900222745,1146201.9740641357,0.0153269990114495,0.9524167999625206,0.26435180274711456
553.jpeg,0.8591303,11800836.65025018,1150434.5381623297,0.0289568770676851,0.2799923906568438,0.10857640538597478
104.jpeg,0.85674936,11822248.43603675,2424387.9055292606,0.045325222890824,0.9575007632374763,0.25847618581934106
435.jpeg,0.85548633,11836833.214371912,2324766.8669598214,0.0397484898567199,0.3179540927521884,0.13284333911724386
631.jpeg,0.85542464,11790563.516462862,2337393.688784766,0.0443880609236657,0.9633743762969972,0.39276626892387867
698.jpeg,0.8535971,11837801.632207256,1149116.884042519,0.0205148096429184,0.9639937356114388,0.38928295696678106
388.jpeg,0.85245943,11786906.24363956,2321565.136844457,0.035915910732001,0.9427704587578772,0.15356400812743223
818.jpeg,0.85028833,11840161.034155084,1159463.6509839466,0.0387626229785382,0.893523171544075,0.27106191712664435
645.jpeg,0.847583,11790646.388783928,2337843.9161399147,0.0368222105316817,0.9556588977575302,0.2765323970234021
216.jpeg,0.8474473,11816076.74597584,2384369.952460694,0.0377604439854621,0.9496456310153008,0.5556947305532438
717.jpeg,0.84411764,11844976.47599766,1145676.9397475545,0.0171149825910106,0.9641498997807504,0.17604919974433464
890.jpeg,0.84367514,11789847.604620373,2291677.219538508,0.1525847627781331,0.9630801379680634,0.6650458835730595
974.jpeg,0.84362644,11812286.27379064,1266594.845402673,0.0460990080609917,0.400413432624191,0.1513401487609371
38.jpeg,0.8434275,11792427.023540424,1139846.1729406011,0.0288556398591026,0.9532874673604964,0.3093273386281605
548.jpeg,0.8427495,11798832.566716276,1151160.5226573786,0.0157469565747305,0.937406376004219,0.1718596402351977
490.jpeg,0.84131354,11732208.49163558,1161279.348851165,0.0546211362816393,0.9648809731006622,0.5574324830668047
195.jpeg,0.8376849,11818711.306866908,2425433.401750705,0.046890914440155,0.956404447555542,0.24960637418553233
197.jpeg,0.8356644,11819123.334102483,2428200.225538456,0.0400088592432439,0.946122705936432,0.17902273099337304
177.jpeg,0.83492047,11796698.107861577,2426833.6565500773,0.0305779313202947,0.9577883780002594,0.32130598844378255
462.jpeg,0.8346827,11838438.669901758,2323033.6480521704,0.0273709355387836,0.9587743505835532,0.1535616257331437
522.jpeg,0.8313502,11771865.007997742,1154634.5391376112,0.0435124672949314,0.928137108683586,0.2723793070245948
243.jpeg,0.8297115,11805259.582531374,2379246.348894711,0.0332916476763784,0.9374432936310768,0.19134152110200373
237.jpeg,0.82892025,11802836.053385586,2383895.247742411,0.0441149962134659,0.9553613141179084,0.4839837066247128
939.jpeg,0.826843,11735084.048702164,1164697.3573043777,0.0456049223430454,0.0934170940890908,0.06365112640196453
337.jpeg,0.8223407,11793882.581841445,2347691.5148734213,0.0444252295419573,0.9650161042809486,0.35408667867471066
663.jpeg,0.8213057,11795670.093139704,1147382.3112694356,0.0339161397423595,0.9430020079016684,0.1826690722049938
187.jpeg,0.8208041,11826591.857267767,2426050.8711259435,0.0424202256835997,0.959960736334324,0.2531629833392799
249.jpeg,0.82029307,11803212.741932908,2376840.6835241187,0.0361137082800269,0.918555423617363,0.2181216097087599
528.jpeg,0.81930876,11773635.465136671,1153232.6378429595,0.0452011623419821,0.9571102187037468,0.18932721868623045
597.jpeg,0.81905067,11811496.821068777,1161168.5544018014,0.018225950654596,0.9487955942749976,0.16932217401659316
1.jpeg,0.8129151,11693606.257765992,1194226.1473003116,0.0310402347240597,0.9648653119802476,0.5584902949963829
600.jpeg,0.81032646,11873004.385400703,1168444.2106975734,0.0945766367949545,0.9543613418936728,0.6579140397370793
410.jpeg,0.809296,11789867.302707065,2307802.35021308,0.0365808380302041,0.9611140787601472,0.43328462829231285
264.jpeg,0.80839944,11797698.926612632,2380157.381641229,0.0314127658493816,0.9578706845641136,0.24919089275811399
646.jpeg,0.80465,11790682.393483782,2337059.46207244,0.0443880609236657,0.9604390934109688,0.4187334772432223
888.jpeg,0.8042582,11791826.10054964,2292486.9810415725,0.0439882036298513,0.9587171822786332,0.49854517807917936
354.jpeg,0.80403936,11792955.200863142,2335825.4458731515,0.0387409231625497,0.9511285796761512,0.37533433914982844
441.jpeg,0.8028841,11838946.024110183,2325941.7840308063,0.0435549188405275,0.957814447581768,0.1624074610881507
934.jpeg,0.79747885,11742694.068117429,1155879.8872347046,0.042616696562618,0.9647426679730416,0.19208021278286141
633.jpeg,0.7969505,11790618.625702957,2337849.218258889,0.0368222105316817,0.9556588977575302,0.2766114785335958
859.jpeg,0.79559433,11841955.180673271,2329056.281391333,0.0400122669525444,0.9658156111836432,0.49356575653655455
748.jpeg,0.7954115,11836886.345990391,1110973.6162619672,0.0409926082938909,0.9294464960694312,0.20279524259967724
52.jpeg,0.7894901,11838429.46900708,1148825.348248855,0.0280440980568528,0.953381210565567,0.3834457930061035
650.jpeg,0.7877162,11790860.19552126,1146568.976636122,0.0164404502138495,0.7466468438506126,0.1582777692367219
287.jpeg,0.7857071,11805563.566515686,2350034.648603688,0.0365685694850981,0.6354603506624699,0.14254524279385802
993.jpeg,0.7851277,11795388.914661288,2427619.0876922086,0.0447565210051834,0.9522202089428902,0.5961918578250334
172.jpeg,0.7786464,11794439.97175877,2424291.462906076,0.0392000693827867,0.9538939744234084,0.5374015218371319
153.jpeg,0.77671534,11794974.499195866,2425841.928720858,0.0424207369796931,0.9539048224687576,0.35964922360809787
186.jpeg,0.77369225,11826468.36015245,2426096.7323668534,0.0427223723381757,0.959960736334324,0.3492710799910128
775.jpeg,0.7640998,11819914.356894026,1163306.1273590352,0.0202242449158802,0.9602587968111038,0.3346736336049313
198.jpeg,0.76248217,11821850.232253088,2426794.2375704986,0.0430326675996184,0.8877104967832565,0.2478634371072985
477.jpeg,0.76184887,11699544.257653993,1190449.1348180822,0.0551868006587028,0.9653752967715264,0.3096857365841667
764.jpeg,0.7557998,11812724.01339374,1170087.17368608,0.0322908472735434,0.8776000663638115,0.30573699236265384
762.jpeg,0.7522374,11810311.199562935,1174747.3156173103,0.0407428056932985,0.9582139253616332,0.6071665053152375
943.jpeg,0.7501259,11757662.864856113,1171521.022026732,0.0150502114556729,0.9400590807199478,0.19299734680680555
240.jpeg,0.74887663,11806052.764002014,2382087.823612408,0.0404476900584995,0.9642113745212556,0.284299133811146
641.jpeg,0.74767876,11792194.155852702,2336765.657572993,0.0421683182939887,0.9532242342829704,0.28177965904719066
962.jpeg,0.7471791,11809261.05847996,1270180.3254780138,0.0323144232388585,0.9518102332949638,0.15829199436120686
409.jpeg,0.743554,11796978.051678777,2307584.1222629887,0.0296483270358294,0.959720715880394,0.14347911556251347
227.jpeg,0.7308802,11812000.22743876,2382195.35846467,0.0291851359652355,0.9600025415420532,0.1546118185651721
120.jpeg,0.7305489,11787145.55561614,2294995.363161852,0.0378549541346728,0.9223218634724616,0.31183925166260446
488.jpeg,0.72184026,11734744.898505034,1161180.0035315803,0.0322745011653751,0.9484650790691376,0.15238899822967744
489.jpeg,0.7204442,11734746.315090748,1161177.500767662,0.0322745011653751,0.9484650790691376,0.1617232564312871
433.jpeg,0.7199895,11836285.202377072,2324467.8846267355,0.0369474866893142,0.9686244055628777,0.4021481512713113
747.jpeg,0.7141225,11837706.377100969,1112002.5982716605,0.0403520879335701,0.9497368708252908,0.4637839586680962
178.jpeg,0.708421,11795636.512060251,2427032.9962692102,0.0413933875970542,0.9622226431965828,0.34035203027139815
668.jpeg,0.7019999,11797053.132070305,1147795.1948154103,0.0448728869669139,0.9442798495292664,0.1496332312106258
971.jpeg,0.70141184,11811902.333914155,1266334.0036325736,0.0434772907756269,0.9564013555645944,0.20538650976959616
860.jpeg,0.69795966,11836954.30609591,2325821.8052716195,0.039499816019088,0.9676252603530884,0.31617559370351955
137.jpeg,0.69431216,11796794.710534552,2440522.3931411817,0.0385369984433054,0.9507385268807412,0.37668447499163443
533.jpeg,0.69046247,11784181.492024602,1126405.8459836878,0.0561874695122242,0.8816394358873367,0.318362698511919
66.jpeg,0.6903607,11834210.637607783,1161557.124769137,0.0274135740473866,0.8550862744450569,0.2750120070164225
87.jpeg,0.68815196,11814355.735715011,1164984.2717781083,0.0398847544565796,0.9600740075111388,0.2863967836892698
691.jpeg,0.67967737,11841052.2044914,1142631.3332501785,0.0268607831094414,0.7611065581440926,0.19521582845482044
434.jpeg,0.67791194,11836809.93580757,2324928.149612097,0.0397484898567199,0.3014645811636001,0.09430799423716958
318.jpeg,0.6747246,11798928.946534788,2352031.868128506,0.0327106197364628,0.9651028886437416,0.6014576046727598
822.jpeg,0.6733228,11841022.234831655,1158835.0154463244,0.0408430220559239,0.9514457285404204,0.2429658775217831
933.jpeg,0.6690394,11742691.436522532,1155881.919154005,0.042616696562618,0.9647426679730416,0.19208021278286141
241.jpeg,0.6669533,11806044.1020094,2382020.231398024,0.0404476900584995,0.9642113745212556,0.24246414045670203
213.jpeg,0.6663316,11809966.090803403,2385567.5547255534,0.0379189709201455,0.9598894715309144,0.17142063629580656
632.jpeg,0.66320086,11790681.72707635,2337056.8433170426,0.0443880609236657,0.9604390934109688,0.4187334772432223
582.jpeg,0.65835625,11839514.279561205,1159271.2176308583,0.0422789435833692,0.956971675157547,0.1685589245106611
343.jpeg,0.65825135,11792243.153979553,2342315.429911821,0.0294018751010298,0.9497980773448944,0.34406021856037633
828.jpeg,0.6560668,11840895.899041526,1162593.374841928,0.034047877183184,0.9563425406813622,0.5337428028287832
285.jpeg,0.65599954,11805993.311378617,2351981.724498863,0.0458349045366048,0.9621217921376228,0.7027820561197586
689.jpeg,0.65585834,11837691.275383364,1149133.37393891,0.0205148096429184,0.9639937356114388,0.45788433101390386
275.jpeg,0.65289825,11808787.171261778,2353857.2127260906,0.0440281871706247,0.941741205751896,0.4474898491753265
896.jpeg,0.6464252,11791076.60875144,2291282.663105165,0.0429233536124229,0.9690119177103044,0.48645848082378507
906.jpeg,0.6456459,11772946.954377389,1152172.1422034567,0.0244698409223929,0.961289055645466,0.2874268304375518
189.jpeg,0.6450118,11819480.413208788,2422272.484257005,0.0340057164430618,0.953564889729023,0.2695341146318242
329.jpeg,0.6385456,11791126.72927088,2346953.8008115487,0.036508709192276,0.9567549154162408,0.27764386714746553
894.jpeg,0.6354908,11791014.640055472,2291245.728975431,0.0429233536124229,0.9644771069288254,0.3372689244071288
102.jpeg,0.63488305,11837321.605585638,2326074.9938525776,0.0435345424339175,0.9598671793937684,0.1899469605996273
848.jpeg,0.6299157,11873981.542227222,1159073.321870553,0.0398251130245626,0.960802175104618,0.27096465002978215
538.jpeg,0.6278366,11787355.581996389,1120448.8393511982,0.0251493493560701,0.3483366696164012,0.08054502771442956
377.jpeg,0.6269156,11789868.4418567,2319425.100786501,0.0379503807052969,0.9227416813373566,0.27513457860590684
391.jpeg,0.62586176,11791365.69117429,2325808.6646018378,0.0390322147868573,0.9569214582443236,0.2910463461885228
371.jpeg,0.61926454,11793388.090746762,2323495.085999265,0.0435440773144364,0.9600307494401932,0.6376210589272281
865.jpeg,0.61461854,11796164.829406098,2302675.955672513,0.0348317881580442,0.9526592046022416,0.1617807197326328
565.jpeg,0.6049598,11802491.154860822,1136152.5154764005,0.0515036256983876,0.9550366923213004,0.41786113376211786
670.jpeg,0.6029302,11797069.585296536,1147394.0380330223,0.0438352292403578,0.0737007725983858,0.05498787655960763
699.jpeg,0.60225713,11840369.490854828,1146790.1516237317,0.0291843921877443,0.9380227103829384,0.35243642213754356
570.jpeg,0.59649235,11801149.349935737,1140713.2508868244,0.0460521541535854,0.928393118083477,0.27071969971681636
353.jpeg,0.59528494,11796028.990603106,2338777.5639283964,0.0371634634211659,0.9654358327388765,0.5371792162768543
771.jpeg,0.5908545,11817199.305325108,1171634.1530192737,0.0210071806795895,0.9534973874688148,0.1804993835103232
302.jpeg,0.5904447,11810565.094898265,2348045.4661156493,0.0386498332954943,0.9531809315085412,0.24680068570056132
406.jpeg,0.5802848,11794207.081817884,2308268.905556599,0.0384739614091813,0.9604843109846116,0.46214099008856074
541.jpeg,0.57867205,11796643.168046232,1139527.934368928,0.0285454131662845,0.917768344283104,0.47034120361786336
647.jpeg,0.572952,11788334.69898906,1148811.428957372,0.0183589576045051,0.3239124878309667,0.12285398694803004
809.jpeg,0.5644413,11839004.093471592,1162273.1550205862,0.0388740396592766,0.9595207273960114,0.2944639162742533
403.jpeg,0.5607632,11793289.642967,2309822.144726488,0.0355633255094289,0.955320045351982,0.3715337726462167
22.jpeg,0.5528366,11772764.006579584,1151617.7645608366,0.0554546592757105,0.9303435161709784,0.5120694765646476
908.jpeg,0.5496607,11773375.14309239,1152318.1335257734,0.0424014595337212,0.0949770091101527,0.05698511484079061
535.jpeg,0.54453975,11780040.110141857,1125923.8732906885,0.0373735260218381,0.8770314082503319,0.18086974153993648
820.jpeg,0.54360396,11840695.7099897,1159475.6148487262,0.0414283466525375,0.955153301358223,0.17772122274618593
284.jpeg,0.5426263,11805880.324952288,2351987.3406005744,0.0402632802724838,0.9621217921376228,0.6358690696069971
595.jpeg,0.54023683,11812265.425955417,1164697.340917854,0.0323046490084379,0.9559857174754144,0.5209530613501556
208.jpeg,0.53754735,11821045.383245343,2424407.393167987,0.036392870824784,0.95414100587368,0.25998064066516235
356.jpeg,0.5348229,11796398.40560094,2334736.8219441846,0.0539050963707268,0.9678305089473724,0.5258075632820172
660.jpeg,0.5266845,11795688.185538938,1147021.5969010862,0.0354539658874273,0.9490718841552734,0.47349854522488183
630.jpeg,0.5201224,11790682.408133252,2337062.0845122,0.0443880609236657,0.9604390934109688,0.4187334772432223
550.jpeg,0.5193276,11799569.810975011,1150593.8714556096,0.0233665355481207,0.9618533626198768,0.3062535634089727
171.jpeg,0.5191388,11796450.73533467,2422588.783591836,0.0366099551320076,0.6538942530751228,0.21762221805485232
709.jpeg,0.51096165,11843752.517968524,1142867.084087719,0.0200280852150172,0.947268344461918,0.4016492113150889
667.jpeg,0.5023024,11796690.898668028,1147374.207086922,0.0312673693988472,0.8147866744548082,0.20325931764091362
590.jpeg,0.49218953,11836161.667195352,1163645.4542562813,0.0233050944516435,0.9241604581475258,0.28207021842536045
359.jpeg,0.49121886,11796381.847186493,2338154.2692403826,0.0267318589612841,0.969935342669487,0.2811920180101879
210.jpeg,0.48801148,11804728.234226856,2384875.2828029376,0.0432335161603987,0.9565313160419464,0.23753253809575522
695.jpeg,0.48445287,11842116.180566752,1145229.2764207995,0.0364950457587838,0.2811067141592502,0.07670598669210446
61.jpeg,0.47554368,11840884.79648772,1162595.157056098,0.034047877183184,0.9563425406813622,0.5665794202488743
326.jpeg,0.47000557,11788964.574901711,2350104.9199331463,0.0366977620869874,0.9719721525907516,0.7088402930114951
268.jpeg,0.46955976,11803190.9134015,2356407.262967811,0.0294105515349656,0.9475989863276482,0.19444898160041443
614.jpeg,0.46901417,11815707.93756987,1268242.937137168,0.0253823734819889,0.4439961183816194,0.11100710515165697
928.jpeg,0.45282656,11738535.469081333,1161078.3251425568,0.0369430833961814,0.5836131852120161,0.21919175065704619
806.jpeg,0.45140308,11837060.118339648,1162390.2641432143,0.0372839076444506,0.9528705850243568,0.2696400796994567
947.jpeg,0.4508755,11760404.26609411,1173165.4513410795,0.0333218451123684,0.9532783776521684,0.41646727528940475
922.jpeg,0.44885516,11834659.259375568,1157399.2609463749,0.0439600008539855,0.3522454719059169,0.1639969503906156
989.jpeg,0.44857135,11809477.571721358,1267127.1529388044,0.0396985341794788,0.9622978270053864,0.3918027883337345
930.jpeg,0.44851094,11741332.59986586,1157007.677894011,0.0336248683743178,0.9582639634609222,0.22642774096069238
311.jpeg,0.44382972,11798748.56932406,2349011.860635066,0.0497884601354599,0.967984065413475,0.50016899878392
714.jpeg,0.43571365,11839649.070834244,1144833.4744982729,0.0377033189870417,0.0608875956386327,0.04667510632942943
444.jpeg,0.4259456,11838310.2711843,2324345.4634785745,0.0378241427242755,0.9608710706233978,0.25641270383493975
866.jpeg,0.42394975,11799888.773915907,2299943.660591542,0.0295972146559506,0.9591900259256364,0.2736457092687487
196.jpeg,0.41149545,11819784.616724938,2427965.4284087503,0.0675440160557627,0.9711131528019904,0.5230023885544922
236.jpeg,0.40189257,11802696.538377767,2383815.333572627,0.0402832217514514,0.9553613141179084,0.4454770939690726
700.jpeg,0.39918762,11844780.582972726,1147298.9825524748,0.0214485151227563,0.9566393569111824,0.2666413151746383
735.jpeg,0.39841822,11837503.989344325,1111383.6405298382,0.0497721023857593,0.9662657603621484,0.31117881555110216
779.jpeg,0.3933202,11820942.079253327,1168232.2719751813,0.0554372706683352,0.9601251780986786,0.6435249749483773
683.jpeg,0.3918528,11800223.415225515,1141914.596287704,0.0306064159376546,0.9286408498883248,0.32717424356087577
664.jpeg,0.38931406,11796239.433105525,1143523.5677743617,0.0215954352170228,0.9326696693897248,0.23172116314526645
584.jpeg,0.38493344,11836286.879809633,1158242.492901775,0.0305109119508415,0.9586783200502396,0.22635411788360213
182.jpeg,0.3790191,11801428.496352054,2432531.8032269483,0.0368791809305548,0.964885801076889,0.5489474830683321
655.jpeg,0.37768438,11794430.286436366,1136931.9438575064,0.0721703930757939,0.9535049796104432,0.6308154141944315
972.jpeg,0.37663275,11811894.651826032,1273285.0266564065,0.031738685676828,0.5714401043951511,0.1807017754504664
482.jpeg,0.37469882,11736663.430787615,1162223.894911386,0.0353000906761735,0.4507660772651434,0.19676022730871204
453.jpeg,0.372792,11838646.867593369,2330439.34210313,0.0381031529977917,0.8797446638345718,0.18160914523260935
276.jpeg,0.37199444,11805248.454424994,2353194.6188189434,0.0430141235701739,0.9569733962416648,0.3145299452090902
105.jpeg,0.37050477,11823273.838750258,2425056.8150717244,0.0429162420332431,0.5230025798082352,0.1315288680738636
288.jpeg,0.35789555,11805560.950991029,2350033.915280789,0.0365685694850981,0.6354603506624699,0.14254524279385802
969.jpeg,0.35401982,11811729.487095537,1266344.0863635724,0.0434772907756269,0.9564013555645944,0.20867021562298757
169.jpeg,0.33852074,11797333.528641328,2422852.254549093,0.0383987142704427,0.9637787565588952,0.19875276391394434
254.jpeg,0.32939824,11802689.001193134,2375786.131883132,0.0391116058453917,0.9563552141189576,0.3753548428649083
491.jpeg,0.32848182,11731047.909845876,1161876.753169214,0.0263562540058046,0.9509974792599678,0.16042479037423615
253.jpeg,0.32773402,11802686.398661748,2375788.0270916936,0.0391116058453917,0.9563552141189576,0.3753548428649083
688.jpeg,0.32488102,11838918.883483157,1148665.0988657852,0.0294325272552669,0.9521023035049438,0.3427021492583056
194.jpeg,0.3177296,11818649.881039938,2425458.534929221,0.046890914440155,0.956404447555542,0.24960637418553233
323.jpeg,0.31714043,11793355.678903624,2351844.0558568058,0.0437649679370224,0.9599727019667624,0.5648654205724597
85.jpeg,0.3138849,11816779.11202715,1165184.9663275853,0.0187640176154673,0.9545729905366898,0.19058774427200356
946.jpeg,0.31005403,11759594.746526228,1170838.01006734,0.0407612104900181,0.9231067225337029,0.2901727110438514
545.jpeg,0.30548748,11792779.985841954,1148287.7277143276,0.0236691739410161,0.9452037289738656,0.23182940508963334
540.jpeg,0.29847014,11784493.013527129,1123847.849648449,0.0305512528866529,0.9525511115789412,0.34620856033870945
143.jpeg,0.29287595,11791349.786876066,2435526.1154871504,0.0342690977267921,0.7094786670058966,0.18277572671649972
624.jpeg,0.28621924,11798259.989338009,2378676.030824756,0.0387336499989032,0.9607577174901962,0.5030139335431159
160.jpeg,0.27915934,11789671.371629337,2430823.0453098505,0.0371606517583131,0.9526569917798042,0.29286712581025703
998.jpeg,0.27397627,11800123.29207685,2425641.626064901,0.0393861723132431,0.9559721723198892,0.39708278847060036
873.jpeg,0.2724645,11796767.524730347,2302591.317240788,0.0404756306670606,0.947855830192566,0.28711199700566276
384.jpeg,0.27187985,11788178.58718227,2329945.366009931,0.0334961507469415,0.8445434644818306,0.329249867121689
658.jpeg,0.26950485,11794885.77112196,1144861.361839839,0.0290711561683565,0.9596689715981483,0.41806975338009317
566.jpeg,0.268425,11802490.638785329,1136157.604108806,0.0515036256983876,0.9550366923213004,0.41786113376211786
739.jpeg,0.26687348,11834624.61421551,1109275.1248191677,0.0383445871993899,0.9210468903183936,0.3168879114608798
141.jpeg,0.26676908,11793964.839715617,2436340.579868618,0.035390229197219,0.9602972120046616,0.37899809252121486
990.jpeg,0.26546425,11809992.60247774,1268525.4184260345,0.0404208227992057,0.9660205096006392,0.4102243491797708
295.jpeg,0.25865436,11806593.670625675,2349093.664356448,0.0361800985410809,0.9575853571295738,0.2411491392801205
298.jpeg,0.25656563,11808730.653662652,2346914.451065569,0.0368812275119125,0.9694314077496528,0.33404415040942176
926.jpeg,0.25593174,11737545.449137462,1161728.510692494,0.0314385772217065,0.595028636045754,0.11403191988938485
283.jpeg,0.25455478,11806572.587117892,2351807.582318417,0.046663028653711,0.9554797485470772,0.39051792823011056
452.jpeg,0.2544143,11839575.169407437,2329119.320425576,0.0378027008846402,0.9571163654327391,0.166495852114167
19.jpeg,0.25224426,11760047.239594596,1173576.6322770456,0.0378544426057487,0.95354712754488,0.21406415865931192
378.jpeg,0.2503347,11791159.637656102,2318329.037234789,0.0388826983980834,0.948671706020832,0.3134994575650328
620.jpeg,0.24517854,11794713.217243616,2342068.483973596,0.1475798543542623,0.9622151032090188,0.7975289238882917
537.jpeg,0.24505194,11785780.560279535,1118079.5022650652,0.0293405638076365,0.9539720565080644,0.22987066724130673
418.jpeg,0.24065523,11795367.27186376,2300862.591859988,0.0396228586323559,0.9539300873875618,0.22807053250393697
10.jpeg,0.23737065,11738343.022305757,1160081.5875469258,0.0181711844634264,0.9604391902685164,0.3169648750044871
124.jpeg,0.23593904,11798308.857540311,2434376.668616176,0.0573108126409351,0.9597888067364692,0.5841133666357824
224.jpeg,0.23534197,11810763.144188706,2379092.4990483737,0.0306090477388352,0.9609451442956924,0.25396531698061153
509.jpeg,0.23516549,11757063.432029372,1174113.956044036,0.0238539931597188,0.9609019607305528,0.26143797796976287
313.jpeg,0.23492625,11798403.103828195,2351248.271958471,0.042530030477792,0.9610232040286064,0.2783367072697729
495.jpeg,0.22970751,11755693.864365697,1166894.751551333,0.0133727570064365,0.9417177513241768,0.20998484237740433
520.jpeg,0.22423273,11769183.783575166,1159956.6559914895,0.020964793046005,0.9609416872262956,0.4256645853020018
327.jpeg,0.22092173,11788965.540476946,2350110.9175420823,0.0366977620869874,0.9719721525907516,0.7088402930114951
772.jpeg,0.21948412,11818510.796413396,1162496.4780438258,0.0270597038324922,0.948745772242546,0.2593238981078482
112.jpeg,0.21202451,11791705.091278013,2336261.0138118463,0.039563494734466,0.9544305428862572,0.4294219243207148
98.jpeg,0.2095058,11812757.351341149,1278048.07651155,0.0478018438443541,0.8543223887681961,0.2232298109059532
693.jpeg,0.20864329,11841277.56375534,1145477.516106289,0.0406959000974893,0.9410197362303734,0.23371122880942286
959.jpeg,0.20314613,11701413.251875794,1198098.7586220163,0.0323100853711366,0.6603682562708855,0.19801773258950559
209.jpeg,0.19607078,11804657.166746223,2385240.55329966,0.0352375078946352,0.9574158787727356,0.2491980980682586
953.jpeg,0.19527131,11761399.103592282,1169241.138515732,0.0339097618125379,0.9660155922174454,0.45450717645386857
938.jpeg,0.19029307,11736855.660549227,1161646.2556097747,0.0397815620526671,0.2261742097325623,0.09947289025876668
514.jpeg,0.18820284,11758995.635803573,1168844.8067805043,0.02875253604725,0.952718250453472,0.266658199892845
273.jpeg,0.18353759,11806697.055474916,2354557.4379876866,0.0428035566583275,0.953762374818325,0.3194757262910051
173.jpeg,0.1816536,11794398.216258012,2424347.897504076,0.0452828058041632,0.9538939744234084,0.599676703393925
342.jpeg,0.18158525,11796558.746575864,2340012.3470921223,0.0388831840828061,0.9564570784568788,0.4840533639071509
843.jpeg,0.17870913,11869829.637097117,1167969.6876733224,0.0993097103200852,0.9606715440750122,0.7009692223276943
108.jpeg,0.17592065,11800375.6758179,2381555.12751012,0.057333702687174,0.9511613324284554,0.5868915164444063
729.jpeg,0.17421609,11834525.617771637,1109262.003157874,0.0416325181722641,0.9210468903183936,0.4125498440116644
653.jpeg,0.17292479,11792039.28145553,1149039.5342429269,0.0353899768088012,0.5246538333594799,0.09814408395646343
985.jpeg,0.17227769,11809998.698281877,1268523.5567121836,0.0404208227992057,0.9660205096006392,0.4102243491797708
501.jpeg,0.16905227,11753723.195310926,1174100.6250663565,0.0252813308034092,0.9555390030145644,0.22645652483333828
447.jpeg,0.16729662,11836270.802450122,2327480.994134975,0.038723477628082,0.9622607082128524,0.302276749513112
321.jpeg,0.16441657,11791074.82878952,2349226.9127417905,0.0493263280950486,0.958224855363369,0.3498358986606555
346.jpeg,0.16207597,11789950.020004062,2341161.981377072,0.0332153781782835,0.963534578680992,0.3639587681973353
245.jpeg,0.1616555,11803991.713037057,2378351.6642816057,0.035410301759839,0.9601626992225648,0.15345958806574342
416.jpeg,0.16020195,11795735.73552014,2305206.595283652,0.036315819248557,0.8442527204751968,0.26680431542141986
991.jpeg,0.1580984,11809909.69172086,1268125.9370562837,0.0369223714806139,0.2632989389821887,0.08283848631092239
649.jpeg,0.15704197,11789602.140397012,1149225.407025754,0.0391868506558239,0.9404706731438636,0.28771332686301315
914.jpeg,0.15519997,11773369.701312875,1152322.032412377,0.0424014595337212,0.0949770091101527,0.05747385297177564
996.jpeg,0.15373228,11800145.154170392,2425527.378995014,0.0393861723132431,0.9559721723198892,0.34593689703615377
819.jpeg,0.15303162,11840365.683581345,1159607.0223271782,0.0304336310364305,0.893523171544075,0.3338899403461255
130.jpeg,0.15213002,11797028.23995584,2437931.3463194026,0.0337112485431134,0.9555829614400864,0.18698994190032994
355.jpeg,0.15042101,11796415.468897875,2334786.577943236,0.0635234788060188,0.9678305089473724,0.6533149683049747
950.jpeg,0.15033852,11760109.421051744,1170708.3393012069,0.0163074736483395,0.9606638848781586,0.1407330923506783
826.jpeg,0.1452281,11833901.863953795,1162336.767125321,0.0437372287269681,0.9556060880422592,0.5114488305601602
119.jpeg,0.14262792,11788360.428129142,2290259.5209548543,0.0346439508721232,0.9623373225331306,0.40614019041984445
619.jpeg,0.14205831,11798258.402556594,2349545.319994258,0.0432550378609448,0.853632777929306,0.22858777472616307
372.jpeg,0.13874914,11792663.020749224,2323244.873498276,0.0417722719721496,0.947034627199173,0.4363748359360865
464.jpeg,0.13846672,11699164.511074226,1196055.0243307769,0.0322461398318409,0.9637759104371072,0.23308325082891518
151.jpeg,0.1368614,11794521.654186204,2429140.580285327,0.0377229047007858,0.6987522393465042,0.31590528154213515
174.jpeg,0.1346345,11796987.749187708,2424410.593192521,0.0949988272041082,0.9294139221310616,0.36721504339948297
261.jpeg,0.13283391,11800310.46589275,2378095.61951186,0.0228279705625027,0.9530702158808708,0.32776296813972294
682.jpeg,0.13060974,11799630.376917308,1148074.9133456291,0.0409120144322514,0.9503427296876908,0.4619699118404903
731.jpeg,0.12981144,11838158.134155223,1108058.517531369,0.0412454134784638,0.9582166895270348,0.4573502379417833
830.jpeg,0.12887785,11835137.931355828,1157719.704715595,0.0417160913348197,0.9306475520133972,0.25178506365045905
758.jpeg,0.12681384,11837685.591381278,1111453.5984108222,0.0405459217727184,0.9662657603621484,0.19214749493403357
880.jpeg,0.12618007,11797009.208382284,2300166.7044719546,0.0389561424963176,0.961424633860588,0.560224259671356
370.jpeg,0.12590505,11795674.316691536,2324518.039184935,0.0465788389556109,0.9588812440633774,0.34966561145847663
211.jpeg,0.12501511,11804682.7225053,2384829.722289002,0.0275770870503038,0.9565313160419464,0.21128810671507375
774.jpeg,0.12229985,11817720.795137266,1162209.540793015,0.0282853103708475,0.942497469484806,0.19926159875467417
252.jpeg,0.12215523,11803552.244378902,2377346.94930658,0.0387101620435714,0.9549840837717056,0.42533082398585975
904.jpeg,0.11890484,11772717.859446203,1151712.9742247986,0.0405179802328348,0.9303435161709784,0.40745007814257406
41.jpeg,0.11789423,11797918.954264708,1139288.191562238,0.0225806672824546,0.9577405005693436,0.4062879400589736
294.jpeg,0.1177499,11806019.46674114,2349823.4554666844,0.0417132843285799,0.9562298357486724,0.19868292659521095
315.jpeg,0.11685138,11800942.544894388,2347632.6719975043,0.0436408189125359,0.9627844914793968,0.4451328306167852
139.jpeg,0.11664916,11795164.23115387,2439041.2741327533,0.0375283658504486,0.9489210098981856,0.2642074242633368
422.jpeg,0.11636981,11794597.964901391,2299553.1348990262,0.0252658019308,0.94150460511446,0.2294518988346681
871.jpeg,0.11560372,11796724.410379594,2304393.026919251,0.0301406395155936,0.4927138183265924,0.09920377695622538
907.jpeg,0.11330975,11772950.097184652,1152174.2402880222,0.0244698409223929,0.961289055645466,0.2874268304375518
827.jpeg,0.11213759,11840965.431032632,1158360.255980536,0.0417417949065566,0.409481099806726,0.13253196451114488
979.jpeg,0.11208863,11814073.321965383,1267500.0794867957,0.0520675797015428,0.3178285807371139,0.14742465107701716
262.jpeg,0.11201247,11798284.885040948,2378529.272462688,0.0387336499989032,0.9607577174901962,0.6516839153482579
697.jpeg,0.111967646,11842882.94938182,1145650.048854557,0.0285268553998321,0.888847254216671,0.1652569578727707
502.jpeg,0.11147093,11753724.621563569,1174103.8389222145,0.0252813308034092,0.9555390030145644,0.22645652483333828
401.jpeg,0.11084309,11793412.149655089,2328597.3297192976,0.0410555233247578,0.9665568172931672,0.5239664452549603
955.jpeg,0.10680062,11696726.709581438,1194766.4458579822,0.0290267586242407,0.9390372708439828,0.16805896682975188
242.jpeg,0.106175095,11805543.490293715,2380249.703333335,0.0283186815213412,0.8037256561219692,0.23111527077188448
895.jpeg,0.105980396,11791118.9177317,2291455.6372615783,0.0417982367798686,0.9690119177103044,0.46599401091225445
438.jpeg,0.10563807,11837072.061158072,2325921.626426565,0.039499816019088,0.9676252603530884,0.2753601699951105
17.jpeg,0.10523505,11757799.514960788,1171786.5148747766,0.0391827370040118,0.9051269963383676,0.3237764512240473
42.jpeg,0.10521784,11794952.512201548,1145054.317396148,0.04158790782094,0.9596689715981483,0.4387994404948716
980.jpeg,0.1040662,11814270.87767615,1276731.3036840842,0.0674291620962321,0.9691816791892052,0.7276585981146328
128.jpeg,0.103762284,11796728.427200245,2435008.066094395,0.0453355624340474,0.6924754716455936,0.22040152696094342
964.jpeg,0.1024163,11809423.35912934,1267027.1388512058,0.0296341681387275,0.9622978270053864,0.3440723986261421
364.jpeg,0.102136165,11796022.90646854,2332604.0132716163,0.0373586937785148,0.9563595503568648,0.25144375080708414
18.jpeg,0.102028966,11760282.150649764,1173350.1691040697,0.0277761418838053,0.9532783776521684,0.30408167181303725
190.jpeg,0.100805126,11818083.441941028,2424340.3222327386,0.0429705753922462,0.9623660296201706,0.4901417627115734
829.jpeg,0.100101925,11840400.310589682,1159450.811779934,0.0402416423894465,0.955153301358223,0.44835276979332167
851.jpeg,0.09964657,11875196.27948542,1164413.4653857525,0.0878456393256783,0.9709916561841964,0.7031328455777839
179.jpeg,0.09802435,11799747.77433229,2427976.5879853764,0.0406053168699145,0.9628614038228988,0.38865912350593135
63.jpeg,0.09737366,11839966.208652567,1159669.3703414276,0.0357176805846393,0.0636350172571837,0.045627079962287036
135.jpeg,0.09725989,11796403.622018244,2441928.3634932493,0.038271312136203,0.954645499587059,0.2944725230918266
711.jpeg,0.09682166,11841054.21105509,1142629.1396517404,0.0268607831094414,0.7611065581440926,0.19521582845482044
129.jpeg,0.09630106,11797020.15151153,2437868.6005497635,0.0337112485431134,0.9555829614400864,0.18720925812210357
733.jpeg,0.0957272,11837683.114179509,1111454.0243249456,0.0405459217727184,0.9662657603621484,0.19214749493403357
530.jpeg,0.095225,11770289.150119148,1150328.4981620973,0.0434796446934342,0.0553108742460608,0.04957175337606002
471.jpeg,0.0941636,11702633.278970247,1197522.946657973,0.0292022899957373,0.964101068675518,0.5397079418034991
744.jpeg,0.09386754,11834561.826499607,1109277.2453122446,0.0416325181722641,0.9210468903183936,0.39643591376287596
937.jpeg,0.092571475,11737357.478661904,1162558.7950862828,0.0453942366875708,0.956649661064148,0.27757967048091814
932.jpeg,0.09249307,11742444.488412386,1156148.106956263,0.042616696562618,0.9671020656824112,0.3072350723668933
221.jpeg,0.08968618,11812157.692522513,2380807.320683699,0.0417119739577174,0.9588127732276917,0.38157447992125526
574.jpeg,0.0896753,11836090.508077666,1113136.3718553807,0.0347094740718603,0.7295873947441578,0.26002474554115906
549.jpeg,0.08844799,11798992.03326968,1151441.5367902762,0.0150409707566723,0.9447596818208694,0.17133928471594112
723.jpeg,0.08832049,11836915.852523783,1116720.5229240304,0.0327602114994078,0.7577101513743401,0.1914887182647362
949.jpeg,0.087757416,11760079.856184104,1169928.1285115655,0.0240910772699862,0.9588650688529016,0.29427227812508744
246.jpeg,0.08762051,11803594.99218963,2378059.269134444,0.0328138885088264,0.9618943184614182,0.15634197876271272
414.jpeg,0.087589726,11794568.023590418,2307193.056225007,0.0319372757803648,0.958511583507061,0.28076179360505193
732.jpeg,0.085989,11834476.90340407,1110207.137899251,0.2145100934430956,0.8597621843218803,0.6178185160970315
274.jpeg,0.08533591,11808713.242115742,2353790.9135737624,0.0449386038817465,0.941741205751896,0.25892756087705493
671.jpeg,0.08471356,11797235.04343802,1147494.896739807,0.042808701749891,0.0737007725983858,0.05244274696128231
33.jpeg,0.084472604,11788518.614071343,1137936.3022436758,0.0352189664263278,0.941856913268566,0.2613633126893546
480.jpeg,0.08355995,11734764.276114486,1163939.6525536173,0.033384455833584,0.205032046418637,0.08755915935034858
852.jpeg,0.083339624,11875257.964993048,1159792.9204841843,0.0392835815437138,0.9049173966050148,0.15039896064748362
659.jpeg,0.082743116,11794923.989290597,1145574.2042651307,0.0439853761345148,0.957121230661869,0.3068351108314736
931.jpeg,0.08272222,11742400.150599018,1156293.9499097408,0.0435410989448428,0.9671020656824112,0.22481130406958982
440.jpeg,0.07944624,11838565.54979854,2325962.542168103,0.0420816442929208,0.9658244028687476,0.2771726598148234
290.jpeg,0.07919782,11805732.035766251,2349727.4122996163,0.0429154243320226,0.9610506668686868,0.5485074836760759
352.jpeg,0.079156,11790888.375545038,2336514.1520913565,0.0534849427640438,0.8368173465132713,0.24963738543114491
913.jpeg,0.07884638,11774154.361720731,1151432.045239783,0.0470508080907166,0.9216159135103226,0.1827520661366482
715.jpeg,0.07736684,11840448.820294248,1146773.1635178423,0.0291843921877443,0.9380227103829384,0.3519231880200095
222.jpeg,0.07656842,11812049.743213767,2380892.062946764,0.0366867494303733,0.9588127732276917,0.48635033681057394
485.jpeg,0.076520726,11735645.724046389,1162748.695033654,0.039517740253359,0.9739521965384484,0.4120407201698981
201.jpeg,0.07565396,11823974.08559646,2425341.781443603,0.0373668414540588,0.9601069539785384,0.17902504169614977
749.jpeg,0.07558804,11838481.135452926,1114223.5693206738,0.0405534664168953,0.9547393098473548,0.7308368895901367
111.jpeg,0.07531265,11792252.373098323,2336802.6938525955,0.0421683182939887,0.9532242342829704,0.2851998730163489
726.jpeg,0.0752073,11833316.259586675,1109303.747305107,0.0341525748372077,0.3374504679813981,0.13984429556876418
46.jpeg,0.07416681,11796704.243946848,1147287.5967328034,0.0312673693988472,0.8147866744548082,0.1850963841554605
136.jpeg,0.074135825,11796795.232635504,2440527.335204936,0.0385369984433054,0.9507385268807412,0.37668447499163443
531.jpeg,0.07404213,11772697.34490564,1150805.0213732922,0.0402747855987399,0.9644717127084732,0.464388362452155
161.jpeg,0.07375225,11789616.835388344,2430978.304033889,0.0360712979454547,0.9526569917798042,0.26140716767986305
57.jpeg,0.07301211,11875559.550826568,1159400.6249248015,0.0409668707288801,0.8774314522743225,0.14855447021545837
150.jpeg,0.072414234,11795132.596073477,2431197.0908165453,0.0456225243397057,0.973123587667942,0.4271205924451351
392.jpeg,0.072255775,11790952.17546985,2326433.7536096936,0.0282938301097601,0.3237015167251229,0.08542066547670397
436.jpeg,0.07093647,11836927.758702911,2325532.607452278,0.0435902466997504,0.9572610482573508,0.22906093558828747
652.jpeg,0.07082049,11791347.65473737,1137127.3544743515,0.0450431830249726,0.9602633491158484,0.17590991983888665
175.jpeg,0.070674516,11800424.731686126,2424011.540074211,0.0385247506201267,0.9519901648163795,0.17030179440709098
350.jpeg,0.06966434,11789166.104327869,2337540.61019168,0.0401050387881696,0.9661949574947356,0.2937055778456852
701.jpeg,0.06912733,11840737.046358332,1147798.407315574,0.0216751438565552,0.9582413136959076,0.15551384561695153
460.jpeg,0.06903143,11842297.941764748,2324437.6334283887,0.0257044916506856,0.9668378084897996,0.43009021908177864
30.jpeg,0.06865564,11781585.630231855,1123700.3558234684,0.0268009689170867,0.9476081505417824,0.29924729536287487
267.jpeg,0.0681116,11803894.252962982,2381429.8106092126,0.0684527331031858,0.9630074054002762,0.6481613282812759
737.jpeg,0.06807574,11837565.316114714,1112214.8979556223,0.0403520879335701,0.9497368708252908,0.4521302867215127
29.jpeg,0.06742192,11780846.540944977,1128642.669355001,0.0294334890786558,0.8758599236607552,0.2654973335156683
459.jpeg,0.067362085,11840202.462140229,2325037.428789031,0.042347970418632,0.9611173123121262,0.4503191546536982
900.jpeg,0.06683539,11771474.141576452,1153939.5161118477,0.038307118229568,0.9529429450631142,0.3933042792292933
1001.jpeg,0.06653607,11822283.52117079,2424287.234114286,0.046573047991842,0.9575007632374763,0.2749682616558857
870.jpeg,0.066456094,11794498.191495234,2305335.756153695,0.0401498829014599,0.9646352678537368,0.22031727380817753
470.jpeg,0.06612461,11701453.782485742,1198082.953522056,0.0398770105093717,0.6603682562708855,0.19930227333679792
231.jpeg,0.06603631,11810278.703294108,2382606.9444165938,0.0432352027855813,0.8434119671583176,0.2633137353695929
757.jpeg,0.065604135,11837826.671634844,1109686.315593623,0.0278392278123646,0.9567215666174888,0.2975947140657808
289.jpeg,0.065538354,11805736.516004048,2349728.133433085,0.0429154243320226,0.9610506668686868,0.5485074836760759
26.jpeg,0.06479939,11777306.172823744,1126598.477576092,0.0358776617795228,0.9602560475468636,0.17196957687182085
821.jpeg,0.06474894,11840419.569396423,1159809.726432558,0.0304336310364305,0.5685298480093479,0.11846166616305706
330.jpeg,0.064730234,11792458.629909389,2344962.629369969,0.1171902460046112,0.9565347880125046,0.6869229846633971
676.jpeg,0.06413779,11797848.56569314,1147086.9372927782,0.0391903889831155,0.2452890528365969,0.09675365881412284
461.jpeg,0.06379019,11842485.70862908,2324490.3623944367,0.0331821329891681,0.9668378084897996,0.3389681571030191
144.jpeg,0.06374045,11790000.046903243,2433394.548383316,0.0449733203276991,0.959736093878746,0.6297272098405907
936.jpeg,0.06348103,11734743.611885216,1165482.5470390634,0.0424257633276283,0.9624203890562056,0.4250265554874204
961.jpeg,0.06307494,11702251.6650764,1198705.8183735216,0.0303067236673086,0.2854762899223715,0.08722975151613349
680.jpeg,0.062997155,11797960.608707342,1139358.2659215028,0.0225806672824546,0.9577405005693436,0.46328600363631267
133.jpeg,0.06234377,11799255.855841223,2439427.275401004,0.064980941824615,0.962046466767788,0.5391038873765085
100.jpeg,0.062050648,11837860.47154734,2326623.622458973,0.04444086458534,0.4316037911921739,0.10298307333141563
336.jpeg,0.061759707,11793489.56706656,2346892.539825139,0.032977663911879,0.961914137005806,0.2635648840805515
957.jpeg,0.06130804,11700305.96906872,1198776.0874485946,0.0317336828447878,0.9543243050575256,0.17166709297453048
351.jpeg,0.06083857,11789011.031577077,2337401.8115244783,0.0401161238551139,0.9661949574947356,0.25438781294764745
234.jpeg,0.0608158,11807167.102239238,2384262.0528848614,0.0390599383972585,0.3725769277662039,0.11545157054206354
577.jpeg,0.06040616,11837722.832063183,1112212.9107324467,0.0458750366233289,0.9497368708252908,0.4566327500506304
149.jpeg,0.06037764,11795232.243778031,2431626.1960409875,0.0410327669233083,0.94587554782629,0.3412933548513268
121.jpeg,0.059914112,11798292.410618763,2302405.904181789,0.0383861828595399,0.945735976099968,0.35389803822285365
743.jpeg,0.059563283,11838910.152651802,1111780.2407683209,0.0574253117665648,0.9430693611502649,0.47181653103325516
988.jpeg,0.059489988,11812379.82669312,1271215.9038297173,0.045770232565701,0.668153814971447,0.2930655340314843
527.jpeg,0.05945999,11772818.48956469,1152645.126078888,0.0211599653121083,0.9532924890518188,0.3375285085963292
183.jpeg,0.05939926,11801491.327378042,2432526.5084754527,0.0737407468259334,0.964885801076889,0.6269132770331842
656.jpeg,0.05935318,11794100.37637244,1148183.3405646265,0.0353884694632142,0.960361585021019,0.2726601224340912
640.jpeg,0.05900005,11792226.2277865,2338669.104721271,0.0389218763448298,0.9488106295466424,0.2788831521756947
375.jpeg,0.058991708,11790299.011139996,2322679.079230754,0.0376944616436958,0.9540657922625542,0.4077990601363126
927.jpeg,0.058981624,11737873.46796418,1162100.7538416828,0.0407347371801734,0.0471662217751145,0.04377622721302838
54.jpeg,0.05854424,11875070.106033456,1164256.4285187845,0.0866810632869601,0.9709916561841964,0.8028820705367252
27.jpeg,0.057957765,11779502.394447071,1126429.0462570426,0.0380912940017879,0.9525308907032012,0.37894777048172223
753.jpeg,0.05793224,11837648.902865626,1111805.7368490875,0.0403520879335701,0.9464909806847572,0.3230102103100055
499.jpeg,0.057551213,11753924.42740584,1171363.982779958,0.0157400926109403,0.9641925618052484,0.31958220394638676
982.jpeg,0.057299946,11815072.934601158,1266794.076572105,0.043624612968415,0.7158237546682358,0.1869085107131728
987.jpeg,0.05727783,11810936.736473486,1267363.4530526395,0.0337953367270529,0.9545470699667932,0.2809735668124631
745.jpeg,0.056889728,11837444.276032766,1111857.749794889,0.0373089148197323,0.6362076885998249,0.13737722307754055
623.jpeg,0.056804195,11798268.845184147,2378594.378737905,0.0387336499989032,0.9607577174901962,0.6784574915072881
625.jpeg,0.05676742,11800426.80490783,2381626.355621626,0.057333702687174,0.9511613324284554,0.5755387639427292
642.jpeg,0.05649766,11792380.672899408,2338651.474000685,0.044689948670566,0.9488106295466424,0.39993431925540784
258.jpeg,0.05633628,11806666.425310131,2376607.969601538,0.0286363407503813,0.9578702375292778,0.27398657190497033
344.jpeg,0.056152966,11792234.43851265,2342225.0988126565,0.0338301034644246,0.9497980773448944,0.29504426480788326
940.jpeg,0.056014784,11757703.85660774,1170461.7670962375,0.0309614310972392,0.9472958594560624,0.46848578067147173
521.jpeg,0.05587838,11770683.78333648,1157869.285685863,0.054857965093106,0.9512088298797609,0.3997001540265046
255.jpeg,0.055736322,11803768.765317904,2375838.160604749,0.0340492189861834,0.9613612666726112,0.2110905764210555
542.jpeg,0.055730302,11791062.047486562,1144766.7360988832,0.0175909436075016,0.9541237279772758,0.22693609374982768
679.jpeg,0.055679496,11800168.717597572,1146768.670559022,0.0366325958166271,0.949174240231514,0.31409801307017915
449.jpeg,0.055537336,11836723.446713507,2326890.738330742,0.0406102621927857,0.9603070989251136,0.18159015669620462
965.jpeg,0.05530958,11810718.78404322,1268380.3634803495,0.0444397777318954,0.4067310914397239,0.13578808482270685
554.jpeg,0.05522954,11800270.540882291,1149544.6871127714,0.0399351948872208,0.264361790381372,0.09942607610719273
986.jpeg,0.054829746,11809987.39272477,1267040.466477203,0.0412625765893608,0.9703007787466048,0.29833045377745293
180.jpeg,0.05467489,11800732.310152443,2428869.184301601,0.3148584924638271,0.9612547531723976,0.706655970774591
492.jpeg,0.05456972,11730854.501713598,1160870.7203580863,0.0381910640280693,0.4352408945560455,0.12432900301387735
24.jpeg,0.054503486,11778567.586361758,1126534.3480240027,0.0362805319018662,0.9611616805195808,0.5133574667852372
486.jpeg,0.05447102,11737934.306401651,1161524.0120727853,0.0268677084241062,0.112963049672544,0.06694084327318701
16.jpeg,0.054365452,11742327.567002935,1155175.8403393177,0.0500152250751853,0.9253355860710144,0.3931587670231238
722.jpeg,0.05435925,11837584.815871254,1112183.6291528298,0.0403520879335701,0.9497368708252908,0.4076446946710348
345.jpeg,0.05408657,11793855.72556347,2341688.0531432545,0.0526555120013654,0.9673985987901688,0.4485799490939826
83.jpeg,0.05405719,11813392.61496848,1164640.238855739,0.0270649413578212,0.3920809072442353,0.09206309245200825
81.jpeg,0.05396638,11810469.454633744,1163395.4175621178,0.0254937793361023,0.9044548720121384,0.29861375551263336
742.jpeg,0.053880353,11834896.86279941,1108233.8879645471,0.0297376671805977,0.9464898481965064,0.39236123784212396
719.jpeg,0.053789448,11842057.769577842,1145788.6269520076,0.038947032764554,0.6985678896307945,0.19143755056170952
992.jpeg,0.053764276,11811680.83391668,1265818.6640432673,0.0350566180422902,0.1018670382909476,0.05331431917147707
559.jpeg,0.053742073,11797997.111684848,1144194.198394478,0.0236820902209728,0.3903959686867893,0.09247140478692013
117.jpeg,0.053723328,11791965.30849504,2292410.817942572,0.0380082917399704,0.9587171822786332,0.31280599827212946
690.jpeg,0.053550877,11837073.267085023,1146146.5928244612,0.0238482041750103,0.5562917590141296,0.10680495158885603
166.jpeg,0.05354863,11793715.661445672,2420092.7953451434,0.0387328299693763,0.8740802779793739,0.4192201559697943
34.jpeg,0.05340452,11790742.606884755,1137107.254171585,0.0417876557912677,0.9665820747613908,0.5884287667868193
746.jpeg,0.05336092,11836926.343300365,1110591.291543776,0.0308233136311173,0.1774827092885971,0.07277555752079928
752.jpeg,0.053351194,11838098.756287796,1106887.4855965024,0.0361517765559256,0.960046909749508,0.6844251762765149
638.jpeg,0.053045236,11790952.935893469,2334973.7998098424,0.0462034828960895,0.9611184298992156,0.45597938023921514
681.jpeg,0.052992295,11799503.410981037,1153865.005811015,0.0099029953125864,0.957748256623745,0.23638474876578483
963.jpeg,0.052924983,11808990.26513051,1269688.192174529,0.0445832987315952,0.3539036875590682,0.13789331895532086
677.jpeg,0.05279175,11797865.920402514,1147069.221978362,0.0391903889831155,0.2452890528365969,0.09675365881412284
551.jpeg,0.052641325,11799514.173771078,1153860.150679496,0.0099029953125864,0.957748256623745,0.26393778988858685
167.jpeg,0.052633245,11796911.290450234,2418975.1202990087,0.0419722283259034,0.972123682498932,0.5415761594527534
20.jpeg,0.05261982,11760631.23977125,1172395.2920503423,0.0350585919804871,0.9644281268119812,0.2726493936497718
575.jpeg,0.052598204,11836874.335308086,1112928.2718921057,0.0433463938534259,0.6056068576872349,0.2754170874832198
727.jpeg,0.052595664,11838275.275308104,1112375.0319330415,0.0567241124808788,0.6821712031960487,0.16876536945346737
506.jpeg,0.052565806,11754790.16334331,1172944.345171272,0.0260050382930785,0.5924361050128937,0.11877000040840353
815.jpeg,0.052490763,11836947.775414577,1158838.079023591,0.026917653856799,0.9550327286124228,0.5839568488590885
379.jpeg,0.052215658,11789654.276072169,2322760.4609922306,0.0360501604154706,0.047263731714338,0.04255793463172652
95.jpeg,0.051852502,11812116.151830582,1266434.990986968,0.0452721738256514,0.2217234368436038,0.09976791424144589
617.jpeg,0.051791042,11811996.553336132,1271366.1605315786,0.0364100427832454,0.9516004249453544,0.4095769888081122
560.jpeg,0.05134579,11797378.050751705,1144481.0302695234,0.0125368710141628,0.1461485327454283,0.05559987172536132
740.jpeg,0.051235966,11838510.160054475,1114197.665800443,0.0405534664168953,0.946868047118187,0.7198272653622553
839.jpeg,0.051001366,11843338.549220888,1161577.121776926,0.0278397728689014,0.960689902305603,0.24977290147216985
558.jpeg,0.05100101,11798222.09121499,1143588.0211352892,0.0355251766741275,0.6805764026939869,0.15009049460705778
634.jpeg,0.05092266,11790683.83666042,2337536.4196611,0.0757932169362902,0.9633743762969972,0.46308140963083133
929.jpeg,0.050908577,11739864.82879288,1158264.2332601442,0.0351666579954326,0.964973472058773,0.17008023657318616
200.jpeg,0.05081376,11822776.680952182,2426717.0637120977,0.0421039857901632,0.9676811024546624,0.3192469616769813
155.jpeg,0.050651856,11792942.890396023,2427601.821113604,0.0413002194836735,0.7536822333931923,0.24059811397455633
755.jpeg,0.05064359,11839177.128961124,1115569.285956543,0.0748511319980025,0.9519645720720292,0.4704561604303308
738.jpeg,0.05041439,11838082.190097682,1106876.949836231,0.0361517765559256,0.960046909749508,0.619369879934109
844.jpeg,0.05034129,11871443.268219974,1167524.1771732229,0.3526804205030203,0.9767224788665771,0.7458810634644968
768.jpeg,0.050269905,11815349.040250557,1164608.530022015,0.0372767737135291,0.9578045830130576,0.261793139972724
51.jpeg,0.05023472,11839159.188221538,1115577.4697964042,0.0446479716338217,0.9519645720720292,0.403069391194731
56.jpeg,0.050164275,11874564.993189989,1164717.0126284317,0.329941083677113,0.9692051261663436,0.7489441198995337
579.jpeg,0.050141484,11839842.096583487,1149453.663422929,0.0399970097932964,0.9510811641812325,0.294394931406714
855.jpeg,0.050133374,11877598.457030842,1161922.070424348,0.0747223002836108,0.9451978281140327,0.44483447732636705
967.jpeg,0.050065637,11811238.646064218,1267426.6294248344,0.0471512451767921,0.9545470699667932,0.1707244707504287
981.jpeg,0.04995769,11813201.085704986,1267978.1289748014,0.0444162371568381,0.8205637261271477,0.21566703694406894
232.jpeg,0.049899355,11810289.695917193,2382602.546894085,0.0432352027855813,0.8434119671583176,0.2633137353695929
951.jpeg,0.04988842,11762642.38579224,1168110.132448464,0.0275942886946722,0.9509736225008965,0.34307386669388507
923.jpeg,0.04960923,11736154.575064084,1163739.777962349,0.0369672405067831,0.7102630771696568,0.15139006706885993
474.jpeg,0.04958791,11704853.21826998,1197894.984244562,0.0370766618289053,0.7164342440664768,0.21378799315425565
557.jpeg,0.049545914,11799589.325498125,1143534.6562088523,0.0286910738795995,0.5386933498084545,0.14671765782986765
983.jpeg,0.049345408,11816308.873330628,1272099.585255435,0.0315317779313772,0.3826556885614991,0.14235386089421806
863.jpeg,0.04922052,11797597.333639944,2302396.8854561867,0.032848923234269,0.0691998708061873,0.04533243502373803
721.jpeg,0.049212657,11838509.117036592,1114195.1747770102,0.0405534664168953,0.946868047118187,0.7198272653622553
349.jpeg,0.049067717,11787390.298832158,2337570.097354505,0.0276938129682093,0.9597341492772102,0.27164826046542395
754.jpeg,0.04904274,11839175.261163654,1115567.2141639509,0.0748511319980025,0.9519645720720292,0.4428939933681654
868.jpeg,0.048961166,11797699.636222316,2303644.189056436,0.033331488026306,0.815434742718935,0.23669838243430213
217.jpeg,0.048909348,11815459.41841555,2382331.8244382795,0.041655090637505,0.8110930882394314,0.1459039262263104
319.jpeg,0.048861794,11792520.000002624,2349703.5252856663,0.0398063408210873,0.9618593454360962,0.3203480604570359
309.jpeg,0.048562538,11802229.196179269,2349253.744929525,0.0334768844768404,0.9586219638586044,0.1804102176600801
948.jpeg,0.048255637,11759710.650547478,1170745.648802289,0.0435596983879804,0.9231067225337029,0.2854188805213198
529.jpeg,0.04811139,11773828.04996973,1152909.3815824063,0.0442419042810797,0.5147274704650044,0.14275200970263946
203.jpeg,0.048082273,11824556.794952434,2423582.2094487464,0.0303369157481938,0.0514711397700011,0.04190631178207692
606.jpeg,0.047854945,11811046.316259768,1267161.7038054334,0.0496871904470026,0.9545470699667932,0.1807354530319571
39.jpeg,0.047470316,11793203.850670628,1140975.6919894894,0.0270582259399816,0.8271754421293736,0.1388021176535403
734.jpeg,0.047432076,11838463.702597126,1114408.5009380938,0.0455378014594316,0.9547393098473548,0.46085988549748436
622.jpeg,0.04698653,11804744.215779783,2379281.117161084,0.0334010706283152,0.9539414346218108,0.45734273229027167
728.jpeg,0.046953317,11836864.71684405,1110937.108901926,0.0409926082938909,0.9294464960694312,0.20279524259967724
713.jpeg,0.046917852,11842671.857840752,1148522.6798572238,0.0259554495569318,0.9468790292739868,0.16178239629759142
994.jpeg,0.04669196,11795716.323722295,2433584.5956592364,0.0529265855439007,0.7698259055614471,0.3172936685150489
615.jpeg,0.04668792,11812669.34163459,1268359.064815624,0.032630184199661,0.957339346408844,0.2684268361481372
605.jpeg,0.046627693,11810863.661993608,1266790.4008281685,0.0402754009701311,0.6849901881068945,0.14430141578324965
483.jpeg,0.046422474,11736230.478435297,1162569.263374928,0.0453171879053115,0.9474890232086182,0.3162895343783829
99.jpeg,0.04623673,11838207.125444602,2326470.621015896,0.0423694271594285,0.9381804019212724,0.26231887883373667
442.jpeg,0.04623438,11838205.055294994,2326469.811168518,0.0423694271594285,0.9381804019212724,0.26231887883373667
919.jpeg,0.046210352,11734816.17551748,1162473.8204663126,0.0476547225844115,0.9544885829091072,0.4084140388004016
503.jpeg,0.045788378,11751869.349193728,1175297.0442304837,0.0436017629690468,0.957547090947628,0.16534844798863757
451.jpeg,0.045689534,11839189.790148055,2327824.926050832,0.04014308238402,0.964872106909752,0.3748651358182542
944.jpeg,0.04561973,11758703.10361972,1169320.3081136057,0.0283139115199446,0.3619356071576476,0.07929394308788074
750.jpeg,0.045607217,11836956.050478576,1110570.6612842572,0.0308233136311173,0.1774827092885971,0.08363556850235905
712.jpeg,0.04549247,11843063.118435375,1145698.2012506188,0.0388872344046831,0.1617188891395926,0.06481178617104884
142.jpeg,0.045289963,11791132.201288337,2436003.4701090483,0.0291179737541824,0.9622347429394722,0.44158395734848455
534.jpeg,0.045232177,11781289.805502934,1127100.9022019987,0.0333577909041196,0.9457888081669809,0.2616666836159614
299.jpeg,0.045154184,11808709.445184637,2346865.07855576,0.0368812275119125,0.9694314077496528,0.33404415040942176
952.jpeg,0.045050353,11761395.381071322,1169240.314036077,0.0339097618125379,0.9660155922174454,0.45450717645386857
603.jpeg,0.044983175,11877971.407510951,1162015.7495586772,0.2366867335513234,0.2366867335513234,0.2366867335513234
835.jpeg,0.044976987,11842613.228445146,1160571.034190269,0.0396913541480898,0.6544612883590162,0.24068766051075524
765.jpeg,0.044933688,11813289.189454583,1163757.75903607,0.0274607541505247,0.9586953818798064,0.2728807303356006
602.jpeg,0.044893596,11875814.37194218,1161366.290018323,0.057803907431662,0.961108885705471,0.5493118544109166
769.jpeg,0.04482241,11817070.566009823,1165816.6329857036,0.0347994645126163,0.957711897790432,0.5504586051942574
45.jpeg,0.044817008,11796662.790102627,1147348.503397107,0.0312673693988472,0.8147866744548082,0.20247165698674505
484.jpeg,0.044811945,11735871.990981076,1162594.043337639,0.039517740253359,0.49519126676023,0.15353545860853043
37.jpeg,0.044704366,11792464.886055091,1138947.7661210983,0.0461282776668667,0.1059486004523933,0.06369193437110096
415.jpeg,0.044656407,11795648.983961033,2307768.077759506,0.0399018917232751,0.9611580967903136,0.3125592101631419
613.jpeg,0.044638045,11818302.70949996,1273073.2844477424,0.0426645874977111,0.464268528856337,0.25866521027637646
168.jpeg,0.04463691,11796597.293726828,2420535.629043043,0.0533181854989379,0.9724868685007096,0.4845093409142767
696.jpeg,0.044607293,11843064.437540444,1145698.4296613978,0.0388872344046831,0.1617188891395926,0.06481178617104884
910.jpeg,0.044470627,11774728.753126374,1151667.9206326846,0.1606005383655429,0.9642379060387612,0.6928373849950731
576.jpeg,0.04445105,11837742.09604222,1112111.9715618738,0.0403520879335701,0.9497368708252908,0.3726661570577158
935.jpeg,0.044228207,11737888.147533022,1162104.6857275383,0.0407347371801734,0.0461454107426106,0.04335247789276761
654.jpeg,0.04403369,11793245.547590995,1148321.0321938118,0.0354290071409195,0.9584255442023276,0.17346858429456394
417.jpeg,0.043999556,11794822.544874389,2301681.324034058,0.0233701278921216,0.3299870351329446,0.09079056049813514
833.jpeg,0.043942284,11838734.178215584,1159300.291205988,0.044842361472547,0.9645135924220084,0.39835483234168756
666.jpeg,0.043864053,11796580.069030114,1146824.8848965573,0.0296545962337404,0.0569772506132721,0.04639905682415697
596.jpeg,0.043581218,11813495.166254276,1166005.124938686,0.0227431380189955,0.9436769112944604,0.19582714656523115
58.jpeg,0.043455973,11875520.255062897,1158881.2199798073,0.0375517634674906,0.9604147300124168,0.3639761954028573
157.jpeg,0.04329008,11792167.014696227,2429860.066083549,0.0291489416267722,0.9636795297265052,0.6610652116859066
781.jpeg,0.0432562,11813702.60467402,1161100.0175900736,0.0575482435524463,0.958149328827858,0.4234351329214405
840.jpeg,0.04324822,11845379.98395735,1158462.7755889955,0.0201739938929677,0.7532618399709463,0.1175213835926519
176.jpeg,0.043052297,11797628.01703236,2426748.881049571,0.0455771787092089,0.9595269113779068,0.5641156741185114
93.jpeg,0.043000054,11811945.562663233,1168820.750633326,0.0441065728664398,0.7177786193788052,0.1807447315077297
257.jpeg,0.042867973,11807021.107369136,2375220.7700121165,0.035724519751966,0.9623457938432692,0.37979135700152244
113.jpeg,0.042690806,11791643.352135709,2336176.7937177084,0.0410157470032572,0.9544305428862572,0.45023934834171087
556.jpeg,0.042240452,11799769.060166828,1144231.4347248925,0.0201274951687082,0.949042484164238,0.3893374361278903
256.jpeg,0.042017404,11807129.090940973,2375227.564884836,0.0380383091978728,0.9623457938432692,0.4382497687225363
637.jpeg,0.04200157,11791150.465980085,2337250.71383236,0.0485196537338197,0.9747211635112762,0.3729823908652179
156.jpeg,0.04197765,11792509.237126706,2427471.937606449,0.0373134757392108,0.965809002518654,0.2841217092354782
644.jpeg,0.041825105,11790754.190578217,2336973.533646029,0.0766382538713514,0.9604390934109688,0.5768095549428836
708.jpeg,0.04159105,11841984.195682667,1145796.852163608,0.0375497764907777,0.6985678896307945,0.20270974712911993
578.jpeg,0.041541807,11835903.782490846,1109950.005439405,0.031913602957502,0.9080331400036812,0.3346397963759955
450.jpeg,0.04146618,11839219.602902314,2327735.8767149257,0.04014308238402,0.964872106909752,0.3940983875654637
233.jpeg,0.0414342,11810041.85389468,2382999.443543233,0.0423184391111135,0.5837937276810408,0.16696457297075537
846.jpeg,0.04135166,11873188.428347403,1159622.198601799,0.0433795191347599,0.8993051275610924,0.43797069729771465
741.jpeg,0.041253973,11834665.874145469,1117291.9395422058,0.042064085137099,0.7197210490703583,0.15810027229599652
504.jpeg,0.041200094,11754255.359577289,1175191.1149204797,0.0303842420689761,0.4613190572708845,0.09461440352606582
162.jpeg,0.04114226,11791804.46191366,2426379.162190348,0.0348834572359919,0.8017522841691971,0.1417073866759892
473.jpeg,0.040791333,11703794.946713028,1198520.64921824,0.0327841362450271,0.9147314801812172,0.2171147094729046
581.jpeg,0.04074354,11840973.740688372,1159511.8063404695,0.0427647638134658,0.7474089153110981,0.13528064596984116
32.jpeg,0.04065996,11783946.726055998,1120179.8083660682,0.0357336257584393,0.972961075603962,0.4176674555573199
60.jpeg,0.039769683,11842844.334501611,1160090.5360039528,0.0296207810752093,0.1495376299135387,0.07837673980975521
437.jpeg,0.03969217,11836082.520351691,2325326.8861504816,0.0416177627630531,0.0805447502061724,0.055054716765880536
9.jpeg,0.039590042,11737625.11425734,1161797.463435951,0.0314385772217065,0.595028636045754,0.11418617979506959
604.jpeg,0.03957398,11871379.32771264,1163216.020076529,0.0543959136120975,0.9658153355121613,0.5700945923454128
164.jpeg,0.039464764,11793471.020555137,2421449.413134573,0.0352740501984953,0.9594252854585648,0.2797790981296982
305.jpeg,0.039160643,11808581.514184823,2350367.321546092,0.0411654256749898,0.927399605512619,0.27789389957407756
707.jpeg,0.038951483,11838884.510124492,1145863.6518817637,0.031039047287777,0.9404664561152458,0.3206144872820005
601.jpeg,0.03878244,11875791.002181765,1167429.0938386212,0.6863773539662361,0.9669087305665016,0.8837659871205688
966.jpeg,0.038640402,11810937.526845176,1273436.49615817,0.0412101512774825,0.4629093252588063,0.09586628291031547
561.jpeg,0.038547594,11795675.97984721,1142215.8251690022,0.0150015961844474,0.37467324687168,0.10714289831230416
312.jpeg,0.03849704,11798486.264229476,2349548.168174241,0.0408496330492198,0.9602852687239648,0.48564469639677554
629.jpeg,0.03807957,11789470.812454725,2336689.6128744786,0.0615788577124476,0.9535075202584268,0.4359513938293925
28.jpeg,0.038000647,11779374.989484968,1127107.1440961717,0.0360993682406842,0.9593190401792526,0.2648542541719507
569.jpeg,0.037891623,11797418.489369592,1137257.690551982,0.056773048825562,0.95258080214262,0.40435062019969337
532.jpeg,0.03786743,11783101.050103135,1128653.7701173036,0.056240405421704,0.8470109105110168,0.3403396438031147
526.jpeg,0.03780432,11772602.05812362,1152960.395284512,0.0311041767708957,0.9532924890518188,0.2623091109562665
31.jpeg,0.037668068,11781642.45370482,1121294.0492979777,0.0429972265847027,0.969125509262085,0.37735261923323077
25.jpeg,0.037624534,11777407.473877707,1126563.5119659407,0.0358776617795228,0.9602560475468636,0.1425079469465547
193.jpeg,0.03739871,11815671.4284294,2424527.3655377068,0.0364202023483812,0.4558734158053994,0.15088310092687604
607.jpeg,0.037349787,11808694.201818427,1268767.686149375,0.0339695587754249,0.8663228079676628,0.3910838537849486
718.jpeg,0.037043165,11841231.807964342,1142788.3574426458,0.0270513775758445,0.9605850726366044,0.28475715013013947
546.jpeg,0.037038088,11794600.839294525,1150444.605609872,0.0251720510423183,0.7871167585253716,0.2421640835527796
332.jpeg,0.036952246,11792464.975052431,2344963.7180079734,0.1171902460046112,0.9565347880125046,0.6869229846633971
494.jpeg,0.036035992,11755804.748692123,1167895.402680119,0.0260513855610042,0.960334300994873,0.14853632150334303
869.jpeg,0.035612807,11796199.128099304,2303036.8305265373,0.03620400512591,0.1006469172425568,0.05068795416238048
159.jpeg,0.03558158,11787890.41654794,2431599.6869774647,0.037893530447036,0.9643257558345796,0.5369395173620433
131.jpeg,0.035409458,11800808.689656071,2438367.362182269,0.0429806844331324,0.9535753279924392,0.5086085899383761
455.jpeg,0.03490791,11837650.440896489,2331759.416067875,0.0384600730612874,0.9594835489988328,0.33911693801305126
205.jpeg,0.034730002,11823480.340490984,2422921.7649766454,0.0398196885362267,0.9501923173666,0.38619676779489964
304.jpeg,0.03443455,11810360.077357836,2348644.445655873,0.042034946847707,0.973159171640873,0.2818113467656076
331.jpeg,0.034343183,11792461.614978489,2344962.9872306995,0.1171902460046112,0.9565347880125046,0.6869229846633971
694.jpeg,0.034281805,11841765.301114151,1145764.911484145,0.0375497764907777,0.6985678896307945,0.1253804040024988
611.jpeg,0.034251694,11812547.219516424,1280999.7038404015,0.0681321015581488,0.956926740705967,0.25476440626920926
463.jpeg,0.03405088,11699515.859584184,1196983.3346115125,0.0277805216610431,0.9660687074065208,0.2877213386818766
493.jpeg,0.033727653,11739377.368517052,1156238.3115404989,0.0351273510605096,0.9428418427705764,0.17259018588811148
15.jpeg,0.03284881,11739651.320290094,1158204.4824443236,0.0323975945357233,0.964973472058773,0.17442688301929996
214.jpeg,0.03260565,11809987.808160266,2385629.053749946,0.0389777449890971,0.9598894715309144,0.17476030666148284
204.jpeg,0.032503664,11823487.400534214,2422914.5537895625,0.0398196885362267,0.9501923173666,0.38619676779489964
430.jpeg,0.030819457,11834957.61682053,2324667.8263809485,0.0384454769082367,0.9657305628061296,0.36665847843202454
132.jpeg,0.030331725,11800844.009394731,2438355.5964841708,0.0407730336301028,0.9535753279924392,0.4408149875816889
1002.jpeg,0.029854994,11822279.642412243,2424283.707970152,0.046573047991842,0.9575007632374763,0.2749682616558857
472.jpeg,0.027857728,11702723.849269545,1197426.3451005635,0.0292022899957373,0.964101068675518,0.43971654180495534
163.jpeg,0.02745232,11791907.68215116,2423633.0420264504,0.0355183547362685,0.9600123688578606,0.17569774875300934
158.jpeg,0.025987212,11791187.163514692,2430870.9021996283,0.0581309049157425,0.9701528921723366,0.48173155391123146
79.jpeg,0.025584443,11815268.600774229,1162016.2713785386,0.0408466677181422,0.6551802605390549,0.30311616515973583
893.jpeg,0.024497682,11790022.91055426,2291589.2788288314,0.0757475942373275,0.9630801379680634,0.5355640688212588
842.jpeg,0.023700612,11869307.849999014,1166112.4978891483,0.6247849650681019,0.9727085679769516,0.8990940400399268
511.jpeg,0.02304554,11757909.240214052,1171276.238691947,0.0343788717873394,0.2542280172929168,0.08553099006530826
