Unnamed: 0,image,pred,lon,lat,found_Anditi
0,Duy Tiên District-5367.jpeg,0.984200730919838,105.94465447767993N,20.675292314315648E,[]
2,Hiệp Hòa District-6944.jpeg,0.9807258397340776,106.02233754425805N,21.3524184153929E,[]
3,Duy Tiên District-841.jpeg,0.97924642264843,105.9417748680756N,20.601181642355538E,[]
4,Duy Tiên District-1709.jpeg,0.9783364683389664,105.93457584406481N,20.621393643799195E,[]
5,Trà Vinh City-1487.jpeg,0.9777654111385344,106.34544614638844N,9.951311307379353E,[]
6,Go Cong Town-2540.jpeg,0.977538526058197,106.68133252539432N,10.408864074847378E,[]
7,Go Cong Town-2608.jpeg,0.977468378841877,106.61831186105434N,10.411559008373121E,[]
8,Go Cong Town-2724.jpeg,0.977313831448555,106.61146178884346N,10.414253941898867E,[]
9,Go Cong Town-2923.jpeg,0.9770819395780564,106.61557183216999N,10.418296342187489E,[]
10,Go Cong Town-3963.jpeg,0.9769978746771812,106.64982219322431N,10.435813410104826E,['53.jpeg']
11,Go Cong Town-3643.jpeg,0.9767224788665771,106.64297212101346N,10.430423543053335E,['844.jpeg']
12,Phu Ly City-3939.jpeg,0.9765093922615052,105.9631762706792N,20.580143746085835E,[]
13,Long Hồ District-4167.jpeg,0.9764596298336984,105.92084037531647N,10.198456707449855E,[]
14,Go Cong Town-2777.jpeg,0.9763758033514024,106.68407255427864N,10.414253941898867E,[]
15,Go Cong Town-3707.jpeg,0.9759412184357644,106.62242190438084N,10.431771009816211E,[]
16,Go Cong Town-2717.jpeg,0.9753618389368056,106.68681258316299N,10.412906475136E,[]
17,Duy Tiên District-3864.jpeg,0.9750965759158134,105.99216803615124N,20.651037912583238E,[]
18,Phu Ly City-1966.jpeg,0.9747211635112762,105.9214458648509N,20.541067209961426E,['637.jpeg']
19,Go Cong Town-2646.jpeg,0.9746830686926842,106.67037240985691N,10.411559008373121E,[]
20,Phu Ly City-17.jpeg,0.9746745377779008,105.90417811071508N,20.48851600620792E,[]
21,Go Cong Town-2711.jpeg,0.9745697751641272,106.67859249650996N,10.412906475136E,[]
22,Thanh Liêm District-3227.jpeg,0.9741957485675812,105.95921486552396N,20.44505547841839E,[]
23,Go Cong Town-3488.jpeg,0.9741829335689544,106.6457121498978N,10.427728609527595E,[]
24,Hiệp Hòa District-4644.jpeg,0.974174439907074,106.01944443519157N,21.321426679845857E,[]
25,Long Xuyen City-3620.jpeg,0.9739521965384484,105.42214915978941N,10.387958008941302E,['485.jpeg']
26,Thái Bình-707.jpeg,0.9739241451025008,106.33063558897192N,20.433857974965385E,[]
27,Go Cong Town-2001.jpeg,0.9738373979926108,106.68544256872082N,10.395389407218653E,[]
29,Thanh Liêm District-1066.jpeg,0.9736533686518668,105.93332984179821N,20.408673875819822E,['374.jpeg']
30,Go Cong Town-2670.jpeg,0.973435215651989,106.62242190438084N,10.412906475136E,[]
31,Go Cong Town-3800.jpeg,0.9733587726950644,106.64297212101346N,10.43311847657908E,[]
32,Go Cong Town-3316.jpeg,0.9732222482562064,106.64023209212911N,10.425033676001851E,[]
33,Hung Yen City-1138.jpeg,0.973159171640873,106.09360514840996N,20.635434808266467E,['304.jpeg']
34,Hiệp Hòa District-5171.jpeg,0.973123587667942,105.95724259026198N,21.329511480423346E,['150.jpeg']
35,Go Cong Town-3971.jpeg,0.9730553105473518,106.66078230876171N,10.435813410104826E,['847.jpeg']
36,Go Cong Town-2498.jpeg,0.9729948416352272,106.62379191882302N,10.408864074847378E,[]
37,Binh Minh Town-692.jpeg,0.972961075603962,105.8570051787719N,10.01133933804682E,['32.jpeg']
38,Hiệp Hòa District-500.jpeg,0.9729125201702118,105.97170813559445N,21.24596854112263E,[]
39,Long Hồ District-1536.jpeg,0.9727788344025612,106.01668754483413N,10.163422571615186E,[]
40,Go Cong Town-2862.jpeg,0.9727085679769516,106.62379191882302N,10.416948875424618E,['842.jpeg']
41,Go Cong Town-2996.jpeg,0.9725001901388168,106.62242190438084N,10.419643808950358E,[]
42,Hiệp Hòa District-305.jpeg,0.9724868685007096,105.97170813559445N,21.239231207308055E,['168.jpeg']
43,Go Cong Town-3831.jpeg,0.9721388220787048,106.68544256872082N,10.43311847657908E,[]
44,Hiệp Hòa District-33.jpeg,0.972123682498932,105.97460124466096N,21.22710400644183E,['167.jpeg']
45,Go Cong Town-1296.jpeg,0.9721180275082588,106.67996251095214N,10.37652487253844E,[]
46,Thanh Liêm District-1366.jpeg,0.9720879420638084,105.9275776143036N,20.415411209634375E,['389.jpeg']
47,Duy Tiên District-3604.jpeg,0.9719721525907516,105.90146033361509N,20.64834297905743E,"['325.jpeg', '326.jpeg', '327.jpeg']"
48,Hiệp Hòa District-3226.jpeg,0.9719691798090936,105.95290292666226N,21.301214678402133E,[]
49,Go Cong Town-1564.jpeg,0.971914604306221,106.63338201991824N,10.384609673115675E,[]
50,Long Hồ District-688.jpeg,0.9719017818570136,106.00847207316117N,10.15264283751221E,[]
52,Go Cong Town-4115.jpeg,0.9718829095363616,106.64982219322431N,10.438508343630575E,['53.jpeg']
54,Mỹ Hào District-1165.jpeg,0.971768707036972,106.08920254855506N,20.91771640921813E,[]
55,Trà Vinh City-1737.jpeg,0.9717658683657646,106.35091834595066N,9.95939610795658E,[]
56,Cai Lậy Town-4972.jpeg,0.9716903567314148,106.12380066850477N,10.454486843635143E,[]
57,Cai Lậy Town-4249.jpeg,0.971659518778324,106.17860407333892N,10.441012176006414E,[]
58,Go Cong Town-2268.jpeg,0.9715856909751892,106.68544256872082N,10.402126741033015E,[]
59,Go Cong Town-2895.jpeg,0.9715692847967148,106.66900239541475N,10.416948875424618E,[]
60,Go Cong Town-2790.jpeg,0.971513457596302,106.61557183216999N,10.415601408661741E,[]
61,Go Cong Town-2201.jpeg,0.9713295623660088,106.66900239541475N,10.40077927427014E,[]
62,Go Cong Town-3338.jpeg,0.971239723265171,106.67037240985691N,10.425033676001851E,[]
63,Duy Tiên District-928.jpeg,0.9712041467428209,105.94033506327347N,20.60387657588136E,[]
64,Bac Giang City-2979.jpeg,0.9711131528019904,106.17937844672568N,21.302259212214892E,['196.jpeg']
65,Go Cong Town-298.jpeg,0.9710752442479134,106.66489235208824N,10.34957553728099E,['857.jpeg']
66,Hiệp Hòa District-4729.jpeg,0.9710266292095184,106.01365821705858N,21.32277414660878E,[]
67,Go Cong Town-2207.jpeg,0.9709916561841964,106.67722248206778N,10.40077927427014E,"['851.jpeg', '54.jpeg']"
72,Go Cong Town-2985.jpeg,0.9705136492848396,106.60735174551695N,10.419643808950358E,[]
73,Go Cong Town-4716.jpeg,0.9704146385192872,106.65119220766648N,10.460067811836536E,[]
74,Go Cong Town-3132.jpeg,0.9703886210918428,106.61146178884346N,10.422338742476105E,[]
76,Tây Ninh City-356.jpeg,0.9703007787466048,106.09076737156332N,11.308398504318339E,['986.jpeg']
77,Go Cong Town-3818.jpeg,0.970291182398796,106.66763238097258N,10.43311847657908E,[]
78,Hiệp Hòa District-4950.jpeg,0.9701528921723366,105.9225252814641N,21.32681654689752E,['158.jpeg']
79,Long Hồ District-4159.jpeg,0.970131978392601,106.00984131843998N,10.197109240686984E,[]
81,Thái Bình-548.jpeg,0.9700349718332292,106.35939816311522N,20.429815574676653E,[]
83,Phu Ly City-2462.jpeg,0.969935342669487,105.96893218872448N,20.54915201053889E,['359.jpeg']
84,Yên Mỹ District-1162.jpeg,0.9699271321296692,106.03349174718953N,20.873402075391663E,[]
85,Go Cong Town-3634.jpeg,0.969919502735138,106.6306419910339N,10.430423543053335E,[]
86,Bac Giang City-2308.jpeg,0.9697326868772508,106.21986525073754N,21.287437077822833E,[]
87,Mỹ Hào District-1054.jpeg,0.9696070179343224,106.10218607197996N,20.915021475692306E,['225.jpeg']
88,Go Cong Town-2123.jpeg,0.969465270638466,106.6361220488026N,10.399431807507273E,[]
89,Hung Yen City-483.jpeg,0.9694314077496528,106.07920439866642N,20.621960140637352E,"['298.jpeg', '299.jpeg']"
90,Duy Tiên District-3953.jpeg,0.9692573100328444,105.97920979293177N,20.652385379346146E,[]
91,Go Cong Town-2172.jpeg,0.9692345187067986,106.62927197659172N,10.40077927427014E,[]
92,Go Cong Town-2367.jpeg,0.9692051261663436,106.67037240985691N,10.404821674558763E,['56.jpeg']
93,Tây Ninh City-4792.jpeg,0.9691816791892052,106.12925111468995N,11.393288910379463E,['980.jpeg']
94,Phu Ly City-3229.jpeg,0.9691449105739594,105.9113730082717N,20.56397414493091E,[]
95,Binh Minh Town-1084.jpeg,0.969125509262085,105.83647841918126N,10.020771605386921E,['31.jpeg']
96,Go Cong Town-3000.jpeg,0.9691232964396476,106.62790196214955N,10.419643808950358E,[]
97,Go Cong Town-3779.jpeg,0.9690354466438292,106.61420181772779N,10.43311847657908E,[]
98,Go Cong Town-217.jpeg,0.9690127298235892,106.65256222210868N,10.346880603755244E,[]
99,Tam Điệp-2341.jpeg,0.9690119177103044,105.92253450785479N,20.15472960955243E,"['896.jpeg', '895.jpeg']"
101,Go Cong Town-2487.jpeg,0.9689564555883408,106.68544256872082N,10.407516608084503E,[]
102,Hiệp Hòa District-4282.jpeg,0.9689265117049216,106.01944443519157N,21.316036812794195E,[]
103,Long Hồ District-690.jpeg,0.9689100757241248,106.0112105637188N,10.15264283751221E,[]
106,Long Hồ District-1530.jpeg,0.9688078761100768,106.00847207316117N,10.163422571615186E,[]
107,Tam Điệp-1586.jpeg,0.9688057079911232,105.89239082602198N,20.142602408686262E,[]
108,Hiệp Hòa District-9303.jpeg,0.9687789753079414,106.00642544439235N,21.399579752094933E,[]
109,Duy Tiên District-5234.jpeg,0.9687575176358224,105.94465447767993N,20.672597380789824E,[]
110,Go Cong Town-1227.jpeg,0.9687485471367836,106.65393223655084N,10.375177405775567E,[]
111,Tam Điệp-3267.jpeg,0.9686950519680976,105.92253450785479N,20.166856810418608E,[]
113,Trà Vinh City-493.jpeg,0.9685999825596808,106.31671709868672N,9.909539837730343E,[]
114,Go Cong Town-3600.jpeg,0.968588910996914,106.6922926409317N,10.429076076290466E,[]
115,Go Cong Town-3512.jpeg,0.9685604423284532,106.67859249650996N,10.427728609527595E,[]
116,Tam Điệp-1576.jpeg,0.9685373529791832,105.87803669181591N,20.142602408686262E,"['892.jpeg', '889.jpeg']"
117,Go Cong Town-4181.jpeg,0.9684943705797197,106.64708216433996N,10.43985581039345E,[]
118,Go Cong Town-3682.jpeg,0.9683920219540596,106.5881715433265N,10.431771009816211E,[]
119,Thái Bình-2194.jpeg,0.9683456346392632,106.35076939087223N,20.46484971051231E,[]
120,Go Cong Town-2231.jpeg,0.9683115556836128,106.6347520343604N,10.402126741033015E,[]
121,Go Cong Town-3152.jpeg,0.9682911783456802,106.63886207768692N,10.422338742476105E,[]
122,Go Cong Town-3156.jpeg,0.9682728797197342,106.64434213545564N,10.422338742476105E,[]
124,Thái Bình-289.jpeg,0.9682230427861214,106.32488307414329N,20.4217307740992E,"['445.jpeg', '446.jpeg']"
125,Hung Yen City-1316.jpeg,0.9681765735149384,106.10080552328174N,20.6394772085552E,[]
128,Duy Tiên District-3077.jpeg,0.967984065413475,105.99216803615124N,20.640258178479957E,['311.jpeg']
129,Go Cong Town-2678.jpeg,0.9679399579763412,106.63338201991824N,10.412906475136E,[]
130,Hung Yen City-1297.jpeg,0.9679185673594476,106.07344409876902N,20.6394772085552E,[]
131,Hiệp Hòa District-6599.jpeg,0.9679174050688744,105.93988393586307N,21.348376015104158E,"['148.jpeg', '147.jpeg']"
132,Long Xuyen City-3556.jpeg,0.9679055586457253,105.41940946379876N,10.38661054217843E,[]
133,Phu Ly City-674.jpeg,0.9678305089473724,105.96893218872448N,20.51950774175486E,"['356.jpeg', '355.jpeg']"
137,Go Cong Town-2866.jpeg,0.9677255228161812,106.62927197659172N,10.416948875424618E,[]
138,Bac Giang City-2506.jpeg,0.9676811024546624,106.20685163516228N,21.291479478111572E,"['199.jpeg', '200.jpeg']"
139,Thái Bình-1246.jpeg,0.9676252603530884,106.33351184638626N,20.444637709068665E,"['860.jpeg', '438.jpeg']"
140,Go Cong Town-1607.jpeg,0.967607244849205,106.6922926409317N,10.384609673115675E,[]
141,Duy Tiên District-3258.jpeg,0.9675745144486428,105.96913115931666N,20.642953112005777E,[]
144,Phu Ly City-3816.jpeg,0.9673985987901688,105.94590851654337N,20.577448812560007E,['345.jpeg']
145,Duy Tiên District-3437.jpeg,0.9673380851745604,105.94321467287777N,20.645648045531594E,[]
146,Duy Tiên District-593.jpeg,0.9671647027134896,105.97920979293177N,20.589054441489335E,"['340.jpeg', '341.jpeg']"
147,Duy Tiên District-1115.jpeg,0.9671328365802764,105.93601564886697N,20.609266442933002E,[]
149,Long Xuyen City-876.jpeg,0.9671020656824112,105.48379231957885N,10.328669471374916E,"['932.jpeg', '931.jpeg']"
150,Go Cong Town-1990.jpeg,0.9670577719807624,106.67037240985691N,10.395389407218653E,[]
151,Go Cong Town-4856.jpeg,0.9670446962118148,106.64434213545564N,10.469500079176646E,[]
152,Châu Thành District-6614.jpeg,0.9670387730002404,106.3607895859649N,10.297430873665688E,[]
153,Tam Điệp-2929.jpeg,0.9670097157359124,105.91822826759295N,20.162814410129887E,[]
154,Phu Ly City-820.jpeg,0.9669495970010756,105.96029831165657N,20.522202675280678E,[]
155,Go Cong Town-3593.jpeg,0.9669087305665016,106.68270253983648N,10.429076076290466E,['601.jpeg']
156,Phu Ly City-2028.jpeg,0.9668924808502196,105.89698321315845N,20.542414676724338E,[]
157,Thái Bình-743.jpeg,0.9668378084897996,106.38240822242985N,20.433857974965385E,"['460.jpeg', '461.jpeg']"
160,Trà Vinh City-663.jpeg,0.966786652803421,106.32902954770172N,9.914929704781827E,[]
161,Tam Điệp-2441.jpeg,0.9667804092168808,105.93258240179902N,20.156077076315338E,[]
162,Duy Tiên District-1761.jpeg,0.9667726308107376,106.01520491298577N,20.621393643799195E,[]
163,Go Cong Town-2334.jpeg,0.9666825830936432,106.62516193326519N,10.404821674558763E,[]
164,Tam Điệp-2494.jpeg,0.9666618779301644,105.87229503813344N,20.15742454307825E,['886.jpeg']
165,Long Hồ District-1248.jpeg,0.9665820747613908,105.91673263947999N,10.16072763808944E,['34.jpeg']
166,Thanh Liêm District-4933.jpeg,0.9665568172931672,105.94339623991378N,20.46930988015077E,['401.jpeg']
167,Tam Điệp-1836.jpeg,0.9664858430624008,105.92253450785479N,20.146644808974987E,['897.jpeg']
168,Hoa Lư District-232.jpeg,0.9664761200547218,105.94496277429069N,20.192601907264667E,['426.jpeg']
171,Cai Lậy Town-4086.jpeg,0.9663690775632858,106.17449381797637N,10.43831724248067E,[]
174,Tam Điệp-2689.jpeg,0.9663051515817642,105.87085962471284N,20.16011947660407E,['429.jpeg']
175,Trà Vinh City-595.jpeg,0.9662747979164124,106.34407809649787N,9.912234771256085E,[]
176,Hiệp Hòa District-4017.jpeg,0.9662688598036766,105.90227351799868N,21.313341879268368E,[]
177,Trà Vinh City-1129.jpeg,0.9662657603621484,106.33997394682622N,9.933794239462024E,"['735.jpeg', '758.jpeg', '733.jpeg']"
178,Go Cong Town-2066.jpeg,0.9662260189652444,106.62927197659172N,10.398084340744397E,[]
179,Trà Vinh City-1356.jpeg,0.9662085250020028,106.34818224616954N,9.945921440327869E,[]
180,Phu Ly City-2032.jpeg,0.9661949574947356,105.90273913120375N,20.542414676724338E,"['350.jpeg', '351.jpeg']"
181,Hiệp Hòa District-4725.jpeg,0.966173030436039,106.0078719989256N,21.32277414660878E,[]
182,Go Cong Town-2336.jpeg,0.966170847415924,106.62790196214955N,10.404821674558763E,[]
183,Chau Doc City-3519.jpeg,0.9660687074065208,105.10013663778491N,10.690395141977882E,['463.jpeg']
184,Tây Ninh City-800.jpeg,0.9660205096006392,106.09076737156332N,11.320525705184215E,"['990.jpeg', '985.jpeg']"
185,Cao Lanh City-2252.jpeg,0.9660155922174454,105.65368325070345N,10.44596873903332E,"['953.jpeg', '952.jpeg']"
186,Thanh Liêm District-5473.jpeg,0.965965822339058,105.8973784199569N,20.47739468072824E,['383.jpeg']
188,Tam Điệp-2619.jpeg,0.9658829569816588,105.91248661391052N,20.158772009841154E,"['898.jpeg', '887.jpeg']"
189,Go Cong Town-4481.jpeg,0.9658572673797609,106.65256222210868N,10.447940610970683E,[]
190,Go Cong Town-2276.jpeg,0.96584103256464,106.6964026842582N,10.402126741033015E,[]
191,Thái Bình-1392.jpeg,0.9658244028687476,106.3478931334579N,20.447332642594482E,"['439.jpeg', '440.jpeg']"
192,Thái Bình-2530.jpeg,0.9658156111836432,106.3780938363084N,20.472934511089775E,"['458.jpeg', '859.jpeg']"
193,Go Cong Town-1819.jpeg,0.9658153355121613,106.64160210657127N,10.391347006930033E,['604.jpeg']
194,Hiệp Hòa District-3046.jpeg,0.965809002518654,105.93265116319684N,21.2985197448763E,['156.jpeg']
195,Thái Bình-2487.jpeg,0.9657708406448364,106.31625430190032N,20.472934511089775E,[]
196,Thái Bình-761.jpeg,0.9657305628061296,106.31481617319312N,20.435205441728296E,['430.jpeg']
199,Hiệp Hòa District-756.jpeg,0.9654735624790192,105.95000981759576N,21.25540080846303E,[]
200,Long Hồ District-4977.jpeg,0.9654434323310852,105.92220962059528N,10.21462630860432E,[]
202,Phu Ly City-2829.jpeg,0.9654358327388765,105.96605422970185N,20.55588934435344E,['353.jpeg']
203,Trà Vinh City-1326.jpeg,0.9654026702046394,106.34271004660732N,9.944573973564998E,[]
204,Phu Ly City-2705.jpeg,0.9653900042176248,105.89122729511318N,20.55454187759053E,[]
205,Chau Doc City-428.jpeg,0.9653752967715264,105.09876538175307N,10.632454071174338E,['477.jpeg']
206,Thái Bình-298.jpeg,0.965371198952198,106.33782623250777N,20.4217307740992E,[]
207,Go Cong Town-3505.jpeg,0.9653568863868712,106.66900239541475N,10.427728609527595E,[]
208,Mỹ Tho-1197.jpeg,0.965305507183075,106.41493719836943N,10.350269938431039E,[]
211,Phu Ly City-1778.jpeg,0.96523018181324,105.8984221926698N,20.538372276435606E,[]
212,Long Hồ District-3135.jpeg,0.9652168229222298,105.91125565836468N,10.183634573058265E,[]
217,Mỹ Hào District-3789.jpeg,0.965129628777504,106.08487470741343N,20.967572679445905E,[]
218,Mỹ Hào District-2408.jpeg,0.9651127606630324,106.03582584114166N,20.94197081095056E,[]
219,Go Cong Town-2116.jpeg,0.9651097133755684,106.62653194770735N,10.399431807507273E,[]
221,Duy Tiên District-4873.jpeg,0.9651028886437416,105.99216803615124N,20.66586004697526E,['318.jpeg']
222,Go Cong Town-227.jpeg,0.965041495859623,106.6662623665304N,10.346880603755244E,[]
223,Hiệp Hòa District-291.jpeg,0.9650408029556274,105.95145637212903N,21.239231207308055E,['165.jpeg']
224,Duy Tiên District-2284.jpeg,0.9650161042809486,105.9460942824821N,20.629478444376662E,['337.jpeg']
225,Long Xuyen City-1716.jpeg,0.964973472058773,105.45913505566305N,10.347534006055131E,"['929.jpeg', '15.jpeg']"
226,Duy Tiên District-955.jpeg,0.9649377763271332,105.97920979293177N,20.60387657588136E,[]
227,Hiệp Hòa District-6050.jpeg,0.964885801076889,106.01510477159182N,21.340291214526662E,"['182.jpeg', '183.jpeg']"
228,Go Cong Town-2011.jpeg,0.9648824036121368,106.62653194770735N,10.396736873981526E,[]
229,Long Xuyen City-2924.jpeg,0.9648809731006622,105.39201250389236N,10.374483341312578E,['490.jpeg']
230,Thái Bình-2083.jpeg,0.964872106909752,106.35364564828656N,20.462154776986495E,"['451.jpeg', '450.jpeg']"
232,Chau Doc City-1924.jpeg,0.9648653119802476,105.04528639650998N,10.666140740246163E,"['2.jpeg', '1.jpeg']"
233,Trà Vinh City-499.jpeg,0.96486047655344,106.32492539803008N,9.909539837730343E,[]
234,Thái Bình-714.jpeg,0.9648208394646643,106.34070248992211N,20.433857974965385E,[]
237,Hung Yen City-1497.jpeg,0.9647809565067292,106.06912387384595N,20.64486707560684E,[]
238,Long Xuyen City-815.jpeg,0.9647426679730416,105.48653201556947N,10.327322004612043E,"['934.jpeg', '933.jpeg']"
239,Go Cong Town-348.jpeg,0.9647062718868256,106.67996251095214N,10.350923004043862E,[]
242,Ninh Bình-2104.jpeg,0.9646352678537368,105.95147386447422N,20.272519211026708E,['870.jpeg']
243,Hiệp Hòa District-6470.jpeg,0.9646138250827788,106.02378409879131N,21.345681081578324E,['185.jpeg']
244,Hiệp Hòa District-3407.jpeg,0.9645708724856376,105.95724259026198N,21.303909611927963E,[]
245,Tam Điệp-4118.jpeg,0.9645600318908693,105.95411360310817N,20.177636544521878E,[]
246,Mỹ Tho-1550.jpeg,0.9645135924220084,106.34918643792071N,10.3570072722454E,['833.jpeg']
248,Sa Đéc City-558.jpeg,0.9644717127084732,105.75592837463535N,10.282888271074373E,['531.jpeg']
249,Mỹ Hào District-1176.jpeg,0.9644459933042526,106.10507129940774N,20.91771640921813E,[]
251,Cao Lanh City-3509.jpeg,0.9644281268119812,105.6482022992347N,10.47291807429077E,['20.jpeg']
252,Go Cong Town-3290.jpeg,0.964373119175434,106.60461171663259N,10.425033676001851E,[]
253,Go Cong Town-1651.jpeg,0.9643515050411224,106.68544256872082N,10.385957139878546E,[]
254,Long Hồ District-5243.jpeg,0.9643447250127792,105.9235788658741N,10.220016175655811E,[]
255,Hiệp Hòa District-8229.jpeg,0.9643434211611748,105.98038746279394N,21.373977883599547E,[]
257,Duy Tiên District-2470.jpeg,0.9643278867006302,105.94033506327347N,20.632173377902483E,[]
258,Hiệp Hòa District-5435.jpeg,0.9643257558345796,105.8935941907992N,21.333553880712092E,['159.jpeg']
259,Sa Đéc City-1998.jpeg,0.9643113017082214,105.74223203920499N,10.33409200806352E,[]
260,Sa Đéc City-767.jpeg,0.9642379060387612,105.77373361069478N,10.289625604888732E,['910.jpeg']
261,Yên Mỹ District-3777.jpeg,0.9642113745212556,106.05512656775774N,20.917868478567776E,"['240.jpeg', '241.jpeg']"
262,Cao Lanh City-3056.jpeg,0.9641925618052484,105.58791183307821N,10.46348580695066E,['499.jpeg']
263,Tây Ninh City-2189.jpeg,0.964182749390602,106.15124182504802N,11.350169973967462E,[]
265,Bến Tre City-1622.jpeg,0.9641498997807504,106.40498635734843N,10.23676267278597E,['717.jpeg']
266,Duy Tiên District-2980.jpeg,0.9641228541731834,105.99504764575553N,20.638910711717042E,['310.jpeg']
267,Chau Doc City-3703.jpeg,0.964101068675518,105.12756175842237N,10.693090075503628E,"['471.jpeg', '472.jpeg']"
268,Trà Vinh City-919.jpeg,0.9640792608261108,106.30577269956223N,9.924361972121927E,[]
269,Go Cong Town-880.jpeg,0.9640436172485352,106.67037240985691N,10.365745138435459E,['858.jpeg']
270,Go Cong Town-1383.jpeg,0.9640097618103028,106.65804227987738N,10.379219806064183E,[]
271,Trà Vinh City-977.jpeg,0.9640019461512566,106.34271004660732N,9.925709438884796E,[]
272,Bến Tre City-3200.jpeg,0.9639937356114388,106.33926163933714N,10.267754408332031E,"['704.jpeg', '698.jpeg', '689.jpeg']"
273,Phu Ly City-192.jpeg,0.9639526829123496,105.90993402876035N,20.50468560736285E,['395.jpeg']
274,Tam Điệp-2234.jpeg,0.9639242440462112,105.89956789312502N,20.15338214278953E,[]
275,Trà Vinh City-1920.jpeg,0.963879220187664,106.34818224616954N,9.964785975008068E,[]
276,Mỹ Hào District-1167.jpeg,0.963824450969696,106.09208777598282N,20.91771640921813E,[]
277,Trà Vinh City-1864.jpeg,0.9638150930404664,106.3372378470451N,9.963438508245199E,['736.jpeg']
278,Tam Điệp-3622.jpeg,0.963813714683056,105.94406570916391N,20.17089921070733E,[]
279,Hiệp Hòa District-909.jpeg,0.9637787565588952,105.97749435372745N,21.25944320875178E,['169.jpeg']
280,Chau Doc City-2905.jpeg,0.9637759104371072,105.09465161365743N,10.680962874637771E,['464.jpeg']
281,Hiệp Hòa District-6697.jpeg,0.9637386202812196,105.9442235994628N,21.349723481867073E,[]
283,Hiệp Hòa District-4404.jpeg,0.9636795297265052,105.93265116319684N,21.318731746320022E,['157.jpeg']
284,Long Hồ District-4672.jpeg,0.9635997638106346,105.94822528089293N,10.207888974789961E,[]
286,Hiệp Hòa District-2951.jpeg,0.963541217148304,106.0266772078578N,21.295824811350474E,[]
287,Phu Ly City-3683.jpeg,0.963534578680992,105.90993402876035N,20.574753879034187E,"['347.jpeg', '346.jpeg']"
288,Hiệp Hòa District-7315.jpeg,0.9634846821427344,106.0107651079921N,21.357808282444562E,[]
290,Yên Mỹ District-1153.jpeg,0.963469848036766,106.0205108548486N,20.873402075391663E,[]
293,Yên Mỹ District-4066.jpeg,0.9633795693516732,106.04647263953045N,20.92460581238234E,"['238.jpeg', '239.jpeg']"
294,Phu Ly City-2042.jpeg,0.9633743762969972,105.91712892631695N,20.542414676724338E,"['631.jpeg', '634.jpeg']"
296,Bac Giang City-2458.jpeg,0.9633132442831992,106.23721673817117N,21.290132011348653E,[]
297,Hiệp Hòa District-4005.jpeg,0.9632993116974832,106.01799788065833N,21.311994412505456E,['181.jpeg']
298,Go Cong Town-1365.jpeg,0.9632837176322936,106.63338201991824N,10.379219806064183E,[]
300,Go Cong Town-3622.jpeg,0.9632222205400468,106.61420181772779N,10.430423543053335E,[]
302,Long Hồ District-5754.jpeg,0.9632125645875932,105.98382565814235N,10.229448442995913E,[]
303,Go Cong Town-1588.jpeg,0.963189110159874,106.6662623665304N,10.384609673115675E,[]
304,Hiệp Hòa District-957.jpeg,0.9631724581122398,105.97315469012771N,21.260790675514695E,['170.jpeg']
305,Hoa Lư District-551.jpeg,0.9631685242056848,105.92485544577856N,20.20068670784212E,[]
306,Tam Điệp-2520.jpeg,0.9630801379680634,105.90961578706928N,20.15742454307825E,"['890.jpeg', '893.jpeg']"
307,Duy Tiên District-1840.jpeg,0.963060848414898,105.99072823134907N,20.622741110562114E,[]
309,Chau Doc City-1374.jpeg,0.9630401656031607,105.12070547826302N,10.655361006143185E,['960.jpeg']
310,Cai Lậy Town-4438.jpeg,0.9630197659134864,106.11283998753794N,10.445054576295032E,[]
311,Yên Mỹ District-3493.jpeg,0.9630074054002762,106.03637638993193N,20.912478611516125E,"['266.jpeg', '267.jpeg']"
312,Mỹ Hào District-2238.jpeg,0.962975300848484,106.03438322742775N,20.93927587742473E,[]
313,Châu Thành District-6365.jpeg,0.9629569500684738,106.29916240125785N,10.296083406902813E,[]
315,Chau Doc City-4650.jpeg,0.9629189223051072,105.11522045413554N,10.714649543709605E,['466.jpeg']
316,Duy Tiên District-4046.jpeg,0.9629177302122116,105.97633018332745N,20.65373284610907E,['314.jpeg']
317,Thái Bình-2278.jpeg,0.96290884912014,106.31481617319312N,20.46754464403813E,[]
318,Phu Ly City-1582.jpeg,0.9628662019968032,105.98619994286031N,20.53432987614687E,"['357.jpeg', '358.jpeg']"
319,Hiệp Hòa District-3436.jpeg,0.9628614038228988,105.99919267172614N,21.303909611927963E,['179.jpeg']
320,Trà Vinh City-1018.jpeg,0.9628560170531272,106.32492539803008N,9.92840437241054E,[]
322,Hiệp Hòa District-684.jpeg,0.9628360942006112,105.96013569932848N,21.25270587493721E,[]
323,Go Cong Town-2835.jpeg,0.9628285318613052,106.67722248206778N,10.415601408661741E,[]
324,Duy Tiên District-2962.jpeg,0.9627909064292908,105.96913115931666N,20.638910711717042E,['338.jpeg']
325,Duy Tiên District-2232.jpeg,0.9627844914793968,106.00944569377715N,20.62813097761375E,"['316.jpeg', '315.jpeg']"
326,Duy Tiên District-3644.jpeg,0.9627796411514282,105.95905252570155N,20.64834297905743E,['618.jpeg']
327,Mỹ Tho-3416.jpeg,0.9627066180109978,106.34918643792071N,10.389346474554337E,[]
328,Mỹ Hào District-3736.jpeg,0.962682083249092,106.07477641141628N,20.964877745920074E,"['107.jpeg', '621.jpeg']"
330,Hiệp Hòa District-9660.jpeg,0.9626416340470314,105.98038746279394N,21.411706952961175E,[]
331,Go Cong Town-760.jpeg,0.9626349434256554,106.65393223655084N,10.363050204909717E,['845.jpeg']
332,Thanh Liêm District-4267.jpeg,0.9625720307230948,105.9275776143036N,20.459877612810402E,[]
333,Tam Điệp-1841.jpeg,0.9625707864761353,105.92971157495782N,20.146644808974987E,[]
334,Go Cong Town-188.jpeg,0.9625230729579926,106.65941229431952N,10.345533136992373E,[]
335,Hiệp Hòa District-2680.jpeg,0.9625116884708405,105.98328057186043N,21.291782411061728E,[]
336,Go Cong Town-266.jpeg,0.962507113814354,106.67174242429908N,10.348228070518116E,[]
339,Go Cong Town-219.jpeg,0.9624468460679054,106.65530225099302N,10.346880603755244E,[]
340,Go Cong Town-823.jpeg,0.9624457955360411,106.6662623665304N,10.364397671672586E,[]
341,Hung Yen City-1064.jpeg,0.9624415934085846,106.07920439866642N,20.63408734150355E,['301.jpeg']
342,Binh Minh Town-2311.jpeg,0.9624212458729744,105.8679527838869N,10.046373473881486E,[]
343,Long Xuyen City-4576.jpeg,0.9624203890562056,105.41393007181749N,10.410864943910134E,['936.jpeg']
344,Duy Tiên District-1244.jpeg,0.9623968675732611,105.98064959773394N,20.61196137645883E,['335.jpeg']
346,Bac Giang City-1451.jpeg,0.9623660296201706,106.16347291657819N,21.272614943430767E,"['191.jpeg', '190.jpeg']"
347,Yên Mỹ District-551.jpeg,0.9623457938432692,106.06522281735626N,20.859927407762545E,"['257.jpeg', '256.jpeg']"
348,Tam Điệp-1740.jpeg,0.9623373225331306,105.89526165286318N,20.145297342212086E,['119.jpeg']
350,Mỹ Hào District-349.jpeg,0.962300844490528,106.09064516226894N,20.896156941011533E,[]
351,Tây Ninh City-353.jpeg,0.9622978270053864,106.08664411337115N,11.308398504318339E,"['989.jpeg', '964.jpeg']"
352,Go Cong Town-2600.jpeg,0.9622729495167732,106.68681258316299N,10.410211541610249E,[]
354,Thái Bình-1947.jpeg,0.9622607082128524,106.32632120285044N,20.45945984346067E,"['448.jpeg', '447.jpeg']"
356,Yên Mỹ District-3005.jpeg,0.9622437879443168,105.9729142495985N,20.90439381093865E,[]
357,Tây Ninh City-6082.jpeg,0.962235689163208,106.15399066384279N,11.417543312111215E,[]
358,Go Cong Town-680.jpeg,0.962235227227211,106.6922926409317N,10.36035527138397E,['854.jpeg']
359,Hiệp Hòa District-7979.jpeg,0.9622347429394722,105.92107872693089N,21.369935483310798E,['142.jpeg']
360,Hiệp Hòa District-2825.jpeg,0.9622226431965828,105.96158225386175N,21.29447734458756E,['178.jpeg']
361,Yên Mỹ District-2290.jpeg,0.96222086250782,105.97868353508333N,20.89226661007244E,['263.jpeg']
362,Phu Ly City-3982.jpeg,0.9622151032090188,105.95166443458864N,20.58149121284874E,['620.jpeg']
366,Go Cong Town-3552.jpeg,0.9621758386492728,106.62653194770735N,10.429076076290466E,[]
367,Tây Ninh City-812.jpeg,0.9621629789471626,106.10726040433188N,11.320525705184215E,[]
369,Go Cong Town-2310.jpeg,0.962144024670124,106.6662623665304N,10.403474207795886E,[]
371,Hung Yen City-2092.jpeg,0.9621217921376228,106.0547231241024N,20.6637316102876E,"['285.jpeg', '284.jpeg']"
372,Go Cong Town-3669.jpeg,0.9621011838316916,106.67859249650996N,10.430423543053335E,[]
373,Go Cong Town-237.jpeg,0.962091624736786,106.67996251095214N,10.346880603755244E,[]
374,Duy Tiên District-1299.jpeg,0.9620872363448144,105.98928842654688N,20.61330884322173E,[]
375,Long Hồ District-4972.jpeg,0.9620551317930222,106.0043643373247N,10.21327884184145E,[]
376,Hiệp Hòa District-9242.jpeg,0.962046466767788,105.99485300812638N,21.398232285332025E,"['134.jpeg', '133.jpeg']"
381,Duy Tiên District-1714.jpeg,0.961914137005806,105.9417748680756N,20.621393643799195E,['336.jpeg']
382,Yên Mỹ District-1817.jpeg,0.9618943184614182,106.03349174718953N,20.884181809494965E,['246.jpeg']
384,Tam Điệp-2057.jpeg,0.9618641436100006,105.8966970662838N,20.150687209263705E,[]
385,Duy Tiên District-3529.jpeg,0.9618593454360962,105.93457584406481N,20.64699551229451E,['319.jpeg']
386,Long Hồ District-7651.jpeg,0.9618533626198768,105.99751811093057N,10.280652179985056E,['550.jpeg']
387,Long Xuyen City-2665.jpeg,0.9618409797549248,105.39749189587363N,10.369093474261087E,['918.jpeg']
388,Cai Lậy Town-2250.jpeg,0.9618225246667862,106.12928100898819N,10.403283106645986E,[]
389,Long Hồ District-3702.jpeg,0.961781956255436,105.96328697896001N,10.190371906872624E,[]
390,Châu Thành District-10168.jpeg,0.9617586433887482,106.36489806494536N,10.325727675686002E,[]
392,Hiệp Hòa District-6083.jpeg,0.9617477357387544,105.90950629066491N,21.34163868128958E,['145.jpeg']
395,Thái Bình-1124.jpeg,0.9617175236344336,106.35364564828656N,20.441942775542838E,['443.jpeg']
396,Ninh Bình-1992.jpeg,0.96170674264431,105.94716528839054N,20.26847681073798E,"['872.jpeg', '114.jpeg']"
398,Go Cong Town-3823.jpeg,0.961678482592106,106.67448245318344N,10.43311847657908E,[]
400,Phu Ly City-50.jpeg,0.9616304934024812,105.90417811071508N,20.492558406496656E,[]
401,Chau Doc City-4764.jpeg,0.9616044238209724,105.11110668603992N,10.72273434428684E,"['7.jpeg', '6.jpeg']"
403,Tây Ninh City-2114.jpeg,0.9615639448165894,106.13887205047158N,11.348822507204586E,[]
404,Duy Tiên District-2072.jpeg,0.961559496819973,105.91729818643888N,20.626783510850842E,['328.jpeg']
406,Trà Vinh City-2471.jpeg,0.9615146890282632,106.36186274507514N,9.978260642636783E,"['571.jpeg', '572.jpeg']"
407,Hung Yen City-529.jpeg,0.9615100622177124,106.05616319907675N,20.623307607400267E,[]
408,Go Cong Town-1460.jpeg,0.9614787697792052,106.69366265537386N,10.380567272827056E,[]
409,Duy Tiên District-1524.jpeg,0.9614379480481148,105.92593701525183N,20.618698710273378E,[]
410,Chau Doc City-4520.jpeg,0.9614342078566552,105.12070547826302N,10.70925967665811E,['469.jpeg']
411,Ninh Bình-563.jpeg,0.961424633860588,105.97445293692057N,20.229400274613628E,['880.jpeg']
412,Go Cong Town-2854.jpeg,0.9614175781607628,106.61283180328563N,10.416948875424618E,[]
413,Go Cong Town-123.jpeg,0.961415059864521,106.65941229431952N,10.342838203466629E,[]
414,Yên Mỹ District-745.jpeg,0.9613612666726112,106.03493406856072N,20.86531727481419E,['255.jpeg']
415,Thanh Liêm District-4108.jpeg,0.9613402709364892,105.9692812636395N,20.457182679284582E,['368.jpeg']
417,Phu Ly City-3808.jpeg,0.9613251462578772,105.93439668045279N,20.577448812560007E,[]
418,Sa Đéc City-877.jpeg,0.961289055645466,105.75866764172143N,10.293668005177352E,"['906.jpeg', '907.jpeg']"
420,Hiệp Hòa District-3905.jpeg,0.9612547531723976,106.0078719989256N,21.310646945742537E,['180.jpeg']
421,Go Cong Town-1307.jpeg,0.9612451270222664,106.69503266981602N,10.37652487253844E,[]
422,Hiệp Hòa District-4615.jpeg,0.9612212181091307,105.97749435372745N,21.321426679845857E,[]
423,Hung Yen City-2374.jpeg,0.9612163677811624,106.06336357394854N,20.673163877627978E,"['278.jpeg', '279.jpeg']"
424,Go Cong Town-2478.jpeg,0.9612108543515204,106.67311243874127N,10.407516608084503E,[]
425,Long Xuyen City-3817.jpeg,0.9612042978405952,105.44269687971922N,10.392000409229915E,[]
426,Binh Minh Town-3192.jpeg,0.9611616805195808,105.8077409557544N,10.06793294208743E,['24.jpeg']
427,Mỹ Tho-1145.jpeg,0.9611613005399704,106.34370720788327N,10.350269938431039E,[]
428,Long Xuyen City-4910.jpeg,0.9611601084470748,105.4468064237052N,10.418949744487366E,[]
429,Hoa Lư District-4103.jpeg,0.9611580967903136,105.96219762730111N,20.29366191448283E,['415.jpeg']
430,Go Cong Town-2593.jpeg,0.9611536115407944,106.67722248206778N,10.410211541610249E,[]
431,Mỹ Hào District-3843.jpeg,0.96114082634449,106.06900595656079N,20.971615079734644E,[]
432,Go Cong Town-2831.jpeg,0.9611363857984544,106.67174242429908N,10.415601408661741E,[]
433,Trà Vinh City-1110.jpeg,0.9611319825053216,106.34818224616954N,9.932446772699157E,[]
434,Phu Ly City-792.jpeg,0.9611184298992156,105.9200068853396N,20.522202675280678E,['638.jpeg']
435,Thái Bình-929.jpeg,0.9611173123121262,106.36371254923672N,20.437900375254113E,['459.jpeg']
436,Hoa Lư District-3999.jpeg,0.9611140787601472,105.90905683051905N,20.29231444771992E,"['411.jpeg', '410.jpeg']"
439,Go Cong Town-1432.jpeg,0.9610849544405936,106.65530225099302N,10.380567272827056E,[]
440,Duy Tiên District-3613.jpeg,0.9610772281885148,105.91441857683458N,20.64834297905743E,['322.jpeg']
441,Chau Doc City-2406.jpeg,0.9610719606280328,105.13716055064552N,10.67287807406053E,['476.jpeg']
442,Châu Thành District-2131.jpeg,0.9610588997602464,106.24438268151823N,10.269134071645368E,[]
443,Hiệp Hòa District-2394.jpeg,0.961057998239994,106.00353233532584N,21.286392544010077E,[]
444,Hung Yen City-1485.jpeg,0.9610506668686868,106.05184297415371N,20.64486707560684E,"['290.jpeg', '289.jpeg']"
445,Duy Tiên District-4422.jpeg,0.9610232040286064,105.98640881694259N,20.65912271316071E,['313.jpeg']
446,Thanh Liêm District-7605.jpeg,0.9610107019543648,105.98078571862875N,20.511081349800993E,"['362.jpeg', '363.jpeg']"
447,Go Cong Town-3346.jpeg,0.9609836414456367,106.68133252539432N,10.425033676001851E,[]
449,Duy Tiên District-1702.jpeg,0.9609673619270324,105.92449721044969N,20.621393643799195E,[]
450,Hung Yen City-1329.jpeg,0.9609564170241356,106.04608267425627N,20.64082467531811E,[]
451,Mỹ Hào District-270.jpeg,0.9609451442956924,106.09785823083833N,20.89346200748571E,"['223.jpeg', '224.jpeg']"
452,Sa Đéc City-2693.jpeg,0.9609416872262956,105.72442680314552N,10.363736276846712E,['520.jpeg']
453,Duy Tiên District-1533.jpeg,0.9609324485063552,105.93889525847129N,20.618698710273378E,[]
454,Cai Lậy Town-4211.jpeg,0.9609252363443376,106.12654083874648N,10.441012176006414E,[]
455,Long Xuyen City-2252.jpeg,0.9609122425317764,105.37694417594385N,10.361008673683854E,[]
456,Cao Lanh City-4206.jpeg,0.9609019607305528,105.61531659042207N,10.487740208682368E,['509.jpeg']
458,Sa Đéc City-1156.jpeg,0.9608882144093512,105.743601672748N,10.303100272517458E,['525.jpeg']
460,Thái Bình-657.jpeg,0.9608710706233978,106.34501687604359N,20.432510508202476E,['444.jpeg']
464,Go Cong Town-461.jpeg,0.960802175104618,106.66489235208824N,10.354965404332479E,['848.jpeg']
467,Yên Mỹ District-2125.jpeg,0.9607577174901962,105.98589514193941N,20.889571676546616E,"['624.jpeg', '262.jpeg', '623.jpeg']"
468,Tam Điệp-4266.jpeg,0.9606973677873611,105.89956789312502N,20.18033147804769E,[]
469,Mỹ Tho-2755.jpeg,0.960689902305603,106.39028066320114N,10.377219273688485E,['839.jpeg']
470,Bac Giang City-2155.jpeg,0.9606809392571448,106.21552737887913N,21.284742144297002E,[]
471,Go Cong Town-3867.jpeg,0.9606715440750122,106.62653194770735N,10.434465943341957E,"['841.jpeg', '843.jpeg']"
472,Cao Lanh City-2855.jpeg,0.9606638848781586,105.6427213477659N,10.458095939899168E,['950.jpeg']
474,Go Cong Town-3178.jpeg,0.9606258198618888,106.67448245318344N,10.422338742476105E,[]
476,Bến Tre City-490.jpeg,0.9605850726366044,106.37212399834277N,10.211160804291403E,['718.jpeg']
477,Cai Lậy Town-5385.jpeg,0.960561953485012,106.10187930657109N,10.46257164421238E,[]
478,Go Cong Town-3870.jpeg,0.9605619087815284,106.6306419910339N,10.434465943341957E,['843.jpeg']
481,Cai Lậy Town-2614.jpeg,0.9605479836463928,106.13887160483415N,10.410020440460348E,['86.jpeg']
483,Tam Điệp-2623.jpeg,0.9605008214712144,105.91822826759295N,20.158772009841154E,[]
485,Hoa Lư District-4224.jpeg,0.9604843109846116,105.94927148754331N,20.296356848008656E,"['407.jpeg', '406.jpeg']"
486,Bến Tre City-1445.jpeg,0.9604735895991324,106.36253914363279N,10.234067739260228E,['702.jpeg']
487,Binh Minh Town-2123.jpeg,0.9604735895991324,105.88984799411695N,10.04233107359287E,[]
488,Bến Tre City-2574.jpeg,0.9604732543230056,106.39677076759702N,10.252932273940436E,[]
490,Go Cong Town-4473.jpeg,0.9604670777916908,106.64160210657127N,10.447940610970683E,[]
492,Binh Minh Town-2294.jpeg,0.9604454711079596,105.84468912301752N,10.046373473881486E,[]
493,Long Xuyen City-2365.jpeg,0.9604391902685164,105.44817627170053N,10.362356140446725E,['10.jpeg']
494,Phu Ly City-1878.jpeg,0.9604390934109688,105.91856790582827N,20.539719743198518E,"['646.jpeg', '632.jpeg', '630.jpeg', '644.jpeg']"
495,Trà Vinh City-2186.jpeg,0.9604314863681792,106.35775859540348N,9.971523308822425E,[]
496,Go Cong Town-430.jpeg,0.9604147300124168,106.67996251095214N,10.35361793756961E,['58.jpeg']
497,Long Xuyen City-2498.jpeg,0.9603914692997932,105.44406672771456N,10.365051073972468E,[]
499,Vĩnh Long-1539.jpeg,0.960361585021019,105.94869725199236N,10.257082205454365E,['656.jpeg']
500,Chau Doc City-4403.jpeg,0.9603590220212936,105.09876538175307N,10.706564743132363E,[]
501,Cao Lanh City-1476.jpeg,0.960334300994873,105.60435468748452N,10.433841538167465E,['494.jpeg']
502,Binh Minh Town-3415.jpeg,0.9603120684623718,105.84332067237811N,10.073322809138919E,[]
503,Thái Bình-1710.jpeg,0.9603070989251136,106.33207371767911N,20.454069976409034E,['449.jpeg']
504,Long Hồ District-4307.jpeg,0.9602988287806512,105.9181018847588N,10.201151640975601E,[]
505,Hiệp Hòa District-8139.jpeg,0.9602972120046616,105.9471167085293N,21.37263041683663E,"['140.jpeg', '141.jpeg']"
506,Duy Tiên District-3468.jpeg,0.9602852687239648,105.98784862174475N,20.645648045531594E,['312.jpeg']
507,Vĩnh Long-418.jpeg,0.960284598171711,105.96923722852861N,10.236870204011284E,['665.jpeg']
508,Go Cong Town-3815.jpeg,0.9602845311164856,106.66352233764604N,10.43311847657908E,[]
511,Châu Thành District-8127.jpeg,0.9602754339575768,106.27451152737501N,10.308210607768663E,[]
512,Long Hồ District-1253.jpeg,0.9602633491158484,105.9235788658741N,10.16072763808944E,['652.jpeg']
513,Cai Lậy Town-1667.jpeg,0.9602587968111038,106.17997415845981N,10.392503372543006E,['775.jpeg']
514,Binh Minh Town-3185.jpeg,0.9602560475468636,105.79816180127872N,10.06793294208743E,"['26.jpeg', '25.jpeg']"
515,Duy Tiên District-5825.jpeg,0.9602552875876428,106.01664471778795N,20.688766981944756E,[]
516,Duy Tiên District-1296.jpeg,0.9602544978260994,105.98496901214044N,20.61330884322173E,['339.jpeg']
517,Hung Yen City-1307.jpeg,0.960194244980812,106.08784484851255N,20.6394772085552E,['303.jpeg']
518,Go Cong Town-2278.jpeg,0.9601932093501092,106.62242190438084N,10.403474207795886E,[]
520,Tam Điệp-4652.jpeg,0.960174821317196,105.88234293207772N,20.188416278625144E,['885.jpeg']
521,Yên Mỹ District-1989.jpeg,0.9601626992225648,106.03637638993193N,20.886876743020792E,"['244.jpeg', '245.jpeg']"
522,Hung Yen City-819.jpeg,0.9601409360766412,106.10368567323044N,20.628697474451904E,[]
523,Mỹ Hào District-3709.jpeg,0.9601387232542038,106.08631732112731N,20.963530279157165E,[]
524,Go Cong Town-257.jpeg,0.960135079920292,106.65941229431952N,10.348228070518116E,[]
525,Cai Lậy Town-3944.jpeg,0.9601251780986786,106.19093483942662N,10.435622308954924E,['779.jpeg']
527,Bac Giang City-1923.jpeg,0.9601069539785384,106.21552737887913N,21.280699744008253E,"['202.jpeg', '201.jpeg']"
530,Cai Lậy Town-2467.jpeg,0.9600740075111388,106.13065109410903N,10.407325506934605E,['87.jpeg']
532,Hoa Lư District-72.jpeg,0.9600506275892258,105.95070772529417N,20.181822173161397E,[]
533,Trà Vinh City-101.jpeg,0.960046909749508,106.34271004660732N,9.893370236575885E,"['752.jpeg', '738.jpeg']"
534,Duy Tiên District-8.jpeg,0.9600465148687364,105.97776998812962N,20.559410172705306E,"['360.jpeg', '361.jpeg']"
535,Thanh Liêm District-1884.jpeg,0.9600307494401932,105.94052012616646N,20.424843476974743E,['371.jpeg']
538,Hiệp Hòa District-1157.jpeg,0.9600123688578606,105.9283114995971N,21.26618054256636E,['163.jpeg']
539,Mỹ Hào District-1241.jpeg,0.9600025415420532,106.10939914054937N,20.919063875981042E,"['226.jpeg', '227.jpeg']"
540,Go Cong Town-3954.jpeg,0.959999717772007,106.63749206324476N,10.435813410104826E,[]
542,Go Cong Town-3205.jpeg,0.9599791690707208,106.60187168774827N,10.423686209238976E,[]
543,Cai Lậy Town-2458.jpeg,0.9599774330854416,106.11832032802134N,10.407325506934605E,['84.jpeg']
544,Duy Tiên District-4760.jpeg,0.9599727019667624,105.9417748680756N,20.66451258021235E,"['324.jpeg', '323.jpeg']"
546,Bac Giang City-2246.jpeg,0.959960736334324,106.23866269545731N,21.286089611059918E,"['187.jpeg', '186.jpeg']"
547,Long Hồ District-3201.jpeg,0.9599213302135468,106.00162584676706N,10.183634573058265E,['568.jpeg']
548,Chau Doc City-1540.jpeg,0.9598939046263696,105.05214267666935N,10.6594034064318E,['478.jpeg']
549,Mỹ Hào District-2787.jpeg,0.9598894715309144,106.09064516226894N,20.947360678002212E,"['213.jpeg', '214.jpeg']"
550,Thái Bình-1384.jpeg,0.9598671793937684,106.33638810380059N,20.447332642594482E,['102.jpeg']
551,Go Cong Town-423.jpeg,0.9598665162920952,106.67037240985691N,10.35361793756961E,[]
552,Binh Minh Town-3884.jpeg,0.95985908806324,105.82689926470562N,10.086797476767636E,[]
554,Mỹ Hào District-2246.jpeg,0.9598280042409896,106.04592413713877N,20.93927587742473E,['212.jpeg']
555,Mỹ Tho-2444.jpeg,0.9598106145858764,106.38069201063568N,10.371829406636992E,[]
556,Bac Giang City-576.jpeg,0.9598092660307884,106.16636483115046N,21.251055475224135E,[]
557,Hiệp Hòa District-7205.jpeg,0.9597888067364692,105.9847271263937N,21.356460815681647E,"['995.jpeg', '123.jpeg', '124.jpeg']"
558,Thanh Liêm District-5189.jpeg,0.9597748592495918,105.90744481807246N,20.473352280439503E,[]
561,Mỹ Tho-1349.jpeg,0.9597553536295892,106.40260893078528N,10.352964871956782E,[]
562,Hiệp Hòa District-6487.jpeg,0.959736093878746,105.91239939973141N,21.347028548341235E,['144.jpeg']
563,Phu Ly City-2100.jpeg,0.9597341492772102,105.88834933609054N,20.543762143487246E,['349.jpeg']
564,Thanh Liêm District-7293.jpeg,0.9597285687923433,105.9275776143036N,20.505691482749345E,['397.jpeg']
565,Hoa Lư District-3975.jpeg,0.959720715880394,105.97368752930801N,20.290966980957013E,['409.jpeg']
567,Hiệp Hòa District-8967.jpeg,0.9597102031111716,105.97170813559445N,21.391494951517444E,['997.jpeg']
568,Go Cong Town-3774.jpeg,0.9596811532974244,106.60735174551695N,10.43311847657908E,[]
569,Vĩnh Long-143.jpeg,0.9596689715981483,105.95417457906869N,10.230132870196922E,"['658.jpeg', '42.jpeg']"
571,Mỹ Hào District-2431.jpeg,0.9596560224890708,106.06900595656079N,20.94197081095056E,['235.jpeg']
573,Hiệp Hòa District-1410.jpeg,0.9596293792128564,105.97170813559445N,21.270222942855092E,[]
575,Mỹ Tho-1344.jpeg,0.9595426470041276,106.39575989323852N,10.352964871956782E,[]
576,Phu Ly City-2627.jpeg,0.9595392048358916,105.88834933609054N,20.553194410827626E,[]
577,Go Cong Town-2025.jpeg,0.9595291689038276,106.6457121498978N,10.396736873981526E,[]
578,Hiệp Hòa District-2757.jpeg,0.9595269113779068,105.98038746279394N,21.293129877824647E,['176.jpeg']
579,Mỹ Tho-3106.jpeg,0.9595207273960114,106.35329586044872N,10.383956607502846E,['809.jpeg']
580,Châu Thành District-1283.jpeg,0.9595201909542084,106.24301318852476N,10.262396737831006E,[]
581,Go Cong Town-1800.jpeg,0.959516391158104,106.68681258316299N,10.389999540167166E,[]
583,Thái Bình-3216.jpeg,0.9594835489988328,106.33926436121493N,20.49584144605925E,['455.jpeg']
584,Cai Lậy Town-4866.jpeg,0.9594651982188224,106.17860407333892N,10.4517919101094E,[]
585,Long Xuyen City-4643.jpeg,0.9594384506344796,105.43310794375199N,10.412212410673003E,[]
586,Long Hồ District-3924.jpeg,0.959438033401966,106.01394905427645N,10.193066840398368E,['684.jpeg']
587,Hiệp Hòa District-518.jpeg,0.9594252854585648,105.94277704492954N,21.247316007885544E,['164.jpeg']
589,Thái Bình-1621.jpeg,0.9593761339783669,106.39103699467285N,20.451375042883214E,[]
590,Thái Bình-426.jpeg,0.9593624994158744,106.33351184638626N,20.427120641150832E,[]
592,Hiệp Hòa District-7954.jpeg,0.9593191370368004,105.98906678999342N,21.368588016547882E,[]
593,Binh Minh Town-3395.jpeg,0.9593190401792526,105.81595165959065N,10.073322809138919E,['28.jpeg']
594,Hiệp Hòa District-6131.jpeg,0.9593101367354392,105.97894090826068N,21.34163868128958E,[]
597,Sa Đéc City-760.jpeg,0.959226317703724,105.76414617589354N,10.289625604888732E,['909.jpeg']
599,Ninh Bình-500.jpeg,0.9591900259256364,106.0003043934227N,20.226705341087808E,['866.jpeg']
600,Châu Thành District-1123.jpeg,0.9591790586709976,106.23616572355732N,10.261049271068135E,[]
601,Thái Bình-1584.jpeg,0.9591388180851936,106.33782623250777N,20.451375042883214E,['101.jpeg']
602,Go Cong Town-153.jpeg,0.9591378942131996,106.65667226543519N,10.344185670229502E,[]
604,Thanh Liêm District-3613.jpeg,0.9591036438941956,105.954900694903N,20.450445345470033E,[]
605,Duy Tiên District-985.jpeg,0.95907524228096,105.9561729160972N,20.605224042644267E,"['334.jpeg', '333.jpeg']"
607,Long Xuyen City-2125.jpeg,0.9590486213564872,105.4536556636818N,10.356966273395233E,[]
609,Tây Ninh City-2146.jpeg,0.9590158388018608,106.0921417909607N,11.350169973967462E,['609.jpeg']
611,Châu Thành District-6454.jpeg,0.958984725177288,106.42104727767847N,10.296083406902813E,[]
612,Long Xuyen City-4641.jpeg,0.958984486758709,105.43036824776134N,10.412212410673003E,[]
614,Thanh Liêm District-1438.jpeg,0.958932064473629,105.93476789867186N,20.416758676397286E,['373.jpeg']
616,Tam Điệp-3708.jpeg,0.9589047208428384,105.91535744075173N,20.17224667747024E,[]
617,Hoa Lư District-2307.jpeg,0.9589001312851906,105.93490911003464N,20.2438056442552E,"['428.jpeg', '427.jpeg']"
618,Long Hồ District-1144.jpeg,0.9588981121778488,105.92084037531647N,10.15938017132657E,['35.jpeg']
619,Binh Minh Town-3004.jpeg,0.958892211318016,105.82553081406625N,10.062543075035945E,[]
620,Thanh Liêm District-2502.jpeg,0.9588812440633774,105.96209097927128N,20.434275744315112E,['370.jpeg']
621,Hung Yen City-2994.jpeg,0.9588784128427504,106.03744222441014N,20.69337587907165E,[]
622,Cao Lanh City-2530.jpeg,0.9588650688529016,105.6427213477659N,10.45135860608481E,['949.jpeg']
623,Châu Thành District-6220.jpeg,0.9588525518774986,106.38270147386073N,10.294735940139942E,[]
624,Mỹ Hào District-791.jpeg,0.9588127732276917,106.10939914054937N,20.90828414187774E,"['221.jpeg', '222.jpeg']"
625,Thái Bình-304.jpeg,0.9587743505835532,106.34645500475075N,20.4217307740992E,['462.jpeg']
627,Tam Điệp-3047.jpeg,0.9587171822786332,105.92827616153721N,20.16416187689279E,"['888.jpeg', '117.jpeg']"
628,Cai Lậy Town-1867.jpeg,0.9586953818798064,106.12106049826308N,10.39654577283162E,['765.jpeg']
629,Go Cong Town-1687.jpeg,0.9586805626749992,106.66900239541475N,10.387304606641418E,[]
630,Mỹ Tho-976.jpeg,0.9586783200502396,106.3272695177711N,10.34757500490529E,['584.jpeg']
633,Duy Tiên District-3195.jpeg,0.9586219638586044,106.02096413219442N,20.641605645242862E,['309.jpeg']
634,Ninh Bình-2307.jpeg,0.958620198071003,105.9586548246137N,20.28060401160416E,"['864.jpeg', '115.jpeg']"
635,Thái Bình-2039.jpeg,0.9585915133357048,106.37377945018686N,20.460807310223583E,[]
636,Thanh Liêm District-1184.jpeg,0.9585914686322212,105.93332984179821N,20.411368809345642E,['374.jpeg']
637,Tam Điệp-4178.jpeg,0.9585837572813034,105.90530954680744N,20.178984011284783E,[]
638,Hoa Lư District-3813.jpeg,0.958511583507061,105.95358020079591N,20.288272047431196E,"['408.jpeg', '414.jpeg']"
639,Long Xuyen City-426.jpeg,0.9585072472691536,105.48379231957885N,10.317889737271937E,[]
640,Cao Lanh City-2579.jpeg,0.95849771797657,105.61531659042207N,10.452706072847676E,['513.jpeg']
641,Go Cong Town-3957.jpeg,0.9584871605038644,106.64160210657127N,10.435813410104826E,[]
642,Go Cong Town-111.jpeg,0.9584730118513108,106.68407255427864N,10.341490736703756E,[]
643,Cao Lanh City-2547.jpeg,0.9584672451019288,105.6660153915082N,10.45135860608481E,[]
646,Vĩnh Long-457.jpeg,0.9584314599633216,105.94595858845419N,10.238217670774157E,[]
647,Vĩnh Long-1706.jpeg,0.9584255442023276,105.94048126137785N,10.259777138980107E,['654.jpeg']
648,Hiệp Hòa District-4486.jpeg,0.9584135487675668,105.92107872693089N,21.32007921308295E,[]
649,Hung Yen City-3244.jpeg,0.9583881348371506,106.05904334902549N,20.701460679649117E,"['271.jpeg', '272.jpeg']"
650,Duy Tiên District-1043.jpeg,0.9583550840616226,105.97201076892097N,20.606571509407175E,[]
651,Hung Yen City-2285.jpeg,0.9583473950624466,106.05616319907675N,20.670468944102158E,['282.jpeg']
652,Vĩnh Long-42.jpeg,0.9583103507757188,105.91583328953435N,10.226090469908309E,[]
653,Go Cong Town-1941.jpeg,0.958305425941944,106.67311243874127N,10.39404194045578E,[]
655,Yên Mỹ District-1260.jpeg,0.9582796841859818,106.0608958532426N,20.874749542154575E,['259.jpeg']
656,Long Xuyen City-1243.jpeg,0.9582639634609222,105.4742033836116N,10.336754271952149E,['930.jpeg']
657,Bến Tre City-2693.jpeg,0.9582413136959076,106.36664693850851N,10.255627207466182E,['701.jpeg']
658,Cao Lanh City-2427.jpeg,0.9582290649414062,105.59750349814857N,10.450011139321935E,['498.jpeg']
659,Duy Tiên District-3127.jpeg,0.958224855363369,105.92305740564751N,20.641605645242862E,"['320.jpeg', '321.jpeg']"
660,Mỹ Tho-2393.jpeg,0.9582242667675018,106.3108318276589N,10.371829406636992E,[]
661,Trà Vinh City-354.jpeg,0.9582166895270348,106.34407809649787N,9.904149970678857E,"['751.jpeg', '731.jpeg']"
662,Thanh Liêm District-4150.jpeg,0.9582141488790512,105.8945023062096N,20.458530146047487E,"['382.jpeg', '381.jpeg']"
663,Cai Lậy Town-6653.jpeg,0.9582139253616332,106.09365879584597N,10.493563379758449E,"['761.jpeg', '760.jpeg', '762.jpeg']"
664,Hung Yen City-3566.jpeg,0.958184264600277,106.0619234989742N,20.712240413752408E,[]
665,Cai Lậy Town-546.jpeg,0.958149328827858,106.12380066850477N,10.373638837862787E,['781.jpeg']
666,Cao Lanh City-3424.jpeg,0.9581417068839072,105.61257611468767N,10.471570607527898E,[]
668,Trà Vinh City-752.jpeg,0.9581371024250984,106.34407809649787N,9.917624638307569E,[]
669,Ninh Bình-408.jpeg,0.9581237360835076,105.97301674489265N,20.224010407561988E,['883.jpeg']
670,Thanh Liêm District-6477.jpeg,0.9580962508916856,105.90456870432516N,20.492216815120244E,[]
672,Phu Ly City-2927.jpeg,0.9580835476517676,105.89554423364714N,20.558584277879262E,[]
675,Cao Lanh City-4391.jpeg,0.9580722898244858,105.58791183307821N,10.491782608970986E,[]
676,Cai Lậy Town-1704.jpeg,0.958056166768074,106.11969041314218N,10.393850839305879E,[]
679,Thái Bình-469.jpeg,0.9580447971820832,106.3234449454361N,20.42846810791374E,[]
680,Tây Ninh City-2415.jpeg,0.9580389484763144,106.1581139220349N,11.354212374256086E,[]
681,Long Hồ District-4933.jpeg,0.9580319598317146,105.95096377145056N,10.21327884184145E,['657.jpeg']
683,Long Hồ District-5516.jpeg,0.9580115452408792,105.94274829977763N,10.225406042707299E,"['562.jpeg', '563.jpeg']"
684,Go Cong Town-4649.jpeg,0.957927703857422,106.65119220766648N,10.456025411547918E,[]
685,Tây Ninh City-511.jpeg,0.9579194709658624,106.10588598493449N,11.312440904606968E,['968.jpeg']
686,Go Cong Town-1344.jpeg,0.9579192772507668,106.6758524676256N,10.37787233930131E,[]
688,Thanh Liêm District-4106.jpeg,0.9579052999615668,105.96640514989222N,20.457182679284582E,[]
689,Phu Ly City-1695.jpeg,0.9578873813152312,105.90273913120375N,20.537024809672698E,"['110.jpeg', '627.jpeg']"
690,Mỹ Hào District-1590.jpeg,0.9578849226236344,106.06900595656079N,20.92714867655852E,[]
691,Mỹ Tho-2677.jpeg,0.9578709304332732,106.38617124067312N,10.37587180692561E,[]
692,Yên Mỹ District-2854.jpeg,0.9578706845641136,105.98012585645456N,20.901698877412823E,['264.jpeg']
693,Yên Mỹ District-1111.jpeg,0.9578702375292778,106.0608958532426N,20.87205460862875E,"['259.jpeg', '258.jpeg']"
694,Cai Lậy Town-6454.jpeg,0.9578677490353584,106.13613143459246N,10.485478579181216E,[]
697,Cao Lanh City-2906.jpeg,0.9578435346484184,105.62764873122678N,10.459443406662043E,[]
698,Thanh Liêm District-7658.jpeg,0.9578350111842155,105.9692812636395N,20.512428816563894E,[]
699,Go Cong Town-1701.jpeg,0.9578316137194632,106.68818259760518N,10.387304606641418E,[]
700,Thái Bình-1326.jpeg,0.957814447581768,106.35076939087223N,20.445985175831574E,['441.jpeg']
701,Cai Lậy Town-2257.jpeg,0.9578045830130576,106.13887160483415N,10.403283106645986E,['768.jpeg']
703,Go Cong Town-4858.jpeg,0.9577947109937668,106.64708216433996N,10.469500079176646E,[]
704,Hiệp Hòa District-2751.jpeg,0.9577883780002594,105.97170813559445N,21.293129877824647E,['177.jpeg']
706,Sa Đéc City-1007.jpeg,0.9577626660466194,105.76414617589354N,10.297710405465965E,"['915.jpeg', '903.jpeg', '916.jpeg']"
707,Long Hồ District-9160.jpeg,0.957748256623745,105.99751811093057N,10.310296448768243E,"['681.jpeg', '551.jpeg']"
708,Long Hồ District-2856.jpeg,0.9577405005693436,105.98245641286351N,10.17959217276965E,"['41.jpeg', '680.jpeg']"
709,Tây Ninh City-1597.jpeg,0.9577397033572196,106.12787669529254N,11.338042773101586E,"['975.jpeg', '616.jpeg']"
710,Vĩnh Long-587.jpeg,0.9577363952994348,105.96102123791414N,10.2409126042999E,[]
711,Cai Lậy Town-2894.jpeg,0.957711897790432,106.15394254116356N,10.415410307511838E,['769.jpeg']
712,Duy Tiên District-1522.jpeg,0.9577057957649232,105.92305740564751N,20.618698710273378E,[]
713,Long Xuyen City-4221.jpeg,0.9576775208115578,105.44543657570988N,10.401432676570025E,[]
715,Mỹ Tho-2983.jpeg,0.9576209485530852,106.39302027821981N,10.381261673977102E,[]
717,Hoa Lư District-1483.jpeg,0.9576052725315094,105.95358020079591N,20.22089870928575E,['421.jpeg']
718,Hung Yen City-1289.jpeg,0.9575853571295738,106.0619234989742N,20.6394772085552E,['295.jpeg']
720,Cao Lanh City-4719.jpeg,0.957547090947628,105.56872850293753N,10.49851994278535E,['503.jpeg']
722,Trà Vinh City-1404.jpeg,0.9575301185250282,106.32766149781118N,9.948616373853612E,[]
723,Bac Giang City-1477.jpeg,0.9575007632374763,106.20106780601776N,21.272614943430767E,"['104.jpeg', '1001.jpeg', '1002.jpeg']"
725,Mỹ Tho-3441.jpeg,0.9574812203645706,106.3834316256544N,10.389346474554337E,[]
726,Go Cong Town-2008.jpeg,0.9574753418564796,106.69503266981602N,10.395389407218653E,[]
727,Yên Mỹ District-2857.jpeg,0.9574228897690772,105.98445282056821N,20.901698877412823E,['265.jpeg']
728,Ninh Bình-962.jpeg,0.957421325147152,105.97158055286475N,20.240180008716898E,"['419.jpeg', '874.jpeg']"
729,Mỹ Tho-1573.jpeg,0.9574211090803146,106.38069201063568N,10.3570072722454E,[]
730,Mỹ Hào District-2582.jpeg,0.9574158787727356,106.04303890971099N,20.94466574447639E,['209.jpeg']
731,Hoa Lư District-583.jpeg,0.957411214709282,105.97081505380626N,20.20068670784212E,['423.jpeg']
732,Cai Lậy Town-3581.jpeg,0.9574084281921388,106.17723398821808N,10.428884975140564E,[]
733,Châu Thành District-2499.jpeg,0.9573957026004792,106.24301318852476N,10.271829005171114E,[]
734,Duy Tiên District-1679.jpeg,0.9573670923709868,106.0296029610074N,20.62004617703629E,['317.jpeg']
735,Tây Ninh City-761.jpeg,0.957339346408844,106.11413250131875N,11.31917823842134E,['615.jpeg']
736,Mỹ Tho-2721.jpeg,0.9573374167084694,106.34370720788327N,10.377219273688485E,['810.jpeg']
737,Hiệp Hòa District-4892.jpeg,0.9573224186897278,105.98038746279394N,21.325469080134603E,[]
738,Go Cong Town-3751.jpeg,0.9572980552911758,106.68270253983648N,10.431771009816211E,[]
740,Châu Thành District-7729.jpeg,0.9572808295488358,106.2525996394792N,10.305515674242919E,[]
741,Thái Bình-1109.jpeg,0.9572610482573508,106.33207371767911N,20.441942775542838E,['436.jpeg']
744,Ninh Bình-1447.jpeg,0.9572357758879662,105.9888148571995N,20.250959742820164E,['877.jpeg']
746,Long Hồ District-955.jpeg,0.9571988433599472,105.94548679033528N,10.156685237800826E,['36.jpeg']
747,Mỹ Hào District-1321.jpeg,0.9571831598877908,106.13536618739911N,20.92041134274396E,[]
748,Hiệp Hòa District-6103.jpeg,0.9571789428591728,105.93843738132982N,21.34163868128958E,['146.jpeg']
749,Bac Giang City-2072.jpeg,0.9571219012141228,106.20395972058999N,21.28339467753409E,[]
750,Vĩnh Long-352.jpeg,0.957121230661869,105.95554391083778N,10.23552273724841E,"['43.jpeg', '659.jpeg']"
751,Thái Bình-2515.jpeg,0.9571163654327391,106.3565219057009N,20.472934511089775E,['452.jpeg']
753,Sa Đéc City-1171.jpeg,0.9571102187037468,105.76414617589354N,10.303100272517458E,['528.jpeg']
754,Thanh Liêm District-6526.jpeg,0.9570610895752908,105.98509988924968N,20.492216815120244E,[]
760,Go Cong Town-787.jpeg,0.9569904878735542,106.69092262648952N,10.363050204909717E,[]
761,Go Cong Town-2496.jpeg,0.9569851607084274,106.62105188993868N,10.408864074847378E,[]
762,Tây Ninh City-37.jpeg,0.9569743722677232,106.11550692071616N,11.29627130345247E,['976.jpeg']
763,Hung Yen City-2445.jpeg,0.9569733962416648,106.04752274923062N,20.675858811153795E,"['277.jpeg', '276.jpeg']"
764,Mỹ Tho-1555.jpeg,0.956971675157547,106.3560354754674N,10.3570072722454E,"['816.jpeg', '582.jpeg']"
766,Go Cong Town-199.jpeg,0.9569439813494682,106.67448245318344N,10.345533136992373E,[]
767,Trà Vinh City-407.jpeg,0.9569423347711564,106.31124489912449N,9.906844904204599E,[]
768,Tây Ninh City-6622.jpeg,0.956926740705967,106.11413250131875N,11.431017979739966E,['611.jpeg']
769,Thanh Liêm District-3202.jpeg,0.9569214582443236,105.92326344368263N,20.44505547841839E,"['390.jpeg', '391.jpeg']"
770,Bac Giang City-2363.jpeg,0.956920064985752,106.1996218487316N,21.28878454458574E,[]
771,Phu Ly City-2784.jpeg,0.9569196254014968,105.90130015169242N,20.55588934435344E,"['109.jpeg', '628.jpeg']"
772,Go Cong Town-3439.jpeg,0.9568984061479568,106.69366265537386N,10.426381142764722E,[]
773,Hung Yen City-1541.jpeg,0.9568448513746262,106.0604834239998N,20.646214542369755E,['293.jpeg']
774,Phu Ly City-1357.jpeg,0.9568426832556725,105.90561709022639N,20.531634942621054E,[]
775,Tây Ninh City-2576.jpeg,0.9568098038434982,106.16223718022705N,11.356907307781837E,[]
778,Duy Tiên District-1792.jpeg,0.9567549154162408,105.92161760084535N,20.622741110562114E,['329.jpeg']
780,Long Xuyen City-2584.jpeg,0.9567294269800186,105.37831402393917N,10.367746007498214E,[]
781,Trà Vinh City-789.jpeg,0.9567215666174888,106.34134199671676N,9.918972105070441E,['757.jpeg']
783,Long Xuyen City-3503.jpeg,0.956649661064148,105.43858733573327N,10.385263075415558E,"['925.jpeg', '937.jpeg']"
784,Bến Tre City-2506.jpeg,0.9566393569111824,106.40361709238987N,10.251584807177563E,['700.jpeg']
785,Hoa Lư District-462.jpeg,0.9566381722688676,105.97081505380626N,20.197991774316304E,['424.jpeg']
787,Duy Tiên District-2976.jpeg,0.956620752811432,105.98928842654688N,20.638910711717042E,['311.jpeg']
788,Go Cong Town-924.jpeg,0.9565942734479904,106.65804227987738N,10.367092605198332E,[]
790,Duy Tiên District-969.jpeg,0.9565347880125046,105.93313603926266N,20.605224042644267E,"['330.jpeg', '332.jpeg', '331.jpeg']"
791,Go Cong Town-968.jpeg,0.9565323367714882,106.6457121498978N,10.368440071961205E,[]
792,Mỹ Hào District-2413.jpeg,0.9565313160419464,106.04303890971099N,20.94197081095056E,"['210.jpeg', '211.jpeg']"
793,Duy Tiên District-86.jpeg,0.9564570784568788,105.97057096411882N,20.56480003975695E,['342.jpeg']
794,Châu Thành District-8307.jpeg,0.9564318954944612,106.26355558342712N,10.309558074531536E,[]
795,Tam Điệp-2323.jpeg,0.9564145058393478,105.8966970662838N,20.15472960955243E,['891.jpeg']
796,Bac Giang City-1970.jpeg,0.956404447555542,106.16925674572272N,21.28204721077117E,"['195.jpeg', '194.jpeg']"
797,Mỹ Hào District-1224.jpeg,0.9564014449715614,106.08487470741343N,20.919063875981042E,['230.jpeg']
798,Tây Ninh City-148.jpeg,0.9564013555645944,106.10726040433188N,11.301661170503968E,"['970.jpeg', '971.jpeg', '969.jpeg']"
800,Thanh Liêm District-7080.jpeg,0.9563595503568648,105.96640514989222N,20.501649082460613E,['364.jpeg']
801,Long Hồ District-4521.jpeg,0.956356592476368,105.92631735643175N,10.205194041264217E,[]
802,Yên Mỹ District-738.jpeg,0.9563552141189576,106.02483781896224N,20.86531727481419E,"['254.jpeg', '253.jpeg']"
803,Mỹ Hào District-654.jpeg,0.956347480416298,106.12671050511588N,20.904241741589008E,"['220.jpeg', '219.jpeg']"
804,Mỹ Tho-3272.jpeg,0.9563425406813622,106.36836374305156N,10.386651541028591E,"['828.jpeg', '61.jpeg']"
809,Châu Thành District-1735.jpeg,0.9562617987394332,106.18686397579167N,10.266439138119624E,[]
812,Go Cong Town-4597.jpeg,0.9561668932437896,106.64708216433996N,10.453330478022172E,[]
814,Hoa Lư District-1249.jpeg,0.956153690814972,105.93347287228377N,20.215508842234115E,[]
815,Go Cong Town-4663.jpeg,0.9561449438333512,106.63886207768692N,10.457372878310792E,['599.jpeg']
816,Duy Tiên District-5388.jpeg,0.9561388790607452,106.00368647456851N,20.675292314315648E,[]
817,Thanh Liêm District-7335.jpeg,0.9561348408460616,105.987976002997N,20.505691482749345E,[]
819,Cao Lanh City-574.jpeg,0.9561128318309784,105.6440915856331N,10.419019403775863E,[]
820,Thái Bình-2438.jpeg,0.9561104103922844,106.31913055931464N,20.47158704432686E,[]
821,Go Cong Town-917.jpeg,0.9560987129807472,106.64845217878214N,10.367092605198332E,[]
823,Hiệp Hòa District-7412.jpeg,0.9560586288571358,106.0208909897248N,21.359155749207478E,[]
824,Hiệp Hòa District-7585.jpeg,0.9560374468564988,106.01510477159182N,21.361850682733312E,[]
825,Hoa Lư District-4875.jpeg,0.9560295641422272,105.93921782328722N,20.312526449163567E,['402.jpeg']
827,Hiệp Hòa District-2543.jpeg,0.956026703119278,105.99919267172614N,21.289087477535897E,[]
829,Chau Doc City-4138.jpeg,0.9560168609023094,105.10287914984868N,10.70117487608087E,[]
830,Hoa Lư District-1735.jpeg,0.9560143500566484,105.96507010280283N,20.22628857633739E,[]
831,Go Cong Town-3781.jpeg,0.9560117125511168,106.61694184661216N,10.43311847657908E,[]
832,Go Cong Town-2315.jpeg,0.9560051262378692,106.67311243874127N,10.403474207795886E,[]
833,Hung Yen City-1401.jpeg,0.9559912532567978,106.07632424871774N,20.64217214208102E,[]
834,Cai Lậy Town-2310.jpeg,0.9559857174754144,106.11146990241708N,10.404630573408856E,['595.jpeg']
835,Hiệp Hòa District-2154.jpeg,0.9559721723198892,106.00208578079261N,21.28235014372133E,"['998.jpeg', '996.jpeg']"
836,Long Xuyen City-3798.jpeg,0.9559631943702698,105.41666976780813N,10.392000409229915E,"['920.jpeg', '921.jpeg']"
837,Mỹ Tho-293.jpeg,0.9559425488114356,106.32863932528045N,10.332752870513698E,['788.jpeg']
838,Mỹ Tho-2659.jpeg,0.9559337869286536,106.36151470550483N,10.37587180692561E,[]
839,Go Cong Town-2590.jpeg,0.9559328556060792,106.67311243874127N,10.410211541610249E,[]
840,Yên Mỹ District-437.jpeg,0.9558602869510652,106.03781871130316N,20.857232474236717E,['626.jpeg']
843,Long Hồ District-1599.jpeg,0.9556980580091476,105.95233301672941N,10.16477003837806E,[]
844,Go Cong Town-1301.jpeg,0.9556945115327836,106.68681258316299N,10.37652487253844E,[]
845,Bến Tre City-2698.jpeg,0.9556759223341942,106.37349326330134N,10.255627207466182E,"['705.jpeg', '706.jpeg']"
846,Phu Ly City-2275.jpeg,0.9556588977575302,105.91712892631695N,20.546457077013063E,"['645.jpeg', '633.jpeg']"
849,Thanh Liêm District-6086.jpeg,0.9556246027350426,105.96640514989222N,20.48547948130569E,"['367.jpeg', '366.jpeg']"
850,Binh Minh Town-3094.jpeg,0.955620974302292,105.81047785703313N,10.065238008561684E,['23.jpeg']
852,Thanh Liêm District-5103.jpeg,0.9556128457188606,105.91751121618802N,20.47200481367659E,['393.jpeg']
853,Mỹ Tho-2996.jpeg,0.9556060880422592,106.30672240513088N,10.382609140739975E,['826.jpeg']
854,Hiệp Hòa District-8743.jpeg,0.9555829614400864,105.97460124466096N,21.38610508446578E,"['130.jpeg', '129.jpeg']"
856,Hung Yen City-2247.jpeg,0.95555629581213,106.0604834239998N,20.66912147733924E,"['280.jpeg', '281.jpeg']"
857,Cao Lanh City-4185.jpeg,0.9555390030145644,105.58654159521102N,10.487740208682368E,"['501.jpeg', '502.jpeg']"
858,Hiệp Hòa District-7226.jpeg,0.9555301815271378,106.01510477159182N,21.356460815681647E,[]
862,Trà Vinh City-501.jpeg,0.9555017948150636,106.32766149781118N,9.909539837730343E,[]
863,Long Xuyen City-3349.jpeg,0.9554942101240158,105.41393007181749N,10.38256814188981E,[]
864,Hung Yen City-2095.jpeg,0.9554797485470772,106.05904334902549N,20.6637316102876E,['283.jpeg']
865,Tam Điệp-1462.jpeg,0.9554445743560792,105.93258240179902N,20.139907475160445E,['118.jpeg']
866,Yên Mỹ District-4295.jpeg,0.9553613141179084,106.02628014033344N,20.932690612959814E,"['237.jpeg', '236.jpeg']"
867,Hoa Lư District-4780.jpeg,0.955320045351982,105.9406540610381N,20.309831515637743E,['403.jpeg']
868,Cao Lanh City-1977.jpeg,0.9552982971072196,105.60572492535172N,10.441926338744695E,['497.jpeg']
872,Vĩnh Long-1208.jpeg,0.9551883414387704,105.95965190614504N,10.251692338402876E,['662.jpeg']
874,Mỹ Tho-1642.jpeg,0.955153301358223,106.36562412803286N,10.35835473900827E,"['820.jpeg', '829.jpeg']"
875,Long Hồ District-699.jpeg,0.9550366923213004,106.02353377122823N,10.15264283751221E,"['565.jpeg', '566.jpeg']"
876,Mỹ Tho-1378.jpeg,0.9550327286124228,106.33274874780851N,10.354312338719653E,"['585.jpeg', '815.jpeg']"
878,Yên Mỹ District-1400.jpeg,0.9549840837717056,106.03493406856072N,20.877444475680402E,"['251.jpeg', '252.jpeg']"
879,Cao Lanh City-4654.jpeg,0.9549679458141328,105.5728392165391N,10.497172476022477E,[]
880,Thái Bình-703.jpeg,0.9549528136849404,106.32488307414329N,20.433857974965385E,['432.jpeg']
883,Phu Ly City-2035.jpeg,0.954903580248356,105.9070560697377N,20.542414676724338E,[]
885,Go Cong Town-4537.jpeg,0.9548882842063904,106.63886207768692N,10.450635544496429E,[]
886,Thanh Liêm District-1350.jpeg,0.9548582211136818,105.90456870432516N,20.415411209634375E,['380.jpeg']
889,Chau Doc City-4642.jpeg,0.9548324048519136,105.10425040588055N,10.714649543709605E,['5.jpeg']
890,Sa Đéc City-682.jpeg,0.954824425280094,105.76414617589354N,10.286930671362994E,[]
891,Bac Giang City-1396.jpeg,0.9548160135746002,106.17793248943954N,21.271267476667855E,[]
893,Bac Giang City-1204.jpeg,0.954762190580368,106.16347291657819N,21.26722507637911E,['192.jpeg']
895,Trà Vinh City-1779.jpeg,0.9547393098473548,106.346814196279N,9.960743574719457E,"['749.jpeg', '734.jpeg']"
899,Vĩnh Long-1692.jpeg,0.954686276614666,105.92131061661068N,10.259777138980107E,['651.jpeg']
900,Hiệp Hòa District-9780.jpeg,0.954645499587059,105.96736847199472N,21.41979175353867E,['135.jpeg']
901,Thanh Liêm District-6642.jpeg,0.9546447470784188,105.92182538680898N,20.494911748646064E,[]
902,Thái Bình-2350.jpeg,0.954642727971077,106.34214061862926N,20.468892110801047E,[]
904,Go Cong Town-4795.jpeg,0.9546239227056504,106.64434213545564N,10.465457678888026E,[]
905,Mỹ Tho-2192.jpeg,0.9546118825674056,106.3560354754674N,10.367787006348378E,"['64.jpeg', '814.jpeg']"
906,Thanh Liêm District-2139.jpeg,0.9546086564660072,105.94195818304013N,20.42888587726348E,[]
909,Cai Lậy Town-2694.jpeg,0.9545729905366898,106.1525724560427N,10.41136790722322E,['85.jpeg']
910,Bến Tre City-2310.jpeg,0.9545615538954736,106.35021575900566N,10.24888987365182E,[]
912,Tây Ninh City-459.jpeg,0.9545470699667932,106.10038830734497N,11.311093437844091E,"['987.jpeg', '967.jpeg', '606.jpeg']"
913,Yên Mỹ District-2234.jpeg,0.9545218124985696,106.0205108548486N,20.890919143309524E,"['247.jpeg', '248.jpeg']"
915,Long Xuyen City-3486.jpeg,0.9544885829091072,105.41529991981282N,10.385263075415558E,['919.jpeg']
916,Long Hồ District-3534.jpeg,0.9544787928462029,106.00984131843998N,10.18767697334688E,[]
917,Thanh Liêm District-7922.jpeg,0.9544307813048364,105.97934766175511N,20.52455601743009E,[]
918,Phu Ly City-1371.jpeg,0.9544305428862572,105.92576280338488N,20.531634942621054E,"['112.jpeg', '113.jpeg']"
919,Long Hồ District-2915.jpeg,0.9543897211551666,105.91125565836468N,10.18093963953252E,[]
920,Phu Ly City-2983.jpeg,0.9543887749314308,105.97612708628108N,20.558584277879262E,"['360.jpeg', '361.jpeg']"
921,Go Cong Town-3529.jpeg,0.9543818607926368,106.59502161553738N,10.429076076290466E,[]
923,Ninh Bình-532.jpeg,0.9543666765093805,105.99025104922738N,20.228052807850712E,['420.jpeg']
924,Go Cong Town-4188.jpeg,0.9543613418936728,106.65667226543519N,10.43985581039345E,['600.jpeg']
925,Go Cong Town-1910.jpeg,0.9543595984578132,106.6306419910339N,10.39404194045578E,[]
926,Long Hồ District-5092.jpeg,0.9543555825948716,105.98930263925763N,10.21597377536719E,[]
927,Long Hồ District-3048.jpeg,0.9543541818857192,105.94274829977763N,10.182287106295396E,[]
928,Thanh Liêm District-6709.jpeg,0.954345703125,105.89018813558863N,20.496259215408976E,[]
929,Hoa Lư District-4822.jpeg,0.9543287828564644,105.93060039678204N,20.311178982400655E,[]
930,Vĩnh Long-1113.jpeg,0.9543266519904136,105.94321992491601N,10.250344871640005E,['686.jpeg']
931,Chau Doc City-4347.jpeg,0.9543243050575256,105.10699291794428N,10.705217276369488E,['957.jpeg']
932,Long Xuyen City-4622.jpeg,0.954318180680275,105.40434113585025N,10.412212410673003E,[]
934,Thanh Liêm District-5661.jpeg,0.9542687684297562,105.89162619246228N,20.48008961425405E,['385.jpeg']
935,Long Hồ District-1058.jpeg,0.954256884753704,105.94822528089293N,10.158032704563702E,[]
936,Ninh Bình-1679.jpeg,0.9542568698525428,105.9672719767811N,20.257697076634713E,"['875.jpeg', '861.jpeg']"
939,Thái Bình-3201.jpeg,0.9542011693120004,106.36371254923672N,20.49449397929634E,"['456.jpeg', '457.jpeg']"
941,Vĩnh Long-1227.jpeg,0.9541862830519676,105.98566920975762N,10.251692338402876E,['48.jpeg']
942,Cao Lanh City-988.jpeg,0.9541597738862038,105.63312968269553N,10.42575673759023E,"['517.jpeg', '516.jpeg']"
943,Bac Giang City-1469.jpeg,0.95414100587368,106.18950014772867N,21.272614943430767E,['208.jpeg']
944,Long Xuyen City-4076.jpeg,0.954140841960907,105.4002315918643N,10.398737743044281E,[]
945,Long Hồ District-5637.jpeg,0.9541237279772758,105.92084037531647N,10.22810097623304E,['542.jpeg']
946,Long Xuyen City-933.jpeg,0.9540743753314018,105.47694307960226N,10.330016938137788E,[]
947,Thanh Liêm District-1561.jpeg,0.9540657922625542,105.91319704556706N,20.419453609923103E,"['376.jpeg', '375.jpeg']"
948,Hoa Lư District-4834.jpeg,0.9540618807077408,105.94783524979243N,20.311178982400655E,[]
949,Tam Điệp-2436.jpeg,0.9540576115250587,105.925405334696N,20.156077076315338E,[]
950,Long Hồ District-9238.jpeg,0.9540485814213752,105.97287169591176N,10.312991382293987E,[]
951,Duy Tiên District-1711.jpeg,0.9539921581745148,105.93745545366913N,20.621393643799195E,[]
952,Long Xuyen City-5307.jpeg,0.953977420926094,105.43584763974262N,10.43107694535322E,[]
953,Binh Minh Town-86.jpeg,0.9539720565080644,105.87342658644441N,9.992474803366619E,['537.jpeg']
954,Mỹ Tho-1462.jpeg,0.9539569169282912,106.3382279778459N,10.355659805482526E,[]
955,Yên Mỹ District-2415.jpeg,0.9539414346218108,106.04214567541679N,20.893614076835348E,['622.jpeg']
956,Go Cong Town-634.jpeg,0.9539369717240334,106.70188274202691N,10.359007804621099E,[]
958,Ninh Bình-740.jpeg,0.9539300873875618,105.9600910166416N,20.234790141665254E,"['882.jpeg', '418.jpeg']"
959,Mỹ Tho-2031.jpeg,0.9539104253053664,106.35192605293939N,10.365092072822634E,['837.jpeg']
960,Hiệp Hòa District-2284.jpeg,0.9539048224687576,105.95579603572877N,21.285045077247165E,['153.jpeg']
961,Bến Tre City-894.jpeg,0.953902654349804,106.36664693850851N,10.22194053839438E,['703.jpeg']
962,Hiệp Hòa District-1472.jpeg,0.9538939744234084,105.95000981759576N,21.271570409618008E,"['172.jpeg', '173.jpeg']"
963,Bac Giang City-3103.jpeg,0.9538939073681832,106.16491887386432N,21.30630161250364E,[]
964,Thái Bình-832.jpeg,0.9538616985082626,106.3205686880218N,20.436552908491205E,['431.jpeg']
965,Cai Lậy Town-4154.jpeg,0.9537971690297128,106.15805279652612N,10.439664709243544E,[]
966,Go Cong Town-2446.jpeg,0.9537863358855247,106.62927197659172N,10.407516608084503E,[]
967,Phu Ly City-160.jpeg,0.9537708312273026,105.8984221926698N,20.50333814059993E,['387.jpeg']
968,Hung Yen City-2756.jpeg,0.953762374818325,106.0619234989742N,20.68529107849418E,['273.jpeg']
969,Hung Yen City-1178.jpeg,0.953724890947342,106.0604834239998N,20.636782275029375E,"['296.jpeg', '297.jpeg']"
970,Long Xuyen City-3845.jpeg,0.9537232890725136,105.39886174386898N,10.393347875992792E,[]
972,Go Cong Town-1815.jpeg,0.9537149369716644,106.6361220488026N,10.391347006930033E,[]
974,Binh Minh Town-2530.jpeg,0.9536736980080605,105.88574264219878N,10.050415874170099E,[]
975,Hiệp Hòa District-6632.jpeg,0.9536696076393129,105.98762023546017N,21.348376015104158E,['125.jpeg']
976,Tây Ninh City-653.jpeg,0.9536049067974092,106.10863482372925N,11.316483304895591E,[]
977,Yên Mỹ District-4304.jpeg,0.9536046385765076,106.03926103267437N,20.932690612959814E,[]
979,Go Cong Town-885.jpeg,0.9535927474498748,106.67722248206778N,10.365745138435459E,"['850.jpeg', '853.jpeg']"
980,Hiệp Hòa District-8884.jpeg,0.9535753279924392,106.00931855345885N,21.388800017991613E,"['131.jpeg', '132.jpeg']"
981,Go Cong Town-1490.jpeg,0.9535692483186722,106.6662623665304N,10.381914739589927E,[]
982,Bac Giang City-741.jpeg,0.953564889729023,106.1764865321534N,21.25509787551288E,"['188.jpeg', '189.jpeg']"
983,Cao Lanh City-4024.jpeg,0.95354712754488,105.6427213477659N,10.48369780839375E,['19.jpeg']
984,Go Cong Town-3705.jpeg,0.953535795211792,106.61968187549651N,10.431771009816211E,[]
987,Mỹ Hào District-3718.jpeg,0.9535204544663428,106.09930084455222N,20.963530279157165E,[]
988,Phu Ly City-1698.jpeg,0.9535075202584268,105.9070560697377N,20.537024809672698E,['629.jpeg']
989,Long Hồ District-1166.jpeg,0.9535049796104432,105.95096377145056N,10.15938017132657E,['655.jpeg']
990,Mỹ Hào District-2214.jpeg,0.953501969575882,106.12094005026037N,20.937928410661822E,['215.jpeg']
991,Bac Giang City-2218.jpeg,0.953500248491764,106.19817589144547N,21.286089611059918E,['999.jpeg']
992,Cai Lậy Town-5566.jpeg,0.9534973874688148,106.15531262628441N,10.465266577738122E,"['770.jpeg', '771.jpeg']"
994,Chau Doc City-4679.jpeg,0.953467272222042,105.11933422223116N,10.715997010472476E,[]
995,Vĩnh Long-66.jpeg,0.9534480273723602,105.95143591553051N,10.227437936671176E,[]
996,Binh Minh Town-2528.jpeg,0.9534370824694632,105.88300574092003N,10.050415874170099E,[]
997,Chau Doc City-3781.jpeg,0.9534278362989426,105.12481924635865N,10.694437542266506E,['471.jpeg']
998,Long Xuyen City-4835.jpeg,0.9534262865781784,105.41256022382217N,10.417602277724498E,[]
999,Go Cong Town-3117.jpeg,0.9534086510539056,106.68955261204736N,10.420991275713233E,[]
1000,Bến Tre City-3060.jpeg,0.953381210565567,106.34747722908854N,10.263712008043413E,['52.jpeg']
1001,Duy Tiên District-5763.jpeg,0.9533791095018388,106.01520491298577N,20.686072048418932E,['306.jpeg']
1002,Mỹ Tho-1495.jpeg,0.953360177576542,106.3834316256544N,10.355659805482526E,[]
1003,Mỹ Tho-3630.jpeg,0.9533575177192688,106.33685817033654N,10.393388874842957E,"['589.jpeg', '588.jpeg']"
1004,Châu Thành District-3131.jpeg,0.953343704342842,106.28957595030342N,10.275871405459727E,[]
1005,Mỹ Tho-1265.jpeg,0.953327678143978,106.39849950825723N,10.351617405193908E,[]
1007,Sa Đéc City-1084.jpeg,0.9532924890518188,105.75592837463535N,10.300405338991713E,"['527.jpeg', '526.jpeg']"
1008,Hung Yen City-2759.jpeg,0.9532904177904128,106.06624372389724N,20.68529107849418E,[]
1009,Long Hồ District-3370.jpeg,0.9532874673604964,105.93316358282588N,10.18632950658401E,['38.jpeg']
1011,Châu Thành District-4742.jpeg,0.953282855451107,106.4032438687631N,10.28530367279983E,[]
1013,Cao Lanh City-3823.jpeg,0.9532783776521684,105.6454618235003N,10.479655408105131E,"['947.jpeg', '18.jpeg']"
1014,Go Cong Town-1379.jpeg,0.9532657712697984,106.65256222210868N,10.379219806064183E,[]
1017,Phu Ly City-1715.jpeg,0.9532242342829704,105.93151872143017N,20.537024809672698E,"['641.jpeg', '111.jpeg']"
1018,Duy Tiên District-1414.jpeg,0.9531988352537156,105.98496901214044N,20.616003776747554E,[]
1019,Cai Lậy Town-5376.jpeg,0.9531915932893752,106.18682458406407N,10.461224177449507E,[]
1020,Hung Yen City-946.jpeg,0.9531809315085412,106.09648529835867N,20.631392407977735E,['302.jpeg']
1022,Trà Vinh City-1383.jpeg,0.9531711339950562,106.34271004660732N,9.94726890709074E,[]
1024,Thanh Liêm District-3822.jpeg,0.953156590461731,105.97359543426047N,20.45314027899585E,[]
1026,Cai Lậy Town-2809.jpeg,0.9531413540244102,106.12654083874648N,10.414062840748963E,[]
1029,Hiệp Hòa District-8469.jpeg,0.9531003311276436,106.02523065332454N,21.37936775065121E,[]
1030,Trà Vinh City-873.jpeg,0.9530857503414154,106.3495502960601N,9.921667038596183E,[]
1031,Yên Mỹ District-1796.jpeg,0.9530702158808708,106.00320299839402N,20.884181809494965E,['261.jpeg']
1034,Tây Ninh City-4021.jpeg,0.9530523493885994,106.13062553408732N,11.381161709513586E,[]
1036,Cai Lậy Town-6661.jpeg,0.9530009478330612,106.10461947681281N,10.493563379758449E,[]
1037,Châu Thành District-3129.jpeg,0.9529915004968644,106.28683696431644N,10.275871405459727E,[]
1039,Sa Đéc City-1350.jpeg,0.9529429450631142,105.74497130629103N,10.309837606331815E,"['901.jpeg', '902.jpeg', '900.jpeg']"
1042,Mỹ Tho-3092.jpeg,0.9528705850243568,106.33411855531787N,10.383956607502846E,['806.jpeg']
1043,Cai Lậy Town-5649.jpeg,0.9528480917215348,106.17175364773465N,10.466614044500997E,[]
1044,Go Cong Town-3108.jpeg,0.9528295546770096,106.67722248206778N,10.420991275713233E,[]
1045,Binh Minh Town-2533.jpeg,0.9528147131204604,105.88984799411695N,10.050415874170099E,[]
1046,Mỹ Tho-1216.jpeg,0.9528127983212472,106.33137894029916N,10.351617405193908E,[]
1051,Cai Lậy Town-1766.jpeg,0.9527236595749856,106.09365879584597N,10.39519830606875E,[]
1052,Yên Mỹ District-1062.jpeg,0.952722355723381,105.99022210605307N,20.87205460862875E,[]
1053,Cao Lanh City-1915.jpeg,0.952718250453472,105.63312968269553N,10.440578871981824E,['514.jpeg']
1054,Hiệp Hòa District-7961.jpeg,0.9527158588171004,105.99919267172614N,21.368588016547882E,[]
1058,Ninh Bình-1432.jpeg,0.9526592046022416,105.9672719767811N,20.250959742820164E,['865.jpeg']
1059,Hiệp Hòa District-4940.jpeg,0.9526569917798042,105.90805973613166N,21.32681654689752E,"['160.jpeg', '161.jpeg']"
1064,Go Cong Town-2437.jpeg,0.9525913745164872,106.61694184661216N,10.407516608084503E,[]
1065,Long Hồ District-1397.jpeg,0.95258080214262,105.97697943174823N,10.162075104852311E,['569.jpeg']
1067,Binh Minh Town-2171.jpeg,0.9525511115789412,105.8624789813294N,10.043678540355744E,['540.jpeg']
1070,Binh Minh Town-3149.jpeg,0.9525308907032012,105.81732011023N,10.066585475324558E,['27.jpeg']
1071,Yên Mỹ District-1520.jpeg,0.9525277838110924,105.97147192822725N,20.88013940920623E,[]
1072,Vĩnh Long-1650.jpeg,0.9525243267416954,105.98293054621945N,10.258429672217233E,[]
1073,Duy Tiên District-1948.jpeg,0.9524994641542436,106.01376510818362N,20.624088577325022E,[]
1075,Go Cong Town-3142.jpeg,0.952467791736126,106.62516193326519N,10.422338742476105E,[]
1078,Cao Lanh City-2835.jpeg,0.9524500593543052,105.61531659042207N,10.458095939899168E,['512.jpeg']
1079,Châu Thành District-2324.jpeg,0.9524427205324172,106.25807761145315N,10.27048153840824E,[]
1080,Vĩnh Long-669.jpeg,0.9524167999625206,105.9801918826813N,10.242260071062768E,"['675.jpeg', '674.jpeg', '673.jpeg']"
1082,Phu Ly City-953.jpeg,0.9523882940411568,105.92288484436223N,20.524897608806498E,"['639.jpeg', '636.jpeg']"
1084,Chau Doc City-1671.jpeg,0.9523703306913376,105.12893301445428N,10.660750873194672E,[]
1085,Sa Đéc City-1682.jpeg,0.9523559957742692,105.72990533731766N,10.321964807197668E,['523.jpeg']
1086,Thanh Liêm District-4205.jpeg,0.9523506760597228,105.97359543426047N,20.458530146047487E,['369.jpeg']
1088,Hiệp Hòa District-6296.jpeg,0.9523352757096292,105.91529250879789N,21.344333614815408E,[]
1089,Go Cong Town-3691.jpeg,0.9523280411958694,106.60050167330607N,10.431771009816211E,[]
1092,Long Xuyen City-3869.jpeg,0.9523104950785636,105.43173809575667N,10.393347875992792E,[]
1096,Bac Giang City-3223.jpeg,0.9522422328591348,106.16491887386432N,21.310344012792378E,[]
1098,Hiệp Hòa District-3145.jpeg,0.9522202089428902,105.96013569932848N,21.299867211639217E,['993.jpeg']
1099,Cao Lanh City-3524.jpeg,0.9521604180336,105.58517135734382N,10.474265541053642E,[]
1101,Bến Tre City-3006.jpeg,0.9521023035049438,106.35021575900566N,10.262364541280542E,['688.jpeg']
1103,Long Xuyen City-114.jpeg,0.9520609602332116,105.43584763974262N,10.3098049366947E,[]
1104,Cai Lậy Town-6174.jpeg,0.9520177468657494,106.1525724560427N,10.477393778603979E,[]
1105,Hiệp Hòa District-1356.jpeg,0.9519901648163795,106.00497888985912N,21.268875476092177E,['175.jpeg']
1106,Go Cong Town-1262.jpeg,0.9519881755113602,106.70188274202691N,10.375177405775567E,[]
1107,Cai Lậy Town-1659.jpeg,0.951982483267784,106.16901347749294N,10.392503372543006E,['777.jpeg']
1108,Thanh Liêm District-6909.jpeg,0.9519815519452096,105.95346263802935N,20.498954148934796E,['365.jpeg']
1111,Trà Vinh City-2184.jpeg,0.9519645720720292,106.35502249562234N,9.971523308822425E,"['755.jpeg', '51.jpeg', '754.jpeg']"
1112,Ninh Bình-1139.jpeg,0.9519409313797952,105.96870816880897N,20.244222409005623E,[]
1114,Vĩnh Long-545.jpeg,0.9519348368048668,105.98977720506487N,10.239565137537028E,['49.jpeg']
1115,Cai Lậy Town-4009.jpeg,0.9519310146570206,106.17860407333892N,10.436969775717799E,[]
1119,Cao Lanh City-3737.jpeg,0.9518237859010696,105.61942730402366N,10.478307941342258E,['508.jpeg']
1120,Tây Ninh City-1446.jpeg,0.9518102332949638,106.08389527457642N,11.335347839575835E,['962.jpeg']
1122,Tam Điệp-1614.jpeg,0.9517274051904678,105.93258240179902N,20.142602408686262E,[]
1123,Hiệp Hòa District-4428.jpeg,0.9517266005277634,105.96736847199472N,21.318731746320022E,[]
1124,Cai Lậy Town-2025.jpeg,0.9517265185713768,106.1224305833839N,10.39924070635737E,[]
1125,Go Cong Town-2330.jpeg,0.9517002031207084,106.61968187549651N,10.404821674558763E,[]
1126,Tam Điệp-3396.jpeg,0.9516804963350296,105.94406570916391N,20.16820427718152E,[]
1128,Mỹ Tho-2599.jpeg,0.9516437128186226,106.3834316256544N,10.37452434016274E,[]
1129,Thanh Liêm District-3225.jpeg,0.9516338780522346,105.95633875177664N,20.44505547841839E,[]
1130,Tam Điệp-2166.jpeg,0.9516110494732856,105.92971157495782N,20.15203467602662E,[]
1131,Sa Đéc City-1647.jpeg,0.9516091123223304,105.73401423794677N,10.320617340434799E,['524.jpeg']
1132,Go Cong Town-57.jpeg,0.9516015201807022,106.68681258316299N,10.33879580317801E,[]
1133,Tây Ninh City-1960.jpeg,0.9516004249453544,106.11000924312664N,11.346127573678837E,['617.jpeg']
1138,Thanh Liêm District-7120.jpeg,0.9514473155140876,105.8973784199569N,20.50299654922353E,"['387.jpeg', '386.jpeg']"
1139,Mỹ Tho-1405.jpeg,0.9514457285404204,106.36973355056092N,10.354312338719653E,"['59.jpeg', '823.jpeg', '822.jpeg']"
1140,Tây Ninh City-645.jpeg,0.9514220654964448,106.09763946855021N,11.316483304895591E,[]
1141,Mỹ Tho-2012.jpeg,0.95141089707613,106.32589971026175N,10.365092072822634E,['804.jpeg']
1143,Châu Thành District-6130.jpeg,0.9513436779379844,106.25944710444665N,10.294735940139942E,[]
1144,Hoa Lư District-447.jpeg,0.9512805119156836,105.94927148754331N,20.197991774316304E,[]
1146,Long Hồ District-1914.jpeg,0.9512471333146096,105.92631735643175N,10.168812438666674E,[]
1147,Vĩnh Long-2076.jpeg,0.9512316733598708,105.92541861191793N,10.266514472794467E,[]
1148,Sa Đéc City-2207.jpeg,0.9512088298797609,105.73812313857589N,10.343524275403626E,['521.jpeg']
1149,Bến Tre City-3008.jpeg,0.9512080997228622,106.3529542889228N,10.262364541280542E,[]
1150,Hiệp Hòa District-5679.jpeg,0.9511989951133728,105.9413304903963N,21.336248814237923E,[]
1152,Hoa Lư District-3945.jpeg,0.9511714950203896,105.93060039678204N,20.290966980957013E,['412.jpeg']
1153,Ninh Bình-1930.jpeg,0.9511641338467598,105.96583578475317N,20.265781877212163E,['876.jpeg']
1154,Long Xuyen City-2178.jpeg,0.951163575053215,105.4468064237052N,10.358313740158108E,['11.jpeg']
1155,Yên Mỹ District-3542.jpeg,0.9511613324284554,106.00464531976523N,20.91382607827904E,"['108.jpeg', '625.jpeg']"
1156,Phu Ly City-1210.jpeg,0.9511285796761512,105.93727463947543N,20.528940009095233E,"['643.jpeg', '354.jpeg']"
1157,Vĩnh Long-188.jpeg,0.951110728085041,105.95691324260686N,10.231480336959795E,['42.jpeg']
1158,Bến Tre City-3295.jpeg,0.9510811641812325,106.35706208379852N,10.270449341857772E,['579.jpeg']
1160,Mỹ Hào District-1601.jpeg,0.9510342702269554,106.08487470741343N,20.92714867655852E,['228.jpeg']
1161,Long Xuyen City-3187.jpeg,0.9509974792599678,105.38105371992982N,10.379873208364065E,['491.jpeg']
1162,Go Cong Town-837.jpeg,0.9509877488017082,106.68544256872082N,10.364397671672586E,[]
1163,Duy Tiên District-791.jpeg,0.9509810358285904,105.97345057372313N,20.59848670882971E,[]
1164,Cao Lanh City-1605.jpeg,0.9509736225008965,105.66464515364098N,10.435189004930333E,"['21.jpeg', '951.jpeg']"
1166,Tây Ninh City-3441.jpeg,0.950949750840664,106.13612321167683N,11.37172944217346E,[]
1167,Go Cong Town-4393.jpeg,0.9509407877922058,106.64023209212911N,10.445245677444937E,[]
1168,Hiệp Hòa District-2506.jpeg,0.950911670923233,105.94567015399605N,21.289087477535897E,['154.jpeg']
1170,Trà Vinh City-902.jpeg,0.950891524553299,106.3358697971545N,9.923014505359054E,['720.jpeg']
1171,Ninh Bình-873.jpeg,0.9508693367242812,106.00461296950637N,20.23748507519107E,['122.jpeg']
1172,Cao Lanh City-3980.jpeg,0.9508327320218086,105.58243088160947N,10.48369780839375E,['500.jpeg']
1174,Go Cong Town-2559.jpeg,0.9507681578397752,106.6306419910339N,10.410211541610249E,[]
1175,Chau Doc City-2583.jpeg,0.9507496878504752,105.14264557477303N,10.675573007586278E,[]
1176,Hiệp Hòa District-9563.jpeg,0.9507385268807412,105.97315469012771N,21.40766455267243E,"['137.jpeg', '136.jpeg']"
1179,Phu Ly City-1901.jpeg,0.9506334513425828,105.95166443458864N,20.539719743198518E,[]
1180,Bac Giang City-1996.jpeg,0.9506113082170486,106.20685163516228N,21.28204721077117E,[]
1182,Thanh Liêm District-1017.jpeg,0.950595498085022,105.94627235366109N,20.407326409056914E,[]
1185,Binh Minh Town-1107.jpeg,0.9505256488919258,105.8679527838869N,10.020771605386921E,[]
1187,Hiệp Hòa District-3629.jpeg,0.9505075141787528,106.01221166252535N,21.306604545453805E,[]
1189,Go Cong Town-1033.jpeg,0.9505020529031754,106.66489235208824N,10.369787538724077E,[]
1190,Chau Doc City-4793.jpeg,0.9504986703395844,105.11384919810367N,10.725429277812585E,[]
1191,Châu Thành District-8471.jpeg,0.9503925517201424,106.2375352165508N,10.310905541294407E,[]
1192,Long Hồ District-6584.jpeg,0.9503427296876908,105.99888735620941N,10.2590927117791E,['682.jpeg']
1197,Cai Lậy Town-6666.jpeg,0.9502321034669876,106.11146990241708N,10.493563379758449E,[]
1198,Bac Giang City-924.jpeg,0.9501923173666,106.21263546430684N,21.259140275801617E,"['205.jpeg', '204.jpeg']"
1199,Duy Tiên District-1984.jpeg,0.9501913636922836,105.927376820054N,20.625436044087937E,[]
1205,Châu Thành District-6406.jpeg,0.95005352050066,106.35531161399096N,10.296083406902813E,[]
1207,Go Cong Town-1610.jpeg,0.9499959498643876,106.6964026842582N,10.384609673115675E,[]
1208,Hoa Lư District-2343.jpeg,0.9499908462166786,105.93203663453288N,20.24515311101811E,[]
1209,Phu Ly City-2511.jpeg,0.9499876350164412,105.93295770094146N,20.550499477301795E,[]
1211,Thanh Liêm District-7368.jpeg,0.949956312775612,105.93045372805089N,20.507038949512257E,['398.jpeg']
1212,Thái Bình-1377.jpeg,0.9499262049794196,106.32632120285044N,20.447332642594482E,[]
1213,Duy Tiên District-2605.jpeg,0.9499164521694184,105.99792725535985N,20.633520844665398E,[]
1215,Phu Ly City-3886.jpeg,0.9498657956719398,105.88691035657921N,20.580143746085835E,[]
1218,Phu Ly City-4015.jpeg,0.9497980773448944,105.93151872143017N,20.582838679611655E,"['343.jpeg', '344.jpeg']"
1220,Vĩnh Long-358.jpeg,0.9497620537877084,105.96375990145226N,10.23552273724841E,[]
1221,Trà Vinh City-1252.jpeg,0.9497368708252908,106.33997394682622N,9.940531573276383E,"['747.jpeg', '737.jpeg', '577.jpeg', '722.jpeg', '576.jpeg']"
1222,Go Cong Town-4159.jpeg,0.9497198089957236,106.61694184661216N,10.43985581039345E,[]
1223,Trà Vinh City-1258.jpeg,0.949710838496685,106.34818224616954N,9.940531573276383E,[]
1224,Go Cong Town-4511.jpeg,0.9496800601482392,106.6457121498978N,10.449288077733554E,[]
1225,Thái Bình-242.jpeg,0.949672356247902,106.32488307414329N,20.41903584057337E,['446.jpeg']
1226,Cao Lanh City-4195.jpeg,0.949670933187008,105.60024397388295N,10.487740208682368E,['505.jpeg']
1227,Long Hồ District-2936.jpeg,0.9496669545769691,105.94000980922003N,10.18093963953252E,[]
1228,Mỹ Tho-1588.jpeg,0.949652038514614,106.40123912327594N,10.3570072722454E,[]
1229,Mỹ Hào District-2150.jpeg,0.9496456310153008,106.14690709711016N,20.936580943898907E,['216.jpeg']
1231,Thái Bình-3204.jpeg,0.9495454803109168,106.3680269353582N,20.49449397929634E,[]
1233,Go Cong Town-1244.jpeg,0.9494697451591492,106.67722248206778N,10.375177405775567E,[]
1234,Long Hồ District-5054.jpeg,0.9494642987847328,105.93727131866235N,10.21597377536719E,[]
1237,Châu Thành District-8722.jpeg,0.9493728876113892,106.3347692190886N,10.31225300805728E,[]
1238,Châu Thành District-8594.jpeg,0.94935704767704,106.40598285475006N,10.310905541294407E,[]
1242,Cao Lanh City-3026.jpeg,0.9492866471409798,105.62764873122678N,10.462138340187787E,['510.jpeg']
1243,Go Cong Town-1568.jpeg,0.9492853656411172,106.63886207768692N,10.384609673115675E,[]
1245,Ninh Bình-263.jpeg,0.9492022469639778,105.9945596253111N,20.217273073747442E,['878.jpeg']
1246,Long Hồ District-6374.jpeg,0.949174240231514,106.00299509204586N,10.24696551091325E,['679.jpeg']
1247,Vĩnh Long-1045.jpeg,0.9490718841552734,105.96102123791414N,10.24899740487713E,"['661.jpeg', '660.jpeg']"
1248,Hiệp Hòa District-5524.jpeg,0.9490585178136826,106.02233754425805N,21.333553880712092E,[]
1249,Long Hồ District-4259.jpeg,0.9490537345409392,105.94822528089293N,10.19980417421273E,[]
1250,Long Hồ District-7124.jpeg,0.9490437135100364,105.96465622423881N,10.271219912644948E,[]
1251,Long Hồ District-5490.jpeg,0.949042484164238,105.99888735620941N,10.224058575944424E,['556.jpeg']
1253,Thái Bình-2707.jpeg,0.9489945024251938,106.35220751957938N,20.478324378141412E,[]
1254,Long Xuyen City-3683.jpeg,0.9489934295415878,105.42488885578004N,10.389305475704175E,[]
1256,Hiệp Hòa District-9060.jpeg,0.9489210098981856,105.95724259026198N,21.39418988504327E,"['138.jpeg', '139.jpeg']"
1259,Phu Ly City-2657.jpeg,0.9488106295466424,105.93151872143017N,20.553194410827626E,"['640.jpeg', '642.jpeg']"
1260,Go Cong Town-4820.jpeg,0.9488088637590408,106.64982219322431N,10.466805145650902E,[]
1261,Cai Lậy Town-532.jpeg,0.9487955942749976,106.10461947681281N,10.373638837862787E,['597.jpeg']
1263,Cai Lậy Town-1251.jpeg,0.948745772242546,106.16764339237213N,10.385766038728642E,['772.jpeg']
1266,Thanh Liêm District-308.jpeg,0.948671706020832,105.92182538680898N,20.38307200732454E,['378.jpeg']
1267,Go Cong Town-3686.jpeg,0.94863323867321,106.59365160109522N,10.431771009816211E,[]
1268,Vĩnh Long-1836.jpeg,0.9486196115612984,105.88570799061448N,10.262472072505853E,[]
1269,Go Cong Town-1178.jpeg,0.9485064446926116,106.65667226543519N,10.373829939012698E,[]
1270,Long Xuyen City-2875.jpeg,0.9484650790691376,105.41529991981282N,10.373135874549702E,"['488.jpeg', '489.jpeg']"
1271,Thanh Liêm District-6419.jpeg,0.9484097436070442,105.94914846740839N,20.49086934835734E,[]
1277,Thanh Liêm District-6221.jpeg,0.9483208805322648,105.90313064745148N,20.488174414831512E,[]
1279,Go Cong Town-119.jpeg,0.9482665881514548,106.65393223655084N,10.342838203466629E,[]
1280,Cai Lậy Town-3727.jpeg,0.9482611194252968,106.19230492454746N,10.43157990866631E,[]
1281,Mỹ Tho-2594.jpeg,0.9482100009918212,106.37658258810765N,10.37452434016274E,[]
1284,Long Hồ District-3203.jpeg,0.9481511414051056,106.0043643373247N,10.183634573058265E,['568.jpeg']
1285,Sa Đéc City-642.jpeg,0.9481200128793716,105.76140690880747N,10.285583204600115E,[]
1286,Go Cong Town-3510.jpeg,0.9480975195765496,106.6758524676256N,10.427728609527595E,[]
1288,Ninh Bình-1774.jpeg,0.9480913504958152,105.97588912894847N,20.26039201016052E,[]
1289,Go Cong Town-2907.jpeg,0.9480888172984124,106.68544256872082N,10.416948875424618E,[]
1290,Go Cong Town-2354.jpeg,0.9480784609913826,106.65256222210868N,10.404821674558763E,[]
1291,Phu Ly City-4242.jpeg,0.9480492919683456,105.93295770094146N,20.592270946952027E,[]
1292,Trà Vinh City-948.jpeg,0.9480010867118835,106.34544614638844N,9.924361972121927E,[]
1293,Cai Lậy Town-1443.jpeg,0.9480010122060776,106.09502888096684N,10.38980843901726E,['759.jpeg']
1294,Duy Tiên District-1021.jpeg,0.9479098469018936,105.94033506327347N,20.606571509407175E,[]
1295,Hiệp Hòa District-8647.jpeg,0.947905644774437,106.01365821705858N,21.38341015093995E,[]
1297,Mỹ Tho-3365.jpeg,0.9478985145688056,106.38754104818243N,10.387999007791462E,[]
1299,Ninh Bình-665.jpeg,0.9478851407766342,105.99025104922738N,20.232095208139437E,[]
1301,Châu Thành District-4101.jpeg,0.9478686526417732,106.43337271461985N,10.281261272511216E,[]
1302,Ninh Bình-1436.jpeg,0.947855830192566,105.97301674489265N,20.250959742820164E,"['862.jpeg', '873.jpeg']"
1303,Hung Yen City-1637.jpeg,0.947847530245781,106.05616319907675N,20.64890947589557E,"['292.jpeg', '291.jpeg']"
1304,Long Hồ District-1751.jpeg,0.9478213712573051,106.00847207316117N,10.16611750514093E,[]
1305,Long Xuyen City-2997.jpeg,0.9478156045079232,105.4002315918643N,10.375830808075445E,[]
1306,Mỹ Hào District-2006.jpeg,0.947808027267456,106.05602243313591N,20.935233477136E,[]
1307,Mỹ Tho-2875.jpeg,0.9477552995085716,106.34918643792071N,10.379914207214231E,[]
1308,Thanh Liêm District-5200.jpeg,0.9477449581027032,105.92326344368263N,20.473352280439503E,['394.jpeg']
1310,Tây Ninh City-5889.jpeg,0.9477294832468032,106.13474879227947N,11.41350091182259E,['612.jpeg']
1312,Cai Lậy Town-6120.jpeg,0.9476545825600624,106.16353313700955N,10.476046311841102E,[]
1313,Go Cong Town-16.jpeg,0.9476462975144386,106.65393223655084N,10.33744833641514E,[]
1316,Binh Minh Town-3139.jpeg,0.9476202949881554,105.80363560383624N,10.066585475324558E,[]
1317,Ninh Bình-1964.jpeg,0.9476188570261002,105.9600910166416N,20.26712934397508E,[]
1318,Chau Doc City-2453.jpeg,0.9476135969161988,105.08368156540244N,10.674225540823407E,"['3.jpeg', '956.jpeg']"
1319,Binh Minh Town-2083.jpeg,0.9476081505417824,105.83510996854186N,10.04233107359287E,['30.jpeg']
1320,Hoa Lư District-3961.jpeg,0.9476060718297958,105.95358020079591N,20.290966980957013E,['408.jpeg']
1321,Hung Yen City-3267.jpeg,0.9475989863276482,106.03024184953837N,20.70280814641202E,"['269.jpeg', '268.jpeg']"
1322,Duy Tiên District-2116.jpeg,0.9475712031126022,105.98064959773394N,20.626783510850842E,[]
1323,Go Cong Town-3432.jpeg,0.9475561082363128,106.68407255427864N,10.426381142764722E,[]
1324,Hiệp Hòa District-7397.jpeg,0.9475488364696504,105.99919267172614N,21.359155749207478E,['184.jpeg']
1325,Thái Bình-2511.jpeg,0.9475417956709862,106.35076939087223N,20.472934511089775E,[]
1326,Long Xuyen City-3497.jpeg,0.9474890232086182,105.43036824776134N,10.385263075415558E,['483.jpeg']
1328,Sa Đéc City-1275.jpeg,0.9474385976791382,105.74771057337713N,10.307142672806073E,[]
1330,Duy Tiên District-1941.jpeg,0.9474034383893012,106.00368647456851N,20.624088577325022E,[]
1331,Go Cong Town-3693.jpeg,0.9473998248577118,106.60324170219042N,10.431771009816211E,[]
1334,Long Hồ District-1161.jpeg,0.9473501890897752,105.94411754505647N,10.15938017132657E,[]
1335,Trà Vinh City-2114.jpeg,0.9473232850432396,106.3358697971545N,9.970175842059554E,[]
1336,Cao Lanh City-2983.jpeg,0.9473079517483712,105.64957253710186N,10.460790873424916E,[]
1337,Cao Lanh City-2713.jpeg,0.9472958594560624,105.62079754189082N,10.455401006373423E,['940.jpeg']
1338,Thanh Liêm District-7287.jpeg,0.9472949504852296,105.91894927306168N,20.505691482749345E,[]
1340,Bến Tre City-553.jpeg,0.947268344461918,106.39540150263845N,10.212508271054272E,"['710.jpeg', '709.jpeg']"
1342,Hung Yen City-3262.jpeg,0.9472237899899484,106.02304147466661N,20.70280814641202E,[]
1343,Cao Lanh City-3734.jpeg,0.9471836164593695,105.61531659042207N,10.478307941342258E,['507.jpeg']
1344,Cao Lanh City-639.jpeg,0.94717775285244,105.61805706615645N,10.420366870538738E,['496.jpeg']
1345,Mỹ Tho-2759.jpeg,0.947133645415306,106.39575989323852N,10.377219273688485E,[]
1346,Bac Giang City-1831.jpeg,0.947108194231987,106.19672993415931N,21.27935227724534E,['106.jpeg']
1348,Thanh Liêm District-1798.jpeg,0.947034627199173,105.93476789867186N,20.423496010211835E,['372.jpeg']
1350,Bến Tre City-3030.jpeg,0.9468790292739868,106.38307811801135N,10.262364541280542E,['713.jpeg']
1353,Châu Thành District-7263.jpeg,0.9468244016170502,106.42104727767847N,10.301473273954299E,[]
1354,Cai Lậy Town-5978.jpeg,0.9468222707509996,106.14846220068013N,10.473351378315359E,[]
1355,Go Cong Town-2481.jpeg,0.9468152672052385,106.67722248206778N,10.407516608084503E,[]
1356,Long Hồ District-5589.jpeg,0.9468096271157264,105.95507150728706N,10.226753509470168E,[]
1357,Mỹ Tho-3221.jpeg,0.9468095004558564,106.40534854580397N,10.385304074265717E,[]
1358,Yên Mỹ District-1378.jpeg,0.9467945322394372,106.00320299839402N,20.877444475680402E,[]
1359,Phu Ly City-3092.jpeg,0.9467822760343552,105.91856790582827N,20.561279211405086E,[]
1360,Thanh Liêm District-4537.jpeg,0.9467582106590272,105.91319704556706N,20.463920013099127E,[]
1361,Go Cong Town-3335.jpeg,0.946752354502678,106.6662623665304N,10.425033676001851E,[]
1363,Hiệp Hòa District-410.jpeg,0.9466845020651816,105.95145637212903N,21.243273607596805E,[]
1364,Go Cong Town-4185.jpeg,0.9466823264956474,106.65256222210868N,10.43985581039345E,[]
1366,Tây Ninh City-5030.jpeg,0.9465779066085817,106.12100459830566N,11.39733131066809E,[]
1367,Long Hồ District-8827.jpeg,0.9465704038739204,106.01257980899764N,10.302211648191006E,['552.jpeg']
1372,Phu Ly City-826.jpeg,0.9464569315314292,105.96893218872448N,20.522202675280678E,['355.jpeg']
1373,Châu Thành District-7538.jpeg,0.9464265331625938,106.25670811845967N,10.304168207480046E,[]
1374,Trà Vinh City-1691.jpeg,0.9463378340005876,106.34818224616954N,9.958048641193713E,"['749.jpeg', '740.jpeg', '721.jpeg']"
1377,Go Cong Town-100.jpeg,0.9462194517254828,106.66900239541475N,10.341490736703756E,[]
1378,Binh Minh Town-2090.jpeg,0.946216531097889,105.84468912301752N,10.04233107359287E,[]
1379,Phu Ly City-1584.jpeg,0.9461697787046432,105.98907790188295N,20.53432987614687E,"['357.jpeg', '358.jpeg']"
1381,Bac Giang City-3025.jpeg,0.946122705936432,106.17359461758113N,21.303606678977808E,['197.jpeg']
1382,Go Cong Town-1134.jpeg,0.9461025446653366,106.66489235208824N,10.372482472249823E,[]
1383,Go Cong Town-397.jpeg,0.9460711181163788,106.6922926409317N,10.352270470806737E,[]
1384,Hiệp Hòa District-8156.jpeg,0.9460633099079132,105.97170813559445N,21.37263041683663E,[]
1385,Hiệp Hòa District-5057.jpeg,0.946007899940014,105.93554427226331N,21.328164013660434E,[]
1388,Long Hồ District-4164.jpeg,0.9459526762366296,105.91673263947999N,10.198456707449855E,[]
1391,Hung Yen City-2290.jpeg,0.9459275901317596,106.06336357394854N,20.670468944102158E,[]
1394,Cao Lanh City-740.jpeg,0.9458978772163392,105.64135110989872N,10.421714337301607E,[]
1395,Hiệp Hòa District-5480.jpeg,0.94587554782629,105.95868914479524N,21.333553880712092E,['149.jpeg']
1396,Tây Ninh City-2041.jpeg,0.9458734765648842,106.12925111468995N,11.347475040441713E,[]
1398,Binh Minh Town-3407.jpeg,0.9457888081669809,105.83237306726312N,10.073322809138919E,['534.jpeg']
1400,Go Cong Town-259.jpeg,0.945778027176857,106.66215232320387N,10.348228070518116E,[]
1402,Ninh Bình-1327.jpeg,0.945735976099968,105.98450628111584N,20.248264809294348E,['121.jpeg']
1407,Tây Ninh City-989.jpeg,0.9456925988197328,106.11963017890828N,11.324568105472839E,[]
1409,Long Xuyen City-2904.jpeg,0.945658765733242,105.45502551167712N,10.373135874549702E,[]
1412,Go Cong Town-3310.jpeg,0.945622093975544,106.63201200547607N,10.425033676001851E,[]
1413,Cai Lậy Town-2464.jpeg,0.945610910654068,106.12654083874648N,10.407325506934605E,['767.jpeg']
1414,Duy Tiên District-2015.jpeg,0.9455978721380234,105.97201076892097N,20.625436044087937E,[]
1415,Mỹ Tho-3200.jpeg,0.9455772191286088,106.37658258810765N,10.385304074265717E,[]
1417,Long Xuyen City-2955.jpeg,0.9455515146255492,105.43447779174731N,10.374483341312578E,[]
1418,Mỹ Tho-3854.jpeg,0.9455270692706108,106.36699393554221N,10.39743127513157E,[]
1425,Châu Thành District-4486.jpeg,0.9454813078045844,106.35531161399096N,10.283956206036958E,[]
1426,Sa Đéc City-1707.jpeg,0.9454701989889144,105.71346973480124N,10.323312273960541E,[]
1429,Hoa Lư District-1206.jpeg,0.9453199952840804,105.95214396304503N,20.214161375471203E,[]
1431,Duy Tiên District-397.jpeg,0.9452974647283554,105.96481174491018N,20.578274707386054E,[]
1434,Chau Doc City-3423.jpeg,0.945251740515232,105.08368156540244N,10.689047675215011E,[]
1435,Ninh Bình-1332.jpeg,0.9452063962817192,105.9916872412553N,20.248264809294348E,[]
1436,Vĩnh Long-1703.jpeg,0.9452037289738656,105.9363732660706N,10.259777138980107E,['545.jpeg']
1437,Tây Ninh City-5183.jpeg,0.9452029764652252,106.11963017890828N,11.400026244193837E,[]
1438,Vĩnh Long-929.jpeg,0.9452027752995492,105.910355962458N,10.24764993811426E,[]
1439,Go Cong Town-1463.jpeg,0.9451978281140327,106.69777269870038N,10.380567272827056E,['855.jpeg']
1440,Bến Tre City-225.jpeg,0.9451374039053916,106.38033958809419N,10.20307600371417E,[]
1444,Go Cong Town-2673.jpeg,0.9450456276535988,106.62653194770735N,10.412906475136E,[]
1445,Binh Minh Town-3355.jpeg,0.9450376927852632,105.828267715345N,10.071975342376048E,[]
1446,Hung Yen City-2168.jpeg,0.9450248926877975,106.0619234989742N,20.666426543813415E,[]
1451,Go Cong Town-1499.jpeg,0.9448631703853608,106.67859249650996N,10.381914739589927E,[]
1454,Tây Ninh City-4614.jpeg,0.944795787334442,106.11550692071616N,11.390593976853712E,[]
1456,Long Xuyen City-5007.jpeg,0.9447856321930884,105.4468064237052N,10.421644678013113E,[]
1458,Mỹ Tho-3687.jpeg,0.9447667226195336,106.31905067271501N,10.394736341605826E,[]
1459,Long Hồ District-8030.jpeg,0.9447596818208694,105.99204112981529N,10.287389513799416E,['549.jpeg']
1461,Hiệp Hòa District-4180.jpeg,0.9447380527853966,106.00497888985912N,21.31468934603128E,[]
1464,Cai Lậy Town-5188.jpeg,0.9446273446083068,106.12380066850477N,10.458529243923762E,['766.jpeg']
1466,Hung Yen City-3039.jpeg,0.9445375725626944,106.04320252430756N,20.694723345834557E,[]
1467,Long Hồ District-5316.jpeg,0.9445087164640428,105.9345328281047N,10.22136364241868E,['564.jpeg']
1468,Tam Điệp-2933.jpeg,0.944504126906395,105.9239699212754N,20.162814410129887E,[]
1469,Long Hồ District-7946.jpeg,0.9443273395299911,105.9810871675847N,10.286042047036544E,['547.jpeg']
1470,Hiệp Hòa District-5953.jpeg,0.9442896693944932,106.02957031692426N,21.33894374776375E,[]
1471,Vĩnh Long-1472.jpeg,0.9442798495292664,105.97471455560493N,10.255734738691492E,"['669.jpeg', '668.jpeg']"
1473,Tây Ninh City-6175.jpeg,0.944246381521225,106.11688134011352N,11.420238245636966E,['973.jpeg']
1474,Long Hồ District-7115.jpeg,0.9442382156848907,105.95233301672941N,10.271219912644948E,[]
1475,Vĩnh Long-129.jpeg,0.9442182555794716,105.9117252942271N,10.230132870196922E,[]
1476,Duy Tiên District-5624.jpeg,0.9442076981067656,106.01376510818362N,20.68068218136729E,[]
1478,Trà Vinh City-410.jpeg,0.9441770762205124,106.31534904879615N,9.906844904204599E,['742.jpeg']
1484,Thái Bình-1575.jpeg,0.9440580010414124,106.32488307414329N,20.451375042883214E,[]
1486,Tây Ninh City-772.jpeg,0.9439726695418358,106.12925111468995N,11.31917823842134E,['96.jpeg']
1487,Sa Đéc City-2776.jpeg,0.9438842236995696,105.71757863543034N,10.36777867713533E,[]
1488,Go Cong Town-4109.jpeg,0.9438223540782928,106.64160210657127N,10.438508343630575E,[]
1489,Phu Ly City-1139.jpeg,0.9438223466277122,105.95598137312261N,20.52759254233232E,[]
1491,Cao Lanh City-4109.jpeg,0.9437938183546066,105.5742094544063N,10.486392741919497E,[]
1493,Mỹ Tho-3062.jpeg,0.9437415525317192,106.39712970074788N,10.382609140739975E,[]
1494,Bến Tre City-3020.jpeg,0.9436836689710616,106.36938546842563N,10.262364541280542E,[]
1495,Châu Thành District-1422.jpeg,0.943681798875332,106.21562332865496N,10.263744204593879E,[]
1496,Cai Lậy Town-2931.jpeg,0.9436769112944604,106.1224305833839N,10.416757774274714E,['596.jpeg']
1498,Thanh Liêm District-3311.jpeg,0.943617820739746,105.94195818304013N,20.4464029451813E,[]
1499,Thanh Liêm District-6038.jpeg,0.943598873913288,105.8973784199569N,20.48547948130569E,[]
1500,Cao Lanh City-3266.jpeg,0.9435975402593612,105.63312968269553N,10.467528207239278E,[]
1501,Bac Giang City-2361.jpeg,0.9435816705226898,106.19672993415931N,21.28878454458574E,[]
1502,Vĩnh Long-1402.jpeg,0.9435169473290445,105.9952545321412N,10.254387271928618E,[]
1503,Long Hồ District-2806.jpeg,0.9435106813907624,105.91399414892234N,10.17959217276965E,[]
1504,Cai Lậy Town-5934.jpeg,0.943509466946125,106.17997415845981N,10.472003911552486E,[]
1505,Mỹ Hào District-1198.jpeg,0.9434879645705224,106.136808801113N,20.91771640921813E,['218.jpeg']
1509,Thái Bình-1146.jpeg,0.9434188678860664,106.38528447984417N,20.441942775542838E,[]
1512,Châu Thành District-5415.jpeg,0.9432918801903724,106.4320032216264N,10.289346073088451E,[]
1513,Go Cong Town-998.jpeg,0.943217784166336,106.68681258316299N,10.368440071961205E,[]
1514,Long Hồ District-2180.jpeg,0.943212017416954,105.98245641286351N,10.171507372192416E,[]
1517,Mỹ Tho-1341.jpeg,0.9431018605828284,106.39165047071049N,10.352964871956782E,[]
1519,Trà Vinh City-1209.jpeg,0.9430693611502649,106.3495502960601N,9.937836639750643E,['743.jpeg']
1523,Long Xuyen City-2894.jpeg,0.9430046752095222,105.4413270317239N,10.373135874549702E,[]
1524,Binh Minh Town-2205.jpeg,0.9430037885904312,105.81595165959065N,10.045026007118615E,[]
1525,Vĩnh Long-1210.jpeg,0.9430020079016684,105.9623905696832N,10.251692338402876E,"['662.jpeg', '663.jpeg']"
1528,Ninh Bình-2037.jpeg,0.9429243355989456,105.9600910166416N,20.26982427750089E,[]
1529,Go Cong Town-4300.jpeg,0.9428763389587402,106.64297212101346N,10.44255074391919E,[]
1530,Cao Lanh City-426.jpeg,0.9428624138236046,105.66875586724257N,10.41632447025012E,['518.jpeg']
1531,Long Xuyen City-918.jpeg,0.9428418427705764,105.45639535967244N,10.330016938137788E,['493.jpeg']
1532,Mỹ Tho-2619.jpeg,0.942841537296772,106.30672240513088N,10.37587180692561E,['65.jpeg']
1536,Thanh Liêm District-1031.jpeg,0.9427704587578772,105.88299785122038N,20.408673875819822E,['388.jpeg']
1542,Hiệp Hòa District-605.jpeg,0.9426099956035614,105.95724259026198N,21.250010941411375E,[]
1544,Long Xuyen City-2596.jpeg,0.9425984546542168,105.39475219988303N,10.367746007498214E,[]
1545,Duy Tiên District-2562.jpeg,0.9425876811146736,105.93601564886697N,20.633520844665398E,[]
1546,Thanh Liêm District-5760.jpeg,0.9425807744264604,105.8973784199569N,20.481437081016963E,[]
1549,Cai Lậy Town-1086.jpeg,0.942497469484806,106.16079296676783N,10.383071105202898E,['774.jpeg']
1550,Go Cong Town-807.jpeg,0.9424922913312912,106.64434213545564N,10.364397671672586E,[]
1551,Go Cong Town-1402.jpeg,0.9424714148044586,106.68407255427864N,10.379219806064183E,[]
1552,Long Hồ District-6291.jpeg,0.9424344524741172,106.00162584676706N,10.242923110624638E,[]
1559,Go Cong Town-1996.jpeg,0.9423081651329994,106.67859249650996N,10.395389407218653E,[]
1561,Go Cong Town-2640.jpeg,0.9422717466950415,106.66215232320387N,10.411559008373121E,[]
1563,Bến Tre City-3257.jpeg,0.9422480314970016,106.35980061371565N,10.269101875094902E,['579.jpeg']
1565,Thanh Liêm District-3773.jpeg,0.9421969503164292,105.90313064745148N,20.45314027899585E,[]
1566,Long Hồ District-1310.jpeg,0.9421847686171532,106.00710282788233N,10.16072763808944E,[]
1567,Long Hồ District-7741.jpeg,0.9421023279428482,106.01668754483413N,10.281999646747927E,['685.jpeg']
1569,Châu Thành District-2900.jpeg,0.9420259818434716,106.2525996394792N,10.274523938696857E,[]
1570,Binh Minh Town-357.jpeg,0.941992774605751,105.87753193836252N,10.001907070706721E,['536.jpeg']
1571,Long Hồ District-1893.jpeg,0.941856913268566,105.89756320557647N,10.168812438666674E,"['648.jpeg', '33.jpeg']"
1572,Go Cong Town-1363.jpeg,0.9418293461203576,106.70188274202691N,10.37787233930131E,[]
1573,Bến Tre City-2955.jpeg,0.9417854025959967,106.36116987867425N,10.26101707451767E,[]
1575,Hung Yen City-2636.jpeg,0.941741205751896,106.08064447364077N,20.68124867820544E,"['275.jpeg', '274.jpeg']"
1576,Cao Lanh City-881.jpeg,0.9417177513241768,105.60298444961734N,10.424409270827352E,['495.jpeg']
1577,Go Cong Town-1114.jpeg,0.9417146146297456,106.63749206324476N,10.372482472249823E,[]
1578,Châu Thành District-1711.jpeg,0.9416890367865562,106.43748119360033N,10.265091671356753E,[]
1580,Go Cong Town-927.jpeg,0.941666729748249,106.66215232320387N,10.367092605198332E,[]
1582,Cai Lậy Town-912.jpeg,0.9415962472558022,106.12791092386735N,10.380376171677153E,['80.jpeg']
1584,Cai Lậy Town-4256.jpeg,0.9415754154324532,106.1881946691849N,10.441012176006414E,['776.jpeg']
1586,Go Cong Town-2203.jpeg,0.9415541365742685,106.67174242429908N,10.40077927427014E,[]
1588,Long Hồ District-2140.jpeg,0.9415098577737808,105.92768660171058N,10.171507372192416E,[]
1589,Hoa Lư District-1604.jpeg,0.94150460511446,105.95214396304503N,20.223593642811572E,['422.jpeg']
1593,Go Cong Town-1770.jpeg,0.9414557591080666,106.6457121498978N,10.389999540167166E,[]
1595,Long Xuyen City-4037.jpeg,0.9414432868361472,105.42488885578004N,10.397390276281406E,[]
1600,Duy Tiên District-2325.jpeg,0.9413339495658876,106.00512627937064N,20.629478444376662E,[]
1602,Long Xuyen City-2603.jpeg,0.9412788301706314,105.40434113585025N,10.367746007498214E,[]
1604,Go Cong Town-805.jpeg,0.9412623271346092,106.64160210657127N,10.364397671672586E,[]
1605,Go Cong Town-1844.jpeg,0.9412550553679466,106.6758524676256N,10.391347006930033E,[]
1606,Châu Thành District-5952.jpeg,0.9412216320633888,106.29916240125785N,10.293388473377066E,[]
1608,Thanh Liêm District-3345.jpeg,0.9411098957061768,105.99085211674432N,20.4464029451813E,[]
1609,Go Cong Town-307.jpeg,0.941074289381504,106.67722248206778N,10.34957553728099E,[]
1612,Bến Tre City-1524.jpeg,0.9410197362303734,106.37212399834277N,10.235415206023102E,['693.jpeg']
1615,Go Cong Town-2743.jpeg,0.940889559686184,106.63749206324476N,10.414253941898867E,[]
1616,Binh Minh Town-2568.jpeg,0.94087952375412,105.84332067237811N,10.051763340932972E,[]
1617,Hiệp Hòa District-4918.jpeg,0.9408637434244156,106.01799788065833N,21.325469080134603E,[]
1618,Go Cong Town-3605.jpeg,0.94082672894001,106.59091157221086N,10.430423543053335E,[]
1620,Sa Đéc City-1282.jpeg,0.9407368674874306,105.75729800817835N,10.307142672806073E,[]
1624,Trà Vinh City-731.jpeg,0.9406933858990668,106.31534904879615N,9.917624638307569E,[]
1625,Hiệp Hòa District-4341.jpeg,0.9406709745526314,105.97315469012771N,21.31738427955711E,[]
1628,Hiệp Hòa District-955.jpeg,0.9406508058309556,105.97026158106122N,21.260790675514695E,[]
1630,Hiệp Hòa District-5832.jpeg,0.940638802945614,106.00931855345885N,21.337596281000838E,[]
1633,Go Cong Town-1025.jpeg,0.9406138733029366,106.65393223655084N,10.369787538724077E,[]
1634,Long Hồ District-6183.jpeg,0.9405969306826591,105.94274829977763N,10.240228177098889E,[]
1635,Binh Minh Town-2035.jpeg,0.9405564144253732,105.86111053069003N,10.040983606829998E,[]
1636,Vĩnh Long-1576.jpeg,0.9405333250761032,105.88159999530724N,10.258429672217233E,[]
1637,Vĩnh Long-2115.jpeg,0.9404706731438636,105.90761729891983N,10.26786193955734E,['649.jpeg']
1638,Bến Tre City-1657.jpeg,0.9404664561152458,106.35021575900566N,10.238110139548848E,['707.jpeg']
1641,Go Cong Town-2557.jpeg,0.9404376968741416,106.62790196214955N,10.410211541610249E,[]
1642,Go Cong Town-3743.jpeg,0.9404318481683732,106.67174242429908N,10.431771009816211E,[]
1646,Phu Ly City-4167.jpeg,0.9401997476816176,105.93295770094146N,20.588228546663295E,[]
1648,Go Cong Town-3812.jpeg,0.9401664957404136,106.65941229431952N,10.43311847657908E,[]
1653,Duy Tiên District-2313.jpeg,0.9400867074728012,105.98784862174475N,20.629478444376662E,[]
1654,Cao Lanh City-3139.jpeg,0.9400590807199478,105.62079754189082N,10.464833273713532E,['943.jpeg']
1656,Cai Lậy Town-6007.jpeg,0.9400072172284126,106.09776905120856N,10.474698845078231E,[]
1657,Chau Doc City-4294.jpeg,0.9399726986885072,105.12619050239051N,10.703869809606616E,[]
1658,Trà Vinh City-1773.jpeg,0.9399568438529968,106.33860589693562N,9.960743574719457E,[]
1660,Go Cong Town-292.jpeg,0.9399464353919028,106.65667226543519N,10.34957553728099E,[]
1665,Duy Tiên District-3802.jpeg,0.939842700958252,105.90290013841727N,20.651037912583238E,"['325.jpeg', '326.jpeg', '327.jpeg']"
1669,Bến Tre City-1481.jpeg,0.939707487821579,106.4118326821413N,10.234067739260228E,[]
1670,Yên Mỹ District-1576.jpeg,0.9396522790193558,106.05224192501532N,20.88013940920623E,[]
1671,Mỹ Tho-1306.jpeg,0.9396484047174454,106.34370720788327N,10.352964871956782E,['583.jpeg']
1674,Go Cong Town-1105.jpeg,0.9395246654748916,106.69366265537386N,10.371135005486948E,[]
1675,Châu Thành District-3447.jpeg,0.9395029246807098,106.44022017958733N,10.277218872222601E,[]
1678,Ninh Bình-1168.jpeg,0.9393373727798462,106.01035773761795N,20.244222409005623E,[]
1680,Ninh Bình-918.jpeg,0.9392860606312752,105.9916872412553N,20.238832541953983E,['881.jpeg']
1682,Mỹ Tho-1945.jpeg,0.939170464873314,106.34233740037392N,10.36374460605976E,[]
1683,Ninh Bình-394.jpeg,0.939168021082878,105.95147386447422N,20.224010407561988E,['422.jpeg']
1686,Go Cong Town-3269.jpeg,0.9390794709324836,106.68955261204736N,10.423686209238976E,[]
1688,Chau Doc City-2274.jpeg,0.9390372708439828,105.07271151714745N,10.671530607297658E,"['0.jpeg', '955.jpeg']"
1691,Go Cong Town-3484.jpeg,0.9387772604823112,106.64023209212911N,10.427728609527595E,[]
1693,Hiệp Hòa District-7172.jpeg,0.9387527257204056,105.93699082679657N,21.356460815681647E,[]
1694,Tây Ninh City-2029.jpeg,0.938748985528946,106.1127580819214N,11.347475040441713E,[]
1696,Duy Tiên District-1549.jpeg,0.938634805381298,105.96193213530586N,20.618698710273378E,[]
1700,Châu Thành District-6301.jpeg,0.9385026842355728,106.2115148496745N,10.296083406902813E,[]
1702,Tam Điệp-2427.jpeg,0.9383698031306268,105.91248661391052N,20.156077076315338E,['893.jpeg']
1704,Tây Ninh City-4618.jpeg,0.9383033961057664,106.12100459830566N,11.390593976853712E,[]
1705,Go Cong Town-775.jpeg,0.9383005350828172,106.67448245318344N,10.363050204909717E,"['850.jpeg', '849.jpeg']"
1706,Phu Ly City-1870.jpeg,0.9382439330220222,105.9070560697377N,20.539719743198518E,[]
1707,Hiệp Hòa District-6816.jpeg,0.9382277429103852,105.97749435372745N,21.351070948629985E,['126.jpeg']
1708,Go Cong Town-2968.jpeg,0.9382259845733644,106.67722248206778N,10.418296342187489E,[]
1710,Thanh Liêm District-1724.jpeg,0.9382011368870736,105.94195818304013N,20.42214854344892E,[]
1711,Thái Bình-1589.jpeg,0.9381804019212724,106.34501687604359N,20.451375042883214E,"['99.jpeg', '442.jpeg']"
1716,Go Cong Town-4544.jpeg,0.9380265399813652,106.64845217878214N,10.450635544496429E,[]
1717,Bến Tre City-2153.jpeg,0.9380227103829384,106.36527767354993N,10.246194940126077E,"['699.jpeg', '715.jpeg']"
1719,Go Cong Town-4953.jpeg,0.937952160835266,106.64434213545564N,10.47623741299101E,[]
1723,Trà Vinh City-576.jpeg,0.937798634171486,106.31808514857725N,9.912234771256085E,[]
1724,Thái Bình-1023.jpeg,0.9377727136015892,106.30618740095012N,20.440595308779933E,[]
1726,Trà Vinh City-1016.jpeg,0.9377626478672028,106.32218929824893N,9.92840437241054E,[]
1730,Duy Tiên District-3393.jpeg,0.937694638967514,106.02096413219442N,20.644300578768686E,['308.jpeg']
1733,Thanh Liêm District-5869.jpeg,0.937449373304844,105.91894927306168N,20.482784547779872E,[]
1735,Yên Mỹ District-2420.jpeg,0.9374432936310768,106.04935728227288N,20.893614076835348E,['243.jpeg']
1736,Long Hồ District-7876.jpeg,0.937406376004219,105.99067188453644N,10.284694580273671E,['548.jpeg']
1737,Long Xuyen City-1598.jpeg,0.9373593926429749,105.45913505566305N,10.344839072529387E,['14.jpeg']
1738,Duy Tiên District-1959.jpeg,0.9373513236641884,106.0296029610074N,20.624088577325022E,[]
1739,Thanh Liêm District-5765.jpeg,0.9372871667146684,105.90456870432516N,20.481437081016963E,[]
1740,Yên Mỹ District-2440.jpeg,0.9372697249054908,106.07820370969719N,20.893614076835348E,[]
1741,Thanh Liêm District-5006.jpeg,0.9371774271130562,105.91319704556706N,20.470657346913683E,[]
1745,Cai Lậy Town-3118.jpeg,0.9371072724461555,106.1224305833839N,10.420800174563325E,[]
1746,Mỹ Hào District-163.jpeg,0.9370903223752975,106.11372698169097N,20.88807214043406E,[]
1750,Go Cong Town-4540.jpeg,0.936853103339672,106.64297212101346N,10.450635544496429E,[]
1751,Vĩnh Long-410.jpeg,0.9368170276284218,105.95828257437594N,10.236870204011284E,[]
1752,Go Cong Town-2086.jpeg,0.9367694333195686,106.65667226543519N,10.398084340744397E,[]
1753,Go Cong Town-3030.jpeg,0.936768501996994,106.66900239541475N,10.419643808950358E,[]
1754,Tây Ninh City-1953.jpeg,0.936756044626236,106.10038830734497N,11.346127573678837E,[]
1756,Go Cong Town-1706.jpeg,0.9366270378232002,106.69503266981602N,10.387304606641418E,[]
1757,Tây Ninh City-1474.jpeg,0.9365707114338876,106.12237901770304N,11.335347839575835E,['978.jpeg']
1759,Sa Đéc City-2828.jpeg,0.9365400075912476,105.71210010125822N,10.370473610661076E,[]
1764,Duy Tiên District-1432.jpeg,0.9364442229270936,106.0224039369966N,20.616003776747554E,[]
1766,Tây Ninh City-5112.jpeg,0.9363692924380302,106.12650227589519N,11.398678777430964E,[]
1768,Hiệp Hòa District-7503.jpeg,0.936185657978058,106.02378409879131N,21.360503215970393E,[]
1770,Duy Tiên District-4420.jpeg,0.9360990896821022,105.98352920733824N,20.65912271316071E,[]
1773,Long Xuyen City-1941.jpeg,0.9360054135322572,105.44269687971922N,10.352923873106617E,[]
1775,Long Hồ District-6504.jpeg,0.9359517395496368,105.99888735620941N,10.255050311490482E,[]
1777,Thái Bình-2457.jpeg,0.9357868134975432,106.34645500475075N,20.47158704432686E,[]
1778,Duy Tiên District-2184.jpeg,0.9357425272464752,105.94033506327347N,20.62813097761375E,[]
1779,Chau Doc City-4623.jpeg,0.9357415363192558,105.11796296619927N,10.713302076946729E,"['468.jpeg', '465.jpeg']"
1780,Binh Minh Town-2719.jpeg,0.9357398822903632,105.86932123452628N,10.054458274458714E,[]
1781,Mỹ Tho-611.jpeg,0.9357117861509324,106.33959778535524N,10.340837671090929E,[]
1782,Ninh Bình-2115.jpeg,0.9356774166226388,105.9672719767811N,20.272519211026708E,[]
1783,Châu Thành District-5819.jpeg,0.9356647208333017,106.4032438687631N,10.292041006614197E,[]
1784,Hung Yen City-976.jpeg,0.935639999806881,106.04464259928191N,20.632739874740647E,[]
1785,Binh Minh Town-1279.jpeg,0.935612753033638,105.86111053069003N,10.024814005675537E,[]
1786,Cai Lậy Town-2971.jpeg,0.9355599582195282,106.17723398821808N,10.416757774274714E,[]
1791,Vĩnh Long-2301.jpeg,0.9352914541959764,105.91309462599618N,10.273251806608831E,[]
1792,Go Cong Town-2876.jpeg,0.9351619780063628,106.64297212101346N,10.416948875424618E,[]
1793,Hiệp Hòa District-7567.jpeg,0.93515844643116,105.98906678999342N,21.361850682733312E,[]
1794,Cai Lậy Town-5372.jpeg,0.9351515248417854,106.18134424358063N,10.461224177449507E,[]
1797,Bac Giang City-666.jpeg,0.9351179376244544,106.2227571653098N,21.252402941987047E,[]
1800,Long Hồ District-6482.jpeg,0.934985600411892,105.99477962037295N,10.253702844727611E,[]
1801,Binh Minh Town-3421.jpeg,0.93498145788908,105.85153137621441N,10.073322809138919E,[]
1802,Long Xuyen City-2355.jpeg,0.9349461495876312,105.43447779174731N,10.362356140446725E,[]
1803,Long Hồ District-5192.jpeg,0.9349251613020896,105.94411754505647N,10.218668708892936E,[]
1804,Hiệp Hòa District-7152.jpeg,0.9348849654197692,105.90805973613166N,21.356460815681647E,[]
1805,Cai Lậy Town-5056.jpeg,0.9348848164081572,106.13887160483415N,10.455834310398014E,[]
1807,Go Cong Town-1224.jpeg,0.9348420277237892,106.64982219322431N,10.375177405775567E,[]
1809,Châu Thành District-6008.jpeg,0.9347466751933098,106.37585400889328N,10.293388473377066E,[]
1811,Cao Lanh City-1164.jpeg,0.9347005560994148,105.6427213477659N,10.428451671115972E,['515.jpeg']
1812,Vĩnh Long-1541.jpeg,0.9346595853567125,105.95143591553051N,10.257082205454365E,[]
1813,Châu Thành District-1589.jpeg,0.9346034526824952,106.21836231464192N,10.265091671356753E,[]
1814,Tây Ninh City-4521.jpeg,0.9345918223261832,106.10726040433188N,11.38924651009084E,[]
1817,Sa Đéc City-1169.jpeg,0.9345139563083648,105.76140690880747N,10.303100272517458E,[]
1819,Thanh Liêm District-3388.jpeg,0.9344972223043442,105.91319704556706N,20.44775041194421E,[]
1820,Phu Ly City-2876.jpeg,0.9344648122787476,105.92864076240751N,20.557236811116354E,[]
1821,Go Cong Town-4023.jpeg,0.9344364702701567,106.62379191882302N,10.4371608768677E,[]
1822,Go Cong Town-3175.jpeg,0.9344334453344344,106.67037240985691N,10.422338742476105E,[]
1823,Binh Minh Town-1979.jpeg,0.9344288483262062,105.87616348772315N,10.039636140067126E,['539.jpeg']
1826,Go Cong Town-3968.jpeg,0.934389427304268,106.65667226543519N,10.435813410104826E,[]
1829,Go Cong Town-2803.jpeg,0.9341865107417108,106.63338201991824N,10.415601408661741E,[]
1830,Long Hồ District-5733.jpeg,0.9341606944799424,105.95507150728706N,10.229448442995913E,"['658.jpeg', '42.jpeg']"
1832,Long Hồ District-5370.jpeg,0.9341384544968604,105.91947113003765N,10.222711109181553E,[]
1833,Long Xuyen City-3692.jpeg,0.9340764582157136,105.43721748773795N,10.389305475704175E,['481.jpeg']
1834,Phu Ly City-2183.jpeg,0.9340568035840988,105.89554423364714N,20.545109610250154E,[]
1837,Phu Ly City-1203.jpeg,0.9337543919682504,105.92720178289618N,20.528940009095233E,[]
1842,Cao Lanh City-4241.jpeg,0.933612920343876,105.57146897867192N,10.489087675445242E,[]
1844,Hiệp Hòa District-2822.jpeg,0.9334152564406396,105.95724259026198N,21.29447734458756E,[]
1845,Long Xuyen City-1603.jpeg,0.9333263337612152,105.46598429563967N,10.344839072529387E,[]
1846,Long Hồ District-4189.jpeg,0.9332534074783324,105.95096377145056N,10.198456707449855E,[]
1847,Cai Lậy Town-4495.jpeg,0.9332103431224824,106.19093483942662N,10.445054576295032E,[]
1848,Binh Minh Town-2014.jpeg,0.933148130774498,105.83237306726312N,10.040983606829998E,[]
1849,Hoa Lư District-1316.jpeg,0.9331468865275384,105.95645267629762N,20.216856308997016E,[]
1853,Bến Tre City-1248.jpeg,0.9330158606171608,106.37212399834277N,10.230025338971611E,['692.jpeg']
1857,Long Hồ District-420.jpeg,0.9327549636363984,106.01257980899764N,10.148600437223596E,[]
1858,Long Hồ District-5209.jpeg,0.9326696693897248,105.96739471479646N,10.218668708892936E,['664.jpeg']
1859,Cai Lậy Town-6651.jpeg,0.9326645582914352,106.09091862560427N,10.493563379758449E,[]
1862,Go Cong Town-1071.jpeg,0.9325792044401168,106.64708216433996N,10.371135005486948E,[]
1863,Sa Đéc City-1604.jpeg,0.932563953101635,105.72579643668855N,10.319269873671924E,[]
1868,Go Cong Town-913.jpeg,0.932390622794628,106.64297212101346N,10.367092605198332E,[]
1871,Trà Vinh City-3085.jpeg,0.9323563650250436,106.31945319846783N,9.997125177316981E,"['725.jpeg', '50.jpeg']"
1872,Sa Đéc City-1876.jpeg,0.932338684797287,105.74771057337713N,10.328702141012029E,[]
1875,Long Hồ District-2831.jpeg,0.9322989359498024,105.94822528089293N,10.17959217276965E,[]
1879,Go Cong Town-3294.jpeg,0.9322176799178123,106.6100917744013N,10.425033676001851E,[]
1886,Tây Ninh City-2017.jpeg,0.9320976659655572,106.09626504915283N,11.347475040441713E,['608.jpeg']
1887,Yên Mỹ District-1954.jpeg,0.9320786073803902,105.98589514193941N,20.886876743020792E,"['262.jpeg', '623.jpeg']"
1889,Go Cong Town-4339.jpeg,0.9319894090294838,106.62927197659172N,10.443898210682066E,[]
1891,Go Cong Town-869.jpeg,0.9319346100091934,106.65530225099302N,10.365745138435459E,[]
1892,Cai Lậy Town-3809.jpeg,0.9319064617156982,106.10598956193365N,10.434274842192053E,[]
1894,Cao Lanh City-3499.jpeg,0.9317403435707092,105.63449992056276N,10.47291807429077E,[]
1895,Thanh Liêm District-6359.jpeg,0.9316946640610696,105.98222377550239N,20.48952188159442E,[]
1897,Long Hồ District-5249.jpeg,0.9316306859254836,105.93179433754707N,10.220016175655811E,[]
1898,Go Cong Town-1283.jpeg,0.9316269680857658,106.66215232320387N,10.37652487253844E,[]
1900,Trà Vinh City-1562.jpeg,0.9315922781825066,106.34271004660732N,9.954006240905096E,[]
1902,Go Cong Town-4396.jpeg,0.931582123041153,106.64434213545564N,10.445245677444937E,[]
1905,Binh Minh Town-2054.jpeg,0.9315333664417268,105.88711109283818N,10.040983606829998E,[]
1907,Thanh Liêm District-6311.jpeg,0.9315015822649002,105.90744481807246N,20.48952188159442E,[]
1916,Long Xuyen City-1307.jpeg,0.9312236234545708,105.47694307960226N,10.338101738715023E,[]
1919,Thanh Liêm District-6165.jpeg,0.931150421500206,105.95202458115568N,20.4868269480686E,[]
1922,Binh Minh Town-2877.jpeg,0.9309859275817872,105.86384743196876N,10.058500674747329E,[]
1924,Mỹ Tho-283.jpeg,0.9308332353830338,106.31494125018696N,10.332752870513698E,"['787.jpeg', '62.jpeg']"
1927,Go Cong Town-2243.jpeg,0.930748239159584,106.65119220766648N,10.402126741033015E,[]
1929,Binh Minh Town-2233.jpeg,0.9306615740060806,105.85426827749315N,10.045026007118615E,[]
1931,Mỹ Tho-741.jpeg,0.9306475520133972,106.31631105769634N,10.343532604616676E,['830.jpeg']
1933,Cai Lậy Town-6047.jpeg,0.9305010139942168,106.1525724560427N,10.474698845078231E,[]
1936,Hung Yen City-3055.jpeg,0.9304231554269792,106.06624372389724N,20.694723345834557E,[]
1938,Cai Lậy Town-3525.jpeg,0.9303436279296876,106.19230492454746N,10.427537508377691E,[]
1939,Sa Đéc City-793.jpeg,0.9303435161709784,105.75592837463535N,10.290973071651605E,"['22.jpeg', '904.jpeg']"
1941,Duy Tiên District-4976.jpeg,0.9303121119737624,106.02384374179874N,20.66720751373818E,['307.jpeg']
1944,Binh Minh Town-3329.jpeg,0.930083267390728,105.85974208005064N,10.070627875613173E,[]
1948,Duy Tiên District-5877.jpeg,0.9300067275762558,106.00656608417283N,20.691461915470576E,[]
1949,Hiệp Hòa District-4911.jpeg,0.9299983307719232,106.0078719989256N,21.325469080134603E,[]
1950,Go Cong Town-3578.jpeg,0.9299748912453653,106.66215232320387N,10.429076076290466E,[]
1954,Long Hồ District-1706.jpeg,0.929898776113987,105.9468560356141N,10.16611750514093E,[]
1959,Go Cong Town-3660.jpeg,0.92965629696846,106.6662623665304N,10.430423543053335E,[]
1960,Duy Tiên District-5027.jpeg,0.9296485856175424,105.98496901214044N,20.66855498050109E,[]
1962,Hoa Lư District-4409.jpeg,0.9296095073223114,105.95070772529417N,20.30039924829738E,[]
1968,Trà Vinh City-1048.jpeg,0.9294464960694312,106.33176564748287N,9.92975183917341E,"['748.jpeg', '728.jpeg']"
1969,Hiệp Hòa District-1567.jpeg,0.9294139221310616,105.97460124466096N,21.27291787638092E,['174.jpeg']
1970,Go Cong Town-4018.jpeg,0.9294122979044914,106.61694184661216N,10.4371608768677E,[]
1971,Go Cong Town-4020.jpeg,0.9293956607580184,106.61968187549651N,10.4371608768677E,[]
1972,Hung Yen City-2541.jpeg,0.9293633699417114,106.06624372389724N,20.678553744679622E,[]
1973,Long Hồ District-5224.jpeg,0.9293511137366296,105.98793339397882N,10.218668708892936E,[]
1974,Go Cong Town-1132.jpeg,0.9292739629745485,106.66215232320387N,10.372482472249823E,[]
1975,Châu Thành District-263.jpeg,0.9292670637369156,106.20466738470704N,10.25026953696516E,[]
1977,Phu Ly City-3825.jpeg,0.9291242957115172,105.95885933214524N,20.577448812560007E,[]
1978,Bac Giang City-864.jpeg,0.9289947599172592,106.20106780601776N,21.25779280903871E,[]
1979,Hiệp Hòa District-2553.jpeg,0.928928442299366,106.01365821705858N,21.289087477535897E,[]
1980,Go Cong Town-3173.jpeg,0.9289102777838708,106.66763238097258N,10.422338742476105E,[]
1981,Châu Thành District-8823.jpeg,0.9288624823093414,106.23205724457684N,10.313600474820154E,[]
1982,Mỹ Hào District-1270.jpeg,0.9288362115621568,106.15123493825179N,20.919063875981042E,[]
1983,Go Cong Town-2925.jpeg,0.9287482723593712,106.61831186105434N,10.418296342187489E,[]
1985,Long Hồ District-4440.jpeg,0.9286408498883248,106.0043643373247N,10.202499107738472E,['683.jpeg']
1986,Cai Lậy Town-4481.jpeg,0.9286247417330742,106.17175364773465N,10.445054576295032E,[]
1988,Long Hồ District-4444.jpeg,0.928513340651989,106.00984131843998N,10.202499107738472E,[]
1991,Long Hồ District-3922.jpeg,0.928393118083477,106.0112105637188N,10.193066840398368E,['570.jpeg']
1992,Cai Lậy Town-3629.jpeg,0.9283122047781944,106.15120237092184N,10.430232441903435E,[]
1993,Vĩnh Long-291.jpeg,0.9283046126365662,105.94869725199236N,10.23417527048554E,['544.jpeg']
1999,Hiệp Hòa District-1808.jpeg,0.9282405972480774,105.97604779919419N,21.276960276669666E,[]
2006,Sa Đéc City-1546.jpeg,0.928137108683586,105.74908020692013N,10.316574940146179E,['522.jpeg']
2007,Phu Ly City-130.jpeg,0.9281101673841476,105.90849504924903N,20.500643207074113E,[]
2008,Hiệp Hòa District-3640.jpeg,0.9280740544199944,106.02812376239105N,21.306604545453805E,[]
2010,Go Cong Town-482.jpeg,0.928058497607708,106.69366265537386N,10.354965404332479E,[]
2012,Go Cong Town-328.jpeg,0.9279586672782898,106.65256222210868N,10.350923004043862E,[]
2017,Long Xuyen City-2957.jpeg,0.9277335703372956,105.43721748773795N,10.374483341312578E,[]
2018,Yên Mỹ District-678.jpeg,0.9277277067303658,106.02916478307586N,20.863969808051277E,[]
2020,Go Cong Town-2428.jpeg,0.9276420325040816,106.67996251095214N,10.406169141321634E,[]
2022,Go Cong Town-2029.jpeg,0.9275923147797585,106.65119220766648N,10.396736873981526E,[]
2023,Go Cong Town-2915.jpeg,0.927588813006878,106.6964026842582N,10.416948875424618E,[]
2024,Long Hồ District-2762.jpeg,0.9275607094168664,106.00710282788233N,10.178244706006778E,[]
2026,Go Cong Town-3803.jpeg,0.9275506809353828,106.64708216433996N,10.43311847657908E,[]
2028,Vĩnh Long-1546.jpeg,0.92754028737545,105.95828257437594N,10.257082205454365E,[]
2029,Cai Lậy Town-2740.jpeg,0.92743868380785,106.12380066850477N,10.41271537398609E,['82.jpeg']
2030,Hung Yen City-1749.jpeg,0.927399605512619,106.07776432369208N,20.651604409421388E,['305.jpeg']
2031,Yên Mỹ District-1874.jpeg,0.9273885115981102,105.9931067487955N,20.885529276257877E,[]
2035,Long Hồ District-4321.jpeg,0.9271926507353784,105.93727131866235N,10.201151640975601E,[]
2036,Go Cong Town-1325.jpeg,0.9271809309720992,106.64982219322431N,10.37787233930131E,[]
2038,Go Cong Town-3471.jpeg,0.9271421283483504,106.62242190438084N,10.427728609527595E,[]
2041,Go Cong Town-3688.jpeg,0.9270450919866562,106.59639162997958N,10.431771009816211E,[]
2042,Go Cong Town-116.jpeg,0.9270023703575134,106.69092262648952N,10.341490736703756E,[]
2043,Trà Vinh City-661.jpeg,0.9269981309771538,106.32629344792062N,9.914929704781827E,[]
2045,Cai Lậy Town-4668.jpeg,0.9269841387867928,106.11146990241708N,10.449096976583652E,[]
2046,Cai Lậy Town-3261.jpeg,0.9269700273871422,106.1224305833839N,10.423495108089071E,[]
2047,Binh Minh Town-2689.jpeg,0.9269505888223648,105.828267715345N,10.054458274458714E,[]
2048,Châu Thành District-10639.jpeg,0.9269243627786636,106.35120313501048N,10.336507409788982E,[]
2049,Tây Ninh City-5485.jpeg,0.9268808960914612,106.13337437288207N,11.405416111245337E,[]
2050,Tây Ninh City-4096.jpeg,0.926864467561245,106.11688134011352N,11.382509176276463E,[]
2051,Sa Đéc City-1716.jpeg,0.9267970249056816,105.72579643668855N,10.323312273960541E,[]
2052,Bến Tre City-1256.jpeg,0.9267612770199776,106.38307811801135N,10.230025338971611E,[]
2058,Thanh Liêm District-6753.jpeg,0.9264576137065887,105.96496709301853N,20.496259215408976E,[]
2061,Binh Minh Town-3409.jpeg,0.9262582361698152,105.83510996854186N,10.073322809138919E,['534.jpeg']
2063,Sa Đéc City-2059.jpeg,0.9261556193232536,105.74223203920499N,10.336786941589265E,['917.jpeg']
2064,Phu Ly City-483.jpeg,0.9261178076267242,105.90273913120375N,20.51681280822904E,[]
2065,Châu Thành District-2585.jpeg,0.926097311079502,106.38817944583468N,10.271829005171114E,[]
2069,Tây Ninh City-6019.jpeg,0.9259689450263976,106.14849298625326N,11.416195845348339E,[]
2070,Go Cong Town-1890.jpeg,0.9259332492947578,106.67037240985691N,10.39269447369291E,[]
2073,Long Xuyen City-3913.jpeg,0.925883673131466,105.41256022382217N,10.394695342755663E,[]
2075,Trà Vinh City-429.jpeg,0.9258631765842438,106.34134199671676N,9.906844904204599E,[]
2076,Hung Yen City-1598.jpeg,0.9257822632789612,106.0705639488203N,20.647562009132667E,[]
2079,Duy Tiên District-2492.jpeg,0.9257297143340112,105.97201076892097N,20.632173377902483E,[]
2080,Hoa Lư District-4285.jpeg,0.92572034150362,105.94639901204157N,20.297704314771565E,"['405.jpeg', '404.jpeg']"
2082,Phu Ly City-3396.jpeg,0.9255533739924432,105.98619994286031N,20.566669078456727E,[]
2083,Sa Đéc City-648.jpeg,0.9255024567246436,105.76962471006567N,10.285583204600115E,[]
2084,Go Cong Town-363.jpeg,0.9254712387919426,106.70051272758474N,10.350923004043862E,[]
2085,Go Cong Town-2062.jpeg,0.9254564717411996,106.62379191882302N,10.398084340744397E,[]
2087,Long Xuyen City-528.jpeg,0.9253355860710144,105.48379231957885N,10.320584670797679E,['16.jpeg']
2089,Long Xuyen City-4882.jpeg,0.9251200705766678,105.4084506798362N,10.418949744487366E,[]
2090,Go Cong Town-2156.jpeg,0.9250900447368622,106.68133252539432N,10.399431807507273E,['55.jpeg']
2092,Bến Tre City-3345.jpeg,0.92503023147583,106.32419972479286N,10.27314427538352E,[]
2099,Go Cong Town-3624.jpeg,0.924856036901474,106.61694184661216N,10.430423543053335E,[]
2100,Bac Giang City-2899.jpeg,0.9247446805238724,106.21552737887913N,21.29956427868906E,[]
2102,Tây Ninh City-2336.jpeg,0.9246490299701692,106.15399066384279N,11.352864907493213E,[]
2104,Vĩnh Long-1139.jpeg,0.924564316868782,105.97882255091221N,10.250344871640005E,[]
2105,Ninh Bình-1574.jpeg,0.924487680196762,105.9557824405579N,20.25500214310889E,[]
2107,Yên Mỹ District-1780.jpeg,0.9244058653712272,105.98012585645456N,20.884181809494965E,[]
2108,Cao Lanh City-4180.jpeg,0.9242661669850348,105.57969040587507N,10.487740208682368E,[]
2111,Thanh Liêm District-6036.jpeg,0.924225352704525,105.8945023062096N,20.48547948130569E,[]
2114,Mỹ Tho-3762.jpeg,0.9241604581475258,106.32589971026175N,10.396083808368703E,['590.jpeg']
2117,Binh Minh Town-4325.jpeg,0.9238085150718688,105.85016292557502N,10.09892467763348E,[]
2118,Cai Lậy Town-5516.jpeg,0.9237787798047066,106.18408441382235N,10.463919110975251E,[]
2119,Duy Tiên District-2884.jpeg,0.923750415444374,105.99792725535985N,20.63756324495413E,[]
2120,Cai Lậy Town-5869.jpeg,0.923723466694355,106.18408441382235N,10.470656444789617E,[]
2129,Bac Giang City-3106.jpeg,0.923283539712429,106.16925674572272N,21.30630161250364E,[]
2130,Go Cong Town-1664.jpeg,0.923257552087307,106.63749206324476N,10.387304606641418E,[]
2131,Cao Lanh City-2914.jpeg,0.9231067225337029,105.63861063416432N,10.459443406662043E,"['946.jpeg', '948.jpeg']"
2134,Tây Ninh City-5250.jpeg,0.9229989796876908,106.10863482372925N,11.401373710956712E,[]
2136,Long Hồ District-4113.jpeg,0.922880083322525,105.9468560356141N,10.197109240686984E,[]
2140,Trà Vinh City-179.jpeg,0.9227664023637772,106.34134199671676N,9.8974126368645E,[]
2141,Thanh Liêm District-462.jpeg,0.9227416813373566,105.91032093181974N,20.391156807901996E,['377.jpeg']
2143,Hiệp Hòa District-3707.jpeg,0.922731563448906,105.99051334452666N,21.307952012216713E,[]
2144,Cai Lậy Town-4909.jpeg,0.9226525276899338,106.1375015197133N,10.45313937687227E,[]
2147,Cai Lậy Town-4098.jpeg,0.922323413193226,106.19093483942662N,10.43831724248067E,[]
2148,Tam Điệp-4547.jpeg,0.9223218634724616,105.88664917233955N,20.185721345099335E,['120.jpeg']
2151,Hoa Lư District-4097.jpeg,0.9221980646252632,105.95358020079591N,20.29366191448283E,[]
2152,Tây Ninh City-4711.jpeg,0.9221748635172844,106.13337437288207N,11.39194144361659E,[]
2153,Cai Lậy Town-3016.jpeg,0.922158919274807,106.15805279652612N,10.418105241037583E,[]
2155,Tam Điệp-1972.jpeg,0.9220502749085426,105.89239082602198N,20.149339742500807E,[]
2156,Thái Bình-1425.jpeg,0.9219186529517174,106.29755862870716N,20.44868010935739E,[]
2157,Cai Lậy Town-3033.jpeg,0.9219047203660012,106.18134424358063N,10.418105241037583E,[]
2160,Tây Ninh City-3231.jpeg,0.9217549487948418,106.07427433879477N,11.369034508647713E,[]
2165,Long Hồ District-4087.jpeg,0.9215683490037918,106.01394905427645N,10.195761773924112E,[]
2166,Sa Đéc City-706.jpeg,0.921559602022171,105.743601672748N,10.288278138125861E,[]
2169,Hiệp Hòa District-6522.jpeg,0.9212588369846344,105.963028808395N,21.347028548341235E,[]
2170,Chau Doc City-4596.jpeg,0.9212528094649316,105.12344799032675N,10.711954610183856E,[]
2171,Cai Lậy Town-5993.jpeg,0.9212215170264244,106.16901347749294N,10.473351378315359E,[]
2174,Go Cong Town-1444.jpeg,0.9211472049355508,106.67174242429908N,10.380567272827056E,[]
2176,Trà Vinh City-650.jpeg,0.9210468903183936,106.31124489912449N,9.914929704781827E,"['739.jpeg', '729.jpeg', '744.jpeg']"
2177,Yên Mỹ District-1357.jpeg,0.9210106059908868,105.9729142495985N,20.877444475680402E,[]
2179,Châu Thành District-3772.jpeg,0.9208659455180168,106.28546747132293N,10.279913805748345E,[]
2182,Cai Lậy Town-6123.jpeg,0.9208218976855278,106.16764339237213N,10.476046311841102E,[]
2184,Go Cong Town-3805.jpeg,0.9207873120903968,106.64982219322431N,10.43311847657908E,[]
2185,Tây Ninh City-2585.jpeg,0.9207662716507912,106.17460695480347N,11.356907307781837E,[]
2187,Duy Tiên District-2214.jpeg,0.9207498356699944,105.98352920733824N,20.62813097761375E,[]
2189,Tây Ninh City-6334.jpeg,0.92072431743145,106.16773485781654N,11.422933179162715E,[]
2190,Long Hồ District-4573.jpeg,0.9206670448184012,105.99751811093057N,10.205194041264217E,[]
2192,Thanh Liêm District-5416.jpeg,0.9206183850765228,105.954900694903N,20.476047213965323E,[]
2193,Long Hồ District-5953.jpeg,0.9206069111824036,106.00025660148823N,10.233490843284528E,[]
2194,Yên Mỹ District-3379.jpeg,0.9205796420574188,105.97579889234092N,20.911131144753217E,[]
2196,Go Cong Town-645.jpeg,0.9205431044101716,106.64434213545564N,10.36035527138397E,[]
2198,Phu Ly City-1707.jpeg,0.920528084039688,105.9200068853396N,20.537024809672698E,['635.jpeg']
2200,Bac Giang City-2450.jpeg,0.920486219227314,106.22564907988206N,21.290132011348653E,[]
2202,Yên Mỹ District-2293.jpeg,0.9203794226050376,105.98301049919701N,20.89226661007244E,[]
2203,Go Cong Town-1147.jpeg,0.9202208891510965,106.68270253983648N,10.372482472249823E,[]
2206,Cai Lậy Town-4363.jpeg,0.9201458916068076,106.11832032802134N,10.443707109532163E,[]
2207,Duy Tiên District-5758.jpeg,0.920141763985157,106.00800588897498N,20.686072048418932E,[]
2208,Go Cong Town-758.jpeg,0.920112818479538,106.65119220766648N,10.363050204909717E,[]
2212,Phu Ly City-243.jpeg,0.9199262112379074,105.9113730082717N,20.50738054088867E,['396.jpeg']
2215,Châu Thành District-5031.jpeg,0.9197574108839036,106.20055890572655N,10.28799860632558E,[]
2220,Phu Ly City-4022.jpeg,0.9195270985364914,105.94159157800942N,20.582838679611655E,[]
2221,Go Cong Town-3170.jpeg,0.919521227478981,106.66352233764604N,10.422338742476105E,[]
2223,Thái Bình-2907.jpeg,0.9195131361484528,106.3680269353582N,20.483714245193053E,[]
2229,Go Cong Town-1457.jpeg,0.919301338493824,106.68955261204736N,10.380567272827056E,[]
2230,Sa Đéc City-573.jpeg,0.919283092021942,105.77647287778088N,10.282888271074373E,['912.jpeg']
2231,Trà Vinh City-1600.jpeg,0.9192377924919128,106.33997394682622N,9.95535370766797E,[]
2232,Tam Điệp-729.jpeg,0.9192253276705742,105.9110512004899N,20.12643280753136E,[]
2234,Hiệp Hòa District-4317.jpeg,0.919150911271572,105.93843738132982N,21.31738427955711E,[]
2235,Tây Ninh City-1180.jpeg,0.9191157445311546,106.14024646986898N,11.328610505761462E,[]
2236,Duy Tiên District-394.jpeg,0.9190862849354744,105.9604923305037N,20.578274707386054E,[]
2237,Mỹ Tho-2466.jpeg,0.9190505966544152,106.3053525976215N,10.373176873399867E,['800.jpeg']
2242,Mỹ Tho-2095.jpeg,0.9189287349581718,106.33137894029916N,10.366439539585507E,[]
2243,Châu Thành District-2401.jpeg,0.91889738291502,106.40050488277608N,10.27048153840824E,[]
2246,Go Cong Town-4039.jpeg,0.9187204539775848,106.6457121498978N,10.4371608768677E,[]
2248,Long Xuyen City-1810.jpeg,0.9186766669154168,105.42625870377537N,10.350228939580871E,[]
2249,Yên Mỹ District-1159.jpeg,0.918555423617363,106.02916478307586N,20.873402075391663E,"['250.jpeg', '249.jpeg']"
2250,Thanh Liêm District-786.jpeg,0.9185477122664452,105.9275776143036N,20.40193654200528E,[]
2251,Tây Ninh City-1065.jpeg,0.9184594824910164,106.14711856685587N,11.325915572235711E,[]
2253,Duy Tiên District-2823.jpeg,0.9184202924370766,105.91009916242808N,20.63756324495413E,[]
2256,Go Cong Town-5.jpeg,0.9183754622936248,106.65667226543519N,10.336100869652268E,[]
2258,Trà Vinh City-1448.jpeg,0.9183098003268242,106.34271004660732N,9.94996384061648E,[]
2262,Hiệp Hòa District-4968.jpeg,0.9180528372526168,105.94856326306252N,21.32681654689752E,[]
2263,Hiệp Hòa District-3063.jpeg,0.918039321899414,105.95724259026198N,21.2985197448763E,[]
2265,Go Cong Town-2766.jpeg,0.91800606995821,106.66900239541475N,10.414253941898867E,[]
2266,Cai Lậy Town-3232.jpeg,0.91799283772707,106.18134424358063N,10.422147641326202E,[]
2267,Go Cong Town-2264.jpeg,0.9179509878158568,106.67996251095214N,10.402126741033015E,[]
2269,Châu Thành District-1508.jpeg,0.9179234057664872,106.38954893882818N,10.263744204593879E,[]
2270,Tây Ninh City-2790.jpeg,0.917863853275776,106.13062553408732N,11.360949708070462E,[]
2271,Duy Tiên District-3633.jpeg,0.917816087603569,105.94321467287777N,20.64834297905743E,[]
2273,Sa Đéc City-1449.jpeg,0.9178034216165544,105.72168753605945N,10.313880006620439E,[]
2276,Long Hồ District-3069.jpeg,0.917768344283104,105.97150245063291N,10.182287106295396E,['541.jpeg']
2278,Binh Minh Town-3418.jpeg,0.9175609424710274,105.84742602429628N,10.073322809138919E,[]
2279,Long Xuyen City-5367.jpeg,0.9174400866031648,105.41529991981282N,10.433771878878964E,[]
2281,Long Xuyen City-2396.jpeg,0.9173836410045624,105.39749189587363N,10.363703607209597E,[]
2286,Hiệp Hòa District-5166.jpeg,0.9172759354114532,105.95000981759576N,21.329511480423346E,[]
2287,Yên Mỹ District-715.jpeg,0.9172686859965324,105.98301049919701N,20.86531727481419E,[]
2288,Mỹ Hào District-158.jpeg,0.9172215312719344,106.1065139131216N,20.88807214043406E,[]
2291,Go Cong Town-177.jpeg,0.9170084297657012,106.68955261204736N,10.344185670229502E,[]
2292,Hiệp Hòa District-6750.jpeg,0.9169985428452492,106.0208909897248N,21.349723481867073E,[]
2293,Go Cong Town-3344.jpeg,0.916993483901024,106.67859249650996N,10.425033676001851E,[]
2294,Cai Lậy Town-4958.jpeg,0.9169458672404288,106.10461947681281N,10.454486843635143E,[]
2296,Hiệp Hòa District-6251.jpeg,0.9168005287647248,106.00063922625938N,21.342986148052496E,[]
2298,Châu Thành District-3661.jpeg,0.9166462570428848,106.43474220761335N,10.278566338985474E,[]
2299,Trà Vinh City-583.jpeg,0.9166402891278268,106.32766149781118N,9.912234771256085E,[]
2300,Sa Đéc City-1615.jpeg,0.916619174182415,105.74086240566193N,10.319269873671924E,[]
2306,Bến Tre City-2890.jpeg,0.9163705706596376,106.3584313487571N,10.259669607754798E,['716.jpeg']
2307,Go Cong Town-68.jpeg,0.9163396656513214,106.66489235208824N,10.340143269940887E,[]
2308,Go Cong Town-2186.jpeg,0.916310615837574,106.64845217878214N,10.40077927427014E,[]
2310,Long Hồ District-6268.jpeg,0.9162803441286088,105.92631735643175N,10.242923110624638E,[]
2311,Duy Tiên District-654.jpeg,0.9162798896431924,105.95329330649288N,20.593096841778074E,[]
2312,Phu Ly City-4279.jpeg,0.9162359312176704,105.93295770094146N,20.594965880477854E,[]
2313,Go Cong Town-1118.jpeg,0.9162232577800752,106.64297212101346N,10.372482472249823E,[]
2314,Sa Đéc City-690.jpeg,0.91621595621109,105.77510324423783N,10.286930671362994E,[]
2317,Phu Ly City-3584.jpeg,0.9160073772072792,105.9214458648509N,20.57205894550837E,[]
2319,Go Cong Town-1375.jpeg,0.9159082248806952,106.64708216433996N,10.379219806064183E,[]
2321,Cai Lậy Town-5575.jpeg,0.915862537920475,106.16764339237213N,10.465266577738122E,[]
2322,Tam Điệp-2496.jpeg,0.915859617292881,105.8751658649747N,20.15742454307825E,[]
2325,Cai Lậy Town-196.jpeg,0.9157954156398772,106.12106049826308N,10.362859103759812E,[]
2326,Go Cong Town-3486.jpeg,0.9156880006194116,106.64297212101346N,10.427728609527595E,[]
2327,Mỹ Hào District-2852.jpeg,0.9156557396054268,106.0574650468498N,20.948708144765128E,[]
2328,Trà Vinh City-497.jpeg,0.9156323224306108,106.32218929824893N,9.909539837730343E,[]
2330,Tam Điệp-4692.jpeg,0.9155364334583282,105.87947210523652N,20.189763745388053E,[]
2331,Long Hồ District-7237.jpeg,0.9153786599636078,106.02216452594939N,10.272567379407823E,[]
2332,Yên Mỹ District-4471.jpeg,0.9153575226664544,106.03060710444711N,20.94481781382603E,[]
2337,Long Xuyen City-2340.jpeg,0.9152181968092918,105.41393007181749N,10.362356140446725E,['487.jpeg']
2338,Chau Doc City-3157.jpeg,0.915209487080574,105.0740827731793N,10.685005274926388E,['4.jpeg']
2341,Bến Tre City-2149.jpeg,0.9150275960564612,106.35980061371565N,10.246194940126077E,[]
2342,Thanh Liêm District-5223.jpeg,0.9150010496377944,105.95633875177664N,20.473352280439503E,['399.jpeg']
2343,Go Cong Town-1871.jpeg,0.9149913042783736,106.64434213545564N,10.39269447369291E,['604.jpeg']
2345,Vĩnh Long-127.jpeg,0.9149441570043564,105.90898663068893N,10.230132870196922E,[]
2346,Tây Ninh City-3117.jpeg,0.9149232432246208,106.14436972806111N,11.366339575121964E,[]
2347,Go Cong Town-399.jpeg,0.9148588851094246,106.69503266981602N,10.352270470806737E,[]
2350,Duy Tiên District-2333.jpeg,0.914745569229126,106.01664471778795N,20.629478444376662E,[]
2351,Chau Doc City-4302.jpeg,0.9147314801812172,105.13716055064552N,10.703869809606616E,['473.jpeg']
2359,Hiệp Hòa District-4754.jpeg,0.9144592359662056,105.92107872693089N,21.324121613371688E,[]
2360,Hiệp Hòa District-6952.jpeg,0.9142985343933104,106.03390998052403N,21.3524184153929E,[]
2363,Go Cong Town-702.jpeg,0.9142070263624192,106.64845217878214N,10.361702738146843E,[]
2367,Long Hồ District-794.jpeg,0.9140874221920968,106.01805679011294N,10.153990304275084E,[]
2369,Go Cong Town-1116.jpeg,0.91404839605093,106.64023209212911N,10.372482472249823E,[]
2371,Cai Lậy Town-3709.jpeg,0.9139951318502426,106.16764339237213N,10.43157990866631E,[]
2374,Binh Minh Town-541.jpeg,0.9138664454221724,105.86521588260818N,10.007296937758207E,[]
2377,Thanh Liêm District-4910.jpeg,0.9137919545173644,105.91032093181974N,20.46930988015077E,[]
2378,Tây Ninh City-3939.jpeg,0.9137555062770844,106.13474879227947N,11.379814242750715E,[]
2385,Binh Minh Town-3322.jpeg,0.9133578836917876,105.85016292557502N,10.070627875613173E,[]
2386,Trà Vinh City-1324.jpeg,0.913336642086506,106.33997394682622N,9.944573973564998E,[]
2389,Thanh Liêm District-5767.jpeg,0.9131955429911612,105.90744481807246N,20.481437081016963E,[]
2390,Long Hồ District-5918.jpeg,0.9131611064076424,105.92084037531647N,10.233490843284528E,[]
2393,Bac Giang City-3023.jpeg,0.913127988576889,106.17070270300889N,21.303606678977808E,[]
2395,Hiệp Hòa District-6691.jpeg,0.912998892366886,105.93554427226331N,21.349723481867073E,[]
2399,Vĩnh Long-138.jpeg,0.9129533767700196,105.94732792022326N,10.230132870196922E,[]
2400,Thanh Liêm District-7692.jpeg,0.9128808602690696,105.93332984179821N,20.51377628332681E,[]
2402,Mỹ Tho-3388.jpeg,0.9127957001328468,106.3108318276589N,10.389346474554337E,[]
2406,Phu Ly City-3800.jpeg,0.9124598279595376,105.92288484436223N,20.577448812560007E,[]
2408,Phu Ly City-706.jpeg,0.912323884665966,105.90561709022639N,20.52085520851777E,[]
2409,Long Hồ District-1386.jpeg,0.9123225584626198,105.95917924312353N,10.162075104852311E,[]
2411,Long Hồ District-2878.jpeg,0.912246100604534,106.01257980899764N,10.17959217276965E,[]
2412,Cai Lậy Town-5155.jpeg,0.9121254533529282,106.17586390309722N,10.45718177716089E,[]
2414,Cai Lậy Town-4977.jpeg,0.9120059460401536,106.13065109410903N,10.454486843635143E,[]
2415,Go Cong Town-2340.jpeg,0.9119815900921822,106.63338201991824N,10.404821674558763E,[]
2420,Vĩnh Long-1098.jpeg,0.9118399769067764,105.92267994837975N,10.250344871640005E,[]
2422,Duy Tiên District-2787.jpeg,0.9117942601442336,105.99072823134907N,20.63621577819122E,[]
2423,Trà Vinh City-2225.jpeg,0.9117654487490654,106.3358697971545N,9.972870775585298E,[]
2424,Duy Tiên District-880.jpeg,0.9117587581276894,105.93457584406481N,20.602529109118446E,[]
2425,Go Cong Town-2471.jpeg,0.9117109775543212,106.66352233764604N,10.407516608084503E,[]
2428,Cai Lậy Town-2896.jpeg,0.9116314724087716,106.15668271140524N,10.415410307511838E,"['773.jpeg', '769.jpeg']"
2430,Go Cong Town-2510.jpeg,0.9116036593914032,106.64023209212911N,10.408864074847378E,[]
2431,Duy Tiên District-5371.jpeg,0.9115989878773688,105.97920979293177N,20.675292314315648E,[]
2435,Hung Yen City-3149.jpeg,0.9114162921905518,106.03312199948711N,20.698765746123286E,[]
2437,Tây Ninh City-4954.jpeg,0.9112877398729324,106.12650227589519N,11.395983843905213E,[]
2438,Thanh Liêm District-4636.jpeg,0.911275379359722,105.92182538680898N,20.46526747986205E,[]
2439,Go Cong Town-2655.jpeg,0.9111794382333755,106.68270253983648N,10.411559008373121E,[]
2440,Duy Tiên District-5723.jpeg,0.911113239824772,106.00224666976634N,20.684724581656024E,[]
2442,Hoa Lư District-794.jpeg,0.9109552353620528,105.91480178152251N,20.206076574893753E,[]
2444,Go Cong Town-1022.jpeg,0.9108063951134682,106.64982219322431N,10.369787538724077E,[]
2446,Duy Tiên District-2658.jpeg,0.9106202721595764,105.93889525847129N,20.63486831142831E,[]
2447,Châu Thành District-6161.jpeg,0.9105316400527954,106.30190138724483N,10.294735940139942E,[]
2449,Vĩnh Long-321.jpeg,0.9103837013244628,105.98977720506487N,10.23417527048554E,['678.jpeg']
2451,Mỹ Tho-3950.jpeg,0.9102924540638924,106.37521278059832N,10.400126208657317E,[]
2452,Go Cong Town-1031.jpeg,0.9102519750595092,106.66215232320387N,10.369787538724077E,[]
2456,Cai Lậy Town-5658.jpeg,0.9102391377091408,106.18408441382235N,10.466614044500997E,[]
2457,Hiệp Hòa District-4331.jpeg,0.9101937040686608,105.95868914479524N,21.31738427955711E,[]
2459,Sa Đéc City-886.jpeg,0.910160794854164,105.77099434360873N,10.293668005177352E,[]
2460,Châu Thành District-5100.jpeg,0.9101031348109244,106.29505392227735N,10.28799860632558E,[]
2463,Tây Ninh City-2762.jpeg,0.9098475202918052,106.0921417909607N,11.360949708070462E,[]
2464,Sa Đéc City-296.jpeg,0.9098432883620262,105.77784251132388N,10.274803470497138E,[]
2465,Vĩnh Long-1660.jpeg,0.9098032787442208,105.99662386391029N,10.258429672217233E,['682.jpeg']
2466,Go Cong Town-2229.jpeg,0.909789465367794,106.63201200547607N,10.402126741033015E,[]
2474,Binh Minh Town-1202.jpeg,0.909489132463932,105.83647841918126N,10.023466538912665E,['31.jpeg']
2475,Go Cong Town-1213.jpeg,0.9094863086938858,106.6347520343604N,10.375177405775567E,[]
2476,Long Hồ District-3214.jpeg,0.9094597920775414,106.01942603539176N,10.183634573058265E,[]
2478,Go Cong Town-545.jpeg,0.9093989431858064,106.65119220766648N,10.357660337858226E,[]
2479,Phu Ly City-4125.jpeg,0.9092989191412926,105.91712892631695N,20.58688107990039E,[]
2480,Long Hồ District-3995.jpeg,0.9092529118061066,105.99888735620941N,10.194414307161237E,[]
2482,Duy Tiên District-744.jpeg,0.9091360718011856,105.95329330649288N,20.597139242066802E,[]
2483,Long Hồ District-1381.jpeg,0.909102901816368,105.95233301672941N,10.162075104852311E,[]
2485,Cai Lậy Town-5559.jpeg,0.9090641289949416,106.14572203043844N,10.465266577738122E,[]
2488,Cai Lậy Town-4557.jpeg,0.9088737592101096,106.16901347749294N,10.446402043057908E,[]
2489,Tây Ninh City-2670.jpeg,0.9088633731007576,106.07427433879477N,11.359602241307586E,[]
2490,Thanh Liêm District-3479.jpeg,0.9088466390967368,105.90313064745148N,20.449097878707118E,[]
2492,Bến Tre City-2690.jpeg,0.9088074266910552,106.36253914363279N,10.255627207466182E,[]
2493,Long Hồ District-4323.jpeg,0.9086663350462914,105.94000980922003N,10.201151640975601E,[]
2495,Tây Ninh City-5904.jpeg,0.9085530713200568,106.15536508324013N,11.41350091182259E,[]
2497,Cai Lậy Town-4571.jpeg,0.9085172340273856,106.1881946691849N,10.446402043057908E,[]
2498,Duy Tiên District-5730.jpeg,0.9084859415888786,106.01232530338144N,20.684724581656024E,[]
2499,Hiệp Hòa District-5032.jpeg,0.9084831774234772,105.89938040893217N,21.328164013660434E,[]
2501,Cai Lậy Town-6298.jpeg,0.9083655700087548,106.0991391363294N,10.481436178892595E,[]
2502,Tây Ninh City-1618.jpeg,0.9083309322595596,106.15673950263752N,11.338042773101586E,[]
2504,Tây Ninh City-5885.jpeg,0.9082764536142348,106.12925111468995N,11.41350091182259E,[]
2505,Long Hồ District-8523.jpeg,0.908254586160183,105.97150245063291N,10.296821781139522E,[]
2506,Long Hồ District-4917.jpeg,0.9082325771450996,105.92905584698941N,10.21327884184145E,[]
2510,Go Cong Town-2274.jpeg,0.9080466479063034,106.69366265537386N,10.402126741033015E,[]
2511,Trà Vinh City-854.jpeg,0.9080331400036812,106.32355734813949N,9.921667038596183E,['578.jpeg']
2512,Thanh Liêm District-7328.jpeg,0.9078669548034668,105.97790960488143N,20.505691482749345E,[]
2516,Go Cong Town-2837.jpeg,0.907572939991951,106.67996251095214N,10.415601408661741E,[]
2517,Go Cong Town-631.jpeg,0.9075575321912766,106.69777269870038N,10.359007804621099E,[]
2521,Hiệp Hòa District-5879.jpeg,0.9073507860302924,105.9225252814641N,21.33894374776375E,[]
2522,Hiệp Hòa District-2397.jpeg,0.9073290303349496,106.0078719989256N,21.286392544010077E,[]
2526,Cai Lậy Town-5875.jpeg,0.9070516526699066,106.0991391363294N,10.472003911552486E,[]
2527,Mỹ Tho-3599.jpeg,0.9070183783769608,106.39165047071049N,10.392041408080079E,[]
2528,Vĩnh Long-2122.jpeg,0.906989648938179,105.91720262130343N,10.26786193955734E,[]
2531,Go Cong Town-3376.jpeg,0.9069231450557708,106.60735174551695N,10.426381142764722E,[]
2532,Hung Yen City-2911.jpeg,0.9068874716758728,106.03456207446143N,20.69068094554582E,['270.jpeg']
2533,Trà Vinh City-846.jpeg,0.906874105334282,106.31261294901503N,9.921667038596183E,[]
2537,Duy Tiên District-894.jpeg,0.9067337960004808,105.95473311129504N,20.602529109118446E,[]
2540,Long Hồ District-1208.jpeg,0.906665340065956,106.01531829955528N,10.15938017132657E,[]
2542,Hiệp Hòa District-7705.jpeg,0.906642623245716,105.95434948119552N,21.36454561625914E,[]
2543,Trà Vinh City-890.jpeg,0.9065378829836844,106.31945319846783N,9.923014505359054E,[]
2545,Long Hồ District-6509.jpeg,0.9064829424023628,106.00573358260351N,10.255050311490482E,[]
2546,Go Cong Town-4470.jpeg,0.9064671471714972,106.63749206324476N,10.447940610970683E,[]
2547,Go Cong Town-2989.jpeg,0.9064190909266472,106.61283180328563N,10.419643808950358E,[]
2548,Go Cong Town-4028.jpeg,0.906360536813736,106.6306419910339N,10.4371608768677E,[]
2549,Go Cong Town-747.jpeg,0.906255766749382,106.71010282867995N,10.361702738146843E,[]
2550,Trà Vinh City-472.jpeg,0.9062499552965164,106.34407809649787N,9.90819237096747E,[]
2551,Tây Ninh City-6206.jpeg,0.9062424153089524,106.15948834143228N,11.420238245636966E,[]
2555,Cai Lậy Town-3481.jpeg,0.9061682671308516,106.1320211792299N,10.427537508377691E,[]
2556,Thanh Liêm District-7572.jpeg,0.9061451107263564,105.93332984179821N,20.511081349800993E,[]
2557,Thanh Liêm District-5958.jpeg,0.905978187918663,105.91463510244073N,20.484132014542784E,[]
2558,Go Cong Town-846.jpeg,0.9059609472751616,106.69777269870038N,10.364397671672586E,[]
2563,Long Xuyen City-5233.jpeg,0.9057892188429832,105.44954611969584N,10.428382011827477E,[]
2565,Mỹ Tho-3928.jpeg,0.9057317674160004,106.31631105769634N,10.400126208657317E,[]
2567,Tây Ninh City-6153.jpeg,0.9056852608919144,106.16910927721393N,11.418890778874088E,[]
2574,Cai Lậy Town-1769.jpeg,0.9056018739938736,106.09776905120856N,10.39519830606875E,[]
2578,Long Hồ District-4389.jpeg,0.9055516570806504,105.9345328281047N,10.202499107738472E,[]
2582,Go Cong Town-3034.jpeg,0.9054233953356744,106.67448245318344N,10.419643808950358E,[]
2588,Hiệp Hòa District-7702.jpeg,0.9052594229578972,105.95000981759576N,21.36454561625914E,[]
2590,Cao Lanh City-3259.jpeg,0.9051269963383676,105.62353801762521N,10.467528207239278E,['17.jpeg']
2592,Phu Ly City-2570.jpeg,0.9050162211060524,105.9142509672943N,20.55184694406471E,['348.jpeg']
2593,Phu Ly City-2681.jpeg,0.9049845486879348,105.96605422970185N,20.553194410827626E,['353.jpeg']
2597,Trà Vinh City-1972.jpeg,0.904916912317276,106.35228639584123N,9.96613344177094E,[]
2598,Hiệp Hòa District-7586.jpeg,0.9049067869782448,106.01944443519157N,21.361850682733312E,[]
2599,Go Cong Town-103.jpeg,0.9048629254102708,106.67311243874127N,10.341490736703756E,[]
2602,Cai Lậy Town-5411.jpeg,0.9045639112591743,106.1375015197133N,10.46257164421238E,[]
2604,Tây Ninh City-3772.jpeg,0.9044827669858932,106.13474879227947N,11.377119309224963E,[]
2605,Thanh Liêm District-7118.jpeg,0.9044706150889396,105.8945023062096N,20.50299654922353E,['386.jpeg']
2608,Tây Ninh City-910.jpeg,0.904418148100376,106.08801853276857N,11.323220638709966E,[]
2610,Mỹ Hào District-256.jpeg,0.9042983278632164,106.07766163884405N,20.89346200748571E,[]
2611,Phu Ly City-3776.jpeg,0.9042878821492196,105.88834933609054N,20.577448812560007E,[]
2615,Long Hồ District-4770.jpeg,0.9041417613625526,105.99204112981529N,10.209236441552832E,[]
2617,Binh Minh Town-3712.jpeg,0.9041144847869872,105.8528998268538N,10.081407609716146E,[]
2620,Go Cong Town-279.jpeg,0.9040132239460944,106.68955261204736N,10.348228070518116E,[]
2622,Binh Minh Town-2980.jpeg,0.9039707109332084,105.8624789813294N,10.061195608273072E,[]
2624,Go Cong Town-3130.jpeg,0.9038637951016426,106.60872175995914N,10.422338742476105E,[]
2626,Hiệp Hòa District-69.jpeg,0.9037200286984444,105.97460124466096N,21.229798939967655E,[]
2627,Cai Lậy Town-3097.jpeg,0.9036994576454164,106.18682458406407N,10.419452707800456E,[]
2628,Duy Tiên District-1288.jpeg,0.9036137238144876,105.97345057372313N,20.61330884322173E,[]
2629,Long Hồ District-5496.jpeg,0.9035075753927232,105.9153633942012N,10.225406042707299E,[]
2632,Hiệp Hòa District-5163.jpeg,0.9033782631158828,105.94567015399605N,21.329511480423346E,[]
2637,Go Cong Town-4668.jpeg,0.9031998068094254,106.6457121498978N,10.457372878310792E,[]
2638,Ninh Bình-2258.jpeg,0.9031092599034308,105.97301674489265N,20.27790907807834E,[]
2639,Châu Thành District-3608.jpeg,0.9030433520674706,106.36215907895837N,10.278566338985474E,[]
2640,Tây Ninh City-4258.jpeg,0.9030350595712662,106.10451156553712N,11.385204109802213E,[]
2641,Mỹ Tho-1940.jpeg,0.9029940068721772,106.33548836282719N,10.36374460605976E,[]
2645,Hiệp Hòa District-6730.jpeg,0.902857542037964,105.99195989905994N,21.349723481867073E,[]
2646,Tam Điệp-1891.jpeg,0.9028167203068732,105.88951999918079N,20.14799227573789E,[]
2649,Tây Ninh City-3837.jpeg,0.9025784954428672,106.11000924312664N,11.378466775987837E,[]
2652,Duy Tiên District-1738.jpeg,0.9023603200912476,105.97633018332745N,20.621393643799195E,[]
2655,Trà Vinh City-2012.jpeg,0.9023276418447496,106.33860589693562N,9.967480908533812E,[]
2656,Phu Ly City-1989.jpeg,0.9023085683584212,105.95454239361126N,20.541067209961426E,[]
2661,Cai Lậy Town-3531.jpeg,0.902134783565998,106.10872973217536N,10.428884975140564E,[]
2662,Go Cong Town-3851.jpeg,0.9020270705223083,106.60461171663259N,10.434465943341957E,[]
2666,Go Cong Town-343.jpeg,0.9017104208469392,106.67311243874127N,10.350923004043862E,[]
2668,Duy Tiên District-3349.jpeg,0.901492454111576,105.95761272089936N,20.644300578768686E,[]
2680,Mỹ Tho-3232.jpeg,0.9006374850869179,106.31357144267761N,10.386651541028591E,[]
2683,Thanh Liêm District-5083.jpeg,0.9006109088659286,105.88875007871496N,20.47200481367659E,[]
2685,Mỹ Hào District-660.jpeg,0.9005512297153473,106.13536618739911N,20.904241741589008E,[]
2686,Châu Thành District-1665.jpeg,0.9005202576518059,106.32244378214718N,10.265091671356753E,[]
2687,Long Xuyen City-1056.jpeg,0.9004411026835442,105.47557323160692N,10.332711871663534E,[]
2688,Tây Ninh City-6029.jpeg,0.900290735065937,106.16223718022705N,11.416195845348339E,[]
2695,Go Cong Town-1504.jpeg,0.9000050500035286,106.68544256872082N,10.381914739589927E,[]
2697,Duy Tiên District-1903.jpeg,0.8999028950929642,105.9460942824821N,20.624088577325022E,[]
2703,Tây Ninh City-1237.jpeg,0.8997152000665665,106.13474879227947N,11.329957972524337E,[]
2706,Mỹ Tho-2927.jpeg,0.8997032195329666,106.31631105769634N,10.381261673977102E,[]
2707,Tây Ninh City-1328.jpeg,0.8996368497610092,106.09076737156332N,11.332652906050088E,[]
2708,Trà Vinh City-1033.jpeg,0.8996263816952705,106.34544614638844N,9.92840437241054E,[]
2710,Thanh Liêm District-5085.jpeg,0.899533174932003,105.89162619246228N,20.47200481367659E,[]
2711,Yên Mỹ District-913.jpeg,0.8994862586259842,105.98012585645456N,20.869359675102928E,[]
2713,Bến Tre City-2460.jpeg,0.8993865251541138,106.34063090429568N,10.251584807177563E,[]
2714,Thanh Liêm District-5279.jpeg,0.8993791565299034,105.8973784199569N,20.474699747202408E,[]
2715,Hoa Lư District-4025.jpeg,0.8993587419390678,105.94639901204157N,20.29231444771992E,[]
2716,Go Cong Town-710.jpeg,0.8993051275610924,106.65941229431952N,10.361702738146843E,['846.jpeg']
2721,Trà Vinh City-214.jpeg,0.899238333106041,106.346814196279N,9.898760103627373E,[]
2724,Tây Ninh City-2959.jpeg,0.899163506925106,106.14711856685587N,11.363644641596215E,[]
2725,Mỹ Hào District-2446.jpeg,0.8991629704833031,106.09064516226894N,20.94197081095056E,[]
2728,Long Hồ District-989.jpeg,0.8989738970994949,106.00847207316117N,10.156685237800826E,[]
2729,Sa Đéc City-376.jpeg,0.8989377319812775,105.75729800817835N,10.277498404022884E,[]
2732,Mỹ Tho-3942.jpeg,0.8988669067621231,106.36425432052353N,10.400126208657317E,[]
2733,Vĩnh Long-304.jpeg,0.8988598808646202,105.96649856499045N,10.23417527048554E,[]
2734,Long Xuyen City-3639.jpeg,0.8988412395119667,105.44817627170053N,10.387958008941302E,[]
2736,Long Xuyen City-3084.jpeg,0.8986456543207169,105.4276285517707N,10.377178274838322E,[]
2740,Duy Tiên District-221.jpeg,0.8984050005674362,105.97201076892097N,20.57018990680859E,[]
2741,Tây Ninh City-2738.jpeg,0.8983748480677605,106.16773485781654N,11.359602241307586E,[]
2743,Mỹ Hào District-83.jpeg,0.8982149735093117,106.08920254855506N,20.884029740145316E,[]
2747,Long Hồ District-1158.jpeg,0.898068755865097,105.94000980922003N,10.15938017132657E,[]
2749,Long Hồ District-4241.jpeg,0.8978861272335052,105.9235788658741N,10.19980417421273E,[]
2750,Hiệp Hòa District-6935.jpeg,0.8978094235062599,106.00931855345885N,21.3524184153929E,[]
2751,Vĩnh Long-1253.jpeg,0.8977056816220284,105.90624796715078N,10.253039805165749E,[]
2753,Cai Lậy Town-6727.jpeg,0.8976726308465004,106.09776905120856N,10.497605780047069E,[]
2755,Long Hồ District-2585.jpeg,0.8975967243313789,105.91947113003765N,10.176897239243907E,[]
2758,Cai Lậy Town-3377.jpeg,0.897496409714222,106.1827143287015N,10.424842574851947E,[]
2764,Cai Lậy Town-402.jpeg,0.89701247215271,106.16079296676783N,10.369596437574177E,[]
2765,Vĩnh Long-157.jpeg,0.8969972282648087,105.98293054621945N,10.230132870196922E,[]
2768,Tây Ninh City-5038.jpeg,0.8968792706727982,106.13199995348471N,11.39733131066809E,[]
2772,Trà Vinh City-356.jpeg,0.8965414837002754,106.346814196279N,9.904149970678857E,[]
2774,Duy Tiên District-284.jpeg,0.8963958919048309,105.96769135451449N,20.57288484033442E,[]
2775,Go Cong Town-3720.jpeg,0.8963715955615044,106.64023209212911N,10.431771009816211E,[]
2778,Bến Tre City-3116.jpeg,0.8961819559335709,106.3529542889228N,10.265059474806286E,[]
2779,Phu Ly City-4247.jpeg,0.8961814269423485,105.94015259849807N,20.592270946952027E,[]
2780,Tây Ninh City-1277.jpeg,0.8959575667977333,106.10588598493449N,11.331305439287211E,[]
2782,Go Cong Town-1123.jpeg,0.8959157317876816,106.64982219322431N,10.372482472249823E,[]
2783,Trà Vinh City-300.jpeg,0.8958512619137764,106.32218929824893N,9.902802503915984E,[]
2785,Cai Lậy Town-5438.jpeg,0.8957744538784027,106.17449381797637N,10.46257164421238E,[]
2787,Cai Lậy Town-6094.jpeg,0.8956158235669136,106.12791092386735N,10.476046311841102E,[]
2788,Go Cong Town-1708.jpeg,0.8956141173839569,106.69777269870038N,10.387304606641418E,[]
2789,Hiệp Hòa District-7177.jpeg,0.895410843193531,105.9442235994628N,21.356460815681647E,[]
2790,Tây Ninh City-3775.jpeg,0.8953992202877998,106.13887205047158N,11.377119309224963E,[]
2791,Sa Đéc City-1535.jpeg,0.8953540772199631,105.73401423794677N,10.316574940146179E,[]
2795,Ninh Bình-920.jpeg,0.8952627182006836,105.9945596253111N,20.238832541953983E,[]
2797,Phu Ly City-1860.jpeg,0.8949760422110558,105.8926662746245N,20.539719743198518E,[]
2798,Long Xuyen City-3867.jpeg,0.8949090093374252,105.42899839976602N,10.393347875992792E,[]
2800,Long Hồ District-6048.jpeg,0.8948185443878174,105.99614886565175N,10.236185776810276E,[]
2802,Yên Mỹ District-1071.jpeg,0.8947519063949585,106.00320299839402N,20.87205460862875E,[]
2803,Mỹ Hào District-679.jpeg,0.8946099057793617,106.09353038969671N,20.905589208351927E,[]
2804,Duy Tiên District-1826.jpeg,0.8945419192314148,105.97057096411882N,20.622741110562114E,[]
2808,Trà Vinh City-2516.jpeg,0.8943148851394653,106.346814196279N,9.979608109399651E,['724.jpeg']
2813,Go Cong Town-117.jpeg,0.894102580845356,106.65119220766648N,10.342838203466629E,[]
2817,Phu Ly City-3564.jpeg,0.8939632624387741,105.8926662746245N,20.57205894550837E,[]
2820,Hiệp Hòa District-7149.jpeg,0.8938516452908516,105.90372007253191N,21.356460815681647E,[]
2822,Mỹ Tho-1664.jpeg,0.8935651928186417,106.39575989323852N,10.35835473900827E,[]
2823,Mỹ Tho-1640.jpeg,0.893523171544075,106.36288451301418N,10.35835473900827E,"['818.jpeg', '819.jpeg', '829.jpeg']"
2824,Long Hồ District-1516.jpeg,0.8934408575296402,105.98930263925763N,10.163422571615186E,[]
2834,Cai Lậy Town-5359.jpeg,0.8928707093000412,106.16353313700955N,10.461224177449507E,[]
2836,Duy Tiên District-2465.jpeg,0.8928187191486359,105.93313603926266N,20.632173377902483E,[]
2837,Cai Lậy Town-3932.jpeg,0.8927573785185814,106.17449381797637N,10.435622308954924E,[]
2839,Cai Lậy Town-1834.jpeg,0.892554335296154,106.18682458406407N,10.39519830606875E,[]
2841,Bac Giang City-1974.jpeg,0.8924979045987129,106.17504057486727N,21.28204721077117E,[]
2842,Ninh Bình-2045.jpeg,0.8924096822738647,105.97158055286475N,20.26982427750089E,[]
2847,Trà Vinh City-1866.jpeg,0.8922040164470673,106.33997394682622N,9.963438508245199E,['736.jpeg']
2848,Hiệp Hòa District-3409.jpeg,0.8921960741281509,105.96013569932848N,21.303909611927963E,['152.jpeg']
2851,Sa Đéc City-2198.jpeg,0.8919768258929253,105.72579643668855N,10.343524275403626E,[]
2852,Go Cong Town-1901.jpeg,0.8919344320893288,106.68544256872082N,10.39269447369291E,[]
2856,Duy Tiên District-2862.jpeg,0.8916856050491333,105.96625154971235N,20.63756324495413E,[]
2858,Hiệp Hòa District-5503.jpeg,0.8912295401096344,105.99195989905994N,21.333553880712092E,[]
2859,Cai Lậy Town-5572.jpeg,0.8910951837897301,106.16353313700955N,10.465266577738122E,[]
2860,Cai Lậy Town-4245.jpeg,0.8909551352262497,106.17312373285549N,10.441012176006414E,[]
2864,Cao Lanh City-3790.jpeg,0.8907777592539787,105.60024397388295N,10.479655408105131E,[]
2865,Duy Tiên District-4332.jpeg,0.890703946352005,105.98928842654688N,20.657775246397794E,[]
2866,Binh Minh Town-4004.jpeg,0.8906962275505066,105.85974208005064N,10.089492410293376E,[]
2868,Go Cong Town-2919.jpeg,0.8906660005450249,106.6100917744013N,10.418296342187489E,[]
2869,Vĩnh Long-441.jpeg,0.8906152248382568,105.90898663068893N,10.238217670774157E,[]
2871,Thanh Liêm District-4458.jpeg,0.8905536979436874,105.93332984179821N,20.46257254633622E,[]
2872,Thanh Liêm District-5180.jpeg,0.8905436173081398,105.8945023062096N,20.473352280439503E,[]
2873,Vĩnh Long-1954.jpeg,0.8905357867479324,105.94321992491601N,10.263819539268725E,[]
2874,Cai Lậy Town-5432.jpeg,0.8905251622200012,106.16627330725123N,10.46257164421238E,[]
2876,Thái Bình-2740.jpeg,0.8904236927628517,106.33207371767911N,20.47967184490432E,[]
2878,Cai Lậy Town-5089.jpeg,0.8903544992208481,106.18408441382235N,10.455834310398014E,[]
2879,Thái Bình-1045.jpeg,0.8902938514947891,106.33782623250777N,20.440595308779933E,[]
2880,Trà Vinh City-235.jpeg,0.8902877271175385,106.32902954770172N,9.90010757039024E,[]
2883,Go Cong Town-543.jpeg,0.8900617063045502,106.64845217878214N,10.357660337858226E,[]
2884,Hiệp Hòa District-5406.jpeg,0.8899770751595497,106.00208578079261N,21.332206413949176E,[]
2885,Tam Điệp-4598.jpeg,0.8898993283510208,105.87803669181591N,20.187068811862233E,[]
2891,Duy Tiên District-5491.jpeg,0.8895315378904343,105.94321467287777N,20.677987247841468E,[]
2892,Long Hồ District-4415.jpeg,0.8894904181361198,105.9701332053541N,10.202499107738472E,[]
2894,Hiệp Hòa District-5651.jpeg,0.8894612938165665,105.90082696346543N,21.336248814237923E,[]
2896,Long Hồ District-1185.jpeg,0.8892241269350052,105.98382565814235N,10.15938017132657E,[]
2897,Thanh Liêm District-693.jpeg,0.8892129212617874,105.93764401241917N,20.399241608479457E,[]
2898,Vĩnh Long-46.jpeg,0.889202855527401,105.94732792022326N,10.226090469908309E,[]
2899,Tây Ninh City-6612.jpeg,0.8891597986221313,106.17185811600866N,11.429670512977088E,[]
2900,Cai Lậy Town-4568.jpeg,0.8891468048095703,106.18408441382235N,10.446402043057908E,[]
2904,Cai Lậy Town-5845.jpeg,0.8890685439109802,106.15120237092184N,10.470656444789617E,[]
2905,Cai Lậy Town-4464.jpeg,0.8890591934323311,106.14846220068013N,10.445054576295032E,[]
2910,Bến Tre City-1608.jpeg,0.888847254216671,106.38581664792846N,10.23676267278597E,['697.jpeg']
2913,Duy Tiên District-4129.jpeg,0.8886635527014732,105.96193213530586N,20.655080312871977E,[]
2914,Trà Vinh City-1321.jpeg,0.8885522708296776,106.3358697971545N,9.944573973564998E,[]
2915,Go Cong Town-931.jpeg,0.8884756863117218,106.66763238097258N,10.367092605198332E,[]
2916,Go Cong Town-2489.jpeg,0.8884586542844772,106.68818259760518N,10.407516608084503E,[]
2917,Tây Ninh City-5121.jpeg,0.8884498998522758,106.13887205047158N,11.398678777430964E,[]
2918,Go Cong Town-1016.jpeg,0.8883833959698677,106.64160210657127N,10.369787538724077E,[]
2919,Long Hồ District-3960.jpeg,0.8883807808160782,105.95096377145056N,10.194414307161237E,[]
2922,Duy Tiên District-258.jpeg,0.8881237804889679,105.97776998812962N,20.5715373735715E,[]
2923,Go Cong Town-1220.jpeg,0.8879775255918503,106.64434213545564N,10.375177405775567E,[]
2925,Long Hồ District-3929.jpeg,0.8879638835787773,106.02079528067058N,10.193066840398368E,[]
2926,Sa Đéc City-429.jpeg,0.8879479840397835,105.76414617589354N,10.278845870785757E,[]
2927,Go Cong Town-125.jpeg,0.8879283964633942,106.66215232320387N,10.342838203466629E,[]
2929,Hiệp Hòa District-5045.jpeg,0.8877735808491707,105.91818561786438N,21.328164013660434E,[]
2930,Bac Giang City-2568.jpeg,0.8877104967832565,106.19817589144547N,21.29282694487449E,['198.jpeg']
2933,Bến Tre City-2810.jpeg,0.887602686882019,106.33926163933714N,10.258322140991927E,[]
2934,Mỹ Tho-3804.jpeg,0.8876020684838295,106.38754104818243N,10.396083808368703E,[]
2935,Go Cong Town-2027.jpeg,0.8875850215554237,106.64845217878214N,10.396736873981526E,[]
2936,Tây Ninh City-4692.jpeg,0.8875843733549118,106.10726040433188N,11.39194144361659E,[]
2938,Trà Vinh City-1453.jpeg,0.8874918073415756,106.3495502960601N,9.94996384061648E,[]
2939,Yên Mỹ District-3198.jpeg,0.887403592467308,106.03349174718953N,20.907088744464478E,[]
2942,Cai Lậy Town-3240.jpeg,0.8872512429952621,106.19230492454746N,10.422147641326202E,[]
2945,Thanh Liêm District-1590.jpeg,0.8870483413338661,105.954900694903N,20.419453609923103E,[]
2947,Phu Ly City-35.jpeg,0.8868700638413429,105.9142509672943N,20.489863472970836E,[]
2948,Trà Vinh City-1285.jpeg,0.8868158087134361,106.35091834595066N,9.941879040039257E,[]
2949,Tây Ninh City-5833.jpeg,0.8868120536208153,106.14162088926633N,11.412153445059715E,[]
2951,Thanh Liêm District-4157.jpeg,0.8865699246525764,105.90456870432516N,20.458530146047487E,[]
2952,Hiệp Hòa District-3728.jpeg,0.8864035233855247,106.0208909897248N,21.307952012216713E,[]
2953,Tây Ninh City-2569.jpeg,0.8863449767231941,106.15261624444537N,11.356907307781837E,[]
2955,Tây Ninh City-3769.jpeg,0.8863212764263153,106.13062553408732N,11.377119309224963E,[]
2957,Yên Mỹ District-3202.jpeg,0.886242501437664,106.03926103267437N,20.907088744464478E,[]
2960,Trà Vinh City-103.jpeg,0.886210024356842,106.34544614638844N,9.893370236575885E,"['752.jpeg', '738.jpeg']"
2962,Thanh Liêm District-4905.jpeg,0.8861909508705139,105.90313064745148N,20.46930988015077E,[]
2964,Cai Lậy Town-2913.jpeg,0.8860647901892662,106.17997415845981N,10.415410307511838E,[]
2966,Cai Lậy Town-4720.jpeg,0.8859032616019249,106.1827143287015N,10.449096976583652E,[]
2967,Go Cong Town-1806.jpeg,0.8856089487671852,106.69503266981602N,10.389999540167166E,[]
2968,Cai Lậy Town-4083.jpeg,0.8855587467551231,106.17038356261381N,10.43831724248067E,[]
2969,Châu Thành District-10412.jpeg,0.8855461329221725,106.3731150229063N,10.329770075974622E,[]
2973,Châu Thành District-4801.jpeg,0.8854154124855995,106.18275549681123N,10.286651139562707E,[]
2976,Châu Thành District-3433.jpeg,0.8853150382637978,106.42104727767847N,10.277218872222601E,[]
2978,Hiệp Hòa District-7324.jpeg,0.8850573152303696,106.02378409879131N,21.357808282444562E,[]
2981,Binh Minh Town-1472.jpeg,0.8849916756153107,105.88026883964129N,10.028856405964154E,[]
2984,Go Cong Town-3699.jpeg,0.8849130719900131,106.61146178884346N,10.431771009816211E,[]
2985,Long Hồ District-3818.jpeg,0.8849103525280952,105.99477962037295N,10.191719373635499E,[]
2986,Duy Tiên District-2402.jpeg,0.8847892209887505,105.97920979293177N,20.630825911139574E,[]
2987,Phu Ly City-3539.jpeg,0.884769931435585,105.93295770094146N,20.57071147874546E,[]
2988,Long Hồ District-4056.jpeg,0.8846866711974144,105.97150245063291N,10.195761773924112E,[]
2989,Trà Vinh City-1545.jpeg,0.8846583366394043,106.31945319846783N,9.954006240905096E,['573.jpeg']
2991,Tây Ninh City-4774.jpeg,0.8845364227890968,106.10451156553712N,11.393288910379463E,[]
2992,Cai Lậy Town-2180.jpeg,0.8842128068208694,106.1320211792299N,10.401935639883115E,[]
2994,Duy Tiên District-1896.jpeg,0.8840952143073082,105.93601564886697N,20.624088577325022E,[]
2995,Mỹ Hào District-3215.jpeg,0.8840408027172089,106.07333379770245N,20.954098011816768E,[]
2997,Thanh Liêm District-7011.jpeg,0.8839060962200165,105.98366183237607N,20.50030161569771E,[]
2998,Hiệp Hòa District-3979.jpeg,0.8838977739214897,105.98038746279394N,21.311994412505456E,[]
2999,Hung Yen City-1758.jpeg,0.8838854655623436,106.09072499846127N,20.651604409421388E,[]
3006,Yên Mỹ District-1799.jpeg,0.8835728168487549,106.0075299625076N,20.884181809494965E,[]
3012,Binh Minh Town-3618.jpeg,0.8833790123462677,105.85563672813252N,10.078712676190406E,[]
3015,Cai Lậy Town-1596.jpeg,0.883364275097847,106.19367500966834N,10.391155905780133E,[]
3017,Cai Lậy Town-3421.jpeg,0.8833200037479401,106.14435194531758N,10.426190041614822E,[]
3019,Mỹ Tho-13.jpeg,0.8832266703248024,106.31494125018696N,10.320625669647844E,[]
3021,Ninh Bình-1932.jpeg,0.8831935375928879,105.96870816880897N,20.265781877212163E,[]
3027,Thái Bình-3300.jpeg,0.8829540982842445,106.37377945018686N,20.498536379585076E,[]
3029,Go Cong Town-2245.jpeg,0.882877379655838,106.65393223655084N,10.402126741033015E,[]
3030,Hiệp Hòa District-3990.jpeg,0.8828215226531029,105.99629956265962N,21.311994412505456E,[]
3032,Tây Ninh City-6062.jpeg,0.8826576173305511,106.12650227589519N,11.417543312111215E,[]
3035,Go Cong Town-4692.jpeg,0.8824531808495522,106.64845217878214N,10.458720345073662E,[]
3038,Tam Điệp-1917.jpeg,0.8823763951659203,105.92684074811658N,20.14799227573789E,[]
3039,Cai Lậy Town-6584.jpeg,0.8823739513754845,106.09228871072513N,10.490868446232705E,[]
3041,Thanh Liêm District-4814.jpeg,0.8823488727211952,105.90744481807246N,20.467962413387863E,[]
3043,Go Cong Town-1044.jpeg,0.8821411430835724,106.67996251095214N,10.369787538724077E,['856.jpeg']
3046,Hoa Lư District-4463.jpeg,0.8818297013640404,105.94496277429069N,20.301746715060293E,[]
3047,Long Hồ District-4537.jpeg,0.8817369490861893,105.94822528089293N,10.205194041264217E,[]
3048,Binh Minh Town-3180.jpeg,0.8816394358873367,105.85974208005064N,10.066585475324558E,['533.jpeg']
3051,Duy Tiên District-1089.jpeg,0.8814982548356056,105.96913115931666N,20.60791897617009E,[]
3052,Phu Ly City-794.jpeg,0.8814859315752983,105.92288484436223N,20.522202675280678E,['639.jpeg']
3055,Cai Lậy Town-2915.jpeg,0.8812886849045753,106.1827143287015N,10.415410307511838E,[]
3056,Thanh Liêm District-6094.jpeg,0.8812617883086205,105.97790960488143N,20.48547948130569E,[]
3059,Long Hồ District-3036.jpeg,0.8809933215379715,105.92631735643175N,10.182287106295396E,[]
3060,Duy Tiên District-5243.jpeg,0.8809586390852928,105.98640881694259N,20.672597380789824E,[]
3064,Trà Vinh City-1869.jpeg,0.8806978091597557,106.34407809649787N,9.963438508245199E,[]
3065,Long Hồ District-2753.jpeg,0.8805737793445587,105.99477962037295N,10.178244706006778E,[]
3067,Go Cong Town-1130.jpeg,0.8803599625825882,106.65941229431952N,10.372482472249823E,[]
3070,Go Cong Town-109.jpeg,0.8802878260612488,106.68133252539432N,10.341490736703756E,[]
3073,Thái Bình-2934.jpeg,0.8797446638345718,106.3478931334579N,20.48506171195596E,"['454.jpeg', '453.jpeg']"
3074,Binh Minh Town-4041.jpeg,0.879696398973465,105.84468912301752N,10.090839877056249E,[]
3075,Mỹ Hào District-39.jpeg,0.8796187564730644,106.09785823083833N,20.87998733985658E,[]
3077,Duy Tiên District-5973.jpeg,0.8793730959296227,106.00224666976634N,20.696851782522224E,[]
3078,Tam Điệp-904.jpeg,0.8793435171246529,105.95124277626695N,20.12912774105718E,['899.jpeg']
3087,Go Cong Town-4026.jpeg,0.8791171833872795,106.62790196214955N,10.4371608768677E,[]
3088,Mỹ Tho-687.jpeg,0.8790967091917992,106.34507701539263N,10.342185137853802E,[]
3090,Duy Tiên District-5108.jpeg,0.8788850083947182,105.99360784095339N,20.669902447263993E,[]
3091,Sa Đéc City-1759.jpeg,0.8788807839155197,105.73401423794677N,10.324659740723416E,[]
3094,Tây Ninh City-3315.jpeg,0.8785189390182495,106.07702317758954N,11.370381975410586E,[]
3095,Yên Mỹ District-3095.jpeg,0.8784197866916656,105.9931067487955N,20.90574127770157E,[]
3096,Long Hồ District-3737.jpeg,0.8783474788069725,106.0112105637188N,10.190371906872624E,[]
3097,Phu Ly City-4364.jpeg,0.8782329261302948,105.93439668045279N,20.601703214292407E,[]
3099,Yên Mỹ District-3539.jpeg,0.8781977072358131,106.00031835565159N,20.91382607827904E,[]
3104,Go Cong Town-738.jpeg,0.8778916820883751,106.69777269870038N,10.361702738146843E,[]
3108,Cai Lậy Town-4893.jpeg,0.8776000663638115,106.11558015777963N,10.45313937687227E,['764.jpeg']
3109,Go Cong Town-1887.jpeg,0.877595953643322,106.6662623665304N,10.39269447369291E,[]
3111,Go Cong Town-566.jpeg,0.8774314522743225,106.67996251095214N,10.357660337858226E,['57.jpeg']
3115,Thái Bình-2878.jpeg,0.8773210346698761,106.32632120285044N,20.483714245193053E,[]
3116,Thanh Liêm District-2929.jpeg,0.8772909641265869,105.93620595554552N,20.441013078129664E,[]
3117,Go Cong Town-3049.jpeg,0.8772716447710991,106.69503266981602N,10.419643808950358E,[]
3118,Mỹ Tho-3522.jpeg,0.877240814268589,106.38891085569182N,10.39069394131721E,[]
3120,Thanh Liêm District-7472.jpeg,0.8771792575716972,105.98222377550239N,20.508386416275172E,['363.jpeg']
3121,Cai Lậy Town-2472.jpeg,0.8770618215203285,106.1375015197133N,10.407325506934605E,[]
3122,Binh Minh Town-3001.jpeg,0.8770314082503319,105.82142546214814N,10.062543075035945E,['535.jpeg']
3124,Long Hồ District-3658.jpeg,0.8769361972808838,105.90304018669175N,10.190371906872624E,[]
3126,Mỹ Hào District-2315.jpeg,0.8768164217472076,106.14546448339627N,20.93927587742473E,[]
3127,Phu Ly City-2931.jpeg,0.8768055588006973,105.90130015169242N,20.558584277879262E,[]
3131,Tây Ninh City-4431.jpeg,0.8765875399112701,106.10451156553712N,11.387899043327963E,[]
3134,Châu Thành District-4542.jpeg,0.8762505874037743,106.4320032216264N,10.283956206036958E,[]
3135,Chau Doc City-3617.jpeg,0.8762120679020882,105.12070547826302N,10.691742608740757E,[]
3136,Châu Thành District-10730.jpeg,0.8762095645070076,106.36352857195187N,10.340549810077599E,[]
3137,Long Hồ District-6138.jpeg,0.876199446618557,105.9468560356141N,10.23888071033602E,[]
3138,Binh Minh Town-3073.jpeg,0.8761939033865929,105.85016292557502N,10.063890541798811E,[]
3139,Duy Tiên District-2570.jpeg,0.8761890903115273,105.94753408728424N,20.633520844665398E,[]
3141,Long Hồ District-5926.jpeg,0.8761153891682625,105.93179433754707N,10.233490843284528E,[]
3143,Yên Mỹ District-4503.jpeg,0.8760605305433273,106.03204942581829N,20.950207680877682E,[]
3144,Go Cong Town-961.jpeg,0.8760070651769638,106.70873281423778N,10.367092605198332E,[]
3145,Sa Đéc City-520.jpeg,0.8759845718741417,105.76277654235054N,10.2815408043115E,[]
3146,Cai Lậy Town-5351.jpeg,0.8759658858180046,106.1525724560427N,10.461224177449507E,[]
3147,Vĩnh Long-935.jpeg,0.8759509101510048,105.9185719530725N,10.24764993811426E,[]
3148,Binh Minh Town-2308.jpeg,0.8759356364607811,105.86384743196876N,10.046373473881486E,[]
3150,Binh Minh Town-3886.jpeg,0.8758599236607552,105.82963616598438N,10.086797476767636E,['29.jpeg']
3151,Hiệp Hòa District-1887.jpeg,0.8756867051124573,105.97170813559445N,21.278307743432585E,[]
3154,Long Xuyen City-2795.jpeg,0.8756532892584801,105.39475219988303N,10.371788407786832E,[]
3155,Binh Minh Town-3658.jpeg,0.8756465166807175,105.84468912301752N,10.080060142953275E,[]
3156,Binh Minh Town-2657.jpeg,0.875594399869442,105.87205813580505N,10.053110807695843E,[]
3157,Yên Mỹ District-919.jpeg,0.8755254223942757,105.98877978468185N,20.869359675102928E,[]
3159,Long Hồ District-1501.jpeg,0.8754548951983452,105.9687639600753N,10.163422571615186E,[]
3162,Duy Tiên District-476.jpeg,0.8752124942839146,105.95473311129504N,20.583664574437694E,[]
3164,Tây Ninh City-2830.jpeg,0.8751768097281456,106.07702317758954N,11.362297174833339E,[]
3166,Long Hồ District-5116.jpeg,0.874977245926857,105.93179433754707N,10.217321242130064E,[]
3168,Binh Minh Town-359.jpeg,0.8748892918229103,105.88026883964129N,10.001907070706721E,['536.jpeg']
3169,Duy Tiên District-3849.jpeg,0.87477857619524,105.97057096411882N,20.651037912583238E,[]
3173,Duy Tiên District-901.jpeg,0.8746829479932785,105.96481174491018N,20.602529109118446E,[]
3175,Duy Tiên District-1744.jpeg,0.8745160922408104,105.98496901214044N,20.621393643799195E,[]
3176,Binh Minh Town-3226.jpeg,0.8744883239269257,105.85426827749315N,10.06793294208743E,[]
3178,Cai Lậy Town-5218.jpeg,0.8744356259703636,106.16490322213039N,10.458529243923762E,[]
3179,Binh Minh Town-1152.jpeg,0.8743540942668915,105.84742602429628N,10.022119072149795E,[]
3180,Long Hồ District-3001.jpeg,0.8743496388196945,105.87839377167293N,10.182287106295396E,[]
3184,Bac Giang City-2333.jpeg,0.8741280809044838,106.25601418289094N,21.287437077822833E,[]
3185,Hiệp Hòa District-167.jpeg,0.8740802779793739,105.94567015399605N,21.23518880701932E,['166.jpeg']
3187,Hiệp Hòa District-764.jpeg,0.8740382194519043,105.96158225386175N,21.25540080846303E,[]
3189,Cao Lanh City-1418.jpeg,0.8737989440560341,105.64135110989872N,10.432494071404587E,[]
3191,Chau Doc City-3724.jpeg,0.8737739510834217,105.15635813509175N,10.693090075503628E,[]
3196,Long Hồ District-2093.jpeg,0.8736057803034782,106.01805679011294N,10.170159905429546E,[]
3198,Tây Ninh City-6454.jpeg,0.8733881711959839,106.17048369661134N,11.425628112688466E,[]
3201,Go Cong Town-2722.jpeg,0.8733470290899277,106.69366265537386N,10.412906475136E,[]
3202,Long Hồ District-6104.jpeg,0.8733344674110413,106.00847207316117N,10.237533243573147E,[]
3204,Long Hồ District-6423.jpeg,0.8733235821127892,106.00162584676706N,10.249660444438993E,[]
3207,Cai Lậy Town-5612.jpeg,0.8732132911682129,106.12106049826308N,10.466614044500997E,[]
3209,Tây Ninh City-2342.jpeg,0.8731367811560631,106.16223718022705N,11.352864907493213E,[]
3211,Go Cong Town-480.jpeg,0.8730900809168816,106.69092262648952N,10.354965404332479E,[]
3212,Vĩnh Long-565.jpeg,0.8730162605643272,105.92541861191793N,10.2409126042999E,[]
3219,Yên Mỹ District-1684.jpeg,0.8727970719337463,105.96426032137117N,20.882834342732053E,[]
3220,Duy Tiên District-2957.jpeg,0.8726526200771332,105.96193213530586N,20.638910711717042E,[]
3223,Long Hồ District-4445.jpeg,0.8725018948316574,105.9153633942012N,10.203846574501345E,[]
3224,Châu Thành District-1691.jpeg,0.8723183199763298,106.41009133373053N,10.265091671356753E,[]
3225,Bac Giang City-301.jpeg,0.8723099231719971,106.18082440401182N,21.241623207883734E,[]
3229,Trà Vinh City-728.jpeg,0.8721477016806602,106.31124489912449N,9.917624638307569E,[]
3233,Yên Mỹ District-3261.jpeg,0.8720796555280685,106.01762621210614N,20.90843621122739E,[]
3237,Tây Ninh City-6216.jpeg,0.8717915341258049,106.17323253540609N,11.420238245636966E,[]
3239,Yên Mỹ District-2245.jpeg,0.871647872030735,106.03637638993193N,20.890919143309524E,[]
3241,Chau Doc City-3499.jpeg,0.8716050162911415,105.07271151714745N,10.690395141977882E,[]
3244,Hung Yen City-2177.jpeg,0.8713520467281342,106.07488417374337N,20.666426543813415E,[]
3246,Cai Lậy Town-2255.jpeg,0.8711090087890625,106.13613143459246N,10.403283106645986E,[]
3248,Go Cong Town-114.jpeg,0.8710106462240219,106.68818259760518N,10.341490736703756E,[]
3249,Duy Tiên District-2182.jpeg,0.8710080683231354,105.93745545366913N,20.62813097761375E,[]
3250,Binh Minh Town-1389.jpeg,0.8709974586963654,105.84879447493567N,10.02750893920128E,[]
3251,Hiệp Hòa District-6804.jpeg,0.8709517195820808,105.96013569932848N,21.351070948629985E,[]
3253,Go Cong Town-2964.jpeg,0.8708785027265549,106.67174242429908N,10.418296342187489E,[]
3257,Thanh Liêm District-6218.jpeg,0.8705768957734108,105.89881647683056N,20.488174414831512E,[]
3258,Mỹ Tho-628.jpeg,0.87049500644207,106.36288451301418N,10.340837671090929E,[]
3259,Hiệp Hòa District-6676.jpeg,0.8704187050461769,105.91384595426466N,21.349723481867073E,[]
3261,Duy Tiên District-5065.jpeg,0.8703484982252121,105.89570111440646N,20.669902447263993E,[]
3265,Sa Đéc City-1492.jpeg,0.8702196963131428,105.72716607023159N,10.315227473383308E,[]
3266,Long Hồ District-3919.jpeg,0.8701918050646782,106.00710282788233N,10.193066840398368E,[]
3267,Hung Yen City-937.jpeg,0.8701886013150215,106.0835246235895N,20.631392407977735E,[]
3269,Go Cong Town-1797.jpeg,0.8701342344284058,106.68270253983648N,10.389999540167166E,[]
3270,Tây Ninh City-3923.jpeg,0.870087519288063,106.1127580819214N,11.379814242750715E,[]
3274,Tây Ninh City-6631.jpeg,0.8698007091879845,106.12650227589519N,11.431017979739966E,[]
3277,Cai Lậy Town-5397.jpeg,0.8697261363267899,106.11832032802134N,10.46257164421238E,[]
3278,Go Cong Town-3531.jpeg,0.8696532770991325,106.59776164442174N,10.429076076290466E,[]
3279,Tây Ninh City-3115.jpeg,0.8696203157305717,106.14162088926633N,11.366339575121964E,[]
3282,Go Cong Town-3990.jpeg,0.8693423196673393,106.68681258316299N,10.435813410104826E,[]
3284,Long Hồ District-3775.jpeg,0.8690843656659126,105.93590207338352N,10.191719373635499E,[]
3285,Thái Bình-3208.jpeg,0.8690628856420517,106.37377945018686N,20.49449397929634E,[]
3287,Cai Lậy Town-5792.jpeg,0.8688346892595291,106.17312373285549N,10.46930897802674E,[]
3293,Cao Lanh City-4101.jpeg,0.8683657944202423,105.65505348857066N,10.485045275156622E,[]
3294,Cai Lậy Town-4093.jpeg,0.8683092296123505,106.18408441382235N,10.43831724248067E,[]
3297,Phu Ly City-3326.jpeg,0.8680296614766121,105.95598137312261N,20.565321611693822E,[]
3299,Go Cong Town-1047.jpeg,0.8679742142558098,106.68407255427864N,10.369787538724077E,[]
3302,Hiệp Hòa District-3617.jpeg,0.8678197115659714,105.99485300812638N,21.306604545453805E,[]
3304,Châu Thành District-1857.jpeg,0.8676097318530083,106.4018743757696N,10.266439138119624E,[]
3306,Go Cong Town-4776.jpeg,0.8674880564212799,106.64708216433996N,10.464110212125156E,[]
3307,Châu Thành District-736.jpeg,0.8674599900841713,106.23479623056382N,10.257006870779517E,[]
3308,Duy Tiên District-5353.jpeg,0.8673855289816856,105.92449721044969N,20.675292314315648E,[]
3311,Cai Lậy Town-4712.jpeg,0.8672192543745041,106.17175364773465N,10.449096976583652E,[]
3312,Tây Ninh City-2657.jpeg,0.8672083094716072,106.16498601902181N,11.358254774544713E,[]
3314,Mỹ Tho-1148.jpeg,0.866999052464962,106.34781663041132N,10.350269938431039E,[]
3317,Long Hồ District-3685.jpeg,0.8668108060956001,105.94000980922003N,10.190371906872624E,[]
3318,Tây Ninh City-1250.jpeg,0.8667663782835007,106.15261624444537N,11.329957972524337E,[]
3319,Long Xuyen City-103.jpeg,0.8667536824941635,105.46735414363499N,10.308457469931831E,[]
3322,Phu Ly City-3811.jpeg,0.8667047172784805,105.93871361898678N,20.577448812560007E,[]
3328,Trà Vinh City-229.jpeg,0.8665512129664421,106.32082124835837N,9.90010757039024E,[]
3329,Bến Tre City-1418.jpeg,0.8665170520544052,106.42278680180985N,10.232720272497357E,[]
3331,Phu Ly City-4362.jpeg,0.866457611322403,105.93151872143017N,20.601703214292407E,[]
3334,Go Cong Town-820.jpeg,0.8663693368434906,106.66215232320387N,10.364397671672586E,[]
3335,Tây Ninh City-960.jpeg,0.8663228079676628,106.0797720163843N,11.324568105472839E,['607.jpeg']
3340,Long Hồ District-5504.jpeg,0.8659754171967506,105.92631735643175N,10.225406042707299E,[]
3342,Phu Ly City-3537.jpeg,0.865864135324955,105.93007974191885N,20.57071147874546E,[]
3343,Sa Đéc City-1280.jpeg,0.8658245578408241,105.75455874109232N,10.307142672806073E,[]
3345,Duy Tiên District-2682.jpeg,0.865754097700119,105.97345057372313N,20.63486831142831E,[]
3349,Go Cong Town-1108.jpeg,0.8656679391860962,106.69777269870038N,10.371135005486948E,[]
3352,Duy Tiên District-1630.jpeg,0.8655486851930618,105.95185350169072N,20.62004617703629E,[]
3354,Bến Tre City-353.jpeg,0.8654220849275589,106.37212399834277N,10.207118404002786E,[]
3355,Go Cong Town-2605.jpeg,0.8653811141848564,106.61420181772779N,10.411559008373121E,[]
3360,Hiệp Hòa District-602.jpeg,0.8651520162820816,105.95290292666226N,21.250010941411375E,[]
3361,Cai Lậy Town-1214.jpeg,0.8650956898927689,106.11695024290049N,10.385766038728642E,[]
3366,Cai Lậy Town-5163.jpeg,0.8648537844419479,106.18682458406407N,10.45718177716089E,[]
3368,Phu Ly City-3507.jpeg,0.8647465854883194,105.96173729116788N,20.569364011982547E,[]
3370,Cao Lanh City-4964.jpeg,0.8646515905857086,105.64957253710186N,10.50256234307397E,[]
3371,Duy Tiên District-1742.jpeg,0.8645528107881546,105.98208940253609N,20.621393643799195E,[]
3376,Go Cong Town-455.jpeg,0.864482693374157,106.65667226543519N,10.354965404332479E,[]
3379,Sa Đéc City-716.jpeg,0.8643778339028358,105.75729800817835N,10.288278138125861E,['22.jpeg']
3380,Go Cong Town-794.jpeg,0.8643677905201912,106.70051272758474N,10.363050204909717E,[]
3381,Binh Minh Town-56.jpeg,0.8642709702253342,105.88847954347752N,9.989779869840879E,[]
3382,Trà Vinh City-177.jpeg,0.8642283901572227,106.33860589693562N,9.8974126368645E,[]
3383,Trà Vinh City-414.jpeg,0.8642114251852036,106.32082124835837N,9.906844904204599E,[]
3387,Trà Vinh City-245.jpeg,0.8639956787228584,106.34271004660732N,9.90010757039024E,[]
3391,Long Hồ District-1462.jpeg,0.8637969121336937,105.9153633942012N,10.163422571615186E,[]
3394,Phu Ly City-1936.jpeg,0.8635340481996536,105.8782764795113N,20.541067209961426E,[]
3397,Chau Doc City-4355.jpeg,0.8634817600250244,105.11796296619927N,10.705217276369488E,[]
3401,Hiệp Hòa District-9656.jpeg,0.8634277880191803,105.97460124466096N,21.411706952961175E,[]
3403,Phu Ly City-1650.jpeg,0.8633483424782753,105.96173729116788N,20.535677342909782E,[]
3405,Mỹ Tho-3769.jpeg,0.8632134646177292,106.33548836282719N,10.396083808368703E,[]
3406,Go Cong Town-281.jpeg,0.8632132411003113,106.6922926409317N,10.348228070518116E,[]
3407,Hiệp Hòa District-3203.jpeg,0.8631663993000984,105.91963217239763N,21.301214678402133E,[]
3408,Long Hồ District-5729.jpeg,0.8631444871425629,105.94411754505647N,10.229448442995913E,[]
3409,Long Hồ District-4219.jpeg,0.8631220683455467,105.99204112981529N,10.198456707449855E,[]
3418,Tây Ninh City-6364.jpeg,0.8625050634145737,106.12787669529254N,11.42428064592559E,[]
3420,Cai Lậy Town-4576.jpeg,0.8624069094657898,106.19504509478917N,10.446402043057908E,[]
3421,Duy Tiên District-2485.jpeg,0.8623513206839561,105.96193213530586N,20.632173377902483E,[]
3425,Yên Mỹ District-4392.jpeg,0.8620094135403633,106.043587996788N,20.936733013248556E,[]
3427,Bến Tre City-3171.jpeg,0.8619949296116829,106.36116987867425N,10.266406941569157E,[]
3428,Long Hồ District-3916.jpeg,0.861958384513855,106.00299509204586N,10.193066840398368E,[]
3434,Sa Đéc City-2285.jpeg,0.8614700213074684,105.71483936834429N,10.347566675692246E,[]
3436,Trà Vinh City-2676.jpeg,0.8614421933889389,106.346814196279N,9.983650509688271E,[]
3439,Thái Bình-3131.jpeg,0.8613479733467102,106.35508377699372N,20.491799045770513E,[]
3440,Long Hồ District-4663.jpeg,0.8613389357924461,105.93590207338352N,10.207888974789961E,[]
3441,Binh Minh Town-258.jpeg,0.8610203787684441,105.86521588260818N,9.999212137180981E,[]
3443,Hiệp Hòa District-4751.jpeg,0.8608772531151772,105.91673906333112N,21.324121613371688E,[]
3445,Phu Ly City-3644.jpeg,0.8608261868357658,105.93007974191885N,20.573406412271282E,[]
3446,Long Hồ District-4073.jpeg,0.8607657849788666,105.99477962037295N,10.195761773924112E,[]
3448,Cao Lanh City-1760.jpeg,0.8604933470487595,105.6482022992347N,10.437883938456077E,[]
3452,Go Cong Town-1249.jpeg,0.8602299317717552,106.68407255427864N,10.375177405775567E,['602.jpeg']
3453,Chau Doc City-3753.jpeg,0.8602212965488434,105.08642407746619N,10.694437542266506E,[]
3455,Thanh Liêm District-3874.jpeg,0.8601657375693321,105.90744481807246N,20.45448774575876E,[]
3456,Binh Minh Town-1829.jpeg,0.8601633161306381,105.85153137621441N,10.036941206541384E,[]
3457,Go Cong Town-2096.jpeg,0.8601365983486176,106.67037240985691N,10.398084340744397E,[]
3461,Cai Lậy Town-5041.jpeg,0.8598728701472282,106.11832032802134N,10.455834310398014E,[]
3462,Go Cong Town-3318.jpeg,0.8598383739590645,106.64297212101346N,10.425033676001851E,[]
3465,Long Xuyen City-5323.jpeg,0.8597304821014404,105.45776520766776N,10.43107694535322E,[]
3469,Trà Vinh City-2451.jpeg,0.8595189899206161,106.33450174726396N,9.978260642636783E,[]
3473,Ninh Bình-1684.jpeg,0.8593950942158699,105.97445293692057N,20.257697076634713E,[]
3474,Mỹ Tho-2904.jpeg,0.8593253418803215,106.38891085569182N,10.379914207214231E,[]
3477,Go Cong Town-919.jpeg,0.8592029437422752,106.65119220766648N,10.367092605198332E,[]
3478,Thái Bình-2188.jpeg,0.8591495454311371,106.34214061862926N,20.46484971051231E,[]
3480,Go Cong Town-708.jpeg,0.8588419333100319,106.65667226543519N,10.361702738146843E,[]
3483,Long Hồ District-1929.jpeg,0.858672484755516,105.9468560356141N,10.168812438666674E,[]
3488,Go Cong Town-4778.jpeg,0.8581833615899086,106.64982219322431N,10.464110212125156E,[]
3490,Phu Ly City-3984.jpeg,0.8579311668872833,105.95454239361126N,20.58149121284874E,['620.jpeg']
3495,Long Hồ District-1314.jpeg,0.8576992303133011,106.01257980899764N,10.16072763808944E,['567.jpeg']
3496,Yên Mỹ District-3527.jpeg,0.8576731979846954,105.98301049919701N,20.91382607827904E,[]
3497,Long Xuyen City-322.jpeg,0.8576653935015202,105.47557323160692N,10.315194803746191E,[]
3498,Go Cong Town-2112.jpeg,0.8576428294181824,106.6922926409317N,10.398084340744397E,[]
3500,Phu Ly City-568.jpeg,0.8575660735368729,105.9214458648509N,20.518160274991946E,[]
3501,Duy Tiên District-1931.jpeg,0.8575070351362228,105.98640881694259N,20.624088577325022E,[]
3502,Tây Ninh City-3150.jpeg,0.8574818447232246,106.07702317758954N,11.367687041884835E,[]
3503,Long Hồ District-4643.jpeg,0.8574693202972412,106.00025660148823N,10.206541508027088E,[]
3505,Duy Tiên District-3059.jpeg,0.8573974445462227,105.96625154971235N,20.640258178479957E,[]
3506,Mỹ Tho-3037.jpeg,0.857342965900898,106.36288451301418N,10.382609140739975E,[]
3507,Long Hồ District-5034.jpeg,0.85733812302351,106.00025660148823N,10.21462630860432E,[]
3508,Hiệp Hòa District-5320.jpeg,0.8572961390018463,106.0266772078578N,21.33085894718627E,[]
3509,Binh Minh Town-3317.jpeg,0.8572765290737152,105.84332067237811N,10.070627875613173E,[]
3510,Go Cong Town-3674.jpeg,0.8572699353098869,106.68544256872082N,10.430423543053335E,[]
3512,Phu Ly City-3955.jpeg,0.8572366312146187,105.91281198778299N,20.58149121284874E,[]
3513,Trà Vinh City-1385.jpeg,0.8572254925966263,106.34544614638844N,9.94726890709074E,[]
3514,Duy Tiên District-3185.jpeg,0.8572230413556099,106.00656608417283N,20.641605645242862E,[]
3520,Binh Minh Town-4371.jpeg,0.8568835034966469,105.85974208005064N,10.100272144396353E,[]
3522,Cai Lậy Town-5899.jpeg,0.8568028435111046,106.1320211792299N,10.472003911552486E,[]
3523,Cai Lậy Town-3802.jpeg,0.8567890152335167,106.19641517991002N,10.432927375429179E,[]
3531,Thanh Liêm District-6764.jpeg,0.8564678207039833,105.98078571862875N,20.496259215408976E,[]
3533,Cai Lậy Town-4191.jpeg,0.8563137352466583,106.0991391363294N,10.441012176006414E,[]
3534,Duy Tiên District-1272.jpeg,0.8562523648142815,105.95041369688856N,20.61330884322173E,[]
3535,Sa Đéc City-762.jpeg,0.8562340140342712,105.76688544297964N,10.289625604888732E,[]
3538,Go Cong Town-4403.jpeg,0.8559388369321823,106.65393223655084N,10.445245677444937E,[]
3539,Chau Doc City-3299.jpeg,0.8559368401765823,105.14813059890051N,10.68635274168926E,[]
3543,Cai Lậy Town-2488.jpeg,0.855649508535862,106.15942288164696N,10.407325506934605E,[]
3544,Hiệp Hòa District-4687.jpeg,0.8556008860468864,105.95290292666226N,21.32277414660878E,[]
3548,Phu Ly City-3678.jpeg,0.8554512336850166,105.90273913120375N,20.574753879034187E,[]
3552,Cai Lậy Town-3543.jpeg,0.8552670255303383,106.12517075362561N,10.428884975140564E,[]
3554,Go Cong Town-2371.jpeg,0.8552465289831161,106.6758524676256N,10.404821674558763E,[]
3557,Cai Lậy Town-3930.jpeg,0.8551198914647102,106.17175364773465N,10.435622308954924E,[]
3558,Mỹ Tho-2770.jpeg,0.8550862744450569,106.30809221264022N,10.378566740451355E,['66.jpeg']
3559,Phu Ly City-3519.jpeg,0.8550329953432083,105.90417811071508N,20.57071147874546E,[]
3560,Binh Minh Town-1655.jpeg,0.854984886944294,105.87616348772315N,10.032898806252769E,[]
3561,Thanh Liêm District-5185.jpeg,0.8549258932471275,105.90169259057785N,20.473352280439503E,[]
3563,Binh Minh Town-1699.jpeg,0.8548423796892166,105.85016292557502N,10.03424627301564E,[]
3564,Bến Tre City-70.jpeg,0.8547229096293449,106.37897032313563N,10.19768613666268E,[]
3568,Sa Đéc City-1936.jpeg,0.8545523807406425,105.74223203920499N,10.331397074537776E,[]
3569,Tây Ninh City-5473.jpeg,0.8543223887681961,106.11688134011352N,11.405416111245337E,['98.jpeg']
3573,Duy Tiên District-2102.jpeg,0.854093074798584,105.9604923305037N,20.626783510850842E,[]
3574,Vĩnh Long-1100.jpeg,0.85400390625,105.92541861191793N,10.250344871640005E,[]
3577,Long Hồ District-5040.jpeg,0.8539530262351036,105.9181018847588N,10.21597377536719E,[]
3579,Hiệp Hòa District-2425.jpeg,0.8536530658602715,105.93843738132982N,21.28774001077299E,[]
3580,Thái Bình-701.jpeg,0.8536490872502327,106.32200681672894N,20.433857974965385E,[]
3582,Cai Lậy Town-6214.jpeg,0.8534904345870018,106.12791092386735N,10.478741245366848E,[]
3583,Tây Ninh City-6187.jpeg,0.8534455820918083,106.13337437288207N,11.420238245636966E,[]
3585,Mỹ Tho-1434.jpeg,0.8534128442406654,106.40945796833202N,10.354312338719653E,[]
3590,Sa Đéc City-2122.jpeg,0.853224128484726,105.74497130629103N,10.33948187511501E,[]
3596,Go Cong Town-3933.jpeg,0.8529417365789413,106.60872175995914N,10.435813410104826E,[]
3597,Mỹ Tho-966.jpeg,0.8528744019567966,106.31357144267761N,10.34757500490529E,[]
3601,Phu Ly City-2458.jpeg,0.8526103645563126,105.9631762706792N,20.54915201053889E,[]
3603,Hiệp Hòa District-1713.jpeg,0.8521798923611641,105.95579603572877N,21.27561280990675E,[]
3604,Trà Vinh City-1307.jpeg,0.8521637916564941,106.34818224616954N,9.943226506802128E,[]
3607,Thanh Liêm District-7055.jpeg,0.852033942937851,105.93045372805089N,20.501649082460613E,[]
3609,Mỹ Hào District-902.jpeg,0.8519410043954849,106.12094005026037N,20.91097907540357E,[]
3610,Tây Ninh City-5541.jpeg,0.8519334495067596,106.1127580819214N,11.406763578008213E,[]
3613,Trà Vinh City-710.jpeg,0.8518463149666786,106.33997394682622N,9.916277171544703E,[]
3620,Long Hồ District-1351.jpeg,0.8514151200652122,105.91125565836468N,10.162075104852311E,[]
3623,Hung Yen City-1437.jpeg,0.8513166382908821,106.0547231241024N,20.643519608843928E,[]
3625,Long Hồ District-974.jpeg,0.8510866314172745,105.98793339397882N,10.156685237800826E,[]
3626,Phu Ly City-4075.jpeg,0.8510844260454178,105.95885933214524N,20.58418614637456E,[]
3629,Long Hồ District-5239.jpeg,0.8506375253200531,105.9181018847588N,10.220016175655811E,[]
3632,Long Xuyen City-935.jpeg,0.850543737411499,105.47968277559288N,10.330016938137788E,[]
3633,Hiệp Hòa District-7744.jpeg,0.8504516631364822,106.0107651079921N,21.36454561625914E,[]
3635,Phu Ly City-4043.jpeg,0.8502895571291447,105.91281198778299N,20.58418614637456E,[]
3643,Tây Ninh City-4443.jpeg,0.8497958928346634,106.12100459830566N,11.387899043327963E,[]
3644,Go Cong Town-2151.jpeg,0.8497169241309166,106.67448245318344N,10.399431807507273E,['54.jpeg']
3646,Long Hồ District-3473.jpeg,0.8496556952595711,105.92631735643175N,10.18767697334688E,[]
3650,Tây Ninh City-6265.jpeg,0.8493627831339836,106.15673950263752N,11.421585712399843E,[]
3653,Go Cong Town-1240.jpeg,0.8492216765880585,106.67174242429908N,10.375177405775567E,[]
3654,Long Xuyen City-3862.jpeg,0.849086094647646,105.42214915978941N,10.393347875992792E,[]
3655,Trà Vinh City-1688.jpeg,0.8490324914455414,106.34407809649787N,9.958048641193713E,[]
3658,Thanh Liêm District-7171.jpeg,0.8489443734288216,105.98078571862875N,20.50299654922353E,[]
3661,Tây Ninh City-6034.jpeg,0.8487475216388702,106.16910927721393N,11.416195845348339E,[]
3662,Hung Yen City-2666.jpeg,0.8487329185009003,106.0619234989742N,20.682596144968354E,[]
3668,Mỹ Tho-3725.jpeg,0.848242498934269,106.37110335807027N,10.394736341605826E,[]
3669,Cai Lậy Town-5549.jpeg,0.8481934517621994,106.1320211792299N,10.465266577738122E,[]
3670,Trà Vinh City-2116.jpeg,0.8481287136673927,106.33860589693562N,9.970175842059554E,[]
3674,Phu Ly City-2701.jpeg,0.8479942381381989,105.99483381992825N,20.553194410827626E,[]
3675,Phu Ly City-2528.jpeg,0.8479786440730095,105.95742035263392N,20.550499477301795E,[]
3676,Cai Lậy Town-4405.jpeg,0.8479153960943222,106.17586390309722N,10.443707109532163E,[]
3678,Duy Tiên District-4023.jpeg,0.8477069586515427,105.94033506327347N,20.65373284610907E,[]
3679,Cao Lanh City-2891.jpeg,0.8475841730833054,105.6070951632189N,10.459443406662043E,[]
3680,Phu Ly City-4337.jpeg,0.8475558459758759,105.93871361898678N,20.59900828076658E,[]
3681,Mỹ Tho-3746.jpeg,0.8475421220064163,106.3998693157666N,10.394736341605826E,[]
3682,Long Hồ District-2373.jpeg,0.8474873825907707,105.93727131866235N,10.174202305718163E,[]
3684,Go Cong Town-1477.jpeg,0.8474508598446846,106.64845217878214N,10.381914739589927E,[]
3685,Tây Ninh City-6332.jpeg,0.847401037812233,106.16498601902181N,11.422933179162715E,[]
3689,Binh Minh Town-773.jpeg,0.8472348526120186,105.89258489539569N,10.012686804809697E,[]
3690,Long Hồ District-4718.jpeg,0.8471327275037766,105.92084037531647N,10.209236441552832E,[]
3692,Binh Minh Town-3901.jpeg,0.8470109105110168,105.85016292557502N,10.086797476767636E,['532.jpeg']
3694,Long Hồ District-3101.jpeg,0.8468758761882782,106.01531829955528N,10.182287106295396E,[]
3695,Cai Lậy Town-3585.jpeg,0.8468407765030861,106.1827143287015N,10.428884975140564E,[]
3701,Long Hồ District-2589.jpeg,0.8463486731052399,105.92494811115294N,10.176897239243907E,[]
3703,Sa Đéc City-1329.jpeg,0.8462611138820648,105.71620900188731N,10.309837606331815E,[]
3704,Long Hồ District-3122.jpeg,0.8461917862296104,105.89345546974N,10.183634573058265E,[]
3706,Tây Ninh City-6337.jpeg,0.846161924302578,106.17185811600866N,11.422933179162715E,[]
3709,Cai Lậy Town-5231.jpeg,0.8460261449217796,106.1827143287015N,10.458529243923762E,[]
3717,Cao Lanh City-2243.jpeg,0.8454261496663094,105.64135110989872N,10.44596873903332E,[]
3719,Trà Vinh City-1247.jpeg,0.8453334495425224,106.3331336973734N,9.940531573276383E,[]
3720,Cai Lậy Town-4413.jpeg,0.8452405706048012,106.18682458406407N,10.443707109532163E,[]
3722,Long Hồ District-5942.jpeg,0.8451781645417213,105.97971792230587N,10.233490843284528E,[]
3724,Hiệp Hòa District-5709.jpeg,0.8448936194181442,105.9847271263937N,21.336248814237923E,[]
3725,Duy Tiên District-3451.jpeg,0.8448218107223511,105.96337194010802N,20.645648045531594E,[]
3733,Mỹ Tho-3988.jpeg,0.8443152457475662,106.38206181814505N,10.40147367542019E,[]
3735,Ninh Bình-2075.jpeg,0.8442527204751968,105.96296340069738N,20.2711717442638E,['416.jpeg']
3736,Hiệp Hòa District-4793.jpeg,0.8442060276865959,105.97749435372745N,21.324121613371688E,[]
3738,Thanh Liêm District-7386.jpeg,0.8440032452344894,105.95633875177664N,20.507038949512257E,[]
3739,Yên Mỹ District-169.jpeg,0.843904472887516,106.04791496090166N,20.847800206896334E,[]
3741,Chau Doc City-3360.jpeg,0.8438341841101646,105.11384919810367N,10.687700208452133E,[]
3742,Phu Ly City-1577.jpeg,0.8438287191092968,105.97900504530372N,20.53432987614687E,[]
3743,Thái Bình-190.jpeg,0.8437507599592209,106.34645500475075N,20.414993440284647E,[]
3748,Mỹ Hào District-1419.jpeg,0.8434119671583176,106.09353038969671N,20.923106276269785E,"['231.jpeg', '232.jpeg']"
3750,Long Hồ District-5855.jpeg,0.843232274055481,105.9181018847588N,10.232143376521655E,[]
3752,Long Hồ District-2554.jpeg,0.8431904092431068,105.87702452639412N,10.176897239243907E,[]
3754,Mỹ Tho-3962.jpeg,0.8431427776813507,106.40260893078528N,10.400126208657317E,[]
3758,Ninh Bình-1434.jpeg,0.8429966568946838,105.97014436083687N,20.250959742820164E,['862.jpeg']
3761,Go Cong Town-2972.jpeg,0.8427988290786743,106.68270253983648N,10.418296342187489E,[]
3762,Bến Tre City-480.jpeg,0.8427840918302536,106.3584313487571N,10.211160804291403E,[]
3764,Hiệp Hòa District-982.jpeg,0.8426352590322495,105.93120460866358N,21.262138142277607E,[]
3765,Yên Mỹ District-3454.jpeg,0.8426283150911331,105.98012585645456N,20.912478611516125E,[]
3766,Ninh Bình-729.jpeg,0.8426146060228348,105.94429290433473N,20.234790141665254E,[]
3768,Vĩnh Long-1268.jpeg,0.8425505980849266,105.926787943687N,10.253039805165749E,[]
3769,Cai Lậy Town-5492.jpeg,0.8422235623002052,106.15120237092184N,10.463919110975251E,[]
3770,Cai Lậy Town-3091.jpeg,0.8421683311462402,106.17860407333892N,10.419452707800456E,[]
3771,Go Cong Town-407.jpeg,0.8421167433261871,106.70599278535342N,10.352270470806737E,[]
3772,Cao Lanh City-3591.jpeg,0.842111624777317,105.59339278454698N,10.47561300781652E,[]
3774,Sa Đéc City-92.jpeg,0.8420512229204178,105.71894826897338N,10.26941360344565E,[]
3777,Hiệp Hòa District-355.jpeg,0.8417050242424011,105.98617368092694N,21.240578674070978E,[]
3784,Long Hồ District-7211.jpeg,0.8412627428770065,105.9865641487N,10.272567379407823E,[]
3786,Yên Mỹ District-3317.jpeg,0.8411118164658546,105.99166442742427N,20.909783677990298E,[]
3788,Yên Mỹ District-2577.jpeg,0.8409375175833702,106.04214567541679N,20.89630901036118E,[]
3794,Go Cong Town-1113.jpeg,0.8405334576964378,106.70462277091124N,10.371135005486948E,[]
3795,Bến Tre City-1777.jpeg,0.8405225649476051,106.40909415222414N,10.239457606311715E,[]
3796,Go Cong Town-1171.jpeg,0.8404263406991959,106.64708216433996N,10.373829939012698E,[]
3798,Go Cong Town-3666.jpeg,0.8403123244643211,106.67448245318344N,10.430423543053335E,[]
3805,Cai Lậy Town-1502.jpeg,0.8396805077791214,106.17586390309722N,10.38980843901726E,[]
3806,Cai Lậy Town-5654.jpeg,0.839675173163414,106.17860407333892N,10.466614044500997E,[]
3807,Tây Ninh City-5754.jpeg,0.8396725505590439,106.12100459830566N,11.41080597829684E,[]
3808,Long Hồ District-6140.jpeg,0.8396624997258186,105.99067188453644N,10.23888071033602E,['49.jpeg']
3812,Long Hồ District-2321.jpeg,0.8395585343241692,106.02079528067058N,10.172854838955288E,[]
3813,Phu Ly City-1003.jpeg,0.8394395709037781,105.99771177895089N,20.524897608806498E,[]
3814,Thanh Liêm District-6135.jpeg,0.8394202962517738,105.90744481807246N,20.4868269480686E,[]
3818,Sa Đéc City-2830.jpeg,0.8391899690032005,105.71483936834429N,10.370473610661076E,[]
3820,Vĩnh Long-136.jpeg,0.8391046598553658,105.9445892566851N,10.230132870196922E,[]
3822,Hiệp Hòa District-7696.jpeg,0.8389282077550888,105.9413304903963N,21.36454561625914E,[]
3824,Thanh Liêm District-3135.jpeg,0.8388909548521042,105.96496709301853N,20.443708011655477E,[]
3825,Tây Ninh City-4502.jpeg,0.8388888239860535,106.08114643578168N,11.38924651009084E,[]
3827,Mỹ Tho-1292.jpeg,0.8387632668018341,106.32452990275242N,10.352964871956782E,[]
3829,Sa Đéc City-1695.jpeg,0.8385460898280144,105.74771057337713N,10.321964807197668E,[]
3834,Châu Thành District-7923.jpeg,0.8380727432668209,106.25533862546617N,10.306863141005792E,[]
3838,Go Cong Town-4234.jpeg,0.837794728577137,106.62927197659172N,10.441203277156319E,[]
3839,Hung Yen City-1193.jpeg,0.8376978263258934,106.08208454861514N,20.636782275029375E,[]
3842,Châu Thành District-9682.jpeg,0.8375830352306366,106.31422682418624N,10.320337808634513E,[]
3845,Thanh Liêm District-2549.jpeg,0.8373633548617363,105.90313064745148N,20.435623211078017E,[]
3846,Mỹ Hào District-2485.jpeg,0.8373576253652573,106.14690709711016N,20.94197081095056E,[]
3849,Duy Tiên District-5115.jpeg,0.8371820896863937,106.00368647456851N,20.669902447263993E,[]
3853,Go Cong Town-532.jpeg,0.8370658084750175,106.70188274202691N,10.356312871095353E,[]
3858,Phu Ly City-1536.jpeg,0.8368173465132713,105.9200068853396N,20.53432987614687E,['352.jpeg']
3860,Trà Vinh City-726.jpeg,0.8367909342050552,106.30850879934333N,9.917624638307569E,[]
3862,Chau Doc City-3875.jpeg,0.8367435708642006,105.1467593428686N,10.695785009029374E,['8.jpeg']
3864,Thanh Liêm District-5694.jpeg,0.8365390971302986,105.93908206929281N,20.48008961425405E,[]
3867,Cai Lậy Town-5273.jpeg,0.8363549187779427,106.14298186019671N,10.459876710686634E,[]
3871,Binh Minh Town-4290.jpeg,0.836203083395958,105.85837362941128N,10.097577210870606E,[]
3874,Thái Bình-346.jpeg,0.8361316099762917,106.3234449454361N,20.424425707625012E,[]
3877,Thanh Liêm District-2844.jpeg,0.8356747701764107,105.94627235366109N,20.439665611366756E,[]
3878,Thanh Liêm District-4434.jpeg,0.8356279879808426,105.89881647683056N,20.46257254633622E,[]
3881,Trà Vinh City-2120.jpeg,0.83553796261549,106.34407809649787N,9.970175842059554E,[]
3883,Hiệp Hòa District-4492.jpeg,0.8353384509682655,105.92975805413035N,21.32007921308295E,[]
3885,Sa Đéc City-164.jpeg,0.8352624252438545,105.72442680314552N,10.272108536971395E,[]
3886,Vĩnh Long-980.jpeg,0.8351397216320038,105.9801918826813N,10.24764993811426E,[]
3891,Mỹ Tho-3219.jpeg,0.8346563279628754,106.40260893078528N,10.385304074265717E,[]
3894,Long Hồ District-4337.jpeg,0.8344005271792412,105.95917924312353N,10.201151640975601E,[]
3895,Hiệp Hòa District-5526.jpeg,0.8343851864337921,106.02523065332454N,21.333553880712092E,[]
3896,Long Hồ District-3355.jpeg,0.8343362808227539,105.91262490364353N,10.18632950658401E,[]
3897,Bến Tre City-3181.jpeg,0.8343344628810883,106.37486252825991N,10.266406941569157E,[]
3898,Trà Vinh City-154.jpeg,0.8343112096190453,106.34544614638844N,9.896065170101627E,[]
3903,Tây Ninh City-6666.jpeg,0.8342113494873047,106.14436972806111N,11.43236544650284E,[]
3905,Thanh Liêm District-4212.jpeg,0.8341645151376724,105.98366183237607N,20.458530146047487E,[]
3906,Ninh Bình-1858.jpeg,0.8341325968503952,105.97588912894847N,20.263086943686346E,[]
3911,Thanh Liêm District-6885.jpeg,0.8339334474876523,105.91894927306168N,20.498954148934796E,[]
3912,Mỹ Hào District-2078.jpeg,0.8339053466916084,106.04303890971099N,20.936580943898907E,[]
3913,Thanh Liêm District-4614.jpeg,0.8335867151618004,105.89018813558863N,20.46526747986205E,[]
3914,Cai Lậy Town-2856.jpeg,0.8335750922560692,106.10187930657109N,10.415410307511838E,[]
3916,Vĩnh Long-932.jpeg,0.8333785459399223,105.91446395776526N,10.24764993811426E,[]
3919,Tây Ninh City-2871.jpeg,0.8332704603672028,106.13337437288207N,11.362297174833339E,[]
3920,Go Cong Town-4814.jpeg,0.8332691378891468,106.64160210657127N,10.466805145650902E,[]
3922,Yên Mỹ District-3435.jpeg,0.8331170827150345,106.05656888912895N,20.911131144753217E,[]
3923,Thanh Liêm District-7088.jpeg,0.832661435008049,105.97790960488143N,20.501649082460613E,[]
3927,Binh Minh Town-4357.jpeg,0.8320395797491074,105.82963616598438N,10.100272144396353E,[]
3928,Duy Tiên District-245.jpeg,0.8320344239473343,105.95905252570155N,20.5715373735715E,[]
3932,Long Hồ District-599.jpeg,0.8318976983428001,106.01942603539176N,10.151295370749338E,[]
3937,Phu Ly City-4244.jpeg,0.8315777629613876,105.93583565996408N,20.592270946952027E,[]
3939,Cai Lậy Town-6338.jpeg,0.831536091864109,106.15394254116356N,10.481436178892595E,[]
3941,Duy Tiên District-3067.jpeg,0.8314349725842476,105.97776998812962N,20.640258178479957E,[]
3943,Go Cong Town-2444.jpeg,0.8313535153865814,106.62653194770735N,10.407516608084503E,[]
3946,Long Hồ District-3265.jpeg,0.8310989364981651,105.93864056394118N,10.184982039821136E,[]
3948,Long Hồ District-3642.jpeg,0.8310160413384438,106.01394905427645N,10.189024440109755E,[]
3949,Châu Thành District-6225.jpeg,0.8308815509080887,106.38954893882818N,10.294735940139942E,[]
3951,Phu Ly City-223.jpeg,0.83087507635355,105.91856790582827N,20.50603307412576E,[]
3952,Long Hồ District-1737.jpeg,0.8308117464184761,105.98930263925763N,10.16611750514093E,[]
3954,Go Cong Town-1531.jpeg,0.8307497128844261,106.65530225099302N,10.383262206352802E,[]
3955,Binh Minh Town-2430.jpeg,0.8307221978902817,105.84332067237811N,10.04906840740723E,[]
3957,Phu Ly City-4152.jpeg,0.8305554389953613,105.95598137312261N,20.58688107990039E,[]
3958,Trà Vinh City-312.jpeg,0.8305340260267258,106.33860589693562N,9.902802503915984E,[]
3959,Thanh Liêm District-4350.jpeg,0.8305231928825378,105.91175898869342N,20.461225079573314E,[]
3960,Cao Lanh City-5196.jpeg,0.8304080776870251,105.58517135734382N,10.510647143651203E,[]
3962,Duy Tiên District-5899.jpeg,0.8303063437342644,106.00080686496418N,20.692809382233484E,[]
3965,Go Cong Town-4751.jpeg,0.8298693373799324,106.64160210657127N,10.462762745362282E,[]
3970,Yên Mỹ District-3350.jpeg,0.8296598643064499,106.03926103267437N,20.909783677990298E,[]
3973,Trà Vinh City-2620.jpeg,0.8294741809368134,106.34134199671676N,9.982303042925398E,[]
3974,Tây Ninh City-2004.jpeg,0.8294088989496231,106.07839759698689N,11.347475040441713E,[]
3979,Bac Giang City-173.jpeg,0.8290964663028717,106.19383801958705N,21.234885874069157E,[]
3985,Duy Tiên District-718.jpeg,0.8283552005887032,105.9604923305037N,20.595791775303894E,[]
3987,Hiệp Hòa District-227.jpeg,0.8282472118735313,105.97460124466096N,21.236536273782235E,[]
3995,Go Cong Town-911.jpeg,0.8276677429676056,106.64023209212911N,10.367092605198332E,[]
3997,Long Hồ District-4223.jpeg,0.827521987259388,105.99751811093057N,10.198456707449855E,[]
3998,Thái Bình-2764.jpeg,0.8274859115481377,106.36658880665104N,20.47967184490432E,[]
3999,Hiệp Hòa District-4080.jpeg,0.827477477490902,105.99340645359317N,21.313341879268368E,[]
4001,Cao Lanh City-2384.jpeg,0.8273884877562523,105.63587015842995N,10.448663672559062E,[]
4002,Trà Vinh City-2340.jpeg,0.8272898495197296,106.3372378470451N,9.975565709111041E,[]
4005,Long Hồ District-3952.jpeg,0.8271754421293736,105.94000980922003N,10.194414307161237E,['39.jpeg']
4006,Vĩnh Long-557.jpeg,0.8271424099802971,105.91446395776526N,10.2409126042999E,[]
4012,Cai Lậy Town-5922.jpeg,0.8268214464187622,106.16353313700955N,10.472003911552486E,[]
4013,Tây Ninh City-320.jpeg,0.8268085680902004,106.10588598493449N,11.307051037555466E,[]
4014,Phu Ly City-2135.jpeg,0.8267926946282387,105.93871361898678N,20.543762143487246E,[]
4018,Cai Lậy Town-4205.jpeg,0.8266152441501617,106.11832032802134N,10.441012176006414E,[]
4020,Go Cong Town-3437.jpeg,0.8264077827334404,106.69092262648952N,10.426381142764722E,[]
4021,Go Cong Town-275.jpeg,0.8263986110687256,106.68407255427864N,10.348228070518116E,[]
4022,Trà Vinh City-336.jpeg,0.8263827040791512,106.31945319846783N,9.904149970678857E,[]
4024,Thanh Liêm District-7330.jpeg,0.826342236250639,105.98078571862875N,20.505691482749345E,[]
4025,Trà Vinh City-573.jpeg,0.8262525051832199,106.31398099890559N,9.912234771256085E,[]
4027,Cai Lậy Town-6317.jpeg,0.8261444047093391,106.12517075362561N,10.481436178892595E,[]
4028,Cai Lậy Town-5716.jpeg,0.8261208012700081,106.16627330725123N,10.467961511263871E,[]
4029,Thanh Liêm District-4895.jpeg,0.8261171653866768,105.88875007871496N,20.46930988015077E,[]
4030,Binh Minh Town-1420.jpeg,0.8261092305183411,105.8912164447563N,10.02750893920128E,[]
4031,Go Cong Town-4468.jpeg,0.8260307759046555,106.6347520343604N,10.447940610970683E,[]
4032,Tây Ninh City-5692.jpeg,0.8260251581668854,106.12925111468995N,11.409458511533964E,[]
4034,Hung Yen City-1551.jpeg,0.8258267343044281,106.07488417374337N,20.646214542369755E,[]
4038,Mỹ Tho-440.jpeg,0.825526550412178,106.35055624543003N,10.33679527080231E,[]
4040,Duy Tiên District-3729.jpeg,0.8253071084618568,105.94033506327347N,20.649690445820323E,[]
4042,Hiệp Hòa District-4193.jpeg,0.8250015377998352,106.02378409879131N,21.31468934603128E,[]
4043,Go Cong Town-339.jpeg,0.8248066753149033,106.66763238097258N,10.350923004043862E,[]
4045,Hiệp Hòa District-405.jpeg,0.8246627151966095,105.9442235994628N,21.243273607596805E,[]
4046,Tây Ninh City-6643.jpeg,0.824654720723629,106.1581139220349N,11.431017979739966E,[]
4047,Trà Vinh City-2888.jpeg,0.8244878575205803,106.31808514857725N,9.990387843502628E,[]
4058,Go Cong Town-169.jpeg,0.8239264003932476,106.67859249650996N,10.344185670229502E,[]
4059,Go Cong Town-3183.jpeg,0.8238550052046776,106.68133252539432N,10.422338742476105E,[]
4060,Go Cong Town-2782.jpeg,0.8238274939358234,106.69092262648952N,10.414253941898867E,[]
4067,Long Xuyen City-3698.jpeg,0.8234246075153351,105.44543657570988N,10.389305475704175E,[]
4071,Duy Tiên District-5578.jpeg,0.8231043815612793,106.02096413219442N,20.67933471460438E,[]
4074,Long Hồ District-4995.jpeg,0.8230621591210365,105.9468560356141N,10.21462630860432E,[]
4075,Duy Tiên District-838.jpeg,0.8230282962322235,105.93745545366913N,20.601181642355538E,[]
4076,Binh Minh Town-3997.jpeg,0.8229498192667961,105.85016292557502N,10.089492410293376E,[]
4078,Sa Đéc City-1145.jpeg,0.82285937666893,105.72853570377463N,10.303100272517458E,[]
4081,Duy Tiên District-2487.jpeg,0.8228449001908302,105.96481174491018N,20.632173377902483E,[]
4082,Thanh Liêm District-4539.jpeg,0.8228294998407364,105.9160731593144N,20.463920013099127E,[]
4083,Sa Đéc City-2363.jpeg,0.8227532841265202,105.72990533731766N,10.350261609217988E,[]
4088,Mỹ Tho-3302.jpeg,0.8223494291305542,106.40945796833202N,10.386651541028591E,[]
4093,Cai Lậy Town-4935.jpeg,0.8221787884831429,106.17312373285549N,10.45313937687227E,[]
4094,Go Cong Town-591.jpeg,0.8221762925386429,106.71421287200647N,10.357660337858226E,[]
4097,Go Cong Town-2798.jpeg,0.8219085708260536,106.62653194770735N,10.415601408661741E,[]
4098,Mỹ Hào District-1778.jpeg,0.8218468129634857,106.06035027427752N,20.931191076847256E,[]
4102,Tây Ninh City-4440.jpeg,0.8216475546360016,106.11688134011352N,11.387899043327963E,[]
4103,Hiệp Hòa District-7129.jpeg,0.821577675640583,106.0107651079921N,21.355113348918735E,[]
4105,Bac Giang City-1871.jpeg,0.8213069159537554,106.2545682256048N,21.27935227724534E,[]
4107,Thanh Liêm District-1448.jpeg,0.8212360516190529,105.94914846740839N,20.416758676397286E,[]
4109,Sa Đéc City-803.jpeg,0.8210865184664726,105.76962471006567N,10.290973071651605E,[]
4112,Go Cong Town-855.jpeg,0.8209556639194489,106.71010282867995N,10.364397671672586E,[]
4113,Go Cong Town-4860.jpeg,0.8209275677800179,106.64982219322431N,10.469500079176646E,[]
4114,Mỹ Tho-3918.jpeg,0.8208920732140541,106.38480143316373N,10.398778741894443E,[]
4115,Phu Ly City-3377.jpeg,0.8208899945020676,105.93871361898678N,20.566669078456727E,[]
4118,Binh Minh Town-1541.jpeg,0.8207013979554176,105.8912164447563N,10.030203872727025E,[]
4119,Cai Lậy Town-4661.jpeg,0.820678785443306,106.10187930657109N,10.449096976583652E,[]
4120,Thanh Liêm District-3520.jpeg,0.8206454664468765,105.96209097927128N,20.449097878707118E,[]
4121,Tây Ninh City-661.jpeg,0.8205637261271477,106.11963017890828N,11.316483304895591E,['981.jpeg']
4122,Duy Tiên District-355.jpeg,0.8205459415912628,105.97776998812962N,20.57557977386023E,[]
4123,Hiệp Hòa District-5588.jpeg,0.8203356601297855,105.963028808395N,21.334901347475004E,[]
4125,Long Hồ District-2581.jpeg,0.8202719837427139,105.91399414892234N,10.176897239243907E,[]
4127,Go Cong Town-2604.jpeg,0.8200425505638123,106.6922926409317N,10.410211541610249E,[]
4129,Trà Vinh City-1483.jpeg,0.8198789954185486,106.33997394682622N,9.951311307379353E,[]
4131,Hiệp Hòa District-5307.jpeg,0.8196535110473633,106.0078719989256N,21.33085894718627E,[]
4133,Hiệp Hòa District-6364.jpeg,0.8196166306734085,106.01365821705858N,21.344333614815408E,[]
4135,Duy Tiên District-1467.jpeg,0.8195474520325661,105.95905252570155N,20.61735124351047E,[]
4136,Long Hồ District-3895.jpeg,0.8195388242602348,105.97424094119057N,10.193066840398368E,[]
4137,Cao Lanh City-3933.jpeg,0.8195230439305305,105.6112058768205N,10.48235034163088E,[]
4138,Trà Vinh City-1061.jpeg,0.819504477083683,106.3495502960601N,9.92975183917341E,[]
4139,Mỹ Tho-3448.jpeg,0.8194545283913612,106.39302027821981N,10.389346474554337E,[]
4140,Cai Lậy Town-4941.jpeg,0.8194504827260971,106.18134424358063N,10.45313937687227E,[]
4143,Long Hồ District-5299.jpeg,0.8192772921174765,106.00025660148823N,10.220016175655811E,[]
4146,Tây Ninh City-5488.jpeg,0.8191919326782227,106.13749763107424N,11.405416111245337E,[]
4149,Long Xuyen City-4533.jpeg,0.8190143033862114,105.4276285517707N,10.409517477147261E,[]
4152,Long Hồ District-796.jpeg,0.8187913782894611,106.02079528067058N,10.153990304275084E,[]
4158,Cai Lậy Town-3367.jpeg,0.8184675760567188,106.16901347749294N,10.424842574851947E,[]
4159,Duy Tiên District-1409.jpeg,0.8183994516730309,105.97776998812962N,20.616003776747554E,[]
4162,Cai Lậy Town-1460.jpeg,0.818248488008976,106.11832032802134N,10.38980843901726E,[]
4164,Long Hồ District-6438.jpeg,0.8180185034871101,106.02216452594939N,10.249660444438993E,[]
4166,Thái Bình-535.jpeg,0.8179325759410858,106.34070248992211N,20.429815574676653E,[]
4168,Long Hồ District-3834.jpeg,0.8178808093070984,106.01668754483413N,10.191719373635499E,[]
4170,Cai Lậy Town-3949.jpeg,0.8177822083234787,106.19778526503087N,10.435622308954924E,[]
4171,Duy Tiên District-281.jpeg,0.8177547976374626,105.96337194010802N,20.57288484033442E,[]
4172,Cai Lậy Town-3083.jpeg,0.8177202194929123,106.16764339237213N,10.419452707800456E,[]
4173,Binh Minh Town-1570.jpeg,0.8175395429134369,105.8460575736569N,10.031551339489894E,[]
4177,Thanh Liêm District-7529.jpeg,0.8173803240060806,105.96784320676586N,20.50973388303808E,[]
4179,Cai Lậy Town-2170.jpeg,0.817359946668148,106.11832032802134N,10.401935639883115E,[]
4181,Sa Đéc City-1384.jpeg,0.817021869122982,105.73812313857589N,10.311185073094691E,[]
4183,Mỹ Hào District-1318.jpeg,0.8168770000338554,106.1310383462575N,20.92041134274396E,[]
4185,Duy Tiên District-331.jpeg,0.8166086673736572,105.98784862174475N,20.57423230709733E,[]
4188,Thanh Liêm District-7944.jpeg,0.8163907006382942,105.98078571862875N,20.52859841771882E,[]
4190,Sa Đéc City-1010.jpeg,0.8163212612271309,105.76825507652265N,10.297710405465965E,[]
4193,Binh Minh Town-2591.jpeg,0.8159330040216446,105.87479503708379N,10.051763340932972E,[]
4194,Cai Lậy Town-4379.jpeg,0.815872460603714,106.14024168995502N,10.443707109532163E,[]
4195,Tây Ninh City-5328.jpeg,0.8158632963895798,106.11413250131875N,11.402721177719588E,[]
4196,Cai Lậy Town-3309.jpeg,0.8156629875302315,106.1881946691849N,10.423495108089071E,[]
4198,Hiệp Hòa District-841.jpeg,0.8155082538723946,105.95000981759576N,21.258095741988868E,[]
4200,Cao Lanh City-2246.jpeg,0.8154688999056816,105.6454618235003N,10.44596873903332E,[]
4201,Ninh Bình-1688.jpeg,0.815434742718935,105.98019770503211N,20.257697076634713E,"['884.jpeg', '868.jpeg']"
4202,Mỹ Tho-3777.jpeg,0.8153715878725052,106.35055624543003N,10.396083808368703E,[]
4204,Thái Bình-3282.jpeg,0.8152309767901897,106.34357874733641N,20.498536379585076E,[]
4206,Tây Ninh City-900.jpeg,0.8150671571493149,106.15124182504802N,11.32187317194709E,[]
4207,Thanh Liêm District-2217.jpeg,0.8150427490472794,105.93045372805089N,20.430233344026384E,[]
4208,Duy Tiên District-1726.jpeg,0.8150203078985214,105.95905252570155N,20.621393643799195E,[]
4213,Tây Ninh City-3982.jpeg,0.8148452639579773,106.07702317758954N,11.381161709513586E,[]
4216,Hiệp Hòa District-1335.jpeg,0.8147871792316437,105.97460124466096N,21.268875476092177E,[]
4217,Vĩnh Long-1217.jpeg,0.8147866744548082,105.97197589206677N,10.251692338402876E,"['47.jpeg', '44.jpeg', '667.jpeg', '46.jpeg', '45.jpeg']"
4218,Thanh Liêm District-7388.jpeg,0.8147787004709244,105.95921486552396N,20.507038949512257E,[]
4219,Go Cong Town-417.jpeg,0.8147180937230587,106.66215232320387N,10.35361793756961E,[]
4220,Long Hồ District-2896.jpeg,0.8146730363368988,105.88523999806705N,10.18093963953252E,[]
4222,Thanh Liêm District-2307.jpeg,0.8145609721541405,105.93476789867186N,20.431580810789296E,[]
4225,Cai Lậy Town-5761.jpeg,0.814452052116394,106.13065109410903N,10.46930897802674E,[]
4227,Go Cong Town-1342.jpeg,0.8142676129937172,106.67311243874127N,10.37787233930131E,[]
4228,Go Cong Town-857.jpeg,0.8140975460410118,106.71284285756427N,10.364397671672586E,[]
4229,Long Hồ District-3078.jpeg,0.8139552548527718,105.98382565814235N,10.182287106295396E,['680.jpeg']
4235,Hiệp Hòa District-4574.jpeg,0.8137624487280846,105.91818561786438N,21.321426679845857E,[]
4238,Duy Tiên District-5357.jpeg,0.8134442567825317,105.93025642965834N,20.675292314315648E,[]
4243,Cai Lậy Town-6407.jpeg,0.8128999024629593,106.12517075362561N,10.484131112418343E,[]
4245,Mỹ Hào District-3560.jpeg,0.8128447756171227,106.1065139131216N,20.959487878868423E,[]
4246,Tây Ninh City-2643.jpeg,0.8128172121942043,106.14574414745852N,11.358254774544713E,[]
4247,Tây Ninh City-694.jpeg,0.8128112182021141,106.09351621035809N,11.317830771658468E,[]
4248,Binh Minh Town-2937.jpeg,0.8127914853394032,105.80363560383624N,10.061195608273072E,[]
4249,Tây Ninh City-6262.jpeg,0.812768429517746,106.15261624444537N,11.421585712399843E,[]
4250,Duy Tiên District-951.jpeg,0.8126584403216839,105.97345057372313N,20.60387657588136E,[]
4253,Thanh Liêm District-3680.jpeg,0.8123152330517769,105.91032093181974N,20.45179281223294E,[]
4254,Cai Lậy Town-4001.jpeg,0.8122788220643997,106.16764339237213N,10.436969775717799E,[]
4256,Hiệp Hòa District-9198.jpeg,0.8121413365006447,106.00642544439235N,21.396884818569102E,[]
4258,Go Cong Town-955.jpeg,0.8120573088526726,106.70051272758474N,10.367092605198332E,[]
4260,Long Hồ District-1934.jpeg,0.811956137418747,105.95370226200825N,10.168812438666674E,[]
4261,Tây Ninh City-6641.jpeg,0.8119502291083336,106.15536508324013N,11.431017979739966E,[]
4263,Binh Minh Town-3427.jpeg,0.8115906268358231,105.85974208005064N,10.073322809138919E,[]
4267,Cai Lậy Town-1512.jpeg,0.8113759458065033,106.18956475430575N,10.38980843901726E,[]
4271,Cai Lậy Town-4564.jpeg,0.811128705739975,106.17860407333892N,10.446402043057908E,[]
4272,Mỹ Hào District-1262.jpeg,0.8110930882394314,106.13969402854079N,20.919063875981042E,"['218.jpeg', '217.jpeg']"
4275,Yên Mỹ District-514.jpeg,0.8108152374625206,106.01185692662128N,20.859927407762545E,[]
4277,Long Hồ District-692.jpeg,0.8104080408811569,106.01394905427645N,10.15264283751221E,[]
4278,Cai Lậy Town-2147.jpeg,0.8103941604495049,106.18682458406407N,10.400588173120237E,[]
4281,Cai Lậy Town-5348.jpeg,0.810111939907074,106.14846220068013N,10.461224177449507E,[]
4284,Cai Lậy Town-3224.jpeg,0.8097928017377853,106.17038356261381N,10.422147641326202E,[]
4285,Hiệp Hòa District-808.jpeg,0.8097874075174332,105.96447536292821N,21.25674827522595E,[]
4288,Thanh Liêm District-6303.jpeg,0.8096180111169815,105.89594036308324N,20.48952188159442E,[]
4289,Binh Minh Town-1852.jpeg,0.8095608875155449,105.88300574092003N,10.036941206541384E,[]
4291,Châu Thành District-10482.jpeg,0.8095375709235668,106.38817944583468N,10.331117542737495E,[]
4292,Go Cong Town-1546.jpeg,0.8094930499792099,106.6758524676256N,10.383262206352802E,[]
4293,Long Hồ District-1758.jpeg,0.8093944787979126,106.01805679011294N,10.16611750514093E,[]
4295,Long Xuyen City-1753.jpeg,0.8092523589730263,105.43036824776134N,10.348881472817999E,[]
4300,Châu Thành District-4540.jpeg,0.8088549450039864,106.4292642356394N,10.283956206036958E,[]
4301,Hiệp Hòa District-6903.jpeg,0.8088045120239258,105.963028808395N,21.3524184153929E,[]
4303,Trà Vinh City-1896.jpeg,0.8085644170641899,106.31534904879615N,9.964785975008068E,[]
4305,Long Hồ District-3033.jpeg,0.8083934485912323,105.92220962059528N,10.182287106295396E,[]
4306,Duy Tiên District-1659.jpeg,0.8083757311105728,106.00080686496418N,20.62004617703629E,[]
4307,Cai Lậy Town-1794.jpeg,0.8083675503730774,106.1320211792299N,10.39519830606875E,[]
4308,Go Cong Town-1467.jpeg,0.8082093447446823,106.6347520343604N,10.381914739589927E,[]
4311,Mỹ Tho-3694.jpeg,0.8079841211438179,106.32863932528045N,10.394736341605826E,[]
4313,Binh Minh Town-3375.jpeg,0.8078008890151978,105.85563672813252N,10.071975342376048E,[]
4316,Long Hồ District-6368.jpeg,0.8076590225100517,105.99477962037295N,10.24696551091325E,[]
4318,Bến Tre City-2388.jpeg,0.8074221611022949,106.34610796412997N,10.25023734041469E,[]
4323,Hiệp Hòa District-3903.jpeg,0.8070289939641953,106.00497888985912N,21.310646945742537E,[]
4326,Trà Vinh City-665.jpeg,0.8068721145391464,106.33176564748287N,9.914929704781827E,[]
4328,Cai Lậy Town-4331.jpeg,0.8067680969834328,106.1827143287015N,10.442359642769288E,[]
4330,Phu Ly City-3450.jpeg,0.8066060245037079,105.95885933214524N,20.56801654521964E,[]
4331,Bến Tre City-2632.jpeg,0.8065538555383682,106.37897032313563N,10.254279740703309E,[]
4332,Thanh Liêm District-7871.jpeg,0.8065405935049057,105.93332984179821N,20.519166150378453E,[]
4333,Cai Lậy Town-2900.jpeg,0.8064715564250946,106.16216305188868N,10.415410307511838E,[]
4335,Tây Ninh City-4870.jpeg,0.8062145411968231,106.12237901770304N,11.39463637714234E,[]
4336,Cai Lậy Town-6285.jpeg,0.8060858398675919,106.15120237092184N,10.480088712129726E,[]
4338,Cai Lậy Town-5718.jpeg,0.8058693706989288,106.16901347749294N,10.467961511263871E,[]
4340,Duy Tiên District-560.jpeg,0.8057697638869286,105.96913115931666N,20.587706974726427E,[]
4341,Long Hồ District-3787.jpeg,0.8057358153164387,105.95233301672941N,10.191719373635499E,[]
4344,Cai Lậy Town-5701.jpeg,0.805578887462616,106.14572203043844N,10.467961511263871E,[]
4345,Cai Lậy Town-4680.jpeg,0.8055199757218361,106.12791092386735N,10.449096976583652E,[]
4347,Cai Lậy Town-1959.jpeg,0.8053300529718399,106.13887160483415N,10.397893239594495E,[]
4348,Hiệp Hòa District-4348.jpeg,0.8052608519792557,105.98328057186043N,21.31738427955711E,[]
4350,Go Cong Town-676.jpeg,0.8052459135651588,106.68681258316299N,10.36035527138397E,[]
4357,Châu Thành District-2210.jpeg,0.804579010233283,106.39228792481515N,10.269134071645368E,[]
4358,Cai Lậy Town-3483.jpeg,0.8044960275292397,106.1347613494716N,10.427537508377691E,[]
4360,Long Hồ District-1744.jpeg,0.8043749630451202,105.99888735620941N,10.16611750514093E,[]
4365,Thanh Liêm District-774.jpeg,0.8041151687502861,105.91032093181974N,20.40193654200528E,[]
4367,Duy Tiên District-4790.jpeg,0.804061159491539,105.99936706016202N,20.66451258021235E,[]
4368,Go Cong Town-4618.jpeg,0.8039798140525818,106.64160210657127N,10.454677944785045E,[]
4371,Mỹ Tho-2588.jpeg,0.8038881905376911,106.36836374305156N,10.37452434016274E,[]
4373,Mỹ Tho-1649.jpeg,0.8038666490465403,106.37521278059832N,10.35835473900827E,[]
4374,Châu Thành District-3311.jpeg,0.8038148805499077,106.24712166750521N,10.277218872222601E,[]
4377,Yên Mỹ District-2902.jpeg,0.8037256561219692,106.04935728227288N,20.901698877412823E,['242.jpeg']
4379,Thái Bình-366.jpeg,0.8036984950304031,106.35220751957938N,20.424425707625012E,[]
4381,Binh Minh Town-3033.jpeg,0.8035242184996605,105.86521588260818N,10.062543075035945E,[]
4386,Bac Giang City-1762.jpeg,0.8030428066849709,106.21263546430684N,21.278004810482425E,[]
4388,Tây Ninh City-5618.jpeg,0.802928552031517,106.12237901770304N,11.40811104477109E,[]
4390,Long Hồ District-5292.jpeg,0.8028687983751297,105.99067188453644N,10.220016175655811E,[]
4391,Trà Vinh City-825.jpeg,0.8028017580509186,106.3372378470451N,9.920319571833314E,[]
4393,Go Cong Town-4307.jpeg,0.8025895282626152,106.65256222210868N,10.44255074391919E,[]
4396,Mỹ Tho-1869.jpeg,0.802382230758667,106.34781663041132N,10.362397139296887E,[]
4397,Hoa Lư District-1267.jpeg,0.8023211285471916,105.95932515179935N,20.215508842234115E,[]
4399,Tam Điệp-3752.jpeg,0.8023111671209335,105.83353887577705N,20.173594144233146E,[]
4400,Phu Ly City-761.jpeg,0.8022255748510361,105.99339484041693N,20.52085520851777E,[]
4401,Thanh Liêm District-2728.jpeg,0.8021566793322563,105.90744481807246N,20.43831814460384E,[]
4402,Sa Đéc City-618.jpeg,0.8021171540021896,105.72853570377463N,10.285583204600115E,[]
4403,Bến Tre City-580.jpeg,0.802080824971199,106.36664693850851N,10.213855737817145E,[]
4407,Go Cong Town-2084.jpeg,0.8018833249807358,106.65393223655084N,10.398084340744397E,[]
4408,Cai Lậy Town-3785.jpeg,0.8018167838454247,106.17312373285549N,10.432927375429179E,[]
4409,Hiệp Hòa District-2494.jpeg,0.8017522841691971,105.9283114995971N,21.289087477535897E,['162.jpeg']
4410,Cai Lậy Town-2105.jpeg,0.8017275705933571,106.12928100898819N,10.400588173120237E,[]
4411,Phu Ly City-367.jpeg,0.8016480747610331,105.8984221926698N,20.51411787470322E,[]
4412,Tây Ninh City-5269.jpeg,0.8016082867980003,106.13474879227947N,11.401373710956712E,[]
4413,Trà Vinh City-50.jpeg,0.8015959411859512,106.34134199671676N,9.890675303050141E,[]
4415,Vĩnh Long-257.jpeg,0.8014632686972618,105.97882255091221N,10.232827803722667E,[]
4416,Mỹ Tho-2672.jpeg,0.801426462829113,106.37932220312635N,10.37587180692561E,[]
4422,Trà Vinh City-2074.jpeg,0.8012330904603004,106.35365444573176N,9.968828375296683E,"['755.jpeg', '51.jpeg', '754.jpeg']"
4428,Tây Ninh City-1771.jpeg,0.8009670451283455,106.11550692071616N,11.342085173390213E,['97.jpeg']
4432,Tam Điệp-2229.jpeg,0.8007075600326061,105.89239082602198N,20.15338214278953E,[]
4435,Vĩnh Long-1373.jpeg,0.8005511499941349,105.95554391083778N,10.254387271928618E,[]
4439,Long Hồ District-953.jpeg,0.8002965673804283,105.94274829977763N,10.156685237800826E,[]
4440,Long Hồ District-3290.jpeg,0.8002695292234421,105.97287169591176N,10.184982039821136E,[]
4444,Thanh Liêm District-6483.jpeg,0.799936443567276,105.92326344368263N,20.492216815120244E,[]
4448,Trà Vinh City-820.jpeg,0.7997984699904919,106.3303975975923N,9.920319571833314E,[]
4451,Long Xuyen City-2752.jpeg,0.7996100708842278,105.42625870377537N,10.37044094102396E,[]
4455,Cai Lậy Town-6418.jpeg,0.7992131300270557,106.14024168995502N,10.484131112418343E,[]
4459,Long Hồ District-5160.jpeg,0.7989054210484028,105.99204112981529N,10.217321242130064E,[]
4460,Binh Minh Town-438.jpeg,0.798824355006218,105.85974208005064N,10.004602004232465E,[]
4461,Hiệp Hòa District-3816.jpeg,0.7987522780895233,106.01365821705858N,21.30929947897962E,[]
4467,Go Cong Town-1259.jpeg,0.798533458262682,106.69777269870038N,10.375177405775567E,[]
4468,Duy Tiên District-1759.jpeg,0.7984216213226318,106.01232530338144N,20.621393643799195E,[]
4469,Thanh Liêm District-6473.jpeg,0.7983249723911285,105.89881647683056N,20.492216815120244E,[]
4470,Cai Lậy Town-3436.jpeg,0.7982156351208687,106.16490322213039N,10.426190041614822E,[]
4471,Yên Mỹ District-2380.jpeg,0.7981639169156551,105.99166442742427N,20.893614076835348E,[]
4473,Phu Ly City-2994.jpeg,0.7979542016983032,105.9919558609056N,20.558584277879262E,[]
4474,Cai Lậy Town-3579.jpeg,0.7979174256324768,106.17449381797637N,10.428884975140564E,[]
4476,Châu Thành District-4103.jpeg,0.7977424450218678,106.43611170060682N,10.281261272511216E,[]
4477,Duy Tiên District-341.jpeg,0.7976912260055542,105.95761272089936N,20.57557977386023E,[]
4480,Duy Tiên District-859.jpeg,0.7976752370595932,105.96769135451449N,20.601181642355538E,[]
4482,Phu Ly City-666.jpeg,0.7975090518593788,105.95742035263392N,20.51950774175486E,[]
4483,Cai Lậy Town-983.jpeg,0.7974720373749733,106.1224305833839N,10.381723638440027E,[]
4484,Go Cong Town-4842.jpeg,0.7974572330713272,106.65256222210868N,10.468152612413773E,[]
4489,Hiệp Hòa District-8463.jpeg,0.7971849665045738,106.01655132612508N,21.37936775065121E,[]
4490,Go Cong Town-650.jpeg,0.7967776581645012,106.65119220766648N,10.36035527138397E,[]
4493,Cao Lanh City-4097.jpeg,0.7966210320591927,105.64957253710186N,10.485045275156622E,[]
4496,Hiệp Hòa District-9040.jpeg,0.7964374274015427,106.00353233532584N,21.392842418280356E,[]
4500,Duy Tiên District-214.jpeg,0.7963234111666679,105.96193213530586N,20.57018990680859E,[]
4502,Cai Lậy Town-3351.jpeg,0.7962412461638451,106.14709211555929N,10.424842574851947E,[]
4503,Tây Ninh City-5173.jpeg,0.796066515147686,106.10588598493449N,11.400026244193837E,[]
4504,Long Hồ District-5109.jpeg,0.796054020524025,105.92220962059528N,10.217321242130064E,[]
4505,Hiệp Hòa District-6409.jpeg,0.7959386706352234,105.93554427226331N,21.345681081578324E,[]
4506,Go Cong Town-588.jpeg,0.7958609387278557,106.71010282867995N,10.357660337858226E,[]
4507,Go Cong Town-320.jpeg,0.795794241130352,106.69503266981602N,10.34957553728099E,[]
4511,Phu Ly City-4331.jpeg,0.7952934429049492,105.93007974191885N,20.59900828076658E,[]
4512,Duy Tiên District-3609.jpeg,0.7952324822545052,105.90865935762592N,20.64834297905743E,[]
4513,Go Cong Town-3306.jpeg,0.7952185608446598,106.62653194770735N,10.425033676001851E,['598.jpeg']
4516,Thanh Liêm District-4338.jpeg,0.7949735671281815,105.8945023062096N,20.461225079573314E,[]
4521,Cai Lậy Town-5915.jpeg,0.7947842702269554,106.15394254116356N,10.472003911552486E,[]
4524,Ninh Bình-1271.jpeg,0.7946593537926674,105.9888148571995N,20.246917342531432E,[]
4526,Binh Minh Town-2110.jpeg,0.794648066163063,105.87205813580505N,10.04233107359287E,[]
4527,Mỹ Hào District-2036.jpeg,0.7946298234164715,106.09930084455222N,20.935233477136E,[]
4530,Thanh Liêm District-3189.jpeg,0.7944116815924644,105.90456870432516N,20.44505547841839E,[]
4533,Châu Thành District-2907.jpeg,0.7943589314818382,106.26218609043362N,10.274523938696857E,[]
4534,Tây Ninh City-5396.jpeg,0.7943269163370132,106.10863482372925N,11.404068644482464E,[]
4537,Yên Mỹ District-3971.jpeg,0.7942254319787025,106.0608958532426N,20.921910878856515E,[]
4538,Tây Ninh City-5550.jpeg,0.7941906899213791,106.1251278564978N,11.406763578008213E,[]
4540,Hiệp Hòa District-6291.jpeg,0.794076532125473,105.90805973613166N,21.344333614815408E,[]
4541,Long Hồ District-6205.jpeg,0.794059582054615,106.01257980899764N,10.240228177098889E,[]
4544,Thanh Liêm District-96.jpeg,0.7939763888716698,105.92613955742995N,20.37229227322126E,[]
4546,Duy Tiên District-1316.jpeg,0.7938378751277924,105.93601564886697N,20.614656309984646E,[]
4548,Sa Đéc City-1840.jpeg,0.7930012494325638,105.74497130629103N,10.327354674249158E,[]
4549,Binh Minh Town-2921.jpeg,0.7928623929619789,105.8528998268538N,10.059848141510198E,[]
4556,Ninh Bình-2414.jpeg,0.7924441993236542,105.9557824405579N,20.28868881218162E,[]
4558,Cai Lậy Town-2745.jpeg,0.7922129184007645,106.13065109410903N,10.41271537398609E,[]
4566,Tây Ninh City-5103.jpeg,0.79171272367239,106.11413250131875N,11.398678777430964E,[]
4571,Long Hồ District-4044.jpeg,0.7914307937026024,105.95507150728706N,10.195761773924112E,[]
4573,Trà Vinh City-2757.jpeg,0.7914054691791534,106.32492539803008N,9.986345443214013E,[]
4575,Chau Doc City-983.jpeg,0.7913743257522583,105.11110668603992N,10.64727620556594E,[]
4578,Mỹ Tho-1402.jpeg,0.7912143878638744,106.36562412803286N,10.354312338719653E,[]
4580,Sa Đéc City-582.jpeg,0.7910668551921844,105.73264460440373N,10.284235737837246E,[]
4582,Duy Tiên District-5442.jpeg,0.7909218147397041,105.99072823134907N,20.676639781078556E,[]
4583,Long Hồ District-4714.jpeg,0.7908860594034195,106.00573358260351N,10.207888974789961E,[]
4584,Go Cong Town-1733.jpeg,0.7908550649881363,106.66489235208824N,10.38865207340429E,[]
4587,Mỹ Tho-3379.jpeg,0.7907838299870491,106.40671835331334N,10.387999007791462E,[]
4589,Vĩnh Long-388.jpeg,0.7906365618109703,105.9117252942271N,10.236870204011284E,[]
4590,Long Hồ District-2387.jpeg,0.7905938625335693,105.95644075256588N,10.174202305718163E,[]
4593,Châu Thành District-56.jpeg,0.790408305823803,106.22247079362242N,10.243532203150798E,[]
4595,Thanh Liêm District-3229.jpeg,0.7901275753974915,105.96209097927128N,20.44505547841839E,[]
4597,Tây Ninh City-1837.jpeg,0.7898910269141197,106.11963017890828N,11.343432640153088E,[]
4602,Vĩnh Long-1449.jpeg,0.7897259201854467,105.94321992491601N,10.255734738691492E,[]
4604,Duy Tiên District-5091.jpeg,0.7897148728370667,105.94033506327347N,20.669902447263993E,[]
4606,Trà Vinh City-2978.jpeg,0.7893940284848213,106.32629344792062N,9.99308277702837E,[]
4609,Bac Giang City-3241.jpeg,0.7892312705516815,106.19094610501479N,21.310344012792378E,[]
4610,Long Hồ District-589.jpeg,0.7892153114080429,106.00573358260351N,10.151295370749338E,[]
4612,Cai Lậy Town-386.jpeg,0.7890056222677231,106.12517075362561N,10.369596437574177E,[]
4618,Cai Lậy Town-3692.jpeg,0.788575105369091,106.14435194531758N,10.43157990866631E,[]
4619,Cai Lậy Town-5590.jpeg,0.7885330989956856,106.1881946691849N,10.465266577738122E,[]
4632,Binh Minh Town-2665.jpeg,0.7878985330462456,105.88711109283818N,10.053110807695843E,[]
4633,Long Hồ District-3008.jpeg,0.7878847792744637,105.8879784886247N,10.182287106295396E,[]
4636,Long Hồ District-4777.jpeg,0.7877172529697418,106.00162584676706N,10.209236441552832E,[]
4637,Duy Tiên District-423.jpeg,0.7875056713819504,105.96913115931666N,20.579622174148962E,[]
4640,Ninh Bình-1193.jpeg,0.7872920110821724,105.96152720866948N,20.24556987576853E,[]
4642,Duy Tiên District-2372.jpeg,0.7871710881590843,105.93601564886697N,20.630825911139574E,[]
4643,Chau Doc City-4237.jpeg,0.7871541203930974,105.14264557477303N,10.70252234284374E,[]
4644,Long Hồ District-7544.jpeg,0.7871167585253716,105.95370226200825N,10.27930471322218E,['546.jpeg']
4645,Long Xuyen City-688.jpeg,0.7870991453528404,105.4810526235882N,10.324627071086296E,[]
4651,Sa Đéc City-72.jpeg,0.7868899405002594,105.72168753605945N,10.26806613668278E,[]
4655,Trà Vinh City-404.jpeg,0.7865990474820137,106.30303659978111N,9.906844904204599E,[]
4656,Châu Thành District-1126.jpeg,0.7865926623344421,106.24027420253778N,10.261049271068135E,[]
4657,Long Hồ District-962.jpeg,0.7865725830197334,105.97150245063291N,10.156685237800826E,[]
4662,Tam Điệp-1843.jpeg,0.7863928936421871,105.93258240179902N,20.146644808974987E,[]
4664,Cai Lậy Town-5293.jpeg,0.7863779515028,106.17038356261381N,10.459876710686634E,[]
4666,Cai Lậy Town-6343.jpeg,0.786321833729744,106.09639896608768N,10.48278364565547E,[]
4668,Cai Lậy Town-2821.jpeg,0.7861558832228184,106.14298186019671N,10.414062840748963E,[]
4673,Cai Lậy Town-416.jpeg,0.7856533322483301,106.10598956193365N,10.370943904337045E,[]
4676,Cai Lậy Town-3452.jpeg,0.7853193581104279,106.18682458406407N,10.426190041614822E,[]
4678,Hiệp Hòa District-6996.jpeg,0.7852921634912491,105.95724259026198N,21.353765882155816E,[]
4680,Binh Minh Town-3521.jpeg,0.7851329296827316,105.85426827749315N,10.076017742664664E,[]
4681,Cai Lậy Town-5353.jpeg,0.7851198017597198,106.15531262628441N,10.461224177449507E,[]
4683,Binh Minh Town-2231.jpeg,0.7850786224007607,105.85153137621441N,10.045026007118615E,[]
4690,Long Hồ District-4047.jpeg,0.7846378311514854,105.95917924312353N,10.195761773924112E,[]
4691,Long Hồ District-3563.jpeg,0.7845898643136024,105.9057786772494N,10.189024440109755E,[]
4693,Cai Lậy Town-2361.jpeg,0.7844681618735194,106.18134424358063N,10.404630573408856E,[]
4696,Sa Đéc City-65.jpeg,0.784327819943428,105.7394927721189N,10.266718669919909E,[]
4698,Cai Lậy Town-6500.jpeg,0.7842190340161324,106.14435194531758N,10.486826045944085E,[]
4702,Duy Tiên District-130.jpeg,0.7838956490159035,105.98640881694259N,20.566147506519858E,[]
4703,Cai Lậy Town-4724.jpeg,0.7838400974869728,106.1881946691849N,10.449096976583652E,[]
4705,Go Cong Town-3308.jpeg,0.7838006690144539,106.62927197659172N,10.425033676001851E,[]
4707,Mỹ Hào District-3835.jpeg,0.7837779819965363,106.0877599348412N,20.97026761297173E,[]
4708,Thanh Liêm District-7175.jpeg,0.7837532833218575,105.98653794612336N,20.50299654922353E,[]
4709,Long Hồ District-6430.jpeg,0.7836391106247902,106.0112105637188N,10.249660444438993E,[]
4712,Duy Tiên District-3236.jpeg,0.7834509760141373,105.93745545366913N,20.642953112005777E,[]
4713,Mỹ Tho-3668.jpeg,0.7834103405475616,106.38891085569182N,10.393388874842957E,[]
4714,Long Hồ District-6543.jpeg,0.7834026664495468,105.99614886565175N,10.257745245016228E,['682.jpeg']
4715,Mỹ Hào District-1264.jpeg,0.7833903757855296,106.14257925596853N,20.919063875981042E,[]
4716,Long Hồ District-273.jpeg,0.7833813950419426,106.00710282788233N,10.145905503697852E,[]
4719,Go Cong Town-1354.jpeg,0.7833346575498581,106.68955261204736N,10.37787233930131E,[]
4720,Tây Ninh City-6385.jpeg,0.7832614183425903,106.15673950263752N,11.42428064592559E,[]
4728,Long Hồ District-4420.jpeg,0.7830404490232468,105.97697943174823N,10.202499107738472E,[]
4729,Yên Mỹ District-1366.jpeg,0.7829924151301384,105.98589514193941N,20.877444475680402E,[]
4732,Hiệp Hòa District-4920.jpeg,0.7829414829611778,106.0208909897248N,21.325469080134603E,[]
4737,Cai Lậy Town-4095.jpeg,0.7826882973313332,106.18682458406407N,10.43831724248067E,[]
4739,Cai Lậy Town-5849.jpeg,0.7825269103050232,106.15668271140524N,10.470656444789617E,[]
4740,Binh Minh Town-3174.jpeg,0.7825209125876427,105.85153137621441N,10.066585475324558E,[]
4746,Long Hồ District-510.jpeg,0.7819728925824165,106.02627226178588N,10.149947903986464E,[]
4747,Vĩnh Long-995.jpeg,0.7818874921649694,105.89255464945992N,10.24899740487713E,[]
4749,Thái Bình-2410.jpeg,0.781833115965128,106.35364564828656N,20.470239577563955E,[]
4754,Phu Ly City-3785.jpeg,0.7815880253911018,105.90130015169242N,20.577448812560007E,[]
4755,Hiệp Hòa District-7388.jpeg,0.7814865335822105,105.98617368092694N,21.359155749207478E,[]
4757,Duy Tiên District-2520.jpeg,0.781413160264492,106.01232530338144N,20.632173377902483E,[]
4758,Cai Lậy Town-5369.jpeg,0.7814029455184937,106.17723398821808N,10.461224177449507E,[]
4759,Mỹ Hào District-3394.jpeg,0.7813434284180403,106.0877599348412N,20.9567929453426E,[]
4763,Go Cong Town-1400.jpeg,0.7810998558998108,106.68133252539432N,10.379219806064183E,[]
4764,Duy Tiên District-5590.jpeg,0.7810507528483868,105.92881662485615N,20.68068218136729E,[]
4767,Binh Minh Town-3120.jpeg,0.7808139324188232,105.8460575736569N,10.065238008561684E,[]
4768,Bac Giang City-2287.jpeg,0.7806926425546408,106.18950014772867N,21.287437077822833E,[]
4771,Trà Vinh City-2168.jpeg,0.7804772146046162,106.3331336973734N,9.971523308822425E,[]
4776,Cai Lậy Town-233.jpeg,0.7802375201135874,106.12517075362561N,10.364206570522683E,[]
4780,Phu Ly City-3448.jpeg,0.7800393328070641,105.95598137312261N,20.56801654521964E,[]
4784,Hiệp Hòa District-5295.jpeg,0.7795706167817116,105.99051334452666N,21.33085894718627E,[]
4785,Duy Tiên District-1084.jpeg,0.7794284671545029,105.96193213530586N,20.60791897617009E,[]
4787,Phu Ly City-3818.jpeg,0.7791489362716675,105.94878647556598N,20.577448812560007E,[]
4788,Thanh Liêm District-7826.jpeg,0.7791451662778854,105.9692812636395N,20.51647121685263E,[]
4791,Long Hồ District-4567.jpeg,0.7789185345172882,105.98930263925763N,10.205194041264217E,[]
4799,Duy Tiên District-3288.jpeg,0.7779977507889271,106.01232530338144N,20.642953112005777E,[]
4801,Sa Đéc City-2119.jpeg,0.7777709290385246,105.74086240566193N,10.33948187511501E,[]
4802,Binh Minh Town-4445.jpeg,0.7777256742119789,105.85563672813252N,10.10431454468497E,[]
4803,Thanh Liêm District-5674.jpeg,0.7776956185698509,105.91032093181974N,20.48008961425405E,[]
4804,Duy Tiên District-2676.jpeg,0.7776501290500164,105.96481174491018N,20.63486831142831E,[]
4809,Long Hồ District-3666.jpeg,0.7771959751844406,105.91399414892234N,10.190371906872624E,[]
4811,Thanh Liêm District-5098.jpeg,0.7771879285573959,105.91032093181974N,20.47200481367659E,[]
4813,Binh Minh Town-1840.jpeg,0.7770065516233444,105.86658433324753N,10.036941206541384E,[]
4814,Cai Lậy Town-2681.jpeg,0.7769914213567972,106.1347613494716N,10.41136790722322E,[]
4815,Long Hồ District-5422.jpeg,0.7768846172839403,105.99067188453644N,10.222711109181553E,[]
4817,Binh Minh Town-2033.jpeg,0.7768747508525848,105.85837362941128N,10.040983606829998E,[]
4819,Hiệp Hòa District-2674.jpeg,0.7767849490046501,105.97460124466096N,21.291782411061728E,[]
4822,Mỹ Hào District-2654.jpeg,0.7767013609409332,106.14690709711016N,20.94466574447639E,[]
4825,Bac Giang City-1406.jpeg,0.7760550417006016,106.1923920623009N,21.271267476667855E,"['207.jpeg', '206.jpeg']"
4826,Cai Lậy Town-4678.jpeg,0.7760545164346695,106.12517075362561N,10.449096976583652E,[]
4829,Hiệp Hòa District-6197.jpeg,0.7754455134272575,105.9225252814641N,21.342986148052496E,[]
4831,Vĩnh Long-770.jpeg,0.7754398919641972,105.90761729891983N,10.244955004588519E,[]
4834,Cai Lậy Town-3711.jpeg,0.7747076600790024,106.17038356261381N,10.43157990866631E,[]
4835,Long Hồ District-5909.jpeg,0.7746199145913124,106.01805679011294N,10.232143376521655E,[]
4838,Yên Mỹ District-1023.jpeg,0.7744538933038712,106.03637638993193N,20.870707141865832E,[]
4841,Bac Giang City-2304.jpeg,0.7741592898964882,106.21408142159298N,21.287437077822833E,[]
4843,Cai Lậy Town-6277.jpeg,0.774114578962326,106.14024168995502N,10.480088712129726E,[]
4844,Tam Điệp-2627.jpeg,0.7740748338401318,105.9239699212754N,20.158772009841154E,[]
4845,Hoa Lư District-623.jpeg,0.7740706875920296,105.9406540610381N,20.202034174605032E,[]
4849,Vĩnh Long-219.jpeg,0.7739385962486267,105.90487863538168N,10.232827803722667E,[]
4855,Chau Doc City-4088.jpeg,0.7734158616513014,105.13167552651802N,10.699827409317995E,[]
4857,Ninh Bình-2217.jpeg,0.7732192203402519,105.9586548246137N,20.27656161131543E,[]
4858,Cao Lanh City-3613.jpeg,0.7731752097606659,105.62353801762521N,10.47561300781652E,[]
4859,Go Cong Town-3441.jpeg,0.7730493694543839,106.6964026842582N,10.426381142764722E,[]
4865,Tam Điệp-2041.jpeg,0.7722774986177683,105.8737304515541N,20.150687209263705E,[]
4871,Hiệp Hòa District-5246.jpeg,0.7717482931911945,105.91963217239763N,21.33085894718627E,[]
4874,Châu Thành District-7216.jpeg,0.7711821626871824,106.35668110698441N,10.301473273954299E,[]
4876,Hiệp Hòa District-6556.jpeg,0.7708099447190762,106.01221166252535N,21.347028548341235E,[]
4877,Cai Lậy Town-4975.jpeg,0.7707638666033745,106.12791092386735N,10.454486843635143E,[]
4880,Phu Ly City-271.jpeg,0.7702225213870406,105.91568994680563N,20.508728007651573E,[]
4885,Yên Mỹ District-1317.jpeg,0.769819363951683,106.02916478307586N,20.876097008917483E,[]
4888,Go Cong Town-4735.jpeg,0.7696825303137302,106.64845217878214N,10.461415278599409E,[]
4889,Tây Ninh City-5411.jpeg,0.7696577236056328,106.12925111468995N,11.404068644482464E,[]
4890,Go Cong Town-1488.jpeg,0.7695506326854229,106.66352233764604N,10.381914739589927E,[]
4891,Phu Ly City-2487.jpeg,0.7694419771432877,105.8984221926698N,20.550499477301795E,[]
4894,Phu Ly City-671.jpeg,0.7694043889641762,105.96461525019052N,20.51950774175486E,[]
4897,Duy Tiên District-1918.jpeg,0.7691518887877464,105.96769135451449N,20.624088577325022E,[]
4900,Binh Minh Town-1416.jpeg,0.7689027860760689,105.88574264219878N,10.02750893920128E,[]
4902,Hiệp Hòa District-5740.jpeg,0.768809862434864,106.02957031692426N,21.336248814237923E,[]
4903,Sa Đéc City-2799.jpeg,0.7687676250934601,105.70936083417213N,10.3691261438982E,[]
4907,Cao Lanh City-1787.jpeg,0.7681941501796246,105.68519872164887N,10.437883938456077E,[]
4908,Sa Đéc City-1198.jpeg,0.7681106775999069,105.74771057337713N,10.30444773928033E,[]
4909,Cao Lanh City-4595.jpeg,0.7679881490767002,105.58517135734382N,10.495825009259605E,[]
4912,Châu Thành District-2551.jpeg,0.7677546720951796,106.31422682418624N,10.271829005171114E,[]
4915,Mỹ Tho-1899.jpeg,0.7676909323781729,106.38891085569182N,10.362397139296887E,[]
4917,Trà Vinh City-170.jpeg,0.7672164440155029,106.32902954770172N,9.8974126368645E,[]
4919,Mỹ Hào District-562.jpeg,0.7671521306037903,106.12815311882974N,20.90154680806318E,[]
4920,Cai Lậy Town-6051.jpeg,0.7670711278915405,106.15805279652612N,10.474698845078231E,[]
4921,Tây Ninh City-6701.jpeg,0.7669439017772675,106.15261624444537N,11.43371291326572E,[]
4925,Duy Tiên District-1230.jpeg,0.7667760774493217,105.9604923305037N,20.61196137645883E,[]
4927,Ninh Bình-764.jpeg,0.7666090801358223,105.9945596253111N,20.234790141665254E,[]
4928,Thanh Liêm District-2592.jpeg,0.7665435969829559,105.96496709301853N,20.435623211078017E,[]
4929,Long Hồ District-5444.jpeg,0.7664371579885483,105.9345328281047N,10.224058575944424E,['564.jpeg']
4932,Phu Ly City-57.jpeg,0.7662489786744118,105.9142509672943N,20.492558406496656E,[]
4936,Phu Ly City-1546.jpeg,0.7659869063645601,105.93439668045279N,20.53432987614687E,[]
4937,Phu Ly City-1235.jpeg,0.7659745924174786,105.97324912725846N,20.528940009095233E,[]
4942,Tây Ninh City-6743.jpeg,0.7655853927135468,106.1581139220349N,11.436407846791464E,[]
4944,Thanh Liêm District-6091.jpeg,0.7654407322406769,105.97359543426047N,20.48547948130569E,[]
4945,Thanh Liêm District-6604.jpeg,0.7651631906628609,105.98222377550239N,20.49356428188315E,[]
4948,Phu Ly City-1574.jpeg,0.7651287168264389,105.97468810676976N,20.53432987614687E,[]
4949,Vĩnh Long-705.jpeg,0.7651201039552689,105.92541861191793N,10.243607537825643E,[]
4950,Long Hồ District-3226.jpeg,0.7650979906320572,105.88523999806705N,10.184982039821136E,[]
4951,Binh Minh Town-2866.jpeg,0.7649591155350208,105.84879447493567N,10.058500674747329E,[]
4953,Hoa Lư District-3756.jpeg,0.7648379802703857,105.97943248031149N,20.286924580668288E,[]
4955,Phu Ly City-2158.jpeg,0.764655701816082,105.97181014774712N,20.543762143487246E,[]
4959,Cai Lậy Town-1756.jpeg,0.7644883580505848,106.19093483942662N,10.393850839305879E,[]
4960,Tam Điệp-4132.jpeg,0.7643036246299744,105.83928052945947N,20.178984011284783E,[]
4962,Phu Ly City-937.jpeg,0.7642083503305912,105.89986117218109N,20.524897608806498E,[]
4963,Sa Đéc City-456.jpeg,0.7641463428735733,105.73812313857589N,10.280193337548628E,[]
4966,Phu Ly City-3478.jpeg,0.7640712969005108,105.9200068853396N,20.569364011982547E,[]
4967,Duy Tiên District-1117.jpeg,0.7640364319086075,105.93889525847129N,20.609266442933002E,[]
4968,Tây Ninh City-6417.jpeg,0.7640196681022644,106.11963017890828N,11.425628112688466E,[]
4969,Duy Tiên District-1674.jpeg,0.764015905559063,106.0224039369966N,20.62004617703629E,[]
4970,Mỹ Tho-733.jpeg,0.7639739885926247,106.40808816082269N,10.342185137853802E,[]
4972,Thanh Liêm District-745.jpeg,0.7637225110083818,105.94195818304013N,20.40058907524236E,[]
4979,Binh Minh Town-3649.jpeg,0.7634855322539806,105.83237306726312N,10.080060142953275E,[]
4980,Long Hồ District-731.jpeg,0.7634195536375046,105.90988641308587N,10.153990304275084E,[]
4981,Duy Tiên District-4468.jpeg,0.7634085938334465,105.91009916242808N,20.66047017992362E,[]
4983,Châu Thành District-3979.jpeg,0.7633155956864357,106.26629456941409N,10.281261272511216E,[]
4984,Long Hồ District-2466.jpeg,0.7633071094751358,105.90988641308587N,10.175549772481036E,[]
4985,Tây Ninh City-3011.jpeg,0.7632548958063126,106.11000924312664N,11.364992108359088E,[]
4987,Long Hồ District-3248.jpeg,0.7631896138191223,105.9153633942012N,10.184982039821136E,[]
4993,Tam Điệp-2253.jpeg,0.7627649269998074,105.92684074811658N,20.15338214278953E,[]
4994,Mỹ Hào District-2121.jpeg,0.7627188600599766,106.10507129940774N,20.936580943898907E,[]
4995,Mỹ Tho-1442.jpeg,0.7626851126551628,106.3108318276589N,10.355659805482526E,[]
4996,Long Xuyen City-737.jpeg,0.7625636905431747,105.4646144476444N,10.325974537849172E,[]
4999,Tây Ninh City-1958.jpeg,0.7623863145709038,106.10726040433188N,11.346127573678837E,['617.jpeg']
5002,Cai Lậy Town-3862.jpeg,0.7622163146734238,106.17860407333892N,10.434274842192053E,[]
5003,Cao Lanh City-4215.jpeg,0.7621672078967094,105.62764873122678N,10.487740208682368E,[]
5004,Cai Lậy Town-6636.jpeg,0.7621624618768692,106.1142100726588N,10.492215912995576E,[]
5007,Long Hồ District-2633.jpeg,0.7620108611881733,105.98519490342119N,10.176897239243907E,[]
5010,Mỹ Tho-4013.jpeg,0.7619815841317177,106.37521278059832N,10.402821142183061E,[]
5014,Châu Thành District-1438.jpeg,0.761751975864172,106.2375352165508N,10.263744204593879E,[]
5016,Hung Yen City-2020.jpeg,0.7616593856364489,106.05760327405113N,20.661036676761782E,[]
5017,Tây Ninh City-3602.jpeg,0.7616172581911087,106.12925111468995N,11.374424375699213E,[]
5020,Trà Vinh City-972.jpeg,0.7615413255989552,106.3358697971545N,9.925709438884796E,[]
5021,Cai Lậy Town-2633.jpeg,0.7615400943905115,106.16490322213039N,10.410020440460348E,[]
5024,Long Hồ District-2362.jpeg,0.7612172067165375,105.92220962059528N,10.174202305718163E,[]
5027,Cao Lanh City-4345.jpeg,0.7610467337071896,105.61942730402366N,10.490435142208117E,[]
5031,Phu Ly City-388.jpeg,0.7608630806207657,105.94015259849807N,20.51411787470322E,[]
5036,Go Cong Town-4088.jpeg,0.760738305747509,106.61283180328563N,10.438508343630575E,[]
5037,Tây Ninh City-4002.jpeg,0.7607040703296661,106.10451156553712N,11.381161709513586E,[]
5042,Duy Tiên District-896.jpeg,0.7603727430105209,105.95761272089936N,20.602529109118446E,[]
5047,Phu Ly City-4205.jpeg,0.7600244432687759,105.94303055752071N,20.58957601342621E,[]
5053,Hiệp Hòa District-837.jpeg,0.7595010474324226,105.9442235994628N,21.258095741988868E,[]
5054,Duy Tiên District-145.jpeg,0.7594358660280704,105.95905252570155N,20.567494973282766E,[]
5056,Phu Ly City-884.jpeg,0.7591950260102749,105.93871361898678N,20.52355014204359E,[]
5057,Duy Tiên District-2417.jpeg,0.7589849084615707,106.00080686496418N,20.630825911139574E,[]
5059,Cai Lậy Town-3590.jpeg,0.7587680369615555,106.18956475430575N,10.428884975140564E,[]
5060,Tây Ninh City-4348.jpeg,0.7587613314390182,106.11000924312664N,11.386551576565088E,[]
5065,Trà Vinh City-2560.jpeg,0.7577101513743401,106.33176564748287N,9.980955576162524E,['723.jpeg']
5067,Cai Lậy Town-4062.jpeg,0.7576314732432365,106.14161177507587N,10.43831724248067E,[]
5068,Yên Mỹ District-1692.jpeg,0.7575987055897713,105.97579889234092N,20.882834342732053E,[]
5069,Tây Ninh City-6710.jpeg,0.7575898915529251,106.16498601902181N,11.43371291326572E,[]
5071,Sa Đéc City-2026.jpeg,0.7573599070310593,105.7394927721189N,10.335439474826392E,[]
5072,Hiệp Hòa District-692.jpeg,0.7573482021689415,105.97170813559445N,21.25270587493721E,[]
5078,Cai Lậy Town-3194.jpeg,0.7570215538144112,106.12928100898819N,10.422147641326202E,[]
5079,Phu Ly City-3483.jpeg,0.7567911073565483,105.92720178289618N,20.569364011982547E,[]
5081,Go Cong Town-2378.jpeg,0.756702609360218,106.68544256872082N,10.404821674558763E,[]
5082,Thanh Liêm District-3967.jpeg,0.756640188395977,105.90313064745148N,20.455835212521666E,[]
5086,Thanh Liêm District-4994.jpeg,0.7565409019589424,105.89594036308324N,20.470657346913683E,[]
5087,Thanh Liêm District-7173.jpeg,0.7564841285347939,105.98366183237607N,20.50299654922353E,[]
5092,Long Hồ District-3050.jpeg,0.7561155073344707,105.94548679033528N,10.182287106295396E,[]
5095,Long Hồ District-1617.jpeg,0.7559165954589844,105.97697943174823N,10.16477003837806E,[]
5098,Cao Lanh City-4358.jpeg,0.7558099776506424,105.63724039629714N,10.490435142208117E,[]
5099,Châu Thành District-10566.jpeg,0.755765613168478,106.36489806494536N,10.333812476263239E,[]
5104,Duy Tiên District-3207.jpeg,0.7554062139242887,105.89570111440646N,20.642953112005777E,[]
5106,Thanh Liêm District-4819.jpeg,0.7553815469145775,105.91463510244073N,20.467962413387863E,[]
5107,Go Cong Town-36.jpeg,0.7552754208445549,106.65667226543519N,10.33879580317801E,[]
5109,Go Cong Town-3063.jpeg,0.7551544792950153,106.61557183216999N,10.420991275713233E,[]
5111,Cai Lậy Town-4830.jpeg,0.7550685703754425,106.12928100898819N,10.4517919101094E,[]
5112,Thanh Liêm District-2769.jpeg,0.7550615044310689,105.96640514989222N,20.43831814460384E,[]
5113,Thái Bình-485.jpeg,0.7549843043088913,106.34645500475075N,20.42846810791374E,[]
5115,Vĩnh Long-1266.jpeg,0.7548820897936821,105.92404928014885N,10.253039805165749E,[]
5118,Tam Điệp-3772.jpeg,0.7548720557242632,105.86224714418918N,20.173594144233146E,[]
5120,Thanh Liêm District-2753.jpeg,0.7547505274415016,105.94339623991378N,20.43831814460384E,[]
5121,Thanh Liêm District-5244.jpeg,0.7547232210636139,105.98653794612336N,20.473352280439503E,[]
5122,Thanh Liêm District-2652.jpeg,0.7547058090567589,105.9247015005563N,20.436970677840932E,[]
5125,Yên Mỹ District-854.jpeg,0.7544416189193726,105.99599139153793N,20.86801220834002E,[]
5128,Thái Bình-1720.jpeg,0.7542314566671848,106.34645500475075N,20.454069976409034E,[]
5131,Chau Doc City-1519.jpeg,0.7540097571909428,105.12481924635865N,10.658055939668927E,[]
5134,Hiệp Hòa District-3050.jpeg,0.7536822333931923,105.93843738132982N,21.2985197448763E,['155.jpeg']
5138,Go Cong Town-494.jpeg,0.7533771097660065,106.71010282867995N,10.354965404332479E,[]
5141,Mỹ Tho-1113.jpeg,0.7532618399709463,106.40945796833202N,10.348922471668164E,['840.jpeg']
5143,Cai Lậy Town-6294.jpeg,0.7529683336615562,106.09365879584597N,10.481436178892595E,[]
5146,Go Cong Town-1970.jpeg,0.7528696618974209,106.64297212101346N,10.395389407218653E,[]
5147,Tây Ninh City-1072.jpeg,0.7527777925133705,106.07564875819214N,11.327263038998591E,[]
5157,Trà Vinh City-173.jpeg,0.752062663435936,106.3331336973734N,9.8974126368645E,[]
5158,Hiệp Hòa District-9144.jpeg,0.751887135207653,106.00353233532584N,21.39553735180619E,[]
5164,Cai Lậy Town-5317.jpeg,0.7516909576952457,106.10598956193365N,10.461224177449507E,[]
5169,Hoa Lư District-4033.jpeg,0.7512102052569389,105.95788891404847N,20.29231444771992E,[]
5170,Go Cong Town-584.jpeg,0.7509819865226746,106.70462277091124N,10.357660337858226E,[]
5172,Phu Ly City-3972.jpeg,0.7508976235985756,105.93727463947543N,20.58149121284874E,[]
5173,Long Hồ District-416.jpeg,0.7508926503360271,106.00710282788233N,10.148600437223596E,[]
5175,Long Hồ District-1523.jpeg,0.7508012652397156,105.99888735620941N,10.163422571615186E,[]
5180,Sa Đéc City-401.jpeg,0.750494409352541,105.72579643668855N,10.278845870785757E,[]
5181,Bến Tre City-2249.jpeg,0.7504900190979242,106.38033958809419N,10.24754240688895E,[]
5182,Binh Minh Town-23.jpeg,0.7504677772521973,105.88984799411695N,9.987084936315135E,[]
5185,Cai Lậy Town-5054.jpeg,0.750298447906971,106.13613143459246N,10.455834310398014E,[]
5186,Châu Thành District-9659.jpeg,0.7502355948090553,106.28272848533595N,10.320337808634513E,[]
5187,Go Cong Town-3863.jpeg,0.7501498982310295,106.62105188993868N,10.434465943341957E,[]
5188,Duy Tiên District-194.jpeg,0.7500086389482021,105.98064959773394N,20.568842440045678E,[]
5191,Yên Mỹ District-520.jpeg,0.7497850395739079,106.0205108548486N,20.859927407762545E,[]
5193,Thái Bình-2987.jpeg,0.7496122717857361,106.36658880665104N,20.486409178718876E,[]
5197,Long Hồ District-860.jpeg,0.7493368200957775,105.95233301672941N,10.155337771037951E,[]
5202,Phu Ly City-2565.jpeg,0.7490622326731682,105.9070560697377N,20.55184694406471E,[]
5204,Duy Tiên District-2986.jpeg,0.7487595751881599,106.00368647456851N,20.638910711717042E,[]
5207,Cao Lanh City-2639.jpeg,0.7483223043382168,105.60572492535172N,10.454053539610552E,[]
5213,Tây Ninh City-3607.jpeg,0.7478824406862259,106.13612321167683N,11.374424375699213E,[]
5214,Cai Lậy Town-3839.jpeg,0.7478732317686081,106.14709211555929N,10.434274842192053E,[]
5215,Duy Tiên District-2755.jpeg,0.7477792948484421,105.94465447767993N,20.63621577819122E,[]
5216,Trà Vinh City-844.jpeg,0.7476289048790932,106.30987684923393N,9.921667038596183E,['732.jpeg']
5218,Trà Vinh City-1607.jpeg,0.7475532740354538,106.3495502960601N,9.95535370766797E,[]
5221,Mỹ Tho-1725.jpeg,0.7474089153110981,106.36973355056092N,10.359702205771145E,['581.jpeg']
5222,Binh Minh Town-714.jpeg,0.7473689764738083,105.88711109283818N,10.01133933804682E,[]
5224,Duy Tiên District-1335.jpeg,0.7471597790718079,105.96337194010802N,20.614656309984646E,[]
5226,Vĩnh Long-2010.jpeg,0.7471571117639542,105.92267994837975N,10.265167006031596E,[]
5231,Long Hồ District-3071.jpeg,0.7469212859869003,105.97424094119057N,10.182287106295396E,[]
5235,Vĩnh Long-778.jpeg,0.7466468438506126,105.9185719530725N,10.244955004588519E,['650.jpeg']
5237,Duy Tiên District-2953.jpeg,0.7465650960803032,105.9561729160972N,20.638910711717042E,[]
5238,Mỹ Tho-4023.jpeg,0.7464931532740593,106.40260893078528N,10.402821142183061E,[]
5239,Cai Lậy Town-4552.jpeg,0.7464552521705627,106.16216305188868N,10.446402043057908E,[]
5240,Go Cong Town-3052.jpeg,0.7464123144745827,106.60050167330607N,10.420991275713233E,[]
5245,Go Cong Town-2057.jpeg,0.7461569383740425,106.68955261204736N,10.396736873981526E,[]
5249,Cai Lậy Town-3941.jpeg,0.7460062801837921,106.18682458406407N,10.435622308954924E,[]
5252,Tây Ninh City-5694.jpeg,0.7459115274250507,106.13199995348471N,11.409458511533964E,[]
5254,Cai Lậy Town-1971.jpeg,0.7457741089165211,106.15531262628441N,10.397893239594495E,[]
5256,Duy Tiên District-1656.jpeg,0.7456079525873065,105.98928842654688N,20.62004617703629E,[]
5257,Trà Vinh City-1319.jpeg,0.7455792464315891,106.3331336973734N,9.944573973564998E,[]
5259,Go Cong Town-1585.jpeg,0.7454971522092819,106.66215232320387N,10.384609673115675E,[]
5260,Vĩnh Long-944.jpeg,0.7454090267419815,105.93089593899424N,10.24764993811426E,[]
5264,Tây Ninh City-3510.jpeg,0.7452878952026367,106.11688134011352N,11.373076908936339E,[]
5265,Bac Giang City-2328.jpeg,0.7451470103114843,106.24878439646025N,21.287437077822833E,[]
5269,Tây Ninh City-3609.jpeg,0.7447049766778946,106.13887205047158N,11.374424375699213E,[]
5275,Long Hồ District-4333.jpeg,0.7443686127662659,105.95370226200825N,10.201151640975601E,[]
5278,Go Cong Town-4179.jpeg,0.7441372647881508,106.64434213545564N,10.43985581039345E,[]
5279,Thanh Liêm District-889.jpeg,0.7438257485628128,105.92182538680898N,20.404631475531097E,[]
5280,Long Hồ District-5628.jpeg,0.7437436431646347,106.01394905427645N,10.226753509470168E,[]
5284,Yên Mỹ District-2886.jpeg,0.7434898465871811,106.02628014033344N,20.901698877412823E,[]
5285,Duy Tiên District-3337.jpeg,0.743427686393261,105.94033506327347N,20.644300578768686E,[]
5287,Sa Đéc City-444.jpeg,0.7433371171355247,105.72168753605945N,10.280193337548628E,[]
5289,Hiệp Hòa District-5196.jpeg,0.7431900054216385,105.99340645359317N,21.329511480423346E,[]
5290,Ninh Bình-1542.jpeg,0.7430782001465559,105.97876151300423N,20.253654676345977E,['879.jpeg']
5291,Ninh Bình-1155.jpeg,0.7430621385574341,105.9916872412553N,20.244222409005623E,[]
5292,Go Cong Town-3937.jpeg,0.7430574297904968,106.61420181772779N,10.435813410104826E,[]
5294,Long Hồ District-6507.jpeg,0.7429196536540985,106.00299509204586N,10.255050311490482E,[]
5295,Cai Lậy Town-3078.jpeg,0.7428431212902069,106.16079296676783N,10.419452707800456E,[]
5301,Hiệp Hòa District-830.jpeg,0.7424874790012836,105.93409771773007N,21.258095741988868E,[]
5304,Binh Minh Town-2680.jpeg,0.7423881236463785,105.81595165959065N,10.054458274458714E,[]
5308,Phu Ly City-3691.jpeg,0.7421770691871643,105.9214458648509N,20.574753879034187E,[]
5309,Tam Điệp-3654.jpeg,0.7421686425805092,105.83784511603886N,20.17224667747024E,[]
5311,Trà Vinh City-363.jpeg,0.7421265691518784,106.3563905455129N,9.904149970678857E,[]
5312,Long Xuyen City-3962.jpeg,0.7421136014163494,105.4002315918643N,10.396042809518535E,[]
5316,Go Cong Town-1125.jpeg,0.7419934347271919,106.65256222210868N,10.372482472249823E,[]
5317,Trà Vinh City-1433.jpeg,0.7418771088123322,106.32218929824893N,9.94996384061648E,[]
5318,Hiệp Hòa District-5300.jpeg,0.7418409362435341,105.99774611719289N,21.33085894718627E,[]
5319,Hung Yen City-2686.jpeg,0.7417459823191166,106.09072499846127N,20.682596144968354E,[]
5321,Mỹ Hào District-795.jpeg,0.7416463010013103,106.11516959540486N,20.90828414187774E,[]
5322,Duy Tiên District-5193.jpeg,0.7415917441248894,106.01376510818362N,20.67124991402691E,[]
5327,Long Hồ District-784.jpeg,0.7413881197571754,106.0043643373247N,10.153990304275084E,[]
5328,Tây Ninh City-1410.jpeg,0.741336889564991,106.1182557595109N,11.334000372812964E,[]
5330,Trà Vinh City-822.jpeg,0.7412047134712338,106.3331336973734N,9.920319571833314E,[]
5332,Phu Ly City-3410.jpeg,0.7411382738500834,105.90130015169242N,20.56801654521964E,[]
5333,Hiệp Hòa District-6333.jpeg,0.7411226481199265,105.96881502652796N,21.344333614815408E,[]
5340,Go Cong Town-27.jpeg,0.7405673451721668,106.67859249650996N,10.33744833641514E,[]
5342,Phu Ly City-3104.jpeg,0.7402852848172188,105.93583565996408N,20.561279211405086E,[]
5345,Mỹ Tho-1548.jpeg,0.7400385346263647,106.346446822902N,10.3570072722454E,[]
5348,Thanh Liêm District-6750.jpeg,0.7400160254910588,105.9606529223976N,20.496259215408976E,[]
5349,Long Xuyen City-1772.jpeg,0.7399096935987473,105.45639535967244N,10.348881472817999E,[]
5351,Tây Ninh City-5630.jpeg,0.739780105650425,106.13887205047158N,11.40811104477109E,[]
5354,Thanh Liêm District-2047.jpeg,0.7396110072731972,105.93189178492456N,20.42753841050057E,[]
5357,Mỹ Hào District-1988.jpeg,0.7390301302075386,106.14546448339627N,20.93388601037309E,[]
5360,Hiệp Hòa District-3155.jpeg,0.7388951927423477,105.97460124466096N,21.299867211639217E,[]
5363,Yên Mỹ District-3686.jpeg,0.7386278584599495,106.01618389073495N,20.916521011804864E,[]
5369,Long Hồ District-3876.jpeg,0.7382403388619423,105.94822528089293N,10.193066840398368E,[]
5370,Cai Lậy Town-5210.jpeg,0.7381165400147438,106.15394254116356N,10.458529243923762E,[]
5371,Cai Lậy Town-5107.jpeg,0.737967848777771,106.11009981729622N,10.45718177716089E,[]
5375,Phu Ly City-8.jpeg,0.7377709671854973,105.9070560697377N,20.48716853944501E,[]
5377,Hiệp Hòa District-3100.jpeg,0.7376238256692886,106.0107651079921N,21.2985197448763E,[]
5380,Long Hồ District-5360.jpeg,0.7374083660542965,105.99477962037295N,10.22136364241868E,[]
5384,Tây Ninh City-3985.jpeg,0.7372584510594606,106.08114643578168N,11.381161709513586E,['610.jpeg']
5385,Trà Vinh City-1236.jpeg,0.7372124455869198,106.35228639584123N,9.939184106513508E,[]
5389,Trà Vinh City-1151.jpeg,0.7367294803261757,106.3372378470451N,9.935141706224899E,['735.jpeg']
5390,Cai Lậy Town-6360.jpeg,0.7367280349135399,106.11969041314218N,10.48278364565547E,[]
5394,Binh Minh Town-1174.jpeg,0.7364921793341637,105.87753193836252N,10.022119072149795E,[]
5397,Go Cong Town-3267.jpeg,0.7363999485969543,106.68681258316299N,10.423686209238976E,[]
5399,Go Cong Town-1279.jpeg,0.7363151833415031,106.65667226543519N,10.37652487253844E,[]
5402,Cao Lanh City-4992.jpeg,0.7361494731158018,105.59476302241417N,10.503909809836841E,[]
5404,Cao Lanh City-3076.jpeg,0.735874492675066,105.61531659042207N,10.46348580695066E,[]
5405,Go Cong Town-4044.jpeg,0.7358715869486332,106.65256222210868N,10.4371608768677E,['53.jpeg']
5408,Go Cong Town-411.jpeg,0.735299713909626,106.65393223655084N,10.35361793756961E,[]
5409,Tây Ninh City-6698.jpeg,0.7351417243480682,106.14849298625326N,11.43371291326572E,[]
5410,Yên Mỹ District-2644.jpeg,0.7351083979010582,106.02195317621977N,20.897656477124087E,[]
5412,Long Hồ District-5833.jpeg,0.7350452803075314,105.99888735620941N,10.230795909758786E,[]
5417,Hiệp Hòa District-3153.jpeg,0.7348067425191402,105.97170813559445N,21.299867211639217E,[]
5419,Bac Giang City-1658.jpeg,0.734620463103056,106.16925674572272N,21.27665734371951E,[]
5421,Thái Bình-1203.jpeg,0.7342143356800079,106.36946506406538N,20.443290242305753E,[]
5424,Thanh Liêm District-501.jpeg,0.734021108597517,105.92182538680898N,20.392504274664912E,[]
5426,Go Cong Town-3677.jpeg,0.7339964173734188,106.68955261204736N,10.430423543053335E,[]
5427,Vĩnh Long-85.jpeg,0.7339591318741441,105.99114653683395N,10.227437936671176E,[]
5431,Tam Điệp-752.jpeg,0.7337247868999839,105.94406570916391N,20.12643280753136E,[]
5437,Hiệp Hòa District-6558.jpeg,0.733380950987339,106.01510477159182N,21.347028548341235E,[]
5438,Phu Ly City-3610.jpeg,0.733343780040741,105.95885933214524N,20.57205894550837E,[]
5439,Go Cong Town-1218.jpeg,0.7332973890006542,106.64160210657127N,10.375177405775567E,[]
5440,Phu Ly City-3285.jpeg,0.7332705333828926,105.89698321315845N,20.565321611693822E,[]
5443,Binh Minh Town-2306.jpeg,0.7330189347267151,105.86111053069003N,10.046373473881486E,[]
5448,Hung Yen City-1840.jpeg,0.7324247732758522,106.0864047735382N,20.654299342947215E,[]
5454,Châu Thành District-1449.jpeg,0.7321590892970562,106.2525996394792N,10.263744204593879E,[]
5459,Cai Lậy Town-6177.jpeg,0.7319455109536648,106.15668271140524N,10.477393778603979E,[]
5460,Go Cong Town-1101.jpeg,0.731885738670826,106.68818259760518N,10.371135005486948E,[]
5462,Go Cong Town-175.jpeg,0.7317303717136383,106.68681258316299N,10.344185670229502E,[]
5463,Duy Tiên District-1119.jpeg,0.7316662147641182,105.9417748680756N,20.609266442933002E,[]
5464,Duy Tiên District-1093.jpeg,0.7315755821764469,105.9748903785253N,20.60791897617009E,[]
5465,Thanh Liêm District-5613.jpeg,0.7315448634326458,105.9606529223976N,20.478742147491147E,[]
5466,Thanh Liêm District-2763.jpeg,0.7314976826310158,105.9577768086503N,20.43831814460384E,[]
5469,Mỹ Tho-3357.jpeg,0.7312726713716984,106.37658258810765N,10.387999007791462E,[]
5470,Thái Bình-757.jpeg,0.7312490660697222,106.30906365836448N,20.435205441728296E,[]
5471,Châu Thành District-723.jpeg,0.730942640453577,106.21699282164845N,10.257006870779517E,[]
5473,Go Cong Town-4297.jpeg,0.7307949513196945,106.63886207768692N,10.44255074391919E,[]
5477,Sa Đéc City-2071.jpeg,0.730526328086853,105.71620900188731N,10.338134408352138E,[]
5480,Long Hồ District-3429.jpeg,0.7303931191563606,106.01394905427645N,10.18632950658401E,[]
5482,Vĩnh Long-1235.jpeg,0.7303720489144325,105.99662386391029N,10.251692338402876E,[]
5487,Yên Mỹ District-2237.jpeg,0.7301742099225521,106.02483781896224N,20.890919143309524E,[]
5490,Thanh Liêm District-6590.jpeg,0.7300831973552704,105.96209097927128N,20.49356428188315E,[]
5493,Trà Vinh City-64.jpeg,0.7298470959067345,106.36049469518458N,9.890675303050141E,[]
5495,Trà Vinh City-1402.jpeg,0.7295873947441578,106.32492539803008N,9.948616373853612E,['574.jpeg']
5498,Tây Ninh City-2743.jpeg,0.7294148206710815,106.17460695480347N,11.359602241307586E,[]
5500,Cai Lậy Town-3815.jpeg,0.72914969176054,106.1142100726588N,10.434274842192053E,['763.jpeg']
5503,Long Hồ District-1105.jpeg,0.7289635054767132,106.02216452594939N,10.158032704563702E,[]
5506,Binh Minh Town-1169.jpeg,0.7288094237446785,105.87068968516567N,10.022119072149795E,[]
5508,Duy Tiên District-1310.jpeg,0.728646770119667,105.927376820054N,20.614656309984646E,[]
5510,Ninh Bình-1452.jpeg,0.7286177389323711,105.99599581733898N,20.250959742820164E,[]
5511,Cai Lậy Town-5374.jpeg,0.7285898998379707,106.18408441382235N,10.461224177449507E,[]
5513,Long Hồ District-6052.jpeg,0.728573776781559,106.00162584676706N,10.236185776810276E,[]
5515,Mỹ Tho-1502.jpeg,0.7283897623419762,106.39302027821981N,10.355659805482526E,[]
5516,Binh Minh Town-3081.jpeg,0.7283582538366318,105.86111053069003N,10.063890541798811E,[]
5518,Trà Vinh City-511.jpeg,0.7280919961631298,106.34134199671676N,9.909539837730343E,[]
5523,Long Hồ District-4613.jpeg,0.7279602289199829,105.95917924312353N,10.206541508027088E,[]
5525,Tây Ninh City-5815.jpeg,0.7278772331774235,106.11688134011352N,11.412153445059715E,[]
5527,Mỹ Tho-2976.jpeg,0.7277079448103905,106.3834316256544N,10.381261673977102E,[]
5528,Cai Lậy Town-1453.jpeg,0.7276832386851311,106.10872973217536N,10.38980843901726E,[]
5529,Châu Thành District-10686.jpeg,0.7275229673832655,106.36900654392583N,10.337854876551855E,[]
5532,Tây Ninh City-726.jpeg,0.7273470461368561,106.13749763107424N,11.317830771658468E,[]
5535,Hung Yen City-778.jpeg,0.7271052999421954,106.04464259928191N,20.628697474451904E,[]
5540,Go Cong Town-30.jpeg,0.7261716797947884,106.68270253983648N,10.33744833641514E,[]
5543,Thanh Liêm District-7406.jpeg,0.7259413301944733,105.98509988924968N,20.507038949512257E,[]
5546,Mỹ Hào District-324.jpeg,0.7255408018827438,106.11805482283262N,20.894809474248618E,[]
5551,Hung Yen City-2163.jpeg,0.7251411583274603,106.0547231241024N,20.666426543813415E,"['285.jpeg', '284.jpeg']"
5552,Duy Tiên District-576.jpeg,0.7250155508518219,105.95473311129504N,20.589054441489335E,[]
5553,Tây Ninh City-2616.jpeg,0.7250089421868324,106.10863482372925N,11.358254774544713E,[]
5555,Trà Vinh City-1517.jpeg,0.724935419857502,106.33450174726396N,9.952658774142225E,[]
5557,Binh Minh Town-3091.jpeg,0.7247127741575241,105.80637250511501N,10.065238008561684E,['687.jpeg']
5559,Hiệp Hòa District-4453.jpeg,0.72462347894907,106.00353233532584N,21.318731746320022E,[]
5564,Mỹ Tho-3808.jpeg,0.7241075113415718,106.39302027821981N,10.396083808368703E,[]
5565,Mỹ Tho-2563.jpeg,0.7240503020584583,106.33411855531787N,10.37452434016274E,[]
5566,Hiệp Hòa District-5885.jpeg,0.7239841856062412,105.93120460866358N,21.33894374776375E,[]
5569,Long Hồ District-8821.jpeg,0.7237240895628929,106.0043643373247N,10.302211648191006E,[]
5571,Long Hồ District-6415.jpeg,0.723603393882513,105.99067188453644N,10.249660444438993E,[]
5574,Go Cong Town-1668.jpeg,0.7235302329063416,106.64297212101346N,10.387304606641418E,[]
5578,Go Cong Town-1738.jpeg,0.7231459710747004,106.67174242429908N,10.38865207340429E,[]
5579,Thanh Liêm District-4534.jpeg,0.7231039181351662,105.90888287494612N,20.463920013099127E,[]
5580,Long Hồ District-3099.jpeg,0.7230876535177231,106.01257980899764N,10.182287106295396E,[]
5581,Long Hồ District-164.jpeg,0.7228886187076569,106.00847207316117N,10.143210570172108E,[]
5590,Duy Tiên District-1724.jpeg,0.7224845699965954,105.9561729160972N,20.621393643799195E,[]
5592,Trà Vinh City-272.jpeg,0.722350787371397,106.3331336973734N,9.901455037153116E,[]
5594,Thanh Liêm District-560.jpeg,0.7221626117825508,105.9160731593144N,20.395199208190725E,[]
5598,Long Hồ District-3898.jpeg,0.7219419404864311,105.97834867702704N,10.193066840398368E,[]
5600,Hung Yen City-3429.jpeg,0.7217964679002762,106.01584109979484N,20.708198013463676E,[]
5601,Châu Thành District-2562.jpeg,0.7217671405524015,106.35668110698441N,10.271829005171114E,[]
5602,Thái Bình-859.jpeg,0.7217162679880857,106.35939816311522N,20.436552908491205E,[]
5603,Cai Lậy Town-2572.jpeg,0.7216604426503181,106.17723398821808N,10.40867297369747E,[]
5604,Cai Lậy Town-5585.jpeg,0.7216445505619049,106.18134424358063N,10.465266577738122E,[]
5607,Hung Yen City-932.jpeg,0.7215702347457409,106.07632424871774N,20.631392407977735E,['300.jpeg']
5608,Sa Đéc City-596.jpeg,0.721450075507164,105.75181947400624N,10.284235737837246E,[]
5612,Long Hồ District-6199.jpeg,0.7210532911121845,106.0043643373247N,10.240228177098889E,[]
5613,Thanh Liêm District-2153.jpeg,0.7210071235895157,105.96209097927128N,20.42888587726348E,[]
5614,Cai Lậy Town-3707.jpeg,0.7207345962524414,106.16490322213039N,10.43157990866631E,[]
5616,Cai Lậy Town-5074.jpeg,0.7203222960233688,106.16353313700955N,10.455834310398014E,[]
5619,Thanh Liêm District-7495.jpeg,0.7201706767082214,105.91894927306168N,20.50973388303808E,[]
5620,Mỹ Tho-3797.jpeg,0.7201327718794346,106.377952395617N,10.396083808368703E,[]
5621,Long Hồ District-972.jpeg,0.7198978662490845,105.98519490342119N,10.156685237800826E,[]
5623,Go Cong Town-576.jpeg,0.7197903916239738,106.69366265537386N,10.357660337858226E,[]
5627,Trà Vinh City-2748.jpeg,0.7197210490703583,106.31261294901503N,9.986345443214013E,['741.jpeg']
5630,Long Hồ District-5323.jpeg,0.7193950116634369,105.94411754505647N,10.22136364241868E,[]
5631,Cai Lậy Town-5828.jpeg,0.7191870957612991,106.12791092386735N,10.470656444789617E,[]
5632,Thanh Liêm District-6396.jpeg,0.7191532626748085,105.9160731593144N,20.49086934835734E,[]
5634,Duy Tiên District-3161.jpeg,0.7189343646168709,105.97201076892097N,20.641605645242862E,[]
5635,Tây Ninh City-5715.jpeg,0.7188991755247116,106.16086276082966N,11.409458511533964E,[]
5637,Go Cong Town-3908.jpeg,0.7188722193241119,106.68270253983648N,10.434465943341957E,[]
5639,Cao Lanh City-4499.jpeg,0.7186015620827675,105.64135110989872N,10.493130075733859E,[]
5642,Cai Lậy Town-4537.jpeg,0.7184909284114838,106.14161177507587N,10.446402043057908E,[]
5645,Thanh Liêm District-5501.jpeg,0.7182912304997444,105.93764401241917N,20.47739468072824E,[]
5647,Bến Tre City-3443.jpeg,0.7181913387030363,106.32146119487572N,10.278534142435007E,[]
5648,Sa Đéc City-1336.jpeg,0.7181219682097435,105.72579643668855N,10.309837606331815E,[]
5651,Cao Lanh City-4501.jpeg,0.717869870364666,105.6440915856331N,10.493130075733859E,[]
5652,Châu Thành District-5305.jpeg,0.7178368382155895,106.28135899234248N,10.289346073088451E,[]
5654,Hung Yen City-683.jpeg,0.7177845593541861,106.09504522338432N,20.626002540926088E,[]
5655,Cai Lậy Town-4198.jpeg,0.7177786193788052,106.10872973217536N,10.441012176006414E,['93.jpeg']
5657,Phu Ly City-1607.jpeg,0.7177103385329247,105.89986117218109N,20.535677342909782E,['110.jpeg']
5658,Cai Lậy Town-6348.jpeg,0.7176929526031017,106.10324939169192N,10.48278364565547E,[]
5661,Cao Lanh City-3937.jpeg,0.7174744177609682,105.61668682828926N,10.48235034163088E,[]
5664,Binh Minh Town-4455.jpeg,0.717368021607399,105.84879447493567N,10.10566201144784E,[]
5667,Vĩnh Long-1040.jpeg,0.7172295115888119,105.95417457906869N,10.24899740487713E,[]
5668,Cai Lậy Town-4400.jpeg,0.7171742655336857,106.16901347749294N,10.443707109532163E,[]
5669,Châu Thành District-10664.jpeg,0.7171243689954281,106.38544045984771N,10.336507409788982E,[]
5670,Phu Ly City-3859.jpeg,0.7170660197734833,105.93007974191885N,20.57879627932292E,[]
5671,Thanh Liêm District-6805.jpeg,0.7170554473996162,105.92182538680898N,20.49760668217188E,[]
5672,Long Hồ District-4775.jpeg,0.7170315831899643,105.99888735620941N,10.209236441552832E,[]
5675,Binh Minh Town-1204.jpeg,0.7169842813163996,105.83921532046N,10.023466538912665E,[]
5677,Long Xuyen City-296.jpeg,0.7166563495993614,105.43995718372858N,10.315194803746191E,[]
5678,Sa Đéc City-2314.jpeg,0.7166421227157116,105.70936083417213N,10.348914142455113E,[]
5680,Binh Minh Town-1422.jpeg,0.7164975441992283,105.89395334603505N,10.02750893920128E,[]
5684,Bến Tre City-2830.jpeg,0.7162670120596886,106.36664693850851N,10.258322140991927E,[]
5686,Duy Tiên District-2385.jpeg,0.7162074521183968,105.95473311129504N,20.630825911139574E,[]
5687,Duy Tiên District-1500.jpeg,0.7159615680575371,106.01664471778795N,20.61735124351047E,[]
5688,Thanh Liêm District-4733.jpeg,0.7158754067495465,105.92613955742995N,20.466614946624954E,[]
5690,Tây Ninh City-249.jpeg,0.7158237546682358,106.13749763107424N,11.304356104029715E,['982.jpeg']
5691,Go Cong Town-2730.jpeg,0.7158067375421524,106.61968187549651N,10.414253941898867E,[]
5692,Long Xuyen City-1822.jpeg,0.7157231532037258,105.44269687971922N,10.350228939580871E,[]
5694,Cai Lậy Town-6586.jpeg,0.7156507642939687,106.09502888096684N,10.490868446232705E,[]
5697,Vĩnh Long-510.jpeg,0.7153785191476345,105.94185059314692N,10.239565137537028E,[]
5698,Cao Lanh City-2718.jpeg,0.715373519808054,105.62764873122678N,10.455401006373423E,['942.jpeg']
5700,Tây Ninh City-2813.jpeg,0.7152309268712997,106.16223718022705N,11.360949708070462E,[]
5701,Binh Minh Town-4322.jpeg,0.7151979319751263,105.8460575736569N,10.09892467763348E,[]
5706,Go Cong Town-690.jpeg,0.7148242443799973,106.70599278535342N,10.36035527138397E,[]
5707,Mỹ Tho-3673.jpeg,0.7148124277591705,106.39575989323852N,10.393388874842957E,[]
5709,Sa Đéc City-2174.jpeg,0.7147600837051868,105.73401423794677N,10.342176808640756E,[]
5710,Hung Yen City-2417.jpeg,0.7147043608129025,106.06624372389724N,20.674511344390886E,[]
5712,Long Hồ District-4674.jpeg,0.7146249376237392,105.95096377145056N,10.207888974789961E,[]
5713,Hiệp Hòa District-4980.jpeg,0.7145986240357161,105.96592191746147N,21.32681654689752E,[]
5716,Trà Vinh City-2598.jpeg,0.714316550642252,106.31124489912449N,9.982303042925398E,[]
5717,Thanh Liêm District-5991.jpeg,0.7141581550240517,105.96209097927128N,20.484132014542784E,[]
5720,Hiệp Hòa District-7162.jpeg,0.7141121504828334,105.9225252814641N,21.356460815681647E,[]
5721,Duy Tiên District-2017.jpeg,0.7141032218933105,105.9748903785253N,20.625436044087937E,[]
5723,Long Hồ District-4794.jpeg,0.713904082775116,105.93590207338352N,10.210583908315703E,[]
5724,Long Hồ District-892.jpeg,0.713864378631115,106.01531829955528N,10.155337771037951E,[]
5725,Châu Thành District-9816.jpeg,0.713805038947612,106.32244378214718N,10.321685275397387E,[]
5728,Cai Lậy Town-2653.jpeg,0.7136053740978241,106.09639896608768N,10.41136790722322E,[]
5730,Long Hồ District-1795.jpeg,0.7133036442101002,105.91673263947999N,10.167464971903803E,[]
5733,Duy Tiên District-524.jpeg,0.7130229510366917,105.9561729160972N,20.586359507963518E,[]
5741,Sa Đéc City-28.jpeg,0.7119819074869156,105.71757863543034N,10.265371203157034E,[]
5742,Go Cong Town-350.jpeg,0.7118357345461845,106.68270253983648N,10.350923004043862E,[]
5743,Thanh Liêm District-7861.jpeg,0.7117797136306763,105.9764715480078N,20.517818683615538E,[]
5744,Châu Thành District-2487.jpeg,0.7117669563740492,106.22657927260288N,10.271829005171114E,[]
5746,Tây Ninh City-5271.jpeg,0.7116563692688942,106.13749763107424N,11.401373710956712E,[]
5747,Long Hồ District-5391.jpeg,0.7116530779749155,105.94822528089293N,10.222711109181553E,[]
5749,Yên Mỹ District-2277.jpeg,0.7115866206586361,106.08253067381081N,20.890919143309524E,[]
5751,Tây Ninh City-3927.jpeg,0.7114017959684134,106.1182557595109N,11.379814242750715E,[]
5752,Long Hồ District-1927.jpeg,0.7113178372383118,105.94411754505647N,10.168812438666674E,[]
5754,Go Cong Town-3342.jpeg,0.7112810537219048,106.6758524676256N,10.425033676001851E,[]
5758,Cai Lậy Town-2697.jpeg,0.711218498647213,106.15668271140524N,10.41136790722322E,[]
5759,Long Hồ District-5397.jpeg,0.711109708994627,105.95644075256588N,10.222711109181553E,[]
5762,Bac Giang City-2716.jpeg,0.7109010480344296,106.21986525073754N,21.295521878400315E,[]
5764,Tây Ninh City-4111.jpeg,0.7107269242405891,106.13749763107424N,11.382509176276463E,[]
5767,Go Cong Town-1898.jpeg,0.7106776759028435,106.68133252539432N,10.39269447369291E,[]
5768,Long Hồ District-16.jpeg,0.7106145992875099,106.00710282788233N,10.136473236357746E,[]
5770,Go Cong Town-205.jpeg,0.7105369381606579,106.68270253983648N,10.345533136992373E,[]
5772,Yên Mỹ District-2412.jpeg,0.7102769613265991,106.03781871130316N,20.893614076835348E,[]
5773,Long Xuyen City-4039.jpeg,0.7102630771696568,105.4276285517707N,10.397390276281406E,['923.jpeg']
5774,Tây Ninh City-5983.jpeg,0.7101573869585991,106.18147905179035N,11.414848378585464E,[]
5777,Long Xuyen City-4196.jpeg,0.7100428435951471,105.41119037582685N,10.401432676570025E,[]
5783,Hiệp Hòa District-7760.jpeg,0.7094786670058966,105.92397183599734N,21.365893083022055E,['143.jpeg']
5786,Chau Doc City-4733.jpeg,0.709375686943531,105.10973543000804N,10.720039410761098E,[]
5788,Thái Bình-667.jpeg,0.7092448435723782,106.35939816311522N,20.432510508202476E,[]
5789,Chau Doc City-1820.jpeg,0.70924162119627,105.12070547826302N,10.663445806720416E,[]
5792,Long Hồ District-5862.jpeg,0.7090420871973038,105.92768660171058N,10.232143376521655E,[]
5795,Bến Tre City-2963.jpeg,0.7088358961045742,106.37212399834277N,10.26101707451767E,[]
5796,Tây Ninh City-3484.jpeg,0.7088081575930119,106.08114643578168N,11.373076908936339E,[]
5798,Go Cong Town-160.jpeg,0.7086854949593544,106.6662623665304N,10.344185670229502E,[]
5803,Hoa Lư District-1007.jpeg,0.7081634979695082,105.93778158553636N,20.210118975182482E,[]
5808,Cao Lanh City-4077.jpeg,0.7077188678085804,105.62216777975802N,10.485045275156622E,[]
5810,Tam Điệp-4134.jpeg,0.7075760960578918,105.8421513563007N,20.178984011284783E,[]
5811,Tây Ninh City-5972.jpeg,0.7073090746998787,106.16636043841919N,11.414848378585464E,[]
5814,Cai Lậy Town-2338.jpeg,0.7068927846848965,106.14983228580098N,10.404630573408856E,[]
5819,Vĩnh Long-283.jpeg,0.7066598609089851,105.91994128484161N,10.23417527048554E,[]
5820,Cai Lậy Town-4247.jpeg,0.7065122127532959,106.17586390309722N,10.441012176006414E,[]
5824,Bac Giang City-2221.jpeg,0.7061316482722759,106.20251376330387N,21.286089611059918E,[]
5826,Bac Giang City-1040.jpeg,0.7060076054185629,106.16202695929204N,21.263182676090366E,[]
5827,Mỹ Tho-3456.jpeg,0.7059583961963654,106.40397873829461N,10.389346474554337E,[]
5832,Long Hồ District-1791.jpeg,0.7053845226764679,105.91125565836468N,10.167464971903803E,[]
5839,Long Hồ District-6462.jpeg,0.7051026672124863,105.99204112981529N,10.25235537796474E,[]
5841,Vĩnh Long-775.jpeg,0.7048956342041492,105.91446395776526N,10.244955004588519E,[]
5844,Long Hồ District-4303.jpeg,0.7045822571963072,106.00847207316117N,10.19980417421273E,[]
5851,Binh Minh Town-1094.jpeg,0.7040951922535896,105.85016292557502N,10.020771605386921E,[]
5852,Duy Tiên District-3268.jpeg,0.704020019620657,105.98352920733824N,20.642953112005777E,[]
5854,Châu Thành District-3850.jpeg,0.7036027610301971,106.39228792481515N,10.279913805748345E,[]
5856,Mỹ Hào District-2769.jpeg,0.7034882232546806,106.06467811541916N,20.947360678002212E,[]
5860,Thái Bình-2363.jpeg,0.7033791616559029,106.36083629182238N,20.468892110801047E,[]
5861,Long Hồ District-3471.jpeg,0.7033100947737694,105.9235788658741N,10.18767697334688E,[]
5866,Yên Mỹ District-1891.jpeg,0.7030348852276802,106.01762621210614N,20.885529276257877E,[]
5867,Go Cong Town-248.jpeg,0.7030286267399788,106.69503266981602N,10.346880603755244E,[]
5869,Go Cong Town-4546.jpeg,0.7029199302196503,106.65119220766648N,10.450635544496429E,[]
5870,Binh Minh Town-3951.jpeg,0.7028877139091492,105.8528998268538N,10.088144943530505E,[]
5871,Tam Điệp-2330.jpeg,0.7027878630906343,105.90674496022807N,20.15472960955243E,[]
5872,Thanh Liêm District-1047.jpeg,0.7027721963822842,105.9060067611988N,20.408673875819822E,[]
5873,Cai Lậy Town-17.jpeg,0.7026239149272442,106.12517075362561N,10.353426836419706E,[]
5874,Tây Ninh City-4004.jpeg,0.7024840600788593,106.10726040433188N,11.381161709513586E,[]
5875,Cao Lanh City-4558.jpeg,0.7024691700935364,105.62764873122678N,10.494477542496732E,[]
5876,Yên Mỹ District-736.jpeg,0.7024320247583091,106.02195317621977N,20.86531727481419E,[]
5877,Cai Lậy Town-2506.jpeg,0.7022952698171139,106.18408441382235N,10.407325506934605E,[]
5879,Sa Đéc City-31.jpeg,0.7021874636411667,105.72168753605945N,10.265371203157034E,[]
5880,Long Hồ District-5286.jpeg,0.7021067515015602,105.98245641286351N,10.220016175655811E,[]
5886,Hiệp Hòa District-7491.jpeg,0.701672188937664,106.00642544439235N,21.360503215970393E,[]
5888,Tây Ninh City-3575.jpeg,0.7016462460160255,106.0921417909607N,11.374424375699213E,[]
5889,Châu Thành District-5703.jpeg,0.7016081362962723,106.24438268151823N,10.292041006614197E,[]
5892,Hiệp Hòa District-1015.jpeg,0.7015119511634111,105.97894090826068N,21.262138142277607E,[]
5895,Yên Mỹ District-1562.jpeg,0.7013479615561664,106.03204942581829N,20.88013940920623E,[]
5896,Long Hồ District-2591.jpeg,0.7012963704764843,105.92768660171058N,10.176897239243907E,[]
5897,Châu Thành District-7518.jpeg,0.7012673411518335,106.22931825858986N,10.304168207480046E,[]
5901,Long Hồ District-4541.jpeg,0.7009028606116772,105.95370226200825N,10.205194041264217E,[]
5903,Duy Tiên District-539.jpeg,0.7008781507611275,105.97776998812962N,20.586359507963518E,['341.jpeg']
5904,Cai Lậy Town-6572.jpeg,0.7008456885814667,106.1320211792299N,10.489520979469832E,[]
5906,Hoa Lư District-3947.jpeg,0.7005633600056171,105.93347287228377N,20.290966980957013E,['413.jpeg']
5909,Tây Ninh City-2856.jpeg,0.7001585215330124,106.1127580819214N,11.362297174833339E,[]
5911,Sa Đéc City-1906.jpeg,0.7000222690403461,105.74497130629103N,10.3300496077749E,[]
5913,Tây Ninh City-485.jpeg,0.699934009462595,106.13612321167683N,11.311093437844091E,[]
5915,Thái Bình-2553.jpeg,0.6995959994383156,106.34070248992211N,20.47428197785268E,[]
5916,Ninh Bình-2303.jpeg,0.6995377592975274,105.95291005650212N,20.28060401160416E,[]
5917,Long Xuyen City-3184.jpeg,0.6994420178234577,105.37694417594385N,10.379873208364065E,[]
5918,Cai Lậy Town-2705.jpeg,0.699434757232666,106.16764339237213N,10.41136790722322E,[]
5920,Tây Ninh City-2128.jpeg,0.6994280219078064,106.1581139220349N,11.348822507204586E,[]
5925,Thanh Liêm District-4530.jpeg,0.6990876942873001,105.90313064745148N,20.463920013099127E,[]
5926,Long Hồ District-2016.jpeg,0.6990049555897713,105.91262490364353N,10.170159905429546E,[]
5927,Phu Ly City-536.jpeg,0.6987794637680054,105.98907790188295N,20.51681280822904E,[]
5928,Mỹ Hào District-3404.jpeg,0.6987659223377705,106.10218607197996N,20.9567929453426E,[]
5930,Hiệp Hòa District-3959.jpeg,0.6987522393465042,105.95145637212903N,21.311994412505456E,['151.jpeg']
5933,Bến Tre City-1677.jpeg,0.6985678896307945,106.37760105817705N,10.238110139548848E,"['719.jpeg', '708.jpeg', '694.jpeg']"
5936,Duy Tiên District-1579.jpeg,0.6984142400324345,106.01376510818362N,20.618698710273378E,[]
5937,Hiệp Hòa District-7892.jpeg,0.6983648501336575,106.00642544439235N,21.367240549784967E,[]
5939,Thanh Liêm District-6338.jpeg,0.6981493141502142,105.95202458115568N,20.48952188159442E,[]
5942,Tây Ninh City-2803.jpeg,0.6980409435927868,106.14849298625326N,11.360949708070462E,[]
5943,Phu Ly City-3063.jpeg,0.698040755931288,105.984760963349N,20.559931744642174E,[]
5945,Cai Lậy Town-5229.jpeg,0.6979806870222092,106.17997415845981N,10.458529243923762E,[]
5947,Mỹ Hào District-2470.jpeg,0.697729367762804,106.125267891402N,20.94197081095056E,[]
5949,Vĩnh Long-939.jpeg,0.697542741894722,105.92404928014885N,10.24764993811426E,[]
5950,Hung Yen City-1264.jpeg,0.6974882688373327,106.09648529835867N,20.638129741792287E,[]
5953,Thanh Liêm District-3575.jpeg,0.6974434182047844,105.90025453370419N,20.450445345470033E,[]
5960,Thanh Liêm District-26.jpeg,0.6970651890151203,105.92613955742995N,20.366902406169626E,[]
5963,Duy Tiên District-5816.jpeg,0.6968514025211334,106.00368647456851N,20.688766981944756E,[]
5964,Tây Ninh City-1174.jpeg,0.6967746503651142,106.13199995348471N,11.328610505761462E,[]
5966,Phu Ly City-4277.jpeg,0.6966638639569283,105.93007974191885N,20.594965880477854E,[]
5968,Go Cong Town-2040.jpeg,0.6966371275484562,106.6662623665304N,10.396736873981526E,[]
5969,Hiệp Hòa District-6006.jpeg,0.6966102160513401,105.95145637212903N,21.340291214526662E,[]
5973,Duy Tiên District-489.jpeg,0.6963297352194786,105.97633018332745N,20.583664574437694E,[]
5981,Châu Thành District-1287.jpeg,0.6956384181976318,106.24849116049872N,10.262396737831006E,[]
5986,Thanh Liêm District-901.jpeg,0.6952631659805775,105.93908206929281N,20.404631475531097E,[]
5989,Hiệp Hòa District-7208.jpeg,0.6950125843286514,105.98906678999342N,21.356460815681647E,[]
5991,Cai Lậy Town-1591.jpeg,0.6948395147919655,106.18682458406407N,10.391155905780133E,[]
5993,Cai Lậy Town-5842.jpeg,0.694799117743969,106.14709211555929N,10.470656444789617E,[]
5994,Long Hồ District-668.jpeg,0.6947908960282803,105.9810871675847N,10.15264283751221E,[]
5998,Duy Tiên District-878.jpeg,0.6942365802824497,105.93169623446049N,20.602529109118446E,[]
5999,Châu Thành District-9673.jpeg,0.6941814422607422,106.30190138724483N,10.320337808634513E,[]
6000,Go Cong Town-1014.jpeg,0.6940950155258179,106.63886207768692N,10.369787538724077E,[]
6001,Trà Vinh City-2407.jpeg,0.6939672976732254,106.35091834595066N,9.976913175873909E,[]
6002,Duy Tiên District-429.jpeg,0.6939434036612511,105.97776998812962N,20.579622174148962E,[]
6005,Duy Tiên District-1763.jpeg,0.6938237007707357,106.01808452259013N,20.621393643799195E,[]
6006,Hung Yen City-811.jpeg,0.6937709338963032,106.09216507343562N,20.628697474451904E,[]
6007,Trà Vinh City-1671.jpeg,0.6937532313168049,106.32082124835837N,9.958048641193713E,[]
6009,Cai Lậy Town-538.jpeg,0.6935983300209045,106.11283998753794N,10.373638837862787E,[]
6010,Cai Lậy Town-5484.jpeg,0.6935173720121384,106.14024168995502N,10.463919110975251E,[]
6011,Thái Bình-1712.jpeg,0.6934074629098177,106.33494997509344N,20.454069976409034E,[]
6013,Mỹ Tho-4015.jpeg,0.6930794231593609,106.377952395617N,10.402821142183061E,[]
6014,Sa Đéc City-1076.jpeg,0.6928131952881813,105.74497130629103N,10.300405338991713E,[]
6016,Mỹ Hào District-734.jpeg,0.6926536113023758,106.10074345826607N,20.90693667511483E,[]
6017,Hiệp Hòa District-7555.jpeg,0.6924754716455936,105.97170813559445N,21.361850682733312E,['128.jpeg']
6018,Long Hồ District-2276.jpeg,0.6924458337016404,105.95917924312353N,10.172854838955288E,[]
6020,Binh Minh Town-2396.jpeg,0.6924210116267204,105.88984799411695N,10.047720940644355E,[]
6021,Sa Đéc City-149.jpeg,0.6923673823475838,105.75455874109232N,10.270761070208524E,[]
6025,Go Cong Town-1649.jpeg,0.6922633871436119,106.68270253983648N,10.385957139878546E,[]
6027,Sa Đéc City-1322.jpeg,0.6921647265553474,105.76003727526444N,10.308490139568944E,[]
6030,Cai Lậy Town-3496.jpeg,0.6918993145227432,106.1525724560427N,10.427537508377691E,[]
6031,Sa Đéc City-2593.jpeg,0.6917312443256378,105.71483936834429N,10.359693876558092E,[]
6032,Duy Tiên District-5149.jpeg,0.6916099968366325,105.92161760084535N,20.67124991402691E,[]
6033,Hiệp Hòa District-9076.jpeg,0.6915842890739441,105.98038746279394N,21.39418988504327E,[]
6038,Cai Lậy Town-3574.jpeg,0.6913570910692215,106.16764339237213N,10.428884975140564E,[]
6039,Binh Minh Town-2811.jpeg,0.6913193948566914,105.84468912301752N,10.057153207984456E,[]
6041,Long Hồ District-851.jpeg,0.691199354827404,105.94000980922003N,10.155337771037951E,[]
6042,Sa Đéc City-1269.jpeg,0.6911167651414871,105.7394927721189N,10.307142672806073E,[]
6047,Mỹ Tho-2002.jpeg,0.6908294185996056,106.31220163516828N,10.365092072822634E,[]
6048,Phu Ly City-2171.jpeg,0.6907595191150904,105.8782764795113N,20.545109610250154E,[]
6049,Go Cong Town-179.jpeg,0.6906997300684452,106.6922926409317N,10.344185670229502E,[]
6052,Phu Ly City-2808.jpeg,0.6902379803359509,105.93583565996408N,20.55588934435344E,[]
6058,Long Hồ District-6023.jpeg,0.6898111514747143,106.0276415070647N,10.234838310047401E,[]
6061,Thái Bình-944.jpeg,0.6896214801818132,106.38528447984417N,20.437900375254113E,[]
6064,Tam Điệp-1961.jpeg,0.6891841003671288,105.87660127839526N,20.149339742500807E,[]
6066,Long Hồ District-3715.jpeg,0.6890464965254068,105.9810871675847N,10.190371906872624E,[]
6068,Hiệp Hòa District-6624.jpeg,0.6888733468949795,105.97604779919419N,21.348376015104158E,[]
6072,Thái Bình-1208.jpeg,0.6888300739228725,106.3766557076012N,20.443290242305753E,[]
6074,Hiệp Hòa District-3455.jpeg,0.6886921152472496,106.0266772078578N,21.303909611927963E,[]
6075,Mỹ Tho-3239.jpeg,0.6886262968182564,106.32316009524305N,10.386651541028591E,[]
6081,Thanh Liêm District-7009.jpeg,0.6884181946516037,105.98078571862875N,20.50030161569771E,[]
6083,Tây Ninh City-164.jpeg,0.6883046999573708,106.07564875819214N,11.30300863726684E,[]
6087,Phu Ly City-3240.jpeg,0.688024252653122,105.92720178289618N,20.56397414493091E,[]
6088,Sa Đéc City-2654.jpeg,0.687927570194006,105.71346973480124N,10.362388810083837E,[]
6091,Tây Ninh City-941.jpeg,0.6878816746175289,106.13062553408732N,11.323220638709966E,[]
6093,Long Xuyen City-5122.jpeg,0.6877627484500408,105.41529991981282N,10.425687078301731E,[]
6098,Cai Lậy Town-4356.jpeg,0.6875277459621429,106.10872973217536N,10.443707109532163E,[]
6102,Tây Ninh City-4113.jpeg,0.6874015517532825,106.14024646986898N,11.382509176276463E,[]
6107,Thanh Liêm District-893.jpeg,0.6870746612548828,105.9275776143036N,20.404631475531097E,[]
6109,Cao Lanh City-4803.jpeg,0.6869976092129946,105.59065230881261N,10.499867409548223E,[]
6113,Mỹ Hào District-191.jpeg,0.686750028282404,106.11661220911876N,20.889419607196963E,[]
6114,Long Hồ District-4851.jpeg,0.6867390694096684,105.92631735643175N,10.211931375078578E,[]
6118,Go Cong Town-2998.jpeg,0.6864451952278614,106.62516193326519N,10.419643808950358E,[]
6120,Yên Mỹ District-3660.jpeg,0.6863704118877649,105.97868353508333N,20.916521011804864E,[]
6121,Chau Doc City-3720.jpeg,0.686350152362138,105.15087311096424N,10.693090075503628E,[]
6123,Thanh Liêm District-3005.jpeg,0.6862407326698303,105.91175898869342N,20.442360544892573E,[]
6124,Tam Điệp-2889.jpeg,0.6862055417150259,105.86081173076859N,20.162814410129887E,[]
6127,Cai Lậy Town-6009.jpeg,0.686057984828949,106.10050922145024N,10.474698845078231E,[]
6131,Go Cong Town-3973.jpeg,0.6857703290879726,106.66352233764604N,10.435813410104826E,[]
6135,Duy Tiên District-333.jpeg,0.6855067275464535,105.99072823134907N,20.57423230709733E,[]
6138,Thanh Liêm District-1180.jpeg,0.6854705959558487,105.9275776143036N,20.411368809345642E,[]
6140,Cai Lậy Town-1336.jpeg,0.6853779535740614,106.17175364773465N,10.387113505491515E,[]
6144,Cai Lậy Town-1708.jpeg,0.6850865595042706,106.12517075362561N,10.393850839305879E,[]
6145,Tây Ninh City-268.jpeg,0.6849901881068945,106.0990138879476N,11.30570357079259E,['605.jpeg']
6147,Trà Vinh City-655.jpeg,0.6849230732768774,106.31808514857725N,9.914929704781827E,[]
6149,Sa Đéc City-15.jpeg,0.6847145110368729,105.72442680314552N,10.264023736394163E,[]
6150,Duy Tiên District-4462.jpeg,0.6847014203667641,105.90146033361509N,20.66047017992362E,[]
6152,Cai Lậy Town-6527.jpeg,0.684635553508997,106.12654083874648N,10.488173512706958E,[]
6153,Long Hồ District-4335.jpeg,0.6845805011689663,105.95644075256588N,10.201151640975601E,[]
6155,Châu Thành District-3467.jpeg,0.6845685206353664,106.16632158088929N,10.278566338985474E,[]
6156,Long Hồ District-53.jpeg,0.6845526024699211,106.00573358260351N,10.139168169883492E,[]
6161,Long Hồ District-579.jpeg,0.6841744631528854,105.99204112981529N,10.151295370749338E,[]
6162,Binh Minh Town-3909.jpeg,0.684094849973917,105.86111053069003N,10.086797476767636E,[]
6163,Châu Thành District-1798.jpeg,0.6840458689257503,106.27314203438154N,10.266439138119624E,[]
6164,Châu Thành District-6382.jpeg,0.6840221546590328,106.32244378214718N,10.296083406902813E,[]
6166,Tây Ninh City-6101.jpeg,0.6839490458369255,106.18010463239294N,11.417543312111215E,[]
6167,Cai Lậy Town-5436.jpeg,0.6838767006993294,106.17175364773465N,10.46257164421238E,[]
6169,Thanh Liêm District-0.jpeg,0.6838404047302902,105.91894927306168N,20.364207472643802E,[]
6170,Long Hồ District-5949.jpeg,0.6837694104760885,105.99477962037295N,10.233490843284528E,[]
6171,Thanh Liêm District-5782.jpeg,0.6834107954055071,105.92901567117725N,20.481437081016963E,[]
6173,Go Cong Town-1086.jpeg,0.6832734690979123,106.66763238097258N,10.371135005486948E,[]
6175,Go Cong Town-2167.jpeg,0.6831350401043892,106.6964026842582N,10.399431807507273E,[]
6185,Go Cong Town-2045.jpeg,0.682745885103941,106.67311243874127N,10.396736873981526E,[]
6186,Phu Ly City-590.jpeg,0.6827365756034851,105.95310341409997N,20.518160274991946E,[]
6187,Cao Lanh City-4491.jpeg,0.682631827890873,105.63038920696117N,10.493130075733859E,[]
6189,Ninh Bình-1175.jpeg,0.6825325381942093,106.02041108181324N,20.244222409005623E,[]
6190,Mỹ Tho-3607.jpeg,0.6824892275035381,106.40260893078528N,10.392041408080079E,[]
6194,Trà Vinh City-1305.jpeg,0.6821712031960487,106.34544614638844N,9.943226506802128E,['727.jpeg']
6199,Tây Ninh City-6566.jpeg,0.6819855310022831,106.17460695480347N,11.428323046214217E,[]
6202,Duy Tiên District-1482.jpeg,0.6815480217337608,105.98064959773394N,20.61735124351047E,[]
6204,Hung Yen City-2632.jpeg,0.6814645510166883,106.07488417374337N,20.68124867820544E,[]
6205,Cai Lậy Town-5610.jpeg,0.6814642958343029,106.11832032802134N,10.466614044500997E,[]
6206,Châu Thành District-5268.jpeg,0.6813966780900955,106.23068775158336N,10.289346073088451E,[]
6209,Tây Ninh City-494.jpeg,0.6812283312901855,106.082520855179N,11.312440904606968E,[]
6211,Phu Ly City-4026.jpeg,0.6811424270272255,105.94734749605469N,20.582838679611655E,[]
6212,Bến Tre City-1894.jpeg,0.6810480915009975,106.35158502396425N,10.242152539837459E,[]
6214,Long Xuyen City-4658.jpeg,0.6809057798236609,105.4536556636818N,10.412212410673003E,[]
6218,Duy Tiên District-3767.jpeg,0.6807452104985714,105.99504764575553N,20.649690445820323E,[]
6221,Ninh Bình-909.jpeg,0.6806267146021128,105.97876151300423N,20.238832541953983E,[]
6223,Long Hồ District-5222.jpeg,0.6805764026939869,105.98519490342119N,10.218668708892936E,['558.jpeg']
6225,Cai Lậy Town-4914.jpeg,0.6804879270493984,106.14435194531758N,10.45313937687227E,[]
6227,Tây Ninh City-1812.jpeg,0.680293757468462,106.08526969397381N,11.343432640153088E,[]
6230,Thái Bình-3133.jpeg,0.6801431328058243,106.35796003440808N,20.491799045770513E,[]
6231,Phu Ly City-2484.jpeg,0.6801336482167244,105.89410525413581N,20.550499477301795E,[]
6233,Duy Tiên District-1557.jpeg,0.6801097989082336,105.97345057372313N,20.618698710273378E,[]
6234,Long Hồ District-1286.jpeg,0.6800549477338791,105.97424094119057N,10.16072763808944E,[]
6237,Cai Lậy Town-3681.jpeg,0.6798970550298691,106.12928100898819N,10.43157990866631E,[]
6242,Tây Ninh City-6301.jpeg,0.6794536113739014,106.12237901770304N,11.422933179162715E,[]
6250,Phu Ly City-1240.jpeg,0.6788953244686127,105.98044402481504N,20.528940009095233E,[]
6253,Thanh Liêm District-7888.jpeg,0.6787496022880077,105.97790960488143N,20.52051361714136E,[]
6256,Duy Tiên District-1291.jpeg,0.6785007677972317,105.97776998812962N,20.61330884322173E,[]
6261,Hiệp Hòa District-2747.jpeg,0.6781854592263699,105.96592191746147N,21.293129877824647E,[]
6265,Duy Tiên District-5289.jpeg,0.6778751369565725,105.927376820054N,20.67394484755273E,[]
6270,Hung Yen City-224.jpeg,0.6774496659636497,106.0835246235895N,20.6152228068228E,[]
6271,Cai Lậy Town-3383.jpeg,0.6773446053266525,106.19093483942662N,10.424842574851947E,[]
6272,Hiệp Hòa District-3251.jpeg,0.6773130521178246,105.98906678999342N,21.301214678402133E,[]
6273,Yên Mỹ District-4169.jpeg,0.6772922640666366,106.0608958532426N,20.927300745908166E,[]
6275,Cai Lậy Town-4091.jpeg,0.6771950200200081,106.18134424358063N,10.43831724248067E,[]
6276,Go Cong Town-2239.jpeg,0.6771468557417393,106.6457121498978N,10.402126741033015E,[]
6277,Yên Mỹ District-480.jpeg,0.6770710926502943,106.03204942581829N,20.858579940999633E,[]
6280,Binh Minh Town-1165.jpeg,0.6768670529127121,105.86521588260818N,10.022119072149795E,[]
6283,Tây Ninh City-3349.jpeg,0.6767814010381699,106.12375343710043N,11.370381975410586E,[]
6284,Yên Mỹ District-3017.jpeg,0.6767732910811901,105.99022210605307N,20.90439381093865E,[]
6287,Tây Ninh City-2365.jpeg,0.6767240650951862,106.08939295216592N,11.354212374256086E,[]
6288,Duy Tiên District-1391.jpeg,0.6766907200217247,105.95185350169072N,20.616003776747554E,[]
6290,Châu Thành District-2009.jpeg,0.6766369491815567,106.32244378214718N,10.267786604882494E,[]
6291,Long Hồ District-4627.jpeg,0.6765214949846268,105.97834867702704N,10.206541508027088E,[]
6292,Binh Minh Town-1619.jpeg,0.6764291012659669,105.82689926470562N,10.032898806252769E,[]
6294,Cai Lậy Town-5953.jpeg,0.676235131919384,106.1142100726588N,10.473351378315359E,[]
6297,Thanh Liêm District-3809.jpeg,0.6761920899152756,105.954900694903N,20.45314027899585E,[]
6300,Chau Doc City-2942.jpeg,0.6760476566851139,105.14538808683676N,10.680962874637771E,['475.jpeg']
6302,Hung Yen City-2818.jpeg,0.6759315580129623,106.0864047735382N,20.686638545257086E,[]
6304,Trà Vinh City-503.jpeg,0.6757145002484322,106.3303975975923N,9.909539837730343E,[]
6307,Bac Giang City-2502.jpeg,0.6756650321185589,106.20106780601776N,21.291479478111572E,[]
6308,Chau Doc City-562.jpeg,0.6756646130234003,105.10562166191242N,10.636496471462953E,[]
6309,Hiệp Hòa District-6165.jpeg,0.6756583750247955,106.02812376239105N,21.34163868128958E,[]
6311,Phu Ly City-2313.jpeg,0.6754471436142921,105.97181014774712N,20.546457077013063E,[]
6312,Sa Đéc City-2990.jpeg,0.6754416413605213,105.71620900188731N,10.37990587800118E,[]
6316,Binh Minh Town-1962.jpeg,0.6752870827913284,105.8528998268538N,10.039636140067126E,[]
6318,Go Cong Town-1006.jpeg,0.6752266138792038,106.69777269870038N,10.368440071961205E,[]
6320,Long Hồ District-6042.jpeg,0.675184179097414,105.94411754505647N,10.236185776810276E,[]
6324,Cai Lậy Town-5976.jpeg,0.6747174337506294,106.14572203043844N,10.473351378315359E,[]
6326,Tây Ninh City-6066.jpeg,0.6746806204319,106.13199995348471N,11.417543312111215E,[]
6327,Long Xuyen City-3967.jpeg,0.6746281944215298,105.40708083184089N,10.396042809518535E,[]
6329,Trà Vinh City-1841.jpeg,0.6746110059320927,106.30577269956223N,9.963438508245199E,[]
6330,Bac Giang City-2512.jpeg,0.6745998188853264,106.21552737887913N,21.291479478111572E,[]
6331,Cao Lanh City-5003.jpeg,0.674555093050003,105.60983563895327N,10.503909809836841E,[]
6332,Hiệp Hòa District-7019.jpeg,0.6744391098618507,105.99051334452666N,21.353765882155816E,[]
6334,Thanh Liêm District-2215.jpeg,0.674286525696516,105.9275776143036N,20.430233344026384E,[]
6340,Tây Ninh City-4696.jpeg,0.6737742573022842,106.1127580819214N,11.39194144361659E,[]
6341,Go Cong Town-4937.jpeg,0.6737591940909624,106.64708216433996N,10.474889946228133E,[]
6345,Châu Thành District-3431.jpeg,0.6735738429706544,106.41830829169147N,10.277218872222601E,[]
6346,Cao Lanh City-4226.jpeg,0.6735351532697678,105.6427213477659N,10.487740208682368E,[]
6349,Hiệp Hòa District-819.jpeg,0.673448383808136,105.98038746279394N,21.25674827522595E,[]
6350,Cao Lanh City-4826.jpeg,0.6733894273638725,105.62216777975802N,10.499867409548223E,[]
6351,Thanh Liêm District-3605.jpeg,0.6733065731823444,105.94339623991378N,20.450445345470033E,[]
6357,Tây Ninh City-1964.jpeg,0.6727251671254635,106.11550692071616N,11.346127573678837E,[]
6358,Mỹ Tho-1456.jpeg,0.6726677524857223,106.33000913278981N,10.355659805482526E,[]
6366,Châu Thành District-4048.jpeg,0.6717211324721575,106.3607895859649N,10.281261272511216E,[]
6368,Yên Mỹ District-3942.jpeg,0.6716770566999912,106.01906853347737N,20.921910878856515E,[]
6370,Yên Mỹ District-3980.jpeg,0.6714450833387673,105.98301049919701N,20.92325834561943E,[]
6376,Yên Mỹ District-3258.jpeg,0.6711182296276093,106.01329924799252N,20.90843621122739E,[]
6378,Hung Yen City-531.jpeg,0.6711011398583651,106.05904334902549N,20.623307607400267E,[]
6386,Duy Tiên District-491.jpeg,0.6709436178207397,105.97920979293177N,20.583664574437694E,[]
6393,Vĩnh Long-957.jpeg,0.6705230623483658,105.94869725199236N,10.24764993811426E,[]
6394,Tây Ninh City-576.jpeg,0.670504642650485,106.13199995348471N,11.313788371369842E,[]
6403,Long Hồ District-6289.jpeg,0.6699319109320641,105.99888735620941N,10.242923110624638E,[]
6406,Mỹ Hào District-195.jpeg,0.6697222869843245,106.08343209369957N,20.89076707395989E,[]
6412,Binh Minh Town-262.jpeg,0.6692191176116467,105.87068968516567N,9.999212137180981E,[]
6413,Cai Lậy Town-2666.jpeg,0.6690665930509567,106.1142100726588N,10.41136790722322E,[]
6415,Tây Ninh City-3665.jpeg,0.6688024178147316,106.10176272674236N,11.375771842462086E,[]
6423,Mỹ Tho-1968.jpeg,0.6683862283825874,106.37384297308895N,10.36374460605976E,[]
6424,Mỹ Tho-728.jpeg,0.6683593615889549,106.40123912327594N,10.342185137853802E,[]
6429,Tây Ninh City-1832.jpeg,0.668153814971447,106.1127580819214N,11.343432640153088E,['988.jpeg']
6431,Hiệp Hòa District-5147.jpeg,0.6680411100387573,105.9225252814641N,21.329511480423346E,[]
6432,Trà Vinh City-130.jpeg,0.6680162660777569,106.34818224616954N,9.894717703338756E,[]
6437,Long Hồ District-4097.jpeg,0.6677992511540651,105.92494811115294N,10.197109240686984E,[]
6438,Mỹ Tho-4039.jpeg,0.667662113904953,106.38617124067312N,10.404168608945934E,[]
6439,Cao Lanh City-4950.jpeg,0.6676170974969864,105.629018969094N,10.50256234307397E,[]
6440,Hiệp Hòa District-7805.jpeg,0.6675669080577791,105.98906678999342N,21.365893083022055E,[]
6441,Tây Ninh City-161.jpeg,0.6675639878958464,106.1251278564978N,11.301661170503968E,[]
6442,Phu Ly City-2423.jpeg,0.6674530208110809,105.91281198778299N,20.54915201053889E,[]
6446,Long Hồ District-4844.jpeg,0.667197871953249,106.0043643373247N,10.210583908315703E,[]
6451,Hoa Lư District-393.jpeg,0.6668348398525268,105.95645267629762N,20.19664430755339E,[]
6453,Thanh Liêm District-6437.jpeg,0.6667792648077011,105.97503349113417N,20.49086934835734E,[]
6454,Bac Giang City-1400.jpeg,0.6665998715907335,106.1837163185841N,21.271267476667855E,[]
6456,Hiệp Hòa District-9474.jpeg,0.6665788143873215,105.96592191746147N,21.404969619146602E,[]
6457,Go Cong Town-3856.jpeg,0.6665725000202656,106.61146178884346N,10.434465943341957E,[]
6458,Vĩnh Long-948.jpeg,0.6665627919137478,105.9363732660706N,10.24764993811426E,[]
6459,Long Xuyen City-1705.jpeg,0.6664908798411489,105.44406672771456N,10.347534006055131E,[]
6461,Go Cong Town-2215.jpeg,0.666326992213726,106.68818259760518N,10.40077927427014E,[]
6462,Go Cong Town-4164.jpeg,0.6662972569465637,106.62379191882302N,10.43985581039345E,[]
6463,Sa Đéc City-1750.jpeg,0.6662287078797817,105.72168753605945N,10.324659740723416E,[]
6464,Hiệp Hòa District-2224.jpeg,0.6661676727235317,105.98617368092694N,21.28369761048424E,[]
6465,Long Xuyen City-418.jpeg,0.6661647967994213,105.47283353561627N,10.317889737271937E,[]
6470,Thái Bình-2023.jpeg,0.6658402364701033,106.35076939087223N,20.460807310223583E,[]
6472,Sa Đéc City-2572.jpeg,0.6658136947080493,105.7312749708607N,10.358346409795221E,[]
6476,Cai Lậy Town-4365.jpeg,0.6656706668436527,106.12106049826308N,10.443707109532163E,[]
6480,Go Cong Town-197.jpeg,0.6655427441000938,106.67174242429908N,10.345533136992373E,[]
6484,Tây Ninh City-6768.jpeg,0.6654124185442924,106.16086276082966N,11.43910278031722E,[]
6485,Long Hồ District-6475.jpeg,0.665298193693161,106.00984131843998N,10.25235537796474E,['555.jpeg']
6486,Thanh Liêm District-3013.jpeg,0.6652605775743723,105.92326344368263N,20.442360544892573E,[]
6490,Duy Tiên District-2176.jpeg,0.6647968254983425,105.92881662485615N,20.62813097761375E,[]
6492,Duy Tiên District-185.jpeg,0.6645778380334377,105.96769135451449N,20.568842440045678E,[]
6494,Sa Đéc City-2269.jpeg,0.6644380688667297,105.73675350503285N,10.34621920892937E,['521.jpeg']
6495,Cai Lậy Town-1289.jpeg,0.6644241735339165,106.10735964705452N,10.387113505491515E,[]
6500,Long Hồ District-2755.jpeg,0.663887232542038,105.99751811093057N,10.178244706006778E,[]
6503,Long Hồ District-1291.jpeg,0.6637587174773216,105.9810871675847N,10.16072763808944E,[]
6504,Duy Tiên District-2684.jpeg,0.6637422740459442,105.97633018332745N,20.63486831142831E,[]
6507,Cao Lanh City-894.jpeg,0.6635105134919286,105.62079754189082N,10.424409270827352E,[]
6508,Trà Vinh City-921.jpeg,0.6634994670748711,106.30850879934333N,9.924361972121927E,[]
6509,Phu Ly City-1070.jpeg,0.6634911000728607,105.97612708628108N,20.526245075569413E,[]
6510,Duy Tiên District-1217.jpeg,0.6634898334741592,105.9417748680756N,20.61196137645883E,[]
6511,Long Hồ District-3840.jpeg,0.6634427960962057,105.89893245085528N,10.193066840398368E,[]
6514,Tam Điệp-2223.jpeg,0.6631515957415104,105.88377834549836N,20.15338214278953E,[]
6515,Hiệp Hòa District-3187.jpeg,0.6631255820393562,106.0208909897248N,21.299867211639217E,[]
6520,Tây Ninh City-2801.jpeg,0.6627642102539539,106.14574414745852N,11.360949708070462E,[]
6523,Long Xuyen City-1356.jpeg,0.6622907035052776,105.45913505566305N,10.339449205477894E,[]
6524,Duy Tiên District-2795.jpeg,0.6622810959815979,106.00224666976634N,20.63621577819122E,[]
6525,Go Cong Town-2217.jpeg,0.6621560901403427,106.69092262648952N,10.40077927427014E,[]
6526,Sa Đéc City-1620.jpeg,0.6620849324390292,105.74771057337713N,10.319269873671924E,[]
6528,Long Hồ District-8437.jpeg,0.6619374193251133,105.95096377145056N,10.295474314376653E,[]
6530,Tây Ninh City-2786.jpeg,0.6618654308840632,106.1251278564978N,11.360949708070462E,[]
6531,Sa Đéc City-546.jpeg,0.6618523374199867,105.7394927721189N,10.282888271074373E,[]
6532,Tây Ninh City-4785.jpeg,0.6616723574697971,106.11963017890828N,11.393288910379463E,[]
6535,Hiệp Hòa District-2645.jpeg,0.6615246161818504,105.93265116319684N,21.291782411061728E,[]
6539,Sa Đéc City-1469.jpeg,0.6612303629517555,105.74908020692013N,10.313880006620439E,[]
6540,Phu Ly City-1748.jpeg,0.6611781865358353,105.97900504530372N,20.537024809672698E,[]
6542,Thanh Liêm District-1363.jpeg,0.6611192151904106,105.92326344368263N,20.415411209634375E,[]
6544,Thanh Liêm District-7460.jpeg,0.6608609966933727,105.96496709301853N,20.508386416275172E,[]
6545,Duy Tiên District-1882.jpeg,0.660840354859829,105.91585838163671N,20.624088577325022E,[]
6546,Bac Giang City-2919.jpeg,0.6606463054195046,106.16636483115046N,21.300911745451973E,[]
6549,Trà Vinh City-841.jpeg,0.6605147290974855,106.30577269956223N,9.921667038596183E,[]
6553,Chau Doc City-4148.jpeg,0.6603682562708855,105.11659171016743N,10.70117487608087E,"['959.jpeg', '470.jpeg']"
6554,Thanh Liêm District-6433.jpeg,0.6603183355182409,105.9692812636395N,20.49086934835734E,[]
6555,Phu Ly City-1676.jpeg,0.6602796576917171,105.9991507584622N,20.535677342909782E,[]
6557,Châu Thành District-2427.jpeg,0.6602139249444008,106.43611170060682N,10.27048153840824E,[]
6560,Bac Giang City-1402.jpeg,0.6594824874773622,106.18660823315636N,21.271267476667855E,[]
6562,Cai Lậy Town-5175.jpeg,0.659436047077179,106.10598956193365N,10.458529243923762E,[]
6565,Cai Lậy Town-109.jpeg,0.6591603010892868,106.12928100898819N,10.358816703471197E,[]
6570,Duy Tiên District-3360.jpeg,0.6589581519365311,105.97345057372313N,20.644300578768686E,[]
6571,Binh Minh Town-1722.jpeg,0.6589299775660038,105.88163729028066N,10.03424627301564E,[]
6572,Châu Thành District-1764.jpeg,0.6589288003742695,106.22657927260288N,10.266439138119624E,[]
6578,Hiệp Hòa District-8641.jpeg,0.6583375968039036,106.00497888985912N,21.38341015093995E,[]
6580,Mỹ Tho-3991.jpeg,0.658230472356081,106.38617124067312N,10.40147367542019E,[]
6585,Sa Đéc City-1565.jpeg,0.6580443326383829,105.72305716960248N,10.31792240690905E,[]
6586,Tây Ninh City-1645.jpeg,0.6580122103914618,106.111383662524N,11.339390239864464E,[]
6589,Hung Yen City-3191.jpeg,0.657896138727665,106.04032237435887N,20.700113212886198E,[]
6590,Tây Ninh City-2731.jpeg,0.657802626490593,106.1581139220349N,11.359602241307586E,[]
6595,Long Xuyen City-3036.jpeg,0.6576153859496117,105.4536556636818N,10.375830808075445E,[]
6598,Ninh Bình-1072.jpeg,0.6573159173130989,105.95721863258582N,20.24287494224271E,[]
6599,Go Cong Town-3271.jpeg,0.6573137864470482,106.6922926409317N,10.423686209238976E,[]
6600,Sa Đéc City-908.jpeg,0.6573131531476974,105.74497130629103N,10.295015471940223E,[]
6601,Mỹ Tho-2229.jpeg,0.6572863790206611,106.40671835331334N,10.367787006348378E,[]
6602,Cai Lậy Town-4663.jpeg,0.6572664007544518,106.10461947681281N,10.449096976583652E,[]
6603,Cai Lậy Town-3209.jpeg,0.6572245210409164,106.14983228580098N,10.422147641326202E,[]
6604,Thanh Liêm District-7290.jpeg,0.6572127491235733,105.92326344368263N,20.505691482749345E,[]
6605,Hiệp Hòa District-6307.jpeg,0.657155517488718,105.93120460866358N,21.344333614815408E,[]
6609,Tây Ninh City-4944.jpeg,0.6570089533925056,106.1127580819214N,11.395983843905213E,[]
6611,Binh Minh Town-2658.jpeg,0.6568641923367977,105.87753193836252N,10.053110807695843E,[]
6612,Long Hồ District-5827.jpeg,0.6568609066307545,105.99067188453644N,10.230795909758786E,[]
6613,Cao Lanh City-2193.jpeg,0.6568430587649345,105.68108800804731N,10.444621272270446E,[]
6614,Sa Đéc City-135.jpeg,0.6568358358927071,105.7353838714898N,10.270761070208524E,[]
6615,Tây Ninh City-6279.jpeg,0.6568139493465424,106.17598137420082N,11.421585712399843E,[]
6617,Cao Lanh City-1664.jpeg,0.6567586660385132,105.63038920696117N,10.436536471693207E,[]
6618,Cao Lanh City-3766.jpeg,0.6567504964768887,105.6591642021722N,10.478307941342258E,[]
6627,Mỹ Hào District-1610.jpeg,0.655918026342988,106.09785823083833N,20.92714867655852E,[]
6628,Tây Ninh City-3998.jpeg,0.6558883339166641,106.0990138879476N,11.381161709513586E,[]
6631,Vĩnh Long-37.jpeg,0.6556482538580894,105.95554391083778N,10.224743003145434E,[]
6633,Hiệp Hòa District-6008.jpeg,0.6554906107485294,105.95434948119552N,21.340291214526662E,[]
6636,Cai Lậy Town-995.jpeg,0.6551802605390549,106.13887160483415N,10.381723638440027E,['79.jpeg']
6641,Cao Lanh City-404.jpeg,0.6550392964854836,105.63861063416432N,10.41632447025012E,[]
6644,Thanh Liêm District-6841.jpeg,0.6548600681126118,105.97359543426047N,20.49760668217188E,[]
6645,Vĩnh Long-287.jpeg,0.654846703633666,105.94321992491601N,10.23417527048554E,[]
6649,Cai Lậy Town-1497.jpeg,0.6544664837419987,106.16901347749294N,10.38980843901726E,[]
6650,Mỹ Tho-2291.jpeg,0.6544612883590162,106.3834316256544N,10.369134473111249E,['835.jpeg']
6651,Châu Thành District-10336.jpeg,0.654291876591742,106.36489806494536N,10.328422609211742E,[]
6653,Hiệp Hòa District-6645.jpeg,0.6542209088802338,106.00642544439235N,21.348376015104158E,[]
6656,Long Hồ District-6325.jpeg,0.6539035681635141,106.00573358260351N,10.244270577387509E,[]
6657,Hiệp Hòa District-854.jpeg,0.6538942530751228,105.96881502652796N,21.258095741988868E,['171.jpeg']
6658,Thanh Liêm District-6265.jpeg,0.6538598574697971,105.97071932051318N,20.488174414831512E,[]
6659,Duy Tiên District-502.jpeg,0.6538594011217356,105.96193213530586N,20.585012041200606E,[]
6662,Cai Lậy Town-4454.jpeg,0.6537091284990311,106.1347613494716N,10.445054576295032E,[]
6663,Sa Đéc City-2779.jpeg,0.6537076197564602,105.72168753605945N,10.36777867713533E,[]
6668,Binh Minh Town-607.jpeg,0.6532192826271057,105.88574264219878N,10.008644404521078E,[]
6670,Mỹ Tho-3953.jpeg,0.652955774217844,106.37932220312635N,10.400126208657317E,[]
6671,Binh Minh Town-1251.jpeg,0.6528562121093273,105.82279391278752N,10.024814005675537E,[]
6673,Long Hồ District-4309.jpeg,0.6527137607336044,105.92084037531647N,10.201151640975601E,[]
6681,Go Cong Town-3340.jpeg,0.6518975049257278,106.67311243874127N,10.425033676001851E,[]
6682,Hiệp Hòa District-4816.jpeg,0.6518210307694972,106.0107651079921N,21.324121613371688E,[]
6688,Cai Lậy Town-2308.jpeg,0.6514309234917164,106.10872973217536N,10.404630573408856E,[]
6689,Hiệp Hòa District-3222.jpeg,0.6513831513002515,105.9471167085293N,21.301214678402133E,[]
6695,Cai Lậy Town-3772.jpeg,0.6511207744479179,106.15531262628441N,10.432927375429179E,[]
6699,Hiệp Hòa District-4174.jpeg,0.6510240733623505,105.99629956265962N,21.31468934603128E,[]
6701,Hiệp Hòa District-733.jpeg,0.6508598178625107,105.97460124466096N,21.254053341700118E,[]
6705,Châu Thành District-4275.jpeg,0.6505350843071938,106.36900654392583N,10.28260873927409E,[]
6706,Sa Đéc City-2361.jpeg,0.6504142992198467,105.72716607023159N,10.350261609217988E,[]
6707,Cai Lậy Town-4696.jpeg,0.6504044011235237,106.14983228580098N,10.449096976583652E,[]
6713,Cai Lậy Town-1570.jpeg,0.6501656994223595,106.15805279652612N,10.391155905780133E,[]
6714,Mỹ Hào District-2638.jpeg,0.6501326076686382,106.12382527768811N,20.94466574447639E,[]
6717,Châu Thành District-4473.jpeg,0.6498783957213163,106.33750820507557N,10.283956206036958E,[]
6718,Thanh Liêm District-2397.jpeg,0.6497752405703068,105.93764401241917N,20.432928277552207E,[]
6720,Châu Thành District-10171.jpeg,0.6497399229556322,106.36900654392583N,10.325727675686002E,[]
6726,Long Hồ District-2530.jpeg,0.649356922134757,105.99751811093057N,10.175549772481036E,[]
6729,Sa Đéc City-137.jpeg,0.6490874253213406,105.73812313857589N,10.270761070208524E,[]
6730,Long Hồ District-3892.jpeg,0.6490572914481163,105.9701332053541N,10.193066840398368E,[]
6732,Sa Đéc City-1794.jpeg,0.6488827476277947,105.7312749708607N,10.326007207486287E,[]
6735,Phu Ly City-3918.jpeg,0.6485981270670891,105.93295770094146N,20.580143746085835E,[]
6740,Cao Lanh City-4418.jpeg,0.647759210318327,105.6249082554924N,10.491782608970986E,[]
6742,Tây Ninh City-4358.jpeg,0.6475971378386021,106.12375343710043N,11.386551576565088E,[]
6744,Yên Mỹ District-1680.jpeg,0.6474801860749722,106.08108835243964N,20.881486875969138E,[]
6747,Hiệp Hòa District-1847.jpeg,0.6473681628704071,106.03246342599076N,21.276960276669666E,[]
6748,Long Hồ District-4381.jpeg,0.6473665088415146,105.9235788658741N,10.202499107738472E,[]
6752,Cai Lậy Town-5029.jpeg,0.6469897106289864,106.10187930657109N,10.455834310398014E,[]
6753,Duy Tiên District-3763.jpeg,0.6469096392393112,105.98928842654688N,20.649690445820323E,[]
6754,Tây Ninh City-1245.jpeg,0.6469029188156128,106.14574414745852N,11.329957972524337E,[]
6755,Thanh Liêm District-4153.jpeg,0.646872203797102,105.89881647683056N,20.458530146047487E,[]
6763,Hung Yen City-2875.jpeg,0.6466016434133053,106.03888229938451N,20.689333478782913E,[]
6767,Long Hồ District-3671.jpeg,0.6462196800857782,105.92084037531647N,10.190371906872624E,[]
6769,Phu Ly City-528.jpeg,0.6461764201521873,105.96749320921316N,20.51681280822904E,[]
6774,Hiệp Hòa District-7294.jpeg,0.6456420533359051,105.98038746279394N,21.357808282444562E,[]
6775,Thanh Liêm District-406.jpeg,0.6456077471375465,105.91463510244073N,20.38846187437618E,[]
6778,Long Hồ District-1615.jpeg,0.6455024443566799,105.97424094119057N,10.16477003837806E,[]
6779,Go Cong Town-695.jpeg,0.6454649157822132,106.71284285756427N,10.36035527138397E,[]
6780,Tây Ninh City-4916.jpeg,0.6453354507684708,106.0728999193974N,11.395983843905213E,[]
6781,Trà Vinh City-530.jpeg,0.6453084647655487,106.31124489912449N,9.910887304493212E,[]
6784,Duy Tiên District-4630.jpeg,0.6451271753758192,106.02816315620521N,20.661817646686533E,[]
6786,Sa Đéc City-993.jpeg,0.6448547914624214,105.74497130629103N,10.297710405465965E,[]
6790,Hiệp Hòa District-6349.jpeg,0.6447917558252811,105.99195989905994N,21.344333614815408E,[]
6793,Hiệp Hòa District-5512.jpeg,0.64471036195755,106.00497888985912N,21.333553880712092E,[]
6794,Cai Lậy Town-4243.jpeg,0.6447056084871292,106.17038356261381N,10.441012176006414E,[]
6797,Yên Mỹ District-2070.jpeg,0.6444749683141708,106.03060710444711N,20.888224209783697E,[]
6798,Cai Lậy Town-6502.jpeg,0.6443391256034374,106.09228871072513N,10.488173512706958E,[]
6799,Thanh Liêm District-4241.jpeg,0.6443327581509948,105.89018813558863N,20.459877612810402E,[]
6800,Cai Lậy Town-4916.jpeg,0.6442387029528618,106.14709211555929N,10.45313937687227E,[]
6803,Mỹ Tho-2104.jpeg,0.6441416209563613,106.34370720788327N,10.366439539585507E,[]
6805,Binh Minh Town-3474.jpeg,0.6440352462232113,105.8570051787719N,10.074670275901788E,[]
6809,Cao Lanh City-1088.jpeg,0.6439279038459063,105.65505348857066N,10.427104204353101E,[]
6812,Long Hồ District-7850.jpeg,0.643577354028821,105.95507150728706N,10.284694580273671E,[]
6813,Go Cong Town-3051.jpeg,0.6435103677213192,106.69777269870038N,10.419643808950358E,[]
6814,Bến Tre City-471.jpeg,0.643376475200057,106.40772488726557N,10.209813337528532E,[]
6815,Hiệp Hòa District-4621.jpeg,0.6433732472360134,105.98617368092694N,21.321426679845857E,[]
6817,Thanh Liêm District-2135.jpeg,0.6433392763137817,105.93620595554552N,20.42888587726348E,[]
6819,Trà Vinh City-1.jpeg,0.6432224586606026,106.3358697971545N,9.8879803695244E,[]
6821,Thanh Liêm District-4391.jpeg,0.6430091485381126,105.97071932051318N,20.461225079573314E,[]
6823,Cai Lậy Town-4608.jpeg,0.6429786160588264,106.13339126435075N,10.447749509820778E,[]
6826,Trà Vinh City-2511.jpeg,0.6427591815590858,106.33997394682622N,9.979608109399651E,[]
6828,Trà Vinh City-416.jpeg,0.6426353063434362,106.32355734813949N,9.906844904204599E,[]
6830,Mỹ Tho-3172.jpeg,0.6425684113055468,106.3382279778459N,10.385304074265717E,[]
6832,Tây Ninh City-2220.jpeg,0.6422617919743061,106.09763946855021N,11.351517440730339E,[]
6838,Long Hồ District-4707.jpeg,0.6414813362061977,105.99614886565175N,10.207888974789961E,[]
6839,Hiệp Hòa District-3361.jpeg,0.6414349898695946,106.0208909897248N,21.302562145165048E,[]
6842,Vĩnh Long-1424.jpeg,0.6410026866942644,105.90898663068893N,10.255734738691492E,[]
6843,Trà Vinh City-34.jpeg,0.6409338973462582,106.35365444573176N,9.889327836287272E,[]
6844,Vĩnh Long-447.jpeg,0.6409137472510338,105.91720262130343N,10.238217670774157E,[]
6846,Cao Lanh City-4166.jpeg,0.6408518506214023,105.65231301283626N,10.486392741919497E,[]
6848,Sa Đéc City-552.jpeg,0.6407139245420694,105.74771057337713N,10.282888271074373E,[]
6849,Long Hồ District-6472.jpeg,0.6406972780823708,106.00573358260351N,10.25235537796474E,[]
6850,Thanh Liêm District-3931.jpeg,0.6406539902091026,105.98941405987064N,20.45448774575876E,[]
6852,Duy Tiên District-3456.jpeg,0.6405796632170677,105.97057096411882N,20.645648045531594E,[]
6857,Mỹ Tho-1128.jpeg,0.6403932301327586,106.32042048022436N,10.350269938431039E,[]
6859,Trà Vinh City-871.jpeg,0.6400349591858685,106.346814196279N,9.921667038596183E,[]
6865,Cao Lanh City-2072.jpeg,0.6397136598825455,105.6249082554924N,10.443273805507571E,[]
6868,Hung Yen City-939.jpeg,0.6395862051285803,106.0864047735382N,20.631392407977735E,[]
6869,Binh Minh Town-1096.jpeg,0.6395475529134274,105.8528998268538N,10.020771605386921E,[]
6871,Sa Đéc City-1511.jpeg,0.6394720301032066,105.75318910754926N,10.315227473383308E,[]
6872,Cao Lanh City-4441.jpeg,0.6394300619140267,105.65642372643782N,10.491782608970986E,[]
6873,Hiệp Hòa District-3419.jpeg,0.6393960267305374,105.97460124466096N,21.303909611927963E,[]
6874,Yên Mỹ District-684.jpeg,0.6391114201396704,106.03781871130316N,20.863969808051277E,[]
6879,Tây Ninh City-6129.jpeg,0.6389702297747135,106.13612321167683N,11.418890778874088E,[]
6882,Hung Yen City-3126.jpeg,0.6386939883232117,106.05040289917935N,20.69741827936038E,[]
6884,Phu Ly City-3715.jpeg,0.6385451108217239,105.95598137312261N,20.574753879034187E,[]
6885,Sa Đéc City-2180.jpeg,0.6385409589856863,105.74223203920499N,10.342176808640756E,[]
6886,Hiệp Hòa District-9452.jpeg,0.6384860891848803,106.00063922625938N,21.403622152383686E,[]
6888,Hiệp Hòa District-822.jpeg,0.6383616887032986,105.9847271263937N,21.25674827522595E,[]
6889,Thanh Liêm District-1186.jpeg,0.638345580548048,105.93620595554552N,20.411368809345642E,[]
6890,Go Cong Town-1999.jpeg,0.638271551579237,106.68270253983648N,10.395389407218653E,[]
6893,Tây Ninh City-4839.jpeg,0.6381034590303898,106.0797720163843N,11.39463637714234E,[]
6895,Hung Yen City-1209.jpeg,0.6380380466580391,106.10656582317917N,20.636782275029375E,[]
6897,Binh Minh Town-4192.jpeg,0.6378644183278084,105.85016292557502N,10.094882277344865E,[]
6898,Ninh Bình-949.jpeg,0.6378219220787287,105.95291005650212N,20.240180008716898E,[]
6899,Yên Mỹ District-3268.jpeg,0.6377926245331764,106.02772246170464N,20.90843621122739E,[]
6900,Bac Giang City-2063.jpeg,0.6377816265448928,106.19094610501479N,21.28339467753409E,['103.jpeg']
6902,Trà Vinh City-281.jpeg,0.6376071348786354,106.34544614638844N,9.901455037153116E,[]
6904,Tây Ninh City-3605.jpeg,0.6375306211411953,106.13337437288207N,11.374424375699213E,[]
6906,Bến Tre City-2885.jpeg,0.6373048676177859,106.35158502396425N,10.259669607754798E,[]
6907,Trà Vinh City-292.jpeg,0.6372728487476707,106.36049469518458N,9.901455037153116E,[]
6911,Chau Doc City-60.jpeg,0.6368286777287722,105.07956779730678N,10.61628447001986E,[]
6912,Go Cong Town-24.jpeg,0.6368030160665512,106.66489235208824N,10.33744833641514E,[]
6914,Thái Bình-1167.jpeg,0.636694148182869,106.31769243060747N,20.443290242305753E,[]
6916,Cao Lanh City-1582.jpeg,0.6364957708865404,105.63312968269553N,10.435189004930333E,[]
6917,Duy Tiên District-2729.jpeg,0.6364800818264484,105.90721955282376N,20.63621577819122E,[]
6920,Thanh Liêm District-4943.jpeg,0.6364214159548283,105.9577768086503N,20.46930988015077E,[]
6923,Go Cong Town-135.jpeg,0.6362659484148026,106.6758524676256N,10.342838203466629E,[]
6924,Châu Thành District-3580.jpeg,0.6362513191998005,106.32107428915369N,10.278566338985474E,[]
6927,Trà Vinh City-1201.jpeg,0.6362076885998249,106.33860589693562N,9.937836639750643E,"['747.jpeg', '753.jpeg', '745.jpeg']"
6931,Sa Đéc City-655.jpeg,0.6357880514115095,105.77921214486693N,10.285583204600115E,[]
6935,Long Hồ District-122.jpeg,0.6355874873697758,106.01394905427645N,10.141863103409237E,[]
6936,Hiệp Hòa District-7453.jpeg,0.6354935374110937,105.95145637212903N,21.360503215970393E,[]
6937,Hung Yen City-1585.jpeg,0.6354603506624699,106.05184297415371N,20.647562009132667E,"['287.jpeg', '288.jpeg', '290.jpeg', '289.jpeg']"
6939,Mỹ Tho-287.jpeg,0.6353420838713646,106.32042048022436N,10.332752870513698E,[]
6946,Hiệp Hòa District-1054.jpeg,0.6349248252809048,105.95434948119552N,21.26348560904052E,[]
6948,Duy Tiên District-4703.jpeg,0.6347048729658127,106.00368647456851N,20.66316511344944E,[]
6952,Long Hồ District-5772.jpeg,0.6342433616518974,106.00847207316117N,10.229448442995913E,[]
6953,Hiệp Hòa District-5106.jpeg,0.6341646388173103,106.00642544439235N,21.328164013660434E,[]
6962,Sa Đéc City-947.jpeg,0.6335386773571372,105.7394927721189N,10.296362938703094E,[]
6963,Duy Tiên District-6015.jpeg,0.6335165575146675,105.99936706016202N,20.699546716048047E,[]
6966,Phu Ly City-3049.jpeg,0.6332874074578285,105.96461525019052N,20.559931744642174E,[]
6967,Hung Yen City-3562.jpeg,0.6332358755171299,106.05616319907675N,20.712240413752408E,[]
6968,Ninh Bình-204.jpeg,0.6331179775297642,105.9586548246137N,20.215925606984534E,[]
6969,Tây Ninh City-5226.jpeg,0.6330844424664974,106.1787302129956N,11.400026244193837E,[]
6974,Phu Ly City-2547.jpeg,0.6324412487447262,105.984760963349N,20.550499477301795E,[]
6976,Trà Vinh City-1596.jpeg,0.6320705581456423,106.33450174726396N,9.95535370766797E,[]
6977,Cai Lậy Town-3054.jpeg,0.6320061981678009,106.12791092386735N,10.419452707800456E,[]
6980,Long Xuyen City-2473.jpeg,0.6318901255726814,105.40982052783156N,10.365051073972468E,[]
6981,Go Cong Town-898.jpeg,0.6318716555833817,106.69503266981602N,10.365745138435459E,[]
6982,Thanh Liêm District-3497.jpeg,0.6318617537617683,105.92901567117725N,20.449097878707118E,[]
6986,Cai Lậy Town-6283.jpeg,0.6316885575652122,106.14846220068013N,10.480088712129726E,[]
6989,Long Hồ District-4650.jpeg,0.6313618198037148,105.9181018847588N,10.207888974789961E,[]
6993,Cai Lậy Town-4539.jpeg,0.6308485027402639,106.14435194531758N,10.446402043057908E,[]
6994,Cai Lậy Town-1918.jpeg,0.630806740373373,106.19093483942662N,10.39654577283162E,[]
6995,Go Cong Town-3265.jpeg,0.630625057965517,106.68407255427864N,10.423686209238976E,[]
6996,Tây Ninh City-1924.jpeg,0.6305750943720341,106.15124182504802N,11.344780106915964E,[]
7002,Châu Thành District-4811.jpeg,0.6301163448952138,106.1964504267461N,10.286651139562707E,[]
7004,Cao Lanh City-3618.jpeg,0.630045410245657,105.63038920696117N,10.47561300781652E,[]
7005,Thái Bình-230.jpeg,0.6300125167472288,106.33926436121493N,20.417688373810467E,[]
7007,Hung Yen City-1281.jpeg,0.6299553248099983,106.05040289917935N,20.6394772085552E,[]
7009,Vĩnh Long-315.jpeg,0.6298661790788174,105.98156121445038N,10.23417527048554E,[]
7010,Phu Ly City-3884.jpeg,0.6297594755887985,105.96605422970185N,20.57879627932292E,[]
7013,Phu Ly City-2004.jpeg,0.6296491995453835,105.97612708628108N,20.541067209961426E,[]
7016,Duy Tiên District-1131.jpeg,0.6295451894402504,105.95905252570155N,20.609266442933002E,[]
7018,Long Hồ District-5898.jpeg,0.6292696706950665,106.00299509204586N,10.232143376521655E,[]
7019,Thái Bình-444.jpeg,0.6291740033775568,106.35939816311522N,20.427120641150832E,[]
7020,Cai Lậy Town-2271.jpeg,0.629084849730134,106.15805279652612N,10.403283106645986E,[]
7024,Cai Lậy Town-1568.jpeg,0.6288136951625347,106.15531262628441N,10.391155905780133E,[]
7025,Vĩnh Long-1368.jpeg,0.6287530912086368,105.94869725199236N,10.254387271928618E,[]
7026,Thái Bình-2452.jpeg,0.6286787018179893,106.33926436121493N,20.47158704432686E,[]
7027,Mỹ Hào District-2691.jpeg,0.62865986302495,106.07621902513017N,20.9460132112393E,[]
7031,Sa Đéc City-1650.jpeg,0.6285008639097214,105.73812313857589N,10.320617340434799E,[]
7034,Hiệp Hòa District-348.jpeg,0.6282455623149872,105.97604779919419N,21.240578674070978E,[]
7039,Long Hồ District-577.jpeg,0.6280181054025888,105.98930263925763N,10.151295370749338E,[]
7040,Yên Mỹ District-2785.jpeg,0.6280062757432461,105.99454907016673N,20.900351410649918E,[]
7041,Cai Lậy Town-5920.jpeg,0.6279816031455994,106.16079296676783N,10.472003911552486E,[]
7042,Hiệp Hòa District-7982.jpeg,0.6279003750532866,105.92541839053061N,21.369935483310798E,[]
7043,Phu Ly City-1386.jpeg,0.6278237085789442,105.94734749605469N,20.531634942621054E,[]
7045,Go Cong Town-851.jpeg,0.6277507469058037,106.70462277091124N,10.364397671672586E,[]
7054,Tây Ninh City-6736.jpeg,0.6270809732377529,106.11688134011352N,11.436407846791464E,[]
7055,Tây Ninh City-1469.jpeg,0.6269477792084217,106.11550692071616N,11.335347839575835E,[]
7056,Tây Ninh City-6328.jpeg,0.6268878132104874,106.15948834143228N,11.422933179162715E,[]
7063,Châu Thành District-5556.jpeg,0.6265625236555934,106.33339972609507N,10.290693539851324E,[]
7071,Tây Ninh City-6303.jpeg,0.6259694397449493,106.1251278564978N,11.422933179162715E,[]
7073,Tây Ninh City-6259.jpeg,0.6256298162043095,106.14849298625326N,11.421585712399843E,[]
7075,Long Hồ District-5656.jpeg,0.6255681440234184,105.9468560356141N,10.22810097623304E,[]
7079,Châu Thành District-8209.jpeg,0.6254261322319508,106.3868099528412N,10.308210607768663E,[]
7080,Long Hồ District-1605.jpeg,0.6253264397382736,105.96054848840235N,10.16477003837806E,[]
7086,Long Hồ District-2184.jpeg,0.6251311078667641,105.98793339397882N,10.171507372192416E,[]
7088,Bến Tre City-3188.jpeg,0.6250851154327393,106.32283045983426N,10.267754408332031E,[]
7089,Vĩnh Long-1381.jpeg,0.6250525172799826,105.96649856499045N,10.254387271928618E,[]
7090,Cao Lanh City-3966.jpeg,0.6250381600111723,105.65642372643782N,10.48235034163088E,[]
7092,Yên Mỹ District-3365.jpeg,0.6248575523495674,106.0608958532426N,20.909783677990298E,[]
7096,Yên Mỹ District-3101.jpeg,0.624681388027966,106.0017606770228N,20.90574127770157E,[]
7097,Long Hồ District-6383.jpeg,0.624639917165041,106.01531829955528N,10.24696551091325E,[]
7098,Hoa Lư District-3421.jpeg,0.6246296800673008,105.95358020079591N,20.280187246853743E,[]
7100,Go Cong Town-44.jpeg,0.6246158517897129,106.66763238097258N,10.33879580317801E,[]
7101,Trà Vinh City-923.jpeg,0.6245480999350548,106.31124489912449N,9.924361972121927E,['732.jpeg']
7105,Mỹ Tho-2868.jpeg,0.6242046225816011,106.33959778535524N,10.379914207214231E,[]
7108,Trà Vinh City-547.jpeg,0.6240395419299603,106.33450174726396N,9.910887304493212E,[]
7111,Cao Lanh City-1607.jpeg,0.6238884292542934,105.66738562937537N,10.435189004930333E,['951.jpeg']
7115,Yên Mỹ District-1280.jpeg,0.6236823108047247,105.97579889234092N,20.876097008917483E,[]
7116,Tây Ninh City-5341.jpeg,0.623596154153347,106.13199995348471N,11.402721177719588E,[]
7117,Binh Minh Town-1666.jpeg,0.6235368587076664,105.8912164447563N,10.032898806252769E,[]
7118,Long Xuyen City-3210.jpeg,0.6231526471674442,105.41256022382217N,10.379873208364065E,[]
7119,Long Hồ District-8124.jpeg,0.6230806186795235,106.01805679011294N,10.288736980562286E,[]
7120,Ninh Bình-1136.jpeg,0.6230244021862745,105.96439959272529N,20.244222409005623E,[]
7125,Yên Mỹ District-662.jpeg,0.6227076025679708,105.98589514193941N,20.863969808051277E,[]
7126,Cai Lậy Town-5968.jpeg,0.6226837076246738,106.1347613494716N,10.473351378315359E,[]
7134,Bến Tre City-3094.jpeg,0.6223481111228466,106.32283045983426N,10.265059474806286E,[]
7135,Mỹ Tho-2205.jpeg,0.6223428249359131,106.37384297308895N,10.367787006348378E,[]
7137,Sa Đéc City-293.jpeg,0.622337032109499,105.77373361069478N,10.274803470497138E,[]
7139,Trà Vinh City-810.jpeg,0.6221422776579857,106.31671709868672N,9.920319571833314E,[]
7141,Cai Lậy Town-3617.jpeg,0.6219420935958624,106.1347613494716N,10.430232441903435E,[]
7142,Binh Minh Town-3519.jpeg,0.6219310648739338,105.85153137621441N,10.076017742664664E,[]
7143,Tây Ninh City-6250.jpeg,0.6218295954167843,106.13612321167683N,11.421585712399843E,[]
7144,Go Cong Town-4647.jpeg,0.6216984279453754,106.64845217878214N,10.456025411547918E,[]
7147,Thái Bình-2471.jpeg,0.6215333621948957,106.36658880665104N,20.47158704432686E,[]
7153,Long Hồ District-8153.jpeg,0.6211621314287186,105.95644075256588N,10.290084447325158E,[]
7157,Cao Lanh City-4213.jpeg,0.6209097169339657,105.6249082554924N,10.487740208682368E,[]
7158,Trà Vinh City-647.jpeg,0.6209078244864941,106.30714074945278N,9.914929704781827E,[]
7162,Hiệp Hòa District-3096.jpeg,0.6207664012908936,106.00497888985912N,21.2985197448763E,[]
7163,Trà Vinh City-2656.jpeg,0.6207324955612421,106.31945319846783N,9.983650509688271E,[]
7165,Long Hồ District-4979.jpeg,0.6205320153385401,105.92494811115294N,10.21462630860432E,[]
7167,Bến Tre City-996.jpeg,0.6204477529972792,106.34884649404711N,10.224635471920122E,[]
7174,Thanh Liêm District-5293.jpeg,0.6198942624032497,105.91751121618802N,20.474699747202408E,[]
7179,Long Hồ District-3939.jpeg,0.6193660981953144,105.92220962059528N,10.194414307161237E,[]
7180,Tây Ninh City-472.jpeg,0.6193333081901073,106.1182557595109N,11.311093437844091E,[]
7182,Châu Thành District-2517.jpeg,0.6190989278256893,106.26766406240756N,10.271829005171114E,[]
7185,Duy Tiên District-2518.jpeg,0.6188515052199364,106.00944569377715N,20.632173377902483E,[]
7187,Thái Bình-389.jpeg,0.6186343654990196,106.33926436121493N,20.425773174387924E,[]
7189,Cai Lậy Town-3008.jpeg,0.6185531690716743,106.14709211555929N,10.418105241037583E,[]
7190,Chau Doc City-704.jpeg,0.6184701938182116,105.10287914984868N,10.640538871751573E,[]
7192,Tây Ninh City-3750.jpeg,0.6183490641415119,106.10451156553712N,11.377119309224963E,[]
7195,Long Hồ District-3224.jpeg,0.6177884936332703,105.8825015075094N,10.184982039821136E,[]
7197,Go Cong Town-2983.jpeg,0.6176653224974871,106.60461171663259N,10.419643808950358E,[]
7200,Binh Minh Town-3505.jpeg,0.6174497343599796,105.83237306726312N,10.076017742664664E,[]
7202,Cai Lậy Town-4194.jpeg,0.6172746606171131,106.10324939169192N,10.441012176006414E,[]
7203,Trà Vinh City-2338.jpeg,0.6172047322615981,106.33450174726396N,9.975565709111041E,[]
7204,Thái Bình-1812.jpeg,0.617175180464983,106.30331114353582N,20.45676490993485E,[]
7208,Cai Lậy Town-914.jpeg,0.6168737765401602,106.13065109410903N,10.380376171677153E,[]
7209,Hiệp Hòa District-7139.jpeg,0.6168075697496533,106.02523065332454N,21.355113348918735E,[]
7211,Vĩnh Long-141.jpeg,0.6166221834719181,105.95143591553051N,10.230132870196922E,[]
7212,Trà Vinh City-2010.jpeg,0.6166047342121601,106.3358697971545N,9.967480908533812E,[]
7213,Sa Đéc City-748.jpeg,0.616481214761734,105.74771057337713N,10.289625604888732E,[]
7215,Phu Ly City-4190.jpeg,0.6162994466722012,105.9214458648509N,20.58957601342621E,[]
7219,Sa Đéc City-2867.jpeg,0.6160789541900158,105.72990533731766N,10.371821077423945E,[]
7230,Go Cong Town-3992.jpeg,0.6145033724606037,106.68955261204736N,10.435813410104826E,[]
7233,Long Hồ District-4964.jpeg,0.6143363416194916,105.9934103750941N,10.21327884184145E,[]
7237,Mỹ Hào District-1014.jpeg,0.6142280604690313,106.125267891402N,20.91367400892939E,[]
7240,Hiệp Hòa District-2890.jpeg,0.6141258645802736,105.93843738132982N,21.295824811350474E,[]
7242,Long Xuyen City-4372.jpeg,0.6140380017459393,105.4276285517707N,10.405475076858645E,[]
7248,Thanh Liêm District-5315.jpeg,0.6133966594934464,105.94914846740839N,20.474699747202408E,[]
7250,Sa Đéc City-2773.jpeg,0.613300696015358,105.71346973480124N,10.36777867713533E,[]
7251,Cai Lậy Town-5533.jpeg,0.6131675615906715,106.11009981729622N,10.465266577738122E,[]
7254,Hiệp Hòa District-1643.jpeg,0.6130146896466613,105.97026158106122N,21.27426534314384E,[]
7255,Sa Đéc City-1418.jpeg,0.6130123268812895,105.7312749708607N,10.312532539857562E,[]
7257,Long Xuyen City-319.jpeg,0.6128903403878212,105.47146368762097N,10.315194803746191E,[]
7261,Chau Doc City-1118.jpeg,0.6127632297575474,105.04391514047812N,10.65131860585456E,[]
7264,Binh Minh Town-1795.jpeg,0.6126608047634363,105.89395334603505N,10.035593739778509E,[]
7265,Tam Điệp-2339.jpeg,0.612641355022788,105.91966368101353N,20.15472960955243E,"['896.jpeg', '894.jpeg', '895.jpeg']"
7267,Ninh Bình-247.jpeg,0.6125663621351123,105.97158055286475N,20.217273073747442E,[]
7268,Sa Đéc City-2553.jpeg,0.6125467047095299,105.70525193354302N,10.358346409795221E,[]
7269,Cai Lậy Town-3662.jpeg,0.6124784760177135,106.10324939169192N,10.43157990866631E,[]
7270,Bến Tre City-3024.jpeg,0.6123127639293671,106.37486252825991N,10.262364541280542E,[]
7272,Hiệp Hòa District-249.jpeg,0.6122539546340704,105.94856326306252N,21.237883740545147E,[]
7273,Hiệp Hòa District-4093.jpeg,0.6121302470564842,106.01221166252535N,21.313341879268368E,[]
7275,Hiệp Hòa District-3580.jpeg,0.6120405849069357,105.9413304903963N,21.306604545453805E,[]
7278,Mỹ Tho-3202.jpeg,0.61164615675807,106.37932220312635N,10.385304074265717E,[]
7279,Go Cong Town-3662.jpeg,0.6116346567869186,106.66900239541475N,10.430423543053335E,[]
7281,Phu Ly City-122.jpeg,0.6115321181714535,105.91568994680563N,20.499295740311204E,[]
7283,Cai Lậy Town-3852.jpeg,0.6114636734127998,106.16490322213039N,10.434274842192053E,[]
7284,Tây Ninh City-2646.jpeg,0.6114457994699478,106.14986740565064N,11.358254774544713E,[]
7285,Mỹ Tho-3816.jpeg,0.6112982593476772,106.40397873829461N,10.396083808368703E,[]
7288,Mỹ Hào District-268.jpeg,0.61106401309371,106.0949730034106N,20.89346200748571E,[]
7290,Hiệp Hòa District-6566.jpeg,0.6108353920280933,106.0266772078578N,21.347028548341235E,[]
7291,Cao Lanh City-3872.jpeg,0.6107790023088455,105.62079754189082N,10.481002874868004E,[]
7296,Yên Mỹ District-1907.jpeg,0.6104904059320688,106.04070335404559N,20.885529276257877E,[]
7297,Hung Yen City-1896.jpeg,0.6104696914553642,106.04896282420499N,20.656994276473046E,[]
7299,Bac Giang City-1448.jpeg,0.6102145090699196,106.15913504471978N,21.272614943430767E,[]
7302,Binh Minh Town-266.jpeg,0.6100230612792075,105.87616348772315N,9.999212137180981E,[]
7304,Mỹ Tho-3930.jpeg,0.6100006513297558,106.31905067271501N,10.400126208657317E,[]
7305,Cao Lanh City-4628.jpeg,0.609844122081995,105.63038920696117N,10.495825009259605E,[]
7315,Châu Thành District-10514.jpeg,0.6093655899167061,106.3607895859649N,10.332465009500362E,[]
7319,Thanh Liêm District-37.jpeg,0.6090400367975235,105.92326344368263N,20.36824987293254E,[]
7323,Thanh Liêm District-3972.jpeg,0.6086647845804691,105.91032093181974N,20.455835212521666E,[]
7325,Cai Lậy Town-1832.jpeg,0.6084371116012335,106.18408441382235N,10.39519830606875E,[]
7327,Hung Yen City-1503.jpeg,0.6082764193415642,106.07776432369208N,20.64486707560684E,[]
7335,Thanh Liêm District-1957.jpeg,0.6076796650886536,105.9247015005563N,20.42619094373765E,[]
7340,Long Hồ District-2012.jpeg,0.6074695251882076,105.90714792252824N,10.170159905429546E,[]
7342,Long Hồ District-2700.jpeg,0.607396986335516,105.92220962059528N,10.178244706006778E,[]
7343,Duy Tiên District-5381.jpeg,0.6073759905993938,105.99360784095339N,20.675292314315648E,[]
7344,Long Hồ District-5717.jpeg,0.6073023341596127,105.92768660171058N,10.229448442995913E,[]
7347,Cai Lậy Town-4895.jpeg,0.6068691872060299,106.11832032802134N,10.45313937687227E,[]
7349,Long Hồ District-1187.jpeg,0.6068174280226231,105.9865641487N,10.15938017132657E,[]
7354,Bến Tre City-487.jpeg,0.6065724715590477,106.36801620346708N,10.211160804291403E,[]
7360,Binh Minh Town-2108.jpeg,0.60629653185606,105.86932123452628N,10.04233107359287E,[]
7361,Duy Tiên District-2938.jpeg,0.6062960289418697,105.93457584406481N,20.638910711717042E,[]
7362,Cai Lậy Town-6180.jpeg,0.6062516495585442,106.16079296676783N,10.477393778603979E,[]
7365,Duy Tiên District-3118.jpeg,0.6059613674879074,105.91009916242808N,20.641605645242862E,[]
7367,Thanh Liêm District-2497.jpeg,0.605725321918726,105.954900694903N,20.434275744315112E,[]
7368,Thanh Liêm District-2127.jpeg,0.60563113540411,105.9247015005563N,20.42888587726348E,[]
7369,Duy Tiên District-2196.jpeg,0.6056255251169205,105.95761272089936N,20.62813097761375E,[]
7371,Trà Vinh City-1375.jpeg,0.6056068576872349,106.33176564748287N,9.94726890709074E,['575.jpeg']
7376,Hiệp Hòa District-5109.jpeg,0.605331115424633,106.0107651079921N,21.328164013660434E,[]
7379,Phu Ly City-4218.jpeg,0.6051812320947647,105.93007974191885N,20.59092348018912E,[]
7380,Yên Mỹ District-2538.jpeg,0.6051566768437624,105.98589514193941N,20.89630901036118E,[]
7381,Thái Bình-415.jpeg,0.6050385683774948,106.31769243060747N,20.427120641150832E,[]
7384,Hiệp Hòa District-7109.jpeg,0.6048561688512564,105.98183401732719N,21.355113348918735E,['995.jpeg']
7385,Long Hồ District-666.jpeg,0.6047439351677895,105.97834867702704N,10.15264283751221E,[]
7386,Binh Minh Town-1949.jpeg,0.6046802392229438,105.83510996854186N,10.039636140067126E,[]
7390,Thanh Liêm District-3191.jpeg,0.6044509187340736,105.90744481807246N,20.44505547841839E,[]
7392,Phu Ly City-1053.jpeg,0.6044303476810455,105.95166443458864N,20.526245075569413E,[]
7395,Binh Minh Town-3671.jpeg,0.6039954163134098,105.79679335063939N,10.081407609716146E,[]
7397,Vĩnh Long-106.jpeg,0.6038280166685581,105.95691324260686N,10.228785403434047E,['658.jpeg']
7411,Hiệp Hòa District-2919.jpeg,0.6029054075479507,105.98038746279394N,21.295824811350474E,[]
7414,Mỹ Hào District-3392.jpeg,0.6025348827242851,106.08487470741343N,20.9567929453426E,[]
7416,Long Hồ District-658.jpeg,0.602420799434185,105.94137905449881N,10.15264283751221E,[]
7417,Bến Tre City-1306.jpeg,0.6022882964462042,106.36253914363279N,10.231372805734486E,[]
7421,Mỹ Tho-3111.jpeg,0.6021370273083448,106.36014489799547N,10.383956607502846E,[]
7424,Tây Ninh City-5192.jpeg,0.6020304877310991,106.13199995348471N,11.400026244193837E,[]
7426,Mỹ Tho-3923.jpeg,0.601892963051796,106.39849950825723N,10.398778741894443E,[]
7427,Go Cong Town-478.jpeg,0.6018831878900528,106.68818259760518N,10.354965404332479E,[]
7433,Duy Tiên District-3140.jpeg,0.6014835853129625,105.9417748680756N,20.641605645242862E,[]
7434,Hiệp Hòa District-4903.jpeg,0.6014530770480633,105.99629956265962N,21.325469080134603E,[]
7436,Trà Vinh City-1114.jpeg,0.6014111917465925,106.31945319846783N,9.933794239462024E,[]
7439,Ninh Bình-630.jpeg,0.6013685874640942,106.00604916153425N,20.230747741376536E,[]
7441,Thanh Liêm District-4661.jpeg,0.6012451574206352,105.9577768086503N,20.46526747986205E,[]
7443,Long Hồ District-2426.jpeg,0.6011906750500202,106.00984131843998N,10.174202305718163E,[]
7447,Go Cong Town-4665.jpeg,0.6010591425001621,106.64160210657127N,10.457372878310792E,[]
7448,Cai Lậy Town-1258.jpeg,0.6009363234043121,106.17723398821808N,10.385766038728642E,[]
7449,Binh Minh Town-1446.jpeg,0.6007789894938469,105.84468912301752N,10.028856405964154E,[]
7450,Mỹ Hào District-1659.jpeg,0.6006192937493324,106.08054686627182N,20.928496143321432E,[]
7451,Hung Yen City-2977.jpeg,0.6005512028932571,106.07200402379468N,20.692028412308737E,[]
7453,Long Hồ District-2323.jpeg,0.6004565954208374,106.02353377122823N,10.172854838955288E,[]
7455,Cai Lậy Town-5428.jpeg,0.6003438457846642,106.16079296676783N,10.46257164421238E,[]
7460,Châu Thành District-956.jpeg,0.5997921042144299,106.19781991973959N,10.259701804305262E,[]
7463,Phu Ly City-2344.jpeg,0.5997085552662611,105.9070560697377N,20.54780454377598E,[]
7464,Cao Lanh City-1590.jpeg,0.5996436164714396,105.6440915856331N,10.435189004930333E,[]
7465,Go Cong Town-1703.jpeg,0.5995985809713602,106.69092262648952N,10.387304606641418E,[]
7467,Vĩnh Long-1042.jpeg,0.5994168035686016,105.95691324260686N,10.24899740487713E,[]
7468,Cai Lậy Town-2168.jpeg,0.5993650108575821,106.11558015777963N,10.401935639883115E,[]
7470,Duy Tiên District-556.jpeg,0.5993077252060175,105.96337194010802N,20.587706974726427E,[]
7472,Cai Lậy Town-4064.jpeg,0.5991350207477808,106.14435194531758N,10.43831724248067E,[]
7473,Cai Lậy Town-1500.jpeg,0.5991206057369709,106.17312373285549N,10.38980843901726E,[]
7474,Trà Vinh City-2417.jpeg,0.5989836286753416,106.36459884485626N,9.976913175873909E,[]
7475,Châu Thành District-10324.jpeg,0.5989199802279472,106.34846414902348N,10.328422609211742E,[]
7476,Châu Thành District-9864.jpeg,0.5988673875108361,106.38817944583468N,10.321685275397387E,[]
7479,Tây Ninh City-5185.jpeg,0.5987616255879402,106.12237901770304N,11.400026244193837E,[]
7481,Long Hồ District-4133.jpeg,0.5987136662006378,105.97424094119057N,10.197109240686984E,[]
7483,Cai Lậy Town-3545.jpeg,0.5987021345645189,106.12791092386735N,10.428884975140564E,[]
7484,Thanh Liêm District-1248.jpeg,0.5986560210585594,105.94052012616646N,20.41271627610855E,[]
7486,Long Hồ District-2647.jpeg,0.5982876531779766,106.0043643373247N,10.176897239243907E,[]
7490,Go Cong Town-1391.jpeg,0.5981845110654831,106.66900239541475N,10.379219806064183E,[]
7491,Yên Mỹ District-3415.jpeg,0.5980716571211815,106.02772246170464N,20.911131144753217E,[]
7494,Mỹ Tho-594.jpeg,0.5980284493416548,106.31631105769634N,10.340837671090929E,[]
7498,Duy Tiên District-4053.jpeg,0.5978072490543127,105.98640881694259N,20.65373284610907E,[]
7499,Duy Tiên District-5230.jpeg,0.5977539569139481,105.93889525847129N,20.672597380789824E,[]
7501,Thanh Liêm District-3975.jpeg,0.5977280884981155,105.91463510244073N,20.455835212521666E,[]
7502,Duy Tiên District-4466.jpeg,0.5977097153663635,105.90721955282376N,20.66047017992362E,[]
7504,Trà Vinh City-869.jpeg,0.5974626895040274,106.34407809649787N,9.921667038596183E,[]
7508,Cai Lậy Town-2869.jpeg,0.5971985086798668,106.11969041314218N,10.415410307511838E,[]
7509,Hiệp Hòa District-2232.jpeg,0.5971629042178392,105.99774611719289N,21.28369761048424E,[]
7510,Bac Giang City-401.jpeg,0.5971194347366691,106.16925674572272N,21.245665608172477E,[]
7511,Bến Tre City-2677.jpeg,0.5971176996827126,106.3447386991714N,10.255627207466182E,[]
7512,Hiệp Hòa District-8583.jpeg,0.597090907394886,106.0107651079921N,21.38206268417704E,[]
7514,Cao Lanh City-4412.jpeg,0.5970613341778517,105.61668682828926N,10.491782608970986E,[]
7515,Thanh Liêm District-2328.jpeg,0.5970187522470951,105.96496709301853N,20.431580810789296E,[]
7518,Mỹ Hào District-2115.jpeg,0.5969376396387815,106.09641561712445N,20.936580943898907E,[]
7520,Trà Vinh City-419.jpeg,0.5967443361878395,106.32766149781118N,9.906844904204599E,[]
7521,Chau Doc City-3613.jpeg,0.5967222824692726,105.11522045413554N,10.691742608740757E,[]
7525,Cai Lậy Town-1065.jpeg,0.5964720267802477,106.1320211792299N,10.383071105202898E,[]
7529,Thanh Liêm District-1168.jpeg,0.596264747902751,105.91032093181974N,20.411368809345642E,[]
7531,Go Cong Town-1863.jpeg,0.5961827449500561,106.63338201991824N,10.39269447369291E,[]
7533,Mỹ Tho-367.jpeg,0.5960752367973328,106.31494125018696N,10.33544780403944E,[]
7534,Châu Thành District-616.jpeg,0.5960101336240768,106.2211013006289N,10.255659404016646E,[]
7536,Tây Ninh City-3335.jpeg,0.5958418659865856,106.10451156553712N,11.370381975410586E,[]
7537,Tây Ninh City-3444.jpeg,0.5957482159137726,106.14024646986898N,11.37172944217346E,[]
7538,Long Hồ District-2777.jpeg,0.5957478694617748,105.87428603583646N,10.17959217276965E,[]
7540,Bến Tre City-1381.jpeg,0.5956578478217125,106.37212399834277N,10.232720272497357E,[]
7541,Ninh Bình-168.jpeg,0.5956471413373947,106.00317677747847N,20.213230673458717E,[]
7546,Bến Tre City-1250.jpeg,0.5955287711694837,106.37486252825991N,10.230025338971611E,[]
7553,Hiệp Hòa District-5036.jpeg,0.5951486732810736,105.90516662706519N,21.328164013660434E,[]
7556,Cao Lanh City-951.jpeg,0.5950566157698631,105.58243088160947N,10.42575673759023E,[]
7557,Long Xuyen City-3161.jpeg,0.595028636045754,105.43995718372858N,10.378525741601193E,"['926.jpeg', '9.jpeg']"
7562,Chau Doc City-1376.jpeg,0.5948488339781761,105.12344799032675N,10.655361006143185E,['960.jpeg']
7566,Hiệp Hòa District-3771.jpeg,0.5945183215662837,105.94856326306252N,21.30929947897962E,[]
7567,Hiệp Hòa District-4009.jpeg,0.594511367380619,106.02378409879131N,21.311994412505456E,[]
7568,Hiệp Hòa District-9484.jpeg,0.5945080807432532,105.98038746279394N,21.404969619146602E,[]
7572,Trà Vinh City-2346.jpeg,0.5943536553531885,106.34544614638844N,9.975565709111041E,[]
7574,Vĩnh Long-356.jpeg,0.5942858001217246,105.96102123791414N,10.23552273724841E,[]
7575,Cao Lanh City-4844.jpeg,0.5942457728087902,105.64957253710186N,10.499867409548223E,[]
7577,Mỹ Tho-3460.jpeg,0.5939725451171398,106.30398279011217N,10.39069394131721E,[]
7580,Cai Lậy Town-2211.jpeg,0.5937385484576225,106.17449381797637N,10.401935639883115E,[]
7584,Tây Ninh City-2890.jpeg,0.5933417025953531,106.15948834143228N,11.362297174833339E,[]
7587,Hiệp Hòa District-7505.jpeg,0.5930006243288517,106.0266772078578N,21.360503215970393E,[]
7589,Thanh Liêm District-7756.jpeg,0.5929431170225143,105.94052012616646N,20.515123750089717E,[]
7591,Ninh Bình-1163.jpeg,0.5928215114399791,106.00317677747847N,20.244222409005623E,[]
7594,Cao Lanh City-3719.jpeg,0.5924361050128937,105.59476302241417N,10.478307941342258E,['506.jpeg']
7595,Thái Bình-1512.jpeg,0.5923575405031443,106.32775933155762N,20.450027576120302E,[]
7600,Long Hồ District-1687.jpeg,0.5920620560646057,105.92084037531647N,10.16611750514093E,[]
7601,Ninh Bình-889.jpeg,0.5919553153216839,105.95003767244633N,20.238832541953983E,[]
7602,Thanh Liêm District-211.jpeg,0.5918976590037346,105.92613955742995N,20.377682140272913E,[]
7603,Go Cong Town-2145.jpeg,0.5918067321181297,106.6662623665304N,10.399431807507273E,[]
7604,Thanh Liêm District-4851.jpeg,0.5917682312428951,105.9606529223976N,20.467962413387863E,[]
7605,Thanh Liêm District-6440.jpeg,0.5917337387800217,105.97934766175511N,20.49086934835734E,[]
7606,Go Cong Town-3298.jpeg,0.5916479267179966,106.61557183216999N,10.425033676001851E,[]
7607,Hiệp Hòa District-6757.jpeg,0.5915597137063742,106.03101687145754N,21.349723481867073E,[]
7608,Sa Đéc City-2451.jpeg,0.5914650596678257,105.70662156708606N,10.354304009506606E,[]
7611,Long Hồ District-4409.jpeg,0.5913753220811486,105.96191773368116N,10.202499107738472E,[]
7612,Phu Ly City-3924.jpeg,0.5913495942950249,105.94159157800942N,20.580143746085835E,[]
7613,Go Cong Town-3827.jpeg,0.5910728424787521,106.67996251095214N,10.43311847657908E,[]
7617,Tây Ninh City-5303.jpeg,0.5908544398844242,106.18147905179035N,11.401373710956712E,[]
7623,Thanh Liêm District-6414.jpeg,0.5902957543730736,105.94195818304013N,20.49086934835734E,[]
7628,Long Hồ District-2629.jpeg,0.5900032036006451,105.97971792230587N,10.176897239243907E,[]
7635,Tây Ninh City-4624.jpeg,0.589229391887784,106.12925111468995N,11.390593976853712E,[]
7638,Binh Minh Town-3035.jpeg,0.5890307640656829,105.79816180127872N,10.063890541798811E,[]
7639,Thanh Liêm District-5679.jpeg,0.5889814384281635,105.91751121618802N,20.48008961425405E,[]
7640,Long Hồ District-858.jpeg,0.5889090038836002,105.94959452617174N,10.155337771037951E,[]
7641,Vĩnh Long-1517.jpeg,0.5887856613844633,105.9185719530725N,10.257082205454365E,[]
7642,Châu Thành District-257.jpeg,0.5887180380523205,106.1964504267461N,10.25026953696516E,[]
7643,Long Xuyen City-2332.jpeg,0.5886781457811594,105.40297128785494N,10.362356140446725E,[]
7646,Hoa Lư District-4289.jpeg,0.588629849255085,105.95214396304503N,20.297704314771565E,[]
7647,Tây Ninh City-2164.jpeg,0.5886240787804127,106.11688134011352N,11.350169973967462E,[]
7649,Go Cong Town-365.jpeg,0.5886041931807995,106.70325275646907N,10.350923004043862E,[]
7652,Tây Ninh City-1318.jpeg,0.588314522523433,106.07702317758954N,11.332652906050088E,[]
7655,Go Cong Town-2386.jpeg,0.5882167667150497,106.62242190438084N,10.406169141321634E,[]
7656,Phu Ly City-407.jpeg,0.5881108418107033,105.96893218872448N,20.51411787470322E,[]
7658,Tây Ninh City-1387.jpeg,0.5881047062575817,106.08664411337115N,11.334000372812964E,[]
7660,Thanh Liêm District-7928.jpeg,0.5879567470401525,105.9764715480078N,20.525903484193005E,[]
7661,Thanh Liêm District-4450.jpeg,0.5878654569387436,105.92182538680898N,20.46257254633622E,[]
7666,Long Hồ District-4553.jpeg,0.5876697599887848,105.9701332053541N,10.205194041264217E,[]
7667,Tây Ninh City-6140.jpeg,0.5876453779637814,106.15124182504802N,11.418890778874088E,[]
7671,Hiệp Hòa District-3899.jpeg,0.5874666757881641,105.99919267172614N,21.310646945742537E,[]
7672,Thanh Liêm District-7426.jpeg,0.587456485722214,105.9160731593144N,20.508386416275172E,[]
7673,Hiệp Hòa District-9605.jpeg,0.5874204933643341,105.98328057186043N,21.40901201943534E,[]
7674,Bến Tre City-851.jpeg,0.5873577017337084,106.38581664792846N,10.220593071631507E,[]
7678,Hung Yen City-1971.jpeg,0.5871668821200728,106.04176244933322N,20.659689209998866E,[]
7680,Thanh Liêm District-800.jpeg,0.5871330723166466,105.94771041053473N,20.40193654200528E,[]
7681,Mỹ Hào District-423.jpeg,0.5870411619544029,106.1310383462575N,20.897504407774438E,[]
7689,Chau Doc City-1895.jpeg,0.586823333054781,105.11522045413554N,10.66479327348329E,[]
7691,Duy Tiên District-2764.jpeg,0.586765181273222,105.95761272089936N,20.63621577819122E,[]
7695,Hiệp Hòa District-4448.jpeg,0.5865459144115448,105.99629956265962N,21.318731746320022E,[]
7700,Tây Ninh City-1292.jpeg,0.5862631909549236,106.12650227589519N,11.331305439287211E,[]
7701,Binh Minh Town-3075.jpeg,0.5862608700990677,105.8528998268538N,10.063890541798811E,[]
7702,Hung Yen City-1561.jpeg,0.5861487947404385,106.08928492348691N,20.646214542369755E,[]
7703,Tây Ninh City-1033.jpeg,0.5860636997967958,106.10313714613972N,11.325915572235711E,[]
7705,Bến Tre City-1277.jpeg,0.5860016718506813,106.4118326821413N,10.230025338971611E,[]
7706,Yên Mỹ District-3181.jpeg,0.585925922729075,106.00897228387889N,20.907088744464478E,[]
7709,Go Cong Town-949.jpeg,0.585806718096137,106.6922926409317N,10.367092605198332E,[]
7710,Long Hồ District-8823.jpeg,0.5857497863471508,106.00710282788233N,10.302211648191006E,[]
7712,Thanh Liêm District-1178.jpeg,0.5856574736535549,105.9247015005563N,20.411368809345642E,[]
7716,Long Hồ District-3337.jpeg,0.5855286009609699,105.8879784886247N,10.18632950658401E,[]
7717,Tây Ninh City-6297.jpeg,0.5854921601712704,106.11688134011352N,11.422933179162715E,[]
7729,Go Cong Town-929.jpeg,0.5848158970475197,106.66489235208824N,10.367092605198332E,[]
7732,Châu Thành District-5554.jpeg,0.5843799449503422,106.33066074010809N,10.290693539851324E,[]
7733,Duy Tiên District-3266.jpeg,0.5843514949083328,105.98064959773394N,20.642953112005777E,[]
7735,Trà Vinh City-1186.jpeg,0.584235230460763,106.35228639584123N,9.936489172987768E,['743.jpeg']
7737,Yên Mỹ District-2890.jpeg,0.5840351842343807,106.03204942581829N,20.901698877412823E,[]
7738,Binh Minh Town-3598.jpeg,0.5839917287230492,105.828267715345N,10.078712676190406E,[]
7742,Hiệp Hòa District-4634.jpeg,0.5839163102209568,106.00497888985912N,21.321426679845857E,[]
7744,Cao Lanh City-4983.jpeg,0.583839638158679,105.58243088160947N,10.503909809836841E,[]
7745,Mỹ Tho-4044.jpeg,0.5838381946086884,106.377952395617N,10.405516075708809E,[]
7746,Mỹ Hào District-1545.jpeg,0.5837937276810408,106.09064516226894N,20.92580120979561E,['233.jpeg']
7747,Phu Ly City-4102.jpeg,0.58374859765172,105.94015259849807N,20.585533613137486E,[]
7749,Duy Tiên District-3033.jpeg,0.5836386829614639,105.92881662485615N,20.640258178479957E,[]
7750,Long Xuyen City-2965.jpeg,0.5836131852120161,105.44817627170053N,10.374483341312578E,['928.jpeg']
7751,Phu Ly City-3893.jpeg,0.5835828259587288,105.89698321315845N,20.580143746085835E,[]
7752,Long Hồ District-1793.jpeg,0.5833653695881367,105.91399414892234N,10.167464971903803E,[]
7753,Long Xuyen City-2609.jpeg,0.5832709111273289,105.41256022382217N,10.367746007498214E,[]
7754,Hoa Lư District-1481.jpeg,0.5832133945077658,105.95070772529417N,20.22089870928575E,[]
7759,Mỹ Tho-2287.jpeg,0.5829826686531305,106.377952395617N,10.369134473111249E,[]
7760,Sa Đéc City-151.jpeg,0.5829576775431633,105.75729800817835N,10.270761070208524E,[]
7761,Long Hồ District-2652.jpeg,0.5829561799764633,106.0112105637188N,10.176897239243907E,[]
7766,Hiệp Hòa District-9431.jpeg,0.5828302670270205,105.97026158106122N,21.403622152383686E,[]
7767,Mỹ Tho-3727.jpeg,0.5828250646591187,106.37384297308895N,10.394736341605826E,[]
7768,Long Hồ District-4060.jpeg,0.5828167870640755,105.97697943174823N,10.195761773924112E,[]
7775,Thanh Liêm District-1424.jpeg,0.5824442990124226,105.91463510244073N,20.416758676397286E,['375.jpeg']
7778,Go Cong Town-394.jpeg,0.5823851265013218,106.68818259760518N,10.352270470806737E,[]
7783,Mỹ Hào District-282.jpeg,0.5820262134075165,106.11516959540486N,20.89346200748571E,[]
7784,Hiệp Hòa District-8773.jpeg,0.5820087566971779,106.01799788065833N,21.38610508446578E,[]
7785,Duy Tiên District-4340.jpeg,0.5819073915481567,106.00080686496418N,20.657775246397794E,[]
7786,Binh Minh Town-1594.jpeg,0.581866055727005,105.87890038900191N,10.031551339489894E,[]
7793,Long Hồ District-3080.jpeg,0.5814129747450352,105.9865641487N,10.182287106295396E,[]
7795,Hiệp Hòa District-8939.jpeg,0.5813059890642762,106.00642544439235N,21.39014748475452E,['131.jpeg']
7800,Thanh Liêm District-1234.jpeg,0.5806884951889515,105.92038732993534N,20.41271627610855E,[]
7802,Sa Đéc City-82.jpeg,0.5806433111429214,105.7353838714898N,10.26806613668278E,[]
7803,Thanh Liêm District-7129.jpeg,0.5806167498230934,105.92038732993534N,20.50299654922353E,[]
7806,Hung Yen City-2673.jpeg,0.5803014296106994,106.07200402379468N,20.682596144968354E,[]
7809,Cao Lanh City-5046.jpeg,0.5800682567059994,105.59202254667983N,10.505257276599714E,[]
7810,Thanh Liêm District-7498.jpeg,0.5800118148326874,105.92326344368263N,20.50973388303808E,[]
7812,Hiệp Hòa District-4972.jpeg,0.5799168348312378,105.95434948119552N,21.32681654689752E,[]
7815,Binh Minh Town-3297.jpeg,0.5798663592431694,105.81595165959065N,10.070627875613173E,['28.jpeg']
7817,Hoa Lư District-614.jpeg,0.579674975015223,105.92772792128032N,20.202034174605032E,[]
7821,Cai Lậy Town-3831.jpeg,0.5795021615922451,106.13613143459246N,10.434274842192053E,[]
7823,Long Hồ District-502.jpeg,0.5794050358235836,106.01531829955528N,10.149947903986464E,[]
7826,Duy Tiên District-1717.jpeg,0.579175803810358,105.9460942824821N,20.621393643799195E,[]
7833,Phu Ly City-3020.jpeg,0.5787690952420235,105.92288484436223N,20.559931744642174E,[]
7835,Thanh Liêm District-690.jpeg,0.5787318143993616,105.93332984179821N,20.399241608479457E,[]
7836,Long Hồ District-5241.jpeg,0.5787181779742241,105.92084037531647N,10.220016175655811E,[]
7837,Tây Ninh City-5910.jpeg,0.5786582343280315,106.16361159962439N,11.41350091182259E,[]
7839,Duy Tiên District-4368.jpeg,0.5785326436161995,105.89858072401081N,20.65912271316071E,[]
7843,Cao Lanh City-2087.jpeg,0.5782673638314009,105.6454618235003N,10.443273805507571E,[]
7844,Thanh Liêm District-4347.jpeg,0.5780801400542259,105.90744481807246N,20.461225079573314E,[]
7848,Thái Bình-313.jpeg,0.5777976252138615,106.31913055931464N,20.423078240862104E,[]
7849,Trà Vinh City-1875.jpeg,0.5777125395834446,106.35228639584123N,9.963438508245199E,[]
7853,Long Xuyen City-4470.jpeg,0.577276473864913,105.41393007181749N,10.40817001038439E,[]
7855,Hiệp Hòa District-4880.jpeg,0.5771266482770443,105.963028808395N,21.325469080134603E,[]
7858,Long Hồ District-3729.jpeg,0.5770802088081837,106.00025660148823N,10.190371906872624E,[]
7859,Duy Tiên District-3073.jpeg,0.5770688205957413,105.98640881694259N,20.640258178479957E,[]
7861,Hiệp Hòa District-3367.jpeg,0.5769346356391907,105.89938040893217N,21.303909611927963E,[]
7862,Tây Ninh City-1419.jpeg,0.5769048072397709,106.13062553408732N,11.334000372812964E,[]
7865,Cai Lậy Town-6734.jpeg,0.576859038323164,106.10735964705452N,10.497605780047069E,[]
7871,Mỹ Hào District-416.jpeg,0.5762778595089912,106.12094005026037N,20.897504407774438E,[]
7874,Long Hồ District-2098.jpeg,0.5759978536516428,106.02490301650705N,10.170159905429546E,[]
7876,Duy Tiên District-1173.jpeg,0.5759020084515214,105.94897389208641N,20.610613909695914E,[]
7878,Hiệp Hòa District-9074.jpeg,0.5757346320897341,105.97749435372745N,21.39418988504327E,[]
7879,Long Hồ District-6388.jpeg,0.5756805054843426,106.02216452594939N,10.24696551091325E,[]
7880,Phu Ly City-1951.jpeg,0.5756251523271203,105.89986117218109N,20.541067209961426E,[]
7888,Hiệp Hòa District-369.jpeg,0.5752900643274188,105.94856326306252N,21.241926140833893E,[]
7889,Vĩnh Long-1775.jpeg,0.5751465335488319,105.91583328953435N,10.26112460574298E,[]
7894,Tam Điệp-697.jpeg,0.5747658829204738,105.86511797103043N,20.12643280753136E,[]
7898,Cai Lậy Town-5212.jpeg,0.5745617635548115,106.15668271140524N,10.458529243923762E,[]
7903,Duy Tiên District-962.jpeg,0.5741829751059413,105.92305740564751N,20.605224042644267E,[]
7905,Thanh Liêm District-6033.jpeg,0.5740654692053795,105.89018813558863N,20.48547948130569E,[]
7909,Hiệp Hòa District-5673.jpeg,0.5737821087241173,105.93265116319684N,21.336248814237923E,[]
7913,Binh Minh Town-1435.jpeg,0.5735157448798418,105.82963616598438N,10.028856405964154E,[]
7915,Vĩnh Long-863.jpeg,0.5733410334214568,105.926787943687N,10.246302471351386E,[]
7923,Trà Vinh City-233.jpeg,0.5727319307625294,106.32629344792062N,9.90010757039024E,[]
7929,Duy Tiên District-1333.jpeg,0.5722285732626915,105.9604923305037N,20.614656309984646E,[]
7931,Tây Ninh City-1068.jpeg,0.5719987489283085,106.15124182504802N,11.325915572235711E,[]
7934,Mỹ Hào District-3244.jpeg,0.5717199072241783,106.11516959540486N,20.954098011816768E,[]
7935,Chau Doc City-2133.jpeg,0.5716921538114548,105.10836417397618N,10.668835673771909E,[]
7938,Long Hồ District-9004.jpeg,0.5715270824730396,106.00573358260351N,10.306254048479625E,[]
7941,Tây Ninh City-2854.jpeg,0.5714401043951511,106.11000924312664N,11.362297174833339E,['972.jpeg']
7945,Thanh Liêm District-4453.jpeg,0.5713524334132671,105.92613955742995N,20.46257254633622E,[]
7951,Thanh Liêm District-5187.jpeg,0.5709056034684181,105.90456870432516N,20.473352280439503E,[]
7952,Thanh Liêm District-7824.jpeg,0.5708513222634792,105.96640514989222N,20.51647121685263E,[]
7954,Hung Yen City-1363.jpeg,0.5708024501800537,106.09504522338432N,20.64082467531811E,[]
7956,Thái Bình-1339.jpeg,0.5707641295157373,106.36946506406538N,20.445985175831574E,[]
7957,Duy Tiên District-3143.jpeg,0.5705830045044422,105.9460942824821N,20.641605645242862E,[]
7958,Long Hồ District-3044.jpeg,0.5703299781307578,105.93727131866235N,10.182287106295396E,[]
7964,Thanh Liêm District-7521.jpeg,0.5700648631900549,105.95633875177664N,20.50973388303808E,[]
7967,Duy Tiên District-4970.jpeg,0.5699149761348963,106.01520491298577N,20.66720751373818E,[]
7968,Cai Lậy Town-4339.jpeg,0.569845050573349,106.19367500966834N,10.442359642769288E,[]
7969,Bac Giang City-2180.jpeg,0.5697422064840794,106.25167631103253N,21.284742144297002E,[]
7970,Thái Bình-67.jpeg,0.5696429722011089,106.31913055931464N,20.406908639707193E,[]
7974,Vĩnh Long-2117.jpeg,0.5693724667653441,105.910355962458N,10.26786193955734E,[]
7975,Hiệp Hòa District-5994.jpeg,0.5693055940791965,105.93409771773007N,21.340291214526662E,[]
7977,Mỹ Tho-3619.jpeg,0.5689685307443142,106.3217902877337N,10.393388874842957E,[]
7979,Go Cong Town-25.jpeg,0.5689178258180618,106.6758524676256N,10.33744833641514E,[]
7980,Long Xuyen City-2283.jpeg,0.5689156884327531,105.42625870377537N,10.361008673683854E,[]
7981,Chau Doc City-2932.jpeg,0.5688408492133021,105.13167552651802N,10.680962874637771E,[]
7983,Long Hồ District-1839.jpeg,0.5687703751027584,105.97697943174823N,10.167464971903803E,[]
7987,Cao Lanh City-2330.jpeg,0.5686451345682144,105.6605344400394N,10.447316205796186E,[]
7990,Go Cong Town-3762.jpeg,0.5682296417653561,106.59091157221086N,10.43311847657908E,[]
7994,Sa Đéc City-2695.jpeg,0.5680315243080258,105.72716607023159N,10.363736276846712E,[]
7998,Long Hồ District-2405.jpeg,0.5679787509143353,105.9810871675847N,10.174202305718163E,[]
8000,Châu Thành District-6448.jpeg,0.5677704252302647,106.41283031971751N,10.296083406902813E,[]
8005,Phu Ly City-1567.jpeg,0.5674684029072523,105.96461525019052N,20.53432987614687E,[]
8011,Duy Tiên District-2541.jpeg,0.5673067457973957,105.9057797480216N,20.633520844665398E,[]
8013,Cai Lậy Town-5123.jpeg,0.5672917328774929,106.1320211792299N,10.45718177716089E,[]
8014,Phu Ly City-4344.jpeg,0.567252685315907,105.92720178289618N,20.600355747529495E,[]
8019,Hoa Lư District-591.jpeg,0.566800253931433,105.98230495581322N,20.20068670784212E,[]
8021,Yên Mỹ District-608.jpeg,0.5666587874293327,106.0075299625076N,20.862622341288365E,[]
8026,Hiệp Hòa District-2682.jpeg,0.5664918273687363,105.98617368092694N,21.291782411061728E,[]
8029,Trà Vinh City-2901.jpeg,0.566485034301877,106.3358697971545N,9.990387843502628E,[]
8031,Long Hồ District-1474.jpeg,0.5664441511034966,105.93179433754707N,10.163422571615186E,[]
8034,Phu Ly City-462.jpeg,0.5663295313715935,105.96461525019052N,20.515465341466133E,[]
8035,Ninh Bình-1502.jpeg,0.5662017818540335,105.9859424731437N,20.252307209583073E,[]
8038,Phu Ly City-4161.jpeg,0.5659815184772015,105.92432382387354N,20.588228546663295E,[]
8040,Yên Mỹ District-1537.jpeg,0.5659051528200507,105.99599139153793N,20.88013940920623E,[]
8041,Tây Ninh City-6117.jpeg,0.5657863058149815,106.11963017890828N,11.418890778874088E,['973.jpeg']
8044,Trà Vinh City-27.jpeg,0.5655102860182524,106.34407809649787N,9.889327836287272E,[]
8048,Hiệp Hòa District-3326.jpeg,0.5652644634246826,105.97026158106122N,21.302562145165048E,[]
8053,Go Cong Town-785.jpeg,0.5649930047802627,106.68818259760518N,10.363050204909717E,[]
8054,Châu Thành District-3293.jpeg,0.5649391729384661,106.22247079362242N,10.277218872222601E,[]
8055,Hiệp Hòa District-3217.jpeg,0.5648570703342557,105.93988393586307N,21.301214678402133E,[]
8056,Phu Ly City-4071.jpeg,0.5647732764482498,105.95310341409997N,20.58418614637456E,[]
8057,Cai Lậy Town-4911.jpeg,0.5647408999502659,106.14024168995502N,10.45313937687227E,[]
8059,Cao Lanh City-4550.jpeg,0.5645473562180996,105.61668682828926N,10.494477542496732E,[]
8060,Duy Tiên District-5750.jpeg,0.56449044495821,105.99648745055771N,20.686072048418932E,[]
8063,Vĩnh Long-721.jpeg,0.5641534645110369,105.94732792022326N,10.243607537825643E,[]
8064,Thái Bình-1911.jpeg,0.564109567552805,106.35939816311522N,20.458112376697763E,[]
8066,Binh Minh Town-1992.jpeg,0.5640660729259253,105.89395334603505N,10.039636140067126E,[]
8070,Phu Ly City-3620.jpeg,0.5639488361775875,105.89554423364714N,20.573406412271282E,[]
8071,Duy Tiên District-1226.jpeg,0.563937321305275,105.95473311129504N,20.61196137645883E,[]
8073,Long Hồ District-3326.jpeg,0.5638645868748426,106.02216452594939N,10.184982039821136E,[]
8074,Duy Tiên District-1576.jpeg,0.5638343375176191,106.00944569377715N,20.618698710273378E,[]
8076,Hiệp Hòa District-8542.jpeg,0.5637090932577848,105.95145637212903N,21.38206268417704E,[]
8077,Long Hồ District-5570.jpeg,0.5635383948683739,105.9235788658741N,10.226753509470168E,[]
8078,Vĩnh Long-416.jpeg,0.5635075392201543,105.96649856499045N,10.236870204011284E,[]
8079,Yên Mỹ District-3869.jpeg,0.563496601767838,106.00464531976523N,20.920563412093603E,[]
8082,Duy Tiên District-4921.jpeg,0.56342045776546,105.91729818643888N,20.66720751373818E,[]
8084,Chau Doc City-2565.jpeg,0.5633584670722485,105.11796296619927N,10.675573007586278E,[]
8085,Cai Lậy Town-3234.jpeg,0.5631224773824215,106.18408441382235N,10.422147641326202E,[]
8086,Cai Lậy Town-1839.jpeg,0.5630246140062809,106.19367500966834N,10.39519830606875E,[]
8087,Go Cong Town-14.jpeg,0.563007228076458,106.65119220766648N,10.33744833641514E,[]
8093,Long Hồ District-1961.jpeg,0.5627886988222599,105.99067188453644N,10.168812438666674E,[]
8096,Cai Lậy Town-4407.jpeg,0.5626715272665024,106.17860407333892N,10.443707109532163E,[]
8105,Yên Mỹ District-3002.jpeg,0.5622376352548599,105.96858728548484N,20.90439381093865E,[]
8108,Sa Đéc City-999.jpeg,0.5621904507279396,105.75318910754926N,10.297710405465965E,[]
8111,Duy Tiên District-2597.jpeg,0.5621062889695168,105.98640881694259N,20.633520844665398E,[]
8114,Vĩnh Long-94.jpeg,0.5618764497339725,105.91583328953435N,10.228785403434047E,[]
8115,Châu Thành District-3181.jpeg,0.5618361756205559,106.36900654392583N,10.275871405459727E,[]
8116,Mỹ Tho-3.jpeg,0.5617728624492884,106.30124317509345N,10.320625669647844E,[]
8117,Chau Doc City-2664.jpeg,0.5617379955947399,105.1330467825499N,10.676920474349151E,[]
8118,Hiệp Hòa District-3796.jpeg,0.5616426356136799,105.9847271263937N,21.30929947897962E,[]
8121,Long Hồ District-8521.jpeg,0.5615359218791127,105.9687639600753N,10.296821781139522E,[]
8122,Cai Lậy Town-3825.jpeg,0.5615154765546322,106.12791092386735N,10.434274842192053E,[]
8124,Tam Điệp-3390.jpeg,0.5614930232986808,105.93545322864026N,20.16820427718152E,[]
8125,Binh Minh Town-4292.jpeg,0.5614439994096756,105.86111053069003N,10.097577210870606E,[]
8127,Vĩnh Long-1994.jpeg,0.5613828599452972,105.90077064007444N,10.265167006031596E,[]
8129,Mỹ Tho-442.jpeg,0.5612508431077003,106.35329586044872N,10.33679527080231E,[]
8136,Duy Tiên District-2330.jpeg,0.5608725941274315,106.01232530338144N,20.629478444376662E,[]
8137,Tây Ninh City-5701.jpeg,0.560697466135025,106.14162088926633N,11.409458511533964E,[]
8140,Long Hồ District-539.jpeg,0.5605361880734563,105.90988641308587N,10.151295370749338E,[]
8141,Mỹ Hào District-119.jpeg,0.560509979724884,106.11228436797707N,20.885377206908228E,[]
8142,Mỹ Hào District-3247.jpeg,0.5604374185204506,106.11949743654648N,20.954098011816768E,[]
8143,Vĩnh Long-671.jpeg,0.5604030285030603,105.98293054621945N,10.242260071062768E,[]
8144,Châu Thành District-2903.jpeg,0.5603547506034374,106.25670811845967N,10.274523938696857E,[]
8147,Chau Doc City-605.jpeg,0.5600929632782936,105.1015078938168N,10.637843938225831E,[]
8150,Duy Tiên District-3173.jpeg,0.5596755743026733,105.98928842654688N,20.641605645242862E,['311.jpeg']
8159,Go Cong Town-4337.jpeg,0.5591568164527416,106.62653194770735N,10.443898210682066E,[]
8160,Cai Lậy Town-1146.jpeg,0.55913220718503,106.13613143459246N,10.38441857196577E,[]
8165,Long Hồ District-1040.jpeg,0.5587365739047527,105.9235788658741N,10.158032704563702E,[]
8168,Thái Bình-554.jpeg,0.5585377290844917,106.3680269353582N,20.429815574676653E,[]
8169,Châu Thành District-9532.jpeg,0.558511869981885,106.31011834520577N,10.318990341871643E,[]
8179,Hiệp Hòa District-484.jpeg,0.5575743606314063,105.94856326306252N,21.24596854112263E,[]
8180,Long Hồ District-193.jpeg,0.5575391985476017,105.93042509226822N,10.14455803693498E,[]
8182,Hung Yen City-2940.jpeg,0.5573476599529386,106.07632424871774N,20.69068094554582E,[]
8183,Ninh Bình-557.jpeg,0.5573082584887743,105.96583578475317N,20.229400274613628E,[]
8187,Long Hồ District-4299.jpeg,0.5571570973843336,106.00299509204586N,10.19980417421273E,[]
8189,Châu Thành District-9675.jpeg,0.5570810437202454,106.3046403732318N,10.320337808634513E,[]
8190,Thanh Liêm District-6963.jpeg,0.5570394601672888,105.91463510244073N,20.50030161569771E,[]
8193,Long Hồ District-739.jpeg,0.5570188220590353,105.92084037531647N,10.153990304275084E,[]
8197,Long Hồ District-5870.jpeg,0.5568911451846361,105.93864056394118N,10.232143376521655E,[]
8198,Sa Đéc City-1597.jpeg,0.5566763952374458,105.71620900188731N,10.319269873671924E,[]
8201,Go Cong Town-4973.jpeg,0.5566088780760765,106.64708216433996N,10.47758487975388E,[]
8202,Duy Tiên District-2268.jpeg,0.5565611086785793,105.92305740564751N,20.629478444376662E,[]
8203,Go Cong Town-3468.jpeg,0.556551244109869,106.61831186105434N,10.427728609527595E,[]
8206,Hiệp Hòa District-3289.jpeg,0.5564296152442694,105.91673906333112N,21.302562145165048E,[]
8207,Bến Tre City-1801.jpeg,0.5562917590141296,106.33378457950285N,10.240805073074588E,['690.jpeg']
8209,Mỹ Tho-2289.jpeg,0.5561059303581715,106.38069201063568N,10.369134473111249E,[]
8211,Binh Minh Town-2926.jpeg,0.5560134388506413,105.85974208005064N,10.059848141510198E,[]
8214,Phu Ly City-1478.jpeg,0.5559860542416573,105.95742035263392N,20.53298240938396E,[]
8216,Thanh Liêm District-3327.jpeg,0.5559671185910702,105.96496709301853N,20.4464029451813E,[]
8217,Trà Vinh City-965.jpeg,0.5559021895751357,106.32629344792062N,9.925709438884796E,[]
8218,Tây Ninh City-627.jpeg,0.5557883083820343,106.13887205047158N,11.315135838132713E,[]
8219,Thanh Liêm District-2123.jpeg,0.5557206515222788,105.91894927306168N,20.42888587726348E,[]
8220,Sa Đéc City-523.jpeg,0.5556998327374458,105.76688544297964N,10.2815408043115E,['911.jpeg']
8227,Long Hồ District-6012.jpeg,0.555242508649826,106.01257980899764N,10.234838310047401E,[]
8228,Phu Ly City-37.jpeg,0.5552110467106104,105.91712892631695N,20.489863472970836E,[]
8229,Tây Ninh City-4281.jpeg,0.5551246143877506,106.13612321167683N,11.385204109802213E,[]
8232,Cai Lậy Town-5754.jpeg,0.5546390768140554,106.12106049826308N,10.46930897802674E,[]
8233,Hiệp Hòa District-4472.jpeg,0.5545150060206652,105.90082696346543N,21.32007921308295E,[]
8235,Bến Tre City-2304.jpeg,0.5544438175857067,106.34200016925425N,10.24888987365182E,[]
8237,Duy Tiên District-183.jpeg,0.5542624890804291,105.96481174491018N,20.568842440045678E,[]
8240,Bến Tre City-1888.jpeg,0.5539729222655296,106.34336943421283N,10.242152539837459E,[]
8241,Phu Ly City-1168.jpeg,0.5539542846381664,105.99771177895089N,20.52759254233232E,[]
8245,Thanh Liêm District-2827.jpeg,0.5536889918148518,105.92182538680898N,20.439665611366756E,[]
8247,Go Cong Town-1205.jpeg,0.5536180287599564,106.69366265537386N,10.373829939012698E,[]
8252,Go Cong Town-3406.jpeg,0.5534141156822443,106.64845217878214N,10.426381142764722E,[]
8253,Ninh Bình-2348.jpeg,0.5533000729046762,105.95291005650212N,20.283298945129978E,[]
8254,Long Hồ District-5169.jpeg,0.5531052574515343,106.0043643373247N,10.217321242130064E,[]
8258,Hiệp Hòa District-5722.jpeg,0.5529363043606281,106.00353233532584N,21.336248814237923E,[]
8261,Chau Doc City-3844.jpeg,0.5527016296982765,105.10425040588055N,10.695785009029374E,[]
8263,Long Xuyen City-5066.jpeg,0.5526388520374894,105.39749189587363N,10.424339611538858E,[]
8268,Hiệp Hòa District-6098.jpeg,0.5523209553211927,105.93120460866358N,21.34163868128958E,[]
8269,Hiệp Hòa District-3840.jpeg,0.5522295655682683,105.91384595426466N,21.310646945742537E,[]
8270,Thanh Liêm District-2200.jpeg,0.5521790161728859,105.9060067611988N,20.430233344026384E,[]
8277,Bến Tre City-2403.jpeg,0.5518285948783159,106.36664693850851N,10.25023734041469E,[]
8278,Hoa Lư District-4149.jpeg,0.5517294378951192,105.93347287228377N,20.295009381245738E,[]
8279,Long Hồ District-3419.jpeg,0.5517283584922552,106.00025660148823N,10.18632950658401E,[]
8281,Tây Ninh City-1671.jpeg,0.5516749210655689,106.14711856685587N,11.339390239864464E,[]
8283,Mỹ Hào District-2172.jpeg,0.5516233565285802,106.06035027427752N,20.937928410661822E,[]
8287,Tây Ninh City-6728.jpeg,0.5513808876276016,106.16086276082966N,11.435060380028592E,[]
8289,Phu Ly City-2290.jpeg,0.5510638738051057,105.93871361898678N,20.546457077013063E,[]
8292,Go Cong Town-1215.jpeg,0.5509831011295319,106.63749206324476N,10.375177405775567E,[]
8293,Long Hồ District-1691.jpeg,0.5509008718654513,105.92631735643175N,10.16611750514093E,[]
8298,Duy Tiên District-2941.jpeg,0.5502610793337226,105.93889525847129N,20.638910711717042E,[]
8302,Cao Lanh City-4067.jpeg,0.5501441620290279,105.60846540108611N,10.485045275156622E,[]
8313,Phu Ly City-2335.jpeg,0.5497091859579086,105.89410525413581N,20.54780454377598E,[]
8314,Cao Lanh City-4726.jpeg,0.5497019421309233,105.57832016800789N,10.49851994278535E,[]
8315,Cai Lậy Town-3724.jpeg,0.5496324878185987,106.1881946691849N,10.43157990866631E,[]
8316,Phu Ly City-2799.jpeg,0.5496232509613037,105.92288484436223N,20.55588934435344E,[]
8317,Long Xuyen City-575.jpeg,0.5495668649673462,105.47694307960226N,10.321932137560555E,[]
8322,Mỹ Hào District-2545.jpeg,0.5492500960826874,106.11084175426323N,20.94331827771347E,[]
8326,Thái Bình-1610.jpeg,0.5489282971248031,106.37521757889405N,20.451375042883214E,[]
8327,Trà Vinh City-2662.jpeg,0.5488216578960419,106.32766149781118N,9.983650509688271E,[]
8329,Bến Tre City-2881.jpeg,0.5487683825194836,106.34610796412997N,10.259669607754798E,[]
8331,Cai Lậy Town-3956.jpeg,0.5487434901297092,106.10598956193365N,10.436969775717799E,[]
8336,Cai Lậy Town-6092.jpeg,0.5484662503004074,106.12517075362561N,10.476046311841102E,[]
8339,Cao Lanh City-2170.jpeg,0.5483173299580812,105.64957253710186N,10.444621272270446E,[]
8342,Tây Ninh City-6221.jpeg,0.5480498895049095,106.18010463239294N,11.420238245636966E,[]
8344,Go Cong Town-1695.jpeg,0.5479298811405897,106.67996251095214N,10.387304606641418E,[]
8346,Sa Đéc City-2384.jpeg,0.547881480306387,105.71073046771518N,10.351609075980859E,[]
8347,Binh Minh Town-2220.jpeg,0.5477732680737972,105.83647841918126N,10.045026007118615E,[]
8349,Yên Mỹ District-1688.jpeg,0.5476420149207115,105.97002960685604N,20.882834342732053E,[]
8352,Cai Lậy Town-878.jpeg,0.5474628489464521,106.1854544989432N,10.379028704914282E,[]
8353,Cao Lanh City-4640.jpeg,0.5473730387166142,105.64683206136746N,10.495825009259605E,[]
8357,Long Hồ District-2598.jpeg,0.5472111031413078,105.93727131866235N,10.176897239243907E,[]
8358,Long Xuyen City-1237.jpeg,0.5471176020801067,105.46598429563967N,10.336754271952149E,[]
8363,Sa Đéc City-2260.jpeg,0.5467744283378124,105.72442680314552N,10.34621920892937E,[]
8365,Hiệp Hòa District-7228.jpeg,0.5465236138552427,106.01799788065833N,21.356460815681647E,[]
8366,Long Hồ District-5752.jpeg,0.546520110219717,105.9810871675847N,10.229448442995913E,[]
8367,Cai Lậy Town-4834.jpeg,0.5464775003492832,106.1347613494716N,10.4517919101094E,[]
8372,Cai Lậy Town-5615.jpeg,0.5461497157812119,106.12517075362561N,10.466614044500997E,[]
8373,Sa Đéc City-2140.jpeg,0.5461156219244003,105.72853570377463N,10.340829341877884E,[]
8376,Long Xuyen City-3626.jpeg,0.5459713973104954,105.43036824776134N,10.387958008941302E,[]
8378,Tây Ninh City-4091.jpeg,0.5458709746599197,106.11000924312664N,11.382509176276463E,[]
8380,Bac Giang City-1920.jpeg,0.5456923749297857,106.21118950702068N,21.280699744008253E,[]
8381,Phu Ly City-3651.jpeg,0.5456197522580624,105.94015259849807N,20.573406412271282E,[]
8389,Yên Mỹ District-1665.jpeg,0.5450854934751987,106.0594535318714N,20.881486875969138E,[]
8391,Go Cong Town-2531.jpeg,0.5447652116417885,106.66900239541475N,10.408864074847378E,[]
8393,Binh Minh Town-1705.jpeg,0.5447092335671186,105.85837362941128N,10.03424627301564E,[]
8398,Cai Lậy Town-4522.jpeg,0.5443966574966908,106.12106049826308N,10.446402043057908E,[]
8399,Go Cong Town-425.jpeg,0.5443730801343918,106.67311243874127N,10.35361793756961E,[]
8407,Tam Điệp-2403.jpeg,0.5438558962196112,105.87803669181591N,20.156077076315338E,[]
8410,Duy Tiên District-433.jpeg,0.5437191314995289,105.98352920733824N,20.579622174148962E,[]
8411,Thái Bình-622.jpeg,0.5436829570680857,106.38097009372268N,20.43116304143958E,[]
8412,Trà Vinh City-1776.jpeg,0.5435836762189865,106.34271004660732N,9.960743574719457E,[]
8420,Go Cong Town-547.jpeg,0.5432936120778322,106.65393223655084N,10.357660337858226E,[]
8424,Hung Yen City-3181.jpeg,0.5429805526509881,106.02592162461532N,20.700113212886198E,[]
8433,Duy Tiên District-2483.jpeg,0.5423091296106577,105.95905252570155N,20.632173377902483E,[]
8437,Bến Tre City-1867.jpeg,0.5421911049634218,106.4241560667684N,10.240805073074588E,[]
8438,Bến Tre City-1690.jpeg,0.5420749562326819,106.39540150263845N,10.238110139548848E,[]
8441,Châu Thành District-7820.jpeg,0.5419724732637405,106.37722350188677N,10.305515674242919E,[]
8442,Tây Ninh City-1439.jpeg,0.5419656112790108,106.1581139220349N,11.334000372812964E,[]
8444,Sa Đéc City-1808.jpeg,0.5417976640164852,105.75044984046319N,10.326007207486287E,[]
8446,Duy Tiên District-3619.jpeg,0.5417318264953792,105.92305740564751N,20.64834297905743E,[]
8450,Tây Ninh City-2206.jpeg,0.5413061641156673,106.07839759698689N,11.351517440730339E,[]
8454,Chau Doc City-3413.jpeg,0.5411706976592541,105.06996900508369N,10.689047675215011E,[]
8456,Cao Lanh City-3269.jpeg,0.5411635646596551,105.63724039629714N,10.467528207239278E,[]
8457,Vĩnh Long-1869.jpeg,0.5410051578655839,105.93089593899424N,10.262472072505853E,[]
8459,Tây Ninh City-3107.jpeg,0.540874257683754,106.13062553408732N,11.366339575121964E,[]
8461,Long Hồ District-4696.jpeg,0.5404968485236168,105.9810871675847N,10.207888974789961E,[]
8475,Cai Lậy Town-2490.jpeg,0.539847832173109,106.16216305188868N,10.407325506934605E,[]
8480,Thái Bình-1133.jpeg,0.539563924074173,106.36658880665104N,20.441942775542838E,[]
8483,Go Cong Town-1873.jpeg,0.5393579099327326,106.64708216433996N,10.39269447369291E,[]
8485,Bến Tre City-3109.jpeg,0.5392716387286782,106.34336943421283N,10.265059474806286E,[]
8487,Long Xuyen City-3461.jpeg,0.5391322448849678,105.38105371992982N,10.385263075415558E,[]
8488,Thanh Liêm District-1807.jpeg,0.5391268134117126,105.94771041053473N,20.423496010211835E,[]
8491,Long Hồ District-3372.jpeg,0.538958752527833,105.93590207338352N,10.18632950658401E,[]
8492,Tây Ninh City-4772.jpeg,0.5389447174966335,106.10176272674236N,11.393288910379463E,[]
8501,Duy Tiên District-5664.jpeg,0.5384701620787382,106.01088549857933N,20.682029648130197E,[]
8503,Thanh Liêm District-4352.jpeg,0.5382733233273029,105.91463510244073N,20.461225079573314E,[]
8504,Long Hồ District-4387.jpeg,0.538252841681242,105.93179433754707N,10.202499107738472E,[]
8505,Yên Mỹ District-3939.jpeg,0.5379260051995516,106.01474156936374N,20.921910878856515E,[]
8506,Cai Lậy Town-2962.jpeg,0.5379052050411701,106.16490322213039N,10.416757774274714E,[]
8508,Mỹ Tho-3055.jpeg,0.5377328991889954,106.38754104818243N,10.382609140739975E,[]
8509,Sa Đéc City-466.jpeg,0.5377218741923571,105.75181947400624N,10.280193337548628E,[]
8511,Vĩnh Long-276.jpeg,0.5376208946108818,105.910355962458N,10.23417527048554E,[]
8512,Cao Lanh City-4711.jpeg,0.5376041308045387,105.65094277496904N,10.497172476022477E,[]
8517,Ninh Bình-509.jpeg,0.5374161545187235,105.95721863258582N,20.228052807850712E,[]
8519,Phu Ly City-3735.jpeg,0.537241967394948,105.9070560697377N,20.5761013457971E,[]
8520,Mỹ Tho-2397.jpeg,0.5372127532027662,106.31631105769634N,10.371829406636992E,[]
8522,Duy Tiên District-3721.jpeg,0.537172214128077,105.92881662485615N,20.649690445820323E,[]
8525,Long Xuyen City-3292.jpeg,0.5370366685092449,105.43036824776134N,10.381220675126938E,[]
8526,Tây Ninh City-671.jpeg,0.5369265861809254,106.13337437288207N,11.316483304895591E,[]
8529,Go Cong Town-3273.jpeg,0.5367326363921165,106.69503266981602N,10.423686209238976E,[]
8534,Long Hồ District-2758.jpeg,0.5364433899521828,106.00162584676706N,10.178244706006778E,[]
8535,Cai Lậy Town-5511.jpeg,0.5363225135952234,106.17723398821808N,10.463919110975251E,[]
8538,Long Hồ District-6477.jpeg,0.5361466482281685,106.01257980899764N,10.25235537796474E,['555.jpeg']
8542,Thanh Liêm District-7846.jpeg,0.5359366033226252,105.92182538680898N,20.517818683615538E,[]
8543,Trà Vinh City-3326.jpeg,0.5359150543808937,106.31261294901503N,10.006557444657087E,[]
8549,Yên Mỹ District-2138.jpeg,0.5356777445413172,106.00464531976523N,20.889571676546616E,[]
8550,Tây Ninh City-6421.jpeg,0.5355981253087521,106.1251278564978N,11.425628112688466E,[]
8559,Thanh Liêm District-467.jpeg,0.53524474427104,105.91751121618802N,20.391156807901996E,[]
8560,Cai Lậy Town-5815.jpeg,0.5352232865989208,106.11009981729622N,10.470656444789617E,[]
8561,Tây Ninh City-3320.jpeg,0.5352163445204496,106.08389527457642N,11.370381975410586E,[]
8566,Cai Lậy Town-6704.jpeg,0.5347907952964306,106.09365879584597N,10.496258313284194E,[]
8568,Tây Ninh City-3590.jpeg,0.5346856452524662,106.1127580819214N,11.374424375699213E,[]
8569,Long Hồ District-8298.jpeg,0.5346778221428394,105.95644075256588N,10.292779380850904E,[]
8573,Yên Mỹ District-1615.jpeg,0.5345866894349456,105.98733746331064N,20.881486875969138E,[]
8574,Mỹ Tho-3856.jpeg,0.5345582067966461,106.36973355056092N,10.39743127513157E,[]
8575,Thái Bình-518.jpeg,0.5344567522406578,106.31625430190032N,20.429815574676653E,[]
8578,Cai Lậy Town-6320.jpeg,0.5342539753764868,106.12928100898819N,10.481436178892595E,[]
8579,Hiệp Hòa District-1092.jpeg,0.5342117459513247,105.92541839053061N,21.264833075803434E,[]
8591,Mỹ Tho-2481.jpeg,0.533279076218605,106.32589971026175N,10.373176873399867E,[]
8592,Tây Ninh City-1698.jpeg,0.5332192527130246,106.10038830734497N,11.340737706627339E,[]
8595,Hiệp Hòa District-9045.jpeg,0.5330531010404229,106.0107651079921N,21.392842418280356E,[]
8596,Cao Lanh City-3798.jpeg,0.5330252591520548,105.6112058768205N,10.479655408105131E,[]
8598,Sa Đéc City-355.jpeg,0.5327710062265396,105.72853570377463N,10.277498404022884E,[]
8599,Trà Vinh City-2296.jpeg,0.5327174458652735,106.35502249562234N,9.974218242348169E,[]
8601,Sa Đéc City-1347.jpeg,0.5325523633509874,105.74086240566193N,10.309837606331815E,[]
8603,Long Hồ District-606.jpeg,0.5323620233684778,106.02901075234352N,10.151295370749338E,[]
8609,Thanh Liêm District-1792.jpeg,0.5320885255932808,105.92613955742995N,20.423496010211835E,[]
8610,Tây Ninh City-522.jpeg,0.5318511202931404,106.12100459830566N,11.312440904606968E,[]
8613,Yên Mỹ District-3302.jpeg,0.5316383428871632,105.97002960685604N,20.909783677990298E,[]
8614,Hiệp Hòa District-6495.jpeg,0.5316014382988214,105.92397183599734N,21.347028548341235E,[]
8616,Go Cong Town-451.jpeg,0.5315315872430801,106.65119220766648N,10.354965404332479E,[]
8619,Long Hồ District-2983.jpeg,0.5311762951314449,106.0043643373247N,10.18093963953252E,[]
8622,Go Cong Town-1786.jpeg,0.53114019241184,106.66763238097258N,10.389999540167166E,[]
8625,Ninh Bình-1276.jpeg,0.5310392528772354,105.99599581733898N,20.246917342531432E,[]
8628,Châu Thành District-8191.jpeg,0.5310021322220564,106.36215907895837N,10.308210607768663E,[]
8630,Tây Ninh City-1378.jpeg,0.5309579074382782,106.07427433879477N,11.334000372812964E,[]
8631,Hiệp Hòa District-5121.jpeg,0.5309427576139569,106.02812376239105N,21.328164013660434E,[]
8634,Bến Tre City-2424.jpeg,0.5308306217193604,106.39540150263845N,10.25023734041469E,[]
8637,Yên Mỹ District-3837.jpeg,0.5306444196030498,106.05079960364408N,20.919215945330688E,[]
8647,Thái Bình-2116.jpeg,0.5302664907649159,106.31913055931464N,20.463502243749414E,[]
8648,Thái Bình-368.jpeg,0.5302577316761017,106.35508377699372N,20.424425707625012E,[]
8653,Vĩnh Long-2134.jpeg,0.5299039599485695,105.93363460253244N,10.26786193955734E,[]
8657,Cai Lậy Town-6702.jpeg,0.5297418981790543,106.09091862560427N,10.496258313284194E,[]
8664,Cao Lanh City-2893.jpeg,0.5290896035730839,105.60983563895327N,10.459443406662043E,[]
8669,Duy Tiên District-4579.jpeg,0.5288998801261187,105.94033506327347N,20.661817646686533E,[]
8670,Phu Ly City-3299.jpeg,0.52886494807899,105.91712892631695N,20.565321611693822E,[]
8671,Duy Tiên District-5610.jpeg,0.5288649350404739,105.99360784095339N,20.68068218136729E,[]
8674,Cao Lanh City-3698.jpeg,0.5287592075765133,105.65642372643782N,10.476960474579384E,[]
8675,Bac Giang City-522.jpeg,0.5287336325272918,106.22854099445433N,21.24836054169831E,[]
8682,Tây Ninh City-3446.jpeg,0.528055664151907,106.14299530866373N,11.37172944217346E,[]
8686,Hiệp Hòa District-8639.jpeg,0.527920164167881,106.00208578079261N,21.38341015093995E,[]
8687,Go Cong Town-4302.jpeg,0.5278623625636101,106.6457121498978N,10.44255074391919E,[]
8691,Thanh Liêm District-5438.jpeg,0.5274209845811129,105.98653794612336N,20.476047213965323E,[]
8693,Binh Minh Town-1600.jpeg,0.5272461362183094,105.88711109283818N,10.031551339489894E,[]
8694,Châu Thành District-2184.jpeg,0.5272397678345442,106.31696581017323N,10.269134071645368E,[]
8701,Hiệp Hòa District-2764.jpeg,0.5266187600791454,105.99051334452666N,21.293129877824647E,[]
8705,Phu Ly City-2325.jpeg,0.5263962792232633,105.87971545902262N,20.54780454377598E,[]
8706,Phu Ly City-2122.jpeg,0.5263589033856988,105.9200068853396N,20.543762143487246E,[]
8710,Tây Ninh City-6561.jpeg,0.5262415930628777,106.16773485781654N,11.428323046214217E,[]
8711,Tây Ninh City-786.jpeg,0.5262054093182087,106.14849298625326N,11.31917823842134E,[]
8712,Trà Vinh City-73.jpeg,0.5261682905256748,106.33860589693562N,9.892022769813014E,[]
8717,Châu Thành District-774.jpeg,0.525962074752897,106.31696581017323N,10.257006870779517E,[]
8725,Trà Vinh City-1198.jpeg,0.5253959205001593,106.33450174726396N,9.937836639750643E,[]
8727,Cao Lanh City-4882.jpeg,0.5252625048160553,105.60846540108611N,10.501214876311098E,[]
8729,Go Cong Town-2909.jpeg,0.5251033697277308,106.68818259760518N,10.416948875424618E,[]
8731,Hiệp Hòa District-6439.jpeg,0.5247998461127281,105.97894090826068N,21.345681081578324E,[]
8735,Vĩnh Long-2079.jpeg,0.5246538333594799,105.92952660722517N,10.266514472794467E,['653.jpeg']
8740,Tây Ninh City-4716.jpeg,0.5244589000940323,106.14024646986898N,11.39194144361659E,[]
8746,Hiệp Hòa District-4778.jpeg,0.5239095538854599,105.95579603572877N,21.324121613371688E,[]
8750,Binh Minh Town-2702.jpeg,0.5238332096487284,105.8460575736569N,10.054458274458714E,[]
8752,Long Hồ District-5684.jpeg,0.523779324721545,105.99067188453644N,10.22810097623304E,[]
8756,Duy Tiên District-5110.jpeg,0.5235824026167393,105.99648745055771N,20.669902447263993E,[]
8757,Mỹ Tho-1439.jpeg,0.5235229628160596,106.30672240513088N,10.355659805482526E,[]
8759,Thanh Liêm District-1735.jpeg,0.5234947390854359,105.9577768086503N,20.42214854344892E,[]
8761,Cao Lanh City-3882.jpeg,0.5232708938419819,105.63449992056276N,10.481002874868004E,[]
8765,Bac Giang City-1760.jpeg,0.5230025798082352,106.20974354973457N,21.278004810482425E,['105.jpeg']
8768,Long Hồ District-6300.jpeg,0.522862870246172,106.01394905427645N,10.242923110624638E,[]
8775,Duy Tiên District-1753.jpeg,0.5224998220801353,106.00368647456851N,20.621393643799195E,[]
8778,Cai Lậy Town-6165.jpeg,0.5221935790032148,106.14024168995502N,10.477393778603979E,[]
8781,Sa Đéc City-2881.jpeg,0.5219621919095516,105.71483936834429N,10.373168544186822E,[]
8792,Long Hồ District-5879.jpeg,0.5216318462044001,105.97150245063291N,10.232143376521655E,[]
8796,Thanh Liêm District-2298.jpeg,0.5209461823105812,105.92182538680898N,20.431580810789296E,[]
8799,Cao Lanh City-2303.jpeg,0.5208052480593324,105.62353801762521N,10.447316205796186E,[]
8800,Châu Thành District-1620.jpeg,0.5205728625878692,106.26081659744013N,10.265091671356753E,[]
8811,Binh Minh Town-347.jpeg,0.5194196794182062,105.86384743196876N,10.001907070706721E,[]
8812,Tây Ninh City-5333.jpeg,0.5193571224808693,106.12100459830566N,11.402721177719588E,[]
8816,Cao Lanh City-4728.jpeg,0.5191586837172508,105.58106064374226N,10.49851994278535E,[]
8826,Hiệp Hòa District-6657.jpeg,0.518542860634625,106.02378409879131N,21.348376015104158E,['185.jpeg']
8828,Mỹ Hào District-2662.jpeg,0.5185158345848322,106.03438322742775N,20.9460132112393E,[]
8829,Binh Minh Town-3079.jpeg,0.5185145810246468,105.85837362941128N,10.063890541798811E,[]
8830,Long Xuyen City-4151.jpeg,0.5184446722269058,105.42625870377537N,10.400085209807154E,[]
8831,Cao Lanh City-5033.jpeg,0.5181979164481163,105.5742094544063N,10.505257276599714E,[]
8832,Duy Tiên District-4010.jpeg,0.51818833546713,105.92161760084535N,20.65373284610907E,[]
8837,Mỹ Tho-3046.jpeg,0.5179570950567722,106.37521278059832N,10.382609140739975E,[]
8838,Hung Yen City-2724.jpeg,0.5179465520195663,106.08064447364077N,20.683943611731266E,[]
8839,Cai Lậy Town-5060.jpeg,0.5179144851863384,106.14435194531758N,10.455834310398014E,[]
8840,Tây Ninh City-1781.jpeg,0.5178979691118002,106.12925111468995N,11.342085173390213E,[]
8841,Binh Minh Town-455.jpeg,0.5178371518850327,105.88300574092003N,10.004602004232465E,[]
8845,Go Cong Town-286.jpeg,0.5177350789308548,106.69914271314256N,10.348228070518116E,[]
8850,Hiệp Hòa District-8516.jpeg,0.5173472911119461,106.00353233532584N,21.380715217414128E,[]
8852,Chau Doc City-5005.jpeg,0.5172859504818916,105.10013663778491N,10.756421013358677E,[]
8853,Tây Ninh City-5734.jpeg,0.5172858685255051,106.07564875819214N,11.41080597829684E,[]
8855,Mỹ Tho-3570.jpeg,0.5171456406824291,106.35192605293939N,10.392041408080079E,[]
8857,Hiệp Hòa District-3726.jpeg,0.5170154832303524,106.01799788065833N,21.307952012216713E,[]
8861,Thái Bình-645.jpeg,0.5169347431510687,106.32775933155762N,20.432510508202476E,['433.jpeg']
8863,Tây Ninh City-6112.jpeg,0.5168816521763802,106.1127580819214N,11.418890778874088E,[]
8867,Sa Đéc City-1895.jpeg,0.5166026931256056,105.72990533731766N,10.3300496077749E,[]
8868,Long Hồ District-2449.jpeg,0.5164835825562477,105.88660924334586N,10.175549772481036E,[]
8870,Binh Minh Town-94.jpeg,0.5164364818483591,105.8843741915594N,9.992474803366619E,[]
8872,Hiệp Hòa District-6262.jpeg,0.5163471326231956,106.01655132612508N,21.342986148052496E,[]
8874,Long Hồ District-6468.jpeg,0.5163380652666092,106.00025660148823N,10.25235537796474E,[]
8876,Duy Tiên District-4384.jpeg,0.5161770880222321,105.92161760084535N,20.65912271316071E,[]
8879,Long Xuyen City-4999.jpeg,0.5158329680562019,105.43584763974262N,10.421644678013113E,[]
8881,Cao Lanh City-4019.jpeg,0.5158174261450768,105.63587015842995N,10.48369780839375E,[]
8882,Yên Mỹ District-2783.jpeg,0.5158141925930977,105.99166442742427N,20.900351410649918E,[]
8884,Duy Tiên District-1642.jpeg,0.5157645288854837,105.96913115931666N,20.62004617703629E,[]
8885,Long Hồ District-90.jpeg,0.5157381817698479,106.02353377122823N,10.140515636646363E,[]
8886,Duy Tiên District-920.jpeg,0.5156577695161104,105.92881662485615N,20.60387657588136E,[]
8888,Cai Lậy Town-4666.jpeg,0.5155366212129593,106.10872973217536N,10.449096976583652E,[]
8889,Binh Minh Town-4395.jpeg,0.5154454223811626,105.85016292557502N,10.101619611159222E,[]
8890,Long Hồ District-2532.jpeg,0.5154402665793896,106.00025660148823N,10.175549772481036E,[]
8895,Tây Ninh City-6738.jpeg,0.5150835011154413,106.15124182504802N,11.436407846791464E,[]
8897,Yên Mỹ District-2942.jpeg,0.5150383021682501,105.9931067487955N,20.903046344175742E,[]
8901,Sa Đéc City-543.jpeg,0.5147378295660019,105.7353838714898N,10.282888271074373E,[]
8903,Sa Đéc City-1090.jpeg,0.5147274704650044,105.76414617589354N,10.300405338991713E,['529.jpeg']
8905,Tây Ninh City-4109.jpeg,0.5146954879164696,106.13474879227947N,11.382509176276463E,[]
8906,Tây Ninh City-6476.jpeg,0.5146553348749876,106.12237901770304N,11.426975579451344E,[]
8909,Cai Lậy Town-4282.jpeg,0.514436237514019,106.11558015777963N,10.442359642769288E,[]
8910,Duy Tiên District-3255.jpeg,0.5143979634158313,105.96481174491018N,20.642953112005777E,[]
8911,Duy Tiên District-5426.jpeg,0.5142718367278576,105.93745545366913N,20.676639781078556E,[]
8912,Cao Lanh City-4688.jpeg,0.5142674576491117,105.61942730402366N,10.497172476022477E,[]
8914,Binh Minh Town-2506.jpeg,0.5141536090523005,105.8528998268538N,10.050415874170099E,[]
8915,Châu Thành District-2947.jpeg,0.5139653449878097,106.31696581017323N,10.274523938696857E,[]
8916,Trà Vinh City-674.jpeg,0.5139206945896149,106.34407809649787N,9.914929704781827E,[]
8921,Phu Ly City-1333.jpeg,0.5136872678995132,105.99339484041693N,20.530287475858145E,[]
8923,Long Xuyen City-2780.jpeg,0.5135671682655811,105.37420447995319N,10.371788407786832E,[]
8924,Thanh Liêm District-3992.jpeg,0.5135029638186097,105.93908206929281N,20.455835212521666E,[]
8926,Châu Thành District-1755.jpeg,0.51344920322299,106.21425383566148N,10.266439138119624E,[]
8927,Duy Tiên District-4012.jpeg,0.5133184492588043,105.92449721044969N,20.65373284610907E,[]
8930,Bến Tre City-2605.jpeg,0.512966166716069,106.34200016925425N,10.254279740703309E,[]
8936,Mỹ Tho-3080.jpeg,0.512656033039093,106.31768086520566N,10.383956607502846E,[]
8937,Thanh Liêm District-2500.jpeg,0.5126457773149014,105.95921486552396N,20.434275744315112E,[]
8939,Binh Minh Town-2879.jpeg,0.512544546276331,105.86658433324753N,10.058500674747329E,[]
8946,Yên Mỹ District-3039.jpeg,0.5121934302151203,106.02195317621977N,20.90439381093865E,[]
8951,Thái Bình-3328.jpeg,0.5118988817557693,106.35796003440808N,20.501231313110896E,[]
8954,Hiệp Hòa District-700.jpeg,0.5117515223100781,105.98328057186043N,21.25270587493721E,[]
8962,Mỹ Hào District-948.jpeg,0.5112346364185214,106.11084175426323N,20.912326542166486E,[]
8964,Duy Tiên District-4191.jpeg,0.5112313255667686,105.91009916242808N,20.656427779634885E,[]
8966,Phu Ly City-2451.jpeg,0.511174451559782,105.95310341409997N,20.54915201053889E,[]
8970,Long Hồ District-942.jpeg,0.5109236538410187,105.92768660171058N,10.156685237800826E,[]
8978,Go Cong Town-2182.jpeg,0.5105449333786964,106.64297212101346N,10.40077927427014E,[]
8980,Thanh Liêm District-2751.jpeg,0.5103591624647379,105.94052012616646N,20.43831814460384E,[]
8982,Duy Tiên District-1988.jpeg,0.5102688241750002,105.93313603926266N,20.625436044087937E,[]
8985,Chau Doc City-315.jpeg,0.5101963393390179,105.09739412572118N,10.628411670885718E,[]
8987,Long Hồ District-1911.jpeg,0.5100510641932487,105.92220962059528N,10.168812438666674E,[]
8991,Thanh Liêm District-4289.jpeg,0.5096565000712872,105.95921486552396N,20.459877612810402E,[]
8992,Hiệp Hòa District-3403.jpeg,0.5096449255943298,105.95145637212903N,21.303909611927963E,[]
8997,Duy Tiên District-2288.jpeg,0.509198846295476,105.95185350169072N,20.629478444376662E,[]
8998,Thanh Liêm District-3824.jpeg,0.5091667249798775,105.9764715480078N,20.45314027899585E,[]
8999,Long Xuyen City-3073.jpeg,0.5091465804725885,105.41256022382217N,10.377178274838322E,[]
9007,Trà Vinh City-706.jpeg,0.5083788670599461,106.33450174726396N,9.916277171544703E,[]
9012,Binh Minh Town-2779.jpeg,0.5081796376034617,105.8008987025575N,10.057153207984456E,[]
9013,Sa Đéc City-2381.jpeg,0.508041244931519,105.70662156708606N,10.351609075980859E,[]
9015,Châu Thành District-5351.jpeg,0.5080191078595817,106.34435567004302N,10.289346073088451E,[]
9016,Hiệp Hòa District-7583.jpeg,0.5080055519938469,106.01221166252535N,21.361850682733312E,[]
9024,Thái Bình-616.jpeg,0.5077770221978426,106.37234132147972N,20.43116304143958E,[]
9026,Long Hồ District-192.jpeg,0.5076828524470329,105.92768660171058N,10.14455803693498E,[]
9030,Châu Thành District-3540.jpeg,0.507331594824791,106.26629456941409N,10.278566338985474E,[]
9032,Duy Tiên District-698.jpeg,0.507160909473896,105.97633018332745N,20.594444308540986E,[]
9033,Go Cong Town-853.jpeg,0.5070389546453953,106.70736279979558N,10.364397671672586E,[]
9035,Sa Đéc City-1618.jpeg,0.5069084125570953,105.74497130629103N,10.319269873671924E,[]
9041,Cai Lậy Town-5991.jpeg,0.5066959075629711,106.16627330725123N,10.473351378315359E,[]
9052,Cai Lậy Town-6632.jpeg,0.5058851903304458,106.10872973217536N,10.492215912995576E,[]
9057,Hiệp Hòa District-1548.jpeg,0.5055718244984746,105.9471167085293N,21.27291787638092E,[]
9060,Thanh Liêm District-5600.jpeg,0.5052679814398289,105.94195818304013N,20.478742147491147E,[]
9062,Thái Bình-1849.jpeg,0.5051635950803757,106.3565219057009N,20.45676490993485E,[]
9067,Hiệp Hòa District-6920.jpeg,0.5048272795975208,105.98762023546017N,21.3524184153929E,[]
9069,Hiệp Hòa District-8945.jpeg,0.5047630020417273,106.02233754425805N,21.39014748475452E,[]
9070,Long Hồ District-5063.jpeg,0.5047525241971016,105.94959452617174N,10.21597377536719E,[]
9071,Sa Đéc City-1409.jpeg,0.5047435984015465,105.71894826897338N,10.312532539857562E,[]
9074,Bac Giang City-1540.jpeg,0.5046235839836299,106.19672993415931N,21.273962410193683E,[]
9076,Tây Ninh City-1152.jpeg,0.5046046860516071,106.10176272674236N,11.328610505761462E,[]
9078,Long Hồ District-6310.jpeg,0.5044450387358665,106.0276415070647N,10.242923110624638E,[]
9081,Cai Lậy Town-5268.jpeg,0.504336750600487,106.13613143459246N,10.459876710686634E,[]
9083,Cao Lanh City-4022.jpeg,0.504210015758872,105.63998087203153N,10.48369780839375E,[]
9088,Thái Bình-1992.jpeg,0.5038513094186783,106.30618740095012N,20.460807310223583E,[]
9090,Mỹ Tho-1688.jpeg,0.5036866962909698,106.31905067271501N,10.359702205771145E,[]
9091,Long Xuyen City-4323.jpeg,0.5036350227892399,105.43447779174731N,10.404127610095772E,[]
9093,Yên Mỹ District-926.jpeg,0.5034807557240129,105.99887603428036N,20.869359675102928E,[]
9095,Cai Lậy Town-2699.jpeg,0.5034562423825264,106.15942288164696N,10.41136790722322E,[]
9098,Cai Lậy Town-5143.jpeg,0.5031905621290207,106.15942288164696N,10.45718177716089E,[]
9100,Sa Đéc City-120.jpeg,0.5031463298946619,105.77510324423783N,10.26941360344565E,[]
9101,Go Cong Town-1906.jpeg,0.5030954498797655,106.62516193326519N,10.39404194045578E,[]
9109,Long Xuyen City-3746.jpeg,0.502760786563158,105.4276285517707N,10.390652942467048E,[]
9114,Chau Doc City-3779.jpeg,0.5024317130446434,105.12207673429492N,10.694437542266506E,[]
9116,Mỹ Tho-3575.jpeg,0.5023209005594254,106.35877509048612N,10.392041408080079E,[]
9118,Hiệp Hòa District-2605.jpeg,0.5021923743188381,105.98038746279394N,21.29043494429881E,['176.jpeg']
9120,Long Xuyen City-1235.jpeg,0.502006433904171,105.46324459964906N,10.336754271952149E,[]
9121,Go Cong Town-1980.jpeg,0.5019834376871586,106.65667226543519N,10.395389407218653E,[]
9123,Bac Giang City-1961.jpeg,0.5018498171120882,106.1562431301475N,21.28204721077117E,[]
9124,Thanh Liêm District-5567.jpeg,0.5018169041723013,105.8945023062096N,20.478742147491147E,['384.jpeg']
9125,Thanh Liêm District-7610.jpeg,0.5017697885632515,105.987976002997N,20.511081349800993E,[]
9127,Thanh Liêm District-7785.jpeg,0.5016652066260576,105.98222377550239N,20.515123750089717E,[]
9129,Phu Ly City-3023.jpeg,0.5016385018825531,105.92720178289618N,20.559931744642174E,[]
9131,Hiệp Hòa District-6918.jpeg,0.5014275759458542,105.9847271263937N,21.3524184153929E,[]
9133,Go Cong Town-1854.jpeg,0.501219779253006,106.68955261204736N,10.391347006930033E,[]
9134,Phu Ly City-3003.jpeg,0.5012190910056233,105.8984221926698N,20.559931744642174E,[]
9135,Cai Lậy Town-5551.jpeg,0.5011754967272282,106.1347613494716N,10.465266577738122E,[]
9136,Tây Ninh City-897.jpeg,0.50116101000458,106.14711856685587N,11.32187317194709E,[]
9139,Bến Tre City-3091.jpeg,0.5010132929310203,106.38992444280417N,10.263712008043413E,[]
9141,Tây Ninh City-1314.jpeg,0.5008024740964174,106.15673950263752N,11.331305439287211E,[]
9142,Bến Tre City-3455.jpeg,0.5007037948817015,106.31872266495857N,10.279881609197878E,[]
9146,Thái Bình-3145.jpeg,0.5005400571972132,106.37521757889405N,20.491799045770513E,[]
9147,Hiệp Hòa District-1041.jpeg,0.5005240719765425,105.93554427226331N,21.26348560904052E,[]
9154,Long Xuyen City-5023.jpeg,0.5002027521841228,105.40297128785494N,10.422992144775987E,[]
9155,Vĩnh Long-1451.jpeg,0.5001718122512102,105.94595858845419N,10.255734738691492E,[]
