image,pred,lon,lat,min_probs,max_probs,mean_probs
978.jpeg,0.98165005,11813511.32974132,1270237.3009131537,0.4772281907498836,0.9655062034726144,0.7836122869048268
122.jpeg,0.9807227,11800393.680832757,2301169.5093886307,0.0362522632349282,0.9620133191347122,0.34650534776867264
373.jpeg,0.9761263,11792632.434532398,2322513.015459868,0.2074097981676459,0.963088110089302,0.5248803290305659
322.jpeg,0.97573996,11790296.62486418,2350059.1612061705,0.0440130056813359,0.9621551185846328,0.5036781893910042
687.jpeg,0.9749448,11778341.215496125,1126286.6294048545,0.0255758794955909,0.7225943207740784,0.12444778776261953
226.jpeg,0.9735197,11812064.185145328,2382205.06104136,0.0400301497429609,0.9679928421974182,0.20163859098101963
872.jpeg,0.973034,11794080.86221968,2304784.661425381,0.0398705473635345,0.9650811403989792,0.5830255759938154
878.jpeg,0.97301143,11799256.61840824,2298813.268039896,0.0529132583178579,0.962597094476223,0.3176911886160572
306.jpeg,0.9725371,11801536.17841019,2354517.589465253,0.0463775466196239,0.9592082723975182,0.3049815053236671
564.jpeg,0.97226983,11792618.06172475,1143993.9035878708,0.0766726844012737,0.9621649235486984,0.7178045436739922
269.jpeg,0.9722402,11803118.132247638,2356344.1138916137,0.0631455997936427,0.9585959613323212,0.275482113705948
841.jpeg,0.97218174,11869724.22561244,1167927.288265108,0.2307736352086067,0.9659401252865792,0.7116520088165998
238.jpeg,0.97197515,11804910.586791158,2382956.773747098,0.0524847842752933,0.9680538550019264,0.5440497605928353
423.jpeg,0.9717562,11796648.49833907,2296795.5707993694,0.0519544924609363,0.9620695635676384,0.42454977007582784
445.jpeg,0.9717148,11836142.885210805,2323012.362613537,0.0493836747482419,0.9705157801508904,0.6746981834294274
110.jpeg,0.9716483,11788822.61622789,2336805.988103454,0.077175747603178,0.9638231694698334,0.6575780331622809
82.jpeg,0.97131324,11813564.09633606,1165619.715980143,0.0658427393063902,0.9593594297766684,0.6362263454745213
368.jpeg,0.9712903,11796439.950141463,2327299.055664581,0.2802188135683536,0.9664367511868476,0.7367805694229901
239.jpeg,0.97101235,11804896.019800398,2382957.620933094,0.0524847842752933,0.9680538550019264,0.5440497605928353
80.jpeg,0.9709524,11814038.758826012,1161832.6314797946,0.2234342452138662,0.956132896244526,0.688422568989071
466.jpeg,0.9709435,11701350.74113416,1199779.5512820035,0.070203807670623,0.9699749872088432,0.423447347815252
118.jpeg,0.9708858,11792291.292100323,2289476.888544067,0.0449877073988318,0.9617342203855516,0.29870857052238925
751.jpeg,0.97079897,11838143.10602467,1108056.6529708127,0.04068473726511,0.9603274017572404,0.6465589378236068
800.jpeg,0.97033036,11833812.962152015,1161154.1968394967,0.0950247468426823,0.9452638849616052,0.317344681173563
220.jpeg,0.9702296,11814030.968457526,2380504.825634585,0.1234408020973205,0.9677493125200272,0.8187615988509995
525.jpeg,0.97016114,11771292.609123016,1153178.0490602124,0.1515956073999405,0.969960168004036,0.6736364443269041
478.jpeg,0.97009385,11694344.990291148,1193505.1140008476,0.0432876553386449,0.969172053039074,0.3663851367827091
446.jpeg,0.9700485,11836175.055093732,2322937.556489507,0.0493836747482419,0.9705157801508904,0.6746508525684476
804.jpeg,0.9700458,11836166.430762373,1160150.4032079896,0.0620537064969539,0.962761491537094,0.4965062219998799
259.jpeg,0.9698323,11806611.336772382,2376865.140112905,0.0449007106944918,0.959571935236454,0.417640523519367
432.jpeg,0.9697786,11836074.650446463,2324497.693625991,0.0388906747102737,0.966655969619751,0.4843047601170838
96.jpeg,0.9689441,11814195.27499896,1268298.5357633992,0.0599978533573448,0.9601779282093048,0.4684303497585158
228.jpeg,0.96859175,11809306.013601098,2383175.664235263,0.0375167150050401,0.96333946287632,0.16081036865297288
857.jpeg,0.9684843,11873820.27384781,1158487.7754624228,0.7012169398367405,0.9714194759726524,0.8885369817726314
854.jpeg,0.96801364,11876921.432508595,1159631.5365201414,0.3173901699483394,0.9690180942416192,0.7760331587245067
911.jpeg,0.9678159,11773933.787171546,1150931.2034671202,0.049936328548938,0.8963120356202126,0.46194363525137305
883.jpeg,0.9677173,11796819.525800226,2299541.319208895,0.0448352969251573,0.9609240740537645,0.42520621948642656
97.jpeg,0.9677049,11812807.619129203,1270935.089921734,0.8033066764473915,0.9405142739415168,0.8867705846205354
776.jpeg,0.96764594,11820904.46903043,1168703.9197102897,0.0887436657212674,0.9658182337880136,0.5521453320980072
544.jpeg,0.96761996,11794093.315900616,1145246.778725296,0.5246535129845142,0.9635218158364296,0.8351447652611468
850.jpeg,0.96742153,11875121.509546977,1160071.9606400805,0.0844738781452179,0.9659588932991028,0.6298000462120399
244.jpeg,0.9673369,11803919.775894608,2378376.555311827,0.032569391420111,0.960864432156086,0.1562025471228278
767.jpeg,0.96732426,11813888.96764953,1164878.8344618783,0.0808687871322035,0.9598973393440248,0.431284445260341
229.jpeg,0.9672291,11809544.062624808,2382487.000395591,0.0436772969551384,0.7104962840676308,0.17190176231088114
13.jpeg,0.9671494,11739672.086755058,1158744.4181063178,0.0789631470106542,0.8738224357366562,0.3439826390822418
362.jpeg,0.96703166,11797799.998905774,2333612.1778733386,0.6543255764991045,0.9609529674053192,0.8965799380093813
280.jpeg,0.9669867,11806611.558612242,2352581.5860459344,0.0839577848091721,0.9627006724476814,0.5842587293258735
675.jpeg,0.96674913,11797732.971612504,1146138.863438466,0.1131422454491257,0.9577026441693306,0.44041517574805766
881.jpeg,0.9666245,11798995.9137034,2301399.7333768443,0.05084292544052,0.9625647366046906,0.31553067930508405
270.jpeg,0.9665959,11803707.812415486,2354960.5843371693,0.0499571366235613,0.9607096239924432,0.23785331525141368
589.jpeg,0.9663975,11837375.82809124,1163406.791519413,0.0470303087495267,0.9629696235060692,0.34918683518966037
788.jpeg,0.9661618,11836475.593708776,1156502.8479825535,0.0801925938576459,0.9633600488305092,0.4199683144688606
420.jpeg,0.9660379,11798826.065574847,2300161.4746302366,0.0419797820504754,0.9638056606054306,0.5972403169143945
837.jpeg,0.965975,11839043.965990962,1160127.7856158111,0.0754696293734014,0.9610356464982032,0.3531227638013661
562.jpeg,0.96596456,11793491.17699146,1144416.0807422164,0.1827638130635023,0.9693050757050514,0.7421046189963818
510.jpeg,0.9659327,11758434.49469149,1171212.2056786877,0.1177871702238917,0.9628277719020844,0.4892845741705969
4.jpeg,0.9658549,11696874.796290869,1196438.563920652,0.0396130653098225,0.9423914700746536,0.38793051772518083
573.jpeg,0.9657909,11835509.120218666,1113656.1412147884,0.0870511257089674,0.9553456380963326,0.5049757259548642
380.jpeg,0.96577203,11789244.80842974,2322253.6150411163,0.0766970980912447,0.961502842605114,0.5691513300075063
920.jpeg,0.9657362,11734991.184206776,1163227.6999844704,0.2898706588894129,0.9593590795993804,0.539250907022506
685.jpeg,0.96573514,11801654.581036674,1150791.9270680237,0.1699016243219375,0.9456602185964584,0.5950563123915344
468.jpeg,0.9656794,11701508.046591766,1199466.891047335,0.0453239954076707,0.964167632162571,0.43439573065067333
282.jpeg,0.9656624,11806200.582493115,2352596.47783368,0.0551195843145251,0.9630836769938468,0.5201260638423264
674.jpeg,0.96541804,11797717.141979704,1146161.6008979094,0.1131422454491257,0.9577026441693306,0.39632456155959517
320.jpeg,0.9653197,11791311.295900537,2349261.016467601,0.0409516671206802,0.963573545217514,0.5553078843679812
202.jpeg,0.96521705,11823818.85624222,2425367.8477091845,0.0425131833180785,0.9664059579372406,0.4444331497652456
340.jpeg,0.9651788,11797499.864858704,2342862.3527054708,0.3870550468564033,0.9756445661187172,0.8246545339269298
505.jpeg,0.96516335,11755455.818566468,1174018.7117284634,0.2048069462180137,0.9638263583183287,0.6155526085446278
292.jpeg,0.9650889,11806078.828499082,2350150.2176369363,0.0420379298739135,0.954993173480034,0.26071038300869986
475.jpeg,0.96471334,11704809.988327015,1195884.3613485538,0.0332913077436387,0.7418884485960007,0.29461177135817707
555.jpeg,0.96465886,11801052.45414314,1147535.9198247846,0.0852603251114487,0.9528239071369172,0.43838340664903325
114.jpeg,0.9646286,11794032.72433261,2304977.486922276,0.0485851569101214,0.9650811403989792,0.3767521056579426
657.jpeg,0.9646165,11794376.941216275,1143028.232235739,0.054834556300193,0.9618905857205392,0.5386806633905508
915.jpeg,0.96442074,11773638.970258836,1152539.2573876723,0.0903007537126541,0.966389611363411,0.4748535847498311
357.jpeg,0.9642807,11798422.565919513,2336354.167537955,0.169122451916337,0.9668565019965172,0.8443910216114351
845.jpeg,0.9641895,11872625.836900204,1159979.654204565,0.0743463346734643,0.9741231054067612,0.7776191510492936
977.jpeg,0.9641247,11812948.377253948,1267084.4469044742,0.1367856729775667,0.6413377150893211,0.4193731447448954
635.jpeg,0.9640456,11790861.33558784,2336685.773076389,0.0573606942780315,0.9481295645236968,0.2745717135923249
7.jpeg,0.9637831,11700882.10006416,1200815.30157756,0.0528483232483267,0.9695969820022584,0.4955602013505995
958.jpeg,0.9637034,11699629.164797192,1203097.2938053757,0.0438741301186382,0.8904121592640877,0.23595252650557083
396.jpeg,0.9636001,11789940.93670129,2333190.2562503107,0.0364705703686922,0.953248031437397,0.527248617465375
903.jpeg,0.9635461,11773633.264037294,1152534.4151164617,0.0903007537126541,0.966389611363411,0.4748535847498311
580.jpeg,0.96345943,11841606.36825142,1158738.6615177344,0.0439531365409493,0.6275853514671326,0.15479410695843399
86.jpeg,0.9634283,11815298.230947364,1165310.7602779388,0.3039220403879881,0.9700179621577264,0.8051477258559316
6.jpeg,0.9631248,11700963.035892168,1200696.7468921472,0.2007643757387995,0.9695969820022584,0.5819982922403142
291.jpeg,0.96305436,11806114.630186828,2350005.3539584544,0.0490607246756553,0.954993173480034,0.29317778701494845
191.jpeg,0.96301156,11818079.125519833,2424415.6950360327,0.0520990770310163,0.9732219278812408,0.5750376615259383
419.jpeg,0.9627651,11796710.510366865,2301470.2650203137,0.0569809461012482,0.964854896068573,0.27904506865888834
941.jpeg,0.9626952,11757971.528805029,1172136.366117595,0.0712737380526959,0.6594749987125397,0.28848160267807543
408.jpeg,0.96259797,11794681.092101444,2307410.8153657443,0.0500928000546991,0.9715181142091752,0.5183348450227641
49.jpeg,0.96259785,11798738.627347006,1145908.6216763095,0.0772981373593211,0.9583347737789154,0.38590214429423214
328.jpeg,0.9624421,11790593.104374137,2347357.468983118,0.0367291974835097,0.964335970580578,0.39689477333532913
874.jpeg,0.9624311,11796726.759532228,2301486.681074097,0.0569809461012482,0.964854896068573,0.27904506865888834
341.jpeg,0.96237475,11797413.772877373,2342867.748236021,0.0583851234987378,0.9756445661187172,0.6133952590171248
310.jpeg,0.9621862,11799316.909260036,2348881.753955795,0.0605238359421491,0.9725037068128586,0.6909096706658602
725.jpeg,0.9621753,11835489.526926547,1118565.15246721,0.0845038052648305,0.9549205675721169,0.3798089950578287
724.jpeg,0.9620184,11838515.46904065,1116455.7736048603,0.0446840249933302,0.8377161473035812,0.4927900366601534
639.jpeg,0.9618801,11791188.982053485,2335142.0874907034,0.13560944609344,0.9570106118917464,0.813850300386548
300.jpeg,0.96187556,11808463.274764968,2348159.383007037,0.0926221115514636,0.8960276246070862,0.5828312052014682
207.jpeg,0.96184057,11821377.449464392,2424191.4719171063,0.0506634009070694,0.9015280604362488,0.1879086944973096
8.jpeg,0.96169335,11705008.533707503,1197721.1866906,0.0561669915914535,0.8650891706347466,0.35079364670026636
705.jpeg,0.96138,11841391.510361595,1147751.8951873502,0.1070866314694285,0.9605112075805664,0.5640591090777889
773.jpeg,0.9612058,11817340.578763504,1165847.3693298255,0.6020372193306684,0.9574506506323814,0.7879640629980713
517.jpeg,0.960972,11759000.83408005,1167173.5728699474,0.1175483940169215,0.958702713251114,0.668311983696185
219.jpeg,0.9609133,11814097.357827242,2380542.499547725,0.1034445408731699,0.9677493125200272,0.5625784046715125
897.jpeg,0.96086764,11791298.999900224,2290375.948458544,0.0432293727062642,0.9722113907337188,0.42331365984864533
64.jpeg,0.9608212,11839501.613520743,1160390.8471127737,0.0684433351270854,0.957626648247242,0.33535331586608663
271.jpeg,0.96079654,11806450.210138736,2356328.334385381,0.0950910993851721,0.9695889502763748,0.5141272895659009
50.jpeg,0.960725,11835486.004787514,1118568.303342715,0.0845038052648305,0.9549205675721169,0.3798089950578287
547.jpeg,0.96070886,11797667.277061224,1151166.8038889137,0.1214329870417714,0.961936555802822,0.5774561478238966
500.jpeg,0.96056914,11753367.826868942,1173556.270004294,0.0686995629221201,0.9627192318439484,0.416272564092651
296.jpeg,0.96054727,11806506.924819527,2348800.6781716,0.0408561979420483,0.9630729481577872,0.4228680034700249
997.jpeg,0.9605118,11796724.978498287,2438520.4565943,0.0347457241732627,0.9676659852266312,0.6291445945056954
301.jpeg,0.96048707,11808618.376726229,2348266.7622102564,0.0474393079057335,0.9695750027894974,0.5031863244782601
206.jpeg,0.9604762,11821310.84703607,2424174.4616176663,0.064944845624268,0.9015280604362488,0.1870845665107481
901.jpeg,0.9604421,11771482.275236338,1154039.1657925174,0.0510732270777225,0.9588636308908464,0.5158123602159321
692.jpeg,0.9603181,11841248.193213755,1144865.6260791314,0.1295097647234797,0.9591279551386832,0.5973609340144321
684.jpeg,0.9601444,11801417.20860134,1140746.3202638028,0.066186748445034,0.9635197296738623,0.5127508593205776
413.jpeg,0.96012825,11792407.557784664,2307626.195805188,0.0374262798577547,0.955615110695362,0.4946388566168025
215.jpeg,0.96007794,11813324.469730036,2384480.860799475,0.0578124155290424,0.9684928506612778,0.44422365487035775
125.jpeg,0.9600756,11798504.01659474,2433516.755902936,0.1242859791964292,0.9591552168130876,0.5227270268036851
853.jpeg,0.9600665,11875313.125212535,1160261.0473984145,0.0610096347518265,0.9659588932991028,0.2678178918431513
3.jpeg,0.9598263,11697887.676503051,1195333.2098595817,0.0533902393653988,0.9598726108670236,0.5153747868413726
428.jpeg,0.95979846,11792671.213613804,2301936.9126236085,0.0946750808507204,0.9675357714295388,0.6421191756380722
716.jpeg,0.95969546,11839819.963937834,1148194.9458812752,0.1992078330367803,0.9189615249633788,0.5827288469299674
567.jpeg,0.9594771,11801360.495342154,1137130.9271606691,0.1702674040570855,0.9078217968344688,0.6167672165772982
101.jpeg,0.95947057,11837509.1763928,2326578.97036396,0.0469276551157236,0.9658066779375076,0.1969210386409291
710.jpeg,0.95932037,11843807.290833429,1142839.3772094776,0.0880837747827172,0.956631101667881,0.4451477702241391
374.jpeg,0.9592394,11792414.640271207,2321668.56255256,0.4872840344905853,0.9674781858921052,0.8652826603502035
65.jpeg,0.95913655,11833933.378486143,1161376.548852565,0.0589071083813905,0.9530768096446992,0.32083144477967707
643.jpeg,0.95896417,11792949.999194622,2335702.1874675658,0.053005137015134,0.95559274405241,0.5697166089667007
891.jpeg,0.95894784,11788452.293311251,2291356.616249951,0.0439134039916098,0.968934528529644,0.5518172891544444
513.jpeg,0.95885366,11757065.421467235,1170060.3058717195,0.3408029908314347,0.9672657400369644,0.666019402560778
568.jpeg,0.9585862,11800146.936115468,1139633.1361674697,0.0622797603718936,0.9620609357953072,0.6246377358329482
43.jpeg,0.95853966,11795134.195770437,1145422.325379897,0.0703291958197951,0.963468722999096,0.6293560809766253
427.jpeg,0.9583789,11792676.329060351,2301920.418170971,0.0946750808507204,0.9675357714295388,0.6421191756380722
394.jpeg,0.9583674,11791267.085373228,2329121.8068378177,0.1083392524160444,0.9591588452458382,0.5214529326850814
303.jpeg,0.9583414,11809647.823610565,2348990.074669364,0.0514889964833855,0.9683747366070748,0.5779914363686528
367.jpeg,0.9582099,11796051.022526365,2330537.1655195025,0.0677092922851443,0.958714321255684,0.6327915641346148
610.jpeg,0.9581615,11808846.00232681,1275331.7797595845,0.2043272890150547,0.9623004645109176,0.6524283291073516
588.jpeg,0.9581139,11837376.48461512,1163401.3179103923,0.0470303087495267,0.9629696235060692,0.34918683518966037
706.jpeg,0.95809245,11841399.29639692,1147881.3173085875,0.1070866314694285,0.9605112075805664,0.5504478535925349
612.jpeg,0.9579343,11814917.846214237,1279007.0797923263,0.0699432422406971,0.9629109725356102,0.6409386080340482
12.jpeg,0.957707,11738471.092181824,1160996.2619605132,0.3469214215874672,0.960326425731182,0.5967268203385174
618.jpeg,0.9576846,11795292.915343136,2349954.3527122005,0.0577746434137225,0.9707002341747284,0.48799596552271396
609.jpeg,0.9574215,11810073.453096714,1271826.9687996043,0.1375737292692065,0.969526581466198,0.6479406245052814
1000.jpeg,0.9569063,11821192.532177458,2425365.3526823176,0.046351040713489,0.8653078600764275,0.24599272478371859
94.jpeg,0.95671934,11812389.986003527,1266620.961360606,0.1331597128883004,0.94735399633646,0.5725289304844208
736.jpeg,0.9566875,11837570.978988146,1114788.5953842823,0.4604016169905662,0.9662725180387496,0.7646799528350433
127.jpeg,0.9564029,11797143.52545064,2434905.369955688,0.0405875705182552,0.5237365197390318,0.16497994437148528
787.jpeg,0.95623285,11834991.982556112,1156469.193535247,0.0756714046001434,0.9507338628172874,0.5310645944749316
999.jpeg,0.9562323,11821929.67260825,2425960.213197856,0.0384091380983591,0.9579869955778122,0.31243987028886167
960.jpeg,0.9561708,11702042.837699505,1193034.8179803672,0.0857191146351397,0.9698331579566002,0.6431471160030924
539.jpeg,0.9560642,11785991.699219428,1123227.180191688,0.2447951938956976,0.953801453113556,0.6707837423309684
648.jpeg,0.9559932,11788446.661756268,1137969.059360639,0.0616899877786636,0.9582641199231148,0.3142374049251278
400.jpeg,0.95599264,11794304.302647324,2329066.395945734,0.0399800762534141,0.1650993069633841,0.06894023576751347
756.jpeg,0.95597196,11837818.02553661,1110724.4930669966,0.09834710881114,0.9584356546401978,0.4300225083198812
405.jpeg,0.9556519,11794029.68231021,2308353.033758136,0.0521188811399042,0.9641648530960084,0.5762812291504815
448.jpeg,0.95537084,11836245.71197068,2327464.33756,0.0367876512464135,0.9675836861133577,0.5077445268107112
59.jpeg,0.9551807,11841028.848966118,1158973.4261646003,0.0610504015348851,0.9529266059398652,0.26817259047594333
536.jpeg,0.9549645,11786307.67405,1119088.0952881563,0.0847407984547317,0.9601071625947952,0.7497510190005414
877.jpeg,0.9549369,11798615.49506755,2302746.931022904,0.0547808390110731,0.9659861549735068,0.590227883442172
458.jpeg,0.95474356,11841950.540905502,2328946.675185483,0.0491626565344631,0.9713837876915932,0.7028703953837976
465.jpeg,0.9547087,11701666.263048971,1199688.9413004124,0.0480478159151971,0.964167632162571,0.42007767158793285
954.jpeg,0.9545727,11695593.681965418,1196171.8281861255,0.0753560359589755,0.8012785725295544,0.3417425524094142
662.jpeg,0.95451653,11795449.608182617,1147325.2460252442,0.0645634373649954,0.9660332426428796,0.47145691176410764
116.jpeg,0.95436937,11797111.02670338,2303280.948654319,0.0475587854161858,0.2363722249865532,0.09754330580472009
481.jpeg,0.9543534,11737270.191482536,1162961.745954658,0.0690114200115203,0.948500208556652,0.32403305964544415
523.jpeg,0.9543533,11769791.722721806,1155248.8197331598,0.1511374870315194,0.9666212126612664,0.651874997386975
265.jpeg,0.95433265,11798083.150266197,2380122.698857658,0.0381176276132464,0.9632577002048492,0.3448590381885879
225.jpeg,0.954263,11811285.34211468,2381848.541601303,0.0469585079699754,0.9679815471172332,0.5417701572711978
814.jpeg,0.9542583,11839380.224508004,1160298.638135728,0.0621952400542795,0.957626648247242,0.23163518623914567
862.jpeg,0.9539948,11796767.6978632,2302753.8781401203,0.0436618123203516,0.9570024311542512,0.4328601299119847
251.jpeg,0.95397884,11803692.67529539,2377285.5475899023,0.0443270513787865,0.9657515436410904,0.5918183029363198
703.jpeg,0.9537062,11840640.689455634,1143895.1349782862,0.150754639878869,0.9641643837094308,0.6157403258192871
766.jpeg,0.9532543,11813655.945736516,1170783.2022689355,0.0652895662933588,0.9633938521146774,0.7156402396245135
297.jpeg,0.95323306,11806533.615428494,2348603.176520698,0.0418268605135381,0.9630729481577872,0.34053016879728853
23.jpeg,0.95290637,11778772.775190732,1126242.424641563,0.1283822152763605,0.96403107047081,0.5487411385919485
763.jpeg,0.9528374,11812471.945296563,1167898.1007906594,0.1084022931754589,0.941044919192791,0.44707486842526123
317.jpeg,0.95261437,11803101.801783118,2346686.5151867066,0.0365525395609438,0.9637701362371444,0.17266989679774264
281.jpeg,0.95250213,11806615.577673256,2352453.79607054,0.0362698526587337,0.9627006724476814,0.47674367755341035
924.jpeg,0.95235515,11736817.100116877,1162816.6653642156,0.0618434301577508,0.5050025526434183,0.19180119264638051
825.jpeg,0.9523412,11842791.71325284,1158646.9987812012,0.0517202457413077,0.6843291781842709,0.25396445917431265
402.jpeg,0.9522748,11793086.906717718,2309970.247337837,0.0375395300798118,0.9646424874663352,0.6498965827049688
398.jpeg,0.9522522,11792119.018128855,2333191.041106607,0.0367624880746007,0.9627913758158684,0.3375650392845273
62.jpeg,0.951914,11834989.648151657,1156472.1115403522,0.0756714046001434,0.9507338628172874,0.5310645944749316
389.jpeg,0.9518671,11791693.255706578,2322483.7642845414,0.0828014705330133,0.9657475724816322,0.644142246139901
973.jpeg,0.9517725,11812967.96839141,1279702.2845842824,0.2861487567424774,0.9499959200620652,0.6284893305273727
126.jpeg,0.95175904,11797399.866964769,2433835.456577901,0.0538394604809582,0.9241488799452782,0.25404437840916216
512.jpeg,0.9515657,11757070.204951655,1170742.662083587,0.3120841402560472,0.9644389152526855,0.6286316446494311
397.jpeg,0.9514472,11791913.462508272,2332951.9442564994,0.0410786611028015,0.9627913758158684,0.3172514972393401
185.jpeg,0.9513124,11802552.188702485,2433262.6705658576,0.0925947246141731,0.9672196805477142,0.6096484060981311
823.jpeg,0.9512268,11841028.848966025,1158974.5933667177,0.0610504015348851,0.9529266059398652,0.26817259047594333
497.jpeg,0.95114857,11755948.225805456,1168855.4602605486,0.0486275376752018,0.9643615409731864,0.5478155314922333
777.jpeg,0.95107275,11818703.968303498,1163263.5243844478,0.1699614552780985,0.9578352048993112,0.6107409610930417
55.jpeg,0.9506562,11875651.389987191,1164108.1182722892,0.0922677144408226,0.9553037509322166,0.6920237616221938
263.jpeg,0.95058054,11797575.475902831,2379021.385483561,0.0328819185961037,0.963135115802288,0.4606523640395608
366.jpeg,0.9503034,11796118.85422204,2330540.8854893805,0.0677092922851443,0.958714321255684,0.7310477626909103
759.jpeg,0.9501056,11810413.623495787,1163012.964330294,0.1700431806966662,0.9436927512288094,0.4684622067725286
975.jpeg,0.9498872,11814049.075399388,1270465.0426014615,0.3572843661531806,0.9668441414833068,0.6966247296492968
363.jpeg,0.9494198,11797777.319104403,2333558.3370470754,0.5182990282773972,0.9609529674053192,0.7853221448604017
824.jpeg,0.9493396,11842005.310805377,1158933.157770241,0.0683776773512363,0.6026752851903439,0.2583157841581851
358.jpeg,0.94909793,11798473.1868192,2336343.175056091,0.169122451916337,0.9668565019965172,0.8443910216114351
970.jpeg,0.949096,11811783.101617957,1266296.3934450997,0.1636194363236427,0.9662519916892052,0.6751764317159541
608.jpeg,0.9490897,11810493.416862505,1271556.513544858,0.048857354093343,0.9638875797390938,0.5367828193120658
277.jpeg,0.9481735,11805219.120856969,2353244.9038314256,0.1282142717391252,0.9639541283249856,0.5768477621355227
188.jpeg,0.9481273,11819558.245180843,2422340.641642668,0.0374125544913113,0.9612277150154114,0.5920080270485154
431.jpeg,0.94799495,11835601.414069315,2324791.1223094384,0.0280950611922889,0.9649518951773643,0.38723367263446556
443.jpeg,0.94792414,11839299.54379432,2325496.015807894,0.051642351783812,0.9701677858829498,0.19591137394309044
308.jpeg,0.9477382,11802167.338799823,2349463.945498828,0.0348493563942611,0.9592113718390464,0.3119806559989229
507.jpeg,0.9474527,11757020.91769876,1172927.9708790253,0.1240395940840244,0.9645176231861116,0.690397824626416
918.jpeg,0.94706434,11732784.717949769,1160639.7326403237,0.0413728775456547,0.9682687968015672,0.3827686807037228
885.jpeg,0.9463674,11786678.558301466,2295302.867352027,0.0681022265926003,0.9696273282170296,0.4863054638262838
272.jpeg,0.9462317,11806454.73836699,2356250.054450389,0.0950910993851721,0.9695889502763748,0.5755120632238686
286.jpeg,0.9461971,11805392.0595393,2350421.4467556733,0.0380523055791854,0.7915235906839371,0.14454275002935896
334.jpeg,0.9460175,11794971.756121278,2344854.9379271525,0.0515660122036933,0.96797663718462,0.35641750005177325
223.jpeg,0.94544786,11810802.530459546,2379116.277239284,0.0649828691966831,0.9651819616556168,0.393049710629774
170.jpeg,0.94536966,11796937.34564036,2423010.762193353,0.0632490292191505,0.966711349785328,0.6816981623747519
563.jpeg,0.9452269,11793367.29982015,1144453.9372480914,0.1827638130635023,0.9693050757050514,0.7206089009996504
107.jpeg,0.94488937,11808109.5677426,2387613.219441035,0.9335094168782234,0.968913771212101,0.9516141135245562
154.jpeg,0.94461274,11793939.540978802,2426337.513275176,0.0463657276704907,0.9631913751363754,0.4526018528932972
651.jpeg,0.94450843,11791033.198463194,1148170.1054674948,0.0606448929756879,0.9604844003915788,0.5557413994231157
518.jpeg,0.9442887,11762953.378293244,1165910.429605573,0.0417267582379281,0.9596632570028304,0.3508086851797998
148.jpeg,0.9442461,11793073.168775504,2433451.402135321,0.1290198084898293,0.9613692611455916,0.592214059284223
250.jpeg,0.944197,11803216.724377926,2376806.185093667,0.0388683937489986,0.9493413865566254,0.43462684178458794
365.jpeg,0.9441932,11794774.022277389,2332116.2443324127,0.0465792389586567,0.9593400657176973,0.4403294873024736
496.jpeg,0.9433164,11757314.698182724,1166468.901404143,0.1904292423278093,0.9583815410733224,0.5303531852550805
876.jpeg,0.9432723,11796087.328165969,2304510.6599913216,0.0496785663999617,0.9572077989578248,0.2797693341854028
278.jpeg,0.942761,11806777.45714297,2353139.9629573016,0.0572416014038026,0.9666244611144066,0.5475677823997103
864.jpeg,0.9424722,11795385.50438747,2306241.1180465072,0.0469617396593093,0.9666218459606172,0.5051410770309823
316.jpeg,0.9421167,11800839.261743344,2347514.589055621,0.1375613640993833,0.9713362008333206,0.5898900153115392
314.jpeg,0.941592,11797322.518141732,2350656.778672333,0.2677867673337459,0.9675674885511398,0.707805714259545
899.jpeg,0.9408178,11794447.492952926,2288304.9876491874,0.0395021555013954,0.953236497938633,0.3063890750636346
260.jpeg,0.9407476,11806043.916031664,2377317.515803632,0.0443784450180828,0.6588018089532852,0.1625866860267706
339.jpeg,0.94069415,11798067.450637108,2345895.246464673,0.111908440478146,0.9678158089518548,0.532323347138507
571.jpeg,0.9406432,11840197.24555944,1116468.0278678522,0.3516761809587478,0.9651496186852456,0.6772757018916309
21.jpeg,0.9405405,11762518.949965758,1168168.7525632647,0.0602924986742436,0.9634983912110328,0.5624800798832439
307.jpeg,0.9403362,11802570.278493382,2352192.793734916,0.051658711861819,0.9605271071195602,0.27185204019770026
467.jpeg,0.94028974,11700989.38754524,1199900.9349380855,0.0873405924066901,0.8936917334794998,0.27653131051920354
266.jpeg,0.94007415,11803925.708691671,2381499.13304657,0.2827076306566596,0.9665528163313866,0.6659161141142249
421.jpeg,0.9399465,11794661.463545924,2299274.3913870654,0.045567600056529,0.9657606855034828,0.18027095575816926
53.jpeg,0.93970746,11872267.585000535,1168302.560093922,0.1724663274362683,0.9777226820588112,0.8580126618552539
916.jpeg,0.93940985,11773716.66009003,1152415.775904135,0.0903007537126541,0.966389611363411,0.4207976658362895
247.jpeg,0.9382253,11802172.491745489,2378944.87591458,0.0256055649369955,0.9648368954658508,0.4565459735292409
115.jpeg,0.9380754,11795307.10631763,2306209.09703906,0.0794042362831533,0.9666218459606172,0.5567850572988391
385.jpeg,0.9379222,11787807.120938832,2330012.6164068445,0.0319310913328081,0.9629422798752784,0.45163480782260496
995.jpeg,0.93773985,11798024.35478816,2434297.075759122,0.0659336214885115,0.9666037783026696,0.6988767633447424
387.jpeg,0.93763953,11788494.07684759,2332663.0347808334,0.0440831794403493,0.9613839536905288,0.45944704333404923
348.jpeg,0.93748987,11790391.793251405,2338454.9704636885,0.0436719451099634,0.9497229531407356,0.2496368670836091
218.jpeg,0.9372519,11815200.45194638,2382114.190968204,0.0796142183244228,0.9631729573011398,0.4551087397849187
360.jpeg,0.93719006,11797209.287876137,2339308.093684458,0.0357715291902422,0.9636546447873116,0.4577681364413972
469.jpeg,0.9371375,11701990.132326877,1199137.2963022029,0.0399442007765173,0.9637988582253456,0.15795376224236357
886.jpeg,0.93679035,11785606.160310311,2291696.90793454,0.1145506417378783,0.9704326912760736,0.6870579373623643
543.jpeg,0.93646353,11792791.466043675,1145399.912020592,0.0748940361663699,0.744459006935358,0.3507455883340703
106.jpeg,0.9362641,11821795.855437968,2425011.327811695,0.0421671280637383,0.9608083963394164,0.2733723559649661
583.jpeg,0.9358776,11838120.35952382,1158805.7034486216,0.1256035733968019,0.963850513100624,0.4855027837264869
47.jpeg,0.93571174,11796753.62031947,1147179.1378926558,0.0691411802545189,0.9473977535963058,0.3140729242521856
235.jpeg,0.93538153,11807581.37514268,2384917.6354935924,0.0416681882925331,0.9655019491910934,0.36117092147469515
912.jpeg,0.93537503,11774950.248829396,1150913.8734651916,0.0460635386407375,0.9676906540989876,0.4170083479839377
165.jpeg,0.9349698,11794553.54331242,2420361.6201512623,0.4092236720025539,0.9684154540300368,0.7800430059432983
361.jpeg,0.93464065,11797212.285458649,2339310.7003756543,0.0357715291902422,0.9636546447873116,0.4577681364413972
390.jpeg,0.9345771,11791376.861699363,2325907.707923485,0.0375913600437343,0.9662489593029022,0.4283753399795387
333.jpeg,0.93445,11794893.781206494,2344911.284886244,0.1188836675137281,0.96797663718462,0.5120403939591986
515.jpeg,0.9339419,11759981.44912442,1167438.7721003152,0.4905494078993797,0.9656830355525016,0.8374237765868505
145.jpeg,0.9336889,11789726.30880627,2432475.867566213,0.0528542390093207,0.9629777893424034,0.5776299176338527
875.jpeg,0.93318844,11796255.958250714,2303496.2366511,0.0575362266972661,0.964727722108364,0.5730831596883945
140.jpeg,0.9330584,11793993.562838295,2436253.1412167875,0.023552490514703,0.9609065428376198,0.39146873868802295
40.jpeg,0.93201226,11791971.693491291,1141557.2031293856,0.0858117844909429,0.9107611924409866,0.3882350910571404
382.jpeg,0.9314625,11788103.88302101,2327370.661349895,0.0490721552632749,0.9683685079216956,0.6050338558187442
335.jpeg,0.9313871,11797661.569664344,2345523.9316138937,0.0737335914745926,0.9703104123473169,0.46536122262477875
956.jpeg,0.93055737,11697857.101626966,1195204.298134212,0.0533902393653988,0.9598726108670236,0.5067443372164335
925.jpeg,0.93032897,11737227.225135528,1162374.8712169996,0.0384533840697258,0.9592780247330666,0.2990536382130813
407.jpeg,0.93023497,11794274.156651288,2308024.450410132,0.0603818576782941,0.9627446681261064,0.5841862209407347
905.jpeg,0.93022263,11772755.47106135,1153874.9006196684,0.0703146457672119,0.8648453801870346,0.2306845325510949
678.jpeg,0.9298513,11798672.374559196,1145351.4435958536,0.0675731766968965,0.9244426861405372,0.4584657852896131
898.jpeg,0.9284819,11790186.405746268,2291884.082651886,0.0554712396115064,0.9646430388092996,0.6723736034972327
325.jpeg,0.9283536,11788983.221473144,2350171.9744676035,0.0255833233240991,0.971300669014454,0.8008889840275515
572.jpeg,0.928208,11840201.485557431,1116464.7995141856,0.3516761809587478,0.9651496186852456,0.6772757018916309
426.jpeg,0.92807674,11793649.553239755,2295821.430545398,0.0258095110766589,0.9735158905386924,0.3344751392557685
347.jpeg,0.92758024,11789798.436169064,2341087.644417765,0.0429936992004513,0.9651207476854324,0.5420078974483269
11.jpeg,0.9272937,11738276.185494555,1159502.4204072603,0.2684906646609306,0.9648321717977524,0.6909333302173764
909.jpeg,0.9271987,11773628.918180712,1151625.1278133248,0.0459950645454227,0.9688955023884772,0.3452408216997153
917.jpeg,0.9270355,11771229.343900103,1157047.9650739806,0.0642476929351687,0.9436292052268982,0.661915433489614
702.jpeg,0.92675763,11840272.17756327,1145357.1480095277,0.1326345754787325,0.9678910225629808,0.647918485637222
892.jpeg,0.92628825,11786229.988517422,2289957.3620507694,0.0438850121572613,0.9698846936225892,0.6358041035543595
456.jpeg,0.9255662,11840450.623299932,2331664.9329775907,0.0577004929073154,0.966572992503643,0.35080391694126384
457.jpeg,0.92530024,11840359.630696522,2331654.4531278578,0.0577004929073154,0.966572992503643,0.44701599569192957
884.jpeg,0.9243307,11797592.810705224,2303397.193175232,0.0448441323824226,0.9291229397058488,0.2765110196279628
598.jpeg,0.92425597,11869643.608873066,1167058.3231728785,0.0559512032195925,0.8525812923908234,0.42999634783094126
192.jpeg,0.9242485,11818062.828387482,2423775.805755314,0.034537692554295,0.9652956053614616,0.6560135822510347
425.jpeg,0.92356205,11793861.835378638,2296204.035380757,0.046282609924674,0.9468639120459555,0.5291787770111114
44.jpeg,0.9224075,11796623.077044375,1147438.268845138,0.0537378620356321,0.9473977535963058,0.3389843193581328
976.jpeg,0.922271,11812752.484192085,1265675.1051582885,0.1485187504440546,0.9665212780237198,0.4480050074052997
882.jpeg,0.9221831,11795321.251251284,2301010.1043290747,0.0494102146476507,0.9684543535113336,0.3305155435976173
123.jpeg,0.9221601,11798178.084217452,2434370.571557921,0.7090378738939762,0.9666037783026696,0.9136826156505516
386.jpeg,0.9220109,11788219.077671569,2332663.426674993,0.0414461586624383,0.9589088186621666,0.3834803972435607
856.jpeg,0.9218194,11875402.707945645,1160632.02314499,0.0876953699626028,0.9314989745616912,0.5253981226705946
411.jpeg,0.9217814,11789715.925070465,2307748.536183615,0.0435235030017793,0.9687656834721564,0.5750306492804417
147.jpeg,0.92109334,11792982.963598317,2433416.721673532,0.1290198084898293,0.9613692611455916,0.5670843155239709
181.jpeg,0.92084944,11801751.893252237,2429277.143495138,0.0770176243968308,0.9646445065736772,0.7232099300405631
399.jpeg,0.9205658,11795124.830685908,2329175.235061286,0.0449739075265824,0.927524983882904,0.230749312788248
134.jpeg,0.9203518,11799114.271156304,2439375.760035797,0.0639598472043871,0.9694505780935287,0.4805607552241002
393.jpeg,0.9195709,11790786.102815934,2329019.406214605,0.0405029945541173,0.9610381573438644,0.38010772673546206
942.jpeg,0.919428,11758429.25733156,1170366.0680123067,0.1092663654126226,0.9550649300217628,0.586963826266583
636.jpeg,0.9190937,11791392.495670944,2335319.080918385,0.0543405464850366,0.9608611315488816,0.604230502021632
761.jpeg,0.91859907,11810314.880559877,1174747.15557426,0.0526695935986936,0.9673150703310966,0.6974862167715199
395.jpeg,0.9183794,11789927.405241024,2332967.3016189407,0.0530668655410409,0.9615374207496644,0.5220534655797694
508.jpeg,0.917558,11757526.16259542,1172967.4473279836,0.14256058819592,0.9614025503396988,0.5824753890628926
293.jpeg,0.91700953,11806504.385447964,2349660.271923481,0.0528485001996159,0.9668363034725188,0.32379653830347316
889.jpeg,0.9169502,11786228.855121816,2289958.1855446924,0.0438850121572613,0.9698846936225892,0.6358041035543595
184.jpeg,0.91640735,11799846.586625217,2434870.290412551,0.0486819641664624,0.9645104706287384,0.5526203306924019
109.jpeg,0.9164023,11788914.120604914,2338878.2050667224,0.0723894829861819,0.9622217416763306,0.5051237855223008
672.jpeg,0.9160446,11797303.79069434,1148026.8708058477,0.1160272806882858,0.8197354078292847,0.30610333910832804
5.jpeg,0.9157847,11700169.13612262,1199690.9121392516,0.0577820874750614,0.9600511118769646,0.40065362385939807
984.jpeg,0.915717,11818887.011668878,1279033.3033816463,0.0459052599035203,0.783687200397253,0.22303231660690573
585.jpeg,0.91564274,11836911.70222539,1158940.3853177114,0.0676039070822298,0.96430204808712,0.6383865195740428
152.jpeg,0.91550356,11795573.175337048,2428211.2200523564,0.0389413814991712,0.8579173311591148,0.4314277465455234
810.jpeg,0.9137645,11838105.834234891,1161536.6504122308,0.0465800152160227,0.965240590274334,0.280246421125614
138.jpeg,0.9128294,11795196.439914849,2439002.0116912243,0.0406251279637217,0.960952803492546,0.3290402975399047
381.jpeg,0.9126292,11788126.87101101,2327350.674638943,0.0490721552632749,0.9683685079216956,0.5414334288798273
616.jpeg,0.9123507,11813942.514743043,1270356.7430055933,0.0914940838702023,0.9668441414833068,0.7078815340646543
279.jpeg,0.9119531,11806907.586143931,2352930.2881163987,0.0696569764986634,0.9666244611144066,0.6114357084863715
519.jpeg,0.9104464,11763649.167302042,1167088.3373027905,0.0977008529007434,0.7248917892575264,0.47454439592547715
945.jpeg,0.9095025,11759220.758191554,1170221.8451724588,0.0454156659543514,0.4069883488118648,0.1443617944605648
476.jpeg,0.9088851,11703894.627784535,1194931.3602879029,0.054483403917402,0.9729181081056596,0.5843351115472615
230.jpeg,0.90814,11809273.384795684,2382240.4164482104,0.0396137852221727,0.9667766690254213,0.3446084036757903
599.jpeg,0.90730166,11871031.350956265,1170586.864325196,0.1024512122385203,0.9675108045339584,0.40993977378821
146.jpeg,0.90729064,11793053.567495378,2432632.326479058,0.0528954407200217,0.9647453054785728,0.5104567318921909
429.jpeg,0.90568054,11785530.830986816,2291955.314175506,0.0438693962059915,0.9698671624064444,0.5433254009112716
861.jpeg,0.9056304,11796196.637393368,2303475.9705778263,0.0575362266972661,0.964727722108364,0.6392215416500611
498.jpeg,0.9049127,11755002.675099105,1169831.3892161082,0.0800784602761268,0.9628393948078156,0.6999869695864618
867.jpeg,0.90479875,11796014.009011503,2303031.209908599,0.0516982437111437,0.7221348732709885,0.2687516924259918
665.jpeg,0.90410453,11796395.68650864,1145901.426125973,0.1872062338516116,0.9671278148889542,0.6009531015297398
338.jpeg,0.90393585,11796558.28869068,2348808.7757003866,0.0714515480212867,0.9691550135612488,0.5664265599500921
412.jpeg,0.9021449,11792191.234424489,2307604.5896356725,0.043714506085962,0.9642223939299585,0.41816649745617596
369.jpeg,0.89984435,11797039.631222213,2327366.2070116163,0.0449276058934628,0.9494819343090056,0.2911399531710361
487.jpeg,0.8990285,11734730.907577563,1159969.6045846196,0.0876476671546697,0.9486794620752336,0.5563871639315039
628.jpeg,0.89637613,11788957.492177757,2338943.438733194,0.0718787973746657,0.9622217416763306,0.5859761544270441
626.jpeg,0.89632577,11804048.331233166,2374915.3981100777,0.0423857145942747,0.962451994419098,0.45113767736724447
760.jpeg,0.8953979,11810308.478826055,1174747.475660438,0.0526695935986936,0.9673150703310966,0.6974862167715199
324.jpeg,0.8947311,11793319.19779613,2351857.0261298227,0.0599926798604428,0.975860759615898,0.7170888446853496
858.jpeg,0.894723,11874492.290325196,1160267.2724101052,0.1835342403501272,0.9691523611545564,0.7005765520864062
48.jpeg,0.89413375,11798219.42261105,1147356.1614983098,0.0867772274650633,0.9648470729589462,0.634402995995645
849.jpeg,0.89413357,11874904.896291628,1160025.078004248,0.0642003598622977,0.9520894959568976,0.4307320373482071
35.jpeg,0.89338803,11791032.542694231,1136954.3778489237,0.1870087254792451,0.9678411856293678,0.5848959875293076
424.jpeg,0.89274627,11796599.877077056,2296492.644977198,0.0540293678641319,0.959317147731781,0.5145626508941253
968.jpeg,0.8924484,11811547.891609516,1267731.6714246548,0.1317873736843466,0.9611233696341516,0.5782928279368207
669.jpeg,0.8913361,11797058.27520565,1147789.4821290518,0.05836628889665,0.960747756063938,0.23548285963220728
84.jpeg,0.8911839,11813015.316859428,1164961.705742088,0.0735091110691428,0.961861439049244,0.39127192666961086
36.jpeg,0.8876816,11793789.728175078,1136641.0137041423,0.1863627694547176,0.959320530295372,0.8048599370651774
902.jpeg,0.88717645,11771476.550434869,1153976.0088475945,0.1201202245429158,0.9588636308908464,0.5480699202577982
921.jpeg,0.8869546,11735165.270966068,1163271.9883692036,0.132545038126409,0.9593590795993804,0.4688412216491997
212.jpeg,0.885917,11805007.050032653,2384478.3983988147,0.0505975647829473,0.977377623319626,0.38529490628279744
383.jpeg,0.88485897,11788512.445093874,2329882.62578762,0.5659787505865097,0.971019208431244,0.8216963969171047
887.jpeg,0.884591,11790073.29355662,2291828.132372953,0.0543060861527919,0.9646430388092996,0.6730278631938356
404.jpeg,0.88275325,11793955.134124655,2308331.752157813,0.0594232240691781,0.9641648530960084,0.665546101118837
439.jpeg,0.8820416,11838515.087443303,2326031.5211785072,0.04499890236184,0.9655957743525504,0.3926122527170394
816.jpeg,0.882033,11839609.579806233,1159245.432776999,0.0521429069340229,0.9636793360114098,0.17520206997869536
704.jpeg,0.88079596,11837688.794823457,1149133.5924863163,0.080417682416737,0.969145566225052,0.6309513613814488
479.jpeg,0.8762594,11733539.901815882,1166998.0728378354,0.0787055362015962,0.5976907629519701,0.2526056689093821
2.jpeg,0.874999,11693603.827179415,1194228.9003213013,0.0655769500881433,0.9735582545399666,0.6132818666020674
14.jpeg,0.87463886,11739551.053419355,1157887.3209547093,0.0504680722951889,0.956682451069355,0.6642239724751562
686.jpeg,0.8738208,11793549.62045443,1147111.0205761527,0.0881994273513555,0.9621778428554536,0.6303846105001867
0.jpeg,0.8737586,11696660.957958722,1194928.718424968,0.1244468763470649,0.9642958268523216,0.4926250410499051
879.jpeg,0.8730445,11797514.8405636,2303192.8195377034,0.0448441323824226,0.8719223961234093,0.18047012420720418
847.jpeg,0.8723731,11873248.335384795,1168277.092019111,0.5034977784380317,0.9790153354406356,0.8439299304736778
552.jpeg,0.87144226,11801240.012081694,1153132.134769121,0.0719037693925201,0.9529192447662354,0.4185765907750465
627.jpeg,0.87102425,11789187.760700583,2336774.4552249303,0.0942217782139778,0.9638231694698334,0.5095826145778928
720.jpeg,0.86989653,11837349.478490736,1110197.025874255,0.0343907158821821,0.9609893187880516,0.33893882523989305
103.jpeg,0.8691218,11821196.410936076,2425499.34615936,0.0474950494244694,0.9464434534311296,0.3655000650989158
770.jpeg,0.86805713,11817198.985243011,1171575.2570682324,0.0874309614300727,0.9603388383984566,0.44603348325472325
621.jpeg,0.8661615,11808184.498305382,2387635.4341491074,0.0416637822054326,0.968913771212101,0.6024372751957604
199.jpeg,0.86547244,11822911.134377116,2426764.6301610544,0.0533354738727211,0.9729781821370124,0.4673885830811092
524.jpeg,0.86500084,11770295.865739567,1155148.0006821873,0.0919704898260533,0.961999535560608,0.49091168912127614
454.jpeg,0.8648137,11838555.794611784,2330600.300658479,0.0330555096734315,0.9033030569553376,0.21711692764074542
516.jpeg,0.86365813,11759022.676961428,1167044.6260355455,0.2314946968108415,0.9628267511725426,0.7323221657425165
376.jpeg,0.86350113,11790222.714194736,2322755.556529947,0.0596728073433041,0.9613827988505363,0.5411108151893131
661.jpeg,0.8627632,11795475.367828978,1146956.5724918584,0.1961451135575771,0.9594142735004424,0.6537899112121927
248.jpeg,0.8624309,11802227.155208943,2378816.38950597,0.0336564108729362,0.9648368954658508,0.46467370952346493
673.jpeg,0.85993534,11797688.900222745,1146201.9740641357,0.124537393450737,0.9577026441693306,0.45609135553240776
553.jpeg,0.8591303,11800836.65025018,1150434.5381623297,0.1497613815590739,0.7164689172059298,0.4236899429233745
104.jpeg,0.85674936,11822248.43603675,2424387.9055292606,0.047342995647341,0.9533007815480232,0.2742860033694241
435.jpeg,0.85548633,11836833.214371912,2324766.8669598214,0.0404345956631004,0.9614535719156264,0.3994954642174499
631.jpeg,0.85542464,11790563.516462862,2337393.688784766,0.043926038313657,0.9614954218268394,0.34653903485741466
698.jpeg,0.8535971,11837801.632207256,1149116.884042519,0.080417682416737,0.969145566225052,0.5719365894328803
388.jpeg,0.85245943,11786906.24363956,2321565.136844457,0.0330126464832574,0.9567923247814178,0.22261096324655225
818.jpeg,0.85028833,11840161.034155084,1159463.6509839466,0.0603863135911524,0.9413521215319632,0.39273774687899277
645.jpeg,0.847583,11790646.388783928,2337843.9161399147,0.0357189737260341,0.961343251168728,0.29424592887517065
216.jpeg,0.8474473,11816076.74597584,2384369.952460694,0.2057942943647503,0.9688054025173188,0.7958341404529554
717.jpeg,0.84411764,11844976.47599766,1145676.9397475545,0.0734456381760537,0.9702080562710762,0.32551199016678667
890.jpeg,0.84367514,11789847.604620373,2291677.219538508,0.2027704240754246,0.9656517654657364,0.7607557365138616
974.jpeg,0.84362644,11812286.27379064,1266594.845402673,0.1331597128883004,0.94735399633646,0.6986631524050608
38.jpeg,0.8434275,11792427.023540424,1139846.1729406011,0.0570415947586298,0.9624735414981842,0.5369554192552136
548.jpeg,0.8427495,11798832.566716276,1151160.5226573786,0.0985640073195099,0.9492012187838554,0.3979833433404565
490.jpeg,0.84131354,11732208.49163558,1161279.348851165,0.2205590335652232,0.9721680358052254,0.6469688861398026
195.jpeg,0.8376849,11818711.306866908,2425433.401750705,0.2560143396258354,0.9702154099941254,0.6955499601151262
197.jpeg,0.8356644,11819123.334102483,2428200.225538456,0.046062815003097,0.9631706029176712,0.3460879934552525
177.jpeg,0.83492047,11796698.107861577,2426833.6565500773,0.0356219159439206,0.9658188596367836,0.3491605459130369
462.jpeg,0.8346827,11838438.669901758,2323033.6480521704,0.0369028146378695,0.9690656736493112,0.27453174400660724
522.jpeg,0.8313502,11771865.007997742,1154634.5391376112,0.0451355106197297,0.959055058658123,0.46720581910469466
243.jpeg,0.8297115,11805259.582531374,2379246.348894711,0.0390563723631203,0.9526607468724252,0.3237165544996969
237.jpeg,0.82892025,11802836.053385586,2383895.247742411,0.0499893804080784,0.960759088397026,0.5870298879453912
939.jpeg,0.826843,11735084.048702164,1164697.3573043777,0.1061019436456263,0.8122379258275032,0.5628477950231172
337.jpeg,0.8223407,11793882.581841445,2347691.5148734213,0.1000368511304259,0.9685824140906334,0.5658723335447056
663.jpeg,0.8213057,11795670.093139704,1147382.3112694356,0.0552083482034504,0.9660332426428796,0.43110688522251117
187.jpeg,0.8208041,11826591.857267767,2426050.8711259435,0.0457215695641934,0.9643466994166374,0.3463637573230598
249.jpeg,0.82029307,11803212.741932908,2376840.6835241187,0.0388683937489986,0.9493413865566254,0.3894507196964696
528.jpeg,0.81930876,11773635.465136671,1153232.6378429595,0.0597428265027701,0.9615300372242928,0.30079553910763934
597.jpeg,0.81905067,11811496.821068777,1161168.5544018014,0.0622219662182033,0.9530202820897102,0.48135768844642574
1.jpeg,0.8129151,11693606.257765992,1194226.1473003116,0.0655769500881433,0.9735582545399666,0.6132818666020674
600.jpeg,0.81032646,11873004.385400703,1168444.2106975734,0.3301037475466728,0.9551827311515808,0.8046187506988645
410.jpeg,0.809296,11789867.302707065,2307802.35021308,0.0315424222499132,0.9687656834721564,0.5523707398097031
264.jpeg,0.80839944,11797698.926612632,2380157.381641229,0.0367337891366332,0.9645731374621392,0.30325254468646434
646.jpeg,0.80465,11790682.393483782,2337059.46207244,0.043926038313657,0.9468281492590904,0.3303179311915301
888.jpeg,0.8042582,11791826.10054964,2292486.9810415725,0.0895381444133818,0.9606636986136436,0.6055529080996556
354.jpeg,0.80403936,11792955.200863142,2335825.4458731515,0.0488698808476328,0.95559274405241,0.5597776474564203
441.jpeg,0.8028841,11838946.024110183,2325941.7840308063,0.0469577796757221,0.9639182463288308,0.2953666111570783
934.jpeg,0.79747885,11742694.068117429,1155879.8872347046,0.0581237247679382,0.9702731445431708,0.3367124988128328
633.jpeg,0.7969505,11790618.625702957,2337849.218258889,0.0284607289358973,0.961343251168728,0.29308376309927553
859.jpeg,0.79559433,11841955.180673271,2329056.281391333,0.0598177085630595,0.9713837876915932,0.6712409544270486
748.jpeg,0.7954115,11836886.345990391,1110973.6162619672,0.0437209019437432,0.95038540661335,0.34436998987803236
52.jpeg,0.7894901,11838429.46900708,1148825.348248855,0.1014380576089024,0.96485485881567,0.6588267731713131
650.jpeg,0.7877162,11790860.19552126,1146568.976636122,0.097601693123579,0.9390655383467674,0.5174564519483182
287.jpeg,0.7857071,11805563.566515686,2350034.648603688,0.0539726796559989,0.723141822963953,0.21915513419662602
993.jpeg,0.7851277,11795388.914661288,2427619.0876922086,0.0615127142518758,0.9493313431739808,0.5151018407195807
172.jpeg,0.7786464,11794439.97175877,2424291.462906076,0.0507139437831938,0.9624228477478028,0.6092184801172051
153.jpeg,0.77671534,11794974.499195866,2425841.928720858,0.0429513654671609,0.9593747556209564,0.32045373041182756
186.jpeg,0.77369225,11826468.36015245,2426096.7323668534,0.0457215695641934,0.9643466994166374,0.4786509247496724
775.jpeg,0.7640998,11819914.356894026,1163306.1273590352,0.1528746634721756,0.9683289751410484,0.6380730289965868
198.jpeg,0.76248217,11821850.232253088,2426794.2375704986,0.0483916928060352,0.9572857469320296,0.38816325552761555
477.jpeg,0.76184887,11699544.257653993,1190449.1348180822,0.1186855491250753,0.9697408974170684,0.567388871891631
764.jpeg,0.7557998,11812724.01339374,1170087.17368608,0.0371407950296998,0.9274626448750496,0.40776812221156433
762.jpeg,0.7522374,11810311.199562935,1174747.3156173103,0.0526695935986936,0.9673150703310966,0.6974862167715199
943.jpeg,0.7501259,11757662.864856113,1171521.022026732,0.0599206802435219,0.9564735144376756,0.6278955524903722
240.jpeg,0.74887663,11806052.764002014,2382087.823612408,0.0469228629954159,0.9667546227574348,0.33098067436367273
641.jpeg,0.74767876,11792194.155852702,2336765.657572993,0.0591296022757887,0.9611741378903388,0.37628163144524607
962.jpeg,0.7471791,11809261.05847996,1270180.3254780138,0.0637503992766141,0.9672370925545692,0.5842999985907227
409.jpeg,0.743554,11796978.051678777,2307584.1222629887,0.0369569952599704,0.9674038589000702,0.21512979713992939
227.jpeg,0.7308802,11812000.22743876,2382195.35846467,0.0400301497429609,0.9679928421974182,0.2006649517570622
120.jpeg,0.7305489,11787145.55561614,2294995.363161852,0.0318947227206081,0.9511075019836426,0.41281078962492757
488.jpeg,0.72184026,11734744.898505034,1161180.0035315803,0.0591034507378935,0.9531939402222632,0.299895048710621
489.jpeg,0.7204442,11734746.315090748,1161177.500767662,0.0591034507378935,0.9531939402222632,0.31741174048511306
433.jpeg,0.7199895,11836285.202377072,2324467.8846267355,0.0849143196828663,0.969883881509304,0.5231452723965049
747.jpeg,0.7141225,11837706.377100969,1112002.5982716605,0.0578304892405867,0.9533460065722466,0.5733021766775184
178.jpeg,0.708421,11795636.512060251,2427032.9962692102,0.0608702497556805,0.9585241973400116,0.32979730875896557
668.jpeg,0.7019999,11797053.132070305,1147795.1948154103,0.05836628889665,0.960747756063938,0.23548285963220728
971.jpeg,0.70141184,11811902.333914155,1266334.0036325736,0.067505685146898,0.9662519916892052,0.6518924692645669
860.jpeg,0.69795966,11836954.30609591,2325821.8052716195,0.0373551328666508,0.9693647250533104,0.4094830489484593
137.jpeg,0.69431216,11796794.710534552,2440522.3931411817,0.0381408613175153,0.9543312788009644,0.437223842338426
533.jpeg,0.69046247,11784181.492024602,1126405.8459836878,0.393488097935915,0.903738595545292,0.6278094719164073
66.jpeg,0.6903607,11834210.637607783,1161557.124769137,0.1374776661396026,0.9395586624741554,0.5128375275858811
87.jpeg,0.68815196,11814355.735715011,1164984.2717781083,0.086741879582405,0.966565765440464,0.5769132184796035
691.jpeg,0.67967737,11841052.2044914,1142631.3332501785,0.0980875073000788,0.9416652396321296,0.43195187533274293
434.jpeg,0.67791194,11836809.93580757,2324928.149612097,0.0468817194923758,0.8031590022146702,0.2743157626661871
318.jpeg,0.6747246,11798928.946534788,2352031.868128506,0.1814698297530412,0.9717132076621056,0.733374947682023
822.jpeg,0.6733228,11841022.234831655,1158835.0154463244,0.0453415038064122,0.9529266059398652,0.2614034527602295
933.jpeg,0.6690394,11742691.436522532,1155881.919154005,0.0581237247679382,0.9702731445431708,0.3367124988128328
241.jpeg,0.6669533,11806044.1020094,2382020.231398024,0.0469228629954159,0.9667546227574348,0.3115183148932244
213.jpeg,0.6663316,11809966.090803403,2385567.5547255534,0.0363477761857211,0.9617215320467948,0.20937351754400874
632.jpeg,0.66320086,11790681.72707635,2337056.8433170426,0.043926038313657,0.9468281492590904,0.3303179311915301
582.jpeg,0.65835625,11839514.279561205,1159271.2176308583,0.0521429069340229,0.9636793360114098,0.23301369251890314
343.jpeg,0.65825135,11792243.153979553,2342315.429911821,0.0380066260695457,0.9647287800908088,0.44289239436121924
828.jpeg,0.6560668,11840895.899041526,1162593.374841928,0.1803682576864957,0.9621821120381356,0.658410765347071
285.jpeg,0.65599954,11805993.311378617,2351981.724498863,0.0533254924230277,0.9610946848988532,0.7619108463986777
689.jpeg,0.65585834,11837691.275383364,1149133.37393891,0.080417682416737,0.969145566225052,0.576288029551506
275.jpeg,0.65289825,11808787.171261778,2353857.2127260906,0.0449975281953811,0.9584593027830124,0.5025069743278436
896.jpeg,0.6464252,11791076.60875144,2291282.663105165,0.0508329821750521,0.968823440372944,0.5671248881262727
906.jpeg,0.6456459,11772946.954377389,1152172.1422034567,0.0636444296687841,0.963372491300106,0.549113397900429
189.jpeg,0.6450118,11819480.413208788,2422272.484257005,0.0374125544913113,0.9612277150154114,0.41198571427958086
329.jpeg,0.6385456,11791126.72927088,2346953.8008115487,0.0410720035433769,0.962400048971176,0.27980967911167276
894.jpeg,0.6354908,11791014.640055472,2291245.728975431,0.0508329821750521,0.968823440372944,0.40056076226755977
102.jpeg,0.63488305,11837321.605585638,2326074.9938525776,0.0473601496778428,0.9665091037750244,0.32490138767752796
848.jpeg,0.6299157,11873981.542227222,1159073.321870553,0.2298817196860909,0.9656555131077766,0.6334366494556889
538.jpeg,0.6278366,11787355.581996389,1120448.8393511982,0.0815922571346163,0.4772446500137448,0.26611514808610076
377.jpeg,0.6269156,11789868.4418567,2319425.100786501,0.0371432073879987,0.9482698887586594,0.32178366642134887
391.jpeg,0.62586176,11791365.69117429,2325808.6646018378,0.0375913600437343,0.9662489593029022,0.32729936987743713
371.jpeg,0.61926454,11793388.090746762,2323495.085999265,0.0844532176852226,0.962969645857811,0.6884939757486185
865.jpeg,0.61461854,11796164.829406098,2302675.955672513,0.047694428358227,0.9575419872999192,0.21803089376771823
565.jpeg,0.6049598,11802491.154860822,1136152.5154764005,0.0787543738260865,0.9587259441614152,0.6176174772489402
670.jpeg,0.6029302,11797069.585296536,1147394.0380330223,0.083384184166789,0.5290008038282394,0.22843859915155917
699.jpeg,0.60225713,11840369.490854828,1146790.1516237317,0.0915129696950316,0.9560372456908226,0.6211016558809206
570.jpeg,0.59649235,11801149.349935737,1140713.2508868244,0.0718850228004157,0.7967818081378937,0.3826761213131249
353.jpeg,0.59528494,11796028.990603106,2338777.5639283964,0.0708189723081886,0.9591828882694244,0.614861982059665
771.jpeg,0.5908545,11817199.305325108,1171634.1530192737,0.0986648267135024,0.9603388383984566,0.4579806538531557
302.jpeg,0.5904447,11810565.094898265,2348045.4661156493,0.0500490386039018,0.957556426525116,0.3786666187058602
406.jpeg,0.5802848,11794207.081817884,2308268.905556599,0.0521188811399042,0.9641648530960084,0.5867941799972739
541.jpeg,0.57867205,11796643.168046232,1139527.934368928,0.3908569738268852,0.961280457675457,0.7596587932202965
647.jpeg,0.572952,11788334.69898906,1148811.428957372,0.1962646329775452,0.7706123664975166,0.45783701178152114
809.jpeg,0.5644413,11839004.093471592,1162273.1550205862,0.227395050227642,0.9663432538509368,0.5359181324020028
403.jpeg,0.5607632,11793289.642967,2309822.144726488,0.0368851539678871,0.9651822745800018,0.4441520539112389
22.jpeg,0.5528366,11772764.006579584,1151617.7645608366,0.0866907779127359,0.9571898952126504,0.6443031708477065
908.jpeg,0.5496607,11773375.14309239,1152318.1335257734,0.0636444296687841,0.885245069861412,0.31184808327816427
535.jpeg,0.54453975,11780040.110141857,1125923.8732906885,0.0464152200147509,0.730868624523282,0.23854499449953434
820.jpeg,0.54360396,11840695.7099897,1159475.6148487262,0.065294636413455,0.9609366059303284,0.4283685997943394
284.jpeg,0.5426263,11805880.324952288,2351987.3406005744,0.0355867403559386,0.9610946848988532,0.7567739141522907
595.jpeg,0.54023683,11812265.425955417,1164697.340917854,0.2535020913928747,0.966919407248497,0.7667601618450135
208.jpeg,0.53754735,11821045.383245343,2424407.393167987,0.034233252517879,0.9677461236715316,0.38718826841795817
356.jpeg,0.5348229,11796398.40560094,2334736.8219441846,0.0653190584853291,0.9678170308470726,0.6268944624545318
660.jpeg,0.5266845,11795688.185538938,1147021.5969010862,0.2098208125680685,0.9594142735004424,0.6375077599659562
630.jpeg,0.5201224,11790682.408133252,2337062.0845122,0.043926038313657,0.9468281492590904,0.3303179311915301
550.jpeg,0.5193276,11799569.810975011,1150593.8714556096,0.062573323957622,0.965222954750061,0.5469363924348727
171.jpeg,0.5191388,11796450.73533467,2422588.783591836,0.0368446833454072,0.36096484772861,0.14396163235817633
709.jpeg,0.51096165,11843752.517968524,1142867.084087719,0.138334977440536,0.956631101667881,0.5826775392051786
667.jpeg,0.5023024,11796690.898668028,1147374.207086922,0.083384184166789,0.9473977535963058,0.4462996058864519
590.jpeg,0.49218953,11836161.667195352,1163645.4542562813,0.0730143920518457,0.9548421576619148,0.46770172304240987
359.jpeg,0.49121886,11796381.847186493,2338154.2692403826,0.0489989891648292,0.9635637030005456,0.2295076088630594
210.jpeg,0.48801148,11804728.234226856,2384875.2828029376,0.0541004198603332,0.9648007526993752,0.4921442670747638
695.jpeg,0.48445287,11842116.180566752,1145229.2764207995,0.0642498130910098,0.7572799660265446,0.3210796958883293
61.jpeg,0.47554368,11840884.79648772,1162595.157056098,0.1803682576864957,0.9621821120381356,0.6821722016773291
326.jpeg,0.47000557,11788964.574901711,2350104.9199331463,0.0255833233240991,0.971300669014454,0.7860430090887738
268.jpeg,0.46955976,11803190.9134015,2356407.262967811,0.0631455997936427,0.9585959613323212,0.2812667272186705
614.jpeg,0.46901417,11815707.93756987,1268242.937137168,0.1739329863339662,0.924272671341896,0.6581184393726289
928.jpeg,0.45282656,11738535.469081333,1161078.3251425568,0.11450174334459,0.960326425731182,0.614687262190273
806.jpeg,0.45140308,11837060.118339648,1162390.2641432143,0.0502593806013464,0.9648309350013732,0.3562842921237461
947.jpeg,0.4508755,11760404.26609411,1173165.4513410795,0.1276457943022251,0.9625917077064514,0.5519490100753804
922.jpeg,0.44885516,11834659.259375568,1157399.2609463749,0.0640612747520208,0.5663795322179794,0.24238364318651812
989.jpeg,0.44857135,11809477.571721358,1267127.1529388044,0.0612380728125572,0.963795430958271,0.5509917798917741
930.jpeg,0.44851094,11741332.59986586,1157007.677894011,0.0839075567200779,0.966579258441925,0.49042806846814024
311.jpeg,0.44382972,11798748.56932406,2349011.860635066,0.1101410379633307,0.9715471938252448,0.6000265594338998
714.jpeg,0.43571365,11839649.070834244,1144833.4744982729,0.1618124153465032,0.6400841204449534,0.36567217246111894
444.jpeg,0.4259456,11838310.2711843,2324345.4634785745,0.0420292974449694,0.9603946432471276,0.2873575078556314
866.jpeg,0.42394975,11799888.773915907,2299943.660591542,0.0509565584361553,0.9679095149040222,0.3667048173956573
196.jpeg,0.41149545,11819784.616724938,2427965.4284087503,0.1505353273823857,0.9697734862565994,0.6218159580603242
236.jpeg,0.40189257,11802696.538377767,2383815.333572627,0.0396267361938953,0.960759088397026,0.4659459262953273
700.jpeg,0.39918762,11844780.582972726,1147298.9825524748,0.0914245191961526,0.9663029983639716,0.48217481561005116
735.jpeg,0.39841822,11837503.989344325,1111383.6405298382,0.1612884579226374,0.9682563245296478,0.4021926752757281
779.jpeg,0.3933202,11820942.079253327,1168232.2719751813,0.1316559147089719,0.9734567776322364,0.6784607871668413
683.jpeg,0.3918528,11800223.415225515,1141914.596287704,0.2710632951930165,0.9247217401862144,0.584147552610375
664.jpeg,0.38931406,11796239.433105525,1143523.5677743617,0.1815456887707114,0.9595071449875832,0.6453905646922067
584.jpeg,0.38493344,11836286.879809633,1158242.492901775,0.0598585912957787,0.9642694666981696,0.4313314085593447
182.jpeg,0.3790191,11801428.496352054,2432531.8032269483,0.2325985245406627,0.9615953490138054,0.6723848822293803
655.jpeg,0.37768438,11794430.286436366,1136931.9438575064,0.4386001490056515,0.9650313258171082,0.8622879650857713
972.jpeg,0.37663275,11811894.651826032,1273285.0266564065,0.0579116460867226,0.8451195657253265,0.4059081472352975
482.jpeg,0.37469882,11736663.430787615,1162223.894911386,0.0493685137480497,0.9534282237291336,0.39729244893209803
453.jpeg,0.372792,11838646.867593369,2330439.34210313,0.0346421510912478,0.9033030569553376,0.30416087593351093
276.jpeg,0.37199444,11805248.454424994,2353194.6188189434,0.0632042060606181,0.9639541283249856,0.5502204757316836
105.jpeg,0.37050477,11823273.838750258,2425056.8150717244,0.0377142485231161,0.6206567287445068,0.18172691143783076
288.jpeg,0.35789555,11805560.950991029,2350033.915280789,0.0539726796559989,0.723141822963953,0.21915513419662602
969.jpeg,0.35401982,11811729.487095537,1266344.0863635724,0.1636194363236427,0.9662519916892052,0.6821291575324722
169.jpeg,0.33852074,11797333.528641328,2422852.254549093,0.0403952235355973,0.963117279112339,0.2567776635987684
254.jpeg,0.32939824,11802689.001193134,2375786.131883132,0.0443809982389211,0.9637687802314758,0.4087284183478914
491.jpeg,0.32848182,11731047.909845876,1161876.753169214,0.0413821919355541,0.9590676873922348,0.28003557593910955
253.jpeg,0.32773402,11802686.398661748,2375788.0270916936,0.0443809982389211,0.9637687802314758,0.4087284183478914
688.jpeg,0.32488102,11838918.883483157,1148665.0988657852,0.1532728374004364,0.9680755063891412,0.7025993631945716
194.jpeg,0.3177296,11818649.881039938,2425458.534929221,0.2560143396258354,0.9702154099941254,0.6955499601151262
323.jpeg,0.31714043,11793355.678903624,2351844.0558568058,0.0599926798604428,0.975860759615898,0.6800301720504649
85.jpeg,0.3138849,11816779.11202715,1165184.9663275853,0.139154439792037,0.9639179557561874,0.6728534569653372
946.jpeg,0.31005403,11759594.746526228,1170838.01006734,0.0398488398641347,0.952830731868744,0.4916133142542094
545.jpeg,0.30548748,11792779.985841954,1148287.7277143276,0.0610170415602624,0.955381914973259,0.5176991757729815
540.jpeg,0.29847014,11784493.013527129,1123847.849648449,0.0498431441374123,0.9662445560097694,0.4393873707158491
143.jpeg,0.29287595,11791349.786876066,2435526.1154871504,0.0373195505235344,0.6908198148012161,0.1745726790395565
624.jpeg,0.28621924,11798259.989338009,2378676.030824756,0.0448394636623561,0.9651925340294838,0.5261848854715936
160.jpeg,0.27915934,11789671.371629337,2430823.0453098505,0.0321162203326821,0.9561240896582603,0.33520942700228523
998.jpeg,0.27397627,11800123.29207685,2425641.626064901,0.0469432589598,0.9629817306995392,0.44641814726803986
873.jpeg,0.2724645,11796767.524730347,2302591.317240788,0.0436618123203516,0.9570024311542512,0.435808364368443
384.jpeg,0.27187985,11788178.58718227,2329945.366009931,0.0901960209012031,0.917686514556408,0.5007283074955922
658.jpeg,0.26950485,11794885.77112196,1144861.361839839,0.2286955714225769,0.9667006358504296,0.7281894176932318
566.jpeg,0.268425,11802490.638785329,1136157.604108806,0.0787543738260865,0.9587259441614152,0.6176174772489402
739.jpeg,0.26687348,11834624.61421551,1109275.1248191677,0.0432476177811622,0.9232998639345168,0.3801285714014536
141.jpeg,0.26676908,11793964.839715617,2436340.579868618,0.023552490514703,0.9609065428376198,0.3488924399862298
990.jpeg,0.26546425,11809992.60247774,1268525.4184260345,0.0621499372646212,0.97454434633255,0.7183641522424296
295.jpeg,0.25865436,11806593.670625675,2349093.664356448,0.0408561979420483,0.966802917420864,0.29111615552877385
298.jpeg,0.25656563,11808730.653662652,2346914.451065569,0.0593016860075295,0.9602906182408332,0.41048868911873015
926.jpeg,0.25593174,11737545.449137462,1161728.510692494,0.0222853082232177,0.924520842730999,0.23759583546780047
283.jpeg,0.25455478,11806572.587117892,2351807.582318417,0.0779271530918777,0.9557157680392264,0.49360460694879293
452.jpeg,0.2544143,11839575.169407437,2329119.320425576,0.040787358302623,0.9601182490587234,0.18948761251522223
19.jpeg,0.25224426,11760047.239594596,1173576.6322770456,0.1258375025354325,0.9620644599199296,0.5689300933736376
378.jpeg,0.2503347,11791159.637656102,2318329.037234789,0.0433122925460338,0.9558651596307756,0.5081449889370965
620.jpeg,0.24517854,11794713.217243616,2342068.483973596,0.2902842704206705,0.9688345715403556,0.77642458570855
537.jpeg,0.24505194,11785780.560279535,1118079.5022650652,0.1016062456183135,0.94319249689579,0.4004757006445693
418.jpeg,0.24065523,11795367.27186376,2300862.591859988,0.0494102146476507,0.9684543535113336,0.4282248602913959
10.jpeg,0.23737065,11738343.022305757,1160081.5875469258,0.1264721611514687,0.9655067026615144,0.5903376281494275
124.jpeg,0.23593904,11798308.857540311,2434376.668616176,0.120565406512469,0.9651573002338408,0.648530433686184
224.jpeg,0.23534197,11810763.144188706,2379092.4990483737,0.0649828691966831,0.9651819616556168,0.4059473077650182
509.jpeg,0.23516549,11757063.432029372,1174113.956044036,0.1199972052127122,0.9692732095718384,0.5926734651438892
313.jpeg,0.23492625,11798403.103828195,2351248.271958471,0.064673229586333,0.9644727408885956,0.4344912833767012
495.jpeg,0.22970751,11755693.864365697,1166894.751551333,0.1067660888656973,0.959541916847229,0.4487833467622598
520.jpeg,0.22423273,11769183.783575166,1159956.6559914895,0.0779108228161931,0.9676258340477945,0.6489585072849877
327.jpeg,0.22092173,11788965.540476946,2350110.9175420823,0.0255833233240991,0.971300669014454,0.7860430090887738
772.jpeg,0.21948412,11818510.796413396,1162496.4780438258,0.3840404823422432,0.8773336932063103,0.680734465105666
112.jpeg,0.21202451,11791705.091278013,2336261.0138118463,0.0338850431144237,0.9650284051895142,0.43719056002529605
98.jpeg,0.2095058,11812757.351341149,1278048.07651155,0.1781388912349939,0.9367644414305688,0.6525588074906005
693.jpeg,0.20864329,11841277.56375534,1145477.516106289,0.0542550235986709,0.9545725360512732,0.3516634860489931
959.jpeg,0.20314613,11701413.251875794,1198098.7586220163,0.0547266048379242,0.945569284260273,0.3949491904932074
209.jpeg,0.19607078,11804657.166746223,2385240.55329966,0.0384070673026144,0.9633828774094582,0.37941145644124064
953.jpeg,0.19527131,11761399.103592282,1169241.138515732,0.2597180902957916,0.9712908193469048,0.708901308890846
938.jpeg,0.19029307,11736855.660549227,1161646.2556097747,0.0883721588179469,0.8273405283689499,0.3301806094823405
514.jpeg,0.18820284,11758995.635803573,1168844.8067805043,0.1272711558267474,0.9641719236969948,0.4565724735148251
273.jpeg,0.18353759,11806697.055474916,2354557.4379876866,0.055037472397089,0.965655952692032,0.4999326443565743
173.jpeg,0.1816536,11794398.216258012,2424347.897504076,0.0507139437831938,0.9624228477478028,0.6785187596688047
342.jpeg,0.18158525,11796558.746575864,2340012.3470921223,0.0380022916942834,0.9688072353601456,0.5083523724460974
843.jpeg,0.17870913,11869829.637097117,1167969.6876733224,0.1371761700138449,0.9659401252865792,0.7076804569922388
108.jpeg,0.17592065,11800375.6758179,2381555.12751012,0.113693356513977,0.9695162773132324,0.6164216005376407
729.jpeg,0.17421609,11834525.617771637,1109262.003157874,0.054502448067069,0.9409764632582664,0.5774127217527065
653.jpeg,0.17292479,11792039.28145553,1149039.5342429269,0.0458476026542484,0.8683232739567757,0.3190889907483425
985.jpeg,0.17227769,11809998.698281877,1268523.5567121836,0.0621499372646212,0.97454434633255,0.7183641522424296
501.jpeg,0.16905227,11753723.195310926,1174100.6250663565,0.1347853243350982,0.9648390412330629,0.49014581309165806
447.jpeg,0.16729662,11836270.802450122,2327480.994134975,0.0367876512464135,0.9675836861133577,0.5431397646607365
321.jpeg,0.16441657,11791074.82878952,2349226.9127417905,0.0435648667626082,0.963573545217514,0.4063964942470193
346.jpeg,0.16207597,11789950.020004062,2341161.981377072,0.0449678585864603,0.9651207476854324,0.42623258876847103
245.jpeg,0.1616555,11803991.713037057,2378351.6642816057,0.032569391420111,0.960864432156086,0.15764918029890393
416.jpeg,0.16020195,11795735.73552014,2305206.595283652,0.0477555813267827,0.9526869356632232,0.4007918401621282
991.jpeg,0.1580984,11809909.69172086,1268125.9370562837,0.0562732839025557,0.7356759905815125,0.3853476047515869
649.jpeg,0.15704197,11789602.140397012,1149225.407025754,0.0885421657003462,0.9616170525550842,0.48473474074853584
914.jpeg,0.15519997,11773369.701312875,1152322.032412377,0.0636444296687841,0.885245069861412,0.32265779184591437
996.jpeg,0.15373228,11800145.154170392,2425527.378995014,0.0433097605127841,0.9629817306995392,0.3871914593328256
819.jpeg,0.15303162,11840365.683581345,1159607.0223271782,0.0753919640555977,0.9413521215319632,0.66471991117578
130.jpeg,0.15213002,11797028.23995584,2437931.3463194026,0.0600333614274859,0.8898912370204926,0.2652217995907579
355.jpeg,0.15042101,11796415.468897875,2334786.577943236,0.1445369515568018,0.9678170308470726,0.7541168890893459
950.jpeg,0.15033852,11760109.421051744,1170708.3393012069,0.0688331103883683,0.9668423011898994,0.2799731450051897
826.jpeg,0.1452281,11833901.863953795,1162336.767125321,0.1773181511089205,0.9601653516292572,0.6029071894784769
119.jpeg,0.14262792,11788360.428129142,2290259.5209548543,0.0347148042637854,0.9675995036959648,0.5445773427426401
619.jpeg,0.14205831,11798258.402556594,2349545.319994258,0.044397076126188,0.8691318780183792,0.4789271987309413
372.jpeg,0.13874914,11792663.020749224,2323244.873498276,0.057150614913553,0.9500325098633766,0.4537162351688104
464.jpeg,0.13846672,11699164.511074226,1196055.0243307769,0.0521063227206468,0.9691476747393608,0.33426060121402973
151.jpeg,0.1368614,11794521.654186204,2429140.580285327,0.0405639847740531,0.4780369009822607,0.17992494281913554
174.jpeg,0.1346345,11796987.749187708,2424410.593192521,0.0520614683628082,0.7919778376817703,0.3488907628925517
261.jpeg,0.13283391,11800310.46589275,2378095.61951186,0.0182032011216506,0.9385482221841812,0.3456949821993476
682.jpeg,0.13060974,11799630.376917308,1148074.9133456291,0.0705062639899551,0.9498661532998084,0.556279178920456
731.jpeg,0.12981144,11838158.134155223,1108058.517531369,0.04068473726511,0.9603274017572404,0.6465589378236068
830.jpeg,0.12887785,11835137.931355828,1157719.704715595,0.0548181077465415,0.9469358921051024,0.3664689571596682
758.jpeg,0.12681384,11837685.591381278,1111453.5984108222,0.1427515191026032,0.9682563245296478,0.33242069178959355
880.jpeg,0.12618007,11797009.208382284,2300166.7044719546,0.0471528726629912,0.9673967733979224,0.6732615018928689
370.jpeg,0.12590505,11795674.316691536,2324518.039184935,0.0804327297955751,0.9632934853434564,0.3542678243829869
211.jpeg,0.12501511,11804682.7225053,2384829.722289002,0.0541004198603332,0.9648007526993752,0.4823249439941719
774.jpeg,0.12229985,11817720.795137266,1162209.540793015,0.3420229889452457,0.9647252038121223,0.6523662288673222
252.jpeg,0.12215523,11803552.244378902,2377346.94930658,0.0507430071011185,0.9657515436410904,0.6066319737583399
904.jpeg,0.11890484,11772717.859446203,1151712.9742247986,0.0690326113253831,0.9571898952126504,0.5745359510183334
41.jpeg,0.11789423,11797918.954264708,1139288.191562238,0.5071841888129711,0.9653550758957864,0.762611944694072
294.jpeg,0.1177499,11806019.46674114,2349823.4554666844,0.0590547090396285,0.9633874073624612,0.4105002454598434
315.jpeg,0.11685138,11800942.544894388,2347632.6719975043,0.0654495321214199,0.9713362008333206,0.5433709601638839
139.jpeg,0.11664916,11795164.23115387,2439041.2741327533,0.0408331388607621,0.960952803492546,0.3640004098415375
422.jpeg,0.11636981,11794597.964901391,2299553.1348990262,0.045567600056529,0.960684821009636,0.3616631799377501
871.jpeg,0.11560372,11796724.410379594,2304393.026919251,0.0354766282252967,0.6614153534173965,0.27769509527004427
907.jpeg,0.11330975,11772950.097184652,1152174.2402880222,0.0636444296687841,0.963372491300106,0.549113397900429
827.jpeg,0.11213759,11840965.431032632,1158360.255980536,0.0443607359193265,0.727478452026844,0.21470328135183078
979.jpeg,0.11208863,11814073.321965383,1267500.0794867957,0.3983117528259754,0.847382590174675,0.6877430682070553
262.jpeg,0.11201247,11798284.885040948,2378529.272462688,0.0473002335056662,0.9651925340294838,0.673139892751351
697.jpeg,0.111967646,11842882.94938182,1145650.048854557,0.137188789434731,0.9588574841618538,0.4303062679246068
502.jpeg,0.11147093,11753724.621563569,1174103.8389222145,0.1347853243350982,0.9648390412330629,0.49014581309165806
401.jpeg,0.11084309,11793412.149655089,2328597.3297192976,0.0435282820835709,0.9561938419938087,0.44953371917030643
955.jpeg,0.10680062,11696726.709581438,1194766.4458579822,0.0289148539304733,0.9642958268523216,0.4431119588358949
242.jpeg,0.106175095,11805543.490293715,2380249.703333335,0.0382346371188759,0.9211455956101418,0.3674189089797437
895.jpeg,0.105980396,11791118.9177317,2291455.6372615783,0.0599806527607142,0.968823440372944,0.5548021821887232
438.jpeg,0.10563807,11837072.061158072,2325921.626426565,0.0373551328666508,0.9693647250533104,0.30021818698151037
17.jpeg,0.10523505,11757799.514960788,1171786.5148747766,0.155812649987638,0.9610506370663644,0.7253464815310307
42.jpeg,0.10521784,11794952.512201548,1145054.317396148,0.1858110586181283,0.9667006358504296,0.7301659089779216
980.jpeg,0.1040662,11814270.87767615,1276731.3036840842,0.2155647370964288,0.9576142206788064,0.7708836460693015
128.jpeg,0.103762284,11796728.427200245,2435008.066094395,0.0392875033430755,0.5757832136005163,0.2543745499902538
964.jpeg,0.1024163,11809423.35912934,1267027.1388512058,0.130354531109333,0.963795430958271,0.5216376206113232
364.jpeg,0.102136165,11796022.90646854,2332604.0132716163,0.0393922859802842,0.9619340226054192,0.36175968596944585
18.jpeg,0.102028966,11760282.150649764,1173350.1691040697,0.1439240742474794,0.9625917077064514,0.5396570657030679
190.jpeg,0.100805126,11818083.441941028,2424340.3222327386,0.0520990770310163,0.9732219278812408,0.5285590480780229
829.jpeg,0.100101925,11840400.310589682,1159450.811779934,0.045673354063183,0.9609366059303284,0.7010394403607481
851.jpeg,0.09964657,11875196.27948542,1164413.4653857525,0.1121084140613675,0.975358210504055,0.7370198665885255
179.jpeg,0.09802435,11799747.77433229,2427976.5879853764,0.0544869159348309,0.96568351238966,0.4492879984318279
63.jpeg,0.09737366,11839966.208652567,1159669.3703414276,0.053218824788928,0.5689241858199239,0.16711692657554522
135.jpeg,0.09725989,11796403.622018244,2441928.3634932493,0.0456464933231473,0.958613321185112,0.28893548250198364
711.jpeg,0.09682166,11841054.21105509,1142629.1396517404,0.0980875073000788,0.9416652396321296,0.43195187533274293
129.jpeg,0.09630106,11797020.15151153,2437868.6005497635,0.0624096905812621,0.8898912370204926,0.2655612751841545
733.jpeg,0.0957272,11837683.114179509,1111454.0243249456,0.1427515191026032,0.9682563245296478,0.33242069178959355
530.jpeg,0.095225,11770289.150119148,1150328.4981620973,0.166356248781085,0.9366362988948822,0.5931632599482933
471.jpeg,0.0941636,11702633.278970247,1197522.946657973,0.0373362831305712,0.9684554040431976,0.6863566437677946
744.jpeg,0.09386754,11834561.826499607,1109277.2453122446,0.054502448067069,0.9409764632582664,0.48919213636379155
937.jpeg,0.092571475,11737357.478661904,1162558.7950862828,0.0666869040578603,0.9592780247330666,0.3928744947188534
932.jpeg,0.09249307,11742444.488412386,1156148.106956263,0.1324172355234623,0.9728671610355376,0.5207191283504168
221.jpeg,0.08968618,11812157.692522513,2380807.320683699,0.0449900012463331,0.9658905044198036,0.3917022286914289
574.jpeg,0.0896753,11836090.508077666,1113136.3718553807,0.0713645066134631,0.915051020681858,0.49890446482459083
549.jpeg,0.08844799,11798992.03326968,1151441.5367902762,0.0985640073195099,0.9589026421308516,0.44147864484693855
723.jpeg,0.08832049,11836915.852523783,1116720.5229240304,0.0518034351989626,0.6797534935176373,0.2913358290679753
949.jpeg,0.087757416,11760079.856184104,1169928.1285115655,0.1073142495006322,0.9692340716719628,0.5786899768023027
246.jpeg,0.08762051,11803594.99218963,2378059.269134444,0.0331385834142565,0.9675916731357574,0.24920249895917046
414.jpeg,0.087589726,11794568.023590418,2307193.056225007,0.0584230106323957,0.9715181142091752,0.36863323842408136
732.jpeg,0.085989,11834476.90340407,1110207.137899251,0.4881079029291868,0.9528430700302124,0.7965654048603028
274.jpeg,0.08533591,11808713.242115742,2353790.9135737624,0.0477978927083313,0.9584593027830124,0.2877154994639568
671.jpeg,0.08471356,11797235.04343802,1147494.896739807,0.0765229649841785,0.5290008038282394,0.22633099664623538
33.jpeg,0.084472604,11788518.614071343,1137936.3022436758,0.0677839540876448,0.9582641199231148,0.34580583206843585
480.jpeg,0.08355995,11734764.276114486,1163939.6525536173,0.2234802786260843,0.8651179894804955,0.5833106671925634
852.jpeg,0.083339624,11875257.964993048,1159792.9204841843,0.0561144263483583,0.9518982619047164,0.3856092714704573
659.jpeg,0.082743116,11794923.989290597,1145574.2042651307,0.1762291695922613,0.963468722999096,0.5958394304450069
931.jpeg,0.08272222,11742400.150599018,1156293.9499097408,0.0571586820296943,0.9728671610355376,0.3739148474414833
440.jpeg,0.07944624,11838565.54979854,2325962.542168103,0.0494737587869167,0.9655957743525504,0.40021077304845676
290.jpeg,0.07919782,11805732.035766251,2349727.4122996163,0.0508784581907093,0.9633874073624612,0.7099760827342314
352.jpeg,0.079156,11790888.375545038,2336514.1520913565,0.0632755812257528,0.3682935200631618,0.13481972818928104
913.jpeg,0.07884638,11774154.361720731,1151432.045239783,0.0630180882290005,0.8591557666659355,0.2715948392740554
715.jpeg,0.07736684,11840448.820294248,1146773.1635178423,0.1589506957679987,0.9560372456908226,0.6774390981299803
222.jpeg,0.07656842,11812049.743213767,2380892.062946764,0.040149197448045,0.9658905044198036,0.5468468946138663
485.jpeg,0.076520726,11735645.724046389,1162748.695033654,0.2299161572009325,0.9803456366062164,0.6456818324513733
201.jpeg,0.07565396,11823974.08559646,2425341.781443603,0.0406628972850739,0.9664059579372406,0.36505355435656384
749.jpeg,0.07558804,11838481.135452926,1114223.5693206738,0.1065646857023239,0.9628035724163057,0.8351037725806236
111.jpeg,0.07531265,11792252.373098323,2336802.6938525955,0.0591296022757887,0.9611741378903388,0.3903938803289618
726.jpeg,0.0752073,11833316.259586675,1109303.747305107,0.100961796939373,0.8153312429785728,0.43790168687701225
46.jpeg,0.07416681,11796704.243946848,1147287.5967328034,0.0691411802545189,0.9473977535963058,0.39695338325368035
136.jpeg,0.074135825,11796795.232635504,2440527.335204936,0.0381408613175153,0.9543312788009644,0.437223842338426
531.jpeg,0.07404213,11772697.34490564,1150805.0213732922,0.0635622413828969,0.9668452739715576,0.6165113276802003
161.jpeg,0.07375225,11789616.835388344,2430978.304033889,0.0467575588263571,0.9561240896582603,0.30130260722944513
57.jpeg,0.07301211,11875559.550826568,1159400.6249248015,0.0524149793200194,0.9631808623671532,0.21894716325914484
150.jpeg,0.072414234,11795132.596073477,2431197.0908165453,0.0465533351525664,0.9470605105161668,0.3934739545220509
392.jpeg,0.072255775,11790952.17546985,2326433.7536096936,0.0363049197476357,0.3361930977553129,0.1612938300531823
436.jpeg,0.07093647,11836927.758702911,2325532.607452278,0.0501302545890212,0.9640481099486352,0.31458339327946305
652.jpeg,0.07082049,11791347.65473737,1137127.3544743515,0.1653583664447069,0.9684142842888832,0.4538198468508199
175.jpeg,0.070674516,11800424.731686126,2424011.540074211,0.028365668375045,0.8026831746101379,0.16252111703423514
350.jpeg,0.06966434,11789166.104327869,2337540.61019168,0.0462847794406116,0.9666583463549614,0.376171822019387
701.jpeg,0.06912733,11840737.046358332,1147798.407315574,0.0850679082795977,0.9668929800391196,0.40430041670333594
460.jpeg,0.06903143,11842297.941764748,2324437.6334283887,0.0439045918174088,0.970466285943985,0.5494693225981402
30.jpeg,0.06865564,11781585.630231855,1123700.3558234684,0.0276584781240671,0.955859936773777,0.38245100041967817
267.jpeg,0.0681116,11803894.252962982,2381429.8106092126,0.2827076306566596,0.9665528163313866,0.7257732290308923
737.jpeg,0.06807574,11837565.316114714,1112214.8979556223,0.1719701709225773,0.9533460065722466,0.6461283820681274
29.jpeg,0.06742192,11780846.540944977,1128642.669355001,0.0220143303740769,0.9523822516202928,0.479402174561983
459.jpeg,0.067362085,11840202.462140229,2325037.428789031,0.075365140568465,0.9702199697494508,0.6319096480230135
900.jpeg,0.06683539,11771474.141576452,1153939.5161118477,0.1201202245429158,0.9588636308908464,0.5972641072132521
1001.jpeg,0.06653607,11822283.52117079,2424287.234114286,0.0500068194232881,0.9533007815480232,0.27160593133885413
870.jpeg,0.066456094,11794498.191495234,2305335.756153695,0.0499649513512849,0.9683273285627364,0.5682484882418066
470.jpeg,0.06612461,11701453.782485742,1198082.953522056,0.0547266048379242,0.945569284260273,0.3739504812983796
231.jpeg,0.06603631,11810278.703294108,2382606.9444165938,0.0433334489353001,0.886776439845562,0.3037902594410947
757.jpeg,0.065604135,11837826.671634844,1109686.315593623,0.1982451882213354,0.9631026983261108,0.6108052731724456
289.jpeg,0.065538354,11805736.516004048,2349728.133433085,0.0508784581907093,0.9633874073624612,0.7099760827342314
26.jpeg,0.06479939,11777306.172823744,1126598.477576092,0.0268714353442192,0.9669889137148856,0.20253115712798064
821.jpeg,0.06474894,11840419.569396423,1159809.726432558,0.0575293265283107,0.8852463811635971,0.33938903035596013
330.jpeg,0.064730234,11792458.629909389,2344962.629369969,0.1379431998357176,0.969106636941433,0.5269467851147056
676.jpeg,0.06413779,11797848.56569314,1147086.9372927782,0.2480843421071767,0.9320648536086082,0.5470790769904852
461.jpeg,0.06379019,11842485.70862908,2324490.3623944367,0.0678604491986334,0.970466285943985,0.47299932202856454
144.jpeg,0.06374045,11790000.046903243,2433394.548383316,0.0490032895468175,0.9583700150251389,0.6301243295893073
936.jpeg,0.06348103,11734743.611885216,1165482.5470390634,0.0409437410999089,0.9691171944141388,0.5167439695505891
961.jpeg,0.06307494,11702251.6650764,1198705.8183735216,0.0442504342645406,0.7431103214621544,0.1782343867234885
680.jpeg,0.062997155,11797960.608707342,1139358.2659215028,0.5875230096280575,0.9653550758957864,0.788166793063283
133.jpeg,0.06234377,11799255.855841223,2439427.275401004,0.1987702194601297,0.9694505780935287,0.6237989460517254
100.jpeg,0.062050648,11837860.47154734,2326623.622458973,0.0444603073410689,0.8632535189390182,0.16968337399885056
336.jpeg,0.061759707,11793489.56706656,2346892.539825139,0.0466062149498611,0.9614059403538704,0.45772912754910067
957.jpeg,0.06130804,11700305.96906872,1198776.0874485946,0.0507151945494115,0.9667986556887628,0.4317549933330156
351.jpeg,0.06083857,11789011.031577077,2337401.8115244783,0.0446383045054972,0.9666583463549614,0.31701271986174917
234.jpeg,0.0608158,11807167.102239238,2384262.0528848614,0.0411911411210894,0.4997355975210666,0.18310447415569794
577.jpeg,0.06040616,11837722.832063183,1112212.9107324467,0.0578304892405867,0.9533460065722466,0.6285051793092862
149.jpeg,0.06037764,11795232.243778031,2431626.1960409875,0.0412159515544772,0.9549803882837296,0.3755968785844743
121.jpeg,0.059914112,11798292.410618763,2302405.904181789,0.0418934314511716,0.9598629027605056,0.45300660422071815
743.jpeg,0.059563283,11838910.152651802,1111780.2407683209,0.1993225049227476,0.9124114587903024,0.5301188125740737
988.jpeg,0.059489988,11812379.82669312,1271215.9038297173,0.0633669453673064,0.882710874080658,0.6326518772984855
527.jpeg,0.05945999,11772818.48956469,1152645.126078888,0.141370752826333,0.9593804255127908,0.6061347998264763
183.jpeg,0.05939926,11801491.327378042,2432526.5084754527,0.1336277355439961,0.9615953490138054,0.6337063406328005
656.jpeg,0.05935318,11794100.37637244,1148183.3405646265,0.0557272257283329,0.9656997323036194,0.4875279858501421
640.jpeg,0.05900005,11792226.2277865,2338669.104721271,0.0559194809757173,0.9552274644374849,0.44185635287107694
375.jpeg,0.058991708,11790299.011139996,2322679.079230754,0.049983044154942,0.9613827988505363,0.5241121394792572
927.jpeg,0.058981624,11737873.46796418,1162100.7538416828,0.0488315732218325,0.1774215530604124,0.09230011003091926
54.jpeg,0.05854424,11875070.106033456,1164256.4285187845,0.3444151375442743,0.975358210504055,0.8665995972696692
27.jpeg,0.057957765,11779502.394447071,1126429.0462570426,0.0316304028965532,0.9645602330565451,0.4489666430486573
753.jpeg,0.05793224,11837648.902865626,1111805.7368490875,0.0569974314421415,0.9533460065722466,0.5196709188943108
499.jpeg,0.057551213,11753924.42740584,1171363.982779958,0.1579900998622179,0.9720201641321182,0.5706324409176078
982.jpeg,0.057299946,11815072.934601158,1266794.076572105,0.1623166911303997,0.9113457277417184,0.5972503019230706
987.jpeg,0.05727783,11810936.736473486,1267363.4530526395,0.1584714809432625,0.9625956416130066,0.5867242220556363
745.jpeg,0.056889728,11837444.276032766,1111857.749794889,0.0435716796200722,0.786809366196394,0.34692016106823254
623.jpeg,0.056804195,11798268.845184147,2378594.378737905,0.0473002335056662,0.9651925340294838,0.71265948866494
625.jpeg,0.05676742,11800426.80490783,2381626.355621626,0.080421625636518,0.9695162773132324,0.5973539551986116
642.jpeg,0.05649766,11792380.672899408,2338651.474000685,0.0751038962043821,0.9631571248173714,0.4927068070101086
258.jpeg,0.05633628,11806666.425310131,2376607.969601538,0.0424884562380611,0.9531951621174812,0.2917701270780526
344.jpeg,0.056152966,11792234.43851265,2342225.0988126565,0.0380066260695457,0.9647287800908088,0.38837660171298516
940.jpeg,0.056014784,11757703.85660774,1170461.7670962375,0.6620779931545258,0.956150397658348,0.8091057362034917
521.jpeg,0.05587838,11770683.78333648,1157869.285685863,0.3894345313310623,0.9657204523682594,0.7397191380150616
255.jpeg,0.055736322,11803768.765317904,2375838.160604749,0.0478669893927872,0.9677639231085776,0.3738772793052097
542.jpeg,0.055730302,11791062.047486562,1144766.7360988832,0.1782165952026844,0.962806224822998,0.4994209704454988
679.jpeg,0.055679496,11800168.717597572,1146768.670559022,0.0636390708386898,0.955297827720642,0.4189791170647368
449.jpeg,0.055537336,11836723.446713507,2326890.738330742,0.0440665083006024,0.9664825052022934,0.2244959160286401
965.jpeg,0.05530958,11810718.78404322,1268380.3634803495,0.1743463221937418,0.9388174042105676,0.6709847820457071
554.jpeg,0.05522954,11800270.540882291,1149544.6871127714,0.1333088958635926,0.6363110169768333,0.30281149549409747
986.jpeg,0.054829746,11809987.39272477,1267040.466477203,0.1502508809790015,0.970749981701374,0.6857378795975819
180.jpeg,0.05467489,11800732.310152443,2428869.184301601,0.5006328374147415,0.9688186049461364,0.8044343266103949
492.jpeg,0.05456972,11730854.501713598,1160870.7203580863,0.0440486376173794,0.6061284765601158,0.2769937003548774
24.jpeg,0.054503486,11778567.586361758,1126534.3480240027,0.0255758794955909,0.9659608900547028,0.6642851351643912
486.jpeg,0.05447102,11737934.306401651,1161524.0120727853,0.102346645668149,0.7943181619048119,0.4571755554061383
16.jpeg,0.054365452,11742327.567002935,1155175.8403393177,0.1009798776358366,0.9098705276846886,0.5361592269036919
722.jpeg,0.05435925,11837584.815871254,1112183.6291528298,0.0817289547994732,0.9533460065722466,0.5834173345938325
345.jpeg,0.05408657,11793855.72556347,2341688.0531432545,0.1178852086886763,0.9792448580265044,0.6048054677667096
83.jpeg,0.05405719,11813392.61496848,1164640.238855739,0.0632268157787621,0.9540911242365836,0.3920318474411033
81.jpeg,0.05396638,11810469.454633744,1163395.4175621178,0.2763536870479584,0.9507050737738608,0.6823771975468844
742.jpeg,0.053880353,11834896.86279941,1108233.8879645471,0.0527708674781024,0.9512187838554382,0.518100674438756
719.jpeg,0.053789448,11842057.769577842,1145788.6269520076,0.0393568729050457,0.9033128023147584,0.43668835636021364
992.jpeg,0.053764276,11811680.83391668,1265818.6640432673,0.0618897383101284,0.8354906290769577,0.4497664035880007
559.jpeg,0.053742073,11797997.111684848,1144194.198394478,0.1585315084084868,0.8145831748843193,0.4451222989009693
117.jpeg,0.053723328,11791965.30849504,2292410.817942572,0.0504999994300305,0.9606636986136436,0.3770551957589175
690.jpeg,0.053550877,11837073.267085023,1146146.5928244612,0.0653254650533199,0.5619123615324497,0.22949571855133397
166.jpeg,0.05354863,11793715.661445672,2420092.7953451434,0.0441915532574057,0.7957995310425758,0.18021593528932758
34.jpeg,0.05340452,11790742.606884755,1137107.254171585,0.2684029024094343,0.9738878011703492,0.7026798099977896
746.jpeg,0.05336092,11836926.343300365,1110591.291543776,0.0437209019437432,0.4509235676378011,0.16195853328099472
752.jpeg,0.053351194,11838098.756287796,1106887.4855965024,0.1078470922075212,0.9462175145745276,0.6832049453320602
638.jpeg,0.053045236,11790952.935893469,2334973.7998098424,0.0478024827316403,0.9552949741482736,0.47338036820292473
681.jpeg,0.052992295,11799503.410981037,1153865.005811015,0.1253604050725698,0.964704118669033,0.4910074518993497
963.jpeg,0.052924983,11808990.26513051,1269688.192174529,0.143520631827414,0.7670569717884064,0.55945967475418
677.jpeg,0.05279175,11797865.920402514,1147069.221978362,0.2480843421071767,0.9320648536086082,0.5470790769904852
551.jpeg,0.052641325,11799514.173771078,1153860.150679496,0.1253604050725698,0.964704118669033,0.5195676403818652
167.jpeg,0.052633245,11796911.290450234,2418975.1202990087,0.0513473460450768,0.9776391014456748,0.4683359707040446
20.jpeg,0.05261982,11760631.23977125,1172395.2920503423,0.0673736552707851,0.969802737236023,0.43861147144343704
575.jpeg,0.052598204,11836874.335308086,1112928.2718921057,0.0752463294193148,0.9275159314274788,0.5603597370209172
727.jpeg,0.052595664,11838275.275308104,1112375.0319330415,0.0751521252095699,0.7742001339793205,0.30990872776601464
506.jpeg,0.052565806,11754790.16334331,1172944.345171272,0.1581562887877226,0.859375111758709,0.41529970499686897
815.jpeg,0.052490763,11836947.775414577,1158838.079023591,0.1732970038428902,0.96430204808712,0.7952010069275275
379.jpeg,0.052215658,11789654.276072169,2322760.4609922306,0.046314017381519,0.0742155867628753,0.0582130560651421
95.jpeg,0.051852502,11812116.151830582,1266434.990986968,0.067505685146898,0.9414376616477966,0.6577503081810262
617.jpeg,0.051791042,11811996.553336132,1271366.1605315786,0.1069083558395505,0.9527564272284508,0.5882742856629193
560.jpeg,0.05134579,11797378.050751705,1144481.0302695234,0.118049425072968,0.8949123322963715,0.44785988837894464
740.jpeg,0.051235966,11838510.160054475,1114197.665800443,0.1065646857023239,0.9623107463121414,0.8260873965919018
839.jpeg,0.051001366,11843338.549220888,1161577.121776926,0.120591877028346,0.9198593199253082,0.36285745177883655
558.jpeg,0.05100101,11798222.09121499,1143588.0211352892,0.1264447579160332,0.9391129910945892,0.5536242729673783
634.jpeg,0.05092266,11790683.83666042,2337536.4196611,0.0666227480396628,0.9614954218268394,0.3876118285115808
929.jpeg,0.050908577,11739864.82879288,1158264.2332601442,0.0628075902350246,0.9582547098398208,0.45315077657707864
200.jpeg,0.05081376,11822776.680952182,2426717.0637120977,0.0425434792414307,0.9729781821370124,0.4670466030947864
155.jpeg,0.050651856,11792942.890396023,2427601.821113604,0.0487441672012209,0.4549100883305073,0.23662548729528984
755.jpeg,0.05064359,11839177.128961124,1115569.285956543,0.242844901047647,0.9270993024110794,0.559215389774181
738.jpeg,0.05041439,11838082.190097682,1106876.949836231,0.1078470922075212,0.9462175145745276,0.6895316290255222
844.jpeg,0.05034129,11871443.268219974,1167524.1771732229,0.4655708707869053,0.9593859687447548,0.7442550499524389
768.jpeg,0.050269905,11815349.040250557,1164608.530022015,0.0634532151743769,0.9651984721422197,0.4685273626819253
51.jpeg,0.05023472,11839159.188221538,1115577.4697964042,0.0661555691622197,0.9270993024110794,0.520064108306542
56.jpeg,0.050164275,11874564.993189989,1164717.0126284317,0.7370637506246567,0.9616700261831284,0.8706764308735728
579.jpeg,0.050141484,11839842.096583487,1149453.663422929,0.0941879218444228,0.9640118181705476,0.48573417533189056
855.jpeg,0.050133374,11877598.457030842,1161922.070424348,0.2881278488785028,0.8444319367408752,0.5923785017803311
967.jpeg,0.050065637,11811238.646064218,1267426.6294248344,0.0884501170367002,0.9569369181990623,0.4171796477166936
981.jpeg,0.04995769,11813201.085704986,1267978.1289748014,0.3534325044602155,0.9334164559841156,0.6571545547340065
232.jpeg,0.049899355,11810289.695917193,2382602.546894085,0.0433334489353001,0.886776439845562,0.3037902594410947
951.jpeg,0.04988842,11762642.38579224,1168110.132448464,0.0602924986742436,0.9634983912110328,0.5538448849110864
923.jpeg,0.04960923,11736154.575064084,1163739.777962349,0.2035862309858203,0.8763010874390602,0.582399820775858
474.jpeg,0.04958791,11704853.21826998,1197894.984244562,0.0489449365995824,0.8650891706347466,0.351821863790974
557.jpeg,0.049545914,11799589.325498125,1143534.6562088523,0.2355338241904974,0.8125997930765152,0.6068994377274066
983.jpeg,0.049345408,11816308.873330628,1272099.585255435,0.1459407992660999,0.8832436501979828,0.4818949541077018
863.jpeg,0.04922052,11797597.333639944,2302396.8854561867,0.0431409873999655,0.425068493001163,0.13722719281213355
721.jpeg,0.049212657,11838509.117036592,1114195.1747770102,0.1065646857023239,0.9623107463121414,0.8260873965919018
349.jpeg,0.049067717,11787390.298832158,2337570.097354505,0.0433852735441178,0.9679424688220024,0.31576179300567936
754.jpeg,0.04904274,11839175.261163654,1115567.2141639509,0.242844901047647,0.9270993024110794,0.570498390433689
868.jpeg,0.048961166,11797699.636222316,2303644.189056436,0.0370312165468931,0.9291229397058488,0.26886846836922423
217.jpeg,0.048909348,11815459.41841555,2382331.8244382795,0.0701973619870841,0.9631729573011398,0.43335138162365183
319.jpeg,0.048861794,11792520.000002624,2349703.5252856663,0.0333019690588116,0.9685469791293144,0.4287898723435189
309.jpeg,0.048562538,11802229.196179269,2349253.744929525,0.0334252244792878,0.9650830999016762,0.22107318908508336
948.jpeg,0.048255637,11759710.650547478,1170745.648802289,0.0526802213862538,0.952830731868744,0.493188364605885
529.jpeg,0.04811139,11773828.04996973,1152909.3815824063,0.062775635626167,0.7729666978120804,0.3213535823031432
203.jpeg,0.048082273,11824556.794952434,2423582.2094487464,0.094127713702619,0.6957970149815083,0.41538547882810234
606.jpeg,0.047854945,11811046.316259768,1267161.7038054334,0.1463982760906219,0.9569369181990623,0.4963569585233927
39.jpeg,0.047470316,11793203.850670628,1140975.6919894894,0.0619518654420971,0.9608312696218492,0.23654443002305922
734.jpeg,0.047432076,11838463.702597126,1114408.5009380938,0.1148212011903524,0.9628035724163057,0.6689934709575027
622.jpeg,0.04698653,11804744.215779783,2379281.117161084,0.0378665877506136,0.958786241710186,0.44248841860098764
728.jpeg,0.046953317,11836864.71684405,1110937.108901926,0.0437209019437432,0.95038540661335,0.34436998987803236
713.jpeg,0.046917852,11842671.857840752,1148522.6798572238,0.1051823319867253,0.9492893293499948,0.4031363929777096
994.jpeg,0.04669196,11795716.323722295,2433584.5956592364,0.0650137378834188,0.9059106707572936,0.31867966667050496
615.jpeg,0.04668792,11812669.34163459,1268359.064815624,0.0346104821655899,0.9699060097336768,0.3193273772776592
605.jpeg,0.046627693,11810863.661993608,1266790.4008281685,0.0397205306217074,0.8872119635343552,0.4707938021876746
483.jpeg,0.046422474,11736230.478435297,1162569.263374928,0.318532982841134,0.944417916238308,0.7640241448664002
99.jpeg,0.04623673,11838207.125444602,2326470.621015896,0.0398094994015991,0.9459353610873222,0.4284455835420106
442.jpeg,0.04623438,11838205.055294994,2326469.811168518,0.0398094994015991,0.9459353610873222,0.4284455835420106
919.jpeg,0.046210352,11734816.17551748,1162473.8204663126,0.1799511695280671,0.9632403552532196,0.6523757876129821
503.jpeg,0.045788378,11751869.349193728,1175297.0442304837,0.0748205468989908,0.9674395471811296,0.4175782853530513
451.jpeg,0.045689534,11839189.790148055,2327824.926050832,0.0504144495353102,0.9714426398277284,0.5945064565748908
944.jpeg,0.04561973,11758703.10361972,1169320.3081136057,0.0620849044062197,0.9623813629150392,0.41271877801045775
750.jpeg,0.045607217,11836956.050478576,1110570.6612842572,0.0437209019437432,0.4509235676378011,0.2029497523908503
712.jpeg,0.04549247,11843063.118435375,1145698.2012506188,0.0691715218126773,0.7729075103998184,0.24724272463936356
142.jpeg,0.045289963,11791132.201288337,2436003.4701090483,0.0266566083300858,0.9668936729431152,0.4578783509787172
534.jpeg,0.045232177,11781289.805502934,1127100.9022019987,0.0262305056676268,0.9609502106904984,0.3874828066133584
299.jpeg,0.045154184,11808709.445184637,2346865.07855576,0.0593016860075295,0.9602906182408332,0.41048868911873015
952.jpeg,0.045050353,11761395.381071322,1169240.314036077,0.2597180902957916,0.9712908193469048,0.708901308890846
603.jpeg,0.044983175,11877971.407510951,1162015.7495586772,0.3582993820309639,0.3582993820309639,0.3582993820309639
835.jpeg,0.044976987,11842613.228445146,1160571.034190269,0.0917599899694323,0.94667337089777,0.5032721744436357
765.jpeg,0.044933688,11813289.189454583,1163757.75903607,0.136751833371818,0.9592099487781524,0.4767646595137194
602.jpeg,0.044893596,11875814.37194218,1161366.290018323,0.3212133627384901,0.9675872772932052,0.7842196729034185
769.jpeg,0.04482241,11817070.566009823,1165816.6329857036,0.4675150774419307,0.9674514979124068,0.8473397213965654
45.jpeg,0.044817008,11796662.790102627,1147348.503397107,0.083384184166789,0.9473977535963058,0.44474193721544
484.jpeg,0.044811945,11735871.990981076,1162594.043337639,0.3206302318722009,0.9296261370182036,0.6460184403695166
37.jpeg,0.044704366,11792464.886055091,1138947.7661210983,0.1129771713167429,0.5367462821304798,0.2861362123595817
415.jpeg,0.044656407,11795648.983961033,2307768.077759506,0.0654568658210337,0.9704312086105348,0.4432988297859473
613.jpeg,0.044638045,11818302.70949996,1273073.2844477424,0.0492548085749149,0.794474508613348,0.4359286236576736
168.jpeg,0.04463691,11796597.293726828,2420535.629043043,0.1740147667005658,0.96218553930521,0.5174296410599102
696.jpeg,0.044607293,11843064.437540444,1145698.4296613978,0.0691715218126773,0.7729075103998184,0.24724272463936356
910.jpeg,0.044470627,11774728.753126374,1151667.9206326846,0.3080004397779703,0.9680099785327912,0.6364500876516104
576.jpeg,0.04445105,11837742.09604222,1112111.9715618738,0.0578304892405867,0.9533460065722466,0.5420837799708048
935.jpeg,0.044228207,11737888.147533022,1162104.6857275383,0.0488315732218325,0.1774215530604124,0.08880582818528633
654.jpeg,0.04403369,11793245.547590995,1148321.0321938118,0.0459984187036752,0.9544398933649064,0.30078955207552227
417.jpeg,0.043999556,11794822.544874389,2301681.324034058,0.0619357633404433,0.7411298044025898,0.2693847358750645
833.jpeg,0.043942284,11838734.178215584,1159300.291205988,0.0749561144039034,0.9660088568925858,0.5313095293111272
666.jpeg,0.043864053,11796580.069030114,1146824.8848965573,0.0798333170823752,0.5730388425290585,0.3462112352135591
596.jpeg,0.043581218,11813495.166254276,1166005.124938686,0.3053028713911772,0.9665136337280272,0.6602411079737875
58.jpeg,0.043455973,11875520.255062897,1158881.2199798073,0.1133633628487587,0.9641547203063964,0.5153207353626689
157.jpeg,0.04329008,11792167.014696227,2429860.066083549,0.0573046496137976,0.9589755684137344,0.6823548838230116
781.jpeg,0.0432562,11813702.60467402,1161100.0175900736,0.3754142336547375,0.9618573486804962,0.7624478796496987
840.jpeg,0.04324822,11845379.98395735,1158462.7755889955,0.0848089503124356,0.7617216119542718,0.29357165056798196
176.jpeg,0.043052297,11797628.01703236,2426748.881049571,0.0567658832296729,0.9619751274585724,0.4719846271327697
93.jpeg,0.043000054,11811945.562663233,1168820.750633326,0.1648050416260957,0.9436806887388228,0.4990591767709702
257.jpeg,0.042867973,11807021.107369136,2375220.7700121165,0.0423295544460415,0.9695933610200882,0.49075066309887916
113.jpeg,0.042690806,11791643.352135709,2336176.7937177084,0.0390779003500938,0.9650284051895142,0.5212790329242125
556.jpeg,0.042240452,11799769.060166828,1144231.4347248925,0.3134683240205049,0.8743012920022011,0.6319870466573371
256.jpeg,0.042017404,11807129.090940973,2375227.564884836,0.03770058369264,0.9695933610200882,0.582066364120692
637.jpeg,0.04200157,11791150.465980085,2337250.71383236,0.0479604727588593,0.930861547589302,0.28407914034323767
156.jpeg,0.04197765,11792509.237126706,2427471.937606449,0.040805828757584,0.9475106075406076,0.2688671160140075
644.jpeg,0.041825105,11790754.190578217,2336973.533646029,0.055632094386965,0.9468281492590904,0.43410362856229767
708.jpeg,0.04159105,11841984.195682667,1145796.852163608,0.0393568729050457,0.9033128023147584,0.3724355378653854
578.jpeg,0.041541807,11835903.782490846,1109950.005439405,0.0825834106653928,0.9222456961870192,0.5635619513923302
450.jpeg,0.04146618,11839219.602902314,2327735.8767149257,0.0507651423104107,0.9714426398277284,0.7055422237026505
233.jpeg,0.0414342,11810041.85389468,2382999.443543233,0.0468575716949999,0.9648191183805466,0.24993061949498946
846.jpeg,0.04135166,11873188.428347403,1159622.198601799,0.0972665790468454,0.9390617311000824,0.6288066148990765
741.jpeg,0.041253973,11834665.874145469,1117291.9395422058,0.1245426693931222,0.7802364975214005,0.34580147239778725
504.jpeg,0.041200094,11754255.359577289,1175191.1149204797,0.0560310897417366,0.66814786195755,0.3079988938989118
162.jpeg,0.04114226,11791804.46191366,2426379.162190348,0.0489004431292414,0.9328645691275596,0.2168080059345811
473.jpeg,0.040791333,11703794.946713028,1198520.64921824,0.0427350108511745,0.7710747718811035,0.20671170277314052
581.jpeg,0.04074354,11840973.740688372,1159511.8063404695,0.0598600888624787,0.8824319243431091,0.28587263605246943
32.jpeg,0.04065996,11783946.726055998,1120179.8083660682,0.1701314635574817,0.959552563726902,0.6191490749931998
60.jpeg,0.039769683,11842844.334501611,1160090.5360039528,0.0687791514210403,0.5211686231195927,0.28326726757222787
437.jpeg,0.03969217,11836082.520351691,2325326.8861504816,0.0370594523847103,0.4448607694357633,0.14231265592388806
9.jpeg,0.039590042,11737625.11425734,1161797.463435951,0.0222853082232177,0.924520842730999,0.2657319658319466
604.jpeg,0.03957398,11871379.32771264,1163216.020076529,0.1662154588848352,0.9697095975279808,0.6691210719291121
164.jpeg,0.039464764,11793471.020555137,2421449.413134573,0.0410684831440448,0.9635081589221954,0.26897957807938966
305.jpeg,0.039160643,11808581.514184823,2350367.321546092,0.0539597538299858,0.9577954933047296,0.32519300980493426
707.jpeg,0.038951483,11838884.510124492,1145863.6518817637,0.1544526042416691,0.9166105538606644,0.4617408219492063
601.jpeg,0.03878244,11875791.002181765,1167429.0938386212,0.7908746376633644,0.8989184945821762,0.8426502486690879
966.jpeg,0.038640402,11810937.526845176,1273436.49615817,0.1369286067783832,0.9416634291410446,0.4152132659736607
561.jpeg,0.038547594,11795675.97984721,1142215.8251690022,0.2490737922489643,0.736388798803091,0.5531121126841754
312.jpeg,0.03849704,11798486.264229476,2349548.168174241,0.0409765979275107,0.95514976978302,0.5293783821398392
629.jpeg,0.03807957,11789470.812454725,2336689.6128744786,0.0838158261030912,0.9580804333090782,0.5063701713723796
28.jpeg,0.038000647,11779374.989484968,1127107.1440961717,0.0426117025781422,0.9679556339979172,0.5128355694760103
569.jpeg,0.037891623,11797418.489369592,1137257.690551982,0.3759814091026783,0.9573161378502846,0.7161846035160124
532.jpeg,0.03786743,11783101.050103135,1128653.7701173036,0.4414201974868774,0.884340725839138,0.6392280616694026
526.jpeg,0.03780432,11772602.05812362,1152960.395284512,0.1001570904627442,0.9566562622785568,0.4323451498057693
31.jpeg,0.037668068,11781642.45370482,1121294.0492979777,0.0734843825921416,0.9693151861429214,0.5257497455717789
25.jpeg,0.037624534,11777407.473877707,1126563.5119659407,0.0268714353442192,0.9669889137148856,0.2472459248577555
193.jpeg,0.03739871,11815671.4284294,2424527.3655377068,0.1962717045098543,0.9213257804512978,0.5104380086064338
607.jpeg,0.037349787,11808694.201818427,1268767.686149375,0.44516721367836,0.946483552455902,0.6979014161042869
718.jpeg,0.037043165,11841231.807964342,1142788.3574426458,0.0980875073000788,0.9669883772730828,0.5122512094676495
546.jpeg,0.037038088,11794600.839294525,1150444.605609872,0.3060839865356684,0.9017106965184212,0.5781639954075217
332.jpeg,0.036952246,11792464.975052431,2344963.7180079734,0.1379431998357176,0.969106636941433,0.5269467851147056
494.jpeg,0.036035992,11755804.748692123,1167895.402680119,0.2226549591869115,0.9640645608305932,0.44798337016254663
869.jpeg,0.035612807,11796199.128099304,2303036.8305265373,0.0575362266972661,0.2036839975044131,0.117026545706072
159.jpeg,0.03558158,11787890.41654794,2431599.6869774647,0.0490142735652625,0.9670935720205308,0.6960369956213981
131.jpeg,0.035409458,11800808.689656071,2438367.362182269,0.0597486970946192,0.954644463956356,0.48890395695343614
455.jpeg,0.03490791,11837650.440896489,2331759.416067875,0.0364963426254689,0.9660289585590364,0.5216883518067854
205.jpeg,0.034730002,11823480.340490984,2422921.7649766454,0.0470925043337047,0.9666352048516272,0.45421027537668124
304.jpeg,0.03443455,11810360.077357836,2348644.445655873,0.0560726886615157,0.9739848226308824,0.36520731687778607
331.jpeg,0.034343183,11792461.614978489,2344962.9872306995,0.1379431998357176,0.969106636941433,0.5269467851147056
694.jpeg,0.034281805,11841765.301114151,1145764.911484145,0.0393568729050457,0.8950766697525978,0.20074462017510084
611.jpeg,0.034251694,11812547.219516424,1280999.7038404015,0.0742872809059917,0.960159994661808,0.439872314222157
463.jpeg,0.03405088,11699515.859584184,1196983.3346115125,0.0341763433534652,0.9659840166568756,0.37983500960399397
493.jpeg,0.033727653,11739377.368517052,1156238.3115404989,0.0540982359088957,0.9524147287011148,0.3125310417381115
15.jpeg,0.03284881,11739651.320290094,1158204.4824443236,0.2222427725791931,0.9582547098398208,0.5512263208834661
214.jpeg,0.03260565,11809987.808160266,2385629.053749946,0.0363477761857211,0.9617215320467948,0.21088010491803286
204.jpeg,0.032503664,11823487.400534214,2422914.5537895625,0.0470925043337047,0.9666352048516272,0.45421027537668124
430.jpeg,0.030819457,11834957.61682053,2324667.8263809485,0.0442535304464399,0.970161721110344,0.5523839755915105
132.jpeg,0.030331725,11800844.009394731,2438355.5964841708,0.0597486970946192,0.954644463956356,0.5215041816118173
1002.jpeg,0.029854994,11822279.642412243,2424283.707970152,0.0500068194232881,0.9533007815480232,0.27160593133885413
472.jpeg,0.027857728,11702723.849269545,1197426.3451005635,0.025567561853677,0.9684554040431976,0.6063969348615501
163.jpeg,0.02745232,11791907.68215116,2423633.0420264504,0.058386162854731,0.9599545449018478,0.24407223233720282
158.jpeg,0.025987212,11791187.163514692,2430870.9021996283,0.0628303559496998,0.966651551425457,0.4810616490098515
79.jpeg,0.025584443,11815268.600774229,1162016.2713785386,0.3652834538370371,0.9101564958691596,0.696723896311596
893.jpeg,0.024497682,11790022.91055426,2291589.2788288314,0.0944751054048538,0.9656517654657364,0.581974234431982
842.jpeg,0.023700612,11869307.849999014,1166112.4978891483,0.7280281707644463,0.965642012655735,0.8845213335007429
511.jpeg,0.02304554,11757909.240214052,1171276.238691947,0.0599206802435219,0.9667955935001372,0.491815614659572
