image,pred,lon,lat,min_probs,max_probs,mean_probs
978.jpeg,0.98165005,11813511.32974132,1270237.3009131537,0.8691941276192665,0.9655062034726144,0.9173501655459404
122.jpeg,0.9807227,11800393.680832757,2301169.5093886307,0.9620133191347122,0.9620133191347122,0.9620133191347122
373.jpeg,0.9761263,11792632.434532398,2322513.015459868,0.963088110089302,0.963088110089302,0.963088110089302
322.jpeg,0.97573996,11790296.62486418,2350059.1612061705,0.9621551185846328,0.9621551185846328,0.9621551185846328
687.jpeg,0.9749448,11778341.215496125,1126286.6294048545,0.7225943207740784,0.7225943207740784,0.7225943207740784
226.jpeg,0.9735197,11812064.185145328,2382205.06104136,0.9679928421974182,0.9679928421974182,0.9679928421974182
872.jpeg,0.973034,11794080.86221968,2304784.661425381,0.7131882794201374,0.9650811403989792,0.8391347099095583
878.jpeg,0.97301143,11799256.61840824,2298813.268039896,0.962597094476223,0.962597094476223,0.962597094476223
306.jpeg,0.9725371,11801536.17841019,2354517.589465253,0.9592082723975182,0.9592082723975182,0.9592082723975182
564.jpeg,0.97226983,11792618.06172475,1143993.9035878708,0.7980841025710106,0.9621649235486984,0.8801245130598545
269.jpeg,0.9722402,11803118.132247638,2356344.1138916137,0.6223624758422375,0.9585959613323212,0.7904792185872793
841.jpeg,0.97218174,11869724.22561244,1167927.288265108,0.9659401252865792,0.9659401252865792,0.9659401252865792
238.jpeg,0.97197515,11804910.586791158,2382956.773747098,0.9680538550019264,0.9680538550019264,0.9680538550019264
423.jpeg,0.9717562,11796648.49833907,2296795.5707993694,0.9620695635676384,0.9620695635676384,0.9620695635676384
445.jpeg,0.9717148,11836142.885210805,2323012.362613537,0.9705157801508904,0.9705157801508904,0.9705157801508904
110.jpeg,0.9716483,11788822.61622789,2336805.988103454,0.9638231694698334,0.9638231694698334,0.9638231694698334
82.jpeg,0.97131324,11813564.09633606,1165619.715980143,0.8826620727777481,0.9593594297766684,0.9210107512772083
368.jpeg,0.9712903,11796439.950141463,2327299.055664581,0.9664367511868476,0.9664367511868476,0.9664367511868476
239.jpeg,0.97101235,11804896.019800398,2382957.620933094,0.9680538550019264,0.9680538550019264,0.9680538550019264
80.jpeg,0.9709524,11814038.758826012,1161832.6314797946,0.956132896244526,0.956132896244526,0.956132896244526
466.jpeg,0.9709435,11701350.74113416,1199779.5512820035,0.9699749872088432,0.9699749872088432,0.9699749872088432
118.jpeg,0.9708858,11792291.292100323,2289476.888544067,0.9617342203855516,0.9617342203855516,0.9617342203855516
751.jpeg,0.97079897,11838143.10602467,1108056.6529708127,0.9603274017572404,0.9603274017572404,0.9603274017572404
800.jpeg,0.97033036,11833812.962152015,1161154.1968394967,0.9452638849616052,0.9452638849616052,0.9452638849616052
220.jpeg,0.9702296,11814030.968457526,2380504.825634585,0.9677493125200272,0.9677493125200272,0.9677493125200272
525.jpeg,0.97016114,11771292.609123016,1153178.0490602124,0.969960168004036,0.969960168004036,0.969960168004036
478.jpeg,0.97009385,11694344.990291148,1193505.1140008476,0.969172053039074,0.969172053039074,0.969172053039074
446.jpeg,0.9700485,11836175.055093732,2322937.556489507,0.9477997720241548,0.9705157801508904,0.9591577760875225
804.jpeg,0.9700458,11836166.430762373,1160150.4032079896,0.962761491537094,0.962761491537094,0.962761491537094
259.jpeg,0.9698323,11806611.336772382,2376865.140112905,0.9531951621174812,0.959571935236454,0.9563835486769676
432.jpeg,0.9697786,11836074.650446463,2324497.693625991,0.966655969619751,0.966655969619751,0.966655969619751
96.jpeg,0.9689441,11814195.27499896,1268298.5357633992,0.9601779282093048,0.9601779282093048,0.9601779282093048
228.jpeg,0.96859175,11809306.013601098,2383175.664235263,0.96333946287632,0.96333946287632,0.96333946287632
857.jpeg,0.9684843,11873820.27384781,1158487.7754624228,0.7012169398367405,0.9714194759726524,0.8363182079046965
854.jpeg,0.96801364,11876921.432508595,1159631.5365201414,0.9690180942416192,0.9690180942416192,0.9690180942416192
911.jpeg,0.9678159,11773933.787171546,1150931.2034671202,0.8963120356202126,0.8963120356202126,0.8963120356202126
883.jpeg,0.9677173,11796819.525800226,2299541.319208895,0.9609240740537645,0.9609240740537645,0.9609240740537645
97.jpeg,0.9677049,11812807.619129203,1270935.089921734,0.9405142739415168,0.9405142739415168,0.9405142739415168
776.jpeg,0.96764594,11820904.46903043,1168703.9197102897,0.9658182337880136,0.9658182337880136,0.9658182337880136
544.jpeg,0.96761996,11794093.315900616,1145246.778725296,0.9635218158364296,0.9635218158364296,0.9635218158364296
850.jpeg,0.96742153,11875121.509546977,1160071.9606400805,0.9520894959568976,0.9659588932991028,0.9590241946280003
244.jpeg,0.9673369,11803919.775894608,2378376.555311827,0.960864432156086,0.960864432156086,0.960864432156086
767.jpeg,0.96732426,11813888.96764953,1164878.8344618783,0.9598973393440248,0.9598973393440248,0.9598973393440248
229.jpeg,0.9672291,11809544.062624808,2382487.000395591,0.0,0.0,0.0
13.jpeg,0.9671494,11739672.086755058,1158744.4181063178,0.8738224357366562,0.8738224357366562,0.8738224357366562
362.jpeg,0.96703166,11797799.998905774,2333612.1778733386,0.9609529674053192,0.9609529674053192,0.9609529674053192
280.jpeg,0.9669867,11806611.558612242,2352581.5860459344,0.9627006724476814,0.9627006724476814,0.9627006724476814
675.jpeg,0.96674913,11797732.971612504,1146138.863438466,0.9577026441693306,0.9577026441693306,0.9577026441693306
881.jpeg,0.9666245,11798995.9137034,2301399.7333768443,0.9625647366046906,0.9625647366046906,0.9625647366046906
270.jpeg,0.9665959,11803707.812415486,2354960.5843371693,0.9607096239924432,0.9607096239924432,0.9607096239924432
589.jpeg,0.9663975,11837375.82809124,1163406.791519413,0.9629696235060692,0.9629696235060692,0.9629696235060692
788.jpeg,0.9661618,11836475.593708776,1156502.8479825535,0.9633600488305092,0.9633600488305092,0.9633600488305092
420.jpeg,0.9660379,11798826.065574847,2300161.4746302366,0.9638056606054306,0.9638056606054306,0.9638056606054306
837.jpeg,0.965975,11839043.965990962,1160127.7856158111,0.9610356464982032,0.9610356464982032,0.9610356464982032
562.jpeg,0.96596456,11793491.17699146,1144416.0807422164,0.9693050757050514,0.9693050757050514,0.9693050757050514
510.jpeg,0.9659327,11758434.49469149,1171212.2056786877,0.9628277719020844,0.9628277719020844,0.9628277719020844
4.jpeg,0.9658549,11696874.796290869,1196438.563920652,0.9423914700746536,0.9423914700746536,0.9423914700746536
573.jpeg,0.9657909,11835509.120218666,1113656.1412147884,0.9553456380963326,0.9553456380963326,0.9553456380963326
380.jpeg,0.96577203,11789244.80842974,2322253.6150411163,0.961502842605114,0.961502842605114,0.961502842605114
920.jpeg,0.9657362,11734991.184206776,1163227.6999844704,0.9593590795993804,0.9593590795993804,0.9593590795993804
685.jpeg,0.96573514,11801654.581036674,1150791.9270680237,0.5670338738709688,0.9456602185964584,0.7563470462337136
468.jpeg,0.9656794,11701508.046591766,1199466.891047335,0.8912614285945892,0.964167632162571,0.9277145303785801
282.jpeg,0.9656624,11806200.582493115,2352596.47783368,0.9630836769938468,0.9630836769938468,0.9630836769938468
674.jpeg,0.96541804,11797717.141979704,1146161.6008979094,0.9577026441693306,0.9577026441693306,0.9577026441693306
320.jpeg,0.9653197,11791311.295900537,2349261.016467601,0.963573545217514,0.963573545217514,0.963573545217514
202.jpeg,0.96521705,11823818.85624222,2425367.8477091845,0.9664059579372406,0.9664059579372406,0.9664059579372406
340.jpeg,0.9651788,11797499.864858704,2342862.3527054708,0.7784390114247799,0.9756445661187172,0.8770417887717485
505.jpeg,0.96516335,11755455.818566468,1174018.7117284634,0.9638263583183287,0.9638263583183287,0.9638263583183287
292.jpeg,0.9650889,11806078.828499082,2350150.2176369363,0.954993173480034,0.954993173480034,0.954993173480034
475.jpeg,0.96471334,11704809.988327015,1195884.3613485538,0.5871573910117149,0.7418884485960007,0.6645229198038578
555.jpeg,0.96465886,11801052.45414314,1147535.9198247846,0.644723579287529,0.9528239071369172,0.798773743212223
114.jpeg,0.9646286,11794032.72433261,2304977.486922276,0.9650811403989792,0.9650811403989792,0.9650811403989792
657.jpeg,0.9646165,11794376.941216275,1143028.232235739,0.9618905857205392,0.9618905857205392,0.9618905857205392
915.jpeg,0.96442074,11773638.970258836,1152539.2573876723,0.966389611363411,0.966389611363411,0.966389611363411
357.jpeg,0.9642807,11798422.565919513,2336354.167537955,0.9573787748813628,0.9668565019965172,0.96211763843894
845.jpeg,0.9641895,11872625.836900204,1159979.654204565,0.9741231054067612,0.9741231054067612,0.9741231054067612
977.jpeg,0.9641247,11812948.377253948,1267084.4469044742,0.6413377150893211,0.6413377150893211,0.6413377150893211
635.jpeg,0.9640456,11790861.33558784,2336685.773076389,0.9481295645236968,0.9481295645236968,0.9481295645236968
7.jpeg,0.9637831,11700882.10006416,1200815.30157756,0.9695969820022584,0.9695969820022584,0.9695969820022584
958.jpeg,0.9637034,11699629.164797192,1203097.2938053757,0.8904121592640877,0.8904121592640877,0.8904121592640877
396.jpeg,0.9636001,11789940.93670129,2333190.2562503107,0.9530580118298532,0.9530580118298532,0.9530580118298532
903.jpeg,0.9635461,11773633.264037294,1152534.4151164617,0.966389611363411,0.966389611363411,0.966389611363411
580.jpeg,0.96345943,11841606.36825142,1158738.6615177344,0.6275853514671326,0.6275853514671326,0.6275853514671326
86.jpeg,0.9634283,11815298.230947364,1165310.7602779388,0.9700179621577264,0.9700179621577264,0.9700179621577264
6.jpeg,0.9631248,11700963.035892168,1200696.7468921472,0.9695969820022584,0.9695969820022584,0.9695969820022584
291.jpeg,0.96305436,11806114.630186828,2350005.3539584544,0.954993173480034,0.954993173480034,0.954993173480034
191.jpeg,0.96301156,11818079.125519833,2424415.6950360327,0.9732219278812408,0.9732219278812408,0.9732219278812408
419.jpeg,0.9627651,11796710.510366865,2301470.2650203137,0.964854896068573,0.964854896068573,0.964854896068573
941.jpeg,0.9626952,11757971.528805029,1172136.366117595,0.6000587474554777,0.6000587474554777,0.6000587474554777
408.jpeg,0.96259797,11794681.092101444,2307410.8153657443,0.9715181142091752,0.9715181142091752,0.9715181142091752
49.jpeg,0.96259785,11798738.627347006,1145908.6216763095,0.9101390838623048,0.9583347737789154,0.93423692882061
328.jpeg,0.9624421,11790593.104374137,2347357.468983118,0.964335970580578,0.964335970580578,0.964335970580578
874.jpeg,0.9624311,11796726.759532228,2301486.681074097,0.964854896068573,0.964854896068573,0.964854896068573
341.jpeg,0.96237475,11797413.772877373,2342867.748236021,0.9756445661187172,0.9756445661187172,0.9756445661187172
310.jpeg,0.9621862,11799316.909260036,2348881.753955795,0.9725037068128586,0.9725037068128586,0.9725037068128586
725.jpeg,0.9621753,11835489.526926547,1118565.15246721,0.9549205675721169,0.9549205675721169,0.9549205675721169
724.jpeg,0.9620184,11838515.46904065,1116455.7736048603,0.8377161473035812,0.8377161473035812,0.8377161473035812
639.jpeg,0.9618801,11791188.982053485,2335142.0874907034,0.8837486803531647,0.8837486803531647,0.8837486803531647
300.jpeg,0.96187556,11808463.274764968,2348159.383007037,0.8901450708508492,0.8901450708508492,0.8901450708508492
207.jpeg,0.96184057,11821377.449464392,2424191.4719171063,0.0,0.0,0.0
8.jpeg,0.96169335,11705008.533707503,1197721.1866906,0.8650891706347466,0.8650891706347466,0.8650891706347466
705.jpeg,0.96138,11841391.510361595,1147751.8951873502,0.9605112075805664,0.9605112075805664,0.9605112075805664
773.jpeg,0.9612058,11817340.578763504,1165847.3693298255,0.9574506506323814,0.9574506506323814,0.9574506506323814
517.jpeg,0.960972,11759000.83408005,1167173.5728699474,0.958702713251114,0.958702713251114,0.958702713251114
219.jpeg,0.9609133,11814097.357827242,2380542.499547725,0.9677493125200272,0.9677493125200272,0.9677493125200272
897.jpeg,0.96086764,11791298.999900224,2290375.948458544,0.9722113907337188,0.9722113907337188,0.9722113907337188
64.jpeg,0.9608212,11839501.613520743,1160390.8471127737,0.957626648247242,0.957626648247242,0.957626648247242
271.jpeg,0.96079654,11806450.210138736,2356328.334385381,0.9695889502763748,0.9695889502763748,0.9695889502763748
50.jpeg,0.960725,11835486.004787514,1118568.303342715,0.9549205675721169,0.9549205675721169,0.9549205675721169
547.jpeg,0.96070886,11797667.277061224,1151166.8038889137,0.961936555802822,0.961936555802822,0.961936555802822
500.jpeg,0.96056914,11753367.826868942,1173556.270004294,0.9627192318439484,0.9627192318439484,0.9627192318439484
296.jpeg,0.96054727,11806506.924819527,2348800.6781716,0.7113851569592953,0.9630729481577872,0.8372290525585413
997.jpeg,0.9605118,11796724.978498287,2438520.4565943,0.9676659852266312,0.9676659852266312,0.9676659852266312
301.jpeg,0.96048707,11808618.376726229,2348266.7622102564,0.9695750027894974,0.9695750027894974,0.9695750027894974
206.jpeg,0.9604762,11821310.84703607,2424174.4616176663,0.0,0.0,0.0
901.jpeg,0.9604421,11771482.275236338,1154039.1657925174,0.9588636308908464,0.9588636308908464,0.9588636308908464
692.jpeg,0.9603181,11841248.193213755,1144865.6260791314,0.9591279551386832,0.9591279551386832,0.9591279551386832
684.jpeg,0.9601444,11801417.20860134,1140746.3202638028,0.9635197296738623,0.9635197296738623,0.9635197296738623
413.jpeg,0.96012825,11792407.557784664,2307626.195805188,0.955615110695362,0.955615110695362,0.955615110695362
215.jpeg,0.96007794,11813324.469730036,2384480.860799475,0.9684928506612778,0.9684928506612778,0.9684928506612778
125.jpeg,0.9600756,11798504.01659474,2433516.755902936,0.9420366138219832,0.9591552168130876,0.9505959153175354
853.jpeg,0.9600665,11875313.125212535,1160261.0473984145,0.9659588932991028,0.9659588932991028,0.9659588932991028
3.jpeg,0.9598263,11697887.676503051,1195333.2098595817,0.9598726108670236,0.9598726108670236,0.9598726108670236
428.jpeg,0.95979846,11792671.213613804,2301936.9126236085,0.9675357714295388,0.9675357714295388,0.9675357714295388
716.jpeg,0.95969546,11839819.963937834,1148194.9458812752,0.9123781248927116,0.9123781248927116,0.9123781248927116
567.jpeg,0.9594771,11801360.495342154,1137130.9271606691,0.888432577252388,0.888432577252388,0.888432577252388
101.jpeg,0.95947057,11837509.1763928,2326578.97036396,0.9658066779375076,0.9658066779375076,0.9658066779375076
710.jpeg,0.95932037,11843807.290833429,1142839.3772094776,0.956631101667881,0.956631101667881,0.956631101667881
374.jpeg,0.9592394,11792414.640271207,2321668.56255256,0.9674781858921052,0.9674781858921052,0.9674781858921052
65.jpeg,0.95913655,11833933.378486143,1161376.548852565,0.9530768096446992,0.9530768096446992,0.9530768096446992
643.jpeg,0.95896417,11792949.999194622,2335702.1874675658,0.95559274405241,0.95559274405241,0.95559274405241
891.jpeg,0.95894784,11788452.293311251,2291356.616249951,0.968934528529644,0.968934528529644,0.968934528529644
513.jpeg,0.95885366,11757065.421467235,1170060.3058717195,0.9672657400369644,0.9672657400369644,0.9672657400369644
568.jpeg,0.9585862,11800146.936115468,1139633.1361674697,0.8652175068855286,0.9620609357953072,0.9136392213404179
43.jpeg,0.95853966,11795134.195770437,1145422.325379897,0.6599044874310493,0.963468722999096,0.8116866052150726
427.jpeg,0.9583789,11792676.329060351,2301920.418170971,0.9675357714295388,0.9675357714295388,0.9675357714295388
394.jpeg,0.9583674,11791267.085373228,2329121.8068378177,0.9591588452458382,0.9591588452458382,0.9591588452458382
303.jpeg,0.9583414,11809647.823610565,2348990.074669364,0.9683747366070748,0.9683747366070748,0.9683747366070748
367.jpeg,0.9582099,11796051.022526365,2330537.1655195025,0.958714321255684,0.958714321255684,0.958714321255684
610.jpeg,0.9581615,11808846.00232681,1275331.7797595845,0.9623004645109176,0.9623004645109176,0.9623004645109176
588.jpeg,0.9581139,11837376.48461512,1163401.3179103923,0.9629696235060692,0.9629696235060692,0.9629696235060692
706.jpeg,0.95809245,11841399.29639692,1147881.3173085875,0.6533036045730114,0.9605112075805664,0.8069074060767889
612.jpeg,0.9579343,11814917.846214237,1279007.0797923263,0.9629109725356102,0.9629109725356102,0.9629109725356102
12.jpeg,0.957707,11738471.092181824,1160996.2619605132,0.960326425731182,0.960326425731182,0.960326425731182
618.jpeg,0.9576846,11795292.915343136,2349954.3527122005,0.9707002341747284,0.9707002341747284,0.9707002341747284
609.jpeg,0.9574215,11810073.453096714,1271826.9687996043,0.969526581466198,0.969526581466198,0.969526581466198
1000.jpeg,0.9569063,11821192.532177458,2425365.3526823176,0.5295849675312638,0.5295849675312638,0.5295849675312638
94.jpeg,0.95671934,11812389.986003527,1266620.961360606,0.94735399633646,0.94735399633646,0.94735399633646
736.jpeg,0.9566875,11837570.978988146,1114788.5953842823,0.9662725180387496,0.9662725180387496,0.9662725180387496
127.jpeg,0.9564029,11797143.52545064,2434905.369955688,0.0,0.0,0.0
787.jpeg,0.95623285,11834991.982556112,1156469.193535247,0.9507338628172874,0.9507338628172874,0.9507338628172874
999.jpeg,0.9562323,11821929.67260825,2425960.213197856,0.9579869955778122,0.9579869955778122,0.9579869955778122
960.jpeg,0.9561708,11702042.837699505,1193034.8179803672,0.8513330742716789,0.9698331579566002,0.9105831161141396
539.jpeg,0.9560642,11785991.699219428,1123227.180191688,0.953801453113556,0.953801453113556,0.953801453113556
648.jpeg,0.9559932,11788446.661756268,1137969.059360639,0.9582641199231148,0.9582641199231148,0.9582641199231148
400.jpeg,0.95599264,11794304.302647324,2329066.395945734,0.0,0.0,0.0
756.jpeg,0.95597196,11837818.02553661,1110724.4930669966,0.8177649304270744,0.9584356546401978,0.8881002925336361
405.jpeg,0.9556519,11794029.68231021,2308353.033758136,0.9641648530960084,0.9641648530960084,0.9641648530960084
448.jpeg,0.95537084,11836245.71197068,2327464.33756,0.9675836861133577,0.9675836861133577,0.9675836861133577
59.jpeg,0.9551807,11841028.848966118,1158973.4261646003,0.9529266059398652,0.9529266059398652,0.9529266059398652
536.jpeg,0.9549645,11786307.67405,1119088.0952881563,0.9180208519101144,0.9601071625947952,0.9390640072524548
877.jpeg,0.9549369,11798615.49506755,2302746.931022904,0.9659861549735068,0.9659861549735068,0.9659861549735068
458.jpeg,0.95474356,11841950.540905502,2328946.675185483,0.9713837876915932,0.9713837876915932,0.9713837876915932
465.jpeg,0.9547087,11701666.263048971,1199688.9413004124,0.964167632162571,0.964167632162571,0.964167632162571
954.jpeg,0.9545727,11695593.681965418,1196171.8281861255,0.8012785725295544,0.8012785725295544,0.8012785725295544
662.jpeg,0.95451653,11795449.608182617,1147325.2460252442,0.9612902253866196,0.9660332426428796,0.9636617340147495
116.jpeg,0.95436937,11797111.02670338,2303280.948654319,0.0,0.0,0.0
481.jpeg,0.9543534,11737270.191482536,1162961.745954658,0.948500208556652,0.948500208556652,0.948500208556652
523.jpeg,0.9543533,11769791.722721806,1155248.8197331598,0.9666212126612664,0.9666212126612664,0.9666212126612664
265.jpeg,0.95433265,11798083.150266197,2380122.698857658,0.9632577002048492,0.9632577002048492,0.9632577002048492
225.jpeg,0.954263,11811285.34211468,2381848.541601303,0.9679815471172332,0.9679815471172332,0.9679815471172332
814.jpeg,0.9542583,11839380.224508004,1160298.638135728,0.957626648247242,0.957626648247242,0.957626648247242
862.jpeg,0.9539948,11796767.6978632,2302753.8781401203,0.9463141709566116,0.9570024311542512,0.9516583010554314
251.jpeg,0.95397884,11803692.67529539,2377285.5475899023,0.9657515436410904,0.9657515436410904,0.9657515436410904
703.jpeg,0.9537062,11840640.689455634,1143895.1349782862,0.6327101737260818,0.9641643837094308,0.7984372787177563
766.jpeg,0.9532543,11813655.945736516,1170783.2022689355,0.9633938521146774,0.9633938521146774,0.9633938521146774
297.jpeg,0.95323306,11806533.615428494,2348603.176520698,0.9630729481577872,0.9630729481577872,0.9630729481577872
23.jpeg,0.95290637,11778772.775190732,1126242.424641563,0.96403107047081,0.96403107047081,0.96403107047081
763.jpeg,0.9528374,11812471.945296563,1167898.1007906594,0.941044919192791,0.941044919192791,0.941044919192791
317.jpeg,0.95261437,11803101.801783118,2346686.5151867066,0.9637701362371444,0.9637701362371444,0.9637701362371444
281.jpeg,0.95250213,11806615.577673256,2352453.79607054,0.9627006724476814,0.9627006724476814,0.9627006724476814
924.jpeg,0.95235515,11736817.100116877,1162816.6653642156,0.0,0.0,0.0
825.jpeg,0.9523412,11842791.71325284,1158646.9987812012,0.6843291781842709,0.6843291781842709,0.6843291781842709
402.jpeg,0.9522748,11793086.906717718,2309970.247337837,0.9646424874663352,0.9646424874663352,0.9646424874663352
398.jpeg,0.9522522,11792119.018128855,2333191.041106607,0.694929825142026,0.9627913758158684,0.8288606004789472
62.jpeg,0.951914,11834989.648151657,1156472.1115403522,0.9507338628172874,0.9507338628172874,0.9507338628172874
389.jpeg,0.9518671,11791693.255706578,2322483.7642845414,0.9657475724816322,0.9657475724816322,0.9657475724816322
973.jpeg,0.9517725,11812967.96839141,1279702.2845842824,0.9499959200620652,0.9499959200620652,0.9499959200620652
126.jpeg,0.95175904,11797399.866964769,2433835.456577901,0.9241488799452782,0.9241488799452782,0.9241488799452782
512.jpeg,0.9515657,11757070.204951655,1170742.662083587,0.9644389152526855,0.9644389152526855,0.9644389152526855
397.jpeg,0.9514472,11791913.462508272,2332951.9442564994,0.9627913758158684,0.9627913758158684,0.9627913758158684
185.jpeg,0.9513124,11802552.188702485,2433262.6705658576,0.8307403773069382,0.9672196805477142,0.8989800289273262
823.jpeg,0.9512268,11841028.848966025,1158974.5933667177,0.9529266059398652,0.9529266059398652,0.9529266059398652
497.jpeg,0.95114857,11755948.225805456,1168855.4602605486,0.9643615409731864,0.9643615409731864,0.9643615409731864
777.jpeg,0.95107275,11818703.968303498,1163263.5243844478,0.9578352048993112,0.9578352048993112,0.9578352048993112
55.jpeg,0.9506562,11875651.389987191,1164108.1182722892,0.9553037509322166,0.9553037509322166,0.9553037509322166
263.jpeg,0.95058054,11797575.475902831,2379021.385483561,0.963135115802288,0.963135115802288,0.963135115802288
366.jpeg,0.9503034,11796118.85422204,2330540.8854893805,0.958714321255684,0.958714321255684,0.958714321255684
759.jpeg,0.9501056,11810413.623495787,1163012.964330294,0.9436927512288094,0.9436927512288094,0.9436927512288094
975.jpeg,0.9498872,11814049.075399388,1270465.0426014615,0.9668441414833068,0.9668441414833068,0.9668441414833068
363.jpeg,0.9494198,11797777.319104403,2333558.3370470754,0.7155290171504021,0.9609529674053192,0.8382409922778606
824.jpeg,0.9493396,11842005.310805377,1158933.157770241,0.5763309225440025,0.5763309225440025,0.5763309225440025
358.jpeg,0.94909793,11798473.1868192,2336343.175056091,0.9573787748813628,0.9668565019965172,0.96211763843894
970.jpeg,0.949096,11811783.101617957,1266296.3934450997,0.9662519916892052,0.9662519916892052,0.9662519916892052
608.jpeg,0.9490897,11810493.416862505,1271556.513544858,0.9585832580924034,0.9585832580924034,0.9585832580924034
277.jpeg,0.9481735,11805219.120856969,2353244.9038314256,0.9639541283249856,0.9639541283249856,0.9639541283249856
188.jpeg,0.9481273,11819558.245180843,2422340.641642668,0.9612277150154114,0.9612277150154114,0.9612277150154114
431.jpeg,0.94799495,11835601.414069315,2324791.1223094384,0.9649518951773643,0.9649518951773643,0.9649518951773643
443.jpeg,0.94792414,11839299.54379432,2325496.015807894,0.9701677858829498,0.9701677858829498,0.9701677858829498
308.jpeg,0.9477382,11802167.338799823,2349463.945498828,0.9592113718390464,0.9592113718390464,0.9592113718390464
507.jpeg,0.9474527,11757020.91769876,1172927.9708790253,0.6083395481109619,0.9645176231861116,0.7864285856485367
918.jpeg,0.94706434,11732784.717949769,1160639.7326403237,0.9682687968015672,0.9682687968015672,0.9682687968015672
885.jpeg,0.9463674,11786678.558301466,2295302.867352027,0.9696273282170296,0.9696273282170296,0.9696273282170296
272.jpeg,0.9462317,11806454.73836699,2356250.054450389,0.9695889502763748,0.9695889502763748,0.9695889502763748
286.jpeg,0.9461971,11805392.0595393,2350421.4467556733,0.7915235906839371,0.7915235906839371,0.7915235906839371
334.jpeg,0.9460175,11794971.756121278,2344854.9379271525,0.96797663718462,0.96797663718462,0.96797663718462
223.jpeg,0.94544786,11810802.530459546,2379116.277239284,0.9651819616556168,0.9651819616556168,0.9651819616556168
170.jpeg,0.94536966,11796937.34564036,2423010.762193353,0.966711349785328,0.966711349785328,0.966711349785328
563.jpeg,0.9452269,11793367.29982015,1144453.9372480914,0.9369768425822258,0.9693050757050514,0.9531409591436386
107.jpeg,0.94488937,11808109.5677426,2387613.219441035,0.968913771212101,0.968913771212101,0.968913771212101
154.jpeg,0.94461274,11793939.540978802,2426337.513275176,0.9631913751363754,0.9631913751363754,0.9631913751363754
651.jpeg,0.94450843,11791033.198463194,1148170.1054674948,0.9604844003915788,0.9604844003915788,0.9604844003915788
518.jpeg,0.9442887,11762953.378293244,1165910.429605573,0.9596632570028304,0.9596632570028304,0.9596632570028304
148.jpeg,0.9442461,11793073.168775504,2433451.402135321,0.9613692611455916,0.9613692611455916,0.9613692611455916
250.jpeg,0.944197,11803216.724377926,2376806.185093667,0.9493413865566254,0.9493413865566254,0.9493413865566254
365.jpeg,0.9441932,11794774.022277389,2332116.2443324127,0.9593400657176973,0.9593400657176973,0.9593400657176973
496.jpeg,0.9433164,11757314.698182724,1166468.901404143,0.9583815410733224,0.9583815410733224,0.9583815410733224
876.jpeg,0.9432723,11796087.328165969,2304510.6599913216,0.9572077989578248,0.9572077989578248,0.9572077989578248
278.jpeg,0.942761,11806777.45714297,2353139.9629573016,0.9666244611144066,0.9666244611144066,0.9666244611144066
864.jpeg,0.9424722,11795385.50438747,2306241.1180465072,0.9666218459606172,0.9666218459606172,0.9666218459606172
316.jpeg,0.9421167,11800839.261743344,2347514.589055621,0.9713362008333206,0.9713362008333206,0.9713362008333206
314.jpeg,0.941592,11797322.518141732,2350656.778672333,0.9675674885511398,0.9675674885511398,0.9675674885511398
899.jpeg,0.9408178,11794447.492952926,2288304.9876491874,0.953236497938633,0.953236497938633,0.953236497938633
260.jpeg,0.9407476,11806043.916031664,2377317.515803632,0.0,0.0,0.0
339.jpeg,0.94069415,11798067.450637108,2345895.246464673,0.9678158089518548,0.9678158089518548,0.9678158089518548
571.jpeg,0.9406432,11840197.24555944,1116468.0278678522,0.9651496186852456,0.9651496186852456,0.9651496186852456
21.jpeg,0.9405405,11762518.949965758,1168168.7525632647,0.9634983912110328,0.9634983912110328,0.9634983912110328
307.jpeg,0.9403362,11802570.278493382,2352192.793734916,0.9605271071195602,0.9605271071195602,0.9605271071195602
467.jpeg,0.94028974,11700989.38754524,1199900.9349380855,0.0,0.0,0.0
266.jpeg,0.94007415,11803925.708691671,2381499.13304657,0.9665528163313866,0.9665528163313866,0.9665528163313866
421.jpeg,0.9399465,11794661.463545924,2299274.3913870654,0.9657606855034828,0.9657606855034828,0.9657606855034828
53.jpeg,0.93970746,11872267.585000535,1168302.560093922,0.9133218079805374,0.9777226820588112,0.9455222450196743
916.jpeg,0.93940985,11773716.66009003,1152415.775904135,0.966389611363411,0.966389611363411,0.966389611363411
247.jpeg,0.9382253,11802172.491745489,2378944.87591458,0.9648368954658508,0.9648368954658508,0.9648368954658508
115.jpeg,0.9380754,11795307.10631763,2306209.09703906,0.9666218459606172,0.9666218459606172,0.9666218459606172
385.jpeg,0.9379222,11787807.120938832,2330012.6164068445,0.9629422798752784,0.9629422798752784,0.9629422798752784
995.jpeg,0.93773985,11798024.35478816,2434297.075759122,0.9666037783026696,0.9666037783026696,0.9666037783026696
387.jpeg,0.93763953,11788494.07684759,2332663.0347808334,0.9589088186621666,0.9613839536905288,0.9601463861763477
348.jpeg,0.93748987,11790391.793251405,2338454.9704636885,0.9497229531407356,0.9497229531407356,0.9497229531407356
218.jpeg,0.9372519,11815200.45194638,2382114.190968204,0.9616753309965134,0.9631729573011398,0.9624241441488266
360.jpeg,0.93719006,11797209.287876137,2339308.093684458,0.9504613876342772,0.9636546447873116,0.9570580162107944
469.jpeg,0.9371375,11701990.132326877,1199137.2963022029,0.9637988582253456,0.9637988582253456,0.9637988582253456
886.jpeg,0.93679035,11785606.160310311,2291696.90793454,0.9704326912760736,0.9704326912760736,0.9704326912760736
543.jpeg,0.93646353,11792791.466043675,1145399.912020592,0.744459006935358,0.744459006935358,0.744459006935358
106.jpeg,0.9362641,11821795.855437968,2425011.327811695,0.9608083963394164,0.9608083963394164,0.9608083963394164
583.jpeg,0.9358776,11838120.35952382,1158805.7034486216,0.963850513100624,0.963850513100624,0.963850513100624
47.jpeg,0.93571174,11796753.62031947,1147179.1378926558,0.9473977535963058,0.9473977535963058,0.9473977535963058
235.jpeg,0.93538153,11807581.37514268,2384917.6354935924,0.9655019491910934,0.9655019491910934,0.9655019491910934
912.jpeg,0.93537503,11774950.248829396,1150913.8734651916,0.9676906540989876,0.9676906540989876,0.9676906540989876
165.jpeg,0.9349698,11794553.54331242,2420361.6201512623,0.9684154540300368,0.9684154540300368,0.9684154540300368
361.jpeg,0.93464065,11797212.285458649,2339310.7003756543,0.9504613876342772,0.9636546447873116,0.9570580162107944
390.jpeg,0.9345771,11791376.861699363,2325907.707923485,0.9662489593029022,0.9662489593029022,0.9662489593029022
333.jpeg,0.93445,11794893.781206494,2344911.284886244,0.6577591374516487,0.96797663718462,0.8128678873181343
515.jpeg,0.9339419,11759981.44912442,1167438.7721003152,0.9656830355525016,0.9656830355525016,0.9656830355525016
145.jpeg,0.9336889,11789726.30880627,2432475.867566213,0.9629777893424034,0.9629777893424034,0.9629777893424034
875.jpeg,0.93318844,11796255.958250714,2303496.2366511,0.964727722108364,0.964727722108364,0.964727722108364
140.jpeg,0.9330584,11793993.562838295,2436253.1412167875,0.9609065428376198,0.9609065428376198,0.9609065428376198
40.jpeg,0.93201226,11791971.693491291,1141557.2031293856,0.9107611924409866,0.9107611924409866,0.9107611924409866
382.jpeg,0.9314625,11788103.88302101,2327370.661349895,0.9683685079216956,0.9683685079216956,0.9683685079216956
335.jpeg,0.9313871,11797661.569664344,2345523.9316138937,0.9703104123473169,0.9703104123473169,0.9703104123473169
956.jpeg,0.93055737,11697857.101626966,1195204.298134212,0.9598726108670236,0.9598726108670236,0.9598726108670236
925.jpeg,0.93032897,11737227.225135528,1162374.8712169996,0.9592780247330666,0.9592780247330666,0.9592780247330666
407.jpeg,0.93023497,11794274.156651288,2308024.450410132,0.9627446681261064,0.9627446681261064,0.9627446681261064
905.jpeg,0.93022263,11772755.47106135,1153874.9006196684,0.8648453801870346,0.8648453801870346,0.8648453801870346
678.jpeg,0.9298513,11798672.374559196,1145351.4435958536,0.5677763894200325,0.9244426861405372,0.7599635000030199
898.jpeg,0.9284819,11790186.405746268,2291884.082651886,0.9646430388092996,0.9646430388092996,0.9646430388092996
325.jpeg,0.9283536,11788983.221473144,2350171.9744676035,0.955813966691494,0.971300669014454,0.9635573178529739
572.jpeg,0.928208,11840201.485557431,1116464.7995141856,0.9651496186852456,0.9651496186852456,0.9651496186852456
426.jpeg,0.92807674,11793649.553239755,2295821.430545398,0.9735158905386924,0.9735158905386924,0.9735158905386924
347.jpeg,0.92758024,11789798.436169064,2341087.644417765,0.9651207476854324,0.9651207476854324,0.9651207476854324
11.jpeg,0.9272937,11738276.185494555,1159502.4204072603,0.9648321717977524,0.9648321717977524,0.9648321717977524
909.jpeg,0.9271987,11773628.918180712,1151625.1278133248,0.9688955023884772,0.9688955023884772,0.9688955023884772
917.jpeg,0.9270355,11771229.343900103,1157047.9650739806,0.8501415029168129,0.9436292052268982,0.8968853540718555
702.jpeg,0.92675763,11840272.17756327,1145357.1480095277,0.9678910225629808,0.9678910225629808,0.9678910225629808
892.jpeg,0.92628825,11786229.988517422,2289957.3620507694,0.9698846936225892,0.9698846936225892,0.9698846936225892
456.jpeg,0.9255662,11840450.623299932,2331664.9329775907,0.966572992503643,0.966572992503643,0.966572992503643
457.jpeg,0.92530024,11840359.630696522,2331654.4531278578,0.966572992503643,0.966572992503643,0.966572992503643
884.jpeg,0.9243307,11797592.810705224,2303397.193175232,0.9291229397058488,0.9291229397058488,0.9291229397058488
598.jpeg,0.92425597,11869643.608873066,1167058.3231728785,0.8270541839301586,0.8270541839301586,0.8270541839301586
192.jpeg,0.9242485,11818062.828387482,2423775.805755314,0.9652956053614616,0.9652956053614616,0.9652956053614616
425.jpeg,0.92356205,11793861.835378638,2296204.035380757,0.8980260193347931,0.8980260193347931,0.8980260193347931
44.jpeg,0.9224075,11796623.077044375,1147438.268845138,0.9473977535963058,0.9473977535963058,0.9473977535963058
976.jpeg,0.922271,11812752.484192085,1265675.1051582885,0.9665212780237198,0.9665212780237198,0.9665212780237198
882.jpeg,0.9221831,11795321.251251284,2301010.1043290747,0.9684543535113336,0.9684543535113336,0.9684543535113336
123.jpeg,0.9221601,11798178.084217452,2434370.571557921,0.9651573002338408,0.9666037783026696,0.9658805392682552
386.jpeg,0.9220109,11788219.077671569,2332663.426674993,0.737720176577568,0.9589088186621666,0.8779394974311193
856.jpeg,0.9218194,11875402.707945645,1160632.02314499,0.912760391831398,0.9314989745616912,0.9221296831965446
411.jpeg,0.9217814,11789715.925070465,2307748.536183615,0.9687656834721564,0.9687656834721564,0.9687656834721564
147.jpeg,0.92109334,11792982.963598317,2433416.721673532,0.9613692611455916,0.9613692611455916,0.9613692611455916
181.jpeg,0.92084944,11801751.893252237,2429277.143495138,0.9646445065736772,0.9646445065736772,0.9646445065736772
399.jpeg,0.9205658,11795124.830685908,2329175.235061286,0.927524983882904,0.927524983882904,0.927524983882904
134.jpeg,0.9203518,11799114.271156304,2439375.760035797,0.9694505780935287,0.9694505780935287,0.9694505780935287
393.jpeg,0.9195709,11790786.102815934,2329019.406214605,0.9610381573438644,0.9610381573438644,0.9610381573438644
942.jpeg,0.919428,11758429.25733156,1170366.0680123067,0.9550649300217628,0.9550649300217628,0.9550649300217628
636.jpeg,0.9190937,11791392.495670944,2335319.080918385,0.9608611315488816,0.9608611315488816,0.9608611315488816
761.jpeg,0.91859907,11810314.880559877,1174747.15557426,0.9673150703310966,0.9673150703310966,0.9673150703310966
395.jpeg,0.9183794,11789927.405241024,2332967.3016189407,0.9615374207496644,0.9615374207496644,0.9615374207496644
508.jpeg,0.917558,11757526.16259542,1172967.4473279836,0.9614025503396988,0.9614025503396988,0.9614025503396988
293.jpeg,0.91700953,11806504.385447964,2349660.271923481,0.9668363034725188,0.9668363034725188,0.9668363034725188
889.jpeg,0.9169502,11786228.855121816,2289958.1855446924,0.9698846936225892,0.9698846936225892,0.9698846936225892
184.jpeg,0.91640735,11799846.586625217,2434870.290412551,0.9645104706287384,0.9645104706287384,0.9645104706287384
109.jpeg,0.9164023,11788914.120604914,2338878.2050667224,0.9622217416763306,0.9622217416763306,0.9622217416763306
672.jpeg,0.9160446,11797303.79069434,1148026.8708058477,0.8197354078292847,0.8197354078292847,0.8197354078292847
5.jpeg,0.9157847,11700169.13612262,1199690.9121392516,0.9600511118769646,0.9600511118769646,0.9600511118769646
984.jpeg,0.915717,11818887.011668878,1279033.3033816463,0.783687200397253,0.783687200397253,0.783687200397253
585.jpeg,0.91564274,11836911.70222539,1158940.3853177114,0.96430204808712,0.96430204808712,0.96430204808712
152.jpeg,0.91550356,11795573.175337048,2428211.2200523564,0.8579173311591148,0.8579173311591148,0.8579173311591148
810.jpeg,0.9137645,11838105.834234891,1161536.6504122308,0.965240590274334,0.965240590274334,0.965240590274334
138.jpeg,0.9128294,11795196.439914849,2439002.0116912243,0.960952803492546,0.960952803492546,0.960952803492546
381.jpeg,0.9126292,11788126.87101101,2327350.674638943,0.9683685079216956,0.9683685079216956,0.9683685079216956
616.jpeg,0.9123507,11813942.514743043,1270356.7430055933,0.9273237362504004,0.9668441414833068,0.9470839388668536
279.jpeg,0.9119531,11806907.586143931,2352930.2881163987,0.9666244611144066,0.9666244611144066,0.9666244611144066
519.jpeg,0.9104464,11763649.167302042,1167088.3373027905,0.653579518198967,0.7248917892575264,0.6892356537282467
945.jpeg,0.9095025,11759220.758191554,1170221.8451724588,0.0,0.0,0.0
476.jpeg,0.9088851,11703894.627784535,1194931.3602879029,0.5850604437291622,0.9729181081056596,0.7789892759174109
230.jpeg,0.90814,11809273.384795684,2382240.4164482104,0.9667766690254213,0.9667766690254213,0.9667766690254213
599.jpeg,0.90730166,11871031.350956265,1170586.864325196,0.9675108045339584,0.9675108045339584,0.9675108045339584
146.jpeg,0.90729064,11793053.567495378,2432632.326479058,0.9647453054785728,0.9647453054785728,0.9647453054785728
429.jpeg,0.90568054,11785530.830986816,2291955.314175506,0.9698671624064444,0.9698671624064444,0.9698671624064444
861.jpeg,0.9056304,11796196.637393368,2303475.9705778263,0.964727722108364,0.964727722108364,0.964727722108364
498.jpeg,0.9049127,11755002.675099105,1169831.3892161082,0.9628393948078156,0.9628393948078156,0.9628393948078156
867.jpeg,0.90479875,11796014.009011503,2303031.209908599,0.0,0.0,0.0
665.jpeg,0.90410453,11796395.68650864,1145901.426125973,0.5610236451029778,0.9671278148889542,0.764075729995966
338.jpeg,0.90393585,11796558.28869068,2348808.7757003866,0.6122723966836929,0.9691550135612488,0.7907137051224709
412.jpeg,0.9021449,11792191.234424489,2307604.5896356725,0.9642223939299585,0.9642223939299585,0.9642223939299585
369.jpeg,0.89984435,11797039.631222213,2327366.2070116163,0.9494819343090056,0.9494819343090056,0.9494819343090056
487.jpeg,0.8990285,11734730.907577563,1159969.6045846196,0.9486794620752336,0.9486794620752336,0.9486794620752336
628.jpeg,0.89637613,11788957.492177757,2338943.438733194,0.9622217416763306,0.9622217416763306,0.9622217416763306
626.jpeg,0.89632577,11804048.331233166,2374915.3981100777,0.962451994419098,0.962451994419098,0.962451994419098
760.jpeg,0.8953979,11810308.478826055,1174747.475660438,0.9673150703310966,0.9673150703310966,0.9673150703310966
324.jpeg,0.8947311,11793319.19779613,2351857.0261298227,0.9657823741436004,0.975860759615898,0.9708215668797492
858.jpeg,0.894723,11874492.290325196,1160267.2724101052,0.9691523611545564,0.9691523611545564,0.9691523611545564
48.jpeg,0.89413375,11798219.42261105,1147356.1614983098,0.9648470729589462,0.9648470729589462,0.9648470729589462
849.jpeg,0.89413357,11874904.896291628,1160025.078004248,0.9520894959568976,0.9520894959568976,0.9520894959568976
35.jpeg,0.89338803,11791032.542694231,1136954.3778489237,0.9678411856293678,0.9678411856293678,0.9678411856293678
424.jpeg,0.89274627,11796599.877077056,2296492.644977198,0.959317147731781,0.959317147731781,0.959317147731781
968.jpeg,0.8924484,11811547.891609516,1267731.6714246548,0.9611233696341516,0.9611233696341516,0.9611233696341516
669.jpeg,0.8913361,11797058.27520565,1147789.4821290518,0.960747756063938,0.960747756063938,0.960747756063938
84.jpeg,0.8911839,11813015.316859428,1164961.705742088,0.961861439049244,0.961861439049244,0.961861439049244
36.jpeg,0.8876816,11793789.728175078,1136641.0137041423,0.959320530295372,0.959320530295372,0.959320530295372
902.jpeg,0.88717645,11771476.550434869,1153976.0088475945,0.9588636308908464,0.9588636308908464,0.9588636308908464
921.jpeg,0.8869546,11735165.270966068,1163271.9883692036,0.9593590795993804,0.9593590795993804,0.9593590795993804
212.jpeg,0.885917,11805007.050032653,2384478.3983988147,0.977377623319626,0.977377623319626,0.977377623319626
383.jpeg,0.88485897,11788512.445093874,2329882.62578762,0.971019208431244,0.971019208431244,0.971019208431244
887.jpeg,0.884591,11790073.29355662,2291828.132372953,0.9646430388092996,0.9646430388092996,0.9646430388092996
404.jpeg,0.88275325,11793955.134124655,2308331.752157813,0.9641648530960084,0.9641648530960084,0.9641648530960084
439.jpeg,0.8820416,11838515.087443303,2326031.5211785072,0.9655957743525504,0.9655957743525504,0.9655957743525504
816.jpeg,0.882033,11839609.579806233,1159245.432776999,0.9636793360114098,0.9636793360114098,0.9636793360114098
704.jpeg,0.88079596,11837688.794823457,1149133.5924863163,0.969145566225052,0.969145566225052,0.969145566225052
479.jpeg,0.8762594,11733539.901815882,1166998.0728378354,0.0,0.0,0.0
2.jpeg,0.874999,11693603.827179415,1194228.9003213013,0.9735582545399666,0.9735582545399666,0.9735582545399666
14.jpeg,0.87463886,11739551.053419355,1157887.3209547093,0.7815717123448849,0.956682451069355,0.8691270817071199
686.jpeg,0.8738208,11793549.62045443,1147111.0205761527,0.9621778428554536,0.9621778428554536,0.9621778428554536
0.jpeg,0.8737586,11696660.957958722,1194928.718424968,0.9642958268523216,0.9642958268523216,0.9642958268523216
879.jpeg,0.8730445,11797514.8405636,2303192.8195377034,0.8719223961234093,0.8719223961234093,0.8719223961234093
847.jpeg,0.8723731,11873248.335384795,1168277.092019111,0.7704908773303032,0.9790153354406356,0.8747531063854694
552.jpeg,0.87144226,11801240.012081694,1153132.134769121,0.9529192447662354,0.9529192447662354,0.9529192447662354
627.jpeg,0.87102425,11789187.760700583,2336774.4552249303,0.9638231694698334,0.9638231694698334,0.9638231694698334
720.jpeg,0.86989653,11837349.478490736,1110197.025874255,0.9609893187880516,0.9609893187880516,0.9609893187880516
103.jpeg,0.8691218,11821196.410936076,2425499.34615936,0.5295849675312638,0.9464434534311296,0.7380142104811966
770.jpeg,0.86805713,11817198.985243011,1171575.2570682324,0.9603388383984566,0.9603388383984566,0.9603388383984566
621.jpeg,0.8661615,11808184.498305382,2387635.4341491074,0.968913771212101,0.968913771212101,0.968913771212101
199.jpeg,0.86547244,11822911.134377116,2426764.6301610544,0.9729781821370124,0.9729781821370124,0.9729781821370124
524.jpeg,0.86500084,11770295.865739567,1155148.0006821873,0.961999535560608,0.961999535560608,0.961999535560608
454.jpeg,0.8648137,11838555.794611784,2330600.300658479,0.9033030569553376,0.9033030569553376,0.9033030569553376
516.jpeg,0.86365813,11759022.676961428,1167044.6260355455,0.958702713251114,0.9628267511725426,0.9607647322118282
376.jpeg,0.86350113,11790222.714194736,2322755.556529947,0.9613827988505363,0.9613827988505363,0.9613827988505363
661.jpeg,0.8627632,11795475.367828978,1146956.5724918584,0.8034225851297379,0.9594142735004424,0.8814184293150902
248.jpeg,0.8624309,11802227.155208943,2378816.38950597,0.9648368954658508,0.9648368954658508,0.9648368954658508
673.jpeg,0.85993534,11797688.900222745,1146201.9740641357,0.9577026441693306,0.9577026441693306,0.9577026441693306
553.jpeg,0.8591303,11800836.65025018,1150434.5381623297,0.5979754813015461,0.5979754813015461,0.5979754813015461
104.jpeg,0.85674936,11822248.43603675,2424387.9055292606,0.9533007815480232,0.9533007815480232,0.9533007815480232
435.jpeg,0.85548633,11836833.214371912,2324766.8669598214,0.8031590022146702,0.8031590022146702,0.8031590022146702
631.jpeg,0.85542464,11790563.516462862,2337393.688784766,0.9614954218268394,0.9614954218268394,0.9614954218268394
698.jpeg,0.8535971,11837801.632207256,1149116.884042519,0.9179195314645768,0.969145566225052,0.9435325488448144
388.jpeg,0.85245943,11786906.24363956,2321565.136844457,0.9567923247814178,0.9567923247814178,0.9567923247814178
818.jpeg,0.85028833,11840161.034155084,1159463.6509839466,0.9413521215319632,0.9413521215319632,0.9413521215319632
645.jpeg,0.847583,11790646.388783928,2337843.9161399147,0.961343251168728,0.961343251168728,0.961343251168728
216.jpeg,0.8474473,11816076.74597584,2384369.952460694,0.9688054025173188,0.9688054025173188,0.9688054025173188
717.jpeg,0.84411764,11844976.47599766,1145676.9397475545,0.9702080562710762,0.9702080562710762,0.9702080562710762
890.jpeg,0.84367514,11789847.604620373,2291677.219538508,0.9656517654657364,0.9656517654657364,0.9656517654657364
974.jpeg,0.84362644,11812286.27379064,1266594.845402673,0.94735399633646,0.94735399633646,0.94735399633646
38.jpeg,0.8434275,11792427.023540424,1139846.1729406011,0.9624735414981842,0.9624735414981842,0.9624735414981842
548.jpeg,0.8427495,11798832.566716276,1151160.5226573786,0.9492012187838554,0.9492012187838554,0.9492012187838554
490.jpeg,0.84131354,11732208.49163558,1161279.348851165,0.9721680358052254,0.9721680358052254,0.9721680358052254
195.jpeg,0.8376849,11818711.306866908,2425433.401750705,0.9702154099941254,0.9702154099941254,0.9702154099941254
197.jpeg,0.8356644,11819123.334102483,2428200.225538456,0.9631706029176712,0.9631706029176712,0.9631706029176712
177.jpeg,0.83492047,11796698.107861577,2426833.6565500773,0.9658188596367836,0.9658188596367836,0.9658188596367836
462.jpeg,0.8346827,11838438.669901758,2323033.6480521704,0.9690656736493112,0.9690656736493112,0.9690656736493112
522.jpeg,0.8313502,11771865.007997742,1154634.5391376112,0.959055058658123,0.959055058658123,0.959055058658123
243.jpeg,0.8297115,11805259.582531374,2379246.348894711,0.7215905897319317,0.9526607468724252,0.8371256683021784
237.jpeg,0.82892025,11802836.053385586,2383895.247742411,0.960759088397026,0.960759088397026,0.960759088397026
939.jpeg,0.826843,11735084.048702164,1164697.3573043777,0.8122379258275032,0.8122379258275032,0.8122379258275032
337.jpeg,0.8223407,11793882.581841445,2347691.5148734213,0.9685824140906334,0.9685824140906334,0.9685824140906334
663.jpeg,0.8213057,11795670.093139704,1147382.3112694356,0.9660332426428796,0.9660332426428796,0.9660332426428796
187.jpeg,0.8208041,11826591.857267767,2426050.8711259435,0.9643466994166374,0.9643466994166374,0.9643466994166374
249.jpeg,0.82029307,11803212.741932908,2376840.6835241187,0.9493413865566254,0.9493413865566254,0.9493413865566254
528.jpeg,0.81930876,11773635.465136671,1153232.6378429595,0.9615300372242928,0.9615300372242928,0.9615300372242928
597.jpeg,0.81905067,11811496.821068777,1161168.5544018014,0.9530202820897102,0.9530202820897102,0.9530202820897102
1.jpeg,0.8129151,11693606.257765992,1194226.1473003116,0.9735582545399666,0.9735582545399666,0.9735582545399666
600.jpeg,0.81032646,11873004.385400703,1168444.2106975734,0.9551827311515808,0.9551827311515808,0.9551827311515808
410.jpeg,0.809296,11789867.302707065,2307802.35021308,0.5259380526840687,0.9687656834721564,0.7473518680781126
264.jpeg,0.80839944,11797698.926612632,2380157.381641229,0.9645731374621392,0.9645731374621392,0.9645731374621392
646.jpeg,0.80465,11790682.393483782,2337059.46207244,0.9468281492590904,0.9468281492590904,0.9468281492590904
888.jpeg,0.8042582,11791826.10054964,2292486.9810415725,0.9606636986136436,0.9606636986136436,0.9606636986136436
354.jpeg,0.80403936,11792955.200863142,2335825.4458731515,0.95559274405241,0.95559274405241,0.95559274405241
441.jpeg,0.8028841,11838946.024110183,2325941.7840308063,0.9639182463288308,0.9639182463288308,0.9639182463288308
934.jpeg,0.79747885,11742694.068117429,1155879.8872347046,0.9702731445431708,0.9702731445431708,0.9702731445431708
633.jpeg,0.7969505,11790618.625702957,2337849.218258889,0.961343251168728,0.961343251168728,0.961343251168728
859.jpeg,0.79559433,11841955.180673271,2329056.281391333,0.9713837876915932,0.9713837876915932,0.9713837876915932
748.jpeg,0.7954115,11836886.345990391,1110973.6162619672,0.95038540661335,0.95038540661335,0.95038540661335
52.jpeg,0.7894901,11838429.46900708,1148825.348248855,0.9103037491440772,0.96485485881567,0.9375793039798737
650.jpeg,0.7877162,11790860.19552126,1146568.976636122,0.9390655383467674,0.9390655383467674,0.9390655383467674
287.jpeg,0.7857071,11805563.566515686,2350034.648603688,0.0,0.0,0.0
993.jpeg,0.7851277,11795388.914661288,2427619.0876922086,0.9493313431739808,0.9493313431739808,0.9493313431739808
172.jpeg,0.7786464,11794439.97175877,2424291.462906076,0.9624228477478028,0.9624228477478028,0.9624228477478028
153.jpeg,0.77671534,11794974.499195866,2425841.928720858,0.9593747556209564,0.9593747556209564,0.9593747556209564
186.jpeg,0.77369225,11826468.36015245,2426096.7323668534,0.9643466994166374,0.9643466994166374,0.9643466994166374
775.jpeg,0.7640998,11819914.356894026,1163306.1273590352,0.9683289751410484,0.9683289751410484,0.9683289751410484
198.jpeg,0.76248217,11821850.232253088,2426794.2375704986,0.9572857469320296,0.9572857469320296,0.9572857469320296
477.jpeg,0.76184887,11699544.257653993,1190449.1348180822,0.9697408974170684,0.9697408974170684,0.9697408974170684
764.jpeg,0.7557998,11812724.01339374,1170087.17368608,0.9274626448750496,0.9274626448750496,0.9274626448750496
762.jpeg,0.7522374,11810311.199562935,1174747.3156173103,0.9673150703310966,0.9673150703310966,0.9673150703310966
943.jpeg,0.7501259,11757662.864856113,1171521.022026732,0.9564735144376756,0.9564735144376756,0.9564735144376756
240.jpeg,0.74887663,11806052.764002014,2382087.823612408,0.9667546227574348,0.9667546227574348,0.9667546227574348
641.jpeg,0.74767876,11792194.155852702,2336765.657572993,0.9611741378903388,0.9611741378903388,0.9611741378903388
962.jpeg,0.7471791,11809261.05847996,1270180.3254780138,0.9672370925545692,0.9672370925545692,0.9672370925545692
409.jpeg,0.743554,11796978.051678777,2307584.1222629887,0.9674038589000702,0.9674038589000702,0.9674038589000702
227.jpeg,0.7308802,11812000.22743876,2382195.35846467,0.9679928421974182,0.9679928421974182,0.9679928421974182
120.jpeg,0.7305489,11787145.55561614,2294995.363161852,0.9511075019836426,0.9511075019836426,0.9511075019836426
488.jpeg,0.72184026,11734744.898505034,1161180.0035315803,0.9531939402222632,0.9531939402222632,0.9531939402222632
489.jpeg,0.7204442,11734746.315090748,1161177.500767662,0.9531939402222632,0.9531939402222632,0.9531939402222632
433.jpeg,0.7199895,11836285.202377072,2324467.8846267355,0.930098794400692,0.930098794400692,0.930098794400692
747.jpeg,0.7141225,11837706.377100969,1112002.5982716605,0.9533460065722466,0.9533460065722466,0.9533460065722466
178.jpeg,0.708421,11795636.512060251,2427032.9962692102,0.9585241973400116,0.9585241973400116,0.9585241973400116
668.jpeg,0.7019999,11797053.132070305,1147795.1948154103,0.960747756063938,0.960747756063938,0.960747756063938
971.jpeg,0.70141184,11811902.333914155,1266334.0036325736,0.8112634047865868,0.9662519916892052,0.888757698237896
860.jpeg,0.69795966,11836954.30609591,2325821.8052716195,0.9693647250533104,0.9693647250533104,0.9693647250533104
137.jpeg,0.69431216,11796794.710534552,2440522.3931411817,0.9543312788009644,0.9543312788009644,0.9543312788009644
533.jpeg,0.69046247,11784181.492024602,1126405.8459836878,0.903738595545292,0.903738595545292,0.903738595545292
66.jpeg,0.6903607,11834210.637607783,1161557.124769137,0.9395586624741554,0.9395586624741554,0.9395586624741554
87.jpeg,0.68815196,11814355.735715011,1164984.2717781083,0.966565765440464,0.966565765440464,0.966565765440464
691.jpeg,0.67967737,11841052.2044914,1142631.3332501785,0.0,0.0,0.0
434.jpeg,0.67791194,11836809.93580757,2324928.149612097,0.8031590022146702,0.8031590022146702,0.8031590022146702
318.jpeg,0.6747246,11798928.946534788,2352031.868128506,0.9717132076621056,0.9717132076621056,0.9717132076621056
822.jpeg,0.6733228,11841022.234831655,1158835.0154463244,0.9529266059398652,0.9529266059398652,0.9529266059398652
933.jpeg,0.6690394,11742691.436522532,1155881.919154005,0.9702731445431708,0.9702731445431708,0.9702731445431708
241.jpeg,0.6669533,11806044.1020094,2382020.231398024,0.9667546227574348,0.9667546227574348,0.9667546227574348
213.jpeg,0.6663316,11809966.090803403,2385567.5547255534,0.9617215320467948,0.9617215320467948,0.9617215320467948
632.jpeg,0.66320086,11790681.72707635,2337056.8433170426,0.9468281492590904,0.9468281492590904,0.9468281492590904
582.jpeg,0.65835625,11839514.279561205,1159271.2176308583,0.9636793360114098,0.9636793360114098,0.9636793360114098
343.jpeg,0.65825135,11792243.153979553,2342315.429911821,0.9647287800908088,0.9647287800908088,0.9647287800908088
828.jpeg,0.6560668,11840895.899041526,1162593.374841928,0.5587523132562637,0.9621821120381356,0.7604672126471996
285.jpeg,0.65599954,11805993.311378617,2351981.724498863,0.9610946848988532,0.9610946848988532,0.9610946848988532
689.jpeg,0.65585834,11837691.275383364,1149133.37393891,0.969145566225052,0.969145566225052,0.969145566225052
275.jpeg,0.65289825,11808787.171261778,2353857.2127260906,0.9584593027830124,0.9584593027830124,0.9584593027830124
896.jpeg,0.6464252,11791076.60875144,2291282.663105165,0.968823440372944,0.968823440372944,0.968823440372944
906.jpeg,0.6456459,11772946.954377389,1152172.1422034567,0.963372491300106,0.963372491300106,0.963372491300106
189.jpeg,0.6450118,11819480.413208788,2422272.484257005,0.9612277150154114,0.9612277150154114,0.9612277150154114
329.jpeg,0.6385456,11791126.72927088,2346953.8008115487,0.962400048971176,0.962400048971176,0.962400048971176
894.jpeg,0.6354908,11791014.640055472,2291245.728975431,0.968823440372944,0.968823440372944,0.968823440372944
102.jpeg,0.63488305,11837321.605585638,2326074.9938525776,0.9665091037750244,0.9665091037750244,0.9665091037750244
848.jpeg,0.6299157,11873981.542227222,1159073.321870553,0.9054183885455132,0.9656555131077766,0.9355369508266449
538.jpeg,0.6278366,11787355.581996389,1120448.8393511982,0.0,0.0,0.0
377.jpeg,0.6269156,11789868.4418567,2319425.100786501,0.9482698887586594,0.9482698887586594,0.9482698887586594
391.jpeg,0.62586176,11791365.69117429,2325808.6646018378,0.9662489593029022,0.9662489593029022,0.9662489593029022
371.jpeg,0.61926454,11793388.090746762,2323495.085999265,0.962969645857811,0.962969645857811,0.962969645857811
865.jpeg,0.61461854,11796164.829406098,2302675.955672513,0.9575419872999192,0.9575419872999192,0.9575419872999192
565.jpeg,0.6049598,11802491.154860822,1136152.5154764005,0.9587259441614152,0.9587259441614152,0.9587259441614152
670.jpeg,0.6029302,11797069.585296536,1147394.0380330223,0.5290008038282394,0.5290008038282394,0.5290008038282394
699.jpeg,0.60225713,11840369.490854828,1146790.1516237317,0.9560372456908226,0.9560372456908226,0.9560372456908226
570.jpeg,0.59649235,11801149.349935737,1140713.2508868244,0.7967818081378937,0.7967818081378937,0.7967818081378937
353.jpeg,0.59528494,11796028.990603106,2338777.5639283964,0.9435229003429412,0.9591828882694244,0.9513528943061829
771.jpeg,0.5908545,11817199.305325108,1171634.1530192737,0.748916931450367,0.9603388383984566,0.8546278849244118
302.jpeg,0.5904447,11810565.094898265,2348045.4661156493,0.957556426525116,0.957556426525116,0.957556426525116
406.jpeg,0.5802848,11794207.081817884,2308268.905556599,0.9641648530960084,0.9641648530960084,0.9641648530960084
541.jpeg,0.57867205,11796643.168046232,1139527.934368928,0.961280457675457,0.961280457675457,0.961280457675457
647.jpeg,0.572952,11788334.69898906,1148811.428957372,0.7135534808039665,0.7706123664975166,0.7420829236507416
809.jpeg,0.5644413,11839004.093471592,1162273.1550205862,0.9663432538509368,0.9663432538509368,0.9663432538509368
403.jpeg,0.5607632,11793289.642967,2309822.144726488,0.9651822745800018,0.9651822745800018,0.9651822745800018
22.jpeg,0.5528366,11772764.006579584,1151617.7645608366,0.9571898952126504,0.9571898952126504,0.9571898952126504
908.jpeg,0.5496607,11773375.14309239,1152318.1335257734,0.882232628762722,0.882232628762722,0.882232628762722
535.jpeg,0.54453975,11780040.110141857,1125923.8732906885,0.730868624523282,0.730868624523282,0.730868624523282
820.jpeg,0.54360396,11840695.7099897,1159475.6148487262,0.9609366059303284,0.9609366059303284,0.9609366059303284
284.jpeg,0.5426263,11805880.324952288,2351987.3406005744,0.9344359934329988,0.9610946848988532,0.947765339165926
595.jpeg,0.54023683,11812265.425955417,1164697.340917854,0.966919407248497,0.966919407248497,0.966919407248497
208.jpeg,0.53754735,11821045.383245343,2424407.393167987,0.9677461236715316,0.9677461236715316,0.9677461236715316
356.jpeg,0.5348229,11796398.40560094,2334736.8219441846,0.9678170308470726,0.9678170308470726,0.9678170308470726
660.jpeg,0.5266845,11795688.185538938,1147021.5969010862,0.9594142735004424,0.9594142735004424,0.9594142735004424
630.jpeg,0.5201224,11790682.408133252,2337062.0845122,0.9468281492590904,0.9468281492590904,0.9468281492590904
550.jpeg,0.5193276,11799569.810975011,1150593.8714556096,0.965222954750061,0.965222954750061,0.965222954750061
171.jpeg,0.5191388,11796450.73533467,2422588.783591836,0.0,0.0,0.0
709.jpeg,0.51096165,11843752.517968524,1142867.084087719,0.956631101667881,0.956631101667881,0.956631101667881
667.jpeg,0.5023024,11796690.898668028,1147374.207086922,0.9473977535963058,0.9473977535963058,0.9473977535963058
590.jpeg,0.49218953,11836161.667195352,1163645.4542562813,0.9548421576619148,0.9548421576619148,0.9548421576619148
359.jpeg,0.49121886,11796381.847186493,2338154.2692403826,0.9635637030005456,0.9635637030005456,0.9635637030005456
210.jpeg,0.48801148,11804728.234226856,2384875.2828029376,0.9648007526993752,0.9648007526993752,0.9648007526993752
695.jpeg,0.48445287,11842116.180566752,1145229.2764207995,0.7572799660265446,0.7572799660265446,0.7572799660265446
61.jpeg,0.47554368,11840884.79648772,1162595.157056098,0.5587523132562637,0.9621821120381356,0.7977327058712641
326.jpeg,0.47000557,11788964.574901711,2350104.9199331463,0.955813966691494,0.971300669014454,0.9635573178529739
268.jpeg,0.46955976,11803190.9134015,2356407.262967811,0.9585959613323212,0.9585959613323212,0.9585959613323212
614.jpeg,0.46901417,11815707.93756987,1268242.937137168,0.632298618555069,0.924272671341896,0.7837737475832304
928.jpeg,0.45282656,11738535.469081333,1161078.3251425568,0.9527987986803056,0.960326425731182,0.9565626122057438
806.jpeg,0.45140308,11837060.118339648,1162390.2641432143,0.9648309350013732,0.9648309350013732,0.9648309350013732
947.jpeg,0.4508755,11760404.26609411,1173165.4513410795,0.9625917077064514,0.9625917077064514,0.9625917077064514
922.jpeg,0.44885516,11834659.259375568,1157399.2609463749,0.5663795322179794,0.5663795322179794,0.5663795322179794
989.jpeg,0.44857135,11809477.571721358,1267127.1529388044,0.963795430958271,0.963795430958271,0.963795430958271
930.jpeg,0.44851094,11741332.59986586,1157007.677894011,0.966579258441925,0.966579258441925,0.966579258441925
311.jpeg,0.44382972,11798748.56932406,2349011.860635066,0.958649441599846,0.9715471938252448,0.9649021277825037
714.jpeg,0.43571365,11839649.070834244,1144833.4744982729,0.6400841204449534,0.6400841204449534,0.6400841204449534
444.jpeg,0.4259456,11838310.2711843,2324345.4634785745,0.9603946432471276,0.9603946432471276,0.9603946432471276
866.jpeg,0.42394975,11799888.773915907,2299943.660591542,0.9679095149040222,0.9679095149040222,0.9679095149040222
196.jpeg,0.41149545,11819784.616724938,2427965.4284087503,0.9550670012831688,0.9697734862565994,0.9624202437698841
236.jpeg,0.40189257,11802696.538377767,2383815.333572627,0.960759088397026,0.960759088397026,0.960759088397026
700.jpeg,0.39918762,11844780.582972726,1147298.9825524748,0.9663029983639716,0.9663029983639716,0.9663029983639716
735.jpeg,0.39841822,11837503.989344325,1111383.6405298382,0.7455034404993057,0.9682563245296478,0.8568798825144768
779.jpeg,0.3933202,11820942.079253327,1168232.2719751813,0.9734567776322364,0.9734567776322364,0.9734567776322364
683.jpeg,0.3918528,11800223.415225515,1141914.596287704,0.9247217401862144,0.9247217401862144,0.9247217401862144
664.jpeg,0.38931406,11796239.433105525,1143523.5677743617,0.9595071449875832,0.9595071449875832,0.9595071449875832
584.jpeg,0.38493344,11836286.879809633,1158242.492901775,0.9642694666981696,0.9642694666981696,0.9642694666981696
182.jpeg,0.3790191,11801428.496352054,2432531.8032269483,0.9615953490138054,0.9615953490138054,0.9615953490138054
655.jpeg,0.37768438,11794430.286436366,1136931.9438575064,0.9650313258171082,0.9650313258171082,0.9650313258171082
972.jpeg,0.37663275,11811894.651826032,1273285.0266564065,0.6485725231468678,0.831755205988884,0.7401638645678759
482.jpeg,0.37469882,11736663.430787615,1162223.894911386,0.9534282237291336,0.9534282237291336,0.9534282237291336
453.jpeg,0.372792,11838646.867593369,2330439.34210313,0.9033030569553376,0.9033030569553376,0.9033030569553376
276.jpeg,0.37199444,11805248.454424994,2353194.6188189434,0.9639541283249856,0.9639541283249856,0.9639541283249856
105.jpeg,0.37050477,11823273.838750258,2425056.8150717244,0.6206567287445068,0.6206567287445068,0.6206567287445068
288.jpeg,0.35789555,11805560.950991029,2350033.915280789,0.0,0.0,0.0
969.jpeg,0.35401982,11811729.487095537,1266344.0863635724,0.9418720975518228,0.9662519916892052,0.9540620446205139
169.jpeg,0.33852074,11797333.528641328,2422852.254549093,0.963117279112339,0.963117279112339,0.963117279112339
254.jpeg,0.32939824,11802689.001193134,2375786.131883132,0.9637687802314758,0.9637687802314758,0.9637687802314758
491.jpeg,0.32848182,11731047.909845876,1161876.753169214,0.9590676873922348,0.9590676873922348,0.9590676873922348
253.jpeg,0.32773402,11802686.398661748,2375788.0270916936,0.9637687802314758,0.9637687802314758,0.9637687802314758
688.jpeg,0.32488102,11838918.883483157,1148665.0988657852,0.9620279222726822,0.9680755063891412,0.9650517143309116
194.jpeg,0.3177296,11818649.881039938,2425458.534929221,0.9702154099941254,0.9702154099941254,0.9702154099941254
323.jpeg,0.31714043,11793355.678903624,2351844.0558568058,0.9657823741436004,0.975860759615898,0.9708215668797492
85.jpeg,0.3138849,11816779.11202715,1165184.9663275853,0.8218016624450684,0.9639179557561874,0.8781612565120062
946.jpeg,0.31005403,11759594.746526228,1170838.01006734,0.952830731868744,0.952830731868744,0.952830731868744
545.jpeg,0.30548748,11792779.985841954,1148287.7277143276,0.955381914973259,0.955381914973259,0.955381914973259
540.jpeg,0.29847014,11784493.013527129,1123847.849648449,0.9662445560097694,0.9662445560097694,0.9662445560097694
143.jpeg,0.29287595,11791349.786876066,2435526.1154871504,0.6908198148012161,0.6908198148012161,0.6908198148012161
624.jpeg,0.28621924,11798259.989338009,2378676.030824756,0.9651925340294838,0.9651925340294838,0.9651925340294838
160.jpeg,0.27915934,11789671.371629337,2430823.0453098505,0.9561240896582603,0.9561240896582603,0.9561240896582603
998.jpeg,0.27397627,11800123.29207685,2425641.626064901,0.9629817306995392,0.9629817306995392,0.9629817306995392
873.jpeg,0.2724645,11796767.524730347,2302591.317240788,0.9319363683462144,0.9570024311542512,0.9444693997502328
384.jpeg,0.27187985,11788178.58718227,2329945.366009931,0.5444082170724869,0.6544706579297781,0.5994394375011325
658.jpeg,0.26950485,11794885.77112196,1144861.361839839,0.8618097379803658,0.9667006358504296,0.9304362783829371
566.jpeg,0.268425,11802490.638785329,1136157.604108806,0.9587259441614152,0.9587259441614152,0.9587259441614152
739.jpeg,0.26687348,11834624.61421551,1109275.1248191677,0.0,0.0,0.0
141.jpeg,0.26676908,11793964.839715617,2436340.579868618,0.9609065428376198,0.9609065428376198,0.9609065428376198
990.jpeg,0.26546425,11809992.60247774,1268525.4184260345,0.97454434633255,0.97454434633255,0.97454434633255
295.jpeg,0.25865436,11806593.670625675,2349093.664356448,0.966802917420864,0.966802917420864,0.966802917420864
298.jpeg,0.25656563,11808730.653662652,2346914.451065569,0.9602906182408332,0.9602906182408332,0.9602906182408332
926.jpeg,0.25593174,11737545.449137462,1161728.510692494,0.924520842730999,0.924520842730999,0.924520842730999
283.jpeg,0.25455478,11806572.587117892,2351807.582318417,0.9557157680392264,0.9557157680392264,0.9557157680392264
452.jpeg,0.2544143,11839575.169407437,2329119.320425576,0.9601182490587234,0.9601182490587234,0.9601182490587234
19.jpeg,0.25224426,11760047.239594596,1173576.6322770456,0.9620644599199296,0.9620644599199296,0.9620644599199296
378.jpeg,0.2503347,11791159.637656102,2318329.037234789,0.8973886370658875,0.9558651596307756,0.9266268983483315
620.jpeg,0.24517854,11794713.217243616,2342068.483973596,0.9670060724020004,0.9688345715403556,0.967920321971178
537.jpeg,0.24505194,11785780.560279535,1118079.5022650652,0.94319249689579,0.94319249689579,0.94319249689579
418.jpeg,0.24065523,11795367.27186376,2300862.591859988,0.9684543535113336,0.9684543535113336,0.9684543535113336
10.jpeg,0.23737065,11738343.022305757,1160081.5875469258,0.9655067026615144,0.9655067026615144,0.9655067026615144
124.jpeg,0.23593904,11798308.857540311,2434376.668616176,0.9651573002338408,0.9651573002338408,0.9651573002338408
224.jpeg,0.23534197,11810763.144188706,2379092.4990483737,0.9651819616556168,0.9651819616556168,0.9651819616556168
509.jpeg,0.23516549,11757063.432029372,1174113.956044036,0.9692732095718384,0.9692732095718384,0.9692732095718384
313.jpeg,0.23492625,11798403.103828195,2351248.271958471,0.9644727408885956,0.9644727408885956,0.9644727408885956
495.jpeg,0.22970751,11755693.864365697,1166894.751551333,0.959541916847229,0.959541916847229,0.959541916847229
520.jpeg,0.22423273,11769183.783575166,1159956.6559914895,0.8092878758907318,0.9676258340477945,0.8884568549692631
327.jpeg,0.22092173,11788965.540476946,2350110.9175420823,0.955813966691494,0.971300669014454,0.9635573178529739
772.jpeg,0.21948412,11818510.796413396,1162496.4780438258,0.6235653385519981,0.8773336932063103,0.7504495158791542
112.jpeg,0.21202451,11791705.091278013,2336261.0138118463,0.9650284051895142,0.9650284051895142,0.9650284051895142
98.jpeg,0.2095058,11812757.351341149,1278048.07651155,0.9367644414305688,0.9367644414305688,0.9367644414305688
693.jpeg,0.20864329,11841277.56375534,1145477.516106289,0.9545725360512732,0.9545725360512732,0.9545725360512732
959.jpeg,0.20314613,11701413.251875794,1198098.7586220163,0.945569284260273,0.945569284260273,0.945569284260273
209.jpeg,0.19607078,11804657.166746223,2385240.55329966,0.9633828774094582,0.9633828774094582,0.9633828774094582
953.jpeg,0.19527131,11761399.103592282,1169241.138515732,0.762334831058979,0.9712908193469048,0.8668128252029419
938.jpeg,0.19029307,11736855.660549227,1161646.2556097747,0.8273405283689499,0.8273405283689499,0.8273405283689499
514.jpeg,0.18820284,11758995.635803573,1168844.8067805043,0.9641719236969948,0.9641719236969948,0.9641719236969948
273.jpeg,0.18353759,11806697.055474916,2354557.4379876866,0.965655952692032,0.965655952692032,0.965655952692032
173.jpeg,0.1816536,11794398.216258012,2424347.897504076,0.9624228477478028,0.9624228477478028,0.9624228477478028
342.jpeg,0.18158525,11796558.746575864,2340012.3470921223,0.9688072353601456,0.9688072353601456,0.9688072353601456
843.jpeg,0.17870913,11869829.637097117,1167969.6876733224,0.5955715514719486,0.9659401252865792,0.7807558383792639
108.jpeg,0.17592065,11800375.6758179,2381555.12751012,0.9695162773132324,0.9695162773132324,0.9695162773132324
729.jpeg,0.17421609,11834525.617771637,1109262.003157874,0.9409764632582664,0.9409764632582664,0.9409764632582664
653.jpeg,0.17292479,11792039.28145553,1149039.5342429269,0.8683232739567757,0.8683232739567757,0.8683232739567757
985.jpeg,0.17227769,11809998.698281877,1268523.5567121836,0.97454434633255,0.97454434633255,0.97454434633255
501.jpeg,0.16905227,11753723.195310926,1174100.6250663565,0.9648390412330629,0.9648390412330629,0.9648390412330629
447.jpeg,0.16729662,11836270.802450122,2327480.994134975,0.9675836861133577,0.9675836861133577,0.9675836861133577
321.jpeg,0.16441657,11791074.82878952,2349226.9127417905,0.963573545217514,0.963573545217514,0.963573545217514
346.jpeg,0.16207597,11789950.020004062,2341161.981377072,0.9651207476854324,0.9651207476854324,0.9651207476854324
245.jpeg,0.1616555,11803991.713037057,2378351.6642816057,0.960864432156086,0.960864432156086,0.960864432156086
416.jpeg,0.16020195,11795735.73552014,2305206.595283652,0.9526869356632232,0.9526869356632232,0.9526869356632232
991.jpeg,0.1580984,11809909.69172086,1268125.9370562837,0.0,0.0,0.0
649.jpeg,0.15704197,11789602.140397012,1149225.407025754,0.9616170525550842,0.9616170525550842,0.9616170525550842
914.jpeg,0.15519997,11773369.701312875,1152322.032412377,0.882232628762722,0.882232628762722,0.882232628762722
996.jpeg,0.15373228,11800145.154170392,2425527.378995014,0.9629817306995392,0.9629817306995392,0.9629817306995392
819.jpeg,0.15303162,11840365.683581345,1159607.0223271782,0.9413521215319632,0.9413521215319632,0.9413521215319632
130.jpeg,0.15213002,11797028.23995584,2437931.3463194026,0.8898912370204926,0.8898912370204926,0.8898912370204926
355.jpeg,0.15042101,11796415.468897875,2334786.577943236,0.9558760449290276,0.9678170308470726,0.9618465378880501
950.jpeg,0.15033852,11760109.421051744,1170708.3393012069,0.9668423011898994,0.9668423011898994,0.9668423011898994
826.jpeg,0.1452281,11833901.863953795,1162336.767125321,0.9601653516292572,0.9601653516292572,0.9601653516292572
119.jpeg,0.14262792,11788360.428129142,2290259.5209548543,0.9675995036959648,0.9675995036959648,0.9675995036959648
619.jpeg,0.14205831,11798258.402556594,2349545.319994258,0.8691318780183792,0.8691318780183792,0.8691318780183792
372.jpeg,0.13874914,11792663.020749224,2323244.873498276,0.9500325098633766,0.9500325098633766,0.9500325098633766
464.jpeg,0.13846672,11699164.511074226,1196055.0243307769,0.9691476747393608,0.9691476747393608,0.9691476747393608
151.jpeg,0.1368614,11794521.654186204,2429140.580285327,0.0,0.0,0.0
174.jpeg,0.1346345,11796987.749187708,2424410.593192521,0.7919778376817703,0.7919778376817703,0.7919778376817703
261.jpeg,0.13283391,11800310.46589275,2378095.61951186,0.9385482221841812,0.9385482221841812,0.9385482221841812
682.jpeg,0.13060974,11799630.376917308,1148074.9133456291,0.5853529758751392,0.8990055844187737,0.7421792801469564
731.jpeg,0.12981144,11838158.134155223,1108058.517531369,0.9603274017572404,0.9603274017572404,0.9603274017572404
830.jpeg,0.12887785,11835137.931355828,1157719.704715595,0.9469358921051024,0.9469358921051024,0.9469358921051024
758.jpeg,0.12681384,11837685.591381278,1111453.5984108222,0.9682563245296478,0.9682563245296478,0.9682563245296478
880.jpeg,0.12618007,11797009.208382284,2300166.7044719546,0.9673967733979224,0.9673967733979224,0.9673967733979224
370.jpeg,0.12590505,11795674.316691536,2324518.039184935,0.9632934853434564,0.9632934853434564,0.9632934853434564
211.jpeg,0.12501511,11804682.7225053,2384829.722289002,0.9648007526993752,0.9648007526993752,0.9648007526993752
774.jpeg,0.12229985,11817720.795137266,1162209.540793015,0.9647252038121223,0.9647252038121223,0.9647252038121223
252.jpeg,0.12215523,11803552.244378902,2377346.94930658,0.9657515436410904,0.9657515436410904,0.9657515436410904
904.jpeg,0.11890484,11772717.859446203,1151712.9742247986,0.9571898952126504,0.9571898952126504,0.9571898952126504
41.jpeg,0.11789423,11797918.954264708,1139288.191562238,0.9653550758957864,0.9653550758957864,0.9653550758957864
294.jpeg,0.1177499,11806019.46674114,2349823.4554666844,0.9633874073624612,0.9633874073624612,0.9633874073624612
315.jpeg,0.11685138,11800942.544894388,2347632.6719975043,0.9713362008333206,0.9713362008333206,0.9713362008333206
139.jpeg,0.11664916,11795164.23115387,2439041.2741327533,0.960952803492546,0.960952803492546,0.960952803492546
422.jpeg,0.11636981,11794597.964901391,2299553.1348990262,0.960520826280117,0.960684821009636,0.9606028236448765
871.jpeg,0.11560372,11796724.410379594,2304393.026919251,0.6614153534173965,0.6614153534173965,0.6614153534173965
907.jpeg,0.11330975,11772950.097184652,1152174.2402880222,0.963372491300106,0.963372491300106,0.963372491300106
827.jpeg,0.11213759,11840965.431032632,1158360.255980536,0.727478452026844,0.727478452026844,0.727478452026844
979.jpeg,0.11208863,11814073.321965383,1267500.0794867957,0.6906019113957882,0.847382590174675,0.7689922507852316
262.jpeg,0.11201247,11798284.885040948,2378529.272462688,0.9651925340294838,0.9651925340294838,0.9651925340294838
697.jpeg,0.111967646,11842882.94938182,1145650.048854557,0.9588574841618538,0.9588574841618538,0.9588574841618538
502.jpeg,0.11147093,11753724.621563569,1174103.8389222145,0.9648390412330629,0.9648390412330629,0.9648390412330629
401.jpeg,0.11084309,11793412.149655089,2328597.3297192976,0.9561938419938087,0.9561938419938087,0.9561938419938087
955.jpeg,0.10680062,11696726.709581438,1194766.4458579822,0.9642958268523216,0.9642958268523216,0.9642958268523216
242.jpeg,0.106175095,11805543.490293715,2380249.703333335,0.9211455956101418,0.9211455956101418,0.9211455956101418
895.jpeg,0.105980396,11791118.9177317,2291455.6372615783,0.968823440372944,0.968823440372944,0.968823440372944
438.jpeg,0.10563807,11837072.061158072,2325921.626426565,0.9693647250533104,0.9693647250533104,0.9693647250533104
17.jpeg,0.10523505,11757799.514960788,1171786.5148747766,0.6673539727926254,0.9610506370663644,0.8142023049294949
42.jpeg,0.10521784,11794952.512201548,1145054.317396148,0.9495004788041116,0.9667006358504296,0.9597427845001221
980.jpeg,0.1040662,11814270.87767615,1276731.3036840842,0.9576142206788064,0.9576142206788064,0.9576142206788064
128.jpeg,0.103762284,11796728.427200245,2435008.066094395,0.5757832136005163,0.5757832136005163,0.5757832136005163
964.jpeg,0.1024163,11809423.35912934,1267027.1388512058,0.963795430958271,0.963795430958271,0.963795430958271
364.jpeg,0.102136165,11796022.90646854,2332604.0132716163,0.9078861624002456,0.9619340226054192,0.9349100925028324
18.jpeg,0.102028966,11760282.150649764,1173350.1691040697,0.9625917077064514,0.9625917077064514,0.9625917077064514
190.jpeg,0.100805126,11818083.441941028,2424340.3222327386,0.9732219278812408,0.9732219278812408,0.9732219278812408
829.jpeg,0.100101925,11840400.310589682,1159450.811779934,0.9413521215319632,0.9609366059303284,0.9511443637311459
851.jpeg,0.09964657,11875196.27948542,1164413.4653857525,0.9314545467495918,0.975358210504055,0.9534063786268234
179.jpeg,0.09802435,11799747.77433229,2427976.5879853764,0.96568351238966,0.96568351238966,0.96568351238966
63.jpeg,0.09737366,11839966.208652567,1159669.3703414276,0.5689241858199239,0.5689241858199239,0.5689241858199239
135.jpeg,0.09725989,11796403.622018244,2441928.3634932493,0.958613321185112,0.958613321185112,0.958613321185112
711.jpeg,0.09682166,11841054.21105509,1142629.1396517404,0.0,0.0,0.0
129.jpeg,0.09630106,11797020.15151153,2437868.6005497635,0.8898912370204926,0.8898912370204926,0.8898912370204926
733.jpeg,0.0957272,11837683.114179509,1111454.0243249456,0.9682563245296478,0.9682563245296478,0.9682563245296478
530.jpeg,0.095225,11770289.150119148,1150328.4981620973,0.5634678453207016,0.9064644202589988,0.7349661327898502
471.jpeg,0.0941636,11702633.278970247,1197522.946657973,0.9587302431464196,0.9684554040431976,0.9635928235948086
744.jpeg,0.09386754,11834561.826499607,1109277.2453122446,0.9409764632582664,0.9409764632582664,0.9409764632582664
937.jpeg,0.092571475,11737357.478661904,1162558.7950862828,0.9592780247330666,0.9592780247330666,0.9592780247330666
932.jpeg,0.09249307,11742444.488412386,1156148.106956263,0.9728671610355376,0.9728671610355376,0.9728671610355376
221.jpeg,0.08968618,11812157.692522513,2380807.320683699,0.9658905044198036,0.9658905044198036,0.9658905044198036
574.jpeg,0.0896753,11836090.508077666,1113136.3718553807,0.915051020681858,0.915051020681858,0.915051020681858
549.jpeg,0.08844799,11798992.03326968,1151441.5367902762,0.9589026421308516,0.9589026421308516,0.9589026421308516
723.jpeg,0.08832049,11836915.852523783,1116720.5229240304,0.6797534935176373,0.6797534935176373,0.6797534935176373
949.jpeg,0.087757416,11760079.856184104,1169928.1285115655,0.9692340716719628,0.9692340716719628,0.9692340716719628
246.jpeg,0.08762051,11803594.99218963,2378059.269134444,0.9675916731357574,0.9675916731357574,0.9675916731357574
414.jpeg,0.087589726,11794568.023590418,2307193.056225007,0.9715181142091752,0.9715181142091752,0.9715181142091752
732.jpeg,0.085989,11834476.90340407,1110207.137899251,0.8842609375715256,0.9528430700302124,0.918552003800869
274.jpeg,0.08533591,11808713.242115742,2353790.9135737624,0.9584593027830124,0.9584593027830124,0.9584593027830124
671.jpeg,0.08471356,11797235.04343802,1147494.896739807,0.5290008038282394,0.5290008038282394,0.5290008038282394
33.jpeg,0.084472604,11788518.614071343,1137936.3022436758,0.9582641199231148,0.9582641199231148,0.9582641199231148
480.jpeg,0.08355995,11734764.276114486,1163939.6525536173,0.5219937823712826,0.8651179894804955,0.7110290775696436
852.jpeg,0.083339624,11875257.964993048,1159792.9204841843,0.9353213235735892,0.9353213235735892,0.9353213235735892
659.jpeg,0.082743116,11794923.989290597,1145574.2042651307,0.963468722999096,0.963468722999096,0.963468722999096
931.jpeg,0.08272222,11742400.150599018,1156293.9499097408,0.9728671610355376,0.9728671610355376,0.9728671610355376
440.jpeg,0.07944624,11838565.54979854,2325962.542168103,0.9655957743525504,0.9655957743525504,0.9655957743525504
290.jpeg,0.07919782,11805732.035766251,2349727.4122996163,0.9633874073624612,0.9633874073624612,0.9633874073624612
352.jpeg,0.079156,11790888.375545038,2336514.1520913565,0.0,0.0,0.0
913.jpeg,0.07884638,11774154.361720731,1151432.045239783,0.0,0.0,0.0
715.jpeg,0.07736684,11840448.820294248,1146773.1635178423,0.9560372456908226,0.9560372456908226,0.9560372456908226
222.jpeg,0.07656842,11812049.743213767,2380892.062946764,0.9658905044198036,0.9658905044198036,0.9658905044198036
485.jpeg,0.076520726,11735645.724046389,1162748.695033654,0.9803456366062164,0.9803456366062164,0.9803456366062164
201.jpeg,0.07565396,11823974.08559646,2425341.781443603,0.9664059579372406,0.9664059579372406,0.9664059579372406
749.jpeg,0.07558804,11838481.135452926,1114223.5693206738,0.9580045789480208,0.9628035724163057,0.9604040756821632
111.jpeg,0.07531265,11792252.373098323,2336802.6938525955,0.9611741378903388,0.9611741378903388,0.9611741378903388
726.jpeg,0.0752073,11833316.259586675,1109303.747305107,0.8153312429785728,0.8153312429785728,0.8153312429785728
46.jpeg,0.07416681,11796704.243946848,1147287.5967328034,0.9473977535963058,0.9473977535963058,0.9473977535963058
136.jpeg,0.074135825,11796795.232635504,2440527.335204936,0.9543312788009644,0.9543312788009644,0.9543312788009644
531.jpeg,0.07404213,11772697.34490564,1150805.0213732922,0.9668452739715576,0.9668452739715576,0.9668452739715576
161.jpeg,0.07375225,11789616.835388344,2430978.304033889,0.9561240896582603,0.9561240896582603,0.9561240896582603
57.jpeg,0.07301211,11875559.550826568,1159400.6249248015,0.9631808623671532,0.9631808623671532,0.9631808623671532
150.jpeg,0.072414234,11795132.596073477,2431197.0908165453,0.9470605105161668,0.9470605105161668,0.9470605105161668
392.jpeg,0.072255775,11790952.17546985,2326433.7536096936,0.0,0.0,0.0
436.jpeg,0.07093647,11836927.758702911,2325532.607452278,0.9640481099486352,0.9640481099486352,0.9640481099486352
652.jpeg,0.07082049,11791347.65473737,1137127.3544743515,0.9684142842888832,0.9684142842888832,0.9684142842888832
175.jpeg,0.070674516,11800424.731686126,2424011.540074211,0.8026831746101379,0.8026831746101379,0.8026831746101379
350.jpeg,0.06966434,11789166.104327869,2337540.61019168,0.9666583463549614,0.9666583463549614,0.9666583463549614
701.jpeg,0.06912733,11840737.046358332,1147798.407315574,0.7553779892623425,0.9668929800391196,0.8611354846507311
460.jpeg,0.06903143,11842297.941764748,2324437.6334283887,0.970466285943985,0.970466285943985,0.970466285943985
30.jpeg,0.06865564,11781585.630231855,1123700.3558234684,0.955859936773777,0.955859936773777,0.955859936773777
267.jpeg,0.0681116,11803894.252962982,2381429.8106092126,0.9665528163313866,0.9665528163313866,0.9665528163313866
737.jpeg,0.06807574,11837565.316114714,1112214.8979556223,0.9308782145380974,0.9533460065722466,0.942112110555172
29.jpeg,0.06742192,11780846.540944977,1128642.669355001,0.9523822516202928,0.9523822516202928,0.9523822516202928
459.jpeg,0.067362085,11840202.462140229,2325037.428789031,0.9702199697494508,0.9702199697494508,0.9702199697494508
900.jpeg,0.06683539,11771474.141576452,1153939.5161118477,0.9588636308908464,0.9588636308908464,0.9588636308908464
1001.jpeg,0.06653607,11822283.52117079,2424287.234114286,0.9533007815480232,0.9533007815480232,0.9533007815480232
870.jpeg,0.066456094,11794498.191495234,2305335.756153695,0.9683273285627364,0.9683273285627364,0.9683273285627364
470.jpeg,0.06612461,11701453.782485742,1198082.953522056,0.945569284260273,0.945569284260273,0.945569284260273
231.jpeg,0.06603631,11810278.703294108,2382606.9444165938,0.886776439845562,0.886776439845562,0.886776439845562
757.jpeg,0.065604135,11837826.671634844,1109686.315593623,0.9631026983261108,0.9631026983261108,0.9631026983261108
289.jpeg,0.065538354,11805736.516004048,2349728.133433085,0.9633874073624612,0.9633874073624612,0.9633874073624612
26.jpeg,0.06479939,11777306.172823744,1126598.477576092,0.9669889137148856,0.9669889137148856,0.9669889137148856
821.jpeg,0.06474894,11840419.569396423,1159809.726432558,0.7139216288924217,0.7139216288924217,0.7139216288924217
330.jpeg,0.064730234,11792458.629909389,2344962.629369969,0.969106636941433,0.969106636941433,0.969106636941433
676.jpeg,0.06413779,11797848.56569314,1147086.9372927782,0.9320648536086082,0.9320648536086082,0.9320648536086082
461.jpeg,0.06379019,11842485.70862908,2324490.3623944367,0.7912390381097794,0.970466285943985,0.8808526620268822
144.jpeg,0.06374045,11790000.046903243,2433394.548383316,0.9583700150251389,0.9583700150251389,0.9583700150251389
936.jpeg,0.06348103,11734743.611885216,1165482.5470390634,0.9691171944141388,0.9691171944141388,0.9691171944141388
961.jpeg,0.06307494,11702251.6650764,1198705.8183735216,0.7431103214621544,0.7431103214621544,0.7431103214621544
680.jpeg,0.062997155,11797960.608707342,1139358.2659215028,0.6637624129652977,0.9653550758957864,0.8520343825221062
133.jpeg,0.06234377,11799255.855841223,2439427.275401004,0.9694505780935287,0.9694505780935287,0.9694505780935287
100.jpeg,0.062050648,11837860.47154734,2326623.622458973,0.8632535189390182,0.8632535189390182,0.8632535189390182
336.jpeg,0.061759707,11793489.56706656,2346892.539825139,0.9614059403538704,0.9614059403538704,0.9614059403538704
957.jpeg,0.06130804,11700305.96906872,1198776.0874485946,0.9667986556887628,0.9667986556887628,0.9667986556887628
351.jpeg,0.06083857,11789011.031577077,2337401.8115244783,0.9666583463549614,0.9666583463549614,0.9666583463549614
234.jpeg,0.0608158,11807167.102239238,2384262.0528848614,0.0,0.0,0.0
577.jpeg,0.06040616,11837722.832063183,1112212.9107324467,0.9308782145380974,0.9533460065722466,0.942112110555172
149.jpeg,0.06037764,11795232.243778031,2431626.1960409875,0.9549803882837296,0.9549803882837296,0.9549803882837296
121.jpeg,0.059914112,11798292.410618763,2302405.904181789,0.9598629027605056,0.9598629027605056,0.9598629027605056
743.jpeg,0.059563283,11838910.152651802,1111780.2407683209,0.5143290534615517,0.9124114587903024,0.713370256125927
988.jpeg,0.059489988,11812379.82669312,1271215.9038297173,0.8473270535469055,0.8473270535469055,0.8473270535469055
527.jpeg,0.05945999,11772818.48956469,1152645.126078888,0.9593804255127908,0.9593804255127908,0.9593804255127908
183.jpeg,0.05939926,11801491.327378042,2432526.5084754527,0.9615953490138054,0.9615953490138054,0.9615953490138054
656.jpeg,0.05935318,11794100.37637244,1148183.3405646265,0.9656997323036194,0.9656997323036194,0.9656997323036194
640.jpeg,0.05900005,11792226.2277865,2338669.104721271,0.9552274644374849,0.9552274644374849,0.9552274644374849
375.jpeg,0.058991708,11790299.011139996,2322679.079230754,0.6918507739901543,0.9613827988505363,0.8266167864203453
927.jpeg,0.058981624,11737873.46796418,1162100.7538416828,0.0,0.0,0.0
54.jpeg,0.05854424,11875070.106033456,1164256.4285187845,0.9485348910093307,0.975358210504055,0.9619465507566929
27.jpeg,0.057957765,11779502.394447071,1126429.0462570426,0.9645602330565451,0.9645602330565451,0.9645602330565451
753.jpeg,0.05793224,11837648.902865626,1111805.7368490875,0.5546286515891552,0.9533460065722466,0.7352145351469517
499.jpeg,0.057551213,11753924.42740584,1171363.982779958,0.5787053890526295,0.9720201641321182,0.7753627765923738
982.jpeg,0.057299946,11815072.934601158,1266794.076572105,0.9113457277417184,0.9113457277417184,0.9113457277417184
987.jpeg,0.05727783,11810936.736473486,1267363.4530526395,0.9625956416130066,0.9625956416130066,0.9625956416130066
745.jpeg,0.056889728,11837444.276032766,1111857.749794889,0.6976689472794533,0.6976689472794533,0.6976689472794533
623.jpeg,0.056804195,11798268.845184147,2378594.378737905,0.9651925340294838,0.9651925340294838,0.9651925340294838
625.jpeg,0.05676742,11800426.80490783,2381626.355621626,0.9695162773132324,0.9695162773132324,0.9695162773132324
642.jpeg,0.05649766,11792380.672899408,2338651.474000685,0.9552274644374849,0.9631571248173714,0.959192294627428
258.jpeg,0.05633628,11806666.425310131,2376607.969601538,0.9531951621174812,0.9531951621174812,0.9531951621174812
344.jpeg,0.056152966,11792234.43851265,2342225.0988126565,0.9647287800908088,0.9647287800908088,0.9647287800908088
940.jpeg,0.056014784,11757703.85660774,1170461.7670962375,0.956150397658348,0.956150397658348,0.956150397658348
521.jpeg,0.05587838,11770683.78333648,1157869.285685863,0.8767937794327736,0.9657204523682594,0.9212571159005165
255.jpeg,0.055736322,11803768.765317904,2375838.160604749,0.9677639231085776,0.9677639231085776,0.9677639231085776
542.jpeg,0.055730302,11791062.047486562,1144766.7360988832,0.962806224822998,0.962806224822998,0.962806224822998
679.jpeg,0.055679496,11800168.717597572,1146768.670559022,0.955297827720642,0.955297827720642,0.955297827720642
449.jpeg,0.055537336,11836723.446713507,2326890.738330742,0.9664825052022934,0.9664825052022934,0.9664825052022934
965.jpeg,0.05530958,11810718.78404322,1268380.3634803495,0.8915669396519661,0.9388174042105676,0.9151921719312668
554.jpeg,0.05522954,11800270.540882291,1149544.6871127714,0.6363110169768333,0.6363110169768333,0.6363110169768333
986.jpeg,0.054829746,11809987.39272477,1267040.466477203,0.7896403670310974,0.970749981701374,0.8801951743662357
180.jpeg,0.05467489,11800732.310152443,2428869.184301601,0.5006328374147415,0.9688186049461364,0.7917638719081879
492.jpeg,0.05456972,11730854.501713598,1160870.7203580863,0.6061284765601158,0.6061284765601158,0.6061284765601158
24.jpeg,0.054503486,11778567.586361758,1126534.3480240027,0.9659608900547028,0.9659608900547028,0.9659608900547028
486.jpeg,0.05447102,11737934.306401651,1161524.0120727853,0.7609952017664909,0.7943181619048119,0.7776566818356514
16.jpeg,0.054365452,11742327.567002935,1155175.8403393177,0.9098705276846886,0.9098705276846886,0.9098705276846886
722.jpeg,0.05435925,11837584.815871254,1112183.6291528298,0.9308782145380974,0.9533460065722466,0.942112110555172
345.jpeg,0.05408657,11793855.72556347,2341688.0531432545,0.9792448580265044,0.9792448580265044,0.9792448580265044
83.jpeg,0.05405719,11813392.61496848,1164640.238855739,0.9540911242365836,0.9540911242365836,0.9540911242365836
81.jpeg,0.05396638,11810469.454633744,1163395.4175621178,0.8399507030844688,0.8399507030844688,0.8399507030844688
742.jpeg,0.053880353,11834896.86279941,1108233.8879645471,0.943482741713524,0.9512187838554382,0.947350762784481
719.jpeg,0.053789448,11842057.769577842,1145788.6269520076,0.9033128023147584,0.9033128023147584,0.9033128023147584
992.jpeg,0.053764276,11811680.83391668,1265818.6640432673,0.8354906290769577,0.8354906290769577,0.8354906290769577
559.jpeg,0.053742073,11797997.111684848,1144194.198394478,0.8145831748843193,0.8145831748843193,0.8145831748843193
117.jpeg,0.053723328,11791965.30849504,2292410.817942572,0.9606636986136436,0.9606636986136436,0.9606636986136436
690.jpeg,0.053550877,11837073.267085023,1146146.5928244612,0.5619123615324497,0.5619123615324497,0.5619123615324497
166.jpeg,0.05354863,11793715.661445672,2420092.7953451434,0.7957995310425758,0.7957995310425758,0.7957995310425758
34.jpeg,0.05340452,11790742.606884755,1137107.254171585,0.9738878011703492,0.9738878011703492,0.9738878011703492
746.jpeg,0.05336092,11836926.343300365,1110591.291543776,0.0,0.0,0.0
752.jpeg,0.053351194,11838098.756287796,1106887.4855965024,0.8171375319361687,0.9462175145745276,0.8837631146113077
638.jpeg,0.053045236,11790952.935893469,2334973.7998098424,0.9552949741482736,0.9552949741482736,0.9552949741482736
681.jpeg,0.052992295,11799503.410981037,1153865.005811015,0.964704118669033,0.964704118669033,0.964704118669033
963.jpeg,0.052924983,11808990.26513051,1269688.192174529,0.7609352245926857,0.7609352245926857,0.7609352245926857
677.jpeg,0.05279175,11797865.920402514,1147069.221978362,0.9320648536086082,0.9320648536086082,0.9320648536086082
551.jpeg,0.052641325,11799514.173771078,1153860.150679496,0.964704118669033,0.964704118669033,0.964704118669033
167.jpeg,0.052633245,11796911.290450234,2418975.1202990087,0.9776391014456748,0.9776391014456748,0.9776391014456748
20.jpeg,0.05261982,11760631.23977125,1172395.2920503423,0.969802737236023,0.969802737236023,0.969802737236023
575.jpeg,0.052598204,11836874.335308086,1112928.2718921057,0.9275159314274788,0.9275159314274788,0.9275159314274788
727.jpeg,0.052595664,11838275.275308104,1112375.0319330415,0.7742001339793205,0.7742001339793205,0.7742001339793205
506.jpeg,0.052565806,11754790.16334331,1172944.345171272,0.859375111758709,0.859375111758709,0.859375111758709
815.jpeg,0.052490763,11836947.775414577,1158838.079023591,0.96430204808712,0.96430204808712,0.96430204808712
379.jpeg,0.052215658,11789654.276072169,2322760.4609922306,0.0,0.0,0.0
95.jpeg,0.051852502,11812116.151830582,1266434.990986968,0.8112634047865868,0.8112634047865868,0.8112634047865868
617.jpeg,0.051791042,11811996.553336132,1271366.1605315786,0.9390096217393876,0.9527564272284508,0.9458830244839191
560.jpeg,0.05134579,11797378.050751705,1144481.0302695234,0.6405075043439865,0.8949123322963715,0.767709918320179
740.jpeg,0.051235966,11838510.160054475,1114197.665800443,0.9580045789480208,0.9580045789480208,0.9580045789480208
839.jpeg,0.051001366,11843338.549220888,1161577.121776926,0.9198593199253082,0.9198593199253082,0.9198593199253082
558.jpeg,0.05100101,11798222.09121499,1143588.0211352892,0.9391129910945892,0.9391129910945892,0.9391129910945892
634.jpeg,0.05092266,11790683.83666042,2337536.4196611,0.9614954218268394,0.9614954218268394,0.9614954218268394
929.jpeg,0.050908577,11739864.82879288,1158264.2332601442,0.9582547098398208,0.9582547098398208,0.9582547098398208
200.jpeg,0.05081376,11822776.680952182,2426717.0637120977,0.9729781821370124,0.9729781821370124,0.9729781821370124
155.jpeg,0.050651856,11792942.890396023,2427601.821113604,0.0,0.0,0.0
755.jpeg,0.05064359,11839177.128961124,1115569.285956543,0.8591226488351822,0.9270993024110794,0.8931109756231308
738.jpeg,0.05041439,11838082.190097682,1106876.949836231,0.8171375319361687,0.9462175145745276,0.8837631146113077
844.jpeg,0.05034129,11871443.268219974,1167524.1771732229,0.9593859687447548,0.9593859687447548,0.9593859687447548
768.jpeg,0.050269905,11815349.040250557,1164608.530022015,0.9651984721422197,0.9651984721422197,0.9651984721422197
51.jpeg,0.05023472,11839159.188221538,1115577.4697964042,0.660762395709753,0.9270993024110794,0.8156614489853382
56.jpeg,0.050164275,11874564.993189989,1164717.0126284317,0.9616700261831284,0.9616700261831284,0.9616700261831284
579.jpeg,0.050141484,11839842.096583487,1149453.663422929,0.9406389519572258,0.9640118181705476,0.9523253850638866
855.jpeg,0.050133374,11877598.457030842,1161922.070424348,0.8444319367408752,0.8444319367408752,0.8444319367408752
967.jpeg,0.050065637,11811238.646064218,1267426.6294248344,0.7225290462374687,0.7225290462374687,0.7225290462374687
981.jpeg,0.04995769,11813201.085704986,1267978.1289748014,0.9334164559841156,0.9334164559841156,0.9334164559841156
232.jpeg,0.049899355,11810289.695917193,2382602.546894085,0.886776439845562,0.886776439845562,0.886776439845562
951.jpeg,0.04988842,11762642.38579224,1168110.132448464,0.955631397664547,0.9634983912110328,0.9595648944377899
923.jpeg,0.04960923,11736154.575064084,1163739.777962349,0.8763010874390602,0.8763010874390602,0.8763010874390602
474.jpeg,0.04958791,11704853.21826998,1197894.984244562,0.5748334545642138,0.8650891706347466,0.7199613125994802
557.jpeg,0.049545914,11799589.325498125,1143534.6562088523,0.5747417733073235,0.6705177947878838,0.6226297840476036
983.jpeg,0.049345408,11816308.873330628,1272099.585255435,0.7379423603415489,0.7379423603415489,0.7379423603415489
863.jpeg,0.04922052,11797597.333639944,2302396.8854561867,0.0,0.0,0.0
721.jpeg,0.049212657,11838509.117036592,1114195.1747770102,0.9580045789480208,0.9580045789480208,0.9580045789480208
349.jpeg,0.049067717,11787390.298832158,2337570.097354505,0.9679424688220024,0.9679424688220024,0.9679424688220024
754.jpeg,0.04904274,11839175.261163654,1115567.2141639509,0.660762395709753,0.9270993024110794,0.8156614489853382
868.jpeg,0.048961166,11797699.636222316,2303644.189056436,0.9291229397058488,0.9291229397058488,0.9291229397058488
217.jpeg,0.048909348,11815459.41841555,2382331.8244382795,0.7336809560656548,0.9631729573011398,0.8484269566833973
319.jpeg,0.048861794,11792520.000002624,2349703.5252856663,0.9685469791293144,0.9685469791293144,0.9685469791293144
309.jpeg,0.048562538,11802229.196179269,2349253.744929525,0.9650830999016762,0.9650830999016762,0.9650830999016762
948.jpeg,0.048255637,11759710.650547478,1170745.648802289,0.952830731868744,0.952830731868744,0.952830731868744
529.jpeg,0.04811139,11773828.04996973,1152909.3815824063,0.7156501524150372,0.7156501524150372,0.7156501524150372
203.jpeg,0.048082273,11824556.794952434,2423582.2094487464,0.6957970149815083,0.6957970149815083,0.6957970149815083
606.jpeg,0.047854945,11811046.316259768,1267161.7038054334,0.6971298530697823,0.6971298530697823,0.6971298530697823
39.jpeg,0.047470316,11793203.850670628,1140975.6919894894,0.9608312696218492,0.9608312696218492,0.9608312696218492
734.jpeg,0.047432076,11838463.702597126,1114408.5009380938,0.9628035724163057,0.9628035724163057,0.9628035724163057
622.jpeg,0.04698653,11804744.215779783,2379281.117161084,0.958786241710186,0.958786241710186,0.958786241710186
728.jpeg,0.046953317,11836864.71684405,1110937.108901926,0.95038540661335,0.95038540661335,0.95038540661335
713.jpeg,0.046917852,11842671.857840752,1148522.6798572238,0.9492893293499948,0.9492893293499948,0.9492893293499948
994.jpeg,0.04669196,11795716.323722295,2433584.5956592364,0.9059106707572936,0.9059106707572936,0.9059106707572936
615.jpeg,0.04668792,11812669.34163459,1268359.064815624,0.9699060097336768,0.9699060097336768,0.9699060097336768
605.jpeg,0.046627693,11810863.661993608,1266790.4008281685,0.6971298530697823,0.8872119635343552,0.7921709083020687
483.jpeg,0.046422474,11736230.478435297,1162569.263374928,0.944189004600048,0.944189004600048,0.944189004600048
99.jpeg,0.04623673,11838207.125444602,2326470.621015896,0.9459353610873222,0.9459353610873222,0.9459353610873222
442.jpeg,0.04623438,11838205.055294994,2326469.811168518,0.9459353610873222,0.9459353610873222,0.9459353610873222
919.jpeg,0.046210352,11734816.17551748,1162473.8204663126,0.9632403552532196,0.9632403552532196,0.9632403552532196
503.jpeg,0.045788378,11751869.349193728,1175297.0442304837,0.9674395471811296,0.9674395471811296,0.9674395471811296
451.jpeg,0.045689534,11839189.790148055,2327824.926050832,0.9714426398277284,0.9714426398277284,0.9714426398277284
944.jpeg,0.04561973,11758703.10361972,1169320.3081136057,0.9623813629150392,0.9623813629150392,0.9623813629150392
750.jpeg,0.045607217,11836956.050478576,1110570.6612842572,0.0,0.0,0.0
712.jpeg,0.04549247,11843063.118435375,1145698.2012506188,0.0,0.0,0.0
142.jpeg,0.045289963,11791132.201288337,2436003.4701090483,0.9668936729431152,0.9668936729431152,0.9668936729431152
534.jpeg,0.045232177,11781289.805502934,1127100.9022019987,0.9135146364569664,0.9609502106904984,0.9372324235737324
299.jpeg,0.045154184,11808709.445184637,2346865.07855576,0.9602906182408332,0.9602906182408332,0.9602906182408332
952.jpeg,0.045050353,11761395.381071322,1169240.314036077,0.762334831058979,0.9712908193469048,0.8668128252029419
603.jpeg,0.044983175,11877971.407510951,1162015.7495586772,0.0,0.0,0.0
835.jpeg,0.044976987,11842613.228445146,1160571.034190269,0.94667337089777,0.94667337089777,0.94667337089777
765.jpeg,0.044933688,11813289.189454583,1163757.75903607,0.9592099487781524,0.9592099487781524,0.9592099487781524
602.jpeg,0.044893596,11875814.37194218,1161366.290018323,0.9508082643151284,0.9508082643151284,0.9508082643151284
769.jpeg,0.04482241,11817070.566009823,1165816.6329857036,0.9574506506323814,0.9674514979124068,0.9624510742723942
45.jpeg,0.044817008,11796662.790102627,1147348.503397107,0.9473977535963058,0.9473977535963058,0.9473977535963058
484.jpeg,0.044811945,11735871.990981076,1162594.043337639,0.9296261370182036,0.9296261370182036,0.9296261370182036
37.jpeg,0.044704366,11792464.886055091,1138947.7661210983,0.0,0.0,0.0
415.jpeg,0.044656407,11795648.983961033,2307768.077759506,0.9704312086105348,0.9704312086105348,0.9704312086105348
613.jpeg,0.044638045,11818302.70949996,1273073.2844477424,0.6740290969610214,0.794474508613348,0.7342518027871847
168.jpeg,0.04463691,11796597.293726828,2420535.629043043,0.96218553930521,0.96218553930521,0.96218553930521
696.jpeg,0.044607293,11843064.437540444,1145698.4296613978,0.0,0.0,0.0
910.jpeg,0.044470627,11774728.753126374,1151667.9206326846,0.9680099785327912,0.9680099785327912,0.9680099785327912
576.jpeg,0.04445105,11837742.09604222,1112111.9715618738,0.9533460065722466,0.9533460065722466,0.9533460065722466
935.jpeg,0.044228207,11737888.147533022,1162104.6857275383,0.0,0.0,0.0
654.jpeg,0.04403369,11793245.547590995,1148321.0321938118,0.9544398933649064,0.9544398933649064,0.9544398933649064
417.jpeg,0.043999556,11794822.544874389,2301681.324034058,0.7411298044025898,0.7411298044025898,0.7411298044025898
833.jpeg,0.043942284,11838734.178215584,1159300.291205988,0.9660088568925858,0.9660088568925858,0.9660088568925858
666.jpeg,0.043864053,11796580.069030114,1146824.8848965573,0.5730388425290585,0.5730388425290585,0.5730388425290585
596.jpeg,0.043581218,11813495.166254276,1166005.124938686,0.9665136337280272,0.9665136337280272,0.9665136337280272
58.jpeg,0.043455973,11875520.255062897,1158881.2199798073,0.9641547203063964,0.9641547203063964,0.9641547203063964
157.jpeg,0.04329008,11792167.014696227,2429860.066083549,0.8706188350915909,0.9589755684137344,0.9147972017526627
781.jpeg,0.0432562,11813702.60467402,1161100.0175900736,0.9618573486804962,0.9618573486804962,0.9618573486804962
840.jpeg,0.04324822,11845379.98395735,1158462.7755889955,0.7617216119542718,0.7617216119542718,0.7617216119542718
176.jpeg,0.043052297,11797628.01703236,2426748.881049571,0.9619751274585724,0.9619751274585724,0.9619751274585724
93.jpeg,0.043000054,11811945.562663233,1168820.750633326,0.9436806887388228,0.9436806887388228,0.9436806887388228
257.jpeg,0.042867973,11807021.107369136,2375220.7700121165,0.9695933610200882,0.9695933610200882,0.9695933610200882
113.jpeg,0.042690806,11791643.352135709,2336176.7937177084,0.9650284051895142,0.9650284051895142,0.9650284051895142
556.jpeg,0.042240452,11799769.060166828,1144231.4347248925,0.813997708261013,0.8743012920022011,0.8441495001316071
256.jpeg,0.042017404,11807129.090940973,2375227.564884836,0.9695933610200882,0.9695933610200882,0.9695933610200882
637.jpeg,0.04200157,11791150.465980085,2337250.71383236,0.930861547589302,0.930861547589302,0.930861547589302
156.jpeg,0.04197765,11792509.237126706,2427471.937606449,0.9475106075406076,0.9475106075406076,0.9475106075406076
644.jpeg,0.041825105,11790754.190578217,2336973.533646029,0.9468281492590904,0.9468281492590904,0.9468281492590904
708.jpeg,0.04159105,11841984.195682667,1145796.852163608,0.9033128023147584,0.9033128023147584,0.9033128023147584
578.jpeg,0.041541807,11835903.782490846,1109950.005439405,0.9222456961870192,0.9222456961870192,0.9222456961870192
450.jpeg,0.04146618,11839219.602902314,2327735.8767149257,0.9560584872961044,0.9714426398277284,0.9637505635619164
233.jpeg,0.0414342,11810041.85389468,2382999.443543233,0.9648191183805466,0.9648191183805466,0.9648191183805466
846.jpeg,0.04135166,11873188.428347403,1159622.198601799,0.9390617311000824,0.9390617311000824,0.9390617311000824
741.jpeg,0.041253973,11834665.874145469,1117291.9395422058,0.7802364975214005,0.7802364975214005,0.7802364975214005
504.jpeg,0.041200094,11754255.359577289,1175191.1149204797,0.0,0.0,0.0
162.jpeg,0.04114226,11791804.46191366,2426379.162190348,0.9328645691275596,0.9328645691275596,0.9328645691275596
473.jpeg,0.040791333,11703794.946713028,1198520.64921824,0.7710747718811035,0.7710747718811035,0.7710747718811035
581.jpeg,0.04074354,11840973.740688372,1159511.8063404695,0.8824319243431091,0.8824319243431091,0.8824319243431091
32.jpeg,0.04065996,11783946.726055998,1120179.8083660682,0.959552563726902,0.959552563726902,0.959552563726902
60.jpeg,0.039769683,11842844.334501611,1160090.5360039528,0.5211686231195927,0.5211686231195927,0.5211686231195927
437.jpeg,0.03969217,11836082.520351691,2325326.8861504816,0.0,0.0,0.0
9.jpeg,0.039590042,11737625.11425734,1161797.463435951,0.924520842730999,0.924520842730999,0.924520842730999
604.jpeg,0.03957398,11871379.32771264,1163216.020076529,0.8864132985472679,0.9697095975279808,0.9280614480376244
164.jpeg,0.039464764,11793471.020555137,2421449.413134573,0.9635081589221954,0.9635081589221954,0.9635081589221954
305.jpeg,0.039160643,11808581.514184823,2350367.321546092,0.9577954933047296,0.9577954933047296,0.9577954933047296
707.jpeg,0.038951483,11838884.510124492,1145863.6518817637,0.9166105538606644,0.9166105538606644,0.9166105538606644
601.jpeg,0.03878244,11875791.002181765,1167429.0938386212,0.8989184945821762,0.8989184945821762,0.8989184945821762
966.jpeg,0.038640402,11810937.526845176,1273436.49615817,0.9416634291410446,0.9416634291410446,0.9416634291410446
561.jpeg,0.038547594,11795675.97984721,1142215.8251690022,0.736388798803091,0.736388798803091,0.736388798803091
312.jpeg,0.03849704,11798486.264229476,2349548.168174241,0.95514976978302,0.95514976978302,0.95514976978302
629.jpeg,0.03807957,11789470.812454725,2336689.6128744786,0.9580804333090782,0.9580804333090782,0.9580804333090782
28.jpeg,0.038000647,11779374.989484968,1127107.1440961717,0.8022792688570917,0.9679556339979172,0.8851174514275044
569.jpeg,0.037891623,11797418.489369592,1137257.690551982,0.9573161378502846,0.9573161378502846,0.9573161378502846
532.jpeg,0.03786743,11783101.050103135,1128653.7701173036,0.812933586537838,0.884340725839138,0.848637156188488
526.jpeg,0.03780432,11772602.05812362,1152960.395284512,0.5501041077077389,0.5501041077077389,0.5501041077077389
31.jpeg,0.037668068,11781642.45370482,1121294.0492979777,0.95342655479908,0.9693151861429214,0.9613708704710007
25.jpeg,0.037624534,11777407.473877707,1126563.5119659407,0.9669889137148856,0.9669889137148856,0.9669889137148856
193.jpeg,0.03739871,11815671.4284294,2424527.3655377068,0.9213257804512978,0.9213257804512978,0.9213257804512978
607.jpeg,0.037349787,11808694.201818427,1268767.686149375,0.5909498110413551,0.946483552455902,0.7834379325310389
718.jpeg,0.037043165,11841231.807964342,1142788.3574426458,0.9669883772730828,0.9669883772730828,0.9669883772730828
546.jpeg,0.037038088,11794600.839294525,1150444.605609872,0.9017106965184212,0.9017106965184212,0.9017106965184212
332.jpeg,0.036952246,11792464.975052431,2344963.7180079734,0.969106636941433,0.969106636941433,0.969106636941433
494.jpeg,0.036035992,11755804.748692123,1167895.402680119,0.9640645608305932,0.9640645608305932,0.9640645608305932
869.jpeg,0.035612807,11796199.128099304,2303036.8305265373,0.0,0.0,0.0
159.jpeg,0.03558158,11787890.41654794,2431599.6869774647,0.6504012569785118,0.9670935720205308,0.8087474144995213
131.jpeg,0.035409458,11800808.689656071,2438367.362182269,0.954644463956356,0.954644463956356,0.954644463956356
455.jpeg,0.03490791,11837650.440896489,2331759.416067875,0.9660289585590364,0.9660289585590364,0.9660289585590364
205.jpeg,0.034730002,11823480.340490984,2422921.7649766454,0.9666352048516272,0.9666352048516272,0.9666352048516272
304.jpeg,0.03443455,11810360.077357836,2348644.445655873,0.9739848226308824,0.9739848226308824,0.9739848226308824
331.jpeg,0.034343183,11792461.614978489,2344962.9872306995,0.969106636941433,0.969106636941433,0.969106636941433
694.jpeg,0.034281805,11841765.301114151,1145764.911484145,0.0,0.0,0.0
611.jpeg,0.034251694,11812547.219516424,1280999.7038404015,0.960159994661808,0.960159994661808,0.960159994661808
463.jpeg,0.03405088,11699515.859584184,1196983.3346115125,0.9659840166568756,0.9659840166568756,0.9659840166568756
493.jpeg,0.033727653,11739377.368517052,1156238.3115404989,0.9524147287011148,0.9524147287011148,0.9524147287011148
15.jpeg,0.03284881,11739651.320290094,1158204.4824443236,0.9582547098398208,0.9582547098398208,0.9582547098398208
214.jpeg,0.03260565,11809987.808160266,2385629.053749946,0.9617215320467948,0.9617215320467948,0.9617215320467948
204.jpeg,0.032503664,11823487.400534214,2422914.5537895625,0.9666352048516272,0.9666352048516272,0.9666352048516272
430.jpeg,0.030819457,11834957.61682053,2324667.8263809485,0.970161721110344,0.970161721110344,0.970161721110344
132.jpeg,0.030331725,11800844.009394731,2438355.5964841708,0.954644463956356,0.954644463956356,0.954644463956356
1002.jpeg,0.029854994,11822279.642412243,2424283.707970152,0.9533007815480232,0.9533007815480232,0.9533007815480232
472.jpeg,0.027857728,11702723.849269545,1197426.3451005635,0.9684554040431976,0.9684554040431976,0.9684554040431976
163.jpeg,0.02745232,11791907.68215116,2423633.0420264504,0.9599545449018478,0.9599545449018478,0.9599545449018478
158.jpeg,0.025987212,11791187.163514692,2430870.9021996283,0.966651551425457,0.966651551425457,0.966651551425457
79.jpeg,0.025584443,11815268.600774229,1162016.2713785386,0.9101564958691596,0.9101564958691596,0.9101564958691596
893.jpeg,0.024497682,11790022.91055426,2291589.2788288314,0.9102141484618188,0.9656517654657364,0.9379329569637775
842.jpeg,0.023700612,11869307.849999014,1166112.4978891483,0.965642012655735,0.965642012655735,0.965642012655735
511.jpeg,0.02304554,11757909.240214052,1171276.238691947,0.9667955935001372,0.9667955935001372,0.9667955935001372
