,image,pred,lon,lat
0,Duy Tiên District-5234.jpeg,0.9820406660437584,105.94465447767993N,20.672597380789824E
1,Go Cong Town-3152.jpeg,0.9808455184102058,106.63886207768692N,10.422338742476105E
2,Long Xuyen City-3620.jpeg,0.9803456366062164,105.42214915978941N,10.387958008941302E
3,Phu Ly City-57.jpeg,0.9802360609173776,105.9142509672943N,20.492558406496656E
4,Cai Lậy Town-4972.jpeg,0.9800905659794809,106.12380066850477N,10.454486843635143E
6,Long Xuyen City-3556.jpeg,0.9793016463518144,105.41940946379876N,10.38661054217843E
7,Phu Ly City-3817.jpeg,0.9792448580265044,105.94734749605469N,20.577448812560007E
8,Go Cong Town-3971.jpeg,0.9790153354406356,106.66078230876171N,10.435813410104826E
9,Cai Lậy Town-5376.jpeg,0.9786563068628312,106.18682458406407N,10.461224177449507E
11,Mỹ Hào District-1165.jpeg,0.9778597503900528,106.08920254855506N,20.91771640921813E
12,Cai Lậy Town-5721.jpeg,0.977762259542942,106.17312373285549N,10.467961511263871E
13,Go Cong Town-4042.jpeg,0.9777226820588112,106.64982219322431N,10.4371608768677E
14,Hiệp Hòa District-33.jpeg,0.9776391014456748,105.97460124466096N,21.22710400644183E
15,Go Cong Town-2001.jpeg,0.9774188697338104,106.68544256872082N,10.395389407218653E
16,Mỹ Hào District-2246.jpeg,0.977377623319626,106.04592413713877N,20.93927587742473E
17,Go Cong Town-3132.jpeg,0.97697614133358,106.61146178884346N,10.422338742476105E
18,Long Xuyen City-1941.jpeg,0.9769028946757315,105.44269687971922N,10.352923873106617E
19,Go Cong Town-1383.jpeg,0.97665087133646,106.65804227987738N,10.379219806064183E
20,Go Cong Town-1328.jpeg,0.9762694612145424,106.65393223655084N,10.37787233930131E
21,Phu Ly City-2876.jpeg,0.9761457592248916,105.92864076240751N,20.557236811116354E
22,Duy Tiên District-4669.jpeg,0.975860759615898,105.94033506327347N,20.66316511344944E
23,Go Cong Town-3205.jpeg,0.975814327597618,106.60187168774827N,10.423686209238976E
24,Go Cong Town-2540.jpeg,0.9757042229175568,106.68133252539432N,10.408864074847378E
25,Duy Tiên District-566.jpeg,0.9756445661187172,105.97776998812962N,20.587706974726427E
26,Hoa Lư District-388.jpeg,0.975440427660942,105.94927148754331N,20.19664430755339E
27,Cai Lậy Town-4866.jpeg,0.9753843769431114,106.17860407333892N,10.4517919101094E
28,Go Cong Town-2207.jpeg,0.975358210504055,106.67722248206778N,10.40077927427014E
29,Go Cong Town-2123.jpeg,0.975314773619175,106.6361220488026N,10.399431807507273E
30,Phu Ly City-17.jpeg,0.9752841144800186,105.90417811071508N,20.48851600620792E
31,Hung Yen City-1452.jpeg,0.9750424847006798,106.07632424871774N,20.643519608843928E
32,Phu Ly City-4242.jpeg,0.9750357940793036,105.93295770094146N,20.592270946952027E
34,Thái Bình-707.jpeg,0.9747660085558892,106.33063558897192N,20.433857974965385E
35,Tây Ninh City-800.jpeg,0.97454434633255,106.09076737156332N,11.320525705184215E
36,Go Cong Town-2670.jpeg,0.9745235294103622,106.62242190438084N,10.412906475136E
37,Go Cong Town-2608.jpeg,0.9745179712772368,106.61831186105434N,10.411559008373121E
38,Cai Lậy Town-4249.jpeg,0.9744691476225852,106.17860407333892N,10.441012176006414E
39,Cai Lậy Town-6058.jpeg,0.9744361639022828,106.16764339237213N,10.474698845078231E
40,Vĩnh Long-1368.jpeg,0.9744331985712053,105.94869725199236N,10.254387271928618E
41,Binh Minh Town-3355.jpeg,0.9743972197175026,105.828267715345N,10.071975342376048E
42,Thái Bình-2194.jpeg,0.974384605884552,106.35076939087223N,20.46484971051231E
44,Go Cong Town-759.jpeg,0.9741231054067612,106.65256222210868N,10.363050204909717E
45,Go Cong Town-1296.jpeg,0.974091611802578,106.67996251095214N,10.37652487253844E
46,Phu Ly City-2927.jpeg,0.9740819856524467,105.89554423364714N,20.558584277879262E
47,Hung Yen City-1138.jpeg,0.9739848226308824,106.09360514840996N,20.635434808266467E
48,Long Hồ District-1248.jpeg,0.9738878011703492,105.91673263947999N,10.16072763808944E
49,Cai Lậy Town-2171.jpeg,0.9738541394472122,106.11969041314218N,10.401935639883115E
51,Long Hồ District-4321.jpeg,0.973653756082058,105.93727131866235N,10.201151640975601E
52,Hiệp Hòa District-4729.jpeg,0.9736394360661508,106.01365821705858N,21.32277414660878E
53,Vĩnh Long-1235.jpeg,0.9736383035779,105.99662386391029N,10.251692338402876E
54,Duy Tiên District-1533.jpeg,0.9736085534095764,105.93889525847129N,20.618698710273378E
55,Chau Doc City-2006.jpeg,0.9735582545399666,105.04665765254182N,10.66748820700904E
56,Go Cong Town-2080.jpeg,0.9735235869884492,106.64845217878214N,10.398084340744397E
57,Hoa Lư District-232.jpeg,0.9735158905386924,105.94496277429069N,20.192601907264667E
58,Cai Lậy Town-3944.jpeg,0.9734567776322364,106.19093483942662N,10.435622308954924E
59,Cai Lậy Town-6008.jpeg,0.9732770547270776,106.0991391363294N,10.474698845078231E
61,Bac Giang City-1451.jpeg,0.9732219278812408,106.16347291657819N,21.272614943430767E
62,Cai Lậy Town-5934.jpeg,0.973083071410656,106.17997415845981N,10.472003911552486E
63,Duy Tiên District-3437.jpeg,0.9730416387319564,105.94321467287777N,20.645648045531594E
64,Cai Lậy Town-4086.jpeg,0.9730353876948356,106.17449381797637N,10.43831724248067E
65,Bac Giang City-2505.jpeg,0.9729781821370124,106.20540567787614N,21.291479478111572E
66,Chau Doc City-2406.jpeg,0.9729181081056596,105.13716055064552N,10.67287807406053E
67,Thái Bình-607.jpeg,0.9728828221559525,106.35939816311522N,20.43116304143958E
68,Long Xuyen City-876.jpeg,0.9728671610355376,105.48379231957885N,10.328669471374916E
70,Tam Điệp-3396.jpeg,0.97284347563982,105.94406570916391N,20.16820427718152E
71,Go Cong Town-3316.jpeg,0.9728231728076936,106.64023209212911N,10.425033676001851E
73,Phu Ly City-3939.jpeg,0.9727879837155342,105.9631762706792N,20.580143746085835E
74,Cai Lậy Town-5869.jpeg,0.9727039858698844,106.18408441382235N,10.470656444789617E
75,Châu Thành District-6614.jpeg,0.9726089090108871,106.3607895859649N,10.297430873665688E
76,Duy Tiên District-955.jpeg,0.9726034551858902,105.97920979293177N,20.60387657588136E
77,Tây Ninh City-2185.jpeg,0.9725174978375436,106.14574414745852N,11.350169973967462E
78,Duy Tiên District-2980.jpeg,0.9725037068128586,105.99504764575553N,20.638910711717042E
79,Go Cong Town-2498.jpeg,0.9723999723792076,106.62379191882302N,10.408864074847378E
82,Thái Bình-298.jpeg,0.9722840040922164,106.33782623250777N,20.4217307740992E
83,Long Hồ District-4167.jpeg,0.9722746983170508,105.92084037531647N,10.198456707449855E
86,Tam Điệp-1836.jpeg,0.9722113907337188,105.92253450785479N,20.146644808974987E
87,Long Xuyen City-2924.jpeg,0.9721680358052254,105.39201250389236N,10.374483341312578E
88,Mỹ Hào District-3789.jpeg,0.9721022546291352,106.08487470741343N,20.967572679445905E
89,Go Cong Town-3338.jpeg,0.9721013307571412,106.67037240985691N,10.425033676001851E
90,Yên Mỹ District-1153.jpeg,0.9720969125628472,106.0205108548486N,20.873402075391663E
91,Cao Lanh City-3056.jpeg,0.9720201641321182,105.58791183307821N,10.46348580695066E
92,Cai Lậy Town-5575.jpeg,0.9718648344278336,106.16764339237213N,10.465266577738122E
93,Phu Ly City-821.jpeg,0.9718251302838326,105.96173729116788N,20.522202675280678E
95,Duy Tiên District-4873.jpeg,0.9717132076621056,105.99216803615124N,20.66586004697526E
96,Thanh Liêm District-6526.jpeg,0.9716915115714072,105.98509988924968N,20.492216815120244E
97,Thanh Liêm District-5006.jpeg,0.971683956682682,105.91319704556706N,20.470657346913683E
98,Long Hồ District-4236.jpeg,0.9716674834489822,105.91673263947999N,10.19980417421273E
99,Duy Tiên District-1168.jpeg,0.9716553688049316,105.9417748680756N,20.610613909695914E
100,Hung Yen City-3566.jpeg,0.9716274663805962,106.0619234989742N,20.712240413752408E
101,Thái Bình-714.jpeg,0.9715541750192642,106.34070248992211N,20.433857974965385E
102,Go Cong Town-2724.jpeg,0.9715496674180032,106.61146178884346N,10.414253941898867E
103,Duy Tiên District-3077.jpeg,0.9715471938252448,105.99216803615124N,20.640258178479957E
104,Duy Tiên District-1840.jpeg,0.9715245440602304,105.99072823134907N,20.622741110562114E
105,Go Cong Town-1448.jpeg,0.9715226292610168,106.67722248206778N,10.380567272827056E
106,Hoa Lư District-3888.jpeg,0.9715181142091752,105.95358020079591N,20.2896195141941E
107,Go Cong Town-259.jpeg,0.971479557454586,106.66215232320387N,10.348228070518116E
108,Châu Thành District-6160.jpeg,0.9714621603488922,106.30053189425135N,10.294735940139942E
109,Cai Lậy Town-4438.jpeg,0.9714556485414504,106.11283998753794N,10.445054576295032E
110,Thái Bình-2083.jpeg,0.9714426398277284,106.35364564828656N,20.462154776986495E
111,Go Cong Town-336.jpeg,0.9714194759726524,106.66352233764604N,10.350923004043862E
112,Trà Vinh City-1018.jpeg,0.971393272280693,106.32492539803008N,9.92840437241054E
113,Go Cong Town-2116.jpeg,0.9713898822665216,106.62653194770735N,10.399431807507273E
114,Long Xuyen City-3817.jpeg,0.9713842645287514,105.44269687971922N,10.392000409229915E
115,Thái Bình-2479.jpeg,0.9713837876915932,106.3780938363084N,20.47158704432686E
116,Duy Tiên District-2232.jpeg,0.9713362008333206,106.00944569377715N,20.62813097761375E
117,Duy Tiên District-3604.jpeg,0.971300669014454,105.90146033361509N,20.64834297905743E
118,Cao Lanh City-2252.jpeg,0.9712908193469048,105.65368325070345N,10.44596873903332E
119,Mỹ Tho-1197.jpeg,0.9712779223918916,106.41493719836943N,10.350269938431039E
123,Cai Lậy Town-6047.jpeg,0.9710922390222548,106.1525724560427N,10.474698845078231E
124,Cai Lậy Town-3585.jpeg,0.9710691794753076,106.1827143287015N,10.428884975140564E
126,Go Cong Town-823.jpeg,0.971032589673996,106.6662623665304N,10.364397671672586E
127,Go Cong Town-1651.jpeg,0.97102028131485,106.68544256872082N,10.385957139878546E
128,Duy Tiên District-1656.jpeg,0.971019633114338,105.98928842654688N,20.62004617703629E
129,Thanh Liêm District-5473.jpeg,0.971019208431244,105.8973784199569N,20.47739468072824E
130,Trà Vinh City-819.jpeg,0.9710013717412947,106.32902954770172N,9.920319571833314E
131,Châu Thành District-10168.jpeg,0.9709962904453278,106.36489806494536N,10.325727675686002E
132,Tam Điệp-1586.jpeg,0.9709950312972068,105.89239082602198N,20.142602408686262E
133,Phu Ly City-4222.jpeg,0.9709757715463638,105.93583565996408N,20.59092348018912E
135,Duy Tiên District-5395.jpeg,0.9708747267723083,106.01376510818362N,20.675292314315648E
136,Go Cong Town-4481.jpeg,0.9708599150180816,106.65256222210868N,10.447940610970683E
137,Thanh Liêm District-6477.jpeg,0.9708401635289192,105.90456870432516N,20.492216815120244E
139,Hung Yen City-1350.jpeg,0.9708329886198044,106.07632424871774N,20.64082467531811E
141,Go Cong Town-199.jpeg,0.970794513821602,106.67448245318344N,10.345533136992373E
142,Tam Điệp-2166.jpeg,0.9707887172698976,105.92971157495782N,20.15203467602662E
143,Tây Ninh City-356.jpeg,0.970749981701374,106.09076737156332N,11.308398504318339E
144,Phu Ly City-2183.jpeg,0.9707294553518296,105.89554423364714N,20.545109610250154E
146,Duy Tiên District-3644.jpeg,0.9707002341747284,105.95905252570155N,20.64834297905743E
148,Go Cong Town-1365.jpeg,0.9706237614154816,106.63338201991824N,10.379219806064183E
149,Long Hồ District-3135.jpeg,0.9706202298402786,105.91125565836468N,10.183634573058265E
150,Long Hồ District-4377.jpeg,0.970616728067398,105.9181018847588N,10.202499107738472E
151,Go Cong Town-2923.jpeg,0.9705493897199632,106.61557183216999N,10.418296342187489E
152,Cai Lậy Town-6120.jpeg,0.9705402553081512,106.16353313700955N,10.476046311841102E
154,Thái Bình-289.jpeg,0.9705157801508904,106.32488307414329N,20.4217307740992E
157,Thái Bình-742.jpeg,0.970466285943985,106.38097009372268N,20.433857974965385E
158,Tam Điệp-2494.jpeg,0.9704326912760736,105.87229503813344N,20.15742454307825E
159,Hoa Lư District-4103.jpeg,0.9704312086105348,105.96219762730111N,20.29366191448283E
160,Go Cong Town-3815.jpeg,0.970411203801632,106.66352233764604N,10.43311847657908E
161,Thái Bình-2278.jpeg,0.9704073891043664,106.31481617319312N,20.46754464403813E
162,Binh Minh Town-3598.jpeg,0.97040506452322,105.828267715345N,10.078712676190406E
164,Duy Tiên District-1043.jpeg,0.9703935831785202,105.97201076892097N,20.606571509407175E
166,Go Cong Town-2728.jpeg,0.9703427255153656,106.61694184661216N,10.414253941898867E
167,Thái Bình-1621.jpeg,0.9703382179141044,106.39103699467285N,20.451375042883214E
168,Duy Tiên District-1195.jpeg,0.9703104123473169,105.98064959773394N,20.610613909695914E
169,Hiệp Hòa District-5523.jpeg,0.9703055322170258,106.0208909897248N,21.333553880712092E
171,Hung Yen City-2994.jpeg,0.970275104045868,106.03744222441014N,20.69337587907165E
172,Long Xuyen City-815.jpeg,0.9702731445431708,105.48653201556947N,10.327322004612043E
175,Thái Bình-929.jpeg,0.9702199697494508,106.36371254923672N,20.437900375254113E
176,Bac Giang City-1970.jpeg,0.9702154099941254,106.16925674572272N,21.28204721077117E
177,Bến Tre City-1622.jpeg,0.9702080562710762,106.40498635734843N,10.23676267278597E
178,Hiệp Hòa District-4017.jpeg,0.9701955020427704,105.90227351799868N,21.313341879268368E
179,Thái Bình-1124.jpeg,0.9701677858829498,106.35364564828656N,20.441942775542838E
180,Thái Bình-761.jpeg,0.970161721110344,106.31481617319312N,20.435205441728296E
182,Duy Tiên District-5149.jpeg,0.9700519666075706,105.92161760084535N,20.67124991402691E
183,Hiệp Hòa District-9303.jpeg,0.9700488448143004,106.00642544439235N,21.399579752094933E
185,Cai Lậy Town-2614.jpeg,0.9700179621577264,106.13887160483415N,10.410020440460348E
186,Thanh Liêm District-3226.jpeg,0.9699993580579758,105.9577768086503N,20.44505547841839E
189,Chau Doc City-4650.jpeg,0.9699749872088432,105.11522045413554N,10.714649543709605E
190,Phu Ly City-50.jpeg,0.9699706360697746,105.90417811071508N,20.492558406496656E
191,Sa Đéc City-1156.jpeg,0.969960168004036,105.743601672748N,10.303100272517458E
192,Hiệp Hòa District-4615.jpeg,0.9699513539671898,105.97749435372745N,21.321426679845857E
193,Go Cong Town-3310.jpeg,0.9699470549821854,106.63201200547607N,10.425033676001851E
194,Go Cong Town-227.jpeg,0.9699262753129004,106.6662623665304N,10.346880603755244E
195,Tây Ninh City-761.jpeg,0.9699060097336768,106.11413250131875N,11.31917823842134E
196,Hung Yen City-1316.jpeg,0.9698951914906502,106.10080552328174N,20.6394772085552E
197,Tam Điệp-1576.jpeg,0.9698846936225892,105.87803669181591N,20.142602408686262E
199,Tam Điệp-2689.jpeg,0.9698671624064444,105.87085962471284N,20.16011947660407E
200,Chau Doc City-1374.jpeg,0.9698331579566002,105.12070547826302N,10.655361006143185E
201,Hiệp Hòa District-8229.jpeg,0.9698174968361856,105.98038746279394N,21.373977883599547E
202,Cao Lanh City-3509.jpeg,0.969802737236023,105.6482022992347N,10.47291807429077E
203,Go Cong Town-1250.jpeg,0.9697879180312156,106.68544256872082N,10.375177405775567E
204,Bac Giang City-2928.jpeg,0.9697734862565994,106.17937844672568N,21.300911745451973E
206,Tam Điệp-4597.jpeg,0.9697630405426024,105.87660127839526N,20.187068811862233E
207,Phu Ly City-3808.jpeg,0.9697472527623175,105.93439668045279N,20.577448812560007E
208,Tam Điệp-2441.jpeg,0.969744011759758,105.93258240179902N,20.156077076315338E
209,Chau Doc City-428.jpeg,0.9697408974170684,105.09876538175307N,10.632454071174338E
212,Go Cong Town-2907.jpeg,0.9697106182575226,106.68544256872082N,10.416948875424618E
213,Go Cong Town-1819.jpeg,0.9697095975279808,106.64160210657127N,10.391347006930033E
214,Go Cong Town-2276.jpeg,0.9696918055415154,106.6964026842582N,10.402126741033015E
215,Go Cong Town-266.jpeg,0.969685934484005,106.67174242429908N,10.348228070518116E
216,Go Cong Town-125.jpeg,0.969647616147995,106.66215232320387N,10.342838203466629E
217,Châu Thành District-6454.jpeg,0.969637967646122,106.42104727767847N,10.296083406902813E
219,Tam Điệp-4652.jpeg,0.9696273282170296,105.88234293207772N,20.188416278625144E
220,Go Cong Town-218.jpeg,0.9696143195033072,106.65393223655084N,10.346880603755244E
221,Chau Doc City-4764.jpeg,0.9695969820022584,105.11110668603992N,10.72273434428684E
222,Yên Mỹ District-551.jpeg,0.9695933610200882,106.06522281735626N,20.859927407762545E
223,Hung Yen City-3244.jpeg,0.9695889502763748,106.05904334902549N,20.701460679649117E
224,Hung Yen City-1064.jpeg,0.9695750027894974,106.07920439866642N,20.63408734150355E
225,Tây Ninh City-2081.jpeg,0.969526581466198,106.09351621035809N,11.348822507204586E
226,Yên Mỹ District-3472.jpeg,0.9695162773132324,106.00608764113643N,20.912478611516125E
227,Long Hồ District-1516.jpeg,0.9694729074835776,105.98930263925763N,10.163422571615186E
228,Hiệp Hòa District-9242.jpeg,0.9694505780935287,105.99485300812638N,21.398232285332025E
229,Go Cong Town-3178.jpeg,0.9694442078471184,106.67448245318344N,10.422338742476105E
231,Hung Yen City-819.jpeg,0.9694172069430352,106.10368567323044N,20.628697474451904E
232,Tam Điệp-3622.jpeg,0.96936596930027,105.94406570916391N,20.17089921070733E
233,Thái Bình-1314.jpeg,0.9693647250533104,106.33351184638626N,20.445985175831574E
234,Cao Lanh City-4391.jpeg,0.9693400785326958,105.58791183307821N,10.491782608970986E
235,Binh Minh Town-1084.jpeg,0.9693151861429214,105.83647841918126N,10.020771605386921E
236,Tam Điệp-4178.jpeg,0.9693105220794678,105.90530954680744N,20.178984011284783E
237,Long Hồ District-5516.jpeg,0.9693050757050514,105.94274829977763N,10.225406042707299E
238,Cai Lậy Town-6454.jpeg,0.969297505915165,106.13613143459246N,10.485478579181216E
240,Long Hồ District-1058.jpeg,0.9692791327834128,105.94822528089293N,10.158032704563702E
241,Tây Ninh City-2041.jpeg,0.9692765697836876,106.12925111468995N,11.347475040441713E
242,Cao Lanh City-4206.jpeg,0.9692732095718384,105.61531659042207N,10.487740208682368E
243,Thái Bình-2764.jpeg,0.9692462310194968,106.36658880665104N,20.47967184490432E
244,Cao Lanh City-2530.jpeg,0.9692340716719628,105.6427213477659N,10.45135860608481E
245,Chau Doc City-1540.jpeg,0.969172053039074,105.05214267666935N,10.6594034064318E
246,Duy Tiên District-2962.jpeg,0.9691550135612488,105.96913115931666N,20.638910711717042E
247,Go Cong Town-880.jpeg,0.9691523611545564,106.67037240985691N,10.365745138435459E
248,Chau Doc City-2905.jpeg,0.9691476747393608,105.09465161365743N,10.680962874637771E
249,Bến Tre City-3200.jpeg,0.969145566225052,106.33926163933714N,10.267754408332031E
250,Mỹ Hào District-1321.jpeg,0.9691347181797028,106.13536618739911N,20.92041134274396E
251,Long Xuyen City-4576.jpeg,0.9691171944141388,105.41393007181749N,10.410864943910134E
252,Duy Tiên District-969.jpeg,0.969106636941433,105.93313603926266N,20.605224042644267E
253,Thái Bình-304.jpeg,0.9690656736493112,106.34645500475075N,20.4217307740992E
254,Thái Bình-2349.jpeg,0.9690643325448036,106.34070248992211N,20.468892110801047E
258,Go Cong Town-680.jpeg,0.9690180942416192,106.6922926409317N,10.36035527138397E
260,Bac Giang City-2450.jpeg,0.96901186555624,106.22564907988206N,21.290132011348653E
262,Tam Điệp-2323.jpeg,0.968934528529644,105.8966970662838N,20.15472960955243E
263,Mỹ Hào District-3736.jpeg,0.968913771212101,106.07477641141628N,20.964877745920074E
264,Cai Lậy Town-4089.jpeg,0.9689025953412056,106.17860407333892N,10.43831724248067E
265,Sa Đéc City-760.jpeg,0.9688955023884772,105.76414617589354N,10.289625604888732E
266,Bac Giang City-2458.jpeg,0.9688920453190804,106.23721673817117N,21.290132011348653E
267,Binh Minh Town-2294.jpeg,0.968841888010502,105.84468912301752N,10.046373473881486E
268,Binh Minh Town-4290.jpeg,0.9688409045338632,105.85837362941128N,10.097577210870606E
269,Phu Ly City-3982.jpeg,0.9688345715403556,105.95166443458864N,20.58149121284874E
270,Tam Điệp-2340.jpeg,0.968823440372944,105.92109909443417N,20.15472960955243E
271,Hiệp Hòa District-3904.jpeg,0.9688186049461364,106.00642544439235N,21.310646945742537E
272,Châu Thành District-8127.jpeg,0.9688144400715828,106.27451152737501N,10.308210607768663E
273,Duy Tiên District-86.jpeg,0.9688072353601456,105.97057096411882N,20.56480003975695E
274,Phu Ly City-1778.jpeg,0.9688068628311156,105.8984221926698N,20.538372276435606E
275,Mỹ Hào District-2150.jpeg,0.9688054025173188,106.14690709711016N,20.936580943898907E
276,Hoa Lư District-3999.jpeg,0.9687656834721564,105.90905683051905N,20.29231444771992E
278,Go Cong Town-116.jpeg,0.9687054753303528,106.69092262648952N,10.341490736703756E
279,Long Hồ District-3685.jpeg,0.968702346086502,105.94000980922003N,10.190371906872624E
280,Go Cong Town-3251.jpeg,0.9686985611915588,106.66489235208824N,10.423686209238976E
281,Long Xuyen City-4860.jpeg,0.9686674177646636,105.4468064237052N,10.417602277724498E
282,Thái Bình-1377.jpeg,0.9686101675033568,106.32632120285044N,20.447332642594482E
283,Cai Lậy Town-5563.jpeg,0.9685992151498796,106.15120237092184N,10.465266577738122E
284,Duy Tiên District-2284.jpeg,0.9685824140906334,105.9460942824821N,20.629478444376662E
285,Duy Tiên District-3529.jpeg,0.9685469791293144,105.93457584406481N,20.64699551229451E
287,Mỹ Hào District-2214.jpeg,0.9684928506612778,106.12094005026037N,20.937928410661822E
288,Go Cong Town-4856.jpeg,0.9684854447841644,106.64434213545564N,10.469500079176646E
289,Chau Doc City-3703.jpeg,0.9684554040431976,105.12756175842237N,10.693090075503628E
290,Ninh Bình-740.jpeg,0.9684543535113336,105.9600910166416N,20.234790141665254E
291,Long Xuyen City-2498.jpeg,0.968448892235756,105.44406672771456N,10.365051073972468E
293,Thái Bình-3204.jpeg,0.9684265851974488,106.3680269353582N,20.49449397929634E
295,Hiệp Hòa District-291.jpeg,0.9684154540300368,105.95145637212903N,21.239231207308055E
296,Long Hồ District-1253.jpeg,0.9684142842888832,105.9235788658741N,10.16072763808944E
298,Phu Ly City-2627.jpeg,0.9683880731463432,105.88834933609054N,20.553194410827626E
299,Vĩnh Long-1650.jpeg,0.968375489115715,105.98293054621945N,10.258429672217233E
300,Hung Yen City-1307.jpeg,0.9683747366070748,106.08784484851255N,20.6394772085552E
301,Thanh Liêm District-4150.jpeg,0.9683685079216956,105.8945023062096N,20.458530146047487E
302,Mỹ Hào District-191.jpeg,0.9683549851179124,106.11661220911876N,20.889419607196963E
304,Cai Lậy Town-1667.jpeg,0.9683289751410484,106.17997415845981N,10.392503372543006E
305,Hiệp Hòa District-6131.jpeg,0.9683289155364035,105.97894090826068N,21.34163868128958E
306,Ninh Bình-2104.jpeg,0.9683273285627364,105.95147386447422N,20.272519211026708E
307,Thái Bình-426.jpeg,0.9683146774768828,106.33351184638626N,20.427120641150832E
308,Châu Thành District-8823.jpeg,0.968312568962574,106.23205724457684N,10.313600474820154E
309,Bac Giang City-1447.jpeg,0.9683118388056756,106.1576890874336N,21.272614943430767E
310,Long Xuyen City-2894.jpeg,0.968307927250862,105.4413270317239N,10.373135874549702E
311,Go Cong Town-1344.jpeg,0.9683076292276382,106.6758524676256N,10.37787233930131E
312,Tây Ninh City-2114.jpeg,0.9682821407914162,106.13887205047158N,11.348822507204586E
313,Hung Yen City-2500.jpeg,0.9682712182402612,106.0676837988716N,20.677206277916707E
314,Long Xuyen City-2665.jpeg,0.9682687968015672,105.39749189587363N,10.369093474261087E
315,Trà Vinh City-1129.jpeg,0.9682563245296478,106.33997394682622N,9.933794239462024E
316,Cao Lanh City-574.jpeg,0.9682455286383628,105.6440915856331N,10.419019403775863E
317,Duy Tiên District-2043.jpeg,0.9682240933179856,106.01376510818362N,20.625436044087937E
318,Cao Lanh City-2547.jpeg,0.9682096913456916,105.6660153915082N,10.45135860608481E
319,Thái Bình-2039.jpeg,0.9681796580553056,106.37377945018686N,20.460807310223583E
320,Cai Lậy Town-5372.jpeg,0.9681712836027144,106.18134424358063N,10.461224177449507E
321,Go Cong Town-2268.jpeg,0.9681515991687776,106.68544256872082N,10.402126741033015E
322,Hiệp Hòa District-7954.jpeg,0.9681503996253014,105.98906678999342N,21.368588016547882E
325,Binh Minh Town-3421.jpeg,0.9681069552898408,105.85153137621441N,10.073322809138919E
326,Mỹ Tho-1349.jpeg,0.9681017100811004,106.40260893078528N,10.352964871956782E
329,Bến Tre City-3115.jpeg,0.9680755063891412,106.35158502396425N,10.265059474806286E
330,Long Xuyen City-3845.jpeg,0.9680712148547173,105.39886174386898N,10.393347875992792E
331,Yên Mỹ District-4065.jpeg,0.9680538550019264,106.04503031815923N,20.92460581238234E
332,Cai Lậy Town-3727.jpeg,0.9680327996611596,106.19230492454746N,10.43157990866631E
333,Sa Đéc City-768.jpeg,0.9680099785327912,105.77510324423783N,10.289625604888732E
334,Long Hồ District-2915.jpeg,0.967996910214424,105.91125565836468N,10.18093963953252E
335,Mỹ Hào District-1241.jpeg,0.9679928421974182,106.10939914054937N,20.919063875981042E
336,Mỹ Hào District-1054.jpeg,0.9679815471172332,106.10218607197996N,20.915021475692306E
337,Duy Tiên District-985.jpeg,0.96797663718462,105.9561729160972N,20.605224042644267E
338,Binh Minh Town-3395.jpeg,0.9679556339979172,105.81595165959065N,10.073322809138919E
339,Phu Ly City-2100.jpeg,0.9679424688220024,105.88834933609054N,20.543762143487246E
341,Hoa Lư District-1735.jpeg,0.9679284617304802,105.96507010280283N,20.22628857633739E
342,Châu Thành District-2131.jpeg,0.9679179191589355,106.24438268151823N,10.269134071645368E
343,Ninh Bình-500.jpeg,0.9679095149040222,106.0003043934227N,20.226705341087808E
344,Bến Tre City-1445.jpeg,0.9678910225629808,106.36253914363279N,10.234067739260228E
345,Tây Ninh City-2762.jpeg,0.967850625514984,106.0921417909607N,11.360949708070462E
346,Long Hồ District-1144.jpeg,0.9678411856293678,105.92084037531647N,10.15938017132657E
347,Phu Ly City-674.jpeg,0.9678170308470726,105.96893218872448N,20.51950774175486E
348,Duy Tiên District-1295.jpeg,0.9678158089518548,105.98352920733824N,20.61330884322173E
351,Yên Mỹ District-745.jpeg,0.9677639231085776,106.03493406856072N,20.86531727481419E
352,Go Cong Town-3785.jpeg,0.9677594974637032,106.62242190438084N,10.43311847657908E
353,Long Xuyen City-2125.jpeg,0.9677542373538016,105.4536556636818N,10.356966273395233E
354,Phu Ly City-4167.jpeg,0.9677525833249092,105.93295770094146N,20.588228546663295E
355,Mỹ Hào District-654.jpeg,0.9677493125200272,106.12671050511588N,20.904241741589008E
356,Bac Giang City-1470.jpeg,0.9677461236715316,106.19094610501479N,21.272614943430767E
357,Go Cong Town-1227.jpeg,0.9677076935768129,106.65393223655084N,10.375177405775567E
359,Sa Đéc City-530.jpeg,0.9676906540989876,105.77647287778088N,10.2815408043115E
360,Hung Yen City-1497.jpeg,0.9676696434617044,106.06912387384595N,20.64486707560684E
361,Hiệp Hòa District-8967.jpeg,0.9676659852266312,105.97170813559445N,21.391494951517444E
362,Tam Điệp-2234.jpeg,0.9676636531949044,105.89956789312502N,20.15338214278953E
363,Hiệp Hòa District-4282.jpeg,0.9676523432135582,106.01944443519157N,21.316036812794195E
364,Thanh Liêm District-4636.jpeg,0.9676309823989868,105.92182538680898N,20.46526747986205E
365,Sa Đéc City-2693.jpeg,0.9676258340477945,105.72442680314552N,10.363736276846712E
367,Tam Điệp-1740.jpeg,0.9675995036959648,105.89526165286318N,20.145297342212086E
368,Phu Ly City-367.jpeg,0.96759295463562,105.8984221926698N,20.51411787470322E
369,Yên Mỹ District-1817.jpeg,0.9675916731357574,106.03349174718953N,20.884181809494965E
370,Go Cong Town-4751.jpeg,0.967588186264038,106.64160210657127N,10.462762745362282E
372,Thái Bình-1947.jpeg,0.9675836861133577,106.32632120285044N,20.45945984346067E
375,Duy Tiên District-4047.jpeg,0.9675674885511398,105.97776998812962N,20.65373284610907E
376,Tam Điệp-4266.jpeg,0.9675636738538742,105.89956789312502N,20.18033147804769E
377,Go Cong Town-3000.jpeg,0.967563472688198,106.62790196214955N,10.419643808950358E
378,Hoa Lư District-393.jpeg,0.9675579220056534,105.95645267629762N,20.19664430755339E
379,Long Xuyen City-3349.jpeg,0.967555820941925,105.41393007181749N,10.38256814188981E
381,Hoa Lư District-2307.jpeg,0.9675357714295388,105.93490911003464N,20.2438056442552E
382,Go Cong Town-4663.jpeg,0.9675108045339584,106.63886207768692N,10.457372878310792E
386,Thanh Liêm District-1125.jpeg,0.9674781858921052,105.93332984179821N,20.410021342582734E
387,Duy Tiên District-466.jpeg,0.9674650728702544,105.9748903785253N,20.582317107674786E
388,Cai Lậy Town-2894.jpeg,0.9674514979124068,106.15394254116356N,10.415410307511838E
389,Cao Lanh City-4719.jpeg,0.9674395471811296,105.56872850293753N,10.49851994278535E
391,Mỹ Hào District-1318.jpeg,0.9674140363931656,106.1310383462575N,20.92041134274396E
392,Go Cong Town-2985.jpeg,0.9674058333039284,106.60735174551695N,10.419643808950358E
393,Hoa Lư District-3975.jpeg,0.9674038589000702,105.97368752930801N,20.290966980957013E
394,Ninh Bình-563.jpeg,0.9673967733979224,105.97445293692057N,20.229400274613628E
395,Thanh Liêm District-6221.jpeg,0.9673771858215332,105.90313064745148N,20.488174414831512E
396,Long Xuyen City-1056.jpeg,0.9673354178667068,105.47557323160692N,10.332711871663534E
397,Tam Điệp-2057.jpeg,0.9673272147774696,105.8966970662838N,20.150687209263705E
398,Long Hồ District-4672.jpeg,0.967326194047928,105.94822528089293N,10.207888974789961E
399,Cai Lậy Town-6653.jpeg,0.9673150703310966,106.09365879584597N,10.493563379758449E
401,Cao Lanh City-2579.jpeg,0.9672657400369644,105.61531659042207N,10.452706072847676E
402,Tây Ninh City-1446.jpeg,0.9672370925545692,106.08389527457642N,11.335347839575835E
403,Hiệp Hòa District-6470.jpeg,0.9672196805477142,106.02378409879131N,21.345681081578324E
404,Long Hồ District-5754.jpeg,0.9671903625130652,105.98382565814235N,10.229448442995913E
405,Tam Điệp-3267.jpeg,0.9671884700655936,105.92253450785479N,20.166856810418608E
406,Duy Tiên District-1299.jpeg,0.9671542048454284,105.98928842654688N,20.61330884322173E
407,Chau Doc City-4403.jpeg,0.9671477749943732,105.09876538175307N,10.706564743132363E
409,Vĩnh Long-418.jpeg,0.9671278148889542,105.96923722852861N,10.236870204011284E
410,Hiệp Hòa District-5435.jpeg,0.9670935720205308,105.8935941907992N,21.333553880712092E
412,Phu Ly City-4031.jpeg,0.9670060724020004,105.95454239361126N,20.582838679611655E
413,Go Cong Town-1770.jpeg,0.9670014828443528,106.6457121498978N,10.389999540167166E
414,Go Cong Town-1033.jpeg,0.9669980481266977,106.66489235208824N,10.369787538724077E
415,Binh Minh Town-3185.jpeg,0.9669889137148856,105.79816180127872N,10.06793294208743E
416,Bến Tre City-490.jpeg,0.9669883772730828,106.37212399834277N,10.211160804291403E
417,Mỹ Hào District-3843.jpeg,0.9669856354594232,106.06900595656079N,20.971615079734644E
419,Mỹ Hào District-2739.jpeg,0.96697136759758,106.14546448339627N,20.9460132112393E
421,Cai Lậy Town-2310.jpeg,0.966919407248497,106.11146990241708N,10.404630573408856E
422,Binh Minh Town-3884.jpeg,0.9669183939695358,105.82689926470562N,10.086797476767636E
423,Thái Bình-600.jpeg,0.9669083580374718,106.34933126216508N,20.43116304143958E
424,Hiệp Hòa District-7979.jpeg,0.9668936729431152,105.92107872693089N,21.369935483310798E
425,Bến Tre City-2693.jpeg,0.9668929800391196,106.36664693850851N,10.255627207466182E
426,Thái Bình-2487.jpeg,0.96689023822546,106.31625430190032N,20.472934511089775E
428,Cai Lậy Town-4154.jpeg,0.9668565839529036,106.15805279652612N,10.439664709243544E
429,Phu Ly City-1582.jpeg,0.9668565019965172,105.98619994286031N,20.53432987614687E
430,Long Xuyen City-3862.jpeg,0.9668530970811844,105.42214915978941N,10.393347875992792E
431,Sa Đéc City-558.jpeg,0.9668452739715576,105.75592837463535N,10.282888271074373E
432,Tây Ninh City-1597.jpeg,0.9668441414833068,106.12787669529254N,11.338042773101586E
433,Cao Lanh City-2855.jpeg,0.9668423011898994,105.6427213477659N,10.458095939899168E
434,Hung Yen City-1541.jpeg,0.9668363034725188,106.0604834239998N,20.646214542369755E
437,Hung Yen City-1289.jpeg,0.966802917420864,106.0619234989742N,20.6394772085552E
438,Chau Doc City-4347.jpeg,0.9667986556887628,105.10699291794428N,10.705217276369488E
439,Cao Lanh City-3022.jpeg,0.9667955935001372,105.62216777975802N,10.462138340187787E
441,Mỹ Hào District-1224.jpeg,0.9667766690254213,106.08487470741343N,20.919063875981042E
442,Yên Mỹ District-3777.jpeg,0.9667546227574348,106.05512656775774N,20.917868478567776E
443,Go Cong Town-3505.jpeg,0.9667236879467964,106.66900239541475N,10.427728609527595E
444,Binh Minh Town-2014.jpeg,0.9667115733027458,105.83237306726312N,10.040983606829998E
445,Hiệp Hòa District-957.jpeg,0.966711349785328,105.97315469012771N,21.260790675514695E
446,Vĩnh Long-143.jpeg,0.9667006358504296,105.95417457906869N,10.230132870196922E
447,Go Cong Town-1610.jpeg,0.9666995778679848,106.6964026842582N,10.384609673115675E
448,Bac Giang City-2287.jpeg,0.9666903391480446,106.18950014772867N,21.287437077822833E
449,Go Cong Town-3831.jpeg,0.966685026884079,106.68544256872082N,10.43311847657908E
450,Phu Ly City-2032.jpeg,0.9666583463549614,105.90273913120375N,20.542414676724338E
451,Thái Bình-703.jpeg,0.966655969619751,106.32488307414329N,20.433857974965385E
452,Hiệp Hòa District-4950.jpeg,0.966651551425457,105.9225252814641N,21.32681654689752E
453,Bac Giang City-923.jpeg,0.9666352048516272,106.21118950702068N,21.259140275801617E
455,Hung Yen City-2374.jpeg,0.9666244611144066,106.06336357394854N,20.673163877627978E
456,Ninh Bình-2308.jpeg,0.9666218459606172,105.9600910166416N,20.28060401160416E
457,Sa Đéc City-1682.jpeg,0.9666212126612664,105.72990533731766N,10.321964807197668E
458,Hiệp Hòa District-7110.jpeg,0.9666037783026696,105.98328057186043N,21.355113348918735E
461,Long Xuyen City-1243.jpeg,0.966579258441925,105.4742033836116N,10.336754271952149E
462,Hiệp Hòa District-370.jpeg,0.9665781408548356,105.95000981759576N,21.241926140833893E
463,Thái Bình-3201.jpeg,0.966572992503643,106.36371254923672N,20.49449397929634E
464,Go Cong Town-1589.jpeg,0.9665711894631386,106.66763238097258N,10.384609673115675E
465,Cao Lanh City-2906.jpeg,0.9665666222572328,105.62764873122678N,10.459443406662043E
466,Cai Lậy Town-2467.jpeg,0.966565765440464,106.13065109410903N,10.407325506934605E
467,Hiệp Hòa District-5588.jpeg,0.9665528535842896,105.963028808395N,21.334901347475004E
468,Yên Mỹ District-3493.jpeg,0.9665528163313866,106.03637638993193N,20.912478611516125E
469,Tây Ninh City-37.jpeg,0.9665212780237198,106.11550692071616N,11.29627130345247E
470,Cai Lậy Town-2931.jpeg,0.9665136337280272,106.1224305833839N,10.416757774274714E
471,Go Cong Town-2012.jpeg,0.9665125980973244,106.62790196214955N,10.396736873981526E
472,Thái Bình-1384.jpeg,0.9665091037750244,106.33638810380059N,20.447332642594482E
473,Duy Tiên District-2375.jpeg,0.9664986282587053,105.94033506327347N,20.630825911139574E
474,Thái Bình-1710.jpeg,0.9664825052022934,106.33207371767911N,20.454069976409034E
475,Mỹ Tho-3441.jpeg,0.9664767533540726,106.3834316256544N,10.389346474554337E
476,Ninh Bình-729.jpeg,0.9664688035845757,105.94429290433473N,20.234790141665254E
477,Mỹ Hào District-3718.jpeg,0.9664603397250175,106.09930084455222N,20.963530279157165E
478,Long Hồ District-4259.jpeg,0.9664586633443832,105.94822528089293N,10.19980417421273E
479,Thanh Liêm District-4108.jpeg,0.9664367511868476,105.9692812636395N,20.457182679284582E
481,Bac Giang City-1923.jpeg,0.9664059579372406,106.21552737887913N,21.280699744008253E
482,Sa Đéc City-1007.jpeg,0.966389611363411,105.76414617589354N,10.297710405465965E
487,Mỹ Tho-3106.jpeg,0.9663432538509368,106.35329586044872N,10.383956607502846E
488,Cai Lậy Town-5445.jpeg,0.966334156692028,106.18408441382235N,10.46257164421238E
493,Bến Tre City-2506.jpeg,0.9663029983639716,106.40361709238987N,10.251584807177563E
494,Tam Điệp-2436.jpeg,0.966296285390854,105.925405334696N,20.156077076315338E
496,Cai Lậy Town-5559.jpeg,0.9662903919816016,106.14572203043844N,10.465266577738122E
497,Long Hồ District-4323.jpeg,0.9662902280688286,105.94000980922003N,10.201151640975601E
498,Trà Vinh City-1865.jpeg,0.9662725180387496,106.33860589693562N,9.963438508245199E
499,Tây Ninh City-148.jpeg,0.9662519916892052,106.10726040433188N,11.301661170503968E
500,Thanh Liêm District-3202.jpeg,0.9662489593029022,105.92326344368263N,20.44505547841839E
501,Binh Minh Town-2171.jpeg,0.9662445560097694,105.8624789813294N,10.043678540355744E
504,Thanh Liêm District-6642.jpeg,0.9661738649010658,105.92182538680898N,20.494911748646064E
505,Cai Lậy Town-6093.jpeg,0.9661397784948348,106.12654083874648N,10.476046311841102E
507,Hiệp Hòa District-756.jpeg,0.9661267176270484,105.95000981759576N,21.25540080846303E
508,Go Cong Town-2478.jpeg,0.9661242738366128,106.67311243874127N,10.407516608084503E
509,Tây Ninh City-2807.jpeg,0.9661069214344024,106.15399066384279N,11.360949708070462E
511,Thái Bình-1407.jpeg,0.9660512059926988,106.36946506406538N,20.447332642594482E
512,Hiệp Hòa District-2543.jpeg,0.966050073504448,105.99919267172614N,21.289087477535897E
513,Vĩnh Long-1210.jpeg,0.9660332426428796,105.9623905696832N,10.251692338402876E
514,Thái Bình-3216.jpeg,0.9660289585590364,106.33926436121493N,20.49584144605925E
516,Thanh Liêm District-4106.jpeg,0.966013491153717,105.96640514989222N,20.457182679284582E
517,Mỹ Tho-1631.jpeg,0.9660088568925858,106.35055624543003N,10.35835473900827E
518,Ninh Bình-1447.jpeg,0.9659861549735068,105.9888148571995N,20.250959742820164E
519,Chau Doc City-3519.jpeg,0.9659840166568756,105.10013663778491N,10.690395141977882E
521,Bac Giang City-1658.jpeg,0.9659726843237876,106.16925674572272N,21.27665734371951E
522,Tam Điệp-1841.jpeg,0.9659638032317162,105.92971157495782N,20.146644808974987E
523,Binh Minh Town-3192.jpeg,0.9659608900547028,105.8077409557544N,10.06793294208743E
524,Go Cong Town-885.jpeg,0.9659588932991028,106.67722248206778N,10.365745138435459E
526,Go Cong Town-3789.jpeg,0.9659401252865792,106.62790196214955N,10.43311847657908E
527,Vĩnh Long-512.jpeg,0.9659398421645164,105.9445892566851N,10.239565137537028E
528,Long Hồ District-5092.jpeg,0.9659186601638794,105.98930263925763N,10.21597377536719E
529,Mỹ Hào District-2238.jpeg,0.9659095928072928,106.03438322742775N,20.93927587742473E
530,Mỹ Hào District-791.jpeg,0.9658905044198036,106.10939914054937N,20.90828414187774E
533,Châu Thành District-8307.jpeg,0.9658472165465356,106.26355558342712N,10.309558074531536E
534,Long Hồ District-5054.jpeg,0.9658356532454492,105.93727131866235N,10.21597377536719E
535,Bac Giang City-2072.jpeg,0.9658351987600328,106.20395972058999N,21.28339467753409E
536,Binh Minh Town-3004.jpeg,0.9658248350024224,105.82553081406625N,10.062543075035945E
537,Hiệp Hòa District-2751.jpeg,0.9658188596367836,105.97170813559445N,21.293129877824647E
538,Cai Lậy Town-4256.jpeg,0.9658182337880136,106.1881946691849N,10.441012176006414E
539,Thái Bình-1584.jpeg,0.9658066779375076,106.33782623250777N,20.451375042883214E
540,Duy Tiên District-4850.jpeg,0.9657823741436004,105.9417748680756N,20.66586004697526E
542,Hoa Lư District-1483.jpeg,0.9657606855034828,105.95358020079591N,20.22089870928575E
543,Hiệp Hòa District-4794.jpeg,0.9657588377594948,105.97894090826068N,21.324121613371688E
544,Yên Mỹ District-1400.jpeg,0.9657515436410904,106.03493406856072N,20.877444475680402E
546,Thanh Liêm District-1432.jpeg,0.9657475724816322,105.92613955742995N,20.416758676397286E
547,Sa Đéc City-2207.jpeg,0.9657204523682594,105.73812313857589N,10.343524275403626E
548,Bac Giang City-2328.jpeg,0.9657148569822313,106.24878439646025N,21.287437077822833E
549,Long Hồ District-4159.jpeg,0.9657052457332612,106.00984131843998N,10.197109240686984E
550,Vĩnh Long-1539.jpeg,0.9656997323036194,105.94869725199236N,10.257082205454365E
552,Go Cong Town-187.jpeg,0.9656878411769868,106.65804227987738N,10.345533136992373E
553,Phu Ly City-2705.jpeg,0.9656865000724792,105.89122729511318N,20.55454187759053E
554,Hiệp Hòa District-3346.jpeg,0.96568351238966,105.99919267172614N,21.302562145165048E
555,Cao Lanh City-1163.jpeg,0.9656830355525016,105.64135110989872N,10.428451671115972E
556,Go Cong Town-1701.jpeg,0.9656790345907212,106.68818259760518N,10.387304606641418E
557,Trà Vinh City-2228.jpeg,0.9656756222248076,106.33997394682622N,9.972870775585298E
559,Hung Yen City-2801.jpeg,0.965655952692032,106.0619234989742N,20.686638545257086E
560,Go Cong Town-461.jpeg,0.9656555131077766,106.66489235208824N,10.354965404332479E
561,Tam Điệp-2520.jpeg,0.9656517654657364,105.90961578706928N,20.15742454307825E
562,Go Cong Town-2862.jpeg,0.965642012655735,106.62379191882302N,10.416948875424618E
563,Long Hồ District-9238.jpeg,0.9656408950686456,105.97287169591176N,10.312991382293987E
566,Thái Bình-1392.jpeg,0.9655957743525504,106.3478931334579N,20.447332642594482E
571,Mỹ Tho-3059.jpeg,0.9655558243393898,106.39302027821981N,10.382609140739975E
573,Bac Giang City-2402.jpeg,0.9655440300703048,106.25601418289094N,21.28878454458574E
574,Châu Thành District-2499.jpeg,0.9655363485217094,106.24301318852476N,10.271829005171114E
577,Duy Tiên District-2333.jpeg,0.9655122309923172,106.01664471778795N,20.629478444376662E
578,Long Xuyen City-2432.jpeg,0.9655067026615144,105.4468064237052N,10.363703607209597E
579,Tây Ninh City-1473.jpeg,0.9655062034726144,106.12100459830566N,11.335347839575835E
580,Mỹ Hào District-2431.jpeg,0.9655019491910934,106.06900595656079N,20.94197081095056E
582,Sa Đéc City-1998.jpeg,0.965492643415928,105.74223203920499N,10.33409200806352E
583,Vĩnh Long-587.jpeg,0.9654888063669204,105.96102123791414N,10.2409126042999E
585,Cai Lậy Town-6075.jpeg,0.965438224375248,106.10187930657109N,10.476046311841102E
589,Long Hồ District-2856.jpeg,0.9653550758957864,105.98245641286351N,10.17959217276965E
590,Hoa Lư District-551.jpeg,0.9653402715921402,105.92485544577856N,20.20068670784212E
591,Hoa Lư District-2343.jpeg,0.9653348475694656,105.93203663453288N,20.24515311101811E
592,Thanh Liêm District-786.jpeg,0.965300351381302,105.9275776143036N,20.40193654200528E
593,Bac Giang City-1204.jpeg,0.9652956053614616,106.16347291657819N,21.26722507637911E
597,Long Xuyen City-4643.jpeg,0.9652434065937996,105.43310794375199N,10.412212410673003E
598,Mỹ Tho-2721.jpeg,0.965240590274334,106.34370720788327N,10.377219273688485E
600,Châu Thành District-8594.jpeg,0.9652354046702384,106.40598285475006N,10.310905541294407E
601,Bến Tre City-3008.jpeg,0.965224213898182,106.3529542889228N,10.262364541280542E
602,Long Hồ District-7651.jpeg,0.965222954750061,105.99751811093057N,10.280652179985056E
603,Mỹ Hào District-2041.jpeg,0.9652097001671792,106.1065139131216N,20.935233477136E
604,Cai Lậy Town-2257.jpeg,0.9651984721422197,106.13887160483415N,10.403283106645986E
606,Yên Mỹ District-2039.jpeg,0.9651925340294838,105.98589514193941N,20.888224209783697E
607,Long Xuyen City-4076.jpeg,0.9651878103613852,105.4002315918643N,10.398737743044281E
608,Hoa Lư District-4780.jpeg,0.9651822745800018,105.9406540610381N,20.309831515637743E
609,Mỹ Hào District-270.jpeg,0.9651819616556168,106.09785823083833N,20.89346200748571E
610,Hiệp Hòa District-7206.jpeg,0.9651573002338408,105.98617368092694N,21.356460815681647E
611,Trà Vinh City-2471.jpeg,0.9651496186852456,106.36186274507514N,9.978260642636783E
612,Bến Tre City-2574.jpeg,0.9651489853858948,106.39677076759702N,10.252932273940436E
614,Duy Tiên District-2584.jpeg,0.9651332348585128,105.96769135451449N,20.633520844665398E
615,Hung Yen City-3039.jpeg,0.9651267006993294,106.04320252430756N,20.694723345834557E
616,Phu Ly City-3630.jpeg,0.9651207476854324,105.90993402876035N,20.573406412271282E
620,Ninh Bình-1168.jpeg,0.9650928005576134,106.01035773761795N,20.244222409005623E
622,Go Cong Town-4109.jpeg,0.965083509683609,106.64160210657127N,10.438508343630575E
623,Duy Tiên District-3195.jpeg,0.9650830999016762,106.02096413219442N,20.641605645242862E
624,Ninh Bình-1992.jpeg,0.9650811403989792,105.94716528839054N,20.26847681073798E
626,Long Xuyen City-4641.jpeg,0.9650666490197182,105.43036824776134N,10.412212410673003E
628,Long Hồ District-1166.jpeg,0.9650313258171082,105.95096377145056N,10.15938017132657E
629,Phu Ly City-1371.jpeg,0.9650284051895142,105.92576280338488N,20.531634942621054E
630,Cao Lanh City-2983.jpeg,0.9650128334760666,105.64957253710186N,10.460790873424916E
631,Long Xuyen City-2252.jpeg,0.9649957492947578,105.37694417594385N,10.361008673683854E
632,Mỹ Hào District-679.jpeg,0.964989885687828,106.09353038969671N,20.905589208351927E
633,Tây Ninh City-366.jpeg,0.9649716094136238,106.10451156553712N,11.308398504318339E
634,Go Cong Town-123.jpeg,0.9649655371904372,106.65941229431952N,10.342838203466629E
635,Thanh Liêm District-3388.jpeg,0.9649583101272584,105.91319704556706N,20.44775041194421E
636,Go Cong Town-423.jpeg,0.9649581760168076,106.67037240985691N,10.35361793756961E
637,Thái Bình-832.jpeg,0.9649518951773643,106.3205686880218N,20.436552908491205E
641,Go Cong Town-455.jpeg,0.9649055376648904,106.65667226543519N,10.354965404332479E
644,Hung Yen City-778.jpeg,0.9648811221122742,106.04464259928191N,20.628697474451904E
647,Ninh Bình-962.jpeg,0.964854896068573,105.97158055286475N,20.240180008716898E
648,Bến Tre City-3060.jpeg,0.96485485881567,106.34747722908854N,10.263712008043413E
649,Vĩnh Long-1227.jpeg,0.9648470729589462,105.98566920975762N,10.251692338402876E
652,Go Cong Town-237.jpeg,0.9648432359099388,106.67996251095214N,10.346880603755244E
653,Cao Lanh City-4185.jpeg,0.9648390412330629,105.58654159521102N,10.487740208682368E
654,Yên Mỹ District-2234.jpeg,0.9648368954658508,106.0205108548486N,20.890919143309524E
655,Long Xuyen City-2178.jpeg,0.9648321717977524,105.4468064237052N,10.358313740158108E
656,Mỹ Tho-3092.jpeg,0.9648309350013732,106.33411855531787N,10.383956607502846E
657,Binh Minh Town-1279.jpeg,0.9648288190364838,105.86111053069003N,10.024814005675537E
658,Mỹ Hào District-1605.jpeg,0.9648191183805466,106.09064516226894N,20.92714867655852E
659,Hung Yen City-1329.jpeg,0.9648044779896736,106.04608267425627N,20.64082467531811E
660,Hung Yen City-1297.jpeg,0.964803382754326,106.07344409876902N,20.6394772085552E
661,Mỹ Hào District-2413.jpeg,0.9648007526993752,106.04303890971099N,20.94197081095056E
662,Cao Lanh City-3424.jpeg,0.9647769182920456,105.61257611468767N,10.471570607527898E
663,Long Xuyen City-4835.jpeg,0.9647572115063668,105.41256022382217N,10.417602277724498E
664,Mỹ Tho-1573.jpeg,0.9647527635097504,106.38069201063568N,10.3570072722454E
666,Hiệp Hòa District-6208.jpeg,0.9647453054785728,105.93843738132982N,21.342986148052496E
667,Phu Ly City-4056.jpeg,0.9647287800908088,105.93151872143017N,20.58418614637456E
668,Ninh Bình-1679.jpeg,0.964727722108364,105.9672719767811N,20.257697076634713E
669,Cai Lậy Town-1086.jpeg,0.9647252038121223,106.16079296676783N,10.383071105202898E
670,Mỹ Tho-1344.jpeg,0.9647056311368942,106.39575989323852N,10.352964871956782E
671,Thái Bình-2410.jpeg,0.964705005288124,106.35364564828656N,20.470239577563955E
673,Long Hồ District-9160.jpeg,0.964704118669033,105.99751811093057N,10.310296448768243E
676,Hiệp Hòa District-4096.jpeg,0.9646445065736772,106.01655132612508N,21.313341879268368E
677,Tam Điệp-2619.jpeg,0.9646430388092996,105.91248661391052N,20.158772009841154E
678,Hoa Lư District-4875.jpeg,0.9646424874663352,105.93921782328722N,20.312526449163567E
679,Go Cong Town-2711.jpeg,0.9646423682570456,106.67859249650996N,10.412906475136E
681,Bac Giang City-2308.jpeg,0.96462182700634,106.21986525073754N,21.287437077822833E
682,Cao Lanh City-3499.jpeg,0.9646189585328102,105.63449992056276N,10.47291807429077E
683,Mỹ Hào District-1269.jpeg,0.96458388119936,106.1497923245379N,20.919063875981042E
684,Tam Điệp-1588.jpeg,0.9645806327462196,105.89526165286318N,20.142602408686262E
685,Yên Mỹ District-2854.jpeg,0.9645731374621392,105.98012585645456N,20.901698877412823E
686,Binh Minh Town-3149.jpeg,0.9645602330565451,105.81732011023N,10.066585475324558E
687,Long Hồ District-2807.jpeg,0.9645591899752616,105.9153633942012N,10.17959217276965E
689,Tây Ninh City-653.jpeg,0.9645339846611024,106.10863482372925N,11.316483304895591E
691,Cao Lanh City-3734.jpeg,0.9645176231861116,105.61531659042207N,10.478307941342258E
692,Hiệp Hòa District-7397.jpeg,0.9645104706287384,105.99919267172614N,21.359155749207478E
693,Duy Tiên District-2976.jpeg,0.9645097479224204,105.98928842654688N,20.638910711717042E
694,Hung Yen City-529.jpeg,0.9645071923732758,106.05616319907675N,20.623307607400267E
696,Duy Tiên District-4422.jpeg,0.9644727408885956,105.98640881694259N,20.65912271316071E
697,Go Cong Town-1244.jpeg,0.9644582197070122,106.67722248206778N,10.375177405775567E
699,Cao Lanh City-2835.jpeg,0.9644389152526855,105.61531659042207N,10.458095939899168E
700,Go Cong Town-3033.jpeg,0.9644368961453438,106.67311243874127N,10.419643808950358E
701,Duy Tiên District-1414.jpeg,0.9644253477454184,105.98496901214044N,20.616003776747554E
706,Tam Điệp-2623.jpeg,0.9643898084759712,105.91822826759295N,20.158772009841154E
708,Cao Lanh City-1977.jpeg,0.9643615409731864,105.60572492535172N,10.441926338744695E
709,Bac Giang City-2247.jpeg,0.9643466994166374,106.24010865274344N,21.286089611059918E
711,Tây Ninh City-812.jpeg,0.9643371626734734,106.10726040433188N,11.320525705184215E
712,Duy Tiên District-2072.jpeg,0.964335970580578,105.91729818643888N,20.626783510850842E
713,Bến Tre City-3181.jpeg,0.964308962225914,106.37486252825991N,10.266406941569157E
714,Mỹ Tho-1298.jpeg,0.96430204808712,106.33274874780851N,10.352964871956782E
715,Chau Doc City-2274.jpeg,0.9642958268523216,105.07271151714745N,10.671530607297658E
717,Long Xuyen City-933.jpeg,0.9642936885356904,105.47694307960226N,10.330016938137788E
718,Mỹ Tho-2677.jpeg,0.9642882868647576,106.38617124067312N,10.37587180692561E
721,Binh Minh Town-3418.jpeg,0.964276947081089,105.84742602429628N,10.073322809138919E
722,Mỹ Tho-976.jpeg,0.9642694666981696,106.3272695177711N,10.34757500490529E
725,Long Xuyen City-4533.jpeg,0.9642603024840356,105.4276285517707N,10.409517477147261E
729,Hiệp Hòa District-2951.jpeg,0.9642279073596,106.0266772078578N,21.295824811350474E
730,Hoa Lư District-3945.jpeg,0.9642223939299585,105.93060039678204N,20.290966980957013E
731,Bac Giang City-1396.jpeg,0.9642196521162988,106.17793248943954N,21.271267476667855E
732,Châu Thành District-1283.jpeg,0.9642138332128524,106.24301318852476N,10.262396737831006E
733,Long Hồ District-4972.jpeg,0.9641976654529572,106.0043643373247N,10.21327884184145E
734,Cao Lanh City-1915.jpeg,0.9641719236969948,105.63312968269553N,10.440578871981824E
735,Chau Doc City-4623.jpeg,0.964167632162571,105.11796296619927N,10.713302076946729E
736,Hoa Lư District-4286.jpeg,0.9641648530960084,105.94783524979243N,20.297704314771565E
737,Bến Tre City-894.jpeg,0.9641643837094308,106.36664693850851N,10.22194053839438E
739,Ninh Bình-2037.jpeg,0.9641627222299576,105.9600910166416N,20.26982427750089E
740,Go Cong Town-430.jpeg,0.9641547203063964,106.67996251095214N,10.35361793756961E
742,Yên Mỹ District-3005.jpeg,0.9641170129179956,105.9729142495985N,20.90439381093865E
743,Go Cong Town-838.jpeg,0.9641058221459388,106.68681258316299N,10.364397671672586E
744,Hiệp Hòa District-8469.jpeg,0.9640988782048224,106.02523065332454N,21.37936775065121E
745,Go Cong Town-2496.jpeg,0.9640952050685884,106.62105188993868N,10.408864074847378E
746,Phu Ly City-3229.jpeg,0.9640810266137124,105.9113730082717N,20.56397414493091E
747,Duy Tiên District-1288.jpeg,0.9640785306692125,105.97345057372313N,20.61330884322173E
749,Cao Lanh City-1476.jpeg,0.9640645608305932,105.60435468748452N,10.433841538167465E
750,Thái Bình-1109.jpeg,0.9640481099486352,106.33207371767911N,20.441942775542838E
751,Binh Minh Town-3094.jpeg,0.96403107047081,105.81047785703313N,10.065238008561684E
753,Cai Lậy Town-1704.jpeg,0.9640190079808236,106.11969041314218N,10.393850839305879E
754,Bến Tre City-3295.jpeg,0.9640118181705476,106.35706208379852N,10.270449341857772E
757,Tam Điệp-2929.jpeg,0.963994726538658,105.91822826759295N,20.162814410129887E
758,Cai Lậy Town-4959.jpeg,0.9639551937580108,106.10598956193365N,10.454486843635143E
759,Hung Yen City-2445.jpeg,0.9639541283249856,106.04752274923062N,20.675858811153795E
762,Go Cong Town-1076.jpeg,0.9639395475387572,106.65393223655084N,10.371135005486948E
763,Thái Bình-1326.jpeg,0.9639182463288308,106.35076939087223N,20.445985175831574E
764,Cai Lậy Town-2694.jpeg,0.9639179557561874,106.1525724560427N,10.41136790722322E
765,Binh Minh Town-2680.jpeg,0.9639045745134354,105.81595165959065N,10.054458274458714E
768,Mỹ Tho-1306.jpeg,0.963850513100624,106.34370720788327N,10.352964871956782E
769,Long Xuyen City-1307.jpeg,0.9638495072722436,105.47694307960226N,10.338101738715023E
771,Châu Thành District-6130.jpeg,0.9638400226831436,106.25944710444665N,10.294735940139942E
772,Vĩnh Long-2076.jpeg,0.9638303518295288,105.92541861191793N,10.266514472794467E
773,Cao Lanh City-4195.jpeg,0.9638263583183287,105.60024397388295N,10.487740208682368E
774,Phu Ly City-1695.jpeg,0.9638231694698334,105.90273913120375N,20.537024809672698E
775,Cao Lanh City-4654.jpeg,0.9638221487402916,105.5728392165391N,10.497172476022477E
776,Châu Thành District-4101.jpeg,0.9638119861483574,106.43337271461985N,10.281261272511216E
777,Ninh Bình-574.jpeg,0.9638056606054306,105.99025104922738N,20.229400274613628E
779,Long Hồ District-6546.jpeg,0.963804230093956,106.00025660148823N,10.257745245016228E
780,Chau Doc City-4520.jpeg,0.9637988582253456,105.12070547826302N,10.70925967665811E
781,Tây Ninh City-353.jpeg,0.963795430958271,106.08664411337115N,11.308398504318339E
782,Duy Tiên District-1679.jpeg,0.9637701362371444,106.0296029610074N,20.62004617703629E
783,Yên Mỹ District-738.jpeg,0.9637687802314758,106.02483781896224N,20.86531727481419E
785,Go Cong Town-397.jpeg,0.9637665674090384,106.6922926409317N,10.352270470806737E
787,Duy Tiên District-1021.jpeg,0.9636987149715424,105.94033506327347N,20.606571509407175E
788,Mỹ Tho-1555.jpeg,0.9636793360114098,106.3560354754674N,10.3570072722454E
789,Cao Lanh City-3266.jpeg,0.9636773839592934,105.63312968269553N,10.467528207239278E
790,Duy Tiên District-3004.jpeg,0.963675521314144,106.0296029610074N,20.638910711717042E
791,Phu Ly City-2983.jpeg,0.9636546447873116,105.97612708628108N,20.558584277879262E
792,Mỹ Tho-1145.jpeg,0.9636448994278908,106.34370720788327N,10.350269938431039E
794,Cao Lanh City-4964.jpeg,0.9636166021227835,105.64957253710186N,10.50256234307397E
796,Duy Tiên District-1524.jpeg,0.9635976478457452,105.92593701525183N,20.618698710273378E
797,Duy Tiên District-3127.jpeg,0.963573545217514,105.92305740564751N,20.641605645242862E
798,Phu Ly City-2462.jpeg,0.9635637030005456,105.96893218872448N,20.54915201053889E
799,Châu Thành District-1735.jpeg,0.9635523036122322,106.18686397579167N,10.266439138119624E
800,Hiệp Hòa District-5679.jpeg,0.9635356217622756,105.9413304903963N,21.336248814237923E
802,Vĩnh Long-235.jpeg,0.9635218158364296,105.94869725199236N,10.232827803722667E
803,Long Hồ District-3924.jpeg,0.9635197296738623,106.01394905427645N,10.193066840398368E
804,Tây Ninh City-2029.jpeg,0.9635165333747864,106.1127580819214N,11.347475040441713E
805,Tam Điệp-4118.jpeg,0.9635139107704164,105.95411360310817N,20.177636544521878E
806,Hiệp Hòa District-518.jpeg,0.9635081589221954,105.94277704492954N,21.247316007885544E
807,Cao Lanh City-1605.jpeg,0.9634983912110328,105.66464515364098N,10.435189004930333E
809,Hoa Lư District-3421.jpeg,0.9634850099682808,105.95358020079591N,20.280187246853743E
810,Vĩnh Long-352.jpeg,0.963468722999096,105.95554391083778N,10.23552273724841E
812,Thanh Liêm District-6709.jpeg,0.9634566828608512,105.89018813558863N,20.496259215408976E
813,Chau Doc City-4138.jpeg,0.9634513556957244,105.10287914984868N,10.70117487608087E
817,Cai Lậy Town-5234.jpeg,0.9634376987814904,106.18682458406407N,10.458529243923762E
820,Châu Thành District-8722.jpeg,0.9634053334593772,106.3347692190886N,10.31225300805728E
821,Châu Thành District-3129.jpeg,0.9633962735533714,106.28683696431644N,10.275871405459727E
822,Cai Lậy Town-5188.jpeg,0.9633938521146774,106.12380066850477N,10.458529243923762E
823,Hung Yen City-1536.jpeg,0.9633874073624612,106.05328304912801N,20.646214542369755E
824,Bac Giang City-528.jpeg,0.9633862897753716,106.16636483115046N,21.249708008461223E
825,Mỹ Hào District-2582.jpeg,0.9633828774094582,106.04303890971099N,20.94466574447639E
826,Sa Đéc City-877.jpeg,0.963372491300106,105.75866764172143N,10.293668005177352E
828,Mỹ Tho-293.jpeg,0.9633600488305092,106.32863932528045N,10.332752870513698E
829,Go Cong Town-1132.jpeg,0.9633533805608748,106.66215232320387N,10.372482472249823E
831,Mỹ Hào District-1601.jpeg,0.96333946287632,106.08487470741343N,20.92714867655852E
834,Bến Tre City-2690.jpeg,0.9633180871605872,106.36253914363279N,10.255627207466182E
835,Thái Bình-1849.jpeg,0.9633085057139396,106.3565219057009N,20.45676490993485E
836,Thanh Liêm District-2502.jpeg,0.9632934853434564,105.96209097927128N,20.434275744315112E
837,Cao Lanh City-740.jpeg,0.9632915481925012,105.64135110989872N,10.421714337301607E
838,Thái Bình-2438.jpeg,0.9632850661873816,106.31913055931464N,20.47158704432686E
839,Yên Mỹ District-2857.jpeg,0.9632577002048492,105.98445282056821N,20.901698877412823E
840,Hung Yen City-2711.jpeg,0.96324772387743,106.0619234989742N,20.683943611731266E
842,Long Xuyen City-3487.jpeg,0.9632403552532196,105.41666976780813N,10.385263075415558E
843,Thái Bình-1812.jpeg,0.9632395431399344,106.30331114353582N,20.45676490993485E
844,Mỹ Tho-2444.jpeg,0.9632304832339288,106.38069201063568N,10.371829406636992E
845,Go Cong Town-2231.jpeg,0.9631955921649932,106.6347520343604N,10.402126741033015E
846,Hiệp Hòa District-2506.jpeg,0.9631913751363754,105.94567015399605N,21.289087477535897E
847,Hiệp Hòa District-8156.jpeg,0.963185891509056,105.97170813559445N,21.37263041683663E
848,Go Cong Town-566.jpeg,0.9631808623671532,106.67996251095214N,10.357660337858226E
850,Mỹ Hào District-1262.jpeg,0.9631729573011398,106.13969402854079N,20.919063875981042E
851,Hiệp Hòa District-500.jpeg,0.9631714448332788,105.97170813559445N,21.24596854112263E
852,Bac Giang City-3025.jpeg,0.9631706029176712,106.17359461758113N,21.303606678977808E
853,Phu Ly City-2584.jpeg,0.9631571248173714,105.93439668045279N,20.55184694406471E
854,Mỹ Tho-2759.jpeg,0.96314999461174,106.39575989323852N,10.377219273688485E
856,Thái Bình-859.jpeg,0.9631414860486984,106.35939816311522N,20.436552908491205E
857,Yên Mỹ District-2290.jpeg,0.963135115802288,105.97868353508333N,20.89226661007244E
858,Hung Yen City-1193.jpeg,0.9631255269050598,106.08208454861514N,20.636782275029375E
859,Duy Tiên District-2325.jpeg,0.9631245508790016,106.00512627937064N,20.629478444376662E
860,Châu Thành District-1123.jpeg,0.9631233662366868,106.23616572355732N,10.261049271068135E
861,Go Cong Town-2537.jpeg,0.9631218463182448,106.67722248206778N,10.408864074847378E
862,Hiệp Hòa District-909.jpeg,0.963117279112339,105.97749435372745N,21.25944320875178E
863,Duy Tiên District-5353.jpeg,0.9631142616271972,105.92449721044969N,20.675292314315648E
864,Cai Lậy Town-6298.jpeg,0.963110350072384,106.0991391363294N,10.481436178892595E
865,Trà Vinh City-789.jpeg,0.9631026983261108,106.34134199671676N,9.918972105070441E
866,Thanh Liêm District-1438.jpeg,0.963088110089302,105.93476789867186N,20.416758676397286E
868,Hung Yen City-2285.jpeg,0.9630836769938468,106.05616319907675N,20.670468944102158E
871,Hung Yen City-1178.jpeg,0.9630729481577872,106.0604834239998N,20.636782275029375E
872,Hoa Lư District-4097.jpeg,0.9630446955561638,105.95358020079591N,20.29366191448283E
874,Hung Yen City-2759.jpeg,0.9630115926265717,106.06624372389724N,20.68529107849418E
875,Hiệp Hòa District-7226.jpeg,0.9630077108740808,106.01510477159182N,21.356460815681647E
877,Go Cong Town-924.jpeg,0.96299147605896,106.65804227987738N,10.367092605198332E
879,Hiệp Hòa District-2154.jpeg,0.9629817306995392,106.00208578079261N,21.28235014372133E
880,Hiệp Hòa District-6083.jpeg,0.9629777893424034,105.90950629066491N,21.34163868128958E
881,Thanh Liêm District-1884.jpeg,0.962969645857811,105.94052012616646N,20.424843476974743E
882,Mỹ Tho-3630.jpeg,0.9629696235060692,106.33685817033654N,10.393388874842957E
883,Thanh Liêm District-5661.jpeg,0.9629422798752784,105.89162619246228N,20.48008961425405E
884,Mỹ Tho-13.jpeg,0.9629266187548636,106.31494125018696N,10.320625669647844E
885,Tây Ninh City-5889.jpeg,0.9629109725356102,106.13474879227947N,11.41350091182259E
887,Go Cong Town-1402.jpeg,0.9628862291574478,106.68407255427864N,10.379219806064183E
888,Go Cong Town-2830.jpeg,0.9628786444664,106.67037240985691N,10.415601408661741E
889,Hiệp Hòa District-7412.jpeg,0.9628757685422896,106.0208909897248N,21.359155749207478E
890,Tam Điệp-1630.jpeg,0.9628572314977646,105.8464575965625N,20.14394987544917E
892,Cao Lanh City-2427.jpeg,0.9628393948078156,105.59750349814857N,10.450011139321935E
894,Cao Lanh City-3026.jpeg,0.9628277719020844,105.62764873122678N,10.462138340187787E
895,Cao Lanh City-903.jpeg,0.9628267511725426,105.63312968269553N,10.424409270827352E
897,Long Hồ District-5637.jpeg,0.962806224822998,105.92084037531647N,10.22810097623304E
898,Trà Vinh City-1779.jpeg,0.9628035724163057,106.346814196279N,9.960743574719457E
899,Long Hồ District-5733.jpeg,0.962798461318016,105.95507150728706N,10.229448442995913E
900,Thanh Liêm District-7294.jpeg,0.9627913758158684,105.92901567117725N,20.505691482749345E
901,Long Xuyen City-3869.jpeg,0.9627879559993744,105.43173809575667N,10.393347875992792E
902,Hiệp Hòa District-4428.jpeg,0.9627819657325744,105.96736847199472N,21.318731746320022E
903,Châu Thành District-7729.jpeg,0.9627796337008476,106.2525996394792N,10.305515674242919E
907,Mỹ Tho-2012.jpeg,0.962761491537094,106.32589971026175N,10.365092072822634E
908,Hoa Lư District-4160.jpeg,0.9627446681261064,105.94927148754331N,20.295009381245738E
910,Vĩnh Long-929.jpeg,0.96273010969162,105.910355962458N,10.24764993811426E
911,Long Xuyen City-4221.jpeg,0.9627289324998856,105.44543657570988N,10.401432676570025E
913,Go Cong Town-1705.jpeg,0.9627274796366692,106.69366265537386N,10.387304606641418E
914,Cai Lậy Town-2250.jpeg,0.9627228006720544,106.12928100898819N,10.403283106645986E
915,Cao Lanh City-3980.jpeg,0.9627192318439484,105.58243088160947N,10.48369780839375E
918,Mỹ Hào District-2315.jpeg,0.9627020880579948,106.14546448339627N,20.93927587742473E
919,Hung Yen City-2289.jpeg,0.9627006724476814,106.0619234989742N,20.670468944102158E
920,Long Xuyen City-2355.jpeg,0.9626848623156548,105.43447779174731N,10.362356140446725E
921,Châu Thành District-3447.jpeg,0.9626733735203744,106.44022017958733N,10.277218872222601E
922,Trà Vinh City-501.jpeg,0.9626587480306624,106.32766149781118N,9.909539837730343E
923,Mỹ Hào District-1176.jpeg,0.9626528844237328,106.10507129940774N,20.91771640921813E
925,Long Xuyen City-2397.jpeg,0.9626309350132942,105.39886174386898N,10.363703607209597E
926,Ninh Bình-263.jpeg,0.962597094476223,105.9945596253111N,20.217273073747442E
927,Tây Ninh City-458.jpeg,0.9625956416130066,106.0990138879476N,11.311093437844091E
928,Cao Lanh City-3823.jpeg,0.9625917077064514,105.6454618235003N,10.479655408105131E
929,Go Cong Town-1989.jpeg,0.9625789970159532,106.66900239541475N,10.395389407218653E
930,Ninh Bình-918.jpeg,0.9625647366046906,105.9916872412553N,20.238832541953983E
932,Duy Tiên District-1702.jpeg,0.9625250026583672,105.92449721044969N,20.621393643799195E
933,Thái Bình-1437.jpeg,0.9624815210700036,106.31481617319312N,20.44868010935739E
934,Long Hồ District-3370.jpeg,0.9624735414981842,105.93316358282588N,10.18632950658401E
935,Yên Mỹ District-437.jpeg,0.962451994419098,106.03781871130316N,20.857232474236717E
937,Mỹ Tho-1416.jpeg,0.9624385237693788,106.38480143316373N,10.354312338719653E
939,Duy Tiên District-2605.jpeg,0.9624270349740982,105.99792725535985N,20.633520844665398E
940,Hiệp Hòa District-1472.jpeg,0.9624228477478028,105.95000981759576N,21.271570409618008E
941,Tây Ninh City-161.jpeg,0.9624174237251282,106.1251278564978N,11.301661170503968E
943,Châu Thành District-4742.jpeg,0.9624100625514984,106.4032438687631N,10.28530367279983E
944,Duy Tiên District-1792.jpeg,0.962400048971176,105.92161760084535N,20.622741110562114E
945,Cai Lậy Town-4245.jpeg,0.962385505437851,106.17312373285549N,10.441012176006414E
946,Cao Lanh City-2235.jpeg,0.9623813629150392,105.63038920696117N,10.44596873903332E
949,Go Cong Town-3778.jpeg,0.9623468369245528,106.61283180328563N,10.43311847657908E
952,Tây Ninh City-3985.jpeg,0.9623004645109176,106.08114643578168N,11.381161709513586E
954,Cai Lậy Town-2025.jpeg,0.9622630551457404,106.1224305833839N,10.39924070635737E
955,Cai Lậy Town-5365.jpeg,0.962248921394348,106.17175364773465N,10.461224177449507E
957,Phu Ly City-2784.jpeg,0.9622217416763306,105.90130015169242N,20.55588934435344E
958,Long Hồ District-6183.jpeg,0.9622182622551918,105.94274829977763N,10.240228177098889E
959,Long Hồ District-1751.jpeg,0.9622005745768548,106.00847207316117N,10.16611750514093E
961,Tây Ninh City-2415.jpeg,0.9621911942958832,106.1581139220349N,11.354212374256086E
962,Hiệp Hòa District-305.jpeg,0.96218553930521,105.97170813559445N,21.239231207308055E
963,Chau Doc City-1671.jpeg,0.9621840119361876,105.12893301445428N,10.660750873194672E
964,Mỹ Tho-3194.jpeg,0.9621821120381356,106.36836374305156N,10.385304074265717E
965,Hiệp Hòa District-5994.jpeg,0.9621799141168594,105.93409771773007N,21.340291214526662E
967,Vĩnh Long-1113.jpeg,0.9621778428554536,105.94321992491601N,10.250344871640005E
968,Long Hồ District-5316.jpeg,0.9621649235486984,105.9345328281047N,10.22136364241868E
969,Duy Tiên District-3613.jpeg,0.9621551185846328,105.91441857683458N,20.64834297905743E
970,Mỹ Hào District-3709.jpeg,0.962152861058712,106.08631732112731N,20.963530279157165E
974,Bến Tre City-225.jpeg,0.9620970040559768,106.38033958809419N,10.20307600371417E
976,Châu Thành District-8471.jpeg,0.9620888233184814,106.2375352165508N,10.310905541294407E
977,Hoa Lư District-583.jpeg,0.9620695635676384,105.97081505380626N,20.20068670784212E
978,Cao Lanh City-4024.jpeg,0.9620644599199296,105.6427213477659N,10.48369780839375E
979,Long Hồ District-3201.jpeg,0.9620609357953072,106.00162584676706N,10.183634573058265E
980,Bến Tre City-3006.jpeg,0.9620279222726822,106.35021575900566N,10.262364541280542E
981,Go Cong Town-3896.jpeg,0.962024226784706,106.6662623665304N,10.434465943341957E
983,Duy Tiên District-1941.jpeg,0.9620152488350868,106.00368647456851N,20.624088577325022E
984,Ninh Bình-873.jpeg,0.9620133191347122,106.00461296950637N,20.23748507519107E
985,Hoa Lư District-1249.jpeg,0.9620105847716331,105.93347287228377N,20.215508842234115E
986,Châu Thành District-3131.jpeg,0.9620030596852304,106.28957595030342N,10.275871405459727E
987,Duy Tiên District-3838.jpeg,0.9620006307959555,105.95473311129504N,20.651037912583238E
988,Sa Đéc City-1647.jpeg,0.961999535560608,105.73401423794677N,10.320617340434799E
990,Cai Lậy Town-6666.jpeg,0.9619754999876022,106.11146990241708N,10.493563379758449E
991,Hiệp Hòa District-2757.jpeg,0.9619751274585724,105.98038746279394N,21.293129877824647E
992,Bac Giang City-1974.jpeg,0.9619750380516052,106.17504057486727N,21.28204721077117E
994,Go Cong Town-4858.jpeg,0.9619470909237862,106.64708216433996N,10.469500079176646E
995,Chau Doc City-2583.jpeg,0.9619466736912728,105.14264557477303N,10.675573007586278E
996,Long Hồ District-7946.jpeg,0.961936555802822,105.9810871675847N,10.286042047036544E
997,Thanh Liêm District-7080.jpeg,0.9619340226054192,105.96640514989222N,20.501649082460613E
998,Duy Tiên District-3059.jpeg,0.9619252979755402,105.96625154971235N,20.640258178479957E
1001,Long Hồ District-4933.jpeg,0.9618905857205392,105.95096377145056N,10.21327884184145E
1002,Mỹ Hào District-561.jpeg,0.9618720561265944,106.12671050511588N,20.90154680806318E
1005,Long Xuyen City-4470.jpeg,0.9618625044822692,105.41393007181749N,10.40817001038439E
1006,Cai Lậy Town-2458.jpeg,0.961861439049244,106.11832032802134N,10.407325506934605E
1007,Go Cong Town-1607.jpeg,0.9618586897850036,106.6922926409317N,10.384609673115675E
1008,Cai Lậy Town-546.jpeg,0.9618573486804962,106.12380066850477N,10.373638837862787E
1009,Duy Tiên District-112.jpeg,0.9618086144328116,105.9604923305037N,20.566147506519858E
1010,Hiệp Hòa District-2970.jpeg,0.9618055149912834,105.93843738132982N,21.297172278113386E
1011,Trà Vinh City-493.jpeg,0.9617933928966522,106.31671709868672N,9.909539837730343E
1015,Long Hồ District-6368.jpeg,0.9617344290018082,105.99477962037295N,10.24696551091325E
1016,Tam Điệp-1462.jpeg,0.9617342203855516,105.93258240179902N,20.139907475160445E
1017,Mỹ Hào District-2787.jpeg,0.9617215320467948,106.09064516226894N,20.947360678002212E
1018,Sa Đéc City-380.jpeg,0.9616934210062028,105.76277654235054N,10.277498404022884E
1021,Mỹ Hào District-1198.jpeg,0.9616753309965134,106.136808801113N,20.91771640921813E
1023,Go Cong Town-2368.jpeg,0.9616700261831284,106.67174242429908N,10.404821674558763E
1026,Duy Tiên District-5221.jpeg,0.961633749306202,105.92593701525183N,20.672597380789824E
1027,Vĩnh Long-2115.jpeg,0.9616170525550842,105.90761729891983N,10.26786193955734E
1028,Duy Tiên District-1984.jpeg,0.9616144672036172,105.927376820054N,20.625436044087937E
1029,Hiệp Hòa District-6049.jpeg,0.9615953490138054,106.01365821705858N,21.340291214526662E
1030,Tây Ninh City-281.jpeg,0.9615949019789696,106.11688134011352N,11.30570357079259E
1032,Phu Ly City-192.jpeg,0.9615374207496644,105.90993402876035N,20.50468560736285E
1033,Sa Đéc City-1171.jpeg,0.9615300372242928,105.76414617589354N,10.303100272517458E
1034,Long Xuyen City-3913.jpeg,0.9615245759487152,105.41256022382217N,10.394695342755663E
1035,Thanh Liêm District-1350.jpeg,0.961502842605114,105.90456870432516N,20.415411209634375E
1036,Phu Ly City-2042.jpeg,0.9614954218268394,105.91712892631695N,20.542414676724338E
1038,Long Hồ District-5043.jpeg,0.9614827558398248,105.92220962059528N,10.21597377536719E
1041,Mỹ Tho-1462.jpeg,0.9614341780543328,106.3382279778459N,10.355659805482526E
1042,Duy Tiên District-1714.jpeg,0.9614059403538704,105.9417748680756N,20.621393643799195E
1043,Cao Lanh City-3737.jpeg,0.9614025503396988,105.61942730402366N,10.478307941342258E
1045,Long Xuyen City-2603.jpeg,0.9613865464925766,105.40434113585025N,10.367746007498214E
1046,Phu Ly City-160.jpeg,0.9613839536905288,105.8984221926698N,20.50333814059993E
1047,Long Hồ District-2259.jpeg,0.9613837823271753,105.93590207338352N,10.172854838955288E
1048,Thanh Liêm District-1561.jpeg,0.9613827988505363,105.91319704556706N,20.419453609923103E
1049,Hiệp Hòa District-6599.jpeg,0.9613692611455916,105.93988393586307N,21.348376015104158E
1050,Go Cong Town-4159.jpeg,0.9613673463463784,106.61694184661216N,10.43985581039345E
1051,Mỹ Hào District-660.jpeg,0.9613613039255142,106.13536618739911N,20.904241741589008E
1052,Phu Ly City-2275.jpeg,0.961343251168728,105.91712892631695N,20.546457077013063E
1053,Long Hồ District-4310.jpeg,0.9613388553261756,105.92220962059528N,10.201151640975601E
1054,Cai Lậy Town-4571.jpeg,0.9613229110836984,106.1881946691849N,10.446402043057908E
1055,Vĩnh Long-410.jpeg,0.9613178372383118,105.95828257437594N,10.236870204011284E
1056,Go Cong Town-3954.jpeg,0.9613031819462776,106.63749206324476N,10.435813410104826E
1057,Vĩnh Long-1208.jpeg,0.9612902253866196,105.95965190614504N,10.251692338402876E
1058,Long Hồ District-3069.jpeg,0.961280457675457,105.97150245063291N,10.182287106295396E
1059,Trà Vinh City-1383.jpeg,0.961276650428772,106.34271004660732N,9.94726890709074E
1060,Hiệp Hòa District-1808.jpeg,0.9612746983766556,105.97604779919419N,21.276960276669666E
1062,Bac Giang City-741.jpeg,0.9612277150154114,106.1764865321534N,21.25509787551288E
1063,Hoa Lư District-4025.jpeg,0.9612249955534936,105.94639901204157N,20.29231444771992E
1064,Long Hồ District-1161.jpeg,0.9612127244472504,105.94411754505647N,10.15938017132657E
1065,Bac Giang City-3103.jpeg,0.9612103924155236,106.16491887386432N,21.30630161250364E
1066,Sa Đéc City-452.jpeg,0.9612085819244384,105.73264460440373N,10.280193337548628E
1068,Thái Bình-1146.jpeg,0.9611957967281342,106.38528447984417N,20.441942775542838E
1069,Yên Mỹ District-1520.jpeg,0.961185410618782,105.97147192822725N,20.88013940920623E
1070,Phu Ly City-1715.jpeg,0.9611741378903388,105.93151872143017N,20.537024809672698E
1073,Trà Vinh City-920.jpeg,0.9611534848809242,106.30714074945278N,9.924361972121927E
1074,Cai Lậy Town-3123.jpeg,0.9611508324742316,106.12928100898819N,10.420800174563325E
1075,Mỹ Tho-1341.jpeg,0.9611351266503334,106.39165047071049N,10.352964871956782E
1076,Tây Ninh City-511.jpeg,0.9611233696341516,106.10588598493449N,11.312440904606968E
1079,Hung Yen City-2092.jpeg,0.9610946848988532,106.0547231241024N,20.6637316102876E
1080,Tam Điệp-1892.jpeg,0.9610903188586236,105.89095541260134N,20.14799227573789E
1082,Go Cong Town-2962.jpeg,0.961081489920616,106.66900239541475N,10.418296342187489E
1085,Cao Lanh City-3259.jpeg,0.9610506370663644,105.62353801762521N,10.467528207239278E
1087,Thanh Liêm District-5103.jpeg,0.9610381573438644,105.91751121618802N,20.47200481367659E
1088,Mỹ Tho-2031.jpeg,0.9610356464982032,106.35192605293939N,10.365092072822634E
1089,Tây Ninh City-1277.jpeg,0.9610298573970796,106.10588598493449N,11.331305439287211E
1091,Phu Ly City-35.jpeg,0.9610275402665138,105.9142509672943N,20.489863472970836E
1094,Trà Vinh City-902.jpeg,0.9609893187880516,106.3358697971545N,9.923014505359054E
1095,Thanh Liêm District-7605.jpeg,0.9609529674053192,105.98078571862875N,20.511081349800993E
1096,Hiệp Hòa District-9060.jpeg,0.960952803492546,105.95724259026198N,21.39418988504327E
1097,Binh Minh Town-3407.jpeg,0.9609502106904984,105.83237306726312N,10.073322809138919E
1098,Cai Lậy Town-5978.jpeg,0.9609427154064178,106.14846220068013N,10.473351378315359E
1099,Mỹ Tho-1642.jpeg,0.9609366059303284,106.36562412803286N,10.35835473900827E
1100,Yên Mỹ District-4503.jpeg,0.9609363377094268,106.03204942581829N,20.950207680877682E
1101,Ninh Bình-407.jpeg,0.9609240740537645,105.97158055286475N,20.224010407561988E
1102,Hiệp Hòa District-8139.jpeg,0.9609065428376198,105.9471167085293N,21.37263041683663E
1103,Mỹ Tho-1265.jpeg,0.9609043374657632,106.39849950825723N,10.351617405193908E
1104,Yên Mỹ District-1989.jpeg,0.960864432156086,106.03637638993193N,20.886876743020792E
1105,Phu Ly City-874.jpeg,0.9608611315488816,105.92432382387354N,20.52355014204359E
1106,Hoa Lư District-4463.jpeg,0.96084363758564,105.94496277429069N,20.301746715060293E
1107,Cao Lanh City-4176.jpeg,0.960842065513134,105.5742094544063N,10.487740208682368E
1108,Go Cong Town-1568.jpeg,0.960831806063652,106.63886207768692N,10.384609673115675E
1109,Long Hồ District-3952.jpeg,0.9608312696218492,105.94000980922003N,10.194414307161237E
1111,Bac Giang City-1831.jpeg,0.9608083963394164,106.19672993415931N,21.27935227724534E
1112,Go Cong Town-1105.jpeg,0.9607931300997734,106.69366265537386N,10.371135005486948E
1113,Yên Mỹ District-4295.jpeg,0.960759088397026,106.02628014033344N,20.932690612959814E
1115,Vĩnh Long-1472.jpeg,0.960747756063938,105.97471455560493N,10.255734738691492E
1116,Trà Vinh City-1387.jpeg,0.9607462882995604,106.34818224616954N,9.94726890709074E
1117,Binh Minh Town-2779.jpeg,0.9607441201806068,105.8008987025575N,10.057153207984456E
1119,Hiệp Hòa District-4486.jpeg,0.9607327878475188,105.92107872693089N,21.32007921308295E
1122,Hung Yen City-2911.jpeg,0.9607096239924432,106.03456207446143N,20.69068094554582E
1123,Bac Giang City-1996.jpeg,0.960705168545246,106.20685163516228N,21.28204721077117E
1124,Ninh Bình-394.jpeg,0.960684821009636,105.95147386447422N,20.224010407561988E
1126,Tam Điệp-3047.jpeg,0.9606636986136436,105.92827616153721N,20.16416187689279E
1127,Bac Giang City-2115.jpeg,0.9606616646051408,106.1576890874336N,21.284742144297002E
1130,Sa Đéc City-370.jpeg,0.9606044963002204,105.74908020692013N,10.277498404022884E
1131,Cai Lậy Town-3582.jpeg,0.9605608582496644,106.17860407333892N,10.428884975140564E
1132,Go Cong Town-4953.jpeg,0.960545226931572,106.64434213545564N,10.47623741299101E
1133,Go Cong Town-2545.jpeg,0.9605451971292496,106.68818259760518N,10.408864074847378E
1134,Duy Tiên District-4976.jpeg,0.9605271071195602,106.02384374179874N,20.66720751373818E
1135,Hoa Lư District-1604.jpeg,0.960520826280117,105.95214396304503N,20.223593642811572E
1136,Bến Tre City-2698.jpeg,0.9605112075805664,106.37349326330134N,10.255627207466182E
1138,Cai Lậy Town-2809.jpeg,0.9604917541146278,106.12654083874648N,10.414062840748963E
1139,Vĩnh Long-1692.jpeg,0.9604844003915788,105.92131061661068N,10.259777138980107E
1140,Long Xuyen City-426.jpeg,0.9604824110865592,105.48379231957885N,10.317889737271937E
1142,Cai Lậy Town-5432.jpeg,0.9604528024792672,106.16627330725123N,10.46257164421238E
1144,Cai Lậy Town-5684.jpeg,0.9604460597038268,106.1224305833839N,10.467961511263871E
1146,Thái Bình-657.jpeg,0.9603946432471276,106.34501687604359N,20.432510508202476E
1147,Châu Thành District-7538.jpeg,0.9603754952549934,106.25670811845967N,10.304168207480046E
1148,Ninh Bình-1706.jpeg,0.960373528301716,105.94142052027895N,20.25904454339761E
1149,Mỹ Hào District-1167.jpeg,0.9603688567876816,106.09208777598282N,20.91771640921813E
1150,Cai Lậy Town-5566.jpeg,0.9603388383984566,106.15531262628441N,10.465266577738122E
1151,Trà Vinh City-316.jpeg,0.9603274017572404,106.34407809649787N,9.902802503915984E
1152,Long Xuyen City-2835.jpeg,0.960326425731182,105.44954611969584N,10.371788407786832E
1153,Hung Yen City-1647.jpeg,0.9603179171681404,106.0705639488203N,20.64890947589557E
1154,Trà Vinh City-701.jpeg,0.960310623049736,106.32766149781118N,9.916277171544703E
1155,Hung Yen City-483.jpeg,0.9602906182408332,106.07920439866642N,20.621960140637352E
1156,Long Xuyen City-5007.jpeg,0.9602719247341156,105.4468064237052N,10.421644678013113E
1157,Ninh Bình-920.jpeg,0.96027123183012,105.9945596253111N,20.238832541953983E
1159,Hoa Lư District-1614.jpeg,0.9602158218622208,105.96650634055369N,20.223593642811572E
1160,Duy Tiên District-1432.jpeg,0.9601884707808496,106.0224039369966N,20.616003776747554E
1161,Tây Ninh City-772.jpeg,0.9601779282093048,106.12925111468995N,11.31917823842134E
1162,Thanh Liêm District-1047.jpeg,0.9601742774248124,105.9060067611988N,20.408673875819822E
1163,Tam Điệp-1689.jpeg,0.9601679444313048,105.93114698837846N,20.14394987544917E
1164,Mỹ Tho-2996.jpeg,0.9601653516292572,106.30672240513088N,10.382609140739975E
1165,Tây Ninh City-6622.jpeg,0.960159994661808,106.11413250131875N,11.431017979739966E
1166,Cai Lậy Town-4558.jpeg,0.9601599425077438,106.17038356261381N,10.446402043057908E
1171,Tây Ninh City-645.jpeg,0.9601257666945456,106.09763946855021N,11.316483304895591E
1173,Thái Bình-2515.jpeg,0.9601182490587234,106.3565219057009N,20.472934511089775E
1174,Binh Minh Town-357.jpeg,0.9601071625947952,105.87753193836252N,10.001907070706721E
1177,Thanh Liêm District-3613.jpeg,0.960069827735424,105.954900694903N,20.450445345470033E
1178,Chau Doc City-4642.jpeg,0.9600511118769646,105.10425040588055N,10.714649543709605E
1179,Long Hồ District-7124.jpeg,0.9600365087389946,105.96465622423881N,10.271219912644948E
1180,Cai Lậy Town-5411.jpeg,0.9600317552685738,106.1375015197133N,10.46257164421238E
1181,Hoa Lư District-1481.jpeg,0.9600208327174188,105.95070772529417N,20.22089870928575E
1184,Sa Đéc City-2776.jpeg,0.9599912837147712,105.71757863543034N,10.36777867713533E
1185,Tây Ninh City-941.jpeg,0.9599911272525788,106.13062553408732N,11.323220638709966E
1189,Vĩnh Long-188.jpeg,0.9599715620279312,105.95691324260686N,10.231480336959795E
1190,Hoa Lư District-794.jpeg,0.959970235824585,105.91480178152251N,20.206076574893753E
1192,Hiệp Hòa District-1157.jpeg,0.9599545449018478,105.9283114995971N,21.26618054256636E
1195,Hiệp Hòa District-3226.jpeg,0.9598993584513664,105.95290292666226N,21.301214678402133E
1196,Cai Lậy Town-2464.jpeg,0.9598973393440248,106.12654083874648N,10.407325506934605E
1197,Chau Doc City-2453.jpeg,0.9598726108670236,105.08368156540244N,10.674225540823407E
1199,Mỹ Hào District-1988.jpeg,0.9598686322569848,106.14546448339627N,20.93388601037309E
1201,Ninh Bình-1327.jpeg,0.9598629027605056,105.98450628111584N,20.248264809294348E
1208,Duy Tiên District-5877.jpeg,0.959692656993866,106.00656608417283N,20.691461915470576E
1209,Ninh Bình-1332.jpeg,0.95968858897686,105.9916872412553N,20.248264809294348E
1210,Ninh Bình-1072.jpeg,0.9596777483820916,105.95721863258582N,20.24287494224271E
1211,Cao Lanh City-426.jpeg,0.9596632570028304,105.66875586724257N,10.41632447025012E
1213,Long Hồ District-1080.jpeg,0.9596396684646606,105.98793339397882N,10.158032704563702E
1214,Binh Minh Town-2023.jpeg,0.9596155881881714,105.84468912301752N,10.040983606829998E
1215,Châu Thành District-5415.jpeg,0.9595844000577928,106.4320032216264N,10.289346073088451E
1216,Go Cong Town-2646.jpeg,0.9595739096403122,106.67037240985691N,10.411559008373121E
1217,Yên Mỹ District-1260.jpeg,0.959571935236454,106.0608958532426N,20.874749542154575E
1219,Binh Minh Town-692.jpeg,0.959552563726902,105.8570051787719N,10.01133933804682E
1220,Cao Lanh City-881.jpeg,0.959541916847229,105.60298444961734N,10.424409270827352E
1222,Cai Lậy Town-1766.jpeg,0.9595403745770454,106.09365879584597N,10.39519830606875E
1225,Vĩnh Long-1139.jpeg,0.9595073238015176,105.97882255091221N,10.250344871640005E
1226,Long Hồ District-5209.jpeg,0.9595071449875832,105.96739471479646N,10.218668708892936E
1227,Vĩnh Long-67.jpeg,0.9594831764698027,105.9528052472996N,10.227437936671176E
1228,Hoa Lư District-86.jpeg,0.9594536125659944,105.95070772529417N,20.18316963992431E
1229,Thanh Liêm District-4989.jpeg,0.9594493880867958,105.88875007871496N,20.470657346913683E
1232,Bac Giang City-3023.jpeg,0.9594388976693152,106.17070270300889N,21.303606678977808E
1233,Trà Vinh City-595.jpeg,0.9594253376126288,106.34407809649787N,9.912234771256085E
1234,Tam Điệp-2164.jpeg,0.9594242870807648,105.92684074811658N,20.15203467602662E
1235,Cai Lậy Town-4211.jpeg,0.9594232514500618,106.12654083874648N,10.441012176006414E
1236,Vĩnh Long-1045.jpeg,0.9594142735004424,105.96102123791414N,10.24899740487713E
1237,Thái Bình-1610.jpeg,0.959406740963459,106.37521757889405N,20.451375042883214E
1240,Go Cong Town-3722.jpeg,0.9593859687447548,106.64297212101346N,10.431771009816211E
1241,Sa Đéc City-1043.jpeg,0.9593804255127908,105.75592837463535N,10.299057872228836E
1242,Hiệp Hòa District-2284.jpeg,0.9593747556209564,105.95579603572877N,21.285045077247165E
1243,Cai Lậy Town-5230.jpeg,0.9593720659613608,106.18134424358063N,10.458529243923762E
1244,Cai Lậy Town-2740.jpeg,0.9593594297766684,106.12380066850477N,10.41271537398609E
1245,Long Xuyen City-3798.jpeg,0.9593590795993804,105.41666976780813N,10.392000409229915E
1246,Thái Bình-1720.jpeg,0.959340937435627,106.34645500475075N,20.454069976409034E
1247,Thanh Liêm District-6909.jpeg,0.9593400657176973,105.95346263802935N,20.498954148934796E
1249,Long Hồ District-955.jpeg,0.959320530295372,105.94548679033528N,10.156685237800826E
1250,Hoa Lư District-461.jpeg,0.959317147731781,105.96937881605542N,20.197991774316304E
1252,Long Xuyen City-3503.jpeg,0.9592780247330666,105.43858733573327N,10.385263075415558E
1255,Duy Tiên District-5367.jpeg,0.9592437520623208,105.94465447767993N,20.675292314315648E
1256,Phu Ly City-2028.jpeg,0.9592415541410446,105.89698321315845N,20.542414676724338E
1258,Duy Tiên District-3393.jpeg,0.9592113718390464,106.02096413219442N,20.644300578768686E
1259,Cai Lậy Town-1867.jpeg,0.9592099487781524,106.12106049826308N,10.39654577283162E
1260,Duy Tiên District-5763.jpeg,0.9592082723975182,106.01520491298577N,20.686072048418932E
1261,Tây Ninh City-4414.jpeg,0.9592024758458138,106.08114643578168N,11.387899043327963E
1262,Phu Ly City-2829.jpeg,0.9591828882694244,105.96605422970185N,20.55588934435344E
1263,Thanh Liêm District-5200.jpeg,0.9591588452458382,105.92326344368263N,20.473352280439503E
1264,Hiệp Hòa District-6539.jpeg,0.9591552168130876,105.98762023546017N,21.347028548341235E
1268,Bến Tre City-1248.jpeg,0.9591279551386832,106.37212399834277N,10.230025338971611E
1269,Tây Ninh City-6082.jpeg,0.959123358130455,106.15399066384279N,11.417543312111215E
1270,Long Xuyen City-3187.jpeg,0.9590676873922348,105.38105371992982N,10.379873208364065E
1272,Thanh Liêm District-3822.jpeg,0.9590583741664886,105.97359543426047N,20.45314027899585E
1273,Sa Đéc City-1546.jpeg,0.959055058658123,105.74908020692013N,10.316574940146179E
1275,Phu Ly City-3092.jpeg,0.9590400457382202,105.91856790582827N,20.561279211405086E
1277,Go Cong Town-3521.jpeg,0.9590192958712578,106.69092262648952N,10.427728609527595E
1278,Binh Minh Town-3139.jpeg,0.9589813798666,105.80363560383624N,10.066585475324558E
1279,Hiệp Hòa District-4404.jpeg,0.9589755684137344,105.93265116319684N,21.318731746320022E
1281,Phu Ly City-3886.jpeg,0.958947904407978,105.88691035657921N,20.580143746085835E
1287,Thanh Liêm District-7120.jpeg,0.9589088186621666,105.8973784199569N,20.50299654922353E
1288,Long Hồ District-8030.jpeg,0.9589026421308516,105.99204112981529N,10.287389513799416E
1291,Sa Đéc City-1350.jpeg,0.9588636308908464,105.74497130629103N,10.309837606331815E
1292,Sa Đéc City-410.jpeg,0.9588587284088136,105.73812313857589N,10.278845870785757E
1293,Tây Ninh City-3150.jpeg,0.9588577002286912,106.07702317758954N,11.367687041884835E
1294,Bến Tre City-1608.jpeg,0.9588574841618538,106.38581664792846N,10.23676267278597E
1295,Duy Tiên District-476.jpeg,0.9588199481368064,105.95473311129504N,20.583664574437694E
1296,Yên Mỹ District-2415.jpeg,0.958786241710186,106.04214567541679N,20.893614076835348E
1298,Cai Lậy Town-5648.jpeg,0.9587718844413756,106.17038356261381N,10.466614044500997E
1299,Go Cong Town-1015.jpeg,0.9587615430355072,106.64023209212911N,10.369787538724077E
1302,Chau Doc City-3781.jpeg,0.9587302431464196,105.12481924635865N,10.694437542266506E
1303,Long Xuyen City-3305.jpeg,0.9587292894721032,105.44817627170053N,10.381220675126938E
1304,Long Hồ District-699.jpeg,0.9587259441614152,106.02353377122823N,10.15264283751221E
1305,Hiệp Hòa District-3979.jpeg,0.9587177857756616,105.98038746279394N,21.311994412505456E
1306,Thanh Liêm District-6086.jpeg,0.958714321255684,105.96640514989222N,20.48547948130569E
1307,Cao Lanh City-1072.jpeg,0.958702713251114,105.63312968269553N,10.427104204353101E
1310,Trà Vinh City-948.jpeg,0.9586901664733888,106.34544614638844N,9.924361972121927E
1311,Thái Bình-1425.jpeg,0.9586872085928916,106.29755862870716N,20.44868010935739E
1312,Duy Tiên District-423.jpeg,0.9586604908108712,105.96913115931666N,20.579622174148962E
1313,Tây Ninh City-989.jpeg,0.958657130599022,106.11963017890828N,11.324568105472839E
1314,Duy Tiên District-3173.jpeg,0.958649441599846,105.98928842654688N,20.641605645242862E
1315,Hoa Lư District-4292.jpeg,0.9586317613720894,105.95645267629762N,20.297704314771565E
1316,Hiệp Hòa District-9765.jpeg,0.958613321185112,105.96881502652796N,21.418444286775753E
1318,Hung Yen City-3267.jpeg,0.9585959613323212,106.03024184953837N,20.70280814641202E
1319,Tây Ninh City-2017.jpeg,0.9585832580924034,106.09626504915283N,11.347475040441713E
1320,Go Cong Town-4023.jpeg,0.9585805237293245,106.62379191882302N,10.4371608768677E
1321,Ninh Bình-1139.jpeg,0.9585644230246544,105.96870816880897N,20.244222409005623E
1322,Long Hồ District-1530.jpeg,0.9585602283477784,106.00847207316117N,10.163422571615186E
1323,Cai Lậy Town-5654.jpeg,0.9585327059030532,106.17860407333892N,10.466614044500997E
1324,Hiệp Hòa District-2825.jpeg,0.9585241973400116,105.96158225386175N,21.29447734458756E
1325,Go Cong Town-177.jpeg,0.9585174843668938,106.68955261204736N,10.344185670229502E
1328,Hiệp Hòa District-6697.jpeg,0.9585084840655328,105.9442235994628N,21.349723481867073E
1329,Cai Lậy Town-3232.jpeg,0.9585065990686416,106.18134424358063N,10.422147641326202E
1333,Hung Yen City-2636.jpeg,0.9584593027830124,106.08064447364077N,20.68124867820544E
1336,Long Hồ District-6520.jpeg,0.9584380462765694,105.99477962037295N,10.256397778253358E
1337,Trà Vinh City-976.jpeg,0.9584356546401978,106.34134199671676N,9.925709438884796E
1339,Cao Lanh City-639.jpeg,0.9583815410733224,105.61805706615645N,10.420366870538738E
1340,Bac Giang City-3223.jpeg,0.9583805277943612,106.16491887386432N,21.310344012792378E
1341,Mỹ Tho-3687.jpeg,0.9583786875009536,106.31905067271501N,10.394736341605826E
1343,Hiệp Hòa District-6487.jpeg,0.9583700150251389,105.91239939973141N,21.347028548341235E
1345,Vĩnh Long-545.jpeg,0.9583347737789154,105.98977720506487N,10.239565137537028E
1350,Chau Doc City-4679.jpeg,0.958265520632267,105.11933422223116N,10.715997010472476E
1351,Long Hồ District-1893.jpeg,0.9582641199231148,105.89756320557647N,10.168812438666674E
1353,Long Xuyen City-1716.jpeg,0.9582547098398208,105.45913505566305N,10.347534006055131E
1356,Hoa Lư District-1267.jpeg,0.9582216665148736,105.95932515179935N,20.215508842234115E
1358,Thanh Liêm District-2139.jpeg,0.9582184329628944,105.94195818304013N,20.42888587726348E
1360,Cao Lanh City-3334.jpeg,0.9581943526864052,105.64683206136746N,10.46887567400215E
1361,Bến Tre City-1481.jpeg,0.9581898897886276,106.4118326821413N,10.234067739260228E
1364,Bac Giang City-1762.jpeg,0.9581490978598596,106.21263546430684N,21.278004810482425E
1365,Long Hồ District-2936.jpeg,0.9581239819526672,105.94000980922003N,10.18093963953252E
1366,Go Cong Town-4541.jpeg,0.958109885454178,106.64434213545564N,10.450635544496429E
1369,Long Hồ District-1914.jpeg,0.9580997377634048,105.92631735643175N,10.168812438666674E
1370,Go Cong Town-3117.jpeg,0.9580942392349244,106.68955261204736N,10.420991275713233E
1371,Phu Ly City-1698.jpeg,0.9580804333090782,105.9070560697377N,20.537024809672698E
1377,Duy Tiên District-791.jpeg,0.9580215066671371,105.97345057372313N,20.59848670882971E
1379,Trà Vinh City-1691.jpeg,0.9580045789480208,106.34818224616954N,9.958048641193713E
1381,Go Cong Town-4716.jpeg,0.9580023661255836,106.65119220766648N,10.460067811836536E
1382,Binh Minh Town-1553.jpeg,0.958001509308815,105.82279391278752N,10.031551339489894E
1383,Bac Giang City-2293.jpeg,0.9579869955778122,106.19817589144547N,21.287437077822833E
1387,Binh Minh Town-3376.jpeg,0.9579238221049308,105.8570051787719N,10.071975342376048E
1388,Cai Lậy Town-6337.jpeg,0.957899570465088,106.1525724560427N,10.481436178892595E
1390,Hiệp Hòa District-2394.jpeg,0.9578497633337976,106.00353233532584N,21.286392544010077E
1392,Cai Lậy Town-1659.jpeg,0.9578352048993112,106.16901347749294N,10.392503372543006E
1393,Go Cong Town-1262.jpeg,0.9578198716044426,106.70188274202691N,10.375177405775567E
1394,Hung Yen City-1749.jpeg,0.9577954933047296,106.07776432369208N,20.651604409421388E
1397,Mỹ Tho-1649.jpeg,0.957758404314518,106.37521278059832N,10.35835473900827E
1398,Bac Giang City-1871.jpeg,0.957746185362339,106.2545682256048N,21.27935227724534E
1399,Bến Tre City-2955.jpeg,0.9577359780669212,106.36116987867425N,10.26101707451767E
1402,Cao Lanh City-3158.jpeg,0.9577127769589424,105.64683206136746N,10.464833273713532E
1403,Vĩnh Long-669.jpeg,0.9577026441693306,105.9801918826813N,10.242260071062768E
1404,Cai Lậy Town-3118.jpeg,0.957701914012432,106.1224305833839N,10.420800174563325E
1406,Ninh Bình-1964.jpeg,0.9576931372284888,105.9600910166416N,20.26712934397508E
1409,Mỹ Tho-2192.jpeg,0.957626648247242,106.3560354754674N,10.367787006348378E
1410,Long Hồ District-5589.jpeg,0.9576188921928406,105.95507150728706N,10.226753509470168E
1411,Go Cong Town-2968.jpeg,0.95761439204216,106.67722248206778N,10.418296342187489E
1412,Tây Ninh City-4792.jpeg,0.9576142206788064,106.12925111468995N,11.393288910379463E
1413,Vĩnh Long-2122.jpeg,0.9575999602675438,105.91720262130343N,10.26786193955734E
1414,Duy Tiên District-904.jpeg,0.9575959667563438,105.96913115931666N,20.602529109118446E
1419,Hung Yen City-946.jpeg,0.957556426525116,106.09648529835867N,20.631392407977735E
1420,Thanh Liêm District-3479.jpeg,0.957544393837452,105.90313064745148N,20.449097878707118E
1421,Ninh Bình-1432.jpeg,0.9575419872999192,105.9672719767811N,20.250959742820164E
1422,Hung Yen City-2168.jpeg,0.9575380682945251,106.0619234989742N,20.666426543813415E
1424,Bac Giang City-2155.jpeg,0.9575140178203584,106.21552737887913N,21.284742144297002E
1425,Go Cong Town-3173.jpeg,0.9574965983629228,106.66763238097258N,10.422338742476105E
1426,Go Cong Town-3967.jpeg,0.9574759975075722,106.65530225099302N,10.435813410104826E
1428,Cai Lậy Town-2896.jpeg,0.9574506506323814,106.15668271140524N,10.415410307511838E
1431,Hiệp Hòa District-7961.jpeg,0.9573973789811134,105.99919267172614N,21.368588016547882E
1432,Tây Ninh City-2189.jpeg,0.9573836922645568,106.15124182504802N,11.350169973967462E
1433,Phu Ly City-1584.jpeg,0.9573787748813628,105.98907790188295N,20.53432987614687E
1436,Binh Minh Town-258.jpeg,0.9573521837592124,105.86521588260818N,9.999212137180981E
1438,Tây Ninh City-3231.jpeg,0.9573507830500604,106.07427433879477N,11.369034508647713E
1439,Tây Ninh City-3822.jpeg,0.9573180079460144,106.08939295216592N,11.378466775987837E
1440,Long Hồ District-1397.jpeg,0.9573161378502846,105.97697943174823N,10.162075104852311E
1441,Ninh Bình-509.jpeg,0.9573140516877174,105.95721863258582N,20.228052807850712E
1444,Bac Giang City-2567.jpeg,0.9572857469320296,106.19672993415931N,21.29282694487449E
1445,Tây Ninh City-1585.jpeg,0.9572853595018388,106.111383662524N,11.338042773101586E
1449,Ninh Bình-1930.jpeg,0.9572077989578248,105.96583578475317N,20.265781877212163E
1450,Thái Bình-2707.jpeg,0.9572009295225145,106.35220751957938N,20.478324378141412E
1452,Sa Đéc City-754.jpeg,0.9571898952126504,105.75592837463535N,10.289625604888732E
1454,Tây Ninh City-183.jpeg,0.9571390971541404,106.10176272674236N,11.30300863726684E
1458,Long Hồ District-5953.jpeg,0.9571206569671632,106.00025660148823N,10.233490843284528E
1459,Cao Lanh City-3966.jpeg,0.9571139812469482,105.65642372643782N,10.48235034163088E
1462,Tam Điệp-3708.jpeg,0.957101859152317,105.91535744075173N,20.17224667747024E
1465,Thanh Liêm District-6433.jpeg,0.9570764154195786,105.9692812636395N,20.49086934835734E
1468,Long Hồ District-2469.jpeg,0.9570356085896492,105.91399414892234N,10.175549772481036E
1470,Phu Ly City-1901.jpeg,0.9570171013474464,105.95166443458864N,20.539719743198518E
1472,Ninh Bình-1436.jpeg,0.9570024311542512,105.97301674489265N,20.250959742820164E
1473,Long Xuyen City-3683.jpeg,0.956997647881508,105.42488885578004N,10.389305475704175E
1474,Long Xuyen City-2955.jpeg,0.9569951146841048,105.43447779174731N,10.374483341312578E
1476,Duy Tiên District-928.jpeg,0.9569850116968156,105.94033506327347N,20.60387657588136E
1477,Duy Tiên District-1659.jpeg,0.9569598957896231,106.00080686496418N,20.62004617703629E
1479,Cao Lanh City-1120.jpeg,0.9569409936666488,105.58243088160947N,10.428451671115972E
1482,Mỹ Hào District-2147.jpeg,0.9569351747632028,106.14257925596853N,20.936580943898907E
1484,Cai Lậy Town-5922.jpeg,0.9569199606776236,106.16353313700955N,10.472003911552486E
1486,Yên Mỹ District-3887.jpeg,0.9568921849131584,106.03060710444711N,20.920563412093603E
1490,Mỹ Tho-1945.jpeg,0.9568207636475564,106.34233740037392N,10.36374460605976E
1492,Vĩnh Long-1836.jpeg,0.9567995965480804,105.88570799061448N,10.262472072505853E
1493,Duy Tiên District-4420.jpeg,0.9567995071411132,105.98352920733824N,20.65912271316071E
1494,Go Cong Town-1283.jpeg,0.95679934322834,106.66215232320387N,10.37652487253844E
1495,Thanh Liêm District-1031.jpeg,0.9567923247814178,105.88299785122038N,20.408673875819822E
1496,Trà Vinh City-1487.jpeg,0.9567523002624512,106.34544614638844N,9.951311307379353E
1498,Vĩnh Long-416.jpeg,0.956739328801632,105.96649856499045N,10.236870204011284E
1499,Hung Yen City-1264.jpeg,0.9567267671227456,106.09648529835867N,20.638129741792287E
1503,Binh Minh Town-1472.jpeg,0.9566886872053146,105.88026883964129N,10.028856405964154E
1505,Long Xuyen City-1598.jpeg,0.956682451069355,105.45913505566305N,10.344839072529387E
1508,Go Cong Town-3751.jpeg,0.95664731413126,106.68270253983648N,10.431771009816211E
1509,Bến Tre City-553.jpeg,0.956631101667881,106.39540150263845N,10.212508271054272E
1512,Long Xuyen City-4037.jpeg,0.9565774127840996,105.42488885578004N,10.397390276281406E
1514,Chau Doc City-4793.jpeg,0.95653185993433,105.11384919810367N,10.725429277812585E
1515,Duy Tiên District-1116.jpeg,0.956515371799469,105.93745545366913N,20.609266442933002E
1518,Tây Ninh City-4354.jpeg,0.9564796015620232,106.1182557595109N,11.386551576565088E
1519,Ninh Bình-1393.jpeg,0.95647494494915,105.9945596253111N,20.249612276057256E
1520,Cao Lanh City-3139.jpeg,0.9564735144376756,105.62079754189082N,10.464833273713532E
1523,Go Cong Town-552.jpeg,0.9563836008310318,106.66078230876171N,10.357660337858226E
1524,Trà Vinh City-235.jpeg,0.9563829153776168,106.32902954770172N,9.90010757039024E
1529,Trà Vinh City-214.jpeg,0.95634775608778,106.346814196279N,9.898760103627373E
1531,Cao Lanh City-3524.jpeg,0.9563259854912758,105.58517135734382N,10.474265541053642E
1533,Go Cong Town-2274.jpeg,0.9563215970993042,106.69366265537386N,10.402126741033015E
1534,Duy Tiên District-130.jpeg,0.9563173726201056,105.98640881694259N,20.566147506519858E
1537,Duy Tiên District-841.jpeg,0.9563050493597984,105.9417748680756N,20.601181642355538E
1539,Mỹ Tho-3200.jpeg,0.9562799707055092,106.37658258810765N,10.385304074265717E
1541,Hiệp Hòa District-7567.jpeg,0.9562513902783394,105.98906678999342N,21.361850682733312E
1542,Tây Ninh City-2616.jpeg,0.9562382102012634,106.10863482372925N,11.358254774544713E
1543,Trà Vinh City-1326.jpeg,0.9562331885099412,106.34271004660732N,9.944573973564998E
1544,Duy Tiên District-394.jpeg,0.956229455769062,105.9604923305037N,20.578274707386054E
1545,Sa Đéc City-265.jpeg,0.9562274217605592,105.7353838714898N,10.274803470497138E
1547,Duy Tiên District-4124.jpeg,0.9561972245573996,105.94753408728424N,20.655080312871977E
1549,Thanh Liêm District-4932.jpeg,0.9561938419938087,105.94195818304013N,20.46930988015077E
1550,Cao Lanh City-2713.jpeg,0.956150397658348,105.62079754189082N,10.455401006373423E
1551,Cai Lậy Town-912.jpeg,0.956132896244526,106.12791092386735N,10.380376171677153E
1552,Hiệp Hòa District-4940.jpeg,0.9561240896582603,105.90805973613166N,21.32681654689752E
1553,Go Cong Town-2716.jpeg,0.9561080113053322,106.68544256872082N,10.412906475136E
1555,Hoa Lư District-4834.jpeg,0.9560862332582474,105.94783524979243N,20.311178982400655E
1559,Thái Bình-1965.jpeg,0.9560584872961044,106.35220751957938N,20.45945984346067E
1560,Bến Tre City-2153.jpeg,0.9560372456908226,106.36527767354993N,10.246194940126077E
1561,Hiệp Hòa District-6251.jpeg,0.9560104459524156,106.00063922625938N,21.342986148052496E
1563,Hung Yen City-3262.jpeg,0.9559747353196144,106.02304147466661N,20.70280814641202E
1564,Thái Bình-2116.jpeg,0.9559561386704444,106.31913055931464N,20.463502243749414E
1565,Mỹ Hào District-1264.jpeg,0.9559532925486564,106.14257925596853N,20.919063875981042E
1566,Duy Tiên District-1522.jpeg,0.9559438526630402,105.92305740564751N,20.618698710273378E
1567,Châu Thành District-263.jpeg,0.9559258744120598,106.20466738470704N,10.25026953696516E
1568,Go Cong Town-2432.jpeg,0.9559216275811196,106.68544256872082N,10.406169141321634E
1570,Phu Ly City-826.jpeg,0.9558760449290276,105.96893218872448N,20.522202675280678E
1571,Thanh Liêm District-308.jpeg,0.9558651596307756,105.92182538680898N,20.38307200732454E
1572,Binh Minh Town-2083.jpeg,0.955859936773777,105.83510996854186N,10.04233107359287E
1574,Duy Tiên District-3802.jpeg,0.955813966691494,105.90290013841727N,20.651037912583238E
1576,Tam Điệp-2933.jpeg,0.9557903558015824,105.9239699212754N,20.162814410129887E
1577,Tây Ninh City-138.jpeg,0.9557605981826782,106.09351621035809N,11.301661170503968E
1580,Hung Yen City-2095.jpeg,0.9557157680392264,106.05904334902549N,20.6637316102876E
1585,Cao Lanh City-1607.jpeg,0.955631397664547,105.66738562937537N,10.435189004930333E
1587,Hoa Lư District-3947.jpeg,0.955615110695362,105.93347287228377N,20.290966980957013E
1589,Phu Ly City-1210.jpeg,0.95559274405241,105.93727463947543N,20.528940009095233E
1592,Go Cong Town-3336.jpeg,0.9555729031562804,106.66763238097258N,10.425033676001851E
1593,Mỹ Tho-2594.jpeg,0.9555601477622986,106.37658258810765N,10.37452434016274E
1594,Long Hồ District-5172.jpeg,0.9555351808667184,105.91673263947999N,10.218668708892936E
1595,Long Hồ District-2140.jpeg,0.9555174112319946,105.92768660171058N,10.171507372192416E
1596,Bến Tre City-3020.jpeg,0.955509439110756,106.36938546842563N,10.262364541280542E
1597,Bến Tre City-2249.jpeg,0.9554905295372008,106.38033958809419N,10.24754240688895E
1600,Go Cong Town-4648.jpeg,0.9554363414645196,106.64982219322431N,10.456025411547918E
1601,Vĩnh Long-1703.jpeg,0.955381914973259,105.9363732660706N,10.259777138980107E
1603,Trà Vinh City-1545.jpeg,0.9553456380963326,106.31945319846783N,9.954006240905096E
1604,Long Hồ District-6137.jpeg,0.955316625535488,105.94548679033528N,10.23888071033602E
1605,Go Cong Town-2156.jpeg,0.9553037509322166,106.68133252539432N,10.399431807507273E
1606,Long Hồ District-6398.jpeg,0.955297827720642,106.00162584676706N,10.248312977676123E
1607,Châu Thành District-1589.jpeg,0.955297328531742,106.21836231464192N,10.265091671356753E
1608,Phu Ly City-792.jpeg,0.9552949741482736,105.9200068853396N,20.522202675280678E
1610,Long Hồ District-2276.jpeg,0.9552793949842452,105.95917924312353N,10.172854838955288E
1612,Chau Doc City-3617.jpeg,0.955275759100914,105.12070547826302N,10.691742608740757E
1613,Cai Lậy Town-3883.jpeg,0.9552730694413184,106.10735964705452N,10.435622308954924E
1614,Long Hồ District-5224.jpeg,0.955254316329956,105.98793339397882N,10.218668708892936E
1615,Sa Đéc City-706.jpeg,0.9552514404058456,105.743601672748N,10.288278138125861E
1616,Phu Ly City-2657.jpeg,0.9552274644374849,105.93151872143017N,20.553194410827626E
1617,Ninh Bình-1573.jpeg,0.9552201628684998,105.95434624853N,20.25500214310889E
1618,Cai Lậy Town-3949.jpeg,0.9552102908492088,106.19778526503087N,10.435622308954924E
1622,Go Cong Town-4120.jpeg,0.9551827311515808,106.65667226543519N,10.438508343630575E
1623,Duy Tiên District-2857.jpeg,0.9551677703857422,105.95905252570155N,20.63756324495413E
1625,Duy Tiên District-3468.jpeg,0.95514976978302,105.98784862174475N,20.645648045531594E
1629,Go Cong Town-1325.jpeg,0.9551074951887132,106.64982219322431N,10.37787233930131E
1630,Go Cong Town-4471.jpeg,0.9551016837358476,106.63886207768692N,10.447940610970683E
1633,Bac Giang City-3029.jpeg,0.9550670012831688,106.17937844672568N,21.303606678977808E
1634,Cao Lanh City-2655.jpeg,0.9550649300217628,105.62764873122678N,10.454053539610552E
1635,Châu Thành District-1422.jpeg,0.955061323940754,106.21562332865496N,10.263744204593879E
1636,Vĩnh Long-1451.jpeg,0.9550371021032332,105.94595858845419N,10.255734738691492E
1637,Châu Thành District-1508.jpeg,0.955013781785965,106.38954893882818N,10.263744204593879E
1639,Hung Yen City-1637.jpeg,0.954993173480034,106.05616319907675N,20.64890947589557E
1641,Cai Lậy Town-4576.jpeg,0.9549909234046936,106.19504509478917N,10.446402043057908E
1642,Hiệp Hòa District-5480.jpeg,0.9549803882837296,105.95868914479524N,21.333553880712092E
1643,Ninh Bình-291.jpeg,0.954955853521824,105.9859424731437N,20.21862054051035E
1646,Trà Vinh City-3085.jpeg,0.9549205675721169,106.31945319846783N,9.997125177316981E
1647,Cai Lậy Town-1769.jpeg,0.9549134150147438,106.09776905120856N,10.39519830606875E
1648,Mỹ Tho-3365.jpeg,0.9549124836921692,106.38754104818243N,10.387999007791462E
1649,Go Cong Town-3851.jpeg,0.9549045860767365,106.60461171663259N,10.434465943341957E
1650,Hiệp Hòa District-6255.jpeg,0.9548898711800576,106.00642544439235N,21.342986148052496E
1651,Hung Yen City-1560.jpeg,0.954888716340065,106.08784484851255N,20.646214542369755E
1652,Tam Điệp-1767.jpeg,0.9548746347427368,105.93401781521962N,20.145297342212086E
1654,Hung Yen City-976.jpeg,0.954844020307064,106.04464259928191N,20.632739874740647E
1655,Mỹ Tho-3762.jpeg,0.9548421576619148,106.32589971026175N,10.396083808368703E
1658,Sa Đéc City-2363.jpeg,0.9547471553087234,105.72990533731766N,10.350261609217988E
1663,Go Cong Town-4291.jpeg,0.9546822011470796,106.6306419910339N,10.44255074391919E
1664,Go Cong Town-582.jpeg,0.9546819105744362,106.70188274202691N,10.357660337858226E
1665,Hiệp Hòa District-8884.jpeg,0.954644463956356,106.00931855345885N,21.388800017991613E
1667,Long Xuyen City-4622.jpeg,0.954606905579567,105.40434113585025N,10.412212410673003E
1670,Bac Giang City-3146.jpeg,0.9546000584959984,106.16925674572272N,21.307649079266554E
1671,Sa Đéc City-886.jpeg,0.9545752853155136,105.77099434360873N,10.293668005177352E
1672,Bến Tre City-1524.jpeg,0.9545725360512732,106.37212399834277N,10.235415206023102E
1675,Duy Tiên District-4332.jpeg,0.9545655101537704,105.98928842654688N,20.657775246397794E
1676,Thanh Liêm District-745.jpeg,0.9545450881123544,105.94195818304013N,20.40058907524236E
1678,Cao Lanh City-4180.jpeg,0.9545381516218184,105.57969040587507N,10.487740208682368E
1680,Hung Yen City-3149.jpeg,0.9544856920838356,106.03312199948711N,20.698765746123286E
1683,Duy Tiên District-951.jpeg,0.9544610679149628,105.97345057372313N,20.60387657588136E
1684,Long Hồ District-7115.jpeg,0.9544575661420822,105.95233301672941N,10.271219912644948E
1685,Tây Ninh City-671.jpeg,0.95445466786623,106.13337437288207N,11.316483304895591E
1686,Vĩnh Long-1706.jpeg,0.9544398933649064,105.94048126137785N,10.259777138980107E
1689,Tây Ninh City-4618.jpeg,0.9544281885027884,106.12100459830566N,11.390593976853712E
1691,Châu Thành District-4486.jpeg,0.9543536081910132,106.35531161399096N,10.283956206036958E
1692,Châu Thành District-5031.jpeg,0.954336978495121,106.20055890572655N,10.28799860632558E
1693,Hiệp Hòa District-5709.jpeg,0.9543320313096046,105.9847271263937N,21.336248814237923E
1694,Hiệp Hòa District-9563.jpeg,0.9543312788009644,105.97315469012771N,21.40766455267243E
1695,Go Cong Town-3820.jpeg,0.9542659372091292,106.67037240985691N,10.43311847657908E
1696,Mỹ Hào District-163.jpeg,0.9542643576860428,106.11372698169097N,20.88807214043406E
1699,Yên Mỹ District-3942.jpeg,0.954209215939045,106.01906853347737N,20.921910878856515E
1700,Hiệp Hòa District-4180.jpeg,0.9541683048009872,106.00497888985912N,21.31468934603128E
1701,Bac Giang City-2970.jpeg,0.954166404902935,106.16636483115046N,21.302259212214892E
1705,Cai Lậy Town-2391.jpeg,0.9540911242365836,106.1224305833839N,10.405978040171728E
1706,Mỹ Tho-2659.jpeg,0.954069435596466,106.36151470550483N,10.37587180692561E
1707,Hiệp Hòa District-4644.jpeg,0.9540528878569604,106.01944443519157N,21.321426679845857E
1708,Chau Doc City-4237.jpeg,0.954038217663765,105.14264557477303N,10.70252234284374E
1709,Hiệp Hòa District-7315.jpeg,0.9540186002850533,106.0107651079921N,21.357808282444562E
1710,Go Cong Town-1800.jpeg,0.954016461968422,106.68681258316299N,10.389999540167166E
1712,Mỹ Hào District-2408.jpeg,0.9539947062730788,106.03582584114166N,20.94197081095056E
1713,Phu Ly City-4043.jpeg,0.9539766609668732,105.91281198778299N,20.58418614637456E
1714,Châu Thành District-4542.jpeg,0.9539738819003104,106.4320032216264N,10.283956206036958E
1717,Bac Giang City-3225.jpeg,0.9539486095309258,106.1678107884366N,21.310344012792378E
1718,Bến Tre City-2920.jpeg,0.9539420157670976,106.39950929751414N,10.259669607754798E
1719,Go Cong Town-927.jpeg,0.9539404883980752,106.66215232320387N,10.367092605198332E
1720,Duy Tiên District-1672.jpeg,0.9539089649915696,106.01952432739228N,20.62004617703629E
1725,Ninh Bình-1774.jpeg,0.9538831859827042,105.97588912894847N,20.26039201016052E
1727,Cai Lậy Town-5268.jpeg,0.95383732765913,106.13613143459246N,10.459876710686634E
1729,Binh Minh Town-438.jpeg,0.9538037180900574,105.85974208005064N,10.004602004232465E
1730,Binh Minh Town-1979.jpeg,0.953801453113556,105.87616348772315N,10.039636140067126E
1731,Hiệp Hòa District-3629.jpeg,0.953767977654934,106.01221166252535N,21.306604545453805E
1733,Binh Minh Town-2689.jpeg,0.9537269473075868,105.828267715345N,10.054458274458714E
1735,Cao Lanh City-4499.jpeg,0.953703373670578,105.64135110989872N,10.493130075733859E
1739,Go Cong Town-998.jpeg,0.9536468759179116,106.68681258316299N,10.368440071961205E
1740,Chau Doc City-3499.jpeg,0.9536410570144652,105.07271151714745N,10.690395141977882E
1742,Go Cong Town-3290.jpeg,0.9536330550909042,106.60461171663259N,10.425033676001851E
1744,Bến Tre City-2310.jpeg,0.9536122381687164,106.35021575900566N,10.24888987365182E
1745,Hiệp Hòa District-7877.jpeg,0.9536012038588524,105.9847271263937N,21.367240549784967E
1746,Hoa Lư District-1316.jpeg,0.9536006599664688,105.95645267629762N,20.216856308997016E
1750,Thái Bình-2907.jpeg,0.9535359516739844,106.3680269353582N,20.483714245193053E
1751,Duy Tiên District-1674.jpeg,0.953514076769352,106.0224039369966N,20.62004617703629E
1752,Cai Lậy Town-5397.jpeg,0.9534960687160492,106.11832032802134N,10.46257164421238E
1753,Long Hồ District-1536.jpeg,0.9534710198640824,106.01668754483413N,10.163422571615186E
1754,Phu Ly City-4152.jpeg,0.953461080789566,105.95598137312261N,20.58688107990039E
1756,Long Xuyen City-3498.jpeg,0.9534282237291336,105.43173809575667N,10.385263075415558E
1757,Tam Điệp-314.jpeg,0.9534272626042366,105.90961578706928N,20.11834800695391E
1758,Binh Minh Town-1202.jpeg,0.95342655479908,105.83647841918126N,10.023466538912665E
1760,Long Hồ District-1286.jpeg,0.9534042328596116,105.97424094119057N,10.16072763808944E
1762,Ninh Bình-1137.jpeg,0.953382708132267,105.96583578475317N,20.244222409005623E
1763,Trà Vinh City-1227.jpeg,0.9533460065722466,106.33997394682622N,9.939184106513508E
1764,Ninh Bình-1306.jpeg,0.9533326253294944,105.95434624853N,20.248264809294348E
1765,Chau Doc City-4355.jpeg,0.9533285722136496,105.11796296619927N,10.705217276369488E
1766,Duy Tiên District-5357.jpeg,0.9533266425132751,105.93025642965834N,20.675292314315648E
1767,Long Hồ District-4056.jpeg,0.953308403491974,105.97150245063291N,10.195761773924112E
1768,Hiệp Hòa District-8710.jpeg,0.9533057138323784,106.01510477159182N,21.384757617702867E
1769,Bac Giang City-1477.jpeg,0.9533007815480232,106.20106780601776N,21.272614943430767E
1770,Duy Tiên District-2152.jpeg,0.9532506987452508,106.0324825706117N,20.626783510850842E
1772,Go Cong Town-921.jpeg,0.9532411620020866,106.65393223655084N,10.367092605198332E
1774,Tam Điệp-904.jpeg,0.953236497938633,105.95124277626695N,20.12912774105718E
1775,Trà Vinh City-759.jpeg,0.9532286003232002,106.35365444573176N,9.917624638307569E
1778,Yên Mỹ District-1111.jpeg,0.9531951621174812,106.0608958532426N,20.87205460862875E
1779,Long Xuyen City-2875.jpeg,0.9531939402222632,105.41529991981282N,10.373135874549702E
1780,Thanh Liêm District-5958.jpeg,0.9531696289777756,105.91463510244073N,20.484132014542784E
1782,Yên Mỹ District-3837.jpeg,0.9531407132744788,106.05079960364408N,20.919215945330688E
1785,Mỹ Tho-3062.jpeg,0.9531052261590958,106.39712970074788N,10.382609140739975E
1788,Mỹ Tho-2619.jpeg,0.9530768096446992,106.30672240513088N,10.37587180692561E
1789,Duy Tiên District-2884.jpeg,0.95307407528162,105.99792725535985N,20.63756324495413E
1790,Long Hồ District-6482.jpeg,0.9530661031603812,105.99477962037295N,10.253702844727611E
1791,Thanh Liêm District-6312.jpeg,0.953062318265438,105.90888287494612N,20.48952188159442E
1792,Phu Ly City-243.jpeg,0.9530580118298532,105.9113730082717N,20.50738054088867E
1793,Mỹ Hào District-1014.jpeg,0.9530574902892112,106.125267891402N,20.91367400892939E
1795,Cai Lậy Town-532.jpeg,0.9530202820897102,106.10461947681281N,10.373638837862787E
1796,Tam Điệp-4692.jpeg,0.9530133679509164,105.87947210523652N,20.189763745388053E
1797,Mỹ Tho-2875.jpeg,0.9529760405421256,106.34918643792071N,10.379914207214231E
1800,Phu Ly City-4125.jpeg,0.9529458582401276,105.91712892631695N,20.58688107990039E
1801,Châu Thành District-736.jpeg,0.9529335275292397,106.23479623056382N,10.257006870779517E
1804,Mỹ Tho-1405.jpeg,0.9529266059398652,106.36973355056092N,10.354312338719653E
1805,Long Hồ District-8827.jpeg,0.9529192447662354,106.01257980899764N,10.302211648191006E
1806,Cai Lậy Town-4909.jpeg,0.9528798311948776,106.1375015197133N,10.45313937687227E
1807,Mỹ Hào District-1016.jpeg,0.9528727680444716,106.12815311882974N,20.91367400892939E
1808,Duy Tiên District-4921.jpeg,0.9528548419475557,105.91729818643888N,20.66720751373818E
1810,Trà Vinh City-885.jpeg,0.9528430700302124,106.31261294901503N,9.923014505359054E
1811,Long Hồ District-3036.jpeg,0.9528334438800812,105.92631735643175N,10.182287106295396E
1812,Cao Lanh City-2914.jpeg,0.952830731868744,105.63861063416432N,10.459443406662043E
1813,Long Hồ District-6493.jpeg,0.9528239071369172,106.00984131843998N,10.253702844727611E
1815,Long Xuyen City-2965.jpeg,0.9527987986803056,105.44817627170053N,10.374483341312578E
1817,Long Hồ District-1737.jpeg,0.9527837410569192,105.98930263925763N,10.16611750514093E
1818,Tây Ninh City-1960.jpeg,0.9527564272284508,106.11000924312664N,11.346127573678837E
1819,Binh Minh Town-2719.jpeg,0.9527471214532852,105.86932123452628N,10.054458274458714E
1820,Tây Ninh City-2830.jpeg,0.9527456238865852,106.07702317758954N,11.362297174833339E
1822,Tây Ninh City-2707.jpeg,0.9527131915092468,106.1251278564978N,11.359602241307586E
1823,Yên Mỹ District-2237.jpeg,0.9526967108249664,106.02483781896224N,20.890919143309524E
1824,Ninh Bình-2076.jpeg,0.9526869356632232,105.96439959272529N,20.2711717442638E
1825,Mỹ Tho-1588.jpeg,0.9526738971471786,106.40123912327594N,10.3570072722454E
1826,Hung Yen City-2969.jpeg,0.95266555249691,106.0604834239998N,20.692028412308737E
1827,Thái Bình-1045.jpeg,0.9526609852910042,106.33782623250777N,20.440595308779933E
1828,Yên Mỹ District-2420.jpeg,0.9526607468724252,106.04935728227288N,20.893614076835348E
1829,Trà Vinh City-1037.jpeg,0.9526459500193596,106.35091834595066N,9.92840437241054E
1830,Long Hồ District-192.jpeg,0.9526378065347672,105.92768660171058N,10.14455803693498E
1831,Hoa Lư District-4822.jpeg,0.9526367634534836,105.93060039678204N,20.311178982400655E
1832,Hoa Lư District-4409.jpeg,0.9526125118136406,105.95070772529417N,20.30039924829738E
1834,Binh Minh Town-3618.jpeg,0.9526057839393616,105.85563672813252N,10.078712676190406E
1835,Go Cong Town-2390.jpeg,0.9525856003165244,106.62790196214955N,10.406169141321634E
1836,Vĩnh Long-357.jpeg,0.9525713622570038,105.9623905696832N,10.23552273724841E
1837,Hiệp Hòa District-807.jpeg,0.952568642795086,105.963028808395N,21.25674827522595E
1838,Bến Tre City-2150.jpeg,0.9525674507021904,106.36116987867425N,10.246194940126077E
1839,Go Cong Town-3293.jpeg,0.95256344974041,106.60872175995914N,10.425033676001851E
1841,Bac Giang City-979.jpeg,0.95254448056221,106.21986525073754N,21.26048774256453E
1842,Long Xuyen City-5307.jpeg,0.9525340422987938,105.43584763974262N,10.43107694535322E
1845,Cai Lậy Town-5056.jpeg,0.9524959847331048,106.13887160483415N,10.455834310398014E
1847,Hoa Lư District-3756.jpeg,0.9524574428796768,105.97943248031149N,20.286924580668288E
1848,Go Cong Town-1613.jpeg,0.952447347342968,106.63338201991824N,10.385957139878546E
1852,Long Xuyen City-918.jpeg,0.9524147287011148,105.45639535967244N,10.330016938137788E
1854,Binh Minh Town-3886.jpeg,0.9523822516202928,105.82963616598438N,10.086797476767636E
1857,Mỹ Tho-728.jpeg,0.9523301497101784,106.40123912327594N,10.342185137853802E
1859,Tây Ninh City-3441.jpeg,0.9523080736398696,106.13612321167683N,11.37172944217346E
1860,Cai Lậy Town-3481.jpeg,0.952305793762207,106.1320211792299N,10.427537508377691E
1862,Bac Giang City-2176.jpeg,0.9523002803325652,106.24589248188798N,21.284742144297002E
1865,Mỹ Hào District-3394.jpeg,0.9522874802350998,106.0877599348412N,20.9567929453426E
1867,Cai Lậy Town-2488.jpeg,0.9522350132465364,106.15942288164696N,10.407325506934605E
1868,Hiệp Hòa District-5422.jpeg,0.9522219151258468,106.02523065332454N,21.332206413949176E
1870,Mỹ Tho-966.jpeg,0.95217414945364,106.31357144267761N,10.34757500490529E
1872,Go Cong Town-1664.jpeg,0.9521369561553,106.63749206324476N,10.387304606641418E
1875,Binh Minh Town-1152.jpeg,0.9521148651838304,105.84742602429628N,10.022119072149795E
1877,Go Cong Town-775.jpeg,0.9520894959568976,106.67448245318344N,10.363050204909717E
1878,Trà Vinh City-2114.jpeg,0.9520770981907845,106.3358697971545N,9.970175842059554E
1880,Hiệp Hòa District-6047.jpeg,0.9520641788840294,106.0107651079921N,21.340291214526662E
1881,Phu Ly City-1203.jpeg,0.9520541876554488,105.92720178289618N,20.528940009095233E
1882,Hiệp Hòa District-6547.jpeg,0.9520095363259315,105.99919267172614N,21.347028548341235E
1884,Hiệp Hòa District-4918.jpeg,0.951979324221611,106.01799788065833N,21.325469080134603E
1886,Chau Doc City-3724.jpeg,0.9519294798374176,105.15635813509175N,10.693090075503628E
1891,Go Cong Town-1460.jpeg,0.9518369883298874,106.69366265537386N,10.380567272827056E
1892,Mỹ Tho-3221.jpeg,0.9518342316150664,106.40534854580397N,10.385304074265717E
1893,Go Cong Town-4596.jpeg,0.9518068358302116,106.6457121498978N,10.453330478022172E
1894,Vĩnh Long-170.jpeg,0.951800748705864,105.90761729891983N,10.231480336959795E
1898,Cai Lậy Town-5114.jpeg,0.951694443821907,106.11969041314218N,10.45718177716089E
1900,Cai Lậy Town-3016.jpeg,0.9516870975494384,106.15805279652612N,10.418105241037583E
1901,Chau Doc City-3210.jpeg,0.9516862034797668,105.1467593428686N,10.685005274926388E
1903,Bac Giang City-864.jpeg,0.9516764283180236,106.20106780601776N,21.25779280903871E
1905,Tây Ninh City-2856.jpeg,0.951638638973236,106.1127580819214N,11.362297174833339E
1907,Hung Yen City-2949.jpeg,0.9516312927007676,106.03168192451274N,20.692028412308737E
1908,Châu Thành District-2900.jpeg,0.9516262635588646,106.2525996394792N,10.274523938696857E
1909,Hiệp Hòa District-4936.jpeg,0.9516134336590768,105.90227351799868N,21.32681654689752E
1910,Cao Lanh City-2384.jpeg,0.9516113102436066,105.63587015842995N,10.448663672559062E
1911,Long Xuyen City-2997.jpeg,0.9515900015830994,105.4002315918643N,10.375830808075445E
1915,Châu Thành District-2562.jpeg,0.9515065178275108,106.35668110698441N,10.271829005171114E
1916,Thanh Liêm District-2728.jpeg,0.9514861404895782,105.90744481807246N,20.43831814460384E
1918,Cai Lậy Town-4678.jpeg,0.951476477086544,106.12517075362561N,10.449096976583652E
1919,Hiệp Hòa District-5032.jpeg,0.9514555782079696,105.89938040893217N,21.328164013660434E
1920,Tam Điệp-584.jpeg,0.9514301344752312,105.9110512004899N,20.123737874005545E
1921,Sa Đéc City-682.jpeg,0.9514096975326538,105.76414617589354N,10.286930671362994E
1923,Go Cong Town-3713.jpeg,0.9513943120837212,106.6306419910339N,10.431771009816211E
1924,Chau Doc City-4596.jpeg,0.951384961605072,105.12344799032675N,10.711954610183856E
1925,Mỹ Hào District-1462.jpeg,0.9513765126466752,106.15556277939342N,20.923106276269785E
1926,Trà Vinh City-873.jpeg,0.9513688385486604,106.3495502960601N,9.921667038596183E
1929,Phu Ly City-3826.jpeg,0.9513531997799872,105.96029831165657N,20.577448812560007E
1930,Trà Vinh City-3260.jpeg,0.95135235786438,106.31671709868672N,10.00386251113134E
1934,Cao Lanh City-4501.jpeg,0.9513063877820968,105.6440915856331N,10.493130075733859E
1937,Phu Ly City-2035.jpeg,0.9512906447052956,105.9070560697377N,20.542414676724338E
1938,Ninh Bình-204.jpeg,0.9512850791215895,105.9586548246137N,20.215925606984534E
1939,Sa Đéc City-376.jpeg,0.9512770399451256,105.75729800817835N,10.277498404022884E
1940,Trà Vinh City-369.jpeg,0.9512187838554382,106.31261294901503N,9.905497437441726E
1942,Thái Bình-1911.jpeg,0.9511849582195282,106.35939816311522N,20.458112376697763E
1943,Vĩnh Long-1098.jpeg,0.9511733725667,105.92267994837975N,10.250344871640005E
1944,Cai Lậy Town-2180.jpeg,0.951171152293682,106.1320211792299N,10.401935639883115E
1945,Go Cong Town-3805.jpeg,0.9511505886912346,106.64982219322431N,10.43311847657908E
1946,Cai Lậy Town-5438.jpeg,0.9511447325348854,106.17449381797637N,10.46257164421238E
1947,Tam Điệp-4547.jpeg,0.9511075019836426,105.88664917233955N,20.185721345099335E
1948,Tây Ninh City-2624.jpeg,0.9510963037610054,106.11963017890828N,11.358254774544713E
1951,Vĩnh Long-2301.jpeg,0.9510550945997238,105.91309462599618N,10.273251806608831E
1958,Châu Thành District-6406.jpeg,0.9508976265788078,106.35531161399096N,10.296083406902813E
1959,Tây Ninh City-3935.jpeg,0.9508506506681442,106.12925111468995N,11.379814242750715E
1960,Thanh Liêm District-4458.jpeg,0.9508401826024055,105.93332984179821N,20.46257254633622E
1962,Go Cong Town-1197.jpeg,0.9508082643151284,106.68270253983648N,10.373829939012698E
1963,Sa Đéc City-296.jpeg,0.950796775519848,105.77784251132388N,10.274803470497138E
1964,Long Hồ District-3895.jpeg,0.9507942646741868,105.97424094119057N,10.193066840398368E
1965,Hiệp Hòa District-9074.jpeg,0.9507722556591034,105.97749435372745N,21.39418988504327E
1966,Long Hồ District-2180.jpeg,0.95075786113739,105.98245641286351N,10.171507372192416E
1967,Tam Điệp-3772.jpeg,0.9507460296154022,105.86224714418918N,20.173594144233146E
1968,Mỹ Tho-284.jpeg,0.9507338628172874,106.31631105769634N,10.332752870513698E
1970,Mỹ Hào District-3215.jpeg,0.9507039934396744,106.07333379770245N,20.954098011816768E
1971,Hiệp Hòa District-4920.jpeg,0.9507005214691162,106.0208909897248N,21.325469080134603E
1972,Chau Doc City-4294.jpeg,0.9507002010941504,105.12619050239051N,10.703869809606616E
1974,Trà Vinh City-1258.jpeg,0.9506809562444688,106.34818224616954N,9.940531573276383E
1976,Vĩnh Long-1100.jpeg,0.9506609737873076,105.92541861191793N,10.250344871640005E
1977,Long Xuyen City-5367.jpeg,0.9506389573216438,105.41529991981282N,10.433771878878964E
1980,Bac Giang City-1961.jpeg,0.9505524933338164,106.1562431301475N,21.28204721077117E
1981,Mỹ Hào District-1573.jpeg,0.950527623295784,106.1310383462575N,20.92580120979561E
1982,Cai Lậy Town-5849.jpeg,0.950518660247326,106.15668271140524N,10.470656444789617E
1985,Mỹ Hào District-2006.jpeg,0.9505029991269112,106.05602243313591N,20.935233477136E
1986,Long Hồ District-4113.jpeg,0.9504955410957336,105.9468560356141N,10.197109240686984E
1987,Mỹ Tho-2599.jpeg,0.9504677057266236,106.3834316256544N,10.37452434016274E
1988,Duy Tiên District-7.jpeg,0.9504613876342772,105.97633018332745N,20.559410172705306E
1989,Duy Tiên District-3185.jpeg,0.9504568427801132,106.00656608417283N,20.641605645242862E
1990,Tam Điệp-1476.jpeg,0.9504551514983176,105.84502218314192N,20.141254941923357E
1992,Cai Lậy Town-6174.jpeg,0.9504396617412568,106.1525724560427N,10.477393778603979E
1994,Trà Vinh City-1048.jpeg,0.95038540661335,106.33176564748287N,9.92975183917341E
1996,Cai Lậy Town-3580.jpeg,0.9503810927271844,106.17586390309722N,10.428884975140564E
1999,Go Cong Town-3590.jpeg,0.9503443837165833,106.67859249650996N,10.429076076290466E
2000,Bac Giang City-1400.jpeg,0.9503277465701104,106.1837163185841N,21.271267476667855E
2004,Go Cong Town-1941.jpeg,0.9501987919211388,106.67311243874127N,10.39404194045578E
2006,Go Cong Town-3879.jpeg,0.9501761570572852,106.64297212101346N,10.434465943341957E
2007,Châu Thành District-1041.jpeg,0.9501718431711196,106.39913538978261N,10.259701804305262E
2008,Go Cong Town-1687.jpeg,0.950155846774578,106.66900239541475N,10.387304606641418E
2009,Go Cong Town-2277.jpeg,0.950144462287426,106.62105188993868N,10.403474207795886E
2014,Go Cong Town-2365.jpeg,0.9500789567828178,106.66763238097258N,10.404821674558763E
2016,Thanh Liêm District-1798.jpeg,0.9500325098633766,105.93476789867186N,20.423496010211835E
2017,Binh Minh Town-2430.jpeg,0.9499980807304382,105.84332067237811N,10.04906840740723E
2018,Tây Ninh City-6175.jpeg,0.9499959200620652,106.11688134011352N,11.420238245636966E
2019,Ninh Bình-2115.jpeg,0.9499934762716292,105.9672719767811N,20.272519211026708E
2020,Tam Điệp-1306.jpeg,0.949986919760704,105.91535744075173N,20.13721254163463E
2021,Phu Ly City-271.jpeg,0.9499865025281906,105.91568994680563N,20.508728007651573E
2022,Cao Lanh City-4241.jpeg,0.9499767050147055,105.57146897867192N,10.489087675445242E
2023,Mỹ Tho-2868.jpeg,0.949975185096264,106.33959778535524N,10.379914207214231E
2024,Mỹ Tho-2190.jpeg,0.9499734789133072,106.35329586044872N,10.367787006348378E
2027,Go Cong Town-2062.jpeg,0.9499048069119452,106.62379191882302N,10.398084340744397E
2030,Hiệp Hòa District-9660.jpeg,0.9498868510127068,105.98038746279394N,21.411706952961175E
2033,Duy Tiên District-3033.jpeg,0.949846178293228,105.92881662485615N,20.640258178479957E
2034,Bac Giang City-2502.jpeg,0.9498428925871848,106.20106780601776N,21.291479478111572E
2036,Chau Doc City-3749.jpeg,0.9498120844364166,105.0809390533387N,10.694437542266506E
2039,Mỹ Tho-1869.jpeg,0.9497910290956496,106.34781663041132N,10.362397139296887E
2041,Tam Điệp-729.jpeg,0.9497558176517488,105.9110512004899N,20.12643280753136E
2042,Yên Mỹ District-3939.jpeg,0.949744239449501,106.01474156936374N,20.921910878856515E
2044,Phu Ly City-2570.jpeg,0.9497229531407356,105.9142509672943N,20.55184694406471E
2047,Tây Ninh City-1964.jpeg,0.9496983662247658,106.11550692071616N,11.346127573678837E
2049,Tây Ninh City-5030.jpeg,0.9496502950787544,106.12100459830566N,11.39733131066809E
2051,Long Hồ District-2362.jpeg,0.9495834931731224,105.92220962059528N,10.174202305718163E
2052,Tây Ninh City-2790.jpeg,0.9495772793889046,106.13062553408732N,11.360949708070462E
2053,Thanh Liêm District-5750.jpeg,0.9495607689023018,105.88299785122038N,20.481437081016963E
2054,Go Cong Town-2172.jpeg,0.9495479613542556,106.62927197659172N,10.40077927427014E
2057,Thanh Liêm District-2769.jpeg,0.949516385793686,105.96640514989222N,20.43831814460384E
2058,Yên Mỹ District-169.jpeg,0.9495116993784904,106.04791496090166N,20.847800206896334E
2059,Long Hồ District-5810.jpeg,0.9495004788041116,105.95780999784469N,10.230795909758786E
2060,Thanh Liêm District-4205.jpeg,0.9494819343090056,105.97359543426047N,20.458530146047487E
2063,Go Cong Town-861.jpeg,0.9494667500257492,106.64434213545564N,10.365745138435459E
2064,Trà Vinh City-731.jpeg,0.9494381844997406,106.31534904879615N,9.917624638307569E
2069,Yên Mỹ District-1159.jpeg,0.9493413865566254,106.02916478307586N,20.873402075391663E
2070,Hiệp Hòa District-3145.jpeg,0.9493313431739808,105.96013569932848N,21.299867211639217E
2071,Duy Tiên District-1499.jpeg,0.9493045434355736,106.01520491298577N,20.61735124351047E
2072,Bến Tre City-3030.jpeg,0.9492893293499948,106.38307811801135N,10.262364541280542E
2073,Yên Mỹ District-3681.jpeg,0.949286662042141,106.00897228387889N,20.916521011804864E
2074,Go Cong Town-1257.jpeg,0.9492820277810096,106.69503266981602N,10.375177405775567E
2075,Tây Ninh City-2549.jpeg,0.949266903102398,106.1251278564978N,11.356907307781837E
2076,Châu Thành District-4103.jpeg,0.9492203593254088,106.43611170060682N,10.281261272511216E
2077,Long Hồ District-7876.jpeg,0.9492012187838554,105.99067188453644N,10.284694580273671E
2079,Cai Lậy Town-4742.jpeg,0.9491844698786736,106.11009981729622N,10.450444443346525E
2080,Go Cong Town-1865.jpeg,0.949153445661068,106.6361220488026N,10.39269447369291E
2081,Mỹ Hào District-2485.jpeg,0.949150800704956,106.14690709711016N,20.94197081095056E
2083,Hiệp Hòa District-4754.jpeg,0.9491303637623788,105.92107872693089N,21.324121613371688E
2084,Go Cong Town-1901.jpeg,0.949102871119976,106.68544256872082N,10.39269447369291E
2089,Binh Minh Town-1036.jpeg,0.949048452079296,105.85153137621441N,10.019424138624053E
2093,Mỹ Hào District-2852.jpeg,0.9490009918808936,106.0574650468498N,20.948708144765128E
2094,Cai Lậy Town-3531.jpeg,0.9489731118083,106.10872973217536N,10.428884975140564E
2095,Hiệp Hòa District-5832.jpeg,0.9489610567688942,106.00931855345885N,21.337596281000838E
2096,Thái Bình-1575.jpeg,0.9489282593131064,106.32488307414329N,20.451375042883214E
2097,Ninh Bình-1271.jpeg,0.9489238038659096,105.9888148571995N,20.246917342531432E
2098,Go Cong Town-3510.jpeg,0.948919489979744,106.6758524676256N,10.427728609527595E
2099,Yên Mỹ District-4304.jpeg,0.948908030986786,106.03926103267437N,20.932690612959814E
2100,Long Hồ District-3590.jpeg,0.9488992393016816,105.94274829977763N,10.189024440109755E
2102,Cao Lanh City-3612.jpeg,0.9488934129476548,105.62216777975802N,10.47561300781652E
2104,Cai Lậy Town-4083.jpeg,0.948884904384613,106.17038356261381N,10.43831724248067E
2106,Hiệp Hòa District-9656.jpeg,0.948818176984787,105.97460124466096N,21.411706952961175E
2108,Trà Vinh City-1404.jpeg,0.9487945809960364,106.32766149781118N,9.948616373853612E
2113,Long Hồ District-2762.jpeg,0.948716551065445,106.00710282788233N,10.178244706006778E
2114,Go Cong Town-2388.jpeg,0.9487029314041138,106.62516193326519N,10.406169141321634E
2115,Long Xuyen City-2340.jpeg,0.9486794620752336,105.41393007181749N,10.362356140446725E
2116,Châu Thành District-10412.jpeg,0.9486596286296844,106.3731150229063N,10.329770075974622E
2117,Cai Lậy Town-5048.jpeg,0.9486473277211188,106.12791092386735N,10.455834310398014E
2120,Long Hồ District-1185.jpeg,0.9485871940851212,105.98382565814235N,10.15938017132657E
2121,Long Hồ District-5040.jpeg,0.9485780894756316,105.9181018847588N,10.21597377536719E
2122,Vĩnh Long-1576.jpeg,0.9485680386424064,105.88159999530724N,10.258429672217233E
2124,Phu Ly City-3396.jpeg,0.9485641270875932,105.98619994286031N,20.566669078456727E
2125,Go Cong Town-2205.jpeg,0.9485348910093307,106.67448245318344N,10.40077927427014E
2126,Long Xuyen City-3692.jpeg,0.948500208556652,105.43721748773795N,10.389305475704175E
2132,Vĩnh Long-483.jpeg,0.948455072939396,105.98156121445038N,10.238217670774157E
2135,Vĩnh Long-577.jpeg,0.9483856186270714,105.94732792022326N,10.2409126042999E
2141,Thanh Liêm District-461.jpeg,0.9482698887586594,105.90888287494612N,20.391156807901996E
2142,Hiệp Hòa District-5163.jpeg,0.9482662081718444,105.94567015399605N,21.329511480423346E
2146,Yên Mỹ District-2440.jpeg,0.948218122124672,106.07820370969719N,20.893614076835348E
2147,Duy Tiên District-2313.jpeg,0.9482155069708824,105.98784862174475N,20.629478444376662E
2148,Thanh Liêm District-6419.jpeg,0.9481863081455232,105.94914846740839N,20.49086934835734E
2152,Cai Lậy Town-3483.jpeg,0.9481429904699326,106.1347613494716N,10.427537508377691E
2153,Go Cong Town-3142.jpeg,0.9481321647763252,106.62516193326519N,10.422338742476105E
2154,Phu Ly City-1707.jpeg,0.9481295645236968,105.9200068853396N,20.537024809672698E
2155,Long Hồ District-972.jpeg,0.9481228515505792,105.98519490342119N,10.156685237800826E
2158,Cai Lậy Town-5828.jpeg,0.9480705931782722,106.12791092386735N,10.470656444789617E
2160,Binh Minh Town-2412.jpeg,0.9480664655566216,105.81868856086938N,10.04906840740723E
2164,Cai Lậy Town-196.jpeg,0.9479656741023064,106.12106049826308N,10.362859103759812E
2165,Long Xuyen City-4472.jpeg,0.9479366987943648,105.41666976780813N,10.40817001038439E
2167,Yên Mỹ District-1378.jpeg,0.9478864148259164,106.00320299839402N,20.877444475680402E
2170,Thái Bình-242.jpeg,0.9477997720241548,106.32488307414329N,20.41903584057337E
2171,Mỹ Hào District-508.jpeg,0.9477925971150398,106.11805482283262N,20.90019934130027E
2172,Long Xuyen City-2957.jpeg,0.947782352566719,105.43721748773795N,10.374483341312578E
2173,Duy Tiên District-1855.jpeg,0.947760708630085,106.01664471778795N,20.622741110562114E
2174,Vĩnh Long-565.jpeg,0.9477468505501748,105.92541861191793N,10.2409126042999E
2178,Yên Mỹ District-3202.jpeg,0.9477083161473274,106.03926103267437N,20.907088744464478E
2180,Tây Ninh City-4614.jpeg,0.9476715102791786,106.11550692071616N,11.390593976853712E
2181,Trà Vinh City-694.jpeg,0.947660267353058,106.31808514857725N,9.916277171544703E
2182,Hoa Lư District-1365.jpeg,0.947655625641346,105.95070772529417N,20.21820377575993E
2184,Tam Điệp-2627.jpeg,0.9476355761289595,105.9239699212754N,20.158772009841154E
2186,Bac Giang City-666.jpeg,0.9475824236869812,106.2227571653098N,21.252402941987047E
2191,Hiệp Hòa District-3047.jpeg,0.9475106075406076,105.93409771773007N,21.2985197448763E
2192,Binh Minh Town-2568.jpeg,0.9474620968103408,105.84332067237811N,10.051763340932972E
2196,Vĩnh Long-1217.jpeg,0.9473977535963058,105.97197589206677N,10.251692338402876E
2197,Thanh Liêm District-7287.jpeg,0.9473855867981912,105.91894927306168N,20.505691482749345E
2200,Tây Ninh City-231.jpeg,0.94735399633646,106.1127580819214N,11.304356104029715E
2201,Long Hồ District-4041.jpeg,0.9473191574215888,105.95096377145056N,10.195761773924112E
2202,Ninh Bình-1162.jpeg,0.947309859097004,106.00174058545059N,20.244222409005623E
2206,Go Cong Town-1579.jpeg,0.9472804218530656,106.65393223655084N,10.384609673115675E
2207,Duy Tiên District-654.jpeg,0.9472703263163568,105.95329330649288N,20.593096841778074E
2208,Go Cong Town-57.jpeg,0.9472694396972656,106.68681258316299N,10.33879580317801E
2209,Mỹ Tho-611.jpeg,0.9472567811608316,106.33959778535524N,10.340837671090929E
2211,Cai Lậy Town-2635.jpeg,0.9472073689103128,106.16764339237213N,10.410020440460348E
2214,Tam Điệp-752.jpeg,0.9471708089113235,105.94406570916391N,20.12643280753136E
2217,Tây Ninh City-2004.jpeg,0.947094403207302,106.07839759698689N,11.347475040441713E
2219,Hiệp Hòa District-5273.jpeg,0.9470605105161668,105.95868914479524N,21.33085894718627E
2221,Châu Thành District-2210.jpeg,0.9470211714506148,106.39228792481515N,10.269134071645368E
2222,Cai Lậy Town-3630.jpeg,0.9470106586813928,106.1525724560427N,10.430232441903435E
2227,Long Hồ District-7850.jpeg,0.9469920694828032,105.95507150728706N,10.284694580273671E
2228,Go Cong Town-1898.jpeg,0.9469851776957512,106.68133252539432N,10.39269447369291E
2229,Phu Ly City-1650.jpeg,0.9469775781035424,105.96173729116788N,20.535677342909782E
2230,Cai Lậy Town-4012.jpeg,0.9469633549451828,106.1827143287015N,10.436969775717799E
2231,Mỹ Tho-741.jpeg,0.9469358921051024,106.31631105769634N,10.343532604616676E
2232,Cai Lậy Town-5089.jpeg,0.946931280195713,106.18408441382235N,10.455834310398014E
2235,Chau Doc City-2129.jpeg,0.9469014331698418,105.10287914984868N,10.668835673771909E
2237,Duy Tiên District-836.jpeg,0.9468878582119942,105.93457584406481N,20.601181642355538E
2238,Châu Thành District-2906.jpeg,0.9468680396676064,106.26081659744013N,10.274523938696857E
2242,Phu Ly City-1878.jpeg,0.9468281492590904,105.91856790582827N,20.539719743198518E
2244,Yên Mỹ District-3061.jpeg,0.946790173649788,106.05368424638654N,20.90439381093865E
2245,Long Hồ District-3818.jpeg,0.9467190131545068,105.99477962037295N,10.191719373635499E
2246,Long Hồ District-688.jpeg,0.9467126429080964,106.00847207316117N,10.15264283751221E
2249,Binh Minh Town-2657.jpeg,0.946694441139698,105.87205813580505N,10.053110807695843E
2250,Go Cong Town-1220.jpeg,0.9466862678527832,106.64434213545564N,10.375177405775567E
2251,Mỹ Tho-2291.jpeg,0.94667337089777,106.3834316256544N,10.369134473111249E
2253,Hiệp Hòa District-5036.jpeg,0.946619063615799,105.90516662706519N,21.328164013660434E
2254,Go Cong Town-1890.jpeg,0.946617417037487,106.67037240985691N,10.39269447369291E
2255,Cai Lậy Town-3378.jpeg,0.9466152042150496,106.18408441382235N,10.424842574851947E
2256,Go Cong Town-1358.jpeg,0.9466111734509468,106.69503266981602N,10.37787233930131E
2257,Châu Thành District-7923.jpeg,0.9466054141521454,106.25533862546617N,10.306863141005792E
2258,Yên Mỹ District-1576.jpeg,0.9465923830866814,106.05224192501532N,20.88013940920623E
2259,Trà Vinh City-430.jpeg,0.9465812295675278,106.34271004660732N,9.906844904204599E
2260,Chau Doc City-4088.jpeg,0.9465729519724846,105.13167552651802N,10.699827409317995E
2262,Trà Vinh City-918.jpeg,0.9465360566973686,106.30440464967168N,9.924361972121927E
2263,Phu Ly City-1870.jpeg,0.9465293288230896,105.9070560697377N,20.539719743198518E
2265,Tây Ninh City-960.jpeg,0.946483552455902,106.0797720163843N,11.324568105472839E
2266,Bac Giang City-2063.jpeg,0.9464434534311296,106.19094610501479N,21.28339467753409E
2268,Mỹ Tho-3769.jpeg,0.9464140608906746,106.33548836282719N,10.396083808368703E
2270,Sa Đéc City-1707.jpeg,0.946390561759472,105.71346973480124N,10.323312273960541E
2271,Trà Vinh City-1600.jpeg,0.9463572204113008,106.33997394682622N,9.95535370766797E
2272,Tây Ninh City-2670.jpeg,0.9463524222373962,106.07427433879477N,11.359602241307586E
2273,Vĩnh Long-129.jpeg,0.9463480710983276,105.9117252942271N,10.230132870196922E
2274,Long Hồ District-4469.jpeg,0.9463220089673996,105.94822528089293N,10.203846574501345E
2275,Ninh Bình-1434.jpeg,0.9463141709566116,105.97014436083687N,20.250959742820164E
2277,Châu Thành District-4801.jpeg,0.9462350383400916,106.18275549681123N,10.286651139562707E
2279,Trà Vinh City-126.jpeg,0.9462175145745276,106.34271004660732N,9.894717703338756E
2282,Sa Đéc City-403.jpeg,0.9461552128195764,105.72853570377463N,10.278845870785757E
2283,Long Hồ District-6034.jpeg,0.9461537227034568,105.93316358282588N,10.236185776810276E
2284,Sa Đéc City-501.jpeg,0.9461297914385796,105.73675350503285N,10.2815408043115E
2285,Go Cong Town-3488.jpeg,0.946115106344223,106.6457121498978N,10.427728609527595E
2289,Sa Đéc City-1615.jpeg,0.9460535198450089,105.74086240566193N,10.319269873671924E
2291,Tây Ninh City-1626.jpeg,0.9459624513983728,106.08526969397381N,11.339390239864464E
2292,Binh Minh Town-3226.jpeg,0.9459598064422609,105.85426827749315N,10.06793294208743E
2296,Thái Bình-1589.jpeg,0.9459353610873222,106.34501687604359N,20.451375042883214E
2298,Go Cong Town-1031.jpeg,0.9458601251244544,106.66215232320387N,10.369787538724077E
2299,Go Cong Town-4473.jpeg,0.945810243487358,106.64160210657127N,10.447940610970683E
2300,Tây Ninh City-1072.jpeg,0.9458064287900924,106.07564875819214N,11.327263038998591E
2306,Go Cong Town-1290.jpeg,0.9457087069749832,106.67174242429908N,10.37652487253844E
2308,Long Hồ District-7741.jpeg,0.9456602185964584,106.01668754483413N,10.281999646747927E
2310,Go Cong Town-3824.jpeg,0.9456335082650184,106.6758524676256N,10.43311847657908E
2311,Ninh Bình-889.jpeg,0.9456283822655678,105.95003767244633N,20.238832541953983E
2312,Go Cong Town-1046.jpeg,0.9456244334578514,106.68270253983648N,10.369787538724077E
2315,Long Hồ District-5505.jpeg,0.945571817457676,105.92768660171058N,10.225406042707299E
2316,Chau Doc City-4076.jpeg,0.945569284260273,105.11522045413554N,10.699827409317995E
2318,Long Xuyen City-5023.jpeg,0.9455359652638436,105.40297128785494N,10.422992144775987E
2322,Cai Lậy Town-2255.jpeg,0.9454015046358109,106.13613143459246N,10.403283106645986E
2324,Mỹ Hào District-902.jpeg,0.9453782811760902,106.12094005026037N,20.91097907540357E
2325,Duy Tiên District-524.jpeg,0.9453504383563996,105.9561729160972N,20.586359507963518E
2327,Cai Lậy Town-4720.jpeg,0.9453212693333626,106.1827143287015N,10.449096976583652E
2328,Sa Đéc City-1449.jpeg,0.945305436849594,105.72168753605945N,10.313880006620439E
2329,Tam Điệp-1917.jpeg,0.9453009143471718,105.92684074811658N,20.14799227573789E
2332,Mỹ Tho-2466.jpeg,0.9452638849616052,106.3053525976215N,10.373176873399867E
2337,Cai Lậy Town-4405.jpeg,0.9451455771923064,106.17586390309722N,10.443707109532163E
2346,Hiệp Hòa District-700.jpeg,0.9449376985430716,105.98328057186043N,21.25270587493721E
2347,Go Cong Town-3471.jpeg,0.9449108764529228,106.62242190438084N,10.427728609527595E
2349,Thanh Liêm District-5189.jpeg,0.9448949545621872,105.90744481807246N,20.473352280439503E
2350,Binh Minh Town-3699.jpeg,0.9448948949575424,105.83510996854186N,10.081407609716146E
2351,Bến Tre City-70.jpeg,0.9448767825961112,106.37897032313563N,10.19768613666268E
2352,Tây Ninh City-3763.jpeg,0.9448746964335442,106.12237901770304N,11.377119309224963E
2355,Tây Ninh City-2290.jpeg,0.9447811022400856,106.09076737156332N,11.352864907493213E
2357,Long Hồ District-5249.jpeg,0.9447380676865578,105.93179433754707N,10.220016175655811E
2358,Cai Lậy Town-3261.jpeg,0.944736771285534,106.1224305833839N,10.423495108089071E
2362,Thanh Liêm District-5760.jpeg,0.944666676223278,105.8973784199569N,20.481437081016963E
2363,Cai Lậy Town-3350.jpeg,0.9446497783064842,106.14572203043844N,10.424842574851947E
2364,Go Cong Town-2008.jpeg,0.94460579007864,106.69503266981602N,10.395389407218653E
2365,Thanh Liêm District-6885.jpeg,0.9445992857217788,105.91894927306168N,20.498954148934796E
2367,Châu Thành District-7263.jpeg,0.9445785358548164,106.42104727767847N,10.301473273954299E
2368,Go Cong Town-4939.jpeg,0.9445276781916618,106.64982219322431N,10.474889946228133E
2369,Châu Thành District-2585.jpeg,0.9445241540670396,106.38817944583468N,10.271829005171114E
2370,Go Cong Town-289.jpeg,0.9444833993911744,106.65256222210868N,10.34957553728099E
2373,Duy Tiên District-5590.jpeg,0.944435603916645,105.92881662485615N,20.68068218136729E
2380,Go Cong Town-4393.jpeg,0.9443727284669876,106.64023209212911N,10.445245677444937E
2382,Cai Lậy Town-3031.jpeg,0.94435752928257,106.17860407333892N,10.418105241037583E
2383,Cai Lậy Town-4205.jpeg,0.9443362429738044,106.11832032802134N,10.441012176006414E
2386,Binh Minh Town-2530.jpeg,0.94432932138443,105.88574264219878N,10.050415874170099E
2389,Long Hồ District-3775.jpeg,0.9442558214068412,105.93590207338352N,10.191719373635499E
2391,Long Xuyen City-3563.jpeg,0.944189004600048,105.42899839976602N,10.38661054217843E
2392,Yên Mỹ District-3261.jpeg,0.9441846013069152,106.01762621210614N,20.90843621122739E
2395,Bac Giang City-2659.jpeg,0.9441416412591934,106.23287886631276N,21.2941744116374E
2398,Go Cong Town-2427.jpeg,0.944096513092518,106.67859249650996N,10.406169141321634E
2401,Hiệp Hòa District-2553.jpeg,0.9440059959888458,106.01365821705858N,21.289087477535897E
2402,Tam Điệp-3390.jpeg,0.9440057203173636,105.93545322864026N,20.16820427718152E
2403,Thái Bình-2457.jpeg,0.9439801499247552,106.34645500475075N,20.47158704432686E
2407,Go Cong Town-3156.jpeg,0.943910911679268,106.64434213545564N,10.422338742476105E
2409,Vĩnh Long-1546.jpeg,0.9439086839556694,105.95828257437594N,10.257082205454365E
2410,Hiệp Hòa District-7172.jpeg,0.9439052417874336,105.93699082679657N,21.356460815681647E
2415,Go Cong Town-4816.jpeg,0.9437575340270996,106.64434213545564N,10.466805145650902E
2416,Yên Mỹ District-1062.jpeg,0.9437418505549432,105.99022210605307N,20.87205460862875E
2417,Cai Lậy Town-1443.jpeg,0.9436927512288094,106.09502888096684N,10.38980843901726E
2418,Châu Thành District-6008.jpeg,0.9436884969472884,106.37585400889328N,10.293388473377066E
2419,Cai Lậy Town-4198.jpeg,0.9436806887388228,106.10872973217536N,10.441012176006414E
2421,Long Hồ District-2508.jpeg,0.9436558783054352,105.96739471479646N,10.175549772481036E
2422,Phu Ly City-1090.jpeg,0.9436425641179084,105.8854713770679N,20.52759254233232E
2423,Binh Minh Town-389.jpeg,0.9436382576823236,105.8570051787719N,10.003254537469592E
2425,Cai Lậy Town-5154.jpeg,0.9436305612325668,106.17449381797637N,10.45718177716089E
2426,Sa Đéc City-2091.jpeg,0.9436292052268982,105.743601672748N,10.338134408352138E
2427,Long Hồ District-1710.jpeg,0.9436283707618712,105.95233301672941N,10.16611750514093E
2432,Phu Ly City-2681.jpeg,0.9435229003429412,105.96605422970185N,20.553194410827626E
2433,Go Cong Town-787.jpeg,0.9435217529535294,106.69092262648952N,10.363050204909717E
2435,Cao Lanh City-4276.jpeg,0.9435006752610208,105.61942730402366N,10.489087675445242E
2436,Trà Vinh City-2019.jpeg,0.943494513630867,106.34818224616954N,9.967480908533812E
2437,Trà Vinh City-410.jpeg,0.943482741713524,106.31534904879615N,9.906844904204599E
2440,Sa Đéc City-472.jpeg,0.9434135779738426,105.76003727526444N,10.280193337548628E
2441,Hiệp Hòa District-7586.jpeg,0.943381056189537,106.01944443519157N,21.361850682733312E
2442,Cai Lậy Town-4593.jpeg,0.943358913064003,106.11283998753794N,10.447749509820778E
2450,Duy Tiên District-2467.jpeg,0.9432485103607178,105.93601564886697N,20.632173377902483E
2451,Tam Điệp-3087.jpeg,0.9432392865419388,105.82636180867401N,20.165509343655707E
2453,Thanh Liêm District-2793.jpeg,0.943194605410099,105.8729314531048N,20.439665611366756E
2455,Binh Minh Town-86.jpeg,0.94319249689579,105.87342658644441N,9.992474803366619E
2457,Duy Tiên District-5973.jpeg,0.9431485235691072,106.00224666976634N,20.696851782522224E
2458,Long Hồ District-4995.jpeg,0.9431470260024072,105.9468560356141N,10.21462630860432E
2459,Binh Minh Town-3987.jpeg,0.9431390315294266,105.83647841918126N,10.089492410293376E
2465,Thái Bình-2511.jpeg,0.9430022165179252,106.35076939087223N,20.472934511089775E
2469,Go Cong Town-588.jpeg,0.9429372921586036,106.71010282867995N,10.357660337858226E
2470,Go Cong Town-2866.jpeg,0.9429143965244292,106.62927197659172N,10.416948875424618E
2474,Châu Thành District-10639.jpeg,0.9428454637527466,106.35120313501048N,10.336507409788982E
2476,Bến Tre City-2160.jpeg,0.9427399262785912,106.37486252825991N,10.246194940126077E
2479,Cai Lậy Town-4098.jpeg,0.9425984025001526,106.19093483942662N,10.43831724248067E
2480,Mỹ Hào District-2991.jpeg,0.9425891563296318,106.1310383462575N,20.950055611528036E
2483,Go Cong Town-2557.jpeg,0.9425560683012008,106.62790196214955N,10.410211541610249E
2484,Mỹ Hào District-716.jpeg,0.9425289332866668,106.07477641141628N,20.90693667511483E
2485,Go Cong Town-969.jpeg,0.9425040110945702,106.64708216433996N,10.368440071961205E
2486,Ninh Bình-1684.jpeg,0.9424872249364852,105.97445293692057N,20.257697076634713E
2488,Go Cong Town-4299.jpeg,0.9424429088830948,106.64160210657127N,10.44255074391919E
2492,Go Cong Town-4543.jpeg,0.94240964949131,106.64708216433996N,10.450635544496429E
2493,Chau Doc City-3157.jpeg,0.9423914700746536,105.0740827731793N,10.685005274926388E
2494,Phu Ly City-706.jpeg,0.942359209060669,105.90561709022639N,20.52085520851777E
2495,Duy Tiên District-2588.jpeg,0.9423488155007362,105.97345057372313N,20.633520844665398E
2496,Sa Đéc City-438.jpeg,0.94233176112175,105.77647287778088N,10.278845870785757E
2499,Go Cong Town-2341.jpeg,0.942295528948307,106.6347520343604N,10.404821674558763E
2501,Cai Lậy Town-1214.jpeg,0.9422319978475572,106.11695024290049N,10.385766038728642E
2502,Vĩnh Long-1541.jpeg,0.9422099068760872,105.95143591553051N,10.257082205454365E
2504,Cai Lậy Town-3691.jpeg,0.9421885088086128,106.14298186019671N,10.43157990866631E
2505,Sa Đéc City-641.jpeg,0.9421788454055786,105.76003727526444N,10.285583204600115E
2506,Trà Vinh City-499.jpeg,0.9421711340546608,106.32492539803008N,9.909539837730343E
2507,Go Cong Town-3683.jpeg,0.9421349465847016,106.58954155776871N,10.431771009816211E
2508,Thái Bình-535.jpeg,0.9421157464385032,106.34070248992211N,20.429815574676653E
2509,Tây Ninh City-643.jpeg,0.942111425101757,106.09489062975544N,11.316483304895591E
2511,Thanh Liêm District-3248.jpeg,0.9420556724071504,105.98941405987064N,20.44505547841839E
2515,Hiệp Hòa District-6728.jpeg,0.9420366138219832,105.98906678999342N,21.349723481867073E
2517,Duy Tiên District-2601.jpeg,0.94196018576622,105.99216803615124N,20.633520844665398E
2519,Cao Lanh City-3789.jpeg,0.9418879970908164,105.59887373601575N,10.479655408105131E
2520,Tây Ninh City-146.jpeg,0.9418720975518228,106.10451156553712N,11.301661170503968E
2521,Sa Đéc City-1276.jpeg,0.941859930753708,105.74908020692013N,10.307142672806073E
2522,Cao Lanh City-2160.jpeg,0.9418552815914154,105.63587015842995N,10.444621272270446E
2524,Duy Tiên District-3353.jpeg,0.9418297335505486,105.96337194010802N,20.644300578768686E
2526,Tây Ninh City-2411.jpeg,0.9418112337589264,106.15261624444537N,11.354212374256086E
2527,Yên Mỹ District-3527.jpeg,0.94178968667984,105.98301049919701N,20.91382607827904E
2528,Bến Tre City-2885.jpeg,0.9417700842022896,106.35158502396425N,10.259669607754798E
2529,Bac Giang City-3249.jpeg,0.9417205303907394,106.20251376330387N,21.310344012792378E
2533,Tây Ninh City-3002.jpeg,0.9416634291410446,106.09763946855021N,11.364992108359088E
2537,Go Cong Town-16.jpeg,0.9416249394416808,106.65393223655084N,10.33744833641514E
2538,Go Cong Town-3552.jpeg,0.9415965750813484,106.62653194770735N,10.429076076290466E
2539,Phu Ly City-3435.jpeg,0.9415946826338768,105.93727463947543N,20.56801654521964E
2540,Hiệp Hòa District-7058.jpeg,0.9415895193815232,105.90805973613166N,21.355113348918735E
2541,Sa Đéc City-1280.jpeg,0.9415747299790382,105.75455874109232N,10.307142672806073E
2543,Yên Mỹ District-1562.jpeg,0.9415685385465622,106.03204942581829N,20.88013940920623E
2544,Go Cong Town-1164.jpeg,0.941567100584507,106.63749206324476N,10.373829939012698E
2545,Go Cong Town-279.jpeg,0.9415654242038728,106.68955261204736N,10.348228070518116E
2547,Long Hồ District-872.jpeg,0.9415576905012132,105.98793339397882N,10.155337771037951E
2549,Cai Lậy Town-3240.jpeg,0.941527247428894,106.19230492454746N,10.422147641326202E
2551,Sa Đéc City-618.jpeg,0.9414871782064438,105.72853570377463N,10.285583204600115E
2552,Long Hồ District-3666.jpeg,0.9414671435952188,105.91399414892234N,10.190371906872624E
2556,Cai Lậy Town-2666.jpeg,0.9414114654064178,106.1142100726588N,10.41136790722322E
2558,Go Cong Town-4537.jpeg,0.9413818418979644,106.63886207768692N,10.450635544496429E
2559,Cai Lậy Town-3097.jpeg,0.9413777366280556,106.18682458406407N,10.419452707800456E
2561,Mỹ Tho-1720.jpeg,0.9413521215319632,106.36288451301418N,10.359702205771145E
2563,Hiệp Hòa District-4968.jpeg,0.9413070529699326,105.94856326306252N,21.32681654689752E
2564,Go Cong Town-3529.jpeg,0.9412727430462836,106.59502161553738N,10.429076076290466E
2566,Vĩnh Long-1268.jpeg,0.9412074461579324,105.926787943687N,10.253039805165749E
2567,Tây Ninh City-3316.jpeg,0.9411928504705428,106.07839759698689N,11.370381975410586E
2574,Cai Lậy Town-3815.jpeg,0.941044919192791,106.1142100726588N,10.434274842192053E
2576,Hung Yen City-682.jpeg,0.9409880265593528,106.09360514840996N,20.626002540926088E
2577,Trà Vinh City-649.jpeg,0.9409764632582664,106.30987684923393N,9.914929704781827E
2578,Cao Lanh City-742.jpeg,0.940963253378868,105.6440915856331N,10.421714337301607E
2579,Phu Ly City-4022.jpeg,0.9409588500857352,105.94159157800942N,20.582838679611655E
2581,Trà Vinh City-1307.jpeg,0.9409487545490264,106.34818224616954N,9.943226506802128E
2582,Long Hồ District-5942.jpeg,0.940944030880928,105.97971792230587N,10.233490843284528E
2583,Ninh Bình-2045.jpeg,0.940942905843258,105.97158055286475N,20.26982427750089E
2584,Binh Minh Town-2311.jpeg,0.9409357979893684,105.8679527838869N,10.046373473881486E
2585,Long Xuyen City-2492.jpeg,0.9409021958708764,105.43584763974262N,10.365051073972468E
2587,Châu Thành District-6815.jpeg,0.9408616125583648,106.35805059997791N,10.29877834042856E
2588,Cai Lậy Town-4495.jpeg,0.9408570230007172,106.19093483942662N,10.445054576295032E
2589,Trà Vinh City-576.jpeg,0.9408537670969964,106.31808514857725N,9.912234771256085E
2593,Cai Lậy Town-6619.jpeg,0.9406424537301064,106.09091862560427N,10.492215912995576E
2594,Bến Tre City-3257.jpeg,0.9406389519572258,106.35980061371565N,10.269101875094902E
2595,Cai Lậy Town-5013.jpeg,0.9405992701649666,106.17997415845981N,10.454486843635143E
2598,Tây Ninh City-3565.jpeg,0.940561145544052,106.07839759698689N,11.374424375699213E
2601,Cai Lậy Town-4340.jpeg,0.940544381737709,106.19504509478917N,10.442359642769288E
2603,Tây Ninh City-1771.jpeg,0.9405142739415168,106.11550692071616N,11.342085173390213E
2604,Duy Tiên District-1959.jpeg,0.9405013099312782,106.0296029610074N,20.624088577325022E
2608,Tam Điệp-2229.jpeg,0.9404092058539392,105.89239082602198N,20.15338214278953E
2611,Sa Đéc City-106.jpeg,0.9403476789593695,105.73812313857589N,10.26941360344565E
2612,Hung Yen City-224.jpeg,0.9403058141469957,106.0835246235895N,20.6152228068228E
2616,Hiệp Hòa District-2397.jpeg,0.9402355253696442,106.0078719989256N,21.286392544010077E
2619,Châu Thành District-4883.jpeg,0.9401832073926926,106.29505392227735N,10.286651139562707E
2621,Long Hồ District-3751.jpeg,0.9401609674096107,105.90304018669175N,10.191719373635499E
2624,Long Hồ District-1386.jpeg,0.9401198104023932,105.95917924312353N,10.162075104852311E
2625,Ninh Bình-1146.jpeg,0.9401183053851128,105.97876151300423N,20.244222409005623E
2627,Mỹ Tho-1434.jpeg,0.9400905296206474,106.40945796833202N,10.354312338719653E
2628,Thanh Liêm District-3189.jpeg,0.9400904402136804,105.90456870432516N,20.44505547841839E
2632,Long Hồ District-1706.jpeg,0.9400225058197976,105.9468560356141N,10.16611750514093E
2634,Sa Đéc City-1535.jpeg,0.9399901032447816,105.73401423794677N,10.316574940146179E
2636,Cai Lậy Town-5610.jpeg,0.939950130879879,106.11832032802134N,10.466614044500997E
2637,Tây Ninh City-3320.jpeg,0.9398798644542694,106.08389527457642N,11.370381975410586E
2638,Go Cong Town-3740.jpeg,0.9398679956793784,106.66763238097258N,10.431771009816211E
2641,Go Cong Town-2673.jpeg,0.9398261606693268,106.62653194770735N,10.412906475136E
2642,Long Hồ District-2472.jpeg,0.9398170486092569,105.9181018847588N,10.175549772481036E
2643,Go Cong Town-1178.jpeg,0.9398041889071465,106.65667226543519N,10.373829939012698E
2645,Mỹ Tho-3854.jpeg,0.9397886693477632,106.36699393554221N,10.39743127513157E
2647,Phu Ly City-4224.jpeg,0.939776547253132,105.93871361898678N,20.59092348018912E
2649,Cao Lanh City-2072.jpeg,0.9397731497883796,105.6249082554924N,10.443273805507571E
2650,Duy Tiên District-6015.jpeg,0.9397675767540932,105.99936706016202N,20.699546716048047E
2652,Duy Tiên District-3732.jpeg,0.9395966306328772,105.94465447767993N,20.649690445820323E
2655,Bến Tre City-3090.jpeg,0.9395591467618942,106.38855517784562N,10.263712008043413E
2656,Mỹ Tho-2771.jpeg,0.9395586624741554,106.30946202014958N,10.378566740451355E
2657,Phu Ly City-1358.jpeg,0.9395412653684616,105.9070560697377N,20.531634942621054E
2659,Bến Tre City-1650.jpeg,0.9395269975066184,106.34063090429568N,10.238110139548848E
2662,Thái Bình-1268.jpeg,0.939501255750656,106.36515067794389N,20.444637709068665E
2666,Sa Đéc City-466.jpeg,0.9394277259707452,105.75181947400624N,10.280193337548628E
2669,Tây Ninh City-4097.jpeg,0.939292535185814,106.1182557595109N,11.382509176276463E
2670,Cai Lậy Town-5590.jpeg,0.9392910748720168,106.1881946691849N,10.465266577738122E
2672,Mỹ Tho-2421.jpeg,0.9392511546611786,106.34918643792071N,10.371829406636992E
2673,Go Cong Town-3181.jpeg,0.9392361864447594,106.67859249650996N,10.422338742476105E
2675,Binh Minh Town-2838.jpeg,0.9392163008451462,105.81047785703313N,10.058500674747329E
2679,Mỹ Tho-3599.jpeg,0.9391359016299248,106.39165047071049N,10.392041408080079E
2681,Yên Mỹ District-1907.jpeg,0.9391160607337952,106.04070335404559N,20.885529276257877E
2682,Long Hồ District-4596.jpeg,0.939115472137928,105.93590207338352N,10.206541508027088E
2683,Long Hồ District-5222.jpeg,0.9391129910945892,105.98519490342119N,10.218668708892936E
2685,Thanh Liêm District-6396.jpeg,0.9391007572412492,105.9160731593144N,20.49086934835734E
2686,Thái Bình-757.jpeg,0.9390875324606895,106.30906365836448N,20.435205441728296E
2688,Hung Yen City-2177.jpeg,0.9390709176659584,106.07488417374337N,20.666426543813415E
2690,Vĩnh Long-778.jpeg,0.9390655383467674,105.9185719530725N,10.244955004588519E
2691,Go Cong Town-710.jpeg,0.9390617311000824,106.65941229431952N,10.361702738146843E
2692,Bến Tre City-3024.jpeg,0.9390588253736496,106.37486252825991N,10.262364541280542E
2694,Binh Minh Town-1882.jpeg,0.9390473067760468,105.83374151790251N,10.038288673304255E
2695,Go Cong Town-4692.jpeg,0.9390458092093468,106.64845217878214N,10.458720345073662E
2696,Hung Yen City-2664.jpeg,0.9390351474285126,106.05904334902549N,20.682596144968354E
2698,Tây Ninh City-1958.jpeg,0.9390096217393876,106.10726040433188N,11.346127573678837E
2705,Long Hồ District-593.jpeg,0.9388371929526328,106.0112105637188N,10.151295370749338E
2706,Cai Lậy Town-3019.jpeg,0.9388343766331672,106.16216305188868N,10.418105241037583E
2708,Long Hồ District-5918.jpeg,0.9388184696435928,105.92084037531647N,10.233490843284528E
2709,Tây Ninh City-861.jpeg,0.9388174042105676,106.09763946855021N,11.32187317194709E
2710,Long Hồ District-4389.jpeg,0.93880382925272,105.9345328281047N,10.202499107738472E
2711,Long Hồ District-3563.jpeg,0.938793122768402,105.9057786772494N,10.189024440109755E
2712,Mỹ Tho-1665.jpeg,0.9387906715273856,106.39712970074788N,10.35835473900827E
2713,Duy Tiên District-4129.jpeg,0.938761867582798,105.96193213530586N,20.655080312871977E
2717,Thái Bình-1542.jpeg,0.9385884329676628,106.37090319277254N,20.450027576120302E
2719,Cai Lậy Town-3772.jpeg,0.9385642483830452,106.15531262628441N,10.432927375429179E
2720,Yên Mỹ District-1796.jpeg,0.9385482221841812,106.00320299839402N,20.884181809494965E
2721,Cai Lậy Town-5281.jpeg,0.938536249101162,106.15394254116356N,10.459876710686634E
2722,Yên Mỹ District-2293.jpeg,0.9385358616709708,105.98301049919701N,20.89226661007244E
2724,Châu Thành District-723.jpeg,0.9385023415088654,106.21699282164845N,10.257006870779517E
2727,Thanh Liêm District-5085.jpeg,0.9384628757834436,105.89162619246228N,20.47200481367659E
2728,Sa Đéc City-1876.jpeg,0.9384260699152946,105.74771057337713N,10.328702141012029E
2730,Tây Ninh City-5183.jpeg,0.938392959535122,106.11963017890828N,11.400026244193837E
2733,Cao Lanh City-4772.jpeg,0.938344806432724,105.64135110989872N,10.49851994278535E
2734,Long Hồ District-3033.jpeg,0.938327930867672,105.92220962059528N,10.182287106295396E
2736,Trà Vinh City-710.jpeg,0.938300497829914,106.33997394682622N,9.916277171544703E
2740,Binh Minh Town-3664.jpeg,0.9382119923830032,105.8528998268538N,10.080060142953275E
2741,Tây Ninh City-726.jpeg,0.938208669424057,106.13749763107424N,11.317830771658468E
2745,Long Hồ District-3929.jpeg,0.9381741434335708,106.02079528067058N,10.193066840398368E
2747,Go Cong Town-2543.jpeg,0.9380924105644226,106.68544256872082N,10.408864074847378E
2748,Ninh Bình-1502.jpeg,0.9380756169557573,105.9859424731437N,20.252307209583073E
2751,Yên Mỹ District-2098.jpeg,0.9380110278725624,106.0709921028411N,20.888224209783697E
2753,Go Cong Town-1450.jpeg,0.937968708574772,106.67996251095214N,10.380567272827056E
2754,Long Hồ District-3715.jpeg,0.9379669800400734,105.9810871675847N,10.190371906872624E
2755,Hiệp Hòa District-7702.jpeg,0.937946416437626,105.95000981759576N,21.36454561625914E
2756,Long Xuyen City-1603.jpeg,0.9379147216677666,105.46598429563967N,10.344839072529387E
2757,Long Hồ District-4650.jpeg,0.9378669932484628,105.9181018847588N,10.207888974789961E
2760,Long Xuyen City-3153.jpeg,0.9378107339143752,105.42899839976602N,10.378525741601193E
2761,Go Cong Town-4601.jpeg,0.9377954378724098,106.65256222210868N,10.453330478022172E
2763,Mỹ Tho-862.jpeg,0.9377839788794518,106.37932220312635N,10.344880071379546E
2764,Binh Minh Town-2896.jpeg,0.9377813786268234,105.81868856086938N,10.059848141510198E
2765,Trà Vinh City-1737.jpeg,0.937776245176792,106.35091834595066N,9.95939610795658E
2766,Binh Minh Town-3997.jpeg,0.9377683326601982,105.85016292557502N,10.089492410293376E
2768,Châu Thành District-1691.jpeg,0.9377187117934228,106.41009133373053N,10.265091671356753E
2769,Binh Minh Town-3840.jpeg,0.9376728236675262,105.83237306726312N,10.085450010004763E
2770,Duy Tiên District-3136.jpeg,0.9376618787646294,105.93601564886697N,20.641605645242862E
2772,Duy Tiên District-5624.jpeg,0.9376347064971924,106.01376510818362N,20.68068218136729E
2774,Vĩnh Long-2268.jpeg,0.9376073628664016,105.92541861191793N,10.271904339845957E
2779,Cao Lanh City-3102.jpeg,0.9374748915433884,105.65094277496904N,10.46348580695066E
2781,Sa Đéc City-762.jpeg,0.9374470710754396,105.76688544297964N,10.289625604888732E
2782,Long Hồ District-2591.jpeg,0.9374260380864144,105.92768660171058N,10.176897239243907E
2785,Bến Tre City-1887.jpeg,0.9373703375458716,106.34200016925425N,10.242152539837459E
2788,Thái Bình-2351.jpeg,0.9372878074645996,106.34357874733641N,20.468892110801047E
2789,Go Cong Town-111.jpeg,0.9372738376259804,106.68407255427864N,10.341490736703756E
2791,Go Cong Town-1157.jpeg,0.937260664999485,106.6964026842582N,10.372482472249823E
2792,Chau Doc City-3346.jpeg,0.937253162264824,105.09465161365743N,10.687700208452133E
2793,Long Xuyen City-3867.jpeg,0.9372463524341584,105.42899839976602N,10.393347875992792E
2794,Go Cong Town-1263.jpeg,0.937244825065136,106.6347520343604N,10.37652487253844E
2795,Trà Vinh City-1020.jpeg,0.93721891194582,106.32766149781118N,9.92840437241054E
2797,Thanh Liêm District-7118.jpeg,0.9371894970536232,105.8945023062096N,20.50299654922353E
2798,Long Hồ District-3840.jpeg,0.9371811747550964,105.89893245085528N,10.193066840398368E
2799,Binh Minh Town-2937.jpeg,0.9371692165732384,105.80363560383624N,10.061195608273072E
2801,Châu Thành District-6220.jpeg,0.9371054247021676,106.38270147386073N,10.294735940139942E
2803,Bến Tre City-1256.jpeg,0.937092751264572,106.38307811801135N,10.230025338971611E
2805,Mỹ Hào District-811.jpeg,0.9370421320199966,106.1382514148269N,20.90828414187774E
2806,Long Hồ District-5582.jpeg,0.9369768425822258,105.94000980922003N,10.226753509470168E
2807,Trà Vinh City-512.jpeg,0.936963751912117,106.34271004660732N,9.909539837730343E
2809,Binh Minh Town-3604.jpeg,0.9368887096643448,105.83647841918126N,10.078712676190406E
2810,Go Cong Town-482.jpeg,0.9368884712457656,106.69366265537386N,10.354965404332479E
2811,Tây Ninh City-1378.jpeg,0.9368535354733468,106.07427433879477N,11.334000372812964E
2812,Go Cong Town-1996.jpeg,0.9368472173810004,106.67859249650996N,10.395389407218653E
2814,Vĩnh Long-349.jpeg,0.9368159994482994,105.95143591553051N,10.23552273724841E
2815,Go Cong Town-3622.jpeg,0.9367956444621086,106.61420181772779N,10.430423543053335E
2816,Tây Ninh City-5473.jpeg,0.9367644414305688,106.11688134011352N,11.405416111245337E
2818,Tây Ninh City-2150.jpeg,0.9367332607507706,106.09763946855021N,11.350169973967462E
2819,Go Cong Town-3624.jpeg,0.9367100819945336,106.61694184661216N,10.430423543053335E
2820,Vĩnh Long-257.jpeg,0.9367014467716216,105.97882255091221N,10.232827803722667E
2827,Long Xuyen City-2596.jpeg,0.9365880042314528,105.39475219988303N,10.367746007498214E
2828,Long Hồ District-2387.jpeg,0.936576746404171,105.95644075256588N,10.174202305718163E
2831,Sa Đéc City-2198.jpeg,0.9365286976099014,105.72579643668855N,10.343524275403626E
2833,Cao Lanh City-4219.jpeg,0.9365204945206642,105.63312968269553N,10.487740208682368E
2835,Vĩnh Long-1148.jpeg,0.936365157365799,105.99114653683395N,10.250344871640005E
2839,Sa Đéc City-553.jpeg,0.9363059550523758,105.74908020692013N,10.282888271074373E
2840,Tây Ninh City-1924.jpeg,0.9363018050789832,106.15124182504802N,11.344780106915964E
2841,Long Hồ District-495.jpeg,0.9362975284457208,106.00573358260351N,10.149947903986464E
2842,Long Hồ District-510.jpeg,0.9362442642450332,106.02627226178588N,10.149947903986464E
2846,Trà Vinh City-1324.jpeg,0.936133585870266,106.33997394682622N,9.944573973564998E
2849,Tây Ninh City-1781.jpeg,0.93603003770113,106.12925111468995N,11.342085173390213E
2851,Go Cong Town-363.jpeg,0.9359654635190964,106.70051272758474N,10.350923004043862E
2852,Long Xuyen City-2621.jpeg,0.935945987701416,105.42899839976602N,10.367746007498214E
2867,Tây Ninh City-4152.jpeg,0.9356779232621192,106.07702317758954N,11.383856643039337E
2868,Go Cong Town-688.jpeg,0.9356543496251106,106.70325275646907N,10.36035527138397E
2870,Sa Đéc City-2830.jpeg,0.9356380850076677,105.71483936834429N,10.370473610661076E
2871,Bến Tre City-2810.jpeg,0.9356090873479844,106.33926163933714N,10.258322140991927E
2876,Long Hồ District-4445.jpeg,0.9354914203286172,105.9153633942012N,10.203846574501345E
2879,Go Cong Town-1551.jpeg,0.9354732185602188,106.68270253983648N,10.383262206352802E
2880,Yên Mỹ District-1684.jpeg,0.9354488253593444,105.96426032137117N,20.882834342732053E
2881,Long Hồ District-1291.jpeg,0.935448095202446,105.9810871675847N,10.16072763808944E
2883,Châu Thành District-2401.jpeg,0.9353984892368316,106.40050488277608N,10.27048153840824E
2886,Vĩnh Long-1517.jpeg,0.9353803098201752,105.9185719530725N,10.257082205454365E
2888,Go Cong Town-723.jpeg,0.9353213235735892,106.67722248206778N,10.361702738146843E
2889,Bac Giang City-1920.jpeg,0.935317374765873,106.21118950702068N,21.280699744008253E
2894,Phu Ly City-4279.jpeg,0.9352738857269288,105.93295770094146N,20.594965880477854E
2895,Phu Ly City-3811.jpeg,0.9352599009871484,105.93871361898678N,20.577448812560007E
2897,Châu Thành District-774.jpeg,0.935250885784626,106.31696581017323N,10.257006870779517E
2898,Ninh Bình-1643.jpeg,0.9352490082383156,105.98307008908792N,20.256349609871805E
2900,Duy Tiên District-1709.jpeg,0.9352221935987473,105.93457584406481N,20.621393643799195E
2901,Tây Ninh City-467.jpeg,0.935214176774025,106.111383662524N,11.311093437844091E
2905,Hung Yen City-3055.jpeg,0.9351334422826768,106.06624372389724N,20.694723345834557E
2907,Long Hồ District-2589.jpeg,0.935125268995762,105.92494811115294N,10.176897239243907E
2909,Binh Minh Town-2591.jpeg,0.9350864663720132,105.87479503708379N,10.051763340932972E
2911,Bến Tre City-1687.jpeg,0.935051865875721,106.39129370776274N,10.238110139548848E
2912,Sa Đéc City-1236.jpeg,0.9350357800722122,105.7463409398341N,10.3057952060432E
2914,Binh Minh Town-3505.jpeg,0.9350095614790916,105.83237306726312N,10.076017742664664E
2916,Long Hồ District-851.jpeg,0.9349657222628592,105.94000980922003N,10.155337771037951E
2919,Vĩnh Long-157.jpeg,0.934912659227848,105.98293054621945N,10.230132870196922E
2921,Vĩnh Long-347.jpeg,0.9348538592457772,105.94869725199236N,10.23552273724841E
2927,Go Cong Town-645.jpeg,0.9347825571894646,106.64434213545564N,10.36035527138397E
2935,Tây Ninh City-452.jpeg,0.9344482943415642,106.09076737156332N,11.311093437844091E
2936,Hung Yen City-2162.jpeg,0.9344359934329988,106.05328304912801N,20.666426543813415E
2938,Vĩnh Long-1449.jpeg,0.9344152957201004,105.94321992491601N,10.255734738691492E
2939,Long Hồ District-1481.jpeg,0.9343691393733023,105.94137905449881N,10.163422571615186E
2945,Binh Minh Town-2308.jpeg,0.9340511187911034,105.86384743196876N,10.046373473881486E
2946,Châu Thành District-6569.jpeg,0.934011161327362,106.29916240125785N,10.297430873665688E
2947,Cai Lậy Town-5728.jpeg,0.933996632695198,106.1827143287015N,10.467961511263871E
2948,Go Cong Town-1130.jpeg,0.9339799657464029,106.65941229431952N,10.372482472249823E
2950,Cai Lậy Town-5273.jpeg,0.933945506811142,106.14298186019671N,10.459876710686634E
2951,Cai Lậy Town-3309.jpeg,0.9339250400662422,106.1881946691849N,10.423495108089071E
2953,Long Xuyen City-1356.jpeg,0.9338585138320924,105.45913505566305N,10.339449205477894E
2954,Long Hồ District-4573.jpeg,0.9338442012667656,105.99751811093057N,10.205194041264217E
2957,Hoa Lư District-1298.jpeg,0.933785691857338,105.93060039678204N,20.216856308997016E
2958,Cai Lậy Town-5549.jpeg,0.9337797313928604,106.1320211792299N,10.465266577738122E
2964,Go Cong Town-4181.jpeg,0.9336693808436394,106.64708216433996N,10.43985581039345E
2965,Long Hồ District-5855.jpeg,0.933654561638832,105.9181018847588N,10.232143376521655E
2966,Duy Tiên District-5388.jpeg,0.933636836707592,106.00368647456851N,20.675292314315648E
2971,Long Hồ District-6443.jpeg,0.93349701911211,105.99614886565175N,10.25100791120187E
2972,Long Hồ District-6268.jpeg,0.9334962889552116,105.92631735643175N,10.242923110624638E
2973,Mỹ Tho-3388.jpeg,0.9334738627076148,106.3108318276589N,10.389346474554337E
2976,Tây Ninh City-661.jpeg,0.9334164559841156,106.11963017890828N,11.316483304895591E
2977,Bac Giang City-2512.jpeg,0.9334123283624648,106.21552737887913N,21.291479478111572E
2982,Yên Mỹ District-1780.jpeg,0.9333203136920928,105.98012585645456N,20.884181809494965E
2983,Sa Đéc City-1936.jpeg,0.9332687929272652,105.74223203920499N,10.331397074537776E
2984,Sa Đéc City-1492.jpeg,0.933255948126316,105.72716607023159N,10.315227473383308E
2985,Hiệp Hòa District-5057.jpeg,0.9332518205046654,105.93554427226331N,21.328164013660434E
2986,Yên Mỹ District-1357.jpeg,0.9332394748926164,105.9729142495985N,20.877444475680402E
2987,Long Xuyen City-4196.jpeg,0.9331920295953752,105.41119037582685N,10.401432676570025E
2991,Tây Ninh City-92.jpeg,0.9331162124872208,106.12100459830566N,11.298966236978218E
2993,Trà Vinh City-984.jpeg,0.9330917820334436,106.35228639584123N,9.925709438884796E
2994,Mỹ Hào District-3287.jpeg,0.9330701529979706,106.05457981942202N,20.955445478579687E
2996,Sa Đéc City-374.jpeg,0.9329609274864196,105.75455874109232N,10.277498404022884E
2999,Phu Ly City-2171.jpeg,0.9329275414347648,105.8782764795113N,20.545109610250154E
3002,Mỹ Tho-3459.jpeg,0.9328861087560654,106.40808816082269N,10.389346474554337E
3004,Hiệp Hòa District-2494.jpeg,0.9328645691275596,105.9283114995971N,21.289087477535897E
3007,Thanh Liêm District-1605.jpeg,0.932803675532341,105.87436950997845N,20.42080107668601E
3008,Thanh Liêm District-7922.jpeg,0.932758554816246,105.97934766175511N,20.52455601743009E
3009,Châu Thành District-7836.jpeg,0.9327533766627312,106.39913538978261N,10.305515674242919E
3010,Hung Yen City-1362.jpeg,0.9327529668807985,106.09360514840996N,20.64082467531811E
3013,Vĩnh Long-980.jpeg,0.9327042549848557,105.9801918826813N,10.24764993811426E
3014,Vĩnh Long-675.jpeg,0.9326878264546394,105.98840787329577N,10.242260071062768E
3016,Thanh Liêm District-6753.jpeg,0.9326680451631546,105.96496709301853N,20.496259215408976E
3017,Long Hồ District-2184.jpeg,0.9326590076088904,105.98793339397882N,10.171507372192416E
3019,Go Cong Town-2921.jpeg,0.9326335936784744,106.61283180328563N,10.418296342187489E
3021,Tam Điệp-2040.jpeg,0.9326152577996254,105.87229503813344N,20.150687209263705E
3025,Thái Bình-469.jpeg,0.93252494931221,106.3234449454361N,20.42846810791374E
3028,Go Cong Town-3556.jpeg,0.9324975088238716,106.63201200547607N,10.429076076290466E
3029,Thanh Liêm District-5869.jpeg,0.9324638172984124,105.91894927306168N,20.482784547779872E
3030,Hiệp Hòa District-4864.jpeg,0.9324610978364944,105.93988393586307N,21.325469080134603E
3032,Mỹ Tho-3962.jpeg,0.932410217821598,106.40260893078528N,10.400126208657317E
3035,Binh Minh Town-147.jpeg,0.932311937212944,105.88026883964129N,9.995169736892365E
3036,Go Cong Town-3439.jpeg,0.93230252712965,106.69366265537386N,10.426381142764722E
3038,Thanh Liêm District-3773.jpeg,0.9322629496455191,105.90313064745148N,20.45314027899585E
3041,Phu Ly City-1860.jpeg,0.932204395532608,105.8926662746245N,20.539719743198518E
3043,Hiệp Hòa District-3203.jpeg,0.9321745187044144,105.91963217239763N,21.301214678402133E
3044,Cao Lanh City-3030.jpeg,0.9321603253483772,105.63312968269553N,10.462138340187787E
3047,Binh Minh Town-1840.jpeg,0.9320993945002556,105.86658433324753N,10.036941206541384E
3049,Vĩnh Long-1061.jpeg,0.9320648536086082,105.98293054621945N,10.24899740487713E
3050,Tây Ninh City-4839.jpeg,0.9320007637143136,106.0797720163843N,11.39463637714234E
3053,Mỹ Tho-1402.jpeg,0.9319646432995796,106.36562412803286N,10.354312338719653E
3054,Ninh Bình-1318.jpeg,0.9319363683462144,105.97158055286475N,20.248264809294348E
3058,Binh Minh Town-4325.jpeg,0.9319019094109536,105.85016292557502N,10.09892467763348E
3059,Tây Ninh City-1245.jpeg,0.931883916258812,106.14574414745852N,11.329957972524337E
3062,Hiệp Hòa District-7503.jpeg,0.9318526685237885,106.02378409879131N,21.360503215970393E
3063,Long Hồ District-4097.jpeg,0.9318107515573502,105.92494811115294N,10.197109240686984E
3066,Chau Doc City-1118.jpeg,0.9317788854241372,105.04391514047812N,10.65131860585456E
3069,Cai Lậy Town-5289.jpeg,0.931682713329792,106.16490322213039N,10.459876710686634E
3072,Tây Ninh City-3838.jpeg,0.9315591901540756,106.111383662524N,11.378466775987837E
3073,Vĩnh Long-1253.jpeg,0.9315258711576462,105.90624796715078N,10.253039805165749E
3074,Cai Lậy Town-3234.jpeg,0.9315187707543372,106.18408441382235N,10.422147641326202E
3075,Go Cong Town-1094.jpeg,0.9314989745616912,106.67859249650996N,10.371135005486948E
3077,Long Hồ District-5823.jpeg,0.9314561784267426,105.9810871675847N,10.230795909758786E
3078,Go Cong Town-2318.jpeg,0.9314545467495918,106.67722248206778N,10.403474207795886E
3079,Phu Ly City-1546.jpeg,0.931433342397213,105.93439668045279N,20.53432987614687E
3080,Long Xuyen City-2490.jpeg,0.9314306527376176,105.43310794375199N,10.365051073972468E
3081,Châu Thành District-5819.jpeg,0.9313827231526376,106.4032438687631N,10.292041006614197E
3086,Hiệp Hòa District-5166.jpeg,0.931296356022358,105.95000981759576N,21.329511480423346E
3087,Hoa Lư District-623.jpeg,0.93128851801157,105.9406540610381N,20.202034174605032E
3088,Long Hồ District-5397.jpeg,0.9312883019447328,105.95644075256588N,10.222711109181553E
3089,Mỹ Tho-2393.jpeg,0.931286133825779,106.3108318276589N,10.371829406636992E
3090,Tây Ninh City-6334.jpeg,0.9312461689114572,106.16773485781654N,11.422933179162715E
3094,Vĩnh Long-458.jpeg,0.9311196878552436,105.94732792022326N,10.238217670774157E
3095,Cai Lậy Town-5790.jpeg,0.9310894906520844,106.17038356261381N,10.46930897802674E
3096,Thanh Liêm District-5416.jpeg,0.9310586377978324,105.954900694903N,20.476047213965323E
3099,Long Hồ District-3702.jpeg,0.9310002848505974,105.96328697896001N,10.190371906872624E
3100,Hiệp Hòa District-7232.jpeg,0.930994376540184,106.02378409879131N,21.356460815681647E
3103,Vĩnh Long-304.jpeg,0.930956244468689,105.96649856499045N,10.23417527048554E
3104,Go Cong Town-100.jpeg,0.9309313893318176,106.66900239541475N,10.341490736703756E
3105,Cao Lanh City-4101.jpeg,0.9309165254235268,105.65505348857066N,10.485045275156622E
3106,Bến Tre City-2460.jpeg,0.9309083372354507,106.34063090429568N,10.251584807177563E
3107,Trà Vinh City-1276.jpeg,0.9308782145380974,106.33860589693562N,9.941879040039257E
3108,Long Hồ District-4047.jpeg,0.9308670461177826,105.95917924312353N,10.195761773924112E
3109,Phu Ly City-1966.jpeg,0.930861547589302,105.9214458648509N,20.541067209961426E
3111,Vĩnh Long-770.jpeg,0.9308057725429536,105.90761729891983N,10.244955004588519E
3112,Go Cong Town-650.jpeg,0.9308015704154968,106.65119220766648N,10.36035527138397E
3117,Tây Ninh City-910.jpeg,0.9307248592376708,106.08801853276857N,11.323220638709966E
3122,Go Cong Town-2835.jpeg,0.9306595772504808,106.67722248206778N,10.415601408661741E
3124,Tây Ninh City-6354.jpeg,0.9305666387081146,106.11413250131875N,11.42428064592559E
3127,Binh Minh Town-2208.jpeg,0.9305622652173042,105.82005701150875N,10.045026007118615E
3128,Duy Tiên District-2941.jpeg,0.9305511564016342,105.93889525847129N,20.638910711717042E
3129,Duy Tiên District-325.jpeg,0.9304995387792588,105.97920979293177N,20.57423230709733E
3131,Binh Minh Town-1441.jpeg,0.930485412478447,105.83784686982062N,10.028856405964154E
3132,Long Hồ District-5243.jpeg,0.9304766952991486,105.9235788658741N,10.220016175655811E
3135,Phu Ly City-3329.jpeg,0.9304360672831536,105.96029831165657N,20.565321611693822E
3136,Long Hồ District-962.jpeg,0.930417463183403,105.97150245063291N,10.156685237800826E
3137,Phu Ly City-1386.jpeg,0.9304094016551973,105.94734749605469N,20.531634942621054E
3144,Long Hồ District-4072.jpeg,0.9302939996123314,105.9934103750941N,10.195761773924112E
3146,Hiệp Hòa District-4559.jpeg,0.9302858710289,106.0266772078578N,21.32007921308295E
3147,Long Hồ District-1936.jpeg,0.9302675575017928,105.95644075256588N,10.168812438666674E
3150,Go Cong Town-4476.jpeg,0.9302507638931274,106.6457121498978N,10.447940610970683E
3151,Binh Minh Town-2903.jpeg,0.9302425161004066,105.828267715345N,10.059848141510198E
3152,Duy Tiên District-5825.jpeg,0.930238701403141,106.01664471778795N,20.688766981944756E
3153,Long Xuyen City-2540.jpeg,0.930227242410183,105.40982052783156N,10.36639854073534E
3154,Tam Điệp-4132.jpeg,0.930224359035492,105.83928052945947N,20.178984011284783E
3155,Cao Lanh City-5077.jpeg,0.9302219226956367,105.57009874080471N,10.506604743362585E
3156,Tam Điệp-2889.jpeg,0.9301920905709268,105.86081173076859N,20.162814410129887E
3157,Phu Ly City-1989.jpeg,0.9301782548427582,105.95454239361126N,20.541067209961426E
3158,Ninh Bình-476.jpeg,0.9301738440990448,105.96583578475317N,20.226705341087808E
3160,Go Cong Town-545.jpeg,0.9301488772034644,106.65119220766648N,10.357660337858226E
3161,Vĩnh Long-1381.jpeg,0.9301347956061364,105.96649856499045N,10.254387271928618E
3164,Thái Bình-645.jpeg,0.930098794400692,106.32775933155762N,20.432510508202476E
3165,Binh Minh Town-574.jpeg,0.930091105401516,105.84058377109939N,10.008644404521078E
3167,Duy Tiên District-1953.jpeg,0.9300676435232162,106.02096413219442N,20.624088577325022E
3169,Hiệp Hòa District-5214.jpeg,0.9299417585134506,106.01944443519157N,21.329511480423346E
3171,Ninh Bình-2217.jpeg,0.929891973733902,105.9586548246137N,20.27656161131543E
3172,Tam Điệp-1085.jpeg,0.9298896044492722,105.90100330654563N,20.133170141345904E
3176,Châu Thành District-956.jpeg,0.9298007264733316,106.19781991973959N,10.259701804305262E
3177,Ninh Bình-1175.jpeg,0.9297930225729942,106.02041108181324N,20.244222409005623E
3179,Bến Tre City-3345.jpeg,0.9297884404659272,106.32419972479286N,10.27314427538352E
3181,Hung Yen City-1445.jpeg,0.9297758042812349,106.06624372389724N,20.643519608843928E
3182,Sa Đéc City-2799.jpeg,0.929714433848858,105.70936083417213N,10.3691261438982E
3183,Duy Tiên District-4608.jpeg,0.92970409989357,105.99648745055771N,20.661817646686533E
3187,Go Cong Town-1022.jpeg,0.9296825602650642,106.64982219322431N,10.369787538724077E
3188,Go Cong Town-3500.jpeg,0.9296804741024972,106.66215232320387N,10.427728609527595E
3189,Cao Lanh City-4355.jpeg,0.9296776503324508,105.63312968269553N,10.490435142208117E
3190,Long Xuyen City-3494.jpeg,0.9296261370182036,105.42625870377537N,10.385263075415558E
3195,Long Hồ District-3048.jpeg,0.929570734500885,105.94274829977763N,10.182287106295396E
3198,Long Hồ District-4337.jpeg,0.9294810444116592,105.95917924312353N,10.201151640975601E
3199,Tây Ninh City-5908.jpeg,0.9294748231768608,106.16086276082966N,11.41350091182259E
3204,Cao Lanh City-1271.jpeg,0.9294070601463318,105.67286658084413N,10.429799137878842E
3205,Go Cong Town-257.jpeg,0.9294054582715034,106.65941229431952N,10.348228070518116E
3206,Yên Mỹ District-514.jpeg,0.9294037744402884,106.01185692662128N,20.859927407762545E
3207,Duy Tiên District-5243.jpeg,0.9293317571282388,105.98640881694259N,20.672597380789824E
3208,Cao Lanh City-3975.jpeg,0.929327979683876,105.5755796922735N,10.48369780839375E
3211,Yên Mỹ District-2577.jpeg,0.929230809211731,106.04214567541679N,20.89630901036118E
3212,Binh Minh Town-2532.jpeg,0.9292206689715384,105.88847954347752N,10.050415874170099E
3215,Long Hồ District-3375.jpeg,0.9291699826717376,105.94000980922003N,10.18632950658401E
3216,Mỹ Tho-3219.jpeg,0.9291662648320198,106.40260893078528N,10.385304074265717E
3221,Ninh Bình-1688.jpeg,0.9291229397058488,105.98019770503211N,20.257697076634713E
3222,Cai Lậy Town-5926.jpeg,0.9291201829910278,106.16901347749294N,10.472003911552486E
3225,Mỹ Tho-3239.jpeg,0.9290581494569778,106.32316009524305N,10.386651541028591E
3227,Trà Vinh City-1417.jpeg,0.9290210083127022,106.34544614638844N,9.948616373853612E
3229,Thái Bình-712.jpeg,0.9289795830845832,106.33782623250777N,20.433857974965385E
3230,Binh Minh Town-2123.jpeg,0.9289506375789642,105.88984799411695N,10.04233107359287E
3233,Tây Ninh City-2576.jpeg,0.9288867190480232,106.16223718022705N,11.356907307781837E
3236,Cai Lậy Town-3008.jpeg,0.928839571774006,106.14709211555929N,10.418105241037583E
3237,Duy Tiên District-3471.jpeg,0.9288383945822716,105.99216803615124N,20.645648045531594E
3242,Mỹ Hào District-1578.jpeg,0.9287234544754028,106.1382514148269N,20.92580120979561E
3243,Cai Lậy Town-2699.jpeg,0.9287034422159196,106.15942288164696N,10.41136790722322E
3245,Trà Vinh City-822.jpeg,0.9286941736936568,106.3331336973734N,9.920319571833314E
3246,Go Cong Town-1006.jpeg,0.9286744594573976,106.69777269870038N,10.368440071961205E
3247,Cai Lậy Town-3209.jpeg,0.9286493584513664,106.14983228580098N,10.422147641326202E
3248,Mỹ Tho-3804.jpeg,0.9286127090454102,106.38754104818243N,10.396083808368703E
3250,Cai Lậy Town-3543.jpeg,0.9285932406783104,106.12517075362561N,10.428884975140564E
3251,Trà Vinh City-2676.jpeg,0.9285253807902336,106.346814196279N,9.983650509688271E
3252,Go Cong Town-2590.jpeg,0.9284793213009834,106.67311243874127N,10.410211541610249E
3253,Yên Mỹ District-316.jpeg,0.928472213447094,106.04647263953045N,20.853190073947978E
3254,Binh Minh Town-4455.jpeg,0.928439386188984,105.84879447493567N,10.10566201144784E
3256,Binh Minh Town-3329.jpeg,0.9284131154417992,105.85974208005064N,10.070627875613173E
3258,Vĩnh Long-1999.jpeg,0.9283506646752356,105.90761729891983N,10.265167006031596E
3260,Trà Vinh City-1016.jpeg,0.928330659866333,106.32218929824893N,9.92840437241054E
3265,Go Cong Town-379.jpeg,0.9282317534089088,106.66763238097258N,10.352270470806737E
3266,Tây Ninh City-3772.jpeg,0.9282093346118928,106.13474879227947N,11.377119309224963E
3267,Hiệp Hòa District-7585.jpeg,0.9282073825597764,106.01510477159182N,21.361850682733312E
3268,Vĩnh Long-775.jpeg,0.9281526282429696,105.91446395776526N,10.244955004588519E
3270,Long Xuyen City-2046.jpeg,0.9280569404363632,105.42488885578004N,10.35561880663236E
3271,Long Hồ District-4691.jpeg,0.9280032441020012,105.97424094119057N,10.207888974789961E
3277,Sa Đéc City-1511.jpeg,0.9279085844755172,105.75318910754926N,10.315227473383308E
3279,Sa Đéc City-415.jpeg,0.9278838112950324,105.74497130629103N,10.278845870785757E
3281,Cai Lậy Town-3057.jpeg,0.9278205558657646,106.1320211792299N,10.419452707800456E
3282,Long Hồ District-2098.jpeg,0.927806816995144,106.02490301650705N,10.170159905429546E
3283,Go Cong Town-1406.jpeg,0.9278030842542648,106.68955261204736N,10.379219806064183E
3285,Thanh Liêm District-6359.jpeg,0.9276889786124228,105.98222377550239N,20.48952188159442E
3286,Go Cong Town-3956.jpeg,0.9276667386293412,106.64023209212911N,10.435813410104826E
3288,Cai Lậy Town-3932.jpeg,0.9275788590312004,106.17449381797637N,10.435622308954924E
3289,Binh Minh Town-2035.jpeg,0.9275507852435112,105.86111053069003N,10.040983606829998E
3290,Long Hồ District-858.jpeg,0.9275465980172156,105.94959452617174N,10.155337771037951E
3292,Thanh Liêm District-5223.jpeg,0.927524983882904,105.95633875177664N,20.473352280439503E
3293,Trà Vinh City-1375.jpeg,0.9275159314274788,106.33176564748287N,9.94726890709074E
3296,Châu Thành District-6448.jpeg,0.9274694174528122,106.41283031971751N,10.296083406902813E
3297,Chau Doc City-2664.jpeg,0.9274651929736136,105.1330467825499N,10.676920474349151E
3298,Cai Lậy Town-4893.jpeg,0.9274626448750496,106.11558015777963N,10.45313937687227E
3299,Ninh Bình-855.jpeg,0.9274545758962632,105.97876151300423N,20.23748507519107E
3301,Duy Tiên District-4468.jpeg,0.9273955300450324,105.91009916242808N,20.66047017992362E
3303,Go Cong Town-2003.jpeg,0.9273796826601028,106.68818259760518N,10.395389407218653E
3304,Tây Ninh City-303.jpeg,0.9273681789636612,106.082520855179N,11.307051037555466E
3306,Tây Ninh City-1595.jpeg,0.9273237362504004,106.1251278564978N,11.338042773101586E
3309,Ninh Bình-644.jpeg,0.9273151010274888,105.9600910166416N,20.232095208139437E
3310,Long Hồ District-4670.jpeg,0.9272973239421844,105.94548679033528N,10.207888974789961E
3312,Hiệp Hòa District-6296.jpeg,0.92729052901268,105.91529250879789N,21.344333614815408E
3315,Long Hồ District-1615.jpeg,0.9271904155611992,105.97424094119057N,10.16477003837806E
3317,Long Hồ District-5691.jpeg,0.9271447584033012,106.00025660148823N,10.22810097623304E
3318,Trà Vinh City-2184.jpeg,0.9270993024110794,106.35502249562234N,9.971523308822425E
3321,Cai Lậy Town-5347.jpeg,0.9270400926470757,106.14709211555929N,10.461224177449507E
3322,Long Hồ District-3078.jpeg,0.9269856587052344,105.98382565814235N,10.182287106295396E
3323,Long Hồ District-4567.jpeg,0.9269365146756172,105.98930263925763N,10.205194041264217E
3324,Vĩnh Long-283.jpeg,0.9269089177250862,105.91994128484161N,10.23417527048554E
3326,Go Cong Town-747.jpeg,0.9268868416547776,106.71010282867995N,10.361702738146843E
3327,Long Xuyen City-114.jpeg,0.9268852770328522,105.43584763974262N,10.3098049366947E
3328,Thái Bình-1757.jpeg,0.9268596544861794,106.31193991577881N,20.455417443171942E
3330,Sa Đéc City-1384.jpeg,0.926835410296917,105.73812313857589N,10.311185073094691E
3339,Cai Lậy Town-2681.jpeg,0.9266815334558488,106.1347613494716N,10.41136790722322E
3340,Long Hồ District-4770.jpeg,0.9266766980290412,105.99204112981529N,10.209236441552832E
3341,Yên Mỹ District-3288.jpeg,0.9266237020492554,106.05656888912895N,20.90843621122739E
3343,Long Xuyen City-249.jpeg,0.9265971630811692,105.43995718372858N,10.31384733698332E
3344,Tam Điệp-2586.jpeg,0.9265581145882608,105.86511797103043N,20.158772009841154E
3346,Go Cong Town-4245.jpeg,0.9265545159578324,106.64434213545564N,10.441203277156319E
3347,Hoa Lư District-1016.jpeg,0.9265499860048294,105.95070772529417N,20.210118975182482E
3348,Cai Lậy Town-3978.jpeg,0.926540955901146,106.13613143459246N,10.436969775717799E
3349,Bến Tre City-2301.jpeg,0.9265307560563087,106.33789237437855N,10.24888987365182E
3351,Tây Ninh City-494.jpeg,0.9265036433935164,106.082520855179N,11.312440904606968E
3352,Cai Lậy Town-3574.jpeg,0.9264976307749748,106.16764339237213N,10.428884975140564E
3353,Tây Ninh City-576.jpeg,0.926488608121872,106.13199995348471N,11.313788371369842E
3354,Hiệp Hòa District-9484.jpeg,0.9264524057507516,105.98038746279394N,21.404969619146602E
3355,Tây Ninh City-1618.jpeg,0.9264256879687308,106.15673950263752N,11.338042773101586E
3356,Tây Ninh City-2295.jpeg,0.9264145642518996,106.09763946855021N,11.352864907493213E
3359,Phu Ly City-122.jpeg,0.9263906106352806,105.91568994680563N,20.499295740311204E
3360,Go Cong Town-2437.jpeg,0.9263559654355048,106.61694184661216N,10.407516608084503E
3361,Tây Ninh City-5250.jpeg,0.926348239183426,106.10863482372925N,11.401373710956712E
3363,Cao Lanh City-3892.jpeg,0.926334112882614,105.6482022992347N,10.481002874868004E
3365,Trà Vinh City-186.jpeg,0.9263179078698158,106.35091834595066N,9.8974126368645E
3368,Bến Tre City-1443.jpeg,0.9261907637119292,106.35980061371565N,10.234067739260228E
3369,Hiệp Hòa District-6935.jpeg,0.9261885732412338,106.00931855345885N,21.3524184153929E
3370,Go Cong Town-120.jpeg,0.9261807203292848,106.65530225099302N,10.342838203466629E
3373,Phu Ly City-4076.jpeg,0.926111988723278,105.96029831165657N,20.58418614637456E
3375,Bac Giang City-1748.jpeg,0.9260633438825608,106.1923920623009N,21.278004810482425E
3376,Bac Giang City-2330.jpeg,0.926006093621254,106.25167631103253N,21.287437077822833E
3377,Bến Tre City-797.jpeg,0.9259500056505204,106.38855517784562N,10.219245604868638E
3378,Mỹ Hào District-349.jpeg,0.9259242787957191,106.09064516226894N,20.896156941011533E
3379,Mỹ Tho-1414.jpeg,0.9259175136685373,106.38206181814505N,10.354312338719653E
3382,Hiệp Hòa District-6952.jpeg,0.9258360415697098,106.03390998052403N,21.3524184153929E
3385,Yên Mỹ District-3379.jpeg,0.9257911890745164,105.97579889234092N,20.911131144753217E
3388,Bac Giang City-1879.jpeg,0.9257547184824944,106.15190525828908N,21.280699744008253E
3390,Sa Đéc City-1145.jpeg,0.9257172867655754,105.72853570377463N,10.303100272517458E
3391,Tây Ninh City-1761.jpeg,0.925697721540928,106.10176272674236N,11.342085173390213E
3392,Thái Bình-701.jpeg,0.9256855770945548,106.32200681672894N,20.433857974965385E
3394,Phu Ly City-3299.jpeg,0.925650715827942,105.91712892631695N,20.565321611693822E
3397,Châu Thành District-3772.jpeg,0.9255726709961892,106.28546747132293N,10.279913805748345E
3399,Binh Minh Town-2739.jpeg,0.925518125295639,105.81868856086938N,10.055805741221587E
3400,Go Cong Town-480.jpeg,0.9255102127790452,106.69092262648952N,10.354965404332479E
3403,Trà Vinh City-1110.jpeg,0.9254572540521622,106.34818224616954N,9.932446772699157E
3407,Tây Ninh City-1124.jpeg,0.9253862276673316,106.14711856685587N,11.327263038998591E
3408,Phu Ly City-1039.jpeg,0.925337091088295,105.93151872143017N,20.526245075569413E
3409,Cai Lậy Town-6585.jpeg,0.925325058400631,106.09365879584597N,10.490868446232705E
3410,Cao Lanh City-1760.jpeg,0.9253221303224564,105.6482022992347N,10.437883938456077E
3411,Châu Thành District-4275.jpeg,0.9253199473023416,106.36900654392583N,10.28260873927409E
3412,Mỹ Hào District-256.jpeg,0.9252710863947868,106.07766163884405N,20.89346200748571E
3414,Châu Thành District-1837.jpeg,0.925238072872162,106.37448451589981N,10.266439138119624E
3416,Tam Điệp-1561.jpeg,0.9252216517925262,105.85650549050675N,20.142602408686262E
3420,Tây Ninh City-6029.jpeg,0.9251649156212808,106.16223718022705N,11.416195845348339E
3421,Trà Vinh City-1688.jpeg,0.925153747200966,106.34407809649787N,9.958048641193713E
3423,Bac Giang City-1965.jpeg,0.9251182451844217,106.16202695929204N,21.28204721077117E
3426,Long Xuyen City-1762.jpeg,0.925079695880413,105.44269687971922N,10.348881472817999E
3438,Long Xuyen City-2113.jpeg,0.9248456805944444,105.43721748773795N,10.356966273395233E
3446,Long Hồ District-4509.jpeg,0.9247217401862144,106.00299509204586N,10.203846574501345E
3447,Binh Minh Town-570.jpeg,0.9247194528579712,105.83510996854186N,10.008644404521078E
3450,Sa Đéc City-474.jpeg,0.924675203859806,105.76277654235054N,10.280193337548628E
3454,Cai Lậy Town-5572.jpeg,0.9245410561561584,106.16353313700955N,10.465266577738122E
3455,Long Xuyen City-3161.jpeg,0.924520842730999,105.43995718372858N,10.378525741601193E
3458,Bến Tre City-1777.jpeg,0.9244535267353058,106.40909415222414N,10.239457606311715E
3459,Vĩnh Long-321.jpeg,0.9244426861405372,105.98977720506487N,10.23417527048554E
3461,Long Hồ District-45.jpeg,0.9244263395667076,106.02216452594939N,10.137820703120617E
3462,Go Cong Town-690.jpeg,0.9244014024734496,106.70599278535342N,10.36035527138397E
3463,Go Cong Town-291.jpeg,0.9243854507803916,106.65530225099302N,10.34957553728099E
3464,Vĩnh Long-705.jpeg,0.9243807271122932,105.92541861191793N,10.243607537825643E
3465,Tây Ninh City-1410.jpeg,0.9243745356798172,106.1182557595109N,11.334000372812964E
3469,Go Cong Town-1218.jpeg,0.92434810847044,106.64160210657127N,10.375177405775567E
3470,Duy Tiên District-397.jpeg,0.9243262484669684,105.96481174491018N,20.578274707386054E
3473,Binh Minh Town-3520.jpeg,0.9242999330163002,105.8528998268538N,10.076017742664664E
3474,Tây Ninh City-730.jpeg,0.924272671341896,106.14299530866373N,11.317830771658468E
3476,Mỹ Tho-3232.jpeg,0.9242091998457908,106.31357144267761N,10.386651541028591E
3477,Hiệp Hòa District-6816.jpeg,0.9241488799452782,105.97749435372745N,21.351070948629985E
3480,Binh Minh Town-2825.jpeg,0.9241317361593246,105.86384743196876N,10.057153207984456E
3481,Phu Ly City-4364.jpeg,0.9241191819310188,105.93439668045279N,20.601703214292407E
3482,Thanh Liêm District-6805.jpeg,0.9240193367004396,105.92182538680898N,20.49760668217188E
3483,Vĩnh Long-1402.jpeg,0.9239835292100906,105.9952545321412N,10.254387271928618E
3485,Tây Ninh City-4525.jpeg,0.9239162504673004,106.1127580819214N,11.38924651009084E
3487,Cai Lậy Town-4464.jpeg,0.923843078315258,106.14846220068013N,10.445054576295032E
3488,Bến Tre City-2403.jpeg,0.9238401874899864,106.36664693850851N,10.25023734041469E
3495,Tây Ninh City-3117.jpeg,0.9234872981905936,106.14436972806111N,11.366339575121964E
3497,Go Cong Town-132.jpeg,0.9234586209058762,106.67174242429908N,10.342838203466629E
3498,Duy Tiên District-5065.jpeg,0.9234455153346062,105.89570111440646N,20.669902447263993E
3499,Long Hồ District-5865.jpeg,0.9234090596437454,105.93179433754707N,10.232143376521655E
3501,Mỹ Tho-1575.jpeg,0.9233942031860352,106.3834316256544N,10.3570072722454E
3505,Long Hồ District-4707.jpeg,0.9232895001769066,105.99614886565175N,10.207888974789961E
3508,Cai Lậy Town-2689.jpeg,0.923237182199955,106.14572203043844N,10.41136790722322E
3510,Ninh Bình-1193.jpeg,0.9231463074684144,105.96152720866948N,20.24556987576853E
3511,Binh Minh Town-1507.jpeg,0.9231337010860444,105.84468912301752N,10.030203872727025E
3512,Duy Tiên District-1093.jpeg,0.923124559223652,105.9748903785253N,20.60791897617009E
3513,Long Hồ District-420.jpeg,0.9231165945529938,106.01257980899764N,10.148600437223596E
3515,Trà Vinh City-1773.jpeg,0.9230927973985672,106.33860589693562N,9.960743574719457E
3517,Long Xuyen City-1364.jpeg,0.923075631260872,105.47009383962565N,10.339449205477894E
3528,Vĩnh Long-944.jpeg,0.9228149205446244,105.93089593899424N,10.24764993811426E
3531,Binh Minh Town-2054.jpeg,0.922761932015419,105.88711109283818N,10.040983606829998E
3533,Cai Lậy Town-4696.jpeg,0.9226883351802826,106.14983228580098N,10.449096976583652E
3535,Binh Minh Town-3073.jpeg,0.922671653330326,105.85016292557502N,10.063890541798811E
3536,Go Cong Town-3822.jpeg,0.922652304172516,106.67311243874127N,10.43311847657908E
3537,Yên Mỹ District-2886.jpeg,0.9226317554712296,106.02628014033344N,20.901698877412823E
3538,Mỹ Hào District-2446.jpeg,0.922591432929039,106.09064516226894N,20.94197081095056E
3540,Long Hồ District-2554.jpeg,0.9224511459469796,105.87702452639412N,10.176897239243907E
3541,Go Cong Town-2201.jpeg,0.9224490001797676,106.66900239541475N,10.40077927427014E
3544,Hoa Lư District-614.jpeg,0.9224390834569932,105.92772792128032N,20.202034174605032E
3546,Long Hồ District-4914.jpeg,0.9224119186401368,105.92494811115294N,10.21327884184145E
3547,Hiệp Hòa District-4341.jpeg,0.9224091917276382,105.97315469012771N,21.31738427955711E
3548,Tam Điệp-2251.jpeg,0.9224038049578668,105.9239699212754N,20.15338214278953E
3549,Cao Lanh City-4826.jpeg,0.922391414642334,105.62216777975802N,10.499867409548223E
3552,Yên Mỹ District-4519.jpeg,0.9223280549049376,106.03060710444711N,20.955597547929333E
3554,Long Hồ District-4189.jpeg,0.922259621322155,105.95096377145056N,10.198456707449855E
3555,Trà Vinh City-854.jpeg,0.9222456961870192,106.32355734813949N,9.921667038596183E
3557,Binh Minh Town-1165.jpeg,0.9221764504909516,105.86521588260818N,10.022119072149795E
3562,Duy Tiên District-896.jpeg,0.9220471531152724,105.95761272089936N,20.602529109118446E
3566,Cao Lanh City-4131.jpeg,0.9219323694705964,105.60435468748452N,10.486392741919497E
3567,Châu Thành District-9682.jpeg,0.9219201728701591,106.31422682418624N,10.320337808634513E
3568,Trà Vinh City-583.jpeg,0.921916700899601,106.32766149781118N,9.912234771256085E
3569,Trà Vinh City-950.jpeg,0.921871192753315,106.34818224616954N,9.924361972121927E
3577,Cai Lậy Town-4712.jpeg,0.9216552823781968,106.17175364773465N,10.449096976583652E
3578,Tây Ninh City-6019.jpeg,0.9215672835707664,106.14849298625326N,11.416195845348339E
3581,Hoa Lư District-4145.jpeg,0.9215196073055268,105.92772792128032N,20.295009381245738E
3582,Long Hồ District-8366.jpeg,0.9214712604880332,105.95096377145056N,10.294126847613777E
3583,Cai Lậy Town-3033.jpeg,0.921469248831272,106.18134424358063N,10.418105241037583E
3584,Thanh Liêm District-1017.jpeg,0.9214628711342812,105.94627235366109N,20.407326409056914E
3585,Cai Lậy Town-2452.jpeg,0.9214409068226814,106.11009981729622N,10.407325506934605E
3588,Go Cong Town-1477.jpeg,0.921388640999794,106.64845217878214N,10.381914739589927E
3589,Duy Tiên District-2184.jpeg,0.9213848114013672,105.94033506327347N,20.62813097761375E
3593,Bac Giang City-1437.jpeg,0.9213257804512978,106.14322951457228N,21.272614943430767E
3594,Mỹ Tho-2364.jpeg,0.92132356017828,106.37658258810765N,10.37048193987412E
3595,Tam Điệp-960.jpeg,0.9212897047400476,105.92971157495782N,20.130475207820087E
3596,Trà Vinh City-1247.jpeg,0.9212172329425812,106.3331336973734N,9.940531573276383E
3598,Cai Lậy Town-2697.jpeg,0.9211935847997664,106.15668271140524N,10.41136790722322E
3599,Tây Ninh City-2142.jpeg,0.9211866557598114,106.08664411337115N,11.350169973967462E
3600,Yên Mỹ District-2903.jpeg,0.9211455956101418,106.05079960364408N,20.901698877412823E
3601,Hiệp Hòa District-6944.jpeg,0.9211428090929984,106.02233754425805N,21.3524184153929E
3605,Cai Lậy Town-5001.jpeg,0.9210033863782884,106.16353313700955N,10.454486843635143E
3608,Hiệp Hòa District-4990.jpeg,0.9209572598338128,105.98038746279394N,21.32681654689752E
3609,Tam Điệp-515.jpeg,0.920947939157486,105.91392202733114N,20.122390407242634E
3612,Long Hồ District-6462.jpeg,0.9209192395210266,105.99204112981529N,10.25235537796474E
3614,Binh Minh Town-2157.jpeg,0.9209019169211388,105.84332067237811N,10.043678540355744E
3617,Go Cong Town-2722.jpeg,0.9208479821681976,106.69366265537386N,10.412906475136E
3620,Duy Tiên District-3258.jpeg,0.9207891449332236,105.96913115931666N,20.642953112005777E
3622,Cai Lậy Town-5369.jpeg,0.9207620024681092,106.17723398821808N,10.461224177449507E
3624,Trà Vinh City-272.jpeg,0.9206716418266296,106.3331336973734N,9.901455037153116E
3627,Go Cong Town-1793.jpeg,0.9206546097993852,106.67722248206778N,10.389999540167166E
3630,Long Xuyen City-3639.jpeg,0.9206259548664092,105.44817627170053N,10.387958008941302E
3633,Bến Tre City-2605.jpeg,0.9205136895179749,106.34200016925425N,10.254279740703309E
3639,Ninh Bình-1545.jpeg,0.9203048422932624,105.98307008908792N,20.253654676345977E
3640,Cai Lậy Town-2472.jpeg,0.9202935621142389,106.1375015197133N,10.407325506934605E
3643,Cao Lanh City-498.jpeg,0.9202223122119904,105.65368325070345N,10.417671937012992E
3644,Tây Ninh City-1180.jpeg,0.920218251645565,106.14024646986898N,11.328610505761462E
3652,Long Hồ District-6527.jpeg,0.9199993833899498,106.0043643373247N,10.256397778253358E
3657,Cai Lậy Town-1774.jpeg,0.919914908707142,106.10461947681281N,10.39519830606875E
3661,Mỹ Tho-2755.jpeg,0.9198593199253082,106.39028066320114N,10.377219273688485E
3662,Tây Ninh City-1837.jpeg,0.9198592230677604,106.11963017890828N,11.343432640153088E
3664,Thái Bình-2361.jpeg,0.9198307618498802,106.35796003440808N,20.468892110801047E
3665,Long Xuyen City-2345.jpeg,0.9198142141103745,105.42077931179409N,10.362356140446725E
3666,Ninh Bình-2303.jpeg,0.9197791442275048,105.95291005650212N,20.28060401160416E
3667,Hiệp Hòa District-4317.jpeg,0.9197433292865752,105.93843738132982N,21.31738427955711E
3674,Long Hồ District-4647.jpeg,0.9195926040410995,106.00573358260351N,10.206541508027088E
3675,Sa Đéc City-2299.jpeg,0.9195804372429848,105.73401423794677N,10.347566675692246E
3676,Long Hồ District-2641.jpeg,0.919511079788208,105.99614886565175N,10.176897239243907E
3677,Duy Tiên District-4301.jpeg,0.9195091649889946,105.93457584406481N,20.657775246397794E
3679,Vĩnh Long-136.jpeg,0.9194795042276382,105.9445892566851N,10.230132870196922E
3680,Bến Tre City-3171.jpeg,0.9194620475172997,106.36116987867425N,10.266406941569157E
3682,Cai Lậy Town-5701.jpeg,0.9194115549325944,106.14572203043844N,10.467961511263871E
3683,Hiệp Hòa District-4911.jpeg,0.919410653412342,106.0078719989256N,21.325469080134603E
3684,Trà Vinh City-1562.jpeg,0.9194033816456796,106.34271004660732N,9.954006240905096E
3688,Phu Ly City-484.jpeg,0.919323742389679,105.90417811071508N,20.51681280822904E
3689,Mỹ Tho-746.jpeg,0.9192953184247016,106.32316009524305N,10.343532604616676E
3691,Long Hồ District-3372.jpeg,0.9192355573177338,105.93590207338352N,10.18632950658401E
3692,Go Cong Town-911.jpeg,0.9192241057753564,106.64023209212911N,10.367092605198332E
3693,Binh Minh Town-2929.jpeg,0.9192102402448654,105.86384743196876N,10.059848141510198E
3696,Long Hồ District-5833.jpeg,0.9191813319921494,105.99888735620941N,10.230795909758786E
3697,Cai Lậy Town-3732.jpeg,0.9191648364067078,106.19915535015174N,10.43157990866631E
3698,Go Cong Town-4468.jpeg,0.9190990552306176,106.6347520343604N,10.447940610970683E
3699,Duy Tiên District-4936.jpeg,0.9190976023674012,105.93889525847129N,20.66720751373818E
3700,Go Cong Town-1504.jpeg,0.9190113246440887,106.68544256872082N,10.381914739589927E
3701,Mỹ Tho-3930.jpeg,0.9189875274896622,106.31905067271501N,10.400126208657317E
3703,Go Cong Town-1515.jpeg,0.9189379587769508,106.63338201991824N,10.383262206352802E
3708,Yên Mỹ District-1799.jpeg,0.9188281819224358,106.0075299625076N,20.884181809494965E
3709,Mỹ Hào District-180.jpeg,0.9187940135598184,106.10074345826607N,20.889419607196963E
3712,Go Cong Town-2184.jpeg,0.9186932668089868,106.6457121498978N,10.40077927427014E
3713,Cao Lanh City-4711.jpeg,0.918658971786499,105.65094277496904N,10.497172476022477E
3714,Tây Ninh City-387.jpeg,0.9186536893248558,106.13337437288207N,11.308398504318339E
3719,Go Cong Town-738.jpeg,0.9185744673013688,106.69777269870038N,10.361702738146843E
3720,Châu Thành District-6418.jpeg,0.9185589849948884,106.37174552991279N,10.296083406902813E
3721,Go Cong Town-1363.jpeg,0.9185458794236184,106.70188274202691N,10.37787233930131E
3723,Long Hồ District-5360.jpeg,0.9184264838695526,105.99477962037295N,10.22136364241868E
3724,Thái Bình-1940.jpeg,0.918415665626526,106.31625430190032N,20.45945984346067E
3726,Cai Lậy Town-5617.jpeg,0.9183230176568032,106.12791092386735N,10.466614044500997E
3727,Cai Lậy Town-6214.jpeg,0.918305106461048,106.12791092386735N,10.478741245366848E
3730,Bến Tre City-2600.jpeg,0.9181265011429788,106.33515384446142N,10.254279740703309E
3731,Cai Lậy Town-3928.jpeg,0.9180865958333017,106.16901347749294N,10.435622308954924E
3732,Cai Lậy Town-3084.jpeg,0.9180847704410552,106.16901347749294N,10.419452707800456E
3735,Binh Minh Town-359.jpeg,0.9180208519101144,105.88026883964129N,10.001907070706721E
3738,Cai Lậy Town-5232.jpeg,0.9179981127381324,106.18408441382235N,10.458529243923762E
3743,Binh Minh Town-2271.jpeg,0.9179473146796228,105.81321475831187N,10.046373473881486E
3744,Bến Tre City-3157.jpeg,0.9179195314645768,106.34200016925425N,10.266406941569157E
3747,Go Cong Town-1372.jpeg,0.9178609475493432,106.64297212101346N,10.379219806064183E
3752,Trà Vinh City-3326.jpeg,0.9177384600043296,106.31261294901503N,10.006557444657087E
3757,Long Hồ District-4396.jpeg,0.9176849946379662,105.94411754505647N,10.202499107738472E
3758,Long Hồ District-2016.jpeg,0.9176758676767348,105.91262490364353N,10.170159905429546E
3759,Long Hồ District-5949.jpeg,0.9175675809383392,105.99477962037295N,10.233490843284528E
3760,Tam Điệp-1113.jpeg,0.9175439774990082,105.94119488232266N,20.133170141345904E
3762,Sa Đéc City-1269.jpeg,0.9175260215997696,105.7394927721189N,10.307142672806073E
3764,Cai Lậy Town-4568.jpeg,0.9175099059939384,106.18408441382235N,10.446402043057908E
3766,Châu Thành District-2324.jpeg,0.9174080938100816,106.25807761145315N,10.27048153840824E
3767,Trà Vinh City-1484.jpeg,0.9174064621329308,106.34134199671676N,9.951311307379353E
3770,Cai Lậy Town-2915.jpeg,0.917369470000267,106.1827143287015N,10.415410307511838E
3772,Tây Ninh City-513.jpeg,0.917335070669651,106.10863482372925N,11.312440904606968E
3776,Trà Vinh City-416.jpeg,0.9172867015004158,106.32355734813949N,9.906844904204599E
3777,Go Cong Town-601.jpeg,0.9172764793038368,106.65667226543519N,10.359007804621099E
3778,Yên Mỹ District-919.jpeg,0.9172707498073578,105.98877978468185N,20.869359675102928E
3783,Trà Vinh City-1453.jpeg,0.917233109474182,106.3495502960601N,9.94996384061648E
3785,Châu Thành District-10336.jpeg,0.9172014743089676,106.36489806494536N,10.328422609211742E
3787,Tây Ninh City-3576.jpeg,0.917181558907032,106.09351621035809N,11.374424375699213E
3790,Long Xuyen City-4999.jpeg,0.9171284958720208,105.43584763974262N,10.421644678013113E
3791,Trà Vinh City-869.jpeg,0.9171198606491088,106.34407809649787N,9.921667038596183E
3793,Tây Ninh City-3769.jpeg,0.917052447795868,106.13062553408732N,11.377119309224963E
3794,Trà Vinh City-914.jpeg,0.9170521199703217,106.35228639584123N,9.923014505359054E
3799,Mỹ Hào District-2972.jpeg,0.9169134721159936,106.10362868569383N,20.950055611528036E
3809,Go Cong Town-3431.jpeg,0.9167220517992972,106.68270253983648N,10.426381142764722E
3811,Sa Đéc City-1715.jpeg,0.9166809991002084,105.72442680314552N,10.323312273960541E
3814,Thanh Liêm District-1406.jpeg,0.916671060025692,105.88875007871496N,20.416758676397286E
3816,Bến Tre City-1657.jpeg,0.9166105538606644,106.35021575900566N,10.238110139548848E
3820,Go Cong Town-5.jpeg,0.9165533185005188,106.65667226543519N,10.336100869652268E
3821,Hiệp Hòa District-5045.jpeg,0.9165510982275008,105.91818561786438N,21.328164013660434E
3822,Duy Tiên District-4466.jpeg,0.9165343642234802,105.90721955282376N,20.66047017992362E
3824,Thanh Liêm District-6038.jpeg,0.9164887741208076,105.8973784199569N,20.48547948130569E
3828,Cai Lậy Town-983.jpeg,0.9164317175745964,106.1224305833839N,10.381723638440027E
3829,Cai Lậy Town-5913.jpeg,0.9164270088076591,106.15120237092184N,10.472003911552486E
3834,Long Hồ District-5391.jpeg,0.9163838028907776,105.94822528089293N,10.222711109181553E
3836,Sa Đéc City-787.jpeg,0.9163660407066344,105.74771057337713N,10.290973071651605E
3837,Trà Vinh City-2186.jpeg,0.916349247097969,106.35775859540348N,9.971523308822425E
3838,Binh Minh Town-4078.jpeg,0.9163444563746452,105.828267715345N,10.09218734381912E
3839,Yên Mỹ District-3660.jpeg,0.9163434505462646,105.97868353508333N,20.916521011804864E
3840,Mỹ Hào District-1086.jpeg,0.916295938193798,106.14834971082404N,20.915021475692306E
3841,Hiệp Hòa District-7696.jpeg,0.9162776693701744,105.9413304903963N,21.36454561625914E
3842,Phu Ly City-3478.jpeg,0.9162669703364372,105.9200068853396N,20.569364011982547E
3845,Bac Giang City-1578.jpeg,0.9161673560738564,106.15335121557521N,21.275309876956594E
3846,Mỹ Hào District-3835.jpeg,0.9161424785852432,106.0877599348412N,20.97026761297173E
3847,Long Hồ District-1351.jpeg,0.9161406233906746,105.91125565836468N,10.162075104852311E
3851,Long Hồ District-1203.jpeg,0.9160882458090782,106.00847207316117N,10.15938017132657E
3854,Thái Bình-1361.jpeg,0.9160339683294296,106.30331114353582N,20.447332642594482E
3858,Vĩnh Long-101.jpeg,0.9159893989562988,105.95006658376147N,10.228785403434047E
3860,Thanh Liêm District-6303.jpeg,0.915951445698738,105.89594036308324N,20.48952188159442E
3861,Duy Tiên District-1574.jpeg,0.9159250780940056,106.00656608417283N,20.618698710273378E
3862,Long Hồ District-5304.jpeg,0.9159064739942552,105.9181018847588N,10.22136364241868E
3863,Yên Mỹ District-1366.jpeg,0.9159063398838044,105.98589514193941N,20.877444475680402E
3865,Hiệp Hòa District-2232.jpeg,0.9158820360898972,105.99774611719289N,21.28369761048424E
3867,Tây Ninh City-5754.jpeg,0.9157882630825044,106.12100459830566N,11.41080597829684E
3868,Phu Ly City-4196.jpeg,0.9157712012529372,105.93007974191885N,20.58957601342621E
3871,Ninh Bình-2414.jpeg,0.9157399907708168,105.9557824405579N,20.28868881218162E
3872,Hiệp Hòa District-645.jpeg,0.9157192185521126,105.96013569932848N,21.25135840817429E
3873,Cai Lậy Town-2174.jpeg,0.9157149568200112,106.12380066850477N,10.401935639883115E
3874,Châu Thành District-1438.jpeg,0.9157079756259918,106.2375352165508N,10.263744204593879E
3877,Phu Ly City-3657.jpeg,0.9156457781791688,105.94878647556598N,20.573406412271282E
3878,Thanh Liêm District-7426.jpeg,0.9155780300498008,105.9160731593144N,20.508386416275172E
3879,Tam Điệp-106.jpeg,0.9155603349208832,105.90530954680744N,20.111610673139374E
3880,Mỹ Tho-3985.jpeg,0.915533684194088,106.377952395617N,10.40147367542019E
3882,Hiệp Hòa District-6756.jpeg,0.9155228808522224,106.02957031692426N,21.349723481867073E
3883,Sa Đéc City-648.jpeg,0.91548902541399,105.76962471006567N,10.285583204600115E
3884,Bac Giang City-2178.jpeg,0.9154797717928886,106.24878439646025N,21.284742144297002E
3887,Bac Giang City-1455.jpeg,0.91535584628582,106.16925674572272N,21.272614943430767E
3888,Long Xuyen City-3012.jpeg,0.9153323471546172,105.42077931179409N,10.375830808075445E
3890,Go Cong Town-2617.jpeg,0.9152620285749437,106.6306419910339N,10.411559008373121E
3891,Duy Tiên District-1576.jpeg,0.9151898249983788,106.00944569377715N,20.618698710273378E
3892,Bac Giang City-2066.jpeg,0.9151773899793624,106.19528397687321N,21.28339467753409E
3894,Sa Đéc City-1840.jpeg,0.9151463359594344,105.74497130629103N,10.327354674249158E
3895,Duy Tiên District-2656.jpeg,0.9151437729597092,105.93601564886697N,20.63486831142831E
3897,Bac Giang City-1458.jpeg,0.9150846004486084,106.17359461758113N,21.272614943430767E
3898,Vĩnh Long-46.jpeg,0.9150657802820206,105.94732792022326N,10.226090469908309E
3899,Trà Vinh City-1402.jpeg,0.915051020681858,106.32492539803008N,9.948616373853612E
3900,Go Cong Town-754.jpeg,0.9150419011712074,106.6457121498978N,10.363050204909717E
3901,Bac Giang City-401.jpeg,0.915029413998127,106.16925674572272N,21.245665608172477E
3902,Mỹ Tho-3522.jpeg,0.9149608388543128,106.38891085569182N,10.39069394131721E
3905,Binh Minh Town-2866.jpeg,0.9149235635995864,105.84879447493567N,10.058500674747329E
3906,Thanh Liêm District-5181.jpeg,0.9149059429764748,105.89594036308324N,20.473352280439503E
3907,Go Cong Town-1482.jpeg,0.914896234869957,106.65530225099302N,10.381914739589927E
3909,Cao Lanh City-5196.jpeg,0.9148891046643256,105.58517135734382N,10.510647143651203E
3911,Tam Điệp-2496.jpeg,0.9148658961057664,105.8751658649747N,20.15742454307825E
3912,Binh Minh Town-2993.jpeg,0.9148501753807068,105.81047785703313N,10.062543075035945E
3913,Thái Bình-676.jpeg,0.9148452877998352,106.37234132147972N,20.432510508202476E
3919,Cai Lậy Town-4724.jpeg,0.9147307947278024,106.1881946691849N,10.449096976583652E
3926,Long Xuyen City-1482.jpeg,0.914573185145855,105.4646144476444N,10.342144139003638E
3927,Phu Ly City-1970.jpeg,0.914560854434967,105.92720178289618N,20.541067209961426E
3934,Bac Giang City-2170.jpeg,0.9142976552248,106.23721673817117N,21.284742144297002E
3937,Mỹ Hào District-2769.jpeg,0.9142410457134248,106.06467811541916N,20.947360678002212E
3940,Thanh Liêm District-7335.jpeg,0.9141271188855172,105.987976002997N,20.505691482749345E
3945,Cao Lanh City-3076.jpeg,0.9139101207256316,105.61531659042207N,10.46348580695066E
3946,Go Cong Town-2084.jpeg,0.913881540298462,106.65393223655084N,10.398084340744397E
3947,Cai Lậy Town-6636.jpeg,0.9138711541891098,106.1142100726588N,10.492215912995576E
3948,Tây Ninh City-228.jpeg,0.9138089045882224,106.10863482372925N,11.304356104029715E
3952,Go Cong Town-3382.jpeg,0.9137279242277144,106.61557183216999N,10.426381142764722E
3953,Duy Tiên District-5094.jpeg,0.9137151390314102,105.94465447767993N,20.669902447263993E
3955,Tây Ninh City-5918.jpeg,0.9136922135949136,106.17460695480347N,11.41350091182259E
3957,Thanh Liêm District-596.jpeg,0.9135585054755212,105.92038732993534N,20.39654667495364E
3958,Bến Tre City-480.jpeg,0.913535602390766,106.3584313487571N,10.211160804291403E
3959,Binh Minh Town-3409.jpeg,0.9135146364569664,105.83510996854186N,10.073322809138919E
3960,Tam Điệp-654.jpeg,0.91349758207798,105.90818037364869N,20.125085340768454E
3962,Tây Ninh City-4954.jpeg,0.913479670882225,106.12650227589519N,11.395983843905213E
3963,Cao Lanh City-3591.jpeg,0.9134500846266748,105.59339278454698N,10.47561300781652E
3964,Tây Ninh City-3940.jpeg,0.9134286791086196,106.13612321167683N,11.379814242750715E
3965,Yên Mỹ District-3350.jpeg,0.91341844946146,106.03926103267437N,20.909783677990298E
3967,Vĩnh Long-1266.jpeg,0.9133688062429428,105.92404928014885N,10.253039805165749E
3969,Tây Ninh City-5413.jpeg,0.9133400693535804,106.13199995348471N,11.404068644482464E
3970,Go Cong Town-4044.jpeg,0.9133218079805374,106.65256222210868N,10.4371608768677E
3971,Sa Đéc City-2118.jpeg,0.9133217111229897,105.7394927721189N,10.33948187511501E
3972,Binh Minh Town-803.jpeg,0.9132864326238632,105.85426827749315N,10.014034271572568E
3975,Yên Mỹ District-1874.jpeg,0.9132664799690248,105.9931067487955N,20.885529276257877E
3976,Hung Yen City-937.jpeg,0.9132429659366608,106.0835246235895N,20.631392407977735E
3977,Cai Lậy Town-2900.jpeg,0.9132347702980042,106.16216305188868N,10.415410307511838E
3978,Go Cong Town-2678.jpeg,0.9132246673107148,106.63338201991824N,10.412906475136E
3980,Binh Minh Town-1107.jpeg,0.9131091386079788,105.8679527838869N,10.020771605386921E
3981,Go Cong Town-4754.jpeg,0.9131038784980774,106.6457121498978N,10.462762745362282E
3983,Cai Lậy Town-3265.jpeg,0.9130574837327003,106.12791092386735N,10.423495108089071E
3984,Sa Đéc City-164.jpeg,0.9130540415644646,105.72442680314552N,10.272108536971395E
3985,Bac Giang City-1540.jpeg,0.9130534902215004,106.19672993415931N,21.273962410193683E
3986,Long Hồ District-2978.jpeg,0.9130056947469712,105.99751811093057N,10.18093963953252E
3990,Châu Thành District-9387.jpeg,0.91288124024868,106.32244378214718N,10.31764287510877E
3991,Hoa Lư District-1262.jpeg,0.9128803238272668,105.95214396304503N,20.215508842234115E
3993,Long Xuyen City-2332.jpeg,0.9128151834011078,105.40297128785494N,10.362356140446725E
3996,Long Hồ District-2832.jpeg,0.912772573530674,105.94959452617174N,10.17959217276965E
3997,Go Cong Town-992.jpeg,0.912760391831398,106.67859249650996N,10.368440071961205E
4001,Châu Thành District-6301.jpeg,0.9126609042286872,106.2115148496745N,10.296083406902813E
4004,Sa Đéc City-1641.jpeg,0.9125903472304344,105.72579643668855N,10.320617340434799E
4005,Hung Yen City-1209.jpeg,0.912586472928524,106.10656582317917N,20.636782275029375E
4007,Long Hồ District-1911.jpeg,0.9125666245818138,105.92220962059528N,10.168812438666674E
4008,Tây Ninh City-1419.jpeg,0.9125551134347916,106.13062553408732N,11.334000372812964E
4009,Hung Yen City-811.jpeg,0.9125524833798409,106.09216507343562N,20.628697474451904E
4015,Cai Lậy Town-538.jpeg,0.9124972149729728,106.11283998753794N,10.373638837862787E
4018,Tây Ninh City-2445.jpeg,0.9124121963977814,106.09076737156332N,11.355559841018964E
4019,Trà Vinh City-1210.jpeg,0.9124114587903024,106.35091834595066N,9.937836639750643E
4020,Sa Đéc City-1075.jpeg,0.9123912006616592,105.743601672748N,10.300405338991713E
4021,Bến Tre City-2890.jpeg,0.9123781248927116,106.3584313487571N,10.259669607754798E
4022,Go Cong Town-1577.jpeg,0.912370003759861,106.65119220766648N,10.384609673115675E
4023,Binh Minh Town-1933.jpeg,0.9123683571815492,105.81321475831187N,10.039636140067126E
4025,Go Cong Town-3276.jpeg,0.9123599156737328,106.69914271314256N,10.423686209238976E
4026,Cai Lậy Town-2168.jpeg,0.9123557433485984,106.11558015777963N,10.401935639883115E
4027,Go Cong Town-275.jpeg,0.9123480319976808,106.68407255427864N,10.348228070518116E
4028,Long Hồ District-5292.jpeg,0.912323348224163,105.99067188453644N,10.220016175655811E
4030,Duy Tiên District-5491.jpeg,0.9123103991150856,105.94321467287777N,20.677987247841468E
4031,Go Cong Town-347.jpeg,0.9122967645525932,106.67859249650996N,10.350923004043862E
4032,Hung Yen City-1437.jpeg,0.91224505007267,106.0547231241024N,20.643519608843928E
4036,Go Cong Town-1302.jpeg,0.9121810868382454,106.68818259760518N,10.37652487253844E
4037,Long Hồ District-7237.jpeg,0.912135735154152,106.02216452594939N,10.272567379407823E
4038,Long Xuyen City-4314.jpeg,0.912061832845211,105.42214915978941N,10.404127610095772E
4039,Long Hồ District-90.jpeg,0.9120443761348724,106.02353377122823N,10.140515636646363E
4040,Thanh Liêm District-7047.jpeg,0.912032514810562,105.91894927306168N,20.501649082460613E
4041,Trà Vinh City-1285.jpeg,0.9119909778237344,106.35091834595066N,9.941879040039257E
4043,Long Xuyen City-4254.jpeg,0.9119032695889472,105.41529991981282N,10.4027801433329E
4044,Go Cong Town-2982.jpeg,0.911901943385601,106.6964026842582N,10.418296342187489E
4045,Châu Thành District-6175.jpeg,0.9118947088718414,106.32107428915369N,10.294735940139942E
4047,Mỹ Tho-1548.jpeg,0.9118416979908944,106.346446822902N,10.3570072722454E
4052,Vĩnh Long-2010.jpeg,0.9117387607693672,105.92267994837975N,10.265167006031596E
4053,Long Hồ District-4333.jpeg,0.9116913303732872,105.95370226200825N,10.201151640975601E
4055,Binh Minh Town-3120.jpeg,0.9116372317075728,105.8460575736569N,10.065238008561684E
4061,Thái Bình-720.jpeg,0.9114531204104424,106.34933126216508N,20.433857974965385E
4062,Binh Minh Town-1541.jpeg,0.9114453196525574,105.8912164447563N,10.030203872727025E
4064,Cao Lanh City-3937.jpeg,0.911436766386032,105.61668682828926N,10.48235034163088E
4066,Long Hồ District-6187.jpeg,0.9114115610718728,105.94822528089293N,10.240228177098889E
4067,Tam Điệp-1478.jpeg,0.911406472325325,105.8478930099831N,20.141254941923357E
4070,Tây Ninh City-2342.jpeg,0.9113638624548912,106.16223718022705N,11.352864907493213E
4071,Long Hồ District-3964.jpeg,0.9113529697060584,105.95644075256588N,10.194414307161237E
4072,Go Cong Town-4018.jpeg,0.911352626979351,106.61694184661216N,10.4371608768677E
4073,Tây Ninh City-295.jpeg,0.9113457277417184,106.13612321167683N,11.30570357079259E
4077,Sa Đéc City-185.jpeg,0.9112261906266212,105.75318910754926N,10.272108536971395E
4079,Vĩnh Long-1781.jpeg,0.9111596867442132,105.92404928014885N,10.26112460574298E
4082,Bac Giang City-301.jpeg,0.9110823050141336,106.18082440401182N,21.241623207883734E
4083,Cai Lậy Town-3723.jpeg,0.9110489785671234,106.18682458406407N,10.43157990866631E
4084,Tam Điệp-1384.jpeg,0.9110104516148568,105.92253450785479N,20.138560008397537E
4085,Cao Lanh City-4412.jpeg,0.9109991192817688,105.61668682828926N,10.491782608970986E
4088,Long Xuyen City-4151.jpeg,0.9109415113925934,105.42625870377537N,10.400085209807154E
4090,Cai Lậy Town-5599.jpeg,0.9109048619866372,106.10324939169192N,10.466614044500997E
4091,Go Cong Town-1987.jpeg,0.9109016880393028,106.6662623665304N,10.395389407218653E
4092,Long Xuyen City-5535.jpeg,0.91088305413723,105.44406672771456N,10.439161745930459E
4095,Tây Ninh City-5630.jpeg,0.9108138903975488,106.13887205047158N,11.40811104477109E
4096,Hung Yen City-1551.jpeg,0.9107911884784698,106.07488417374337N,20.646214542369755E
4098,Vĩnh Long-510.jpeg,0.9107840582728386,105.94185059314692N,10.239565137537028E
4099,Trà Vinh City-496.jpeg,0.910778596997261,106.32082124835837N,9.909539837730343E
4100,Long Hồ District-4245.jpeg,0.9107611924409866,105.92905584698941N,10.19980417421273E
4101,Long Hồ District-7440.jpeg,0.910733163356781,106.00984131843998N,10.276609779696438E
4104,Yên Mỹ District-3405.jpeg,0.910661831498146,106.01329924799252N,20.911131144753217E
4105,Cai Lậy Town-5908.jpeg,0.91062892973423,106.14435194531758N,10.472003911552486E
4106,Thanh Liêm District-6218.jpeg,0.9106003418564796,105.89881647683056N,20.488174414831512E
4108,Binh Minh Town-4041.jpeg,0.910574585199356,105.84468912301752N,10.090839877056249E
4111,Vĩnh Long-447.jpeg,0.910465881228447,105.91720262130343N,10.238217670774157E
4112,Long Hồ District-6430.jpeg,0.9104526340961456,106.0112105637188N,10.249660444438993E
4115,Duy Tiên District-4523.jpeg,0.9104214012622832,106.00224666976634N,20.66047017992362E
4118,Cai Lậy Town-2714.jpeg,0.910389319062233,106.17997415845981N,10.41136790722322E
4119,Duy Tiên District-2787.jpeg,0.9103354215621948,105.99072823134907N,20.63621577819122E
4120,Ninh Bình-557.jpeg,0.9103075340390204,105.96583578475317N,20.229400274613628E
4121,Bến Tre City-3161.jpeg,0.9103037491440772,106.34747722908854N,10.266406941569157E
4122,Long Hồ District-5050.jpeg,0.9102897495031356,105.93179433754707N,10.21597377536719E
4125,Go Cong Town-1259.jpeg,0.910233460366726,106.69777269870038N,10.375177405775567E
4127,Tam Điệp-2427.jpeg,0.9102141484618188,105.91248661391052N,20.156077076315338E
4128,Thanh Liêm District-5782.jpeg,0.9102008938789368,105.92901567117725N,20.481437081016963E
4130,Hung Yen City-1971.jpeg,0.9101717919111252,106.04176244933322N,20.659689209998866E
4131,Cai Lậy Town-995.jpeg,0.9101564958691596,106.13887160483415N,10.381723638440027E
4132,Long Hồ District-6140.jpeg,0.9101390838623048,105.99067188453644N,10.23888071033602E
4133,Long Xuyen City-4449.jpeg,0.910121701657772,105.38516326391577N,10.40817001038439E
4134,Go Cong Town-3734.jpeg,0.910008743405342,106.65941229431952N,10.431771009816211E
4135,Long Xuyen City-3613.jpeg,0.9099687412381172,105.41256022382217N,10.387958008941302E
4140,Long Xuyen City-528.jpeg,0.9098705276846886,105.48379231957885N,10.320584670797679E
4142,Long Xuyen City-3228.jpeg,0.9098204374313354,105.43721748773795N,10.379873208364065E
4143,Hung Yen City-2199.jpeg,0.9098173677921296,106.05040289917935N,20.66777401057633E
4144,Cai Lậy Town-4977.jpeg,0.9098150059580804,106.13065109410903N,10.454486843635143E
4153,Cai Lậy Town-4845.jpeg,0.909709133207798,106.14983228580098N,10.4517919101094E
4156,Cai Lậy Town-3525.jpeg,0.9096756801009178,106.19230492454746N,10.427537508377691E
4159,Duy Tiên District-221.jpeg,0.909607470035553,105.97201076892097N,20.57018990680859E
4160,Duy Tiên District-212.jpeg,0.9095850884914398,105.95905252570155N,20.57018990680859E
4164,Bac Giang City-2304.jpeg,0.9094964787364006,106.21408142159298N,21.287437077822833E
4165,Cai Lậy Town-3452.jpeg,0.9094619899988174,106.18682458406407N,10.426190041614822E
4166,Chau Doc City-2281.jpeg,0.9094441682100296,105.08231030937058N,10.671530607297658E
4169,Cai Lậy Town-2934.jpeg,0.90933558344841,106.12654083874648N,10.416757774274714E
4171,Long Hồ District-3826.jpeg,0.9093213230371476,106.00573358260351N,10.191719373635499E
4173,Long Hồ District-577.jpeg,0.9092747792601584,105.98930263925763N,10.151295370749338E
4175,Sa Đéc City-2828.jpeg,0.9092163443565368,105.71210010125822N,10.370473610661076E
4176,Long Hồ District-4303.jpeg,0.9091960862278938,106.00847207316117N,10.19980417421273E
4177,Yên Mỹ District-4392.jpeg,0.90911877900362,106.043587996788N,20.936733013248556E
4178,Tây Ninh City-2585.jpeg,0.909114435315132,106.17460695480347N,11.356907307781837E
4180,Long Hồ District-3534.jpeg,0.9090883657336236,106.00984131843998N,10.18767697334688E
4181,Thái Bình-1167.jpeg,0.9090427979826928,106.31769243060747N,20.443290242305753E
4183,Cao Lanh City-2314.jpeg,0.9089653417468072,105.63861063416432N,10.447316205796186E
4186,Vĩnh Long-957.jpeg,0.9089133068919182,105.94869725199236N,10.24764993811426E
4191,Sa Đéc City-541.jpeg,0.9088534042239188,105.73264460440373N,10.282888271074373E
4195,Tây Ninh City-4916.jpeg,0.9087958857417108,106.0728999193974N,11.395983843905213E
4198,Châu Thành District-9864.jpeg,0.9087279066443444,106.38817944583468N,10.321685275397387E
4199,Hoa Lư District-650.jpeg,0.9087274447083472,105.97943248031149N,20.202034174605032E
4201,Go Cong Town-4100.jpeg,0.9086910784244536,106.62927197659172N,10.438508343630575E
4205,Binh Minh Town-1622.jpeg,0.9085654616355896,105.83100461662376N,10.032898806252769E
4206,Yên Mỹ District-678.jpeg,0.908506155014038,106.02916478307586N,20.863969808051277E
4210,Tây Ninh City-5112.jpeg,0.9084276631474496,106.12650227589519N,11.398678777430964E
4214,Tây Ninh City-6212.jpeg,0.9083655327558516,106.16773485781654N,11.420238245636966E
4217,Trà Vinh City-108.jpeg,0.9083127677440644,106.35228639584123N,9.893370236575885E
4218,Bến Tre City-487.jpeg,0.908310942351818,106.36801620346708N,10.211160804291403E
4221,Go Cong Town-1322.jpeg,0.9082804247736932,106.6457121498978N,10.37787233930131E
4222,Mỹ Tho-2104.jpeg,0.9082715436816216,106.34370720788327N,10.366439539585507E
4223,Trà Vinh City-2463.jpeg,0.908239983022213,106.35091834595066N,9.978260642636783E
4227,Tây Ninh City-1388.jpeg,0.9082096368074416,106.08801853276857N,11.334000372812964E
4228,Tây Ninh City-1858.jpeg,0.9082076177001,106.14849298625326N,11.343432640153088E
4231,Long Hồ District-6199.jpeg,0.9081185385584832,106.0043643373247N,10.240228177098889E
4236,Sa Đéc City-1723.jpeg,0.9080156311392784,105.7353838714898N,10.323312273960541E
4237,Tam Điệp-1294.jpeg,0.9080104529857635,105.89813247970444N,20.13721254163463E
4238,Cai Lậy Town-4063.jpeg,0.9079721793532372,106.14298186019671N,10.43831724248067E
4239,Châu Thành District-2208.jpeg,0.9079566076397896,106.38954893882818N,10.269134071645368E
4241,Sa Đéc City-2990.jpeg,0.9079429358243942,105.71620900188731N,10.37990587800118E
4243,Cai Lậy Town-6177.jpeg,0.9079169854521753,106.15668271140524N,10.477393778603979E
4244,Thanh Liêm District-7078.jpeg,0.9078861624002456,105.96352903614492N,20.501649082460613E
4246,Hiệp Hòa District-4332.jpeg,0.9078815057873726,105.96013569932848N,21.31738427955711E
4248,Long Hồ District-4843.jpeg,0.9078487902879716,106.00299509204586N,10.210583908315703E
4251,Go Cong Town-3950.jpeg,0.9077336564660072,106.63201200547607N,10.435813410104826E
4255,Ninh Bình-1276.jpeg,0.9077086374163628,105.99599581733898N,20.246917342531432E
4260,Sa Đéc City-1329.jpeg,0.9075959101319312,105.71620900188731N,10.309837606331815E
4261,Cai Lậy Town-3707.jpeg,0.9075846895575524,106.16490322213039N,10.43157990866631E
4264,Châu Thành District-5053.jpeg,0.9075047224760056,106.23068775158336N,10.28799860632558E
4265,Mỹ Tho-3942.jpeg,0.907494120299816,106.36425432052353N,10.400126208657317E
4266,Thanh Liêm District-4157.jpeg,0.907452329993248,105.90456870432516N,20.458530146047487E
4267,Long Hồ District-1617.jpeg,0.9074095338582993,105.97697943174823N,10.16477003837806E
4269,Cao Lanh City-4166.jpeg,0.907332308590412,105.65231301283626N,10.486392741919497E
4271,Thanh Liêm District-7055.jpeg,0.907285176217556,105.93045372805089N,20.501649082460613E
4272,Thanh Liêm District-26.jpeg,0.9072821736335754,105.92613955742995N,20.366902406169626E
4274,Binh Minh Town-2597.jpeg,0.9072557166218758,105.88300574092003N,10.051763340932972E
4275,Tây Ninh City-53.jpeg,0.9072299525141716,106.10313714613972N,11.29761877021534E
4276,Binh Minh Town-1443.jpeg,0.9072167351841928,105.84058377109939N,10.028856405964154E
4277,Trà Vinh City-753.jpeg,0.9071823731064796,106.34544614638844N,9.917624638307569E
4279,Tây Ninh City-699.jpeg,0.9070938751101494,106.10038830734497N,11.317830771658468E
4281,Thanh Liêm District-6338.jpeg,0.907028131186962,105.95202458115568N,20.48952188159442E
4283,Cao Lanh City-1418.jpeg,0.9069848656654358,105.64135110989872N,10.432494071404587E
4284,Long Xuyen City-2728.jpeg,0.906973533332348,105.3933823518877N,10.37044094102396E
4288,Thái Bình-2068.jpeg,0.9069271013140678,106.33207371767911N,20.462154776986495E
4290,Châu Thành District-4540.jpeg,0.9068945720791816,106.4292642356394N,10.283956206036958E
4294,Phu Ly City-3472.jpeg,0.9068330749869348,105.9113730082717N,20.569364011982547E
4295,Long Hồ District-2647.jpeg,0.9068294912576677,106.0043643373247N,10.176897239243907E
4301,Long Hồ District-3898.jpeg,0.9066229909658432,105.97834867702704N,10.193066840398368E
4302,Tây Ninh City-1428.jpeg,0.9065413400530816,106.14299530866373N,11.334000372812964E
4307,Go Cong Town-4185.jpeg,0.9064651280641556,106.65256222210868N,10.43985581039345E
4308,Sa Đéc City-358.jpeg,0.9064644202589988,105.73264460440373N,10.277498404022884E
4309,Go Cong Town-3774.jpeg,0.9064265564084052,106.60735174551695N,10.43311847657908E
4310,Binh Minh Town-2231.jpeg,0.9063861817121506,105.85153137621441N,10.045026007118615E
4312,Thái Bình-432.jpeg,0.9063318148255348,106.34214061862926N,20.427120641150832E
4313,Go Cong Town-2447.jpeg,0.906304970383644,106.6306419910339N,10.407516608084503E
4314,Chau Doc City-3844.jpeg,0.90628744661808,105.10425040588055N,10.695785009029374E
4315,Chau Doc City-3753.jpeg,0.9062786027789116,105.08642407746619N,10.694437542266506E
4318,Bến Tre City-2640.jpeg,0.9062227457761765,106.38992444280417N,10.254279740703309E
4321,Bac Giang City-2899.jpeg,0.9061868339776992,106.21552737887913N,21.29956427868906E
4322,Bac Giang City-173.jpeg,0.9061476588249208,106.19383801958705N,21.234885874069157E
4324,Phu Ly City-125.jpeg,0.9061150029301644,105.9200068853396N,20.499295740311204E
4328,Mỹ Hào District-254.jpeg,0.906052991747856,106.136808801113N,20.89211454072279E
4335,Long Hồ District-3100.jpeg,0.9059452190995216,106.01394905427645N,10.182287106295396E
4336,Trà Vinh City-929.jpeg,0.9059346839785576,106.31945319846783N,9.924361972121927E
4337,Yên Mỹ District-1692.jpeg,0.9059199020266532,105.97579889234092N,20.882834342732053E
4338,Hiệp Hòa District-6615.jpeg,0.9059106707572936,105.963028808395N,21.348376015104158E
4342,Hiệp Hòa District-3906.jpeg,0.9058401733636856,106.00931855345885N,21.310646945742537E
4344,Go Cong Town-4899.jpeg,0.9057721644639968,106.64845217878214N,10.472195012702391E
4347,Long Xuyen City-5233.jpeg,0.9057470187544824,105.44954611969584N,10.428382011827477E
4348,Phu Ly City-622.jpeg,0.9057058990001678,105.89410525413581N,20.51950774175486E
4350,Phu Ly City-152.jpeg,0.9056780338287354,105.91856790582827N,20.501990673837025E
4352,Duy Tiên District-303.jpeg,0.9055516645312308,105.99504764575553N,20.57288484033442E
4354,Vĩnh Long-1122.jpeg,0.9055350199341774,105.95554391083778N,10.250344871640005E
4355,Cao Lanh City-3679.jpeg,0.9055177494883536,105.63038920696117N,10.476960474579384E
4356,Yên Mỹ District-2020.jpeg,0.905489131808281,106.08108835243964N,20.886876743020792E
4359,Hiệp Hòa District-2157.jpeg,0.9054206311702728,106.00642544439235N,21.28235014372133E
4360,Go Cong Town-507.jpeg,0.9054183885455132,106.66763238097258N,10.356312871095353E
4363,Châu Thành District-3567.jpeg,0.9052560552954674,106.30327088023832N,10.278566338985474E
4364,Hiệp Hòa District-6409.jpeg,0.9052086696028708,105.93554427226331N,21.345681081578324E
4365,Trà Vinh City-2975.jpeg,0.9051761105656624,106.32218929824893N,9.99308277702837E
4368,Binh Minh Town-3716.jpeg,0.905109904706478,105.85837362941128N,10.081407609716146E
4369,Hiệp Hòa District-7453.jpeg,0.905100017786026,105.95145637212903N,21.360503215970393E
4370,Vĩnh Long-276.jpeg,0.9050920456647872,105.910355962458N,10.23417527048554E
4371,Châu Thành District-3661.jpeg,0.9050304070115088,106.43474220761335N,10.278566338985474E
4374,Mỹ Hào District-2036.jpeg,0.9049323797225952,106.09930084455222N,20.935233477136E
4379,Long Xuyen City-3746.jpeg,0.904758557677269,105.4276285517707N,10.390652942467048E
4381,Phu Ly City-1544.jpeg,0.9046733155846596,105.93151872143017N,20.53432987614687E
4385,Binh Minh Town-2418.jpeg,0.9045437648892404,105.82689926470562N,10.04906840740723E
4386,Go Cong Town-1797.jpeg,0.9045397043228148,106.68270253983648N,10.389999540167166E
4387,Duy Tiên District-2570.jpeg,0.904530368745327,105.94753408728424N,20.633520844665398E
4388,Bến Tre City-1617.jpeg,0.9045099839568138,106.3981400325556N,10.23676267278597E
4389,Thanh Liêm District-1914.jpeg,0.9044927507638932,105.86286505498923N,20.42619094373765E
4394,Cai Lậy Town-878.jpeg,0.9043454974889756,106.1854544989432N,10.379028704914282E
4395,Tây Ninh City-2570.jpeg,0.9042946174740792,106.15399066384279N,11.356907307781837E
4396,Long Hồ District-1381.jpeg,0.9042905792593956,105.95233301672941N,10.162075104852311E
4398,Go Cong Town-196.jpeg,0.9042383134365082,106.67037240985691N,10.345533136992373E
4399,Long Hồ District-6042.jpeg,0.904224194586277,105.94411754505647N,10.236185776810276E
4404,Tây Ninh City-3920.jpeg,0.9040827304124832,106.10863482372925N,11.379814242750715E
4409,Tam Điệp-3752.jpeg,0.9039952158927916,105.83353887577705N,20.173594144233146E
4410,Tây Ninh City-6188.jpeg,0.903984233736992,106.13474879227947N,11.420238245636966E
4411,Cai Lậy Town-2147.jpeg,0.9039601907134056,106.18682458406407N,10.400588173120237E
4413,Binh Minh Town-4004.jpeg,0.9039532691240312,105.85974208005064N,10.089492410293376E
4416,Yên Mỹ District-2113.jpeg,0.9039415270090104,105.96858728548484N,20.889571676546616E
4417,Châu Thành District-7216.jpeg,0.903919704258442,106.35668110698441N,10.301473273954299E
4418,Thanh Liêm District-3666.jpeg,0.9039107337594032,105.89018813558863N,20.45179281223294E
4419,Go Cong Town-2086.jpeg,0.9038840904831886,106.65667226543519N,10.398084340744397E
4421,Ninh Bình-211.jpeg,0.9038185849785804,105.96870816880897N,20.215925606984534E
4423,Binh Minh Town-3180.jpeg,0.903738595545292,105.85974208005064N,10.066585475324558E
4426,Long Xuyen City-3698.jpeg,0.9035453200340272,105.44543657570988N,10.389305475704175E
4428,Long Hồ District-6048.jpeg,0.9034876450896264,105.99614886565175N,10.236185776810276E
4429,Binh Minh Town-792.jpeg,0.90348482131958,105.83921532046N,10.014034271572568E
4430,Cai Lậy Town-5506.jpeg,0.9034689366817474,106.17038356261381N,10.463919110975251E
4431,Thanh Liêm District-4537.jpeg,0.9034649208188056,105.91319704556706N,20.463920013099127E
4435,Yên Mỹ District-1162.jpeg,0.9033666476607324,106.03349174718953N,20.873402075391663E
4436,Bến Tre City-1678.jpeg,0.9033128023147584,106.37897032313563N,10.238110139548848E
4438,Thái Bình-2934.jpeg,0.9033030569553376,106.3478931334579N,20.48506171195596E
4439,Cai Lậy Town-2887.jpeg,0.9032605588436128,106.14435194531758N,10.415410307511838E
4445,Binh Minh Town-2921.jpeg,0.9031902700662612,105.8528998268538N,10.059848141510198E
4446,Long Hồ District-5588.jpeg,0.9031892716884612,105.94822528089293N,10.226753509470168E
4448,Long Hồ District-5773.jpeg,0.9031339436769484,106.00984131843998N,10.229448442995913E
4449,Cai Lậy Town-3435.jpeg,0.903093084692955,106.16353313700955N,10.426190041614822E
4454,Ninh Bình-383.jpeg,0.9030625447630882,105.98737866517162N,20.222662940799086E
4455,Thanh Liêm District-346.jpeg,0.9029759839177132,105.9060067611988N,20.38576694085036E
4457,Long Hồ District-3419.jpeg,0.9028770700097084,106.00025660148823N,10.18632950658401E
4458,Go Cong Town-3175.jpeg,0.902815781533718,106.67037240985691N,10.422338742476105E
4460,Long Xuyen City-3018.jpeg,0.9028042033314704,105.42899839976602N,10.375830808075445E
4461,Châu Thành District-7614.jpeg,0.9028037860989572,106.3607895859649N,10.304168207480046E
4462,Long Hồ District-2878.jpeg,0.9028032273054124,106.01257980899764N,10.17959217276965E
4465,Cai Lậy Town-991.jpeg,0.9027066975831984,106.13339126435075N,10.381723638440027E
4466,Vĩnh Long-2156.jpeg,0.9026735201478004,105.89529331299809N,10.269209406320215E
4470,Yên Mỹ District-3198.jpeg,0.9025715738534928,106.03349174718953N,20.907088744464478E
4471,Long Hồ District-5363.jpeg,0.902565948665142,105.99888735620941N,10.22136364241868E
4472,Long Hồ District-3214.jpeg,0.9025054648518562,106.01942603539176N,10.183634573058265E
4473,Cai Lậy Town-2617.jpeg,0.9024843797087668,106.14298186019671N,10.410020440460348E
4474,Thái Bình-372.jpeg,0.902471460402012,106.31481617319312N,20.425773174387924E
4475,Cai Lậy Town-4661.jpeg,0.9024125263094902,106.10187930657109N,10.449096976583652E
4477,Yên Mỹ District-3347.jpeg,0.9023468494415284,106.03493406856072N,20.909783677990298E
4480,Tam Điệp-2053.jpeg,0.9022542536258698,105.89095541260134N,20.150687209263705E
4481,Cao Lanh City-4521.jpeg,0.90224839001894,105.57694993014067N,10.494477542496732E
4482,Trà Vinh City-3153.jpeg,0.9021996334195136,106.31808514857725N,9.999820110842727E
4483,Go Cong Town-4814.jpeg,0.9021762907505037,106.64160210657127N,10.466805145650902E
4487,Thái Bình-2553.jpeg,0.9019201770424844,106.34070248992211N,20.47428197785268E
4489,Go Cong Town-591.jpeg,0.9018655940890312,106.71421287200647N,10.357660337858226E
4492,Bến Tre City-3191.jpeg,0.901837721467018,106.32693825471N,10.267754408332031E
4495,Thái Bình-1216.jpeg,0.9017706289887428,106.38816073725849N,20.443290242305753E
4496,Cai Lậy Town-2602.jpeg,0.9017660096287728,106.1224305833839N,10.410020440460348E
4497,Long Hồ District-1934.jpeg,0.9017377495765686,105.95370226200825N,10.168812438666674E
4499,Long Hồ District-7544.jpeg,0.9017106965184212,105.95370226200825N,10.27930471322218E
4500,Go Cong Town-1394.jpeg,0.9016944989562036,106.67311243874127N,10.379219806064183E
4501,Tây Ninh City-2020.jpeg,0.9016509503126144,106.10038830734497N,11.347475040441713E
4506,Vĩnh Long-1015.jpeg,0.9015142023563384,105.91994128484161N,10.24899740487713E
4507,Cai Lậy Town-5292.jpeg,0.9015127792954444,106.16901347749294N,10.459876710686634E
4510,Long Hồ District-1462.jpeg,0.9014752432703972,105.9153633942012N,10.163422571615186E
4511,Go Cong Town-931.jpeg,0.9014693349599838,106.66763238097258N,10.367092605198332E
4515,Long Hồ District-8823.jpeg,0.901398465037346,106.00710282788233N,10.302211648191006E
4516,Cai Lậy Town-1068.jpeg,0.901375837624073,106.13613143459246N,10.383071105202898E
4517,Duy Tiên District-3180.jpeg,0.901361308991909,105.99936706016202N,20.641605645242862E
4518,Hiệp Hòa District-605.jpeg,0.901282161474228,105.95724259026198N,21.250010941411375E
4519,Go Cong Town-114.jpeg,0.9012777358293532,106.68818259760518N,10.341490736703756E
4523,Mỹ Tho-4023.jpeg,0.9011881425976752,106.40260893078528N,10.402821142183061E
4524,Yên Mỹ District-889.jpeg,0.9011620953679084,106.04647263953045N,20.86801220834002E
4525,Duy Tiên District-1089.jpeg,0.90110295265913,105.96913115931666N,20.60791897617009E
4526,Thanh Liêm District-692.jpeg,0.9010891169309616,105.93620595554552N,20.399241608479457E
4529,Trà Vinh City-728.jpeg,0.9010349288582802,106.31124489912449N,9.917624638307569E
4537,Go Cong Town-2828.jpeg,0.9008734971284866,106.66763238097258N,10.415601408661741E
4540,Cai Lậy Town-5561.jpeg,0.9007298201322556,106.14846220068013N,10.465266577738122E
4542,Sa Đéc City-546.jpeg,0.9006131440401077,105.7394927721189N,10.282888271074373E
4543,Binh Minh Town-2998.jpeg,0.9005701318383217,105.81732011023N,10.062543075035945E
4544,Sa Đéc City-789.jpeg,0.9005658030509949,105.75044984046319N,10.290973071651605E
4546,Go Cong Town-169.jpeg,0.9004729837179184,106.67859249650996N,10.344185670229502E
4547,Binh Minh Town-1699.jpeg,0.9004015326499939,105.85016292557502N,10.03424627301564E
4548,Long Xuyen City-2884.jpeg,0.900387242436409,105.4276285517707N,10.373135874549702E
4551,Binh Minh Town-1829.jpeg,0.9002797827124596,105.85153137621441N,10.036941206541384E
4552,Long Xuyen City-1772.jpeg,0.9002265930175781,105.45639535967244N,10.348881472817999E
4553,Long Hồ District-4420.jpeg,0.9002053663134575,105.97697943174823N,10.202499107738472E
4554,Thanh Liêm District-4180.jpeg,0.9002003222703934,105.93764401241917N,20.458530146047487E
4555,Thanh Liêm District-2691.jpeg,0.9001818224787712,105.8542367137473N,20.43831814460384E
4559,Trà Vinh City-1409.jpeg,0.9000353813171387,106.33450174726396N,9.948616373853612E
4561,Long Xuyen City-3292.jpeg,0.8999642133712769,105.43036824776134N,10.381220675126938E
4562,Vĩnh Long-955.jpeg,0.8999456465244293,105.94595858845419N,10.24764993811426E
4566,Hung Yen City-2940.jpeg,0.899869792163372,106.07632424871774N,20.69068094554582E
4568,Trà Vinh City-1478.jpeg,0.8998525068163872,106.3331336973734N,9.951311307379353E
4575,Go Cong Town-3667.jpeg,0.8996492549777031,106.6758524676256N,10.430423543053335E
4579,Trà Vinh City-1183.jpeg,0.8995699435472488,106.34818224616954N,9.936489172987768E
4584,Trà Vinh City-2888.jpeg,0.8994525372982025,106.31808514857725N,9.990387843502628E
4585,Long Hồ District-6110.jpeg,0.8994343355298042,106.01668754483413N,10.237533243573147E
4586,Cai Lậy Town-5270.jpeg,0.899416446685791,106.13887160483415N,10.459876710686634E
4588,Go Cong Town-2023.jpeg,0.8992889225482941,106.64297212101346N,10.396736873981526E
4590,Go Cong Town-907.jpeg,0.899232916533947,106.70736279979558N,10.365745138435459E
4591,Sa Đéc City-2417.jpeg,0.8992325514554977,105.70799120062911N,10.352956542743732E
4592,Thanh Liêm District-3874.jpeg,0.8991460278630257,105.90744481807246N,20.45448774575876E
4597,Vĩnh Long-1660.jpeg,0.8990055844187737,105.99662386391029N,10.258429672217233E
4599,Mỹ Tho-3911.jpeg,0.8989437744021416,106.37521278059832N,10.398778741894443E
4600,Go Cong Town-3593.jpeg,0.8989184945821762,106.68270253983648N,10.429076076290466E
4601,Yên Mỹ District-3605.jpeg,0.8989037945866585,105.99454907016673N,20.91517354504195E
4602,Binh Minh Town-219.jpeg,0.8988934457302094,105.87068968516567N,9.997864670418105E
4605,Cao Lanh City-4527.jpeg,0.8988075628876686,105.58517135734382N,10.494477542496732E
4606,Mỹ Hào District-1778.jpeg,0.8987946808338165,106.06035027427752N,20.931191076847256E
4608,Tây Ninh City-6200.jpeg,0.898782841861248,106.15124182504802N,11.420238245636966E
4614,Hung Yen City-3527.jpeg,0.8986345380544662,106.05040289917935N,20.710892946989492E
4615,Hiệp Hòa District-6447.jpeg,0.8986204788088799,105.99051334452666N,21.345681081578324E
4616,Binh Minh Town-4095.jpeg,0.8986010700464249,105.85153137621441N,10.09218734381912E
4617,Tây Ninh City-1439.jpeg,0.8985615745186806,106.1581139220349N,11.334000372812964E
4619,Long Hồ District-3473.jpeg,0.8985418155789375,105.92631735643175N,10.18767697334688E
4624,Sa Đéc City-836.jpeg,0.8984422013163567,105.76140690880747N,10.292320538414481E
4625,Cai Lậy Town-5962.jpeg,0.8984348624944687,106.12654083874648N,10.473351378315359E
4626,Long Hồ District-1974.jpeg,0.8984269350767136,106.00847207316117N,10.168812438666674E
4627,Binh Minh Town-3081.jpeg,0.8984139338135719,105.86111053069003N,10.063890541798811E
4629,Hiệp Hòa District-4980.jpeg,0.898405596613884,105.96592191746147N,21.32681654689752E
4630,Tây Ninh City-1393.jpeg,0.898329921066761,106.09489062975544N,11.334000372812964E
4635,Cai Lậy Town-4396.jpeg,0.8982260674238205,106.16353313700955N,10.443707109532163E
4636,Trà Vinh City-1919.jpeg,0.8982204645872116,106.346814196279N,9.964785975008068E
4637,Vĩnh Long-138.jpeg,0.8982089832425117,105.94732792022326N,10.230132870196922E
4638,Mỹ Tho-3467.jpeg,0.8981834277510643,106.31357144267761N,10.39069394131721E
4639,Cao Lanh City-2924.jpeg,0.8981541320681572,105.65231301283626N,10.459443406662043E
4640,Long Xuyen City-4583.jpeg,0.8980766087770462,105.42351900778473N,10.410864943910134E
4641,Long Hồ District-106.jpeg,0.898053340613842,105.94548679033528N,10.141863103409237E
4642,Mỹ Tho-1651.jpeg,0.8980507105588913,106.377952395617N,10.35835473900827E
4643,Hoa Lư District-385.jpeg,0.8980260193347931,105.94496277429069N,20.19664430755339E
4646,Tây Ninh City-741.jpeg,0.8979562073945999,106.08664411337115N,11.31917823842134E
4647,Tây Ninh City-2959.jpeg,0.8979471549391747,106.14711856685587N,11.363644641596215E
4651,Hiệp Hòa District-7705.jpeg,0.8978358134627342,105.95434948119552N,21.36454561625914E
4653,Cai Lậy Town-4537.jpeg,0.8978003114461899,106.14161177507587N,10.446402043057908E
4656,Cai Lậy Town-6180.jpeg,0.8977212905883789,106.16079296676783N,10.477393778603979E
4663,Thái Bình-3329.jpeg,0.897596076130867,106.35939816311522N,20.501231313110896E
4665,Cai Lậy Town-3545.jpeg,0.8975868672132492,106.12791092386735N,10.428884975140564E
4667,Long Xuyen City-2826.jpeg,0.8975413516163826,105.43721748773795N,10.371788407786832E
4669,Binh Minh Town-3415.jpeg,0.8974587321281433,105.84332067237811N,10.073322809138919E
4673,Go Cong Town-2718.jpeg,0.8974128291010857,106.68818259760518N,10.412906475136E
4676,Thanh Liêm District-259.jpeg,0.8973886370658875,105.92326344368263N,20.38037707379872E
4677,Tây Ninh City-3591.jpeg,0.8973876461386681,106.11413250131875N,11.374424375699213E
4678,Cai Lậy Town-2913.jpeg,0.8973860815167427,106.17997415845981N,10.415410307511838E
4680,Go Cong Town-2852.jpeg,0.8973644077777863,106.6100917744013N,10.416948875424618E
4682,Cao Lanh City-2243.jpeg,0.8973435088992119,105.64135110989872N,10.44596873903332E
4686,Yên Mỹ District-2257.jpeg,0.8973019123077393,106.05368424638654N,20.890919143309524E
4688,Long Hồ District-1744.jpeg,0.8972456678748131,105.99888735620941N,10.16611750514093E
4689,Tây Ninh City-1286.jpeg,0.8972442001104355,106.1182557595109N,11.331305439287211E
4690,Go Cong Town-3705.jpeg,0.8972420319914818,106.61968187549651N,10.431771009816211E
4693,Duy Tiên District-4023.jpeg,0.8972145542502403,105.94033506327347N,20.65373284610907E
4695,Long Hồ District-6415.jpeg,0.8971432521939278,105.99067188453644N,10.249660444438993E
4698,Cai Lậy Town-5615.jpeg,0.8970344588160515,106.12517075362561N,10.466614044500997E
4701,Phu Ly City-3483.jpeg,0.8969787210226059,105.92720178289618N,20.569364011982547E
4702,Tây Ninh City-784.jpeg,0.8969618156552315,106.14574414745852N,11.31917823842134E
4705,Long Xuyen City-4189.jpeg,0.8969309851527214,105.40160143985962N,10.401432676570025E
4706,Thanh Liêm District-4350.jpeg,0.8969290032982826,105.91175898869342N,20.461225079573314E
4707,Long Hồ District-4521.jpeg,0.896926075220108,105.92631735643175N,10.205194041264217E
4709,Long Xuyen City-1810.jpeg,0.8969073593616486,105.42625870377537N,10.350228939580871E
4711,Cai Lậy Town-6407.jpeg,0.8967684209346771,106.12517075362561N,10.484131112418343E
4715,Chau Doc City-1519.jpeg,0.8965955078601837,105.12481924635865N,10.658055939668927E
4716,Long Hồ District-5729.jpeg,0.8965777531266212,105.94411754505647N,10.229448442995913E
4717,Binh Minh Town-3833.jpeg,0.8965751305222511,105.82279391278752N,10.085450010004763E
4718,Go Cong Town-1113.jpeg,0.8964710533618927,106.70462277091124N,10.371135005486948E
4720,Long Hồ District-4709.jpeg,0.8964329361915588,105.99888735620941N,10.207888974789961E
4721,Mỹ Tho-1442.jpeg,0.8964303955435753,106.3108318276589N,10.355659805482526E
4724,Duy Tiên District-2015.jpeg,0.8963291347026825,105.97201076892097N,20.625436044087937E
4725,Go Cong Town-216.jpeg,0.8963279649615288,106.65119220766648N,10.346880603755244E
4726,Sa Đéc City-566.jpeg,0.8963120356202126,105.76688544297964N,10.282888271074373E
4727,Cao Lanh City-4397.jpeg,0.8962942361831665,105.59613326028135N,10.491782608970986E
4729,Binh Minh Town-3398.jpeg,0.8962496668100357,105.82005701150875N,10.073322809138919E
4733,Trà Vinh City-972.jpeg,0.8961928114295006,106.3358697971545N,9.925709438884796E
4734,Mỹ Hào District-1590.jpeg,0.8961860314011574,106.06900595656079N,20.92714867655852E
4735,Cai Lậy Town-2572.jpeg,0.8961817398667336,106.17723398821808N,10.40867297369747E
4737,Bến Tre City-354.jpeg,0.8961247503757477,106.37349326330134N,10.207118404002786E
4742,Cao Lanh City-654.jpeg,0.896056279540062,105.63861063416432N,10.420366870538738E
4748,Binh Minh Town-3649.jpeg,0.8960204795002937,105.83237306726312N,10.080060142953275E
4756,Phu Ly City-3539.jpeg,0.8959265276789665,105.93295770094146N,20.57071147874546E
4761,Go Cong Town-3679.jpeg,0.895826943218708,106.6922926409317N,10.430423543053335E
4762,Long Hồ District-896.jpeg,0.8957919105887413,106.02079528067058N,10.155337771037951E
4763,Bến Tre City-2776.jpeg,0.8957905247807503,106.38581664792846N,10.256974674229053E
4765,Cai Lậy Town-3295.jpeg,0.8957854062318802,106.16901347749294N,10.423495108089071E
4766,Duy Tiên District-5092.jpeg,0.895781509578228,105.9417748680756N,20.669902447263993E
4767,Cai Lậy Town-4229.jpeg,0.8957749083638191,106.15120237092184N,10.441012176006414E
4769,Long Hồ District-4900.jpeg,0.8957174941897392,105.9934103750941N,10.211931375078578E
4771,Tây Ninh City-5734.jpeg,0.8956723064184189,106.07564875819214N,11.41080597829684E
4774,Thanh Liêm District-4267.jpeg,0.8956383094191551,105.9275776143036N,20.459877612810402E
4775,Duy Tiên District-698.jpeg,0.8956160396337509,105.97633018332745N,20.594444308540986E
4778,Trà Vinh City-712.jpeg,0.8955484852194786,106.34271004660732N,9.916277171544703E
4780,Cai Lậy Town-2506.jpeg,0.8954670950770378,106.18408441382235N,10.407325506934605E
4781,Go Cong Town-1118.jpeg,0.89543017745018,106.64297212101346N,10.372482472249823E
4782,Tây Ninh City-1195.jpeg,0.8954211100935936,106.07702317758954N,11.329957972524337E
4783,Go Cong Town-4860.jpeg,0.895409844815731,106.64982219322431N,10.469500079176646E
4787,Tây Ninh City-4696.jpeg,0.8953349143266678,106.1127580819214N,11.39194144361659E
4788,Hung Yen City-3094.jpeg,0.8953237682580948,106.0619234989742N,20.696070812597466E
4790,Long Hồ District-8821.jpeg,0.8953118100762367,106.0043643373247N,10.302211648191006E
4796,Sa Đéc City-1282.jpeg,0.8951884135603905,105.75729800817835N,10.307142672806073E
4800,Long Xuyen City-3167.jpeg,0.8950738459825516,105.44817627170053N,10.378525741601193E
4805,Vĩnh Long-1941.jpeg,0.8949723839759827,105.92541861191793N,10.263819539268725E
4808,Long Hồ District-5538.jpeg,0.8949123322963715,105.97697943174823N,10.225406042707299E
4809,Cai Lậy Town-2226.jpeg,0.8948880359530449,106.09639896608768N,10.403283106645986E
4811,Go Cong Town-543.jpeg,0.8948696032166481,106.64845217878214N,10.357660337858226E
4812,Bac Giang City-3217.jpeg,0.894864097237587,106.1562431301475N,21.310344012792378E
4814,Hung Yen City-1758.jpeg,0.8947930186986923,106.09072499846127N,20.651604409421388E
4815,Trà Vinh City-300.jpeg,0.8947885930538177,106.32218929824893N,9.902802503915984E
4816,Thái Bình-1203.jpeg,0.8947760611772537,106.36946506406538N,20.443290242305753E
4818,Cai Lậy Town-3681.jpeg,0.8947328999638557,106.12928100898819N,10.43157990866631E
4822,Vĩnh Long-796.jpeg,0.8946302160620689,105.94321992491601N,10.244955004588519E
4824,Cai Lậy Town-1706.jpeg,0.8946144506335258,106.1224305833839N,10.393850839305879E
4836,Cao Lanh City-1841.jpeg,0.8944193199276924,105.6454618235003N,10.439231405218955E
4838,Yên Mỹ District-480.jpeg,0.8943253308534622,106.03204942581829N,20.858579940999633E
4840,Long Hồ District-4912.jpeg,0.894279733300209,105.92220962059528N,10.21327884184145E
4841,Vĩnh Long-400.jpeg,0.8942674547433853,105.9445892566851N,10.236870204011284E
4844,Cao Lanh City-3146.jpeg,0.8942029401659966,105.63038920696117N,10.464833273713532E
4847,Mỹ Tho-1296.jpeg,0.8941502496600151,106.33000913278981N,10.352964871956782E
4849,Go Cong Town-1911.jpeg,0.8941003978252411,106.63201200547607N,10.39404194045578E
4850,Go Cong Town-547.jpeg,0.8940703794360161,106.65393223655084N,10.357660337858226E
4856,Tây Ninh City-2983.jpeg,0.89388058334589,106.18010463239294N,11.363644641596215E
4857,Tây Ninh City-4712.jpeg,0.8938349559903145,106.13474879227947N,11.39194144361659E
4858,Vĩnh Long-272.jpeg,0.8937626481056213,105.90487863538168N,10.23417527048554E
4859,Yên Mỹ District-2644.jpeg,0.8937433287501335,106.02195317621977N,20.897656477124087E
4860,Châu Thành District-3298.jpeg,0.8937362283468246,106.22931825858986N,10.277218872222601E
4861,Vĩnh Long-671.jpeg,0.8937307521700859,105.98293054621945N,10.242260071062768E
4863,Tam Điệp-1894.jpeg,0.8937119022011757,105.8938262394426N,20.14799227573789E
4868,Binh Minh Town-1251.jpeg,0.8936658874154091,105.82279391278752N,10.024814005675537E
4869,Cai Lậy Town-5716.jpeg,0.8936497122049332,106.16627330725123N,10.467961511263871E
4872,Go Cong Town-2927.jpeg,0.8935572803020477,106.62105188993868N,10.418296342187489E
4874,Mỹ Hào District-3907.jpeg,0.8934945911169052,106.07333379770245N,20.975657480023383E
4876,Cao Lanh City-4066.jpeg,0.8933927267789841,105.6070951632189N,10.485045275156622E
4878,Cao Lanh City-1446.jpeg,0.8933469504117966,105.67971777018008N,10.432494071404587E
4879,Hiệp Hòa District-9115.jpeg,0.8933274447917938,105.96158225386175N,21.39553735180619E
4880,Bến Tre City-1663.jpeg,0.8933142870664597,106.3584313487571N,10.238110139548848E
4881,Cai Lậy Town-4935.jpeg,0.8932978883385658,106.17312373285549N,10.45313937687227E
4890,Sa Đéc City-294.jpeg,0.8931829184293747,105.77510324423783N,10.274803470497138E
4891,Go Cong Town-584.jpeg,0.893134355545044,106.70462277091124N,10.357660337858226E
4894,Yên Mỹ District-3815.jpeg,0.8930395841598511,106.01906853347737N,20.919215945330688E
4896,Chau Doc City-3360.jpeg,0.8930064216256142,105.11384919810367N,10.687700208452133E
4898,Long Hồ District-7211.jpeg,0.8929859846830368,105.9865641487N,10.272567379407823E
4899,Sa Đéc City-1336.jpeg,0.8929749354720116,105.72579643668855N,10.309837606331815E
4903,Duy Tiên District-4391.jpeg,0.8928904011845589,105.93169623446049N,20.65912271316071E
4905,Tây Ninh City-3842.jpeg,0.8928622677922249,106.11688134011352N,11.378466775987837E
4912,Long Hồ District-989.jpeg,0.8927347436547279,106.00847207316117N,10.156685237800826E
4916,Long Hồ District-2629.jpeg,0.8925996348261833,105.97971792230587N,10.176897239243907E
4918,Phu Ly City-1139.jpeg,0.892566978931427,105.95598137312261N,20.52759254233232E
4919,Mỹ Tho-2777.jpeg,0.8925548270344734,106.31768086520566N,10.378566740451355E
4921,Cai Lậy Town-1708.jpeg,0.8923882469534874,106.12517075362561N,10.393850839305879E
4925,Thái Bình-2878.jpeg,0.8921928629279137,106.32632120285044N,20.483714245193053E
4928,Trà Vinh City-2451.jpeg,0.8921849727630615,106.33450174726396N,9.978260642636783E
4929,Trà Vinh City-154.jpeg,0.8921699151396751,106.34544614638844N,9.896065170101627E
4930,Châu Thành District-9816.jpeg,0.8921336941421032,106.32244378214718N,10.321685275397387E
4932,Vĩnh Long-716.jpeg,0.8921016529202461,105.94048126137785N,10.243607537825643E
4933,Cai Lậy Town-4095.jpeg,0.8920545056462288,106.18682458406407N,10.43831724248067E
4935,Mỹ Hào District-1018.jpeg,0.8920293971896172,106.1310383462575N,20.91367400892939E
4938,Go Cong Town-1142.jpeg,0.8919773325324059,106.6758524676256N,10.372482472249823E
4939,Sa Đéc City-1793.jpeg,0.8919522911310196,105.72990533731766N,10.326007207486287E
4941,Go Cong Town-2925.jpeg,0.8918873816728592,106.61831186105434N,10.418296342187489E
4942,Binh Minh Town-3611.jpeg,0.8918626010417938,105.8460575736569N,10.078712676190406E
4943,Cai Lậy Town-4884.jpeg,0.8917644321918488,106.10324939169192N,10.45313937687227E
4944,Long Xuyen City-2044.jpeg,0.8917559236288071,105.42214915978941N,10.35561880663236E
4945,Go Cong Town-3866.jpeg,0.891746498644352,106.62516193326519N,10.434465943341957E
4948,Tây Ninh City-3349.jpeg,0.8917055204510689,106.12375343710043N,11.370381975410586E
4951,Mỹ Hào District-1743.jpeg,0.8916429206728935,106.1065139131216N,20.929843610084347E
4952,Tây Ninh City-6631.jpeg,0.8916257619857788,106.12650227589519N,11.431017979739966E
4954,Trà Vinh City-229.jpeg,0.8915784507989883,106.32082124835837N,9.90010757039024E
4955,Tây Ninh City-748.jpeg,0.8915669396519661,106.09626504915283N,11.31917823842134E
4958,Long Xuyen City-4547.jpeg,0.8915167450904846,105.4468064237052N,10.409517477147261E
4959,Vĩnh Long-85.jpeg,0.8914789259433746,105.99114653683395N,10.227437936671176E
4960,Long Xuyen City-329.jpeg,0.891475111246109,105.48516216757416N,10.315194803746191E
4962,Thanh Liêm District-4801.jpeg,0.8914617821574211,105.88875007871496N,20.467962413387863E
4964,Tây Ninh City-1237.jpeg,0.891437903046608,106.13474879227947N,11.329957972524337E
4967,Sa Đéc City-281.jpeg,0.8913698196411133,105.75729800817835N,10.274803470497138E
4968,Phu Ly City-130.jpeg,0.8913544192910194,105.90849504924903N,20.500643207074113E
4971,Phu Ly City-1478.jpeg,0.8912832587957382,105.95742035263392N,20.53298240938396E
4972,Châu Thành District-1787.jpeg,0.8912781551480293,106.25807761145315N,10.266439138119624E
4973,Chau Doc City-4590.jpeg,0.8912614285945892,105.11522045413554N,10.711954610183856E
4974,Go Cong Town-702.jpeg,0.8912229835987091,106.64845217878214N,10.361702738146843E
4975,Tây Ninh City-1345.jpeg,0.8912180513143539,106.11413250131875N,11.332652906050088E
4976,Tây Ninh City-5482.jpeg,0.8911833018064499,106.12925111468995N,11.405416111245337E
4977,Tây Ninh City-6267.jpeg,0.8910926058888435,106.15948834143228N,11.421585712399843E
4978,Ninh Bình-1428.jpeg,0.8910795673727989,105.96152720866948N,20.250959742820164E
4980,Tây Ninh City-2743.jpeg,0.8910142108798027,106.17460695480347N,11.359602241307586E
4981,Tây Ninh City-542.jpeg,0.8909878060221672,106.08526969397381N,11.313788371369842E
4982,Duy Tiên District-5371.jpeg,0.8909605517983437,105.97920979293177N,20.675292314315648E
4983,Cao Lanh City-4628.jpeg,0.8909527957439423,105.63038920696117N,10.495825009259605E
4984,Mỹ Tho-3570.jpeg,0.8909466862678528,106.35192605293939N,10.392041408080079E
4985,Long Hồ District-5192.jpeg,0.8909362703561783,105.94411754505647N,10.218668708892936E
4990,Tây Ninh City-1310.jpeg,0.8908447101712227,106.15124182504802N,11.331305439287211E
4991,Duy Tiên District-1759.jpeg,0.8908048495650291,106.01232530338144N,20.621393643799195E
4995,Hiệp Hòa District-8619.jpeg,0.8906452804803848,105.97315469012771N,21.38341015093995E
4996,Tam Điệp-2403.jpeg,0.890589714050293,105.87803669181591N,20.156077076315338E
4997,Cai Lậy Town-5193.jpeg,0.8905623108148575,106.13065109410903N,10.458529243923762E
4998,Tây Ninh City-5396.jpeg,0.8905105218291283,106.10863482372925N,11.404068644482464E
4999,Châu Thành District-1711.jpeg,0.890508696436882,106.43748119360033N,10.265091671356753E
5001,Long Hồ District-5497.jpeg,0.8904892206192017,105.91673263947999N,10.225406042707299E
5003,Long Hồ District-5732.jpeg,0.890413910150528,105.94822528089293N,10.229448442995913E
5004,Chau Doc City-4935.jpeg,0.8904121592640877,105.09876538175307N,10.744293812492817E
5005,Long Hồ District-1158.jpeg,0.890374444425106,105.94000980922003N,10.15938017132657E
5008,Go Cong Town-1123.jpeg,0.8903410881757736,106.64982219322431N,10.372482472249823E
5011,Châu Thành District-5613.jpeg,0.8902586624026299,106.41146082672401N,10.290693539851324E
5013,Long Xuyen City-415.jpeg,0.8902439400553703,105.46872399163031N,10.317889737271937E
5015,Sa Đéc City-482.jpeg,0.8901724740862846,105.77373361069478N,10.280193337548628E
5016,Go Cong Town-676.jpeg,0.8901712745428085,106.68681258316299N,10.36035527138397E
5018,Hung Yen City-932.jpeg,0.8901450708508492,106.07632424871774N,20.631392407977735E
5021,Go Cong Town-4254.jpeg,0.890064999461174,106.65667226543519N,10.441203277156319E
5022,Tây Ninh City-3982.jpeg,0.8900512233376503,106.07702317758954N,11.381161709513586E
5024,Long Hồ District-666.jpeg,0.890018992125988,105.97834867702704N,10.15264283751221E
5026,Mỹ Tho-3746.jpeg,0.8899800926446915,106.3998693157666N,10.394736341605826E
5029,Sa Đéc City-1207.jpeg,0.8899619206786156,105.76003727526444N,10.30444773928033E
5030,Thái Bình-1773.jpeg,0.8899574503302574,106.33494997509344N,20.455417443171942E
5031,Binh Minh Town-2520.jpeg,0.8899512514472008,105.87205813580505N,10.050415874170099E
5033,Cai Lậy Town-4271.jpeg,0.8899314105510712,106.10050922145024N,10.442359642769288E
5035,Hiệp Hòa District-8743.jpeg,0.8898912370204926,105.97460124466096N,21.38610508446578E
5039,Cai Lậy Town-4356.jpeg,0.8898576349020004,106.10872973217536N,10.443707109532163E
5041,Long Xuyen City-575.jpeg,0.8897881805896759,105.47694307960226N,10.321932137560555E
5044,Duy Tiên District-1711.jpeg,0.8897035196423531,105.93745545366913N,20.621393643799195E
5047,Duy Tiên District-4013.jpeg,0.8895988538861275,105.92593701525183N,20.65373284610907E
5049,Hiệp Hòa District-7149.jpeg,0.8895446881651878,105.90372007253191N,21.356460815681647E
5050,Go Cong Town-247.jpeg,0.8895411044359207,106.69366265537386N,10.346880603755244E
5053,Long Hồ District-1794.jpeg,0.8893971741199493,105.9153633942012N,10.167464971903803E
5054,Long Hồ District-3001.jpeg,0.8893588408827782,105.87839377167293N,10.182287106295396E
5056,Mỹ Tho-1843.jpeg,0.8893134891986847,106.31220163516828N,10.362397139296887E
5057,Mỹ Tho-440.jpeg,0.8892406299710274,106.35055624543003N,10.33679527080231E
5058,Hiệp Hòa District-2903.jpeg,0.8891940116882324,105.95724259026198N,21.295824811350474E
5061,Ninh Bình-646.jpeg,0.8890970274806023,105.96296340069738N,20.232095208139437E
5062,Ninh Bình-138.jpeg,0.8890954926609993,105.9600910166416N,20.213230673458717E
5063,Long Xuyen City-5361.jpeg,0.8890341594815254,105.45776520766776N,10.432424412116097E
5067,Cai Lậy Town-4036.jpeg,0.8889942020177841,106.10598956193365N,10.43831724248067E
5068,Tây Ninh City-2871.jpeg,0.8889908194541931,106.13337437288207N,11.362297174833339E
5070,Hiệp Hòa District-5838.jpeg,0.8889536038041115,106.01799788065833N,21.337596281000838E
5073,Cai Lậy Town-6403.jpeg,0.8888951689004898,106.11969041314218N,10.484131112418343E
5077,Cao Lanh City-3184.jpeg,0.8888205364346504,105.60024397388295N,10.466180740476403E
5078,Cai Lậy Town-5794.jpeg,0.8888055831193924,106.17586390309722N,10.46930897802674E
5079,Binh Minh Town-2110.jpeg,0.8887906596064568,105.87205813580505N,10.04233107359287E
5081,Tây Ninh City-175.jpeg,0.8887598216533661,106.09076737156332N,11.30300863726684E
5084,Binh Minh Town-1498.jpeg,0.8886831104755402,105.83237306726312N,10.030203872727025E
5085,Trà Vinh City-726.jpeg,0.8886822760105133,106.30850879934333N,9.917624638307569E
5089,Tây Ninh City-6156.jpeg,0.8886104598641396,106.17323253540609N,11.418890778874088E
5092,Long Hồ District-668.jpeg,0.8884944468736649,105.9810871675847N,10.15264283751221E
5094,Duy Tiên District-962.jpeg,0.8884650990366936,105.92305740564751N,20.605224042644267E
5095,Long Hồ District-1314.jpeg,0.888432577252388,106.01257980899764N,10.16072763808944E
5097,Hiệp Hòa District-3367.jpeg,0.8884220570325851,105.89938040893217N,21.303909611927963E
5101,Sa Đéc City-1750.jpeg,0.8882290795445442,105.72168753605945N,10.324659740723416E
5102,Go Cong Town-1593.jpeg,0.8882270380854607,106.67311243874127N,10.384609673115675E
5105,Tây Ninh City-4772.jpeg,0.8881629034876823,106.10176272674236N,11.393288910379463E
5106,Duy Tiên District-3729.jpeg,0.8881468996405602,105.94033506327347N,20.649690445820323E
5110,Tây Ninh City-6297.jpeg,0.8880638256669044,106.11688134011352N,11.422933179162715E
5115,Trà Vinh City-76.jpeg,0.8879342973232269,106.34271004660732N,9.892022769813014E
5124,Cai Lậy Town-2570.jpeg,0.8878375515341759,106.17449381797637N,10.40867297369747E
5127,Thanh Liêm District-5413.jpeg,0.8877820000052452,105.95058652428204N,20.476047213965323E
5131,Cao Lanh City-1075.jpeg,0.8876368254423141,105.63724039629714N,10.427104204353101E
5133,Cai Lậy Town-1934.jpeg,0.8875767812132835,106.10461947681281N,10.397893239594495E
5139,Binh Minh Town-537.jpeg,0.8875134363770485,105.85974208005064N,10.007296937758207E
5140,Phu Ly City-3020.jpeg,0.8874875977635384,105.92288484436223N,20.559931744642174E
5142,Cao Lanh City-5014.jpeg,0.8874528259038925,105.63724039629714N,10.503909809836841E
5143,Ninh Bình-1342.jpeg,0.887435182929039,106.00604916153425N,20.248264809294348E
5145,Go Cong Town-3937.jpeg,0.8873881101608276,106.61420181772779N,10.435813410104826E
5151,Go Cong Town-2803.jpeg,0.8872266113758087,106.63338201991824N,10.415601408661741E
5153,Tây Ninh City-220.jpeg,0.8872119635343552,106.09763946855021N,11.304356104029715E
5156,Mỹ Tho-2927.jpeg,0.8871455192565918,106.31631105769634N,10.381261673977102E
5157,Go Cong Town-1188.jpeg,0.8871038258075714,106.67037240985691N,10.373829939012698E
5158,Cao Lanh City-3422.jpeg,0.8871014788746834,105.60983563895327N,10.471570607527898E
5160,Long Xuyen City-34.jpeg,0.8870586380362511,105.44406672771456N,10.305762536406087E
5167,Tây Ninh City-1531.jpeg,0.8869089260697365,106.1182557595109N,11.336695306338713E
5168,Mỹ Tho-2224.jpeg,0.886900506913662,106.3998693157666N,10.367787006348378E
5169,Sa Đéc City-321.jpeg,0.8868661299347878,105.7463409398341N,10.276150937260013E
5170,Mỹ Hào District-1963.jpeg,0.8868655487895012,106.10939914054937N,20.93388601037309E
5171,Mỹ Hào District-1420.jpeg,0.886776439845562,106.0949730034106N,20.923106276269785E
5172,Cai Lậy Town-6713.jpeg,0.8867604061961174,106.10598956193365N,10.496258313284194E
5176,Tây Ninh City-650.jpeg,0.8866567090153694,106.10451156553712N,11.316483304895591E
5181,Mỹ Tho-3955.jpeg,0.8865317329764366,106.38206181814505N,10.400126208657317E
5182,Long Xuyen City-4033.jpeg,0.8865149542689323,105.41940946379876N,10.397390276281406E
5183,Chau Doc City-3507.jpeg,0.8865107223391533,105.08368156540244N,10.690395141977882E
5184,Hiệp Hòa District-2636.jpeg,0.8865054100751877,106.02523065332454N,21.29043494429881E
5185,Long Xuyen City-4882.jpeg,0.8865039944648743,105.4084506798362N,10.418949744487366E
5188,Thanh Liêm District-4434.jpeg,0.8864544704556465,105.89881647683056N,20.46257254633622E
5189,Go Cong Town-1871.jpeg,0.8864132985472679,106.64434213545564N,10.39269447369291E
5190,Cao Lanh City-4361.jpeg,0.8863582611083984,105.64135110989872N,10.490435142208117E
5199,Trà Vinh City-1114.jpeg,0.8861321061849594,106.31945319846783N,9.933794239462024E
5203,Cai Lậy Town-5876.jpeg,0.8860581964254379,106.10050922145024N,10.472003911552486E
5206,Go Cong Town-2837.jpeg,0.8859493657946587,106.67996251095214N,10.415601408661741E
5207,Long Hồ District-3050.jpeg,0.8859400004148483,105.94548679033528N,10.182287106295396E
5210,Cai Lậy Town-3802.jpeg,0.8859185427427292,106.19641517991002N,10.432927375429179E
5211,Cai Lậy Town-5915.jpeg,0.8858791217207909,106.15394254116356N,10.472003911552486E
5212,Vĩnh Long-287.jpeg,0.8858717903494835,105.94321992491601N,10.23417527048554E
5214,Tam Điệp-1094.jpeg,0.8858245871961117,105.91392202733114N,20.133170141345904E
5219,Cai Lậy Town-2970.jpeg,0.8856974318623543,106.17586390309722N,10.416757774274714E
5221,Hiệp Hòa District-803.jpeg,0.8856835216283798,105.95724259026198N,21.25674827522595E
5222,Chau Doc City-1899.jpeg,0.8856825456023216,105.12070547826302N,10.66479327348329E
5224,Cai Lậy Town-4454.jpeg,0.8856173455715179,106.1347613494716N,10.445054576295032E
5225,Mỹ Tho-2570.jpeg,0.8855883777141571,106.34370720788327N,10.37452434016274E
5227,Tây Ninh City-5038.jpeg,0.8855141773819923,106.13199995348471N,11.39733131066809E
5229,Mỹ Tho-3152.jpeg,0.8854449242353439,106.3108318276589N,10.385304074265717E
5230,Vĩnh Long-398.jpeg,0.8854318559169769,105.94185059314692N,10.236870204011284E
5232,Go Cong Town-2186.jpeg,0.8854014948010445,106.64845217878214N,10.40077927427014E
5233,Duy Tiên District-281.jpeg,0.8853622078895569,105.96337194010802N,20.57288484033442E
5236,Mỹ Hào District-158.jpeg,0.885278046131134,106.1065139131216N,20.88807214043406E
5240,Go Cong Town-4922.jpeg,0.8852361962199211,106.65256222210868N,10.473542479465264E
5242,Cao Lanh City-2965.jpeg,0.885192908346653,105.6249082554924N,10.460790873424916E
5243,Binh Minh Town-541.jpeg,0.8851833567023277,105.86521588260818N,10.007296937758207E
5244,Go Cong Town-2095.jpeg,0.8851824179291725,106.66900239541475N,10.398084340744397E
5246,Châu Thành District-1503.jpeg,0.8851735964417458,106.38270147386073N,10.263744204593879E
5247,Bến Tre City-1665.jpeg,0.8851328045129776,106.36116987867425N,10.238110139548848E
5248,Thái Bình-2740.jpeg,0.88509551435709,106.33207371767911N,20.47967184490432E
5250,Mỹ Tho-3777.jpeg,0.8849683701992035,106.35055624543003N,10.396083808368703E
5256,Hiệp Hòa District-5953.jpeg,0.88485898822546,106.02957031692426N,21.33894374776375E
5257,Long Xuyen City-4728.jpeg,0.8848282098770142,105.40571098384557N,10.414907344198749E
5258,Duy Tiên District-2182.jpeg,0.8847980573773384,105.93745545366913N,20.62813097761375E
5260,Cai Lậy Town-6129.jpeg,0.8847281560301781,106.17586390309722N,10.476046311841102E
5261,Tây Ninh City-2337.jpeg,0.8847209364175797,106.15536508324013N,11.352864907493213E
5262,Duy Tiên District-3292.jpeg,0.8847202137112617,106.01808452259013N,20.642953112005777E
5263,Sa Đéc City-65.jpeg,0.8847089037299156,105.7394927721189N,10.266718669919909E
5266,Cai Lậy Town-1460.jpeg,0.8846954256296158,106.11832032802134N,10.38980843901726E
5267,Cao Lanh City-1429.jpeg,0.8846705406904221,105.65642372643782N,10.432494071404587E
5277,Go Cong Town-2149.jpeg,0.8844143748283386,106.67174242429908N,10.399431807507273E
5282,Binh Minh Town-3851.jpeg,0.884340725839138,105.84742602429628N,10.085450010004763E
5283,Go Cong Town-4386.jpeg,0.8842839151620865,106.6306419910339N,10.445245677444937E
5285,Long Xuyen City-2301.jpeg,0.8842623084783554,105.45091596769116N,10.361008673683854E
5286,Trà Vinh City-883.jpeg,0.8842609375715256,106.30987684923393N,9.923014505359054E
5287,Long Hồ District-5629.jpeg,0.8842594102025032,106.01531829955528N,10.226753509470168E
5290,Hiệp Hòa District-6733.jpeg,0.8842337802052498,105.99629956265962N,21.349723481867073E
5291,Tây Ninh City-786.jpeg,0.8841652497649193,106.14849298625326N,11.31917823842134E
5292,Châu Thành District-380.jpeg,0.884147010743618,106.41556930570448N,10.25161700372803E
5295,Hiệp Hòa District-2680.jpeg,0.8840863928198814,105.98328057186043N,21.291782411061728E
5296,Long Hồ District-3247.jpeg,0.884049192070961,105.91399414892234N,10.184982039821136E
5299,Binh Minh Town-4445.jpeg,0.8840424194931984,105.85563672813252N,10.10431454468497E
5301,Thái Bình-2442.jpeg,0.8839536085724831,106.32488307414329N,20.47158704432686E
5302,Cai Lậy Town-2089.jpeg,0.8838763013482094,106.10735964705452N,10.400588173120237E
5303,Vĩnh Long-694.jpeg,0.8838649764657021,105.910355962458N,10.243607537825643E
5304,Thái Bình-485.jpeg,0.8838450834155083,106.34645500475075N,20.42846810791374E
5305,Tây Ninh City-34.jpeg,0.8838449791073799,106.111383662524N,11.29627130345247E
5307,Long Hồ District-8460.jpeg,0.8837741538882256,105.98245641286351N,10.295474314376653E
5309,Phu Ly City-952.jpeg,0.8837486803531647,105.9214458648509N,20.524897608806498E
5317,Vĩnh Long-315.jpeg,0.8836024478077888,105.98156121445038N,10.23417527048554E
5319,Long Hồ District-4443.jpeg,0.8835127428174019,106.00847207316117N,10.202499107738472E
5320,Mỹ Tho-1502.jpeg,0.8835030347108841,106.39302027821981N,10.355659805482526E
5323,Vĩnh Long-1776.jpeg,0.8834785670042038,105.91720262130343N,10.26112460574298E
5324,Thanh Liêm District-2874.jpeg,0.8834611475467682,105.85711282749462N,20.441013078129664E
5326,Long Hồ District-3008.jpeg,0.8834401518106461,105.8879784886247N,10.182287106295396E
5333,Thanh Liêm District-778.jpeg,0.8832034468650818,105.9160731593144N,20.40193654200528E
5334,Cai Lậy Town-1471.jpeg,0.883160687983036,106.13339126435075N,10.38980843901726E
5336,Hiệp Hòa District-692.jpeg,0.8831325545907021,105.97170813559445N,21.25270587493721E
5339,Cai Lậy Town-2083.jpeg,0.8831024691462517,106.0991391363294N,10.400588173120237E
5343,Sa Đéc City-2881.jpeg,0.8830547332763672,105.71483936834429N,10.373168544186822E
5349,Hiệp Hòa District-7177.jpeg,0.882929902523756,105.9442235994628N,21.356460815681647E
5351,Go Cong Town-1717.jpeg,0.8828743472695351,106.64297212101346N,10.38865207340429E
5354,Tây Ninh City-627.jpeg,0.882793202996254,106.13887205047158N,11.315135838132713E
5361,Cai Lậy Town-4563.jpeg,0.8826759904623032,106.17723398821808N,10.446402043057908E
5362,Cai Lậy Town-2805.jpeg,0.8826620727777481,106.12106049826308N,10.414062840748963E
5365,Go Cong Town-1279.jpeg,0.8824552595615387,106.65667226543519N,10.37652487253844E
5366,Mỹ Tho-1725.jpeg,0.8824319243431091,106.36973355056092N,10.359702205771145E
5367,Long Hồ District-793.jpeg,0.8824273198843002,106.01668754483413N,10.153990304275084E
5368,Thanh Liêm District-4278.jpeg,0.8824267610907555,105.94339623991378N,20.459877612810402E
5369,Cao Lanh City-2067.jpeg,0.8824112936854362,105.61805706615645N,10.443273805507571E
5374,Sa Đéc City-1005.jpeg,0.882232628762722,105.76140690880747N,10.297710405465965E
5377,Thanh Liêm District-1869.jpeg,0.8821803033351898,105.91894927306168N,20.424843476974743E
5378,Cao Lanh City-1559.jpeg,0.8821776509284973,105.60161421175015N,10.435189004930333E
5379,Bac Giang City-1952.jpeg,0.8821754455566406,106.14322951457228N,21.28204721077117E
5383,Châu Thành District-2869.jpeg,0.8820880576968193,106.210145356681N,10.274523938696857E
5385,Mỹ Tho-4035.jpeg,0.8820446580648422,106.37932220312635N,10.404168608945934E
5387,Long Hồ District-3290.jpeg,0.8820383101701736,105.97287169591176N,10.184982039821136E
5389,Long Xuyen City-2220.jpeg,0.8820219412446022,105.42488885578004N,10.359661206920979E
5391,Binh Minh Town-2159.jpeg,0.8819451853632927,105.8460575736569N,10.043678540355744E
5392,Long Xuyen City-4026.jpeg,0.8818543329834938,105.40982052783156N,10.397390276281406E
5393,Trà Vinh City-1320.jpeg,0.8818531036376953,106.33450174726396N,9.944573973564998E
5395,Sa Đéc City-1695.jpeg,0.8818409666419029,105.74771057337713N,10.321964807197668E
5396,Châu Thành District-5556.jpeg,0.8818145766854286,106.33339972609507N,10.290693539851324E
5397,Cao Lanh City-546.jpeg,0.8817495629191399,105.60572492535172N,10.419019403775863E
5398,Trà Vinh City-1007.jpeg,0.8817417100071907,106.346814196279N,9.92705690564767E
5401,Tây Ninh City-3301.jpeg,0.8817242681980133,106.17048369661134N,11.369034508647713E
5403,Ninh Bình-1527.jpeg,0.8816017881035805,105.95721863258582N,20.253654676345977E
5406,Long Hồ District-4415.jpeg,0.8814147338271141,105.9701332053541N,10.202499107738472E
5408,Long Hồ District-70.jpeg,0.8813808634877205,105.92631735643175N,10.140515636646363E
5411,Go Cong Town-4020.jpeg,0.8813451901078224,106.61968187549651N,10.4371608768677E
5413,Go Cong Town-1813.jpeg,0.8812924921512604,106.63338201991824N,10.391347006930033E
5416,Cao Lanh City-4899.jpeg,0.8812562972307205,105.64135110989872N,10.501214876311098E
5417,Tam Điệp-2050.jpeg,0.8812505975365639,105.88664917233955N,20.150687209263705E
5419,Duy Tiên District-3421.jpeg,0.8812301605939865,105.92017779604318N,20.645648045531594E
5420,Long Hồ District-5280.jpeg,0.8812069222331047,105.97424094119057N,10.220016175655811E
5425,Sa Đéc City-372.jpeg,0.8810243606567383,105.75181947400624N,10.277498404022884E
5426,Phu Ly City-2133.jpeg,0.880938246846199,105.93583565996408N,20.543762143487246E
5430,Trà Vinh City-757.jpeg,0.8808747678995132,106.35091834595066N,9.917624638307569E
5431,Go Cong Town-805.jpeg,0.8808091729879379,106.64160210657127N,10.364397671672586E
5432,Binh Minh Town-2857.jpeg,0.8808041550219059,105.83647841918126N,10.058500674747329E
5439,Long Hồ District-2756.jpeg,0.8806143775582314,105.99888735620941N,10.178244706006778E
5440,Hiệp Hòa District-5630.jpeg,0.8805988132953644,106.02378409879131N,21.334901347475004E
5441,Tây Ninh City-472.jpeg,0.8805984929203987,106.1182557595109N,11.311093437844091E
5442,Hiệp Hòa District-6730.jpeg,0.8805893808603287,105.99195989905994N,21.349723481867073E
5449,Tây Ninh City-6417.jpeg,0.8804834261536598,106.11963017890828N,11.425628112688466E
5450,Yên Mỹ District-4256.jpeg,0.880475603044033,106.02195317621977N,20.931343146196898E
5451,Hung Yen City-2684.jpeg,0.8804363459348679,106.08784484851255N,20.682596144968354E
5455,Mỹ Hào District-1841.jpeg,0.8803568631410599,106.15123493825179N,20.931191076847256E
5456,Vĩnh Long-441.jpeg,0.8803503587841988,105.90898663068893N,10.238217670774157E
5457,Tây Ninh City-2447.jpeg,0.8803308829665184,106.09351621035809N,11.355559841018964E
5458,Go Cong Town-794.jpeg,0.8802951350808144,106.70051272758474N,10.363050204909717E
5459,Sa Đéc City-2361.jpeg,0.8802512735128403,105.72716607023159N,10.350261609217988E
5460,Cai Lậy Town-5317.jpeg,0.8802200257778168,106.10598956193365N,10.461224177449507E
5462,Cai Lậy Town-1512.jpeg,0.8801436722278595,106.18956475430575N,10.38980843901726E
5469,Long Hồ District-5909.jpeg,0.8800657913088799,106.01805679011294N,10.232143376521655E
5470,Châu Thành District-8209.jpeg,0.8800081163644791,106.3868099528412N,10.308210607768663E
5471,Long Hồ District-4219.jpeg,0.8799950033426285,105.99204112981529N,10.198456707449855E
5473,Vĩnh Long-2117.jpeg,0.879948578774929,105.910355962458N,10.26786193955734E
5474,Binh Minh Town-3321.jpeg,0.8799019604921341,105.84879447493567N,10.070627875613173E
5475,Bến Tre City-1990.jpeg,0.8798139840364456,106.37212399834277N,10.243500006600332E
5479,Bac Giang City-1720.jpeg,0.8797224014997482,106.15190525828908N,21.278004810482425E
5481,Go Cong Town-349.jpeg,0.87969109416008,106.68133252539432N,10.350923004043862E
5483,Thái Bình-311.jpeg,0.879666157066822,106.31625430190032N,20.423078240862104E
5485,Binh Minh Town-3157.jpeg,0.87955042719841,105.828267715345N,10.066585475324558E
5490,Cao Lanh City-4640.jpeg,0.8794725388288498,105.64683206136746N,10.495825009259605E
5491,Hung Yen City-953.jpeg,0.8793963380157948,106.10656582317917N,20.631392407977735E
5492,Long Hồ District-3738.jpeg,0.8793913573026657,106.01257980899764N,10.190371906872624E
5495,Go Cong Town-3344.jpeg,0.8793722614645958,106.67859249650996N,10.425033676001851E
5496,Châu Thành District-56.jpeg,0.8793570771813393,106.22247079362242N,10.243532203150798E
5497,Trà Vinh City-841.jpeg,0.8793524578213692,106.30577269956223N,9.921667038596183E
5498,Bac Giang City-3063.jpeg,0.8793170675635338,106.1678107884366N,21.304954145740723E
5500,Vĩnh Long-388.jpeg,0.8793157115578651,105.9117252942271N,10.236870204011284E
5505,Sa Đéc City-2666.jpeg,0.8792148157954216,105.72990533731766N,10.362388810083837E
5506,Cao Lanh City-4441.jpeg,0.8792053535580635,105.65642372643782N,10.491782608970986E
5510,Cai Lậy Town-4552.jpeg,0.8791539147496223,106.16216305188868N,10.446402043057908E
5513,Long Hồ District-1523.jpeg,0.8790939673781395,105.99888735620941N,10.163422571615186E
5517,Duy Tiên District-115.jpeg,0.8790407329797745,105.96481174491018N,20.566147506519858E
5520,Cai Lậy Town-2856.jpeg,0.8789550587534904,106.10187930657109N,10.415410307511838E
5523,Bến Tre City-1250.jpeg,0.8789146766066551,106.37486252825991N,10.230025338971611E
5524,Tây Ninh City-1811.jpeg,0.8789120241999626,106.08389527457642N,11.343432640153088E
5530,Châu Thành District-4501.jpeg,0.8787336722016335,106.37585400889328N,10.283956206036958E
5531,Go Cong Town-4307.jpeg,0.8787333965301514,106.65256222210868N,10.44255074391919E
5532,Go Cong Town-4514.jpeg,0.8786483928561211,106.64982219322431N,10.449288077733554E
5533,Tây Ninh City-2144.jpeg,0.8786435499787331,106.08939295216592N,11.350169973967462E
5536,Tây Ninh City-1174.jpeg,0.878461554646492,106.13199995348471N,11.328610505761462E
5538,Tây Ninh City-1252.jpeg,0.8783798515796661,106.15536508324013N,11.329957972524337E
5539,Hiệp Hòa District-750.jpeg,0.878360278904438,105.9413304903963N,21.25540080846303E
5540,Go Cong Town-3855.jpeg,0.8783562853932381,106.6100917744013N,10.434465943341957E
5541,Long Hồ District-6291.jpeg,0.8783154264092445,106.00162584676706N,10.242923110624638E
5550,Go Cong Town-3392.jpeg,0.8781118541955948,106.62927197659172N,10.426381142764722E
5551,Tây Ninh City-2832.jpeg,0.8781030401587486,106.0797720163843N,11.362297174833339E
5552,Bến Tre City-999.jpeg,0.8780926242470741,106.3529542889228N,10.224635471920122E
5554,Go Cong Town-897.jpeg,0.8780494332313538,106.69366265537386N,10.365745138435459E
5556,Châu Thành District-2551.jpeg,0.8779470100998878,106.31422682418624N,10.271829005171114E
5557,Go Cong Town-179.jpeg,0.8779202774167061,106.6922926409317N,10.344185670229502E
5558,Long Hồ District-5399.jpeg,0.8778976276516914,105.95917924312353N,10.222711109181553E
5562,Binh Minh Town-4391.jpeg,0.8777744919061661,105.84468912301752N,10.101619611159222E
5564,Yên Mỹ District-3971.jpeg,0.8777142614126205,106.0608958532426N,20.921910878856515E
5566,Bac Giang City-2036.jpeg,0.877694882452488,106.15190525828908N,21.28339467753409E
5569,Cai Lậy Town-1167.jpeg,0.877609021961689,106.16490322213039N,10.38441857196577E
5570,Long Hồ District-1501.jpeg,0.8775788843631744,105.9687639600753N,10.163422571615186E
5575,Long Hồ District-4821.jpeg,0.8775086104869843,105.97287169591176N,10.210583908315703E
5578,Thanh Liêm District-6546.jpeg,0.877448596060276,105.88875007871496N,20.49356428188315E
5581,Ninh Bình-665.jpeg,0.8773425966501236,105.99025104922738N,20.232095208139437E
5582,Cai Lậy Town-1169.jpeg,0.8773336932063103,106.16764339237213N,10.38441857196577E
5584,Bến Tre City-2918.jpeg,0.8773098737001419,106.39677076759702N,10.259669607754798E
5585,Cao Lanh City-2536.jpeg,0.8772933930158615,105.65094277496904N,10.45135860608481E
5586,Binh Minh Town-2306.jpeg,0.8772888481616974,105.86111053069003N,10.046373473881486E
5587,Tam Điệp-1278.jpeg,0.8772782757878304,105.8751658649747N,20.13721254163463E
5590,Cao Lanh City-2246.jpeg,0.8772071897983551,105.6454618235003N,10.44596873903332E
5592,Go Cong Town-1086.jpeg,0.8771648108959198,106.66763238097258N,10.371135005486948E
5593,Cai Lậy Town-2825.jpeg,0.8771322667598724,106.14846220068013N,10.414062840748963E
5595,Thái Bình-1023.jpeg,0.8771194815635681,106.30618740095012N,20.440595308779933E
5596,Thanh Liêm District-6437.jpeg,0.8771192952990532,105.97503349113417N,20.49086934835734E
5599,Cai Lậy Town-1644.jpeg,0.8770316243171692,106.14846220068013N,10.392503372543006E
5601,Trà Vinh City-1667.jpeg,0.8770177587866783,106.31534904879615N,9.958048641193713E
5602,Cao Lanh City-3385.jpeg,0.8770056888461113,105.63861063416432N,10.470223140765023E
5606,Phu Ly City-2994.jpeg,0.8769667968153954,105.9919558609056N,20.558584277879262E
5608,Ninh Bình-2222.jpeg,0.8769379667937756,105.96583578475317N,20.27656161131543E
5612,Tây Ninh City-1214.jpeg,0.8768376111984253,106.10313714613972N,11.329957972524337E
5614,Sa Đéc City-2269.jpeg,0.8767937794327736,105.73675350503285N,10.34621920892937E
5615,Binh Minh Town-3033.jpeg,0.8767608627676964,105.86521588260818N,10.062543075035945E
5619,Bac Giang City-2869.jpeg,0.876735232770443,106.172148660295N,21.29956427868906E
5621,Thái Bình-2291.jpeg,0.8766646087169647,106.33351184638626N,20.46754464403813E
5626,Cai Lậy Town-2929.jpeg,0.8765685260295868,106.11969041314218N,10.416757774274714E
5628,Go Cong Town-696.jpeg,0.8765033334493637,106.71421287200647N,10.36035527138397E
5629,Thanh Liêm District-6951.jpeg,0.8764411360025406,105.88875007871496N,20.50030161569771E
5631,Cai Lậy Town-5899.jpeg,0.8764247372746468,106.1320211792299N,10.472003911552486E
5636,Ninh Bình-1932.jpeg,0.8763151094317436,105.96870816880897N,20.265781877212163E
5637,Long Xuyen City-4039.jpeg,0.8763010874390602,105.4276285517707N,10.397390276281406E
5639,Tây Ninh City-4113.jpeg,0.8762896880507469,106.14024646986898N,11.382509176276463E
5641,Go Cong Town-4820.jpeg,0.8762708380818367,106.64982219322431N,10.466805145650902E
5642,Hiệp Hòa District-6159.jpeg,0.8762224465608597,106.01944443519157N,21.34163868128958E
5643,Vĩnh Long-48.jpeg,0.8762218579649925,105.95006658376147N,10.226090469908309E
5644,Long Xuyen City-3967.jpeg,0.8762145638465881,105.40708083184089N,10.396042809518535E
5645,Cai Lậy Town-1971.jpeg,0.876181960105896,106.15531262628441N,10.397893239594495E
5646,Long Hồ District-650.jpeg,0.876108892261982,105.93042509226822N,10.15264283751221E
5648,Go Cong Town-3687.jpeg,0.8760559782385826,106.59502161553738N,10.431771009816211E
5649,Trà Vinh City-179.jpeg,0.8760328441858292,106.34134199671676N,9.8974126368645E
5650,Long Hồ District-1691.jpeg,0.8760242387652397,105.92631735643175N,10.16611750514093E
5653,Tây Ninh City-522.jpeg,0.8759341016411781,106.12100459830566N,11.312440904606968E
5657,Mỹ Tho-2267.jpeg,0.8758694902062416,106.35055624543003N,10.369134473111249E
5663,Châu Thành District-7318.jpeg,0.8757803067564964,106.2238402866159N,10.302820740717173E
5666,Tây Ninh City-1350.jpeg,0.8757408112287521,106.12100459830566N,11.332652906050088E
5678,Cai Lậy Town-402.jpeg,0.8753587529063225,106.16079296676783N,10.369596437574177E
5682,Binh Minh Town-3079.jpeg,0.8752618953585625,105.85837362941128N,10.063890541798811E
5683,Cai Lậy Town-6661.jpeg,0.8752588629722595,106.10461947681281N,10.493563379758449E
5684,Go Cong Town-1224.jpeg,0.8752401024103165,106.64982219322431N,10.375177405775567E
5685,Bến Tre City-2531.jpeg,0.8751552924513817,106.33789237437855N,10.252932273940436E
5686,Bến Tre City-2305.jpeg,0.8751518651843071,106.34336943421283N,10.24888987365182E
5687,Yên Mỹ District-251.jpeg,0.8751159682869911,106.06378049598504N,20.850495140422154E
5689,Tây Ninh City-6612.jpeg,0.8750220462679863,106.17185811600866N,11.429670512977088E
5690,Go Cong Town-630.jpeg,0.875006414949894,106.6964026842582N,10.359007804621099E
5697,Cai Lậy Town-3797.jpeg,0.8749201446771622,106.18956475430575N,10.432927375429179E
5698,Mỹ Hào District-83.jpeg,0.8748706951737404,106.08920254855506N,20.884029740145316E
5699,Duy Tiên District-331.jpeg,0.8748606890439987,105.98784862174475N,20.57423230709733E
5700,Vĩnh Long-95.jpeg,0.8748510703444481,105.91720262130343N,10.228785403434047E
5701,Hung Yen City-2818.jpeg,0.874786727130413,106.0864047735382N,20.686638545257086E
5704,Duy Tiên District-3349.jpeg,0.8747471868991852,105.95761272089936N,20.644300578768686E
5705,Go Cong Town-4039.jpeg,0.8747335150837898,106.6457121498978N,10.4371608768677E
5706,Thái Bình-2247.jpeg,0.8747187182307243,106.3478931334579N,20.466197177275223E
5707,Phu Ly City-3485.jpeg,0.8746576905250549,105.93007974191885N,20.569364011982547E
5710,Cai Lậy Town-4482.jpeg,0.8745110630989075,106.17312373285549N,10.445054576295032E
5714,Mỹ Tho-3673.jpeg,0.8744430392980576,106.39575989323852N,10.393388874842957E
5715,Tây Ninh City-4589.jpeg,0.8744272217154503,106.08114643578168N,11.390593976853712E
5716,Binh Minh Town-2291.jpeg,0.8744117990136147,105.84058377109939N,10.046373473881486E
5719,Yên Mỹ District-3435.jpeg,0.8743560016155243,106.05656888912895N,20.911131144753217E
5720,Mỹ Hào District-2603.jpeg,0.8743559122085571,106.07333379770245N,20.94466574447639E
5721,Cai Lậy Town-5255.jpeg,0.8743390217423439,106.11832032802134N,10.459876710686634E
5724,Long Hồ District-5489.jpeg,0.8743012920022011,105.99751811093057N,10.224058575944424E
5726,Tây Ninh City-2438.jpeg,0.8742760792374611,106.08114643578168N,11.355559841018964E
5732,Mỹ Hào District-1066.jpeg,0.8741201832890511,106.11949743654648N,20.915021475692306E
5733,Binh Minh Town-2233.jpeg,0.8741014897823334,105.85426827749315N,10.045026007118615E
5734,Mỹ Tho-3456.jpeg,0.8740688636898994,106.40397873829461N,10.389346474554337E
5737,Go Cong Town-1071.jpeg,0.8738995119929314,106.64708216433996N,10.371135005486948E
5738,Long Hồ District-2093.jpeg,0.8738933056592941,106.01805679011294N,10.170159905429546E
5739,Long Xuyen City-1894.jpeg,0.8738224357366562,105.45913505566305N,10.351576406343744E
5740,Go Cong Town-2805.jpeg,0.8738150149583817,106.6361220488026N,10.415601408661741E
5745,Mỹ Hào District-1273.jpeg,0.8736692368984222,106.15556277939342N,20.919063875981042E
5746,Hiệp Hòa District-3976.jpeg,0.8736605942249298,105.97604779919419N,21.311994412505456E
5747,Thái Bình-452.jpeg,0.8736454322934151,106.37090319277254N,20.427120641150832E
5748,Go Cong Town-4396.jpeg,0.8736341521143913,106.64434213545564N,10.445245677444937E
5750,Tây Ninh City-4439.jpeg,0.8735994249582291,106.11550692071616N,11.387899043327963E
5751,Go Cong Town-3780.jpeg,0.8735538050532341,106.61557183216999N,10.43311847657908E
5753,Cai Lậy Town-2479.jpeg,0.8734971955418587,106.14709211555929N,10.407325506934605E
5757,Cai Lậy Town-3158.jpeg,0.8733980804681778,106.17723398821808N,10.420800174563325E
5759,Mỹ Tho-3797.jpeg,0.8732934221625328,106.377952395617N,10.396083808368703E
5768,Cao Lanh City-4844.jpeg,0.8731421753764153,105.64957253710186N,10.499867409548223E
5769,Long Hồ District-1105.jpeg,0.8731370940804482,106.02216452594939N,10.158032704563702E
5771,Duy Tiên District-1738.jpeg,0.8731055930256844,105.97633018332745N,20.621393643799195E
5772,Long Hồ District-3878.jpeg,0.8730616644024849,105.95096377145056N,10.193066840398368E
5773,Long Hồ District-8153.jpeg,0.8730497807264328,105.95644075256588N,10.290084447325158E
5775,Cao Lanh City-2210.jpeg,0.873024120926857,105.59613326028135N,10.44596873903332E
5778,Mỹ Tho-1097.jpeg,0.8730160668492317,106.38754104818243N,10.348922471668164E
5779,Thanh Liêm District-6750.jpeg,0.8730114251375198,105.9606529223976N,20.496259215408976E
5781,Mỹ Hào District-552.jpeg,0.872993104159832,106.11372698169097N,20.90154680806318E
5785,Tây Ninh City-1091.jpeg,0.8729720562696457,106.10176272674236N,11.327263038998591E
5787,Mỹ Tho-1968.jpeg,0.8729414865374565,106.37384297308895N,10.36374460605976E
5789,Mỹ Hào District-1705.jpeg,0.8729040697216988,106.14690709711016N,20.928496143321432E
5793,Sa Đéc City-505.jpeg,0.872688427567482,105.74223203920499N,10.2815408043115E
5795,Long Xuyen City-1753.jpeg,0.872548796236515,105.43036824776134N,10.348881472817999E
5797,Trà Vinh City-292.jpeg,0.8725114986300468,106.36049469518458N,9.901455037153116E
5798,Binh Minh Town-2205.jpeg,0.8725065812468529,105.81595165959065N,10.045026007118615E
5799,Go Cong Town-3130.jpeg,0.8725057989358902,106.60872175995914N,10.422338742476105E
5801,Cai Lậy Town-4624.jpeg,0.8724817335605621,106.15531262628441N,10.447749509820778E
5804,Binh Minh Town-2979.jpeg,0.8724452927708626,105.86111053069003N,10.061195608273072E
5805,Sa Đéc City-2180.jpeg,0.8724149912595749,105.74223203920499N,10.342176808640756E
5806,Cai Lậy Town-6327.jpeg,0.8723980858922005,106.13887160483415N,10.481436178892595E
5807,Bến Tre City-1326.jpeg,0.8723922818899155,106.38992444280417N,10.231372805734486E
5809,Mỹ Tho-3350.jpeg,0.8722636923193932,106.36699393554221N,10.387999007791462E
5810,Tây Ninh City-2128.jpeg,0.8722287639975548,106.1581139220349N,11.348822507204586E
5811,Hiệp Hòa District-7017.jpeg,0.8721829503774643,105.98762023546017N,21.353765882155816E
5814,Duy Tiên District-3207.jpeg,0.8721232265233994,105.89570111440646N,20.642953112005777E
5816,Yên Mỹ District-4308.jpeg,0.872102253139019,106.04503031815923N,20.932690612959814E
5818,Long Hồ District-551.jpeg,0.8720657080411911,105.92631735643175N,10.151295370749338E
5822,Duy Tiên District-3386.jpeg,0.871987909078598,106.01088549857933N,20.644300578768686E
5824,Hiệp Hòa District-6008.jpeg,0.8719691634178162,105.95434948119552N,21.340291214526662E
5826,Binh Minh Town-773.jpeg,0.8719483464956284,105.89258489539569N,10.012686804809697E
5827,Tây Ninh City-2643.jpeg,0.8719327226281166,106.14574414745852N,11.358254774544713E
5829,Ninh Bình-1542.jpeg,0.8719223961234093,105.97876151300423N,20.253654676345977E
5830,Châu Thành District-3293.jpeg,0.8719135299324989,106.22247079362242N,10.277218872222601E
5832,Tây Ninh City-164.jpeg,0.8719068393111229,106.07564875819214N,11.30300863726684E
5833,Cai Lậy Town-2308.jpeg,0.8718887716531754,106.10872973217536N,10.404630573408856E
5835,Binh Minh Town-586.jpeg,0.8718504309654236,105.8570051787719N,10.008644404521078E
5836,Vĩnh Long-37.jpeg,0.8718451634049416,105.95554391083778N,10.224743003145434E
5839,Long Hồ District-4613.jpeg,0.8718098700046539,105.95917924312353N,10.206541508027088E
5840,Binh Minh Town-681.jpeg,0.8718052506446838,105.84195222173878N,10.01133933804682E
5841,Long Hồ District-3672.jpeg,0.8717983663082123,105.92220962059528N,10.190371906872624E
5844,Tam Điệp-1486.jpeg,0.871768169105053,105.85937631734801N,20.141254941923357E
5845,Cai Lậy Town-4379.jpeg,0.8717653155326843,106.14024168995502N,10.443707109532163E
5846,Go Cong Town-4756.jpeg,0.8717479184269905,106.64845217878214N,10.462762745362282E
5849,Mỹ Hào District-1971.jpeg,0.8716941550374031,106.12094005026037N,20.93388601037309E
5850,Binh Minh Town-2554.jpeg,0.871601015329361,105.82416236342688N,10.051763340932972E
5858,Tây Ninh City-2383.jpeg,0.8714884147047997,106.11413250131875N,11.354212374256086E
5860,Tây Ninh City-3909.jpeg,0.8714489862322807,106.09351621035809N,11.379814242750715E
5861,Go Cong Town-3690.jpeg,0.8714419007301331,106.59913165886393N,10.431771009816211E
5862,Chau Doc City-2932.jpeg,0.8713842257857323,105.13167552651802N,10.680962874637771E
5863,Cai Lậy Town-831.jpeg,0.871302880346775,106.12106049826308N,10.379028704914282E
5867,Hiệp Hòa District-69.jpeg,0.871208056807518,105.97460124466096N,21.229798939967655E
5869,Long Xuyen City-2904.jpeg,0.8711691871285439,105.45502551167712N,10.373135874549702E
5870,Long Hồ District-4335.jpeg,0.8711588457226753,105.95644075256588N,10.201151640975601E
5871,Go Cong Town-3803.jpeg,0.8711459562182426,106.64708216433996N,10.43311847657908E
5872,Cai Lậy Town-2833.jpeg,0.8711449727416039,106.15942288164696N,10.414062840748963E
5874,Duy Tiên District-2986.jpeg,0.8710782676935196,106.00368647456851N,20.638910711717042E
5875,Cao Lanh City-4992.jpeg,0.8710722997784615,105.59476302241417N,10.503909809836841E
5884,Cai Lậy Town-3852.jpeg,0.8708350732922554,106.16490322213039N,10.434274842192053E
5889,Binh Minh Town-1420.jpeg,0.8706897720694542,105.8912164447563N,10.02750893920128E
5891,Sa Đéc City-1620.jpeg,0.8706402108073235,105.74771057337713N,10.319269873671924E
5892,Hiệp Hòa District-4402.jpeg,0.8706188350915909,105.92975805413035N,21.318731746320022E
5893,Cao Lanh City-3991.jpeg,0.8705798909068108,105.59750349814857N,10.48369780839375E
5902,Phu Ly City-1936.jpeg,0.8703922405838966,105.8782764795113N,20.541067209961426E
5904,Vĩnh Long-535.jpeg,0.8703595250844955,105.97608388737403N,10.239565137537028E
5906,Go Cong Town-900.jpeg,0.8703431934118271,106.69777269870038N,10.365745138435459E
5907,Sa Đéc City-1419.jpeg,0.8703208714723587,105.73264460440373N,10.312532539857562E
5915,Go Cong Town-851.jpeg,0.8701441660523415,106.70462277091124N,10.364397671672586E
5916,Long Hồ District-1297.jpeg,0.87014389783144,105.98930263925763N,10.16072763808944E
5923,Tây Ninh City-1809.jpeg,0.8699572905898094,106.08114643578168N,11.343432640153088E
5924,Long Hồ District-1951.jpeg,0.8699552044272423,105.97697943174823N,10.168812438666674E
5926,Cai Lậy Town-4400.jpeg,0.8699337244033813,106.16901347749294N,10.443707109532163E
5927,Yên Mỹ District-3317.jpeg,0.8698567375540733,105.99166442742427N,20.909783677990298E
5935,Binh Minh Town-3317.jpeg,0.869649700820446,105.84332067237811N,10.070627875613173E
5938,Long Hồ District-4674.jpeg,0.8696058541536331,105.95096377145056N,10.207888974789961E
5939,Long Hồ District-5160.jpeg,0.8695933595299721,105.99204112981529N,10.217321242130064E
5940,Mỹ Tho-3301.jpeg,0.8695799335837364,106.40808816082269N,10.386651541028591E
5941,Bến Tre City-2830.jpeg,0.8695758134126663,106.36664693850851N,10.258322140991927E
5943,Long Hồ District-5485.jpeg,0.8695628270506859,105.99204112981529N,10.224058575944424E
5944,Duy Tiên District-3619.jpeg,0.8695611916482449,105.92305740564751N,20.64834297905743E
5948,Binh Minh Town-1389.jpeg,0.8694346770644188,105.84879447493567N,10.02750893920128E
5950,Cai Lậy Town-6051.jpeg,0.8693968430161476,106.15805279652612N,10.474698845078231E
5951,Tam Điệp-1961.jpeg,0.8693924881517887,105.87660127839526N,20.149339742500807E
5955,Cai Lậy Town-6587.jpeg,0.8692813888192177,106.09639896608768N,10.490868446232705E
5958,Long Hồ District-942.jpeg,0.8692394196987152,105.92768660171058N,10.156685237800826E
5959,Tây Ninh City-1475.jpeg,0.8691941276192665,106.12375343710043N,11.335347839575835E
5960,Châu Thành District-3850.jpeg,0.8691834583878517,106.39228792481515N,10.279913805748345E
5961,Thanh Liêm District-560.jpeg,0.8691700175404549,105.9160731593144N,20.395199208190725E
5963,Duy Tiên District-3269.jpeg,0.8691318780183792,105.98496901214044N,20.642953112005777E
5966,Yên Mỹ District-1236.jpeg,0.8689903169870377,106.02628014033344N,20.874749542154575E
5967,Vĩnh Long-1039.jpeg,0.868989884853363,105.9528052472996N,10.24899740487713E
5968,Cao Lanh City-4950.jpeg,0.8688955530524254,105.629018969094N,10.50256234307397E
5969,Binh Minh Town-4357.jpeg,0.8688796386122704,105.82963616598438N,10.100272144396353E
5974,Phu Ly City-223.jpeg,0.8688064739108086,105.91856790582827N,20.50603307412576E
5979,Yên Mỹ District-2070.jpeg,0.8687117695808411,106.03060710444711N,20.888224209783697E
5985,Hiệp Hòa District-822.jpeg,0.8685228824615479,105.9847271263937N,21.25674827522595E
5986,Sa Đéc City-2933.jpeg,0.868520475924015,105.72031790251641N,10.375863477712564E
5987,Tây Ninh City-6454.jpeg,0.8684739992022514,106.17048369661134N,11.425628112688466E
5991,Binh Minh Town-4281.jpeg,0.8684106096625328,105.8460575736569N,10.097577210870606E
5993,Cai Lậy Town-5175.jpeg,0.8684049546718597,106.10598956193365N,10.458529243923762E
5996,Vĩnh Long-2131.jpeg,0.8683232739567757,105.92952660722517N,10.26786193955734E
5998,Sa Đéc City-2572.jpeg,0.8682770803570747,105.7312749708607N,10.358346409795221E
5999,Tây Ninh City-788.jpeg,0.8682491257786751,106.15124182504802N,11.31917823842134E
6000,Tam Điệp-1262.jpeg,0.8682297766208649,105.85219925024494N,20.13721254163463E
6008,Cai Lậy Town-1198.jpeg,0.8680289834737778,106.09502888096684N,10.385766038728642E
6013,Long Hồ District-5763.jpeg,0.8679757416248322,105.99614886565175N,10.229448442995913E
6017,Long Hồ District-4917.jpeg,0.8679305985569954,105.92905584698941N,10.21327884184145E
6020,Vĩnh Long-421.jpeg,0.8678932785987854,105.97334522383586N,10.236870204011284E
6022,Tây Ninh City-32.jpeg,0.8678667321801186,106.10863482372925N,11.29627130345247E
6023,Cai Lậy Town-19.jpeg,0.8678551763296127,106.12791092386735N,10.353426836419706E
6028,Tam Điệp-1269.jpeg,0.8677811250090599,105.86224714418918N,20.13721254163463E
6029,Cai Lậy Town-1754.jpeg,0.8677513897418976,106.1881946691849N,10.393850839305879E
6033,Tam Điệp-96.jpeg,0.8677379861474037,105.925405334696N,20.110263206376466E
6035,Long Hồ District-8090.jpeg,0.867701567709446,105.97150245063291N,10.288736980562286E
6036,Sa Đéc City-1160.jpeg,0.8676657527685165,105.74908020692013N,10.303100272517458E
6039,Sa Đéc City-993.jpeg,0.8675783202052116,105.74497130629103N,10.297710405465965E
6045,Cai Lậy Town-4247.jpeg,0.867472417652607,106.17586390309722N,10.441012176006414E
6046,Long Hồ District-6383.jpeg,0.8674666285514832,106.01531829955528N,10.24696551091325E
6048,Tây Ninh City-3665.jpeg,0.8673838973045349,106.10176272674236N,11.375771842462086E
6051,Phu Ly City-2502.jpeg,0.8673296496272087,105.9200068853396N,20.550499477301795E
6053,Hiệp Hòa District-2224.jpeg,0.8672601580619812,105.98617368092694N,21.28369761048424E
6058,Tây Ninh City-1165.jpeg,0.8671899959445,106.11963017890828N,11.328610505761462E
6059,Châu Thành District-2517.jpeg,0.8671652749180794,106.26766406240756N,10.271829005171114E
6060,Duy Tiên District-3267.jpeg,0.8671434447169304,105.98208940253609N,20.642953112005777E
6061,Duy Tiên District-2520.jpeg,0.8671270683407784,106.01232530338144N,20.632173377902483E
6062,Duy Tiên District-2214.jpeg,0.8670997321605682,105.98352920733824N,20.62813097761375E
6064,Tây Ninh City-2568.jpeg,0.8670262470841408,106.15124182504802N,11.356907307781837E
6066,Long Hồ District-672.jpeg,0.8670111671090126,105.9865641487N,10.15264283751221E
6067,Vĩnh Long-2007.jpeg,0.8670104965567589,105.9185719530725N,10.265167006031596E
6070,Thanh Liêm District-6036.jpeg,0.8669531047344208,105.8945023062096N,20.48547948130569E
6071,Trà Vinh City-2116.jpeg,0.8669194728136063,106.33860589693562N,9.970175842059554E
6072,Châu Thành District-7444.jpeg,0.8669153898954391,106.39639640379563N,10.302820740717173E
6073,Binh Minh Town-641.jpeg,0.8669148534536362,105.86111053069003N,10.00999187128395E
6078,Hiệp Hòa District-3407.jpeg,0.8667999058961868,105.95724259026198N,21.303909611927963E
6080,Duy Tiên District-2330.jpeg,0.8667266555130482,106.01232530338144N,20.629478444376662E
6081,Cai Lậy Town-1289.jpeg,0.8666799962520599,106.10735964705452N,10.387113505491515E
6082,Mỹ Hào District-1659.jpeg,0.8666796907782555,106.08054686627182N,20.928496143321432E
6083,Cao Lanh City-4728.jpeg,0.8666647896170616,105.58106064374226N,10.49851994278535E
6086,Vĩnh Long-28.jpeg,0.8666264861822128,105.91720262130343N,10.224743003145434E
6087,Vĩnh Long-948.jpeg,0.8665737062692642,105.9363732660706N,10.24764993811426E
6089,Sa Đéc City-908.jpeg,0.8665609061717987,105.74497130629103N,10.295015471940223E
6093,Châu Thành District-3311.jpeg,0.8664089441299438,106.24712166750521N,10.277218872222601E
6094,Yên Mỹ District-1680.jpeg,0.8663680329918861,106.08108835243964N,20.881486875969138E
6096,Mỹ Hào District-3335.jpeg,0.8663564100861549,106.12382527768811N,20.955445478579687E
6098,Vĩnh Long-962.jpeg,0.8663374707102776,105.95554391083778N,10.24764993811426E
6101,Tây Ninh City-1318.jpeg,0.866281196475029,106.07702317758954N,11.332652906050088E
6102,Long Hồ District-8523.jpeg,0.8662480935454369,105.97150245063291N,10.296821781139522E
6104,Mỹ Tho-1128.jpeg,0.8662408292293549,106.32042048022436N,10.350269938431039E
6106,Chau Doc City-4733.jpeg,0.8661861047148705,105.10973543000804N,10.720039410761098E
6109,Long Xuyen City-3253.jpeg,0.8661631047725677,105.37694417594385N,10.381220675126938E
6114,Long Hồ District-485.jpeg,0.8661262542009354,105.99204112981529N,10.149947903986464E
6117,Trà Vinh City-742.jpeg,0.8661017939448357,106.3303975975923N,9.917624638307569E
6118,Tây Ninh City-3513.jpeg,0.8660991489887238,106.12100459830566N,11.373076908936339E
6119,Long Hồ District-2539.jpeg,0.8660785555839539,106.00984131843998N,10.175549772481036E
6120,Vĩnh Long-367.jpeg,0.8660622388124466,105.97608388737403N,10.23552273724841E
6121,Trà Vinh City-2010.jpeg,0.8660301491618156,106.3358697971545N,9.967480908533812E
6122,Cai Lậy Town-5315.jpeg,0.8659907206892967,106.10324939169192N,10.461224177449507E
6124,Thái Bình-2363.jpeg,0.8659070506691933,106.36083629182238N,20.468892110801047E
6125,Long Hồ District-3224.jpeg,0.8659066781401634,105.8825015075094N,10.184982039821136E
6126,Tây Ninh City-346.jpeg,0.8658846542239189,106.07702317758954N,11.308398504318339E
6127,Hiệp Hòa District-6910.jpeg,0.865876667201519,105.97315469012771N,21.3524184153929E
6128,Thanh Liêm District-6963.jpeg,0.8658517748117447,105.91463510244073N,20.50030161569771E
6132,Tây Ninh City-3775.jpeg,0.8657670319080353,106.13887205047158N,11.377119309224963E
6133,Bac Giang City-2272.jpeg,0.8657640591263771,106.1678107884366N,21.287437077822833E
6134,Long Hồ District-3993.jpeg,0.8656629994511604,105.99614886565175N,10.194414307161237E
6138,Long Hồ District-5827.jpeg,0.8655574917793274,105.99067188453644N,10.230795909758786E
6141,Tây Ninh City-2379.jpeg,0.8654927015304565,106.10863482372925N,11.354212374256086E
6146,Sa Đéc City-1726.jpeg,0.8653768002986908,105.7394927721189N,10.323312273960541E
6153,Long Xuyen City-3961.jpeg,0.8652473464608192,105.39886174386898N,10.396042809518535E
6154,Go Cong Town-2038.jpeg,0.8652253597974777,106.66352233764604N,10.396736873981526E
6155,Long Hồ District-3203.jpeg,0.8652175068855286,106.0043643373247N,10.183634573058265E
6156,Tây Ninh City-2653.jpeg,0.8652070909738541,106.15948834143228N,11.358254774544713E
6157,Cao Lanh City-1155.jpeg,0.8651800453662872,105.63038920696117N,10.428451671115972E
6158,Tây Ninh City-2009.jpeg,0.8651653900742531,106.08526969397381N,11.347475040441713E
6159,Cai Lậy Town-3693.jpeg,0.8651634305715561,106.14572203043844N,10.43157990866631E
6161,Long Xuyen City-4029.jpeg,0.8651179894804955,105.41393007181749N,10.397390276281406E
6162,Long Hồ District-6040.jpeg,0.8651113286614418,105.94137905449881N,10.236185776810276E
6165,Chau Doc City-3952.jpeg,0.8650891706347466,105.14813059890051N,10.69713247579225E
6168,Sa Đéc City-1795.jpeg,0.8650216087698936,105.73264460440373N,10.326007207486287E
6169,Long Hồ District-5034.jpeg,0.8649990782141685,106.00025660148823N,10.21462630860432E
6171,Cai Lậy Town-3716.jpeg,0.8649618774652481,106.17723398821808N,10.43157990866631E
6174,Go Cong Town-708.jpeg,0.8649081364274025,106.65667226543519N,10.361702738146843E
6175,Long Hồ District-6284.jpeg,0.8648872077465057,105.99204112981529N,10.242923110624638E
6177,Hiệp Hòa District-4120.jpeg,0.8648474812507629,105.91818561786438N,21.31468934603128E
6178,Sa Đéc City-1359.jpeg,0.8648453801870346,105.75729800817835N,10.309837606331815E
6179,Tây Ninh City-2639.jpeg,0.864805705845356,106.14024646986898N,11.358254774544713E
6181,Go Cong Town-3484.jpeg,0.8647835701704025,106.64023209212911N,10.427728609527595E
6182,Long Hồ District-5233.jpeg,0.8647744208574295,106.00025660148823N,10.218668708892936E
6183,Hiệp Hòa District-4037.jpeg,0.8647498041391373,105.93120460866358N,21.313341879268368E
6187,Long Xuyen City-3749.jpeg,0.8646865636110306,105.43173809575667N,10.390652942467048E
6189,Tây Ninh City-3656.jpeg,0.8646292462944984,106.08939295216592N,11.375771842462086E
6190,Thanh Liêm District-2929.jpeg,0.8646042086184025,105.93620595554552N,20.441013078129664E
6191,Tây Ninh City-2657.jpeg,0.8645635768771172,106.16498601902181N,11.358254774544713E
6194,Thanh Liêm District-4910.jpeg,0.8645120412111282,105.91032093181974N,20.46930988015077E
6195,Go Cong Town-1694.jpeg,0.864487286657095,106.67859249650996N,10.387304606641418E
6197,Mỹ Hào District-795.jpeg,0.8644580170512199,106.11516959540486N,20.90828414187774E
6200,Phu Ly City-237.jpeg,0.864390105009079,105.90273913120375N,20.50738054088867E
6201,Thanh Liêm District-96.jpeg,0.8643863946199417,105.92613955742995N,20.37229227322126E
6203,Go Cong Town-1605.jpeg,0.8643483221530914,106.68955261204736N,10.384609673115675E
6204,Sa Đéc City-1895.jpeg,0.8643399849534035,105.72990533731766N,10.3300496077749E
6211,Long Xuyen City-4658.jpeg,0.8641632422804832,105.4536556636818N,10.412212410673003E
6213,Tam Điệp-260.jpeg,0.8641528487205505,105.91679285417236N,20.117000540191E
6216,Long Hồ District-5600.jpeg,0.863997757434845,105.9701332053541N,10.226753509470168E
6219,Cai Lậy Town-5460.jpeg,0.8639329224824905,106.10735964705452N,10.463919110975251E
6224,Go Cong Town-417.jpeg,0.8638253323733807,106.66215232320387N,10.35361793756961E
6226,Hung Yen City-3100.jpeg,0.8638022840023041,106.07488417374337N,20.696070812597466E
6227,Bến Tre City-516.jpeg,0.8637873008847237,106.40772488726557N,10.211160804291403E
6229,Go Cong Town-2708.jpeg,0.8637469336390495,106.67448245318344N,10.412906475136E
6230,Tây Ninh City-1328.jpeg,0.8636931478977203,106.09076737156332N,11.332652906050088E
6231,Cai Lậy Town-3048.jpeg,0.8636593967676163,106.11969041314218N,10.419452707800456E
6233,Cai Lậy Town-3267.jpeg,0.8636336475610733,106.13065109410903N,10.423495108089071E
6234,Go Cong Town-470.jpeg,0.863629512488842,106.67722248206778N,10.354965404332479E
6236,Tây Ninh City-6516.jpeg,0.863595575094223,106.10038830734497N,11.428323046214217E
6239,Go Cong Town-942.jpeg,0.8635317087173462,106.68270253983648N,10.367092605198332E
6245,Cai Lậy Town-5147.jpeg,0.8634620532393456,106.16490322213039N,10.45718177716089E
6248,Hiệp Hòa District-3738.jpeg,0.8634016588330269,105.90082696346543N,21.30929947897962E
6249,Mỹ Tho-3065.jpeg,0.8633940294384956,106.40123912327594N,10.382609140739975E
6250,Long Hồ District-1791.jpeg,0.8633639737963676,105.91125565836468N,10.167464971903803E
6251,Yên Mỹ District-2742.jpeg,0.8633531704545021,106.04647263953045N,20.899003943887E
6256,Long Hồ District-7879.jpeg,0.8632711097598076,105.99477962037295N,10.284694580273671E
6257,Thái Bình-1586.jpeg,0.8632535189390182,106.34070248992211N,20.451375042883214E
6260,Long Hồ District-5029.jpeg,0.8631126955151558,105.9934103750941N,10.21462630860432E
6277,Tây Ninh City-338.jpeg,0.8627464026212692,106.13062553408732N,11.307051037555466E
6280,Mỹ Tho-2095.jpeg,0.8626889586448669,106.33137894029916N,10.366439539585507E
6281,Trà Vinh City-2710.jpeg,0.8626848980784416,106.32629344792062N,9.98499797645114E
6288,Trà Vinh City-380.jpeg,0.8625478520989418,106.32766149781118N,9.905497437441726E
6292,Cai Lậy Town-3408.jpeg,0.862332783639431,106.12654083874648N,10.426190041614822E
6293,Phu Ly City-3776.jpeg,0.8623316735029221,105.88834933609054N,20.577448812560007E
6296,Long Hồ District-3995.jpeg,0.862182192504406,105.99888735620941N,10.194414307161237E
6298,Vĩnh Long-4.jpeg,0.862172432243824,105.94732792022326N,10.222048069619692E
6299,Cai Lậy Town-5659.jpeg,0.862108014523983,106.1854544989432N,10.466614044500997E
6302,Long Xuyen City-4741.jpeg,0.8620438650250435,105.42351900778473N,10.414907344198749E
6305,Châu Thành District-8001.jpeg,0.8619919046759605,106.36215907895837N,10.306863141005792E
6308,Cao Lanh City-380.jpeg,0.8619285672903061,105.60572492535172N,10.41632447025012E
6312,Go Cong Town-3267.jpeg,0.8618332147598267,106.68681258316299N,10.423686209238976E
6313,Hoa Lư District-4149.jpeg,0.861817792057991,105.93347287228377N,20.295009381245738E
6314,Vĩnh Long-106.jpeg,0.8618097379803658,105.95691324260686N,10.228785403434047E
6316,Tây Ninh City-2355.jpeg,0.8617824465036392,106.07564875819214N,11.354212374256086E
6318,Long Hồ District-960.jpeg,0.8617340847849846,105.95233301672941N,10.156685237800826E
6319,Tây Ninh City-6365.jpeg,0.8617223650217056,106.12925111468995N,11.42428064592559E
6320,Cao Lanh City-1590.jpeg,0.8617051467299461,105.6440915856331N,10.435189004930333E
6323,Cai Lậy Town-1212.jpeg,0.8616492599248886,106.1142100726588N,10.385766038728642E
6330,Vĩnh Long-1515.jpeg,0.8613131642341614,105.91583328953435N,10.257082205454365E
6335,Hung Yen City-2718.jpeg,0.8611836656928062,106.07200402379468N,20.683943611731266E
6337,Tây Ninh City-5964.jpeg,0.8611210584640503,106.15536508324013N,11.414848378585464E
6339,Phu Ly City-2135.jpeg,0.8611045628786087,105.93871361898678N,20.543762143487246E
6341,Long Hồ District-6242.jpeg,0.861065685749054,105.99614886565175N,10.241575643861761E
6343,Hung Yen City-1564.jpeg,0.861002080142498,106.09360514840996N,20.646214542369755E
6344,Tây Ninh City-758.jpeg,0.8609933853149414,106.11000924312664N,11.31917823842134E
6348,Mỹ Tho-3680.jpeg,0.8609044030308723,106.30946202014958N,10.394736341605826E
6350,Binh Minh Town-4192.jpeg,0.860869750380516,105.85016292557502N,10.094882277344865E
6352,Cai Lậy Town-2425.jpeg,0.8608304709196091,106.16901347749294N,10.405978040171728E
6353,Binh Minh Town-2447.jpeg,0.8608288839459419,105.86658433324753N,10.04906840740723E
6354,Cai Lậy Town-6278.jpeg,0.8607510179281235,106.14161177507587N,10.480088712129726E
6356,Duy Tiên District-1391.jpeg,0.8606724962592125,105.95185350169072N,20.616003776747554E
6358,Long Hồ District-2662.jpeg,0.8606058210134506,106.02490301650705N,10.176897239243907E
6360,Bac Giang City-2221.jpeg,0.8605607822537422,106.20251376330387N,21.286089611059918E
6362,Cao Lanh City-4418.jpeg,0.8605392724275589,105.6249082554924N,10.491782608970986E
6365,Cao Lanh City-4555.jpeg,0.8604543656110764,105.62353801762521N,10.494477542496732E
6366,Châu Thành District-1039.jpeg,0.8604304417967796,106.39639640379563N,10.259701804305262E
6368,Duy Tiên District-1630.jpeg,0.8604131564497948,105.95185350169072N,20.62004617703629E
6369,Mỹ Tho-3203.jpeg,0.8603888005018234,106.38069201063568N,10.385304074265717E
6372,Cai Lậy Town-5761.jpeg,0.8603098392486572,106.13065109410903N,10.46930897802674E
6377,Mỹ Hào District-2385.jpeg,0.8601144477725029,106.125267891402N,20.940623344187646E
6378,Hiệp Hòa District-6918.jpeg,0.8600818440318108,105.9847271263937N,21.3524184153929E
6379,Tây Ninh City-6062.jpeg,0.8600754886865616,106.12650227589519N,11.417543312111215E
6380,Binh Minh Town-1722.jpeg,0.8600656762719154,105.88163729028066N,10.03424627301564E
6381,Hiệp Hòa District-8463.jpeg,0.8600535616278648,106.01655132612508N,21.37936775065121E
6382,Cai Lậy Town-3831.jpeg,0.8600367456674576,106.13613143459246N,10.434274842192053E
6383,Cao Lanh City-781.jpeg,0.8600335866212845,105.58243088160947N,10.423061804064481E
6389,Hoa Lư District-507.jpeg,0.8598310016095638,105.94927148754331N,20.199339241079212E
6391,Tây Ninh City-4431.jpeg,0.8597830682992935,106.10451156553712N,11.387899043327963E
6392,Mỹ Tho-1787.jpeg,0.859726145863533,106.34507701539263N,10.361049672534014E
6394,Tây Ninh City-3437.jpeg,0.8596806153655052,106.13062553408732N,11.37172944217346E
6396,Cao Lanh City-1787.jpeg,0.8596621304750443,105.68519872164887N,10.437883938456077E
6400,Mỹ Tho-4012.jpeg,0.8595874607563019,106.37384297308895N,10.402821142183061E
6405,Châu Thành District-5482.jpeg,0.8594009503722191,106.23205724457684N,10.290693539851324E
6406,Cao Lanh City-3719.jpeg,0.859375111758709,105.59476302241417N,10.478307941342258E
6407,Duy Tiên District-3821.jpeg,0.859374888241291,105.93025642965834N,20.651037912583238E
6413,Go Cong Town-2025.jpeg,0.8591936677694321,106.6457121498978N,10.396736873981526E
6414,Mỹ Tho-3055.jpeg,0.8591731265187263,106.38754104818243N,10.382609140739975E
6417,Trà Vinh City-2074.jpeg,0.8591226488351822,106.35365444573176N,9.968828375296683E
6419,Long Hồ District-3942.jpeg,0.8590989410877228,105.92631735643175N,10.194414307161237E
6420,Hung Yen City-2583.jpeg,0.8590901866555214,106.06624372389724N,20.67990121144253E
6423,Sa Đéc City-2174.jpeg,0.8590257465839386,105.73401423794677N,10.342176808640756E
6424,Hiệp Hòa District-6377.jpeg,0.8589869812130928,106.03246342599076N,21.344333614815408E
6425,Tây Ninh City-1109.jpeg,0.8589861616492271,106.12650227589519N,11.327263038998591E
6428,Long Xuyen City-5286.jpeg,0.858957152813673,105.40708083184089N,10.43107694535322E
6429,Long Hồ District-341.jpeg,0.8589430749416351,106.00847207316117N,10.147252970460721E
6433,Bac Giang City-2742.jpeg,0.8588892817497253,106.16636483115046N,21.296869345163234E
6434,Binh Minh Town-1253.jpeg,0.8588882088661194,105.82553081406625N,10.024814005675537E
6436,Phu Ly City-3647.jpeg,0.8588094711303711,105.93439668045279N,20.573406412271282E
6437,Cai Lậy Town-856.jpeg,0.8587564527988434,106.15531262628441N,10.379028704914282E
6439,Bến Tre City-1277.jpeg,0.858688198029995,106.4118326821413N,10.230025338971611E
6443,Cai Lậy Town-1862.jpeg,0.8586122840642929,106.1142100726588N,10.39654577283162E
6444,Tây Ninh City-4002.jpeg,0.8586110770702362,106.10451156553712N,11.381161709513586E
6447,Go Cong Town-10.jpeg,0.8585531637072563,106.67859249650996N,10.336100869652268E
6449,Long Hồ District-5286.jpeg,0.8585232496261597,105.98245641286351N,10.220016175655811E
6450,Tây Ninh City-5091.jpeg,0.8584935963153839,106.09351621035809N,11.398678777430964E
6452,Tam Điệp-659.jpeg,0.8584671467542648,105.91535744075173N,20.125085340768454E
6454,Tây Ninh City-1587.jpeg,0.8584012389183044,106.11413250131875N,11.338042773101586E
6455,Duy Tiên District-5155.jpeg,0.8583847805857658,105.93025642965834N,20.67124991402691E
6460,Hiệp Hòa District-9606.jpeg,0.8582626059651375,105.9847271263937N,21.40901201943534E
6461,Thái Bình-3131.jpeg,0.858230859041214,106.35508377699372N,20.491799045770513E
6463,Thanh Liêm District-6874.jpeg,0.8582100495696068,105.8945023062096N,20.498954148934796E
6465,Cao Lanh City-2575.jpeg,0.8581860810518265,105.60983563895327N,10.452706072847676E
6468,Duy Tiên District-1467.jpeg,0.8581337928771973,105.95905252570155N,20.61735124351047E
6469,Cao Lanh City-3749.jpeg,0.8580947443842888,105.63587015842995N,10.478307941342258E
6472,Cai Lậy Town-2092.jpeg,0.8580375164747238,106.11146990241708N,10.400588173120237E
6474,Binh Minh Town-2514.jpeg,0.8580086752772331,105.86384743196876N,10.050415874170099E
6477,Binh Minh Town-1435.jpeg,0.8579832762479782,105.82963616598438N,10.028856405964154E
6480,Hiệp Hòa District-3500.jpeg,0.8579173311591148,105.96013569932848N,21.305257078690875E
6483,Tây Ninh City-1711.jpeg,0.8578348979353905,106.1182557595109N,11.340737706627339E
6485,Cai Lậy Town-3657.jpeg,0.8577976673841476,106.18956475430575N,10.430232441903435E
6486,Long Hồ District-3916.jpeg,0.8577672988176346,106.00299509204586N,10.193066840398368E
6492,Tây Ninh City-5885.jpeg,0.8576094582676888,106.12925111468995N,11.41350091182259E
6494,Long Hồ District-5064.jpeg,0.8575790002942085,105.95096377145056N,10.21597377536719E
6497,Binh Minh Town-1661.jpeg,0.857545830309391,105.8843741915594N,10.032898806252769E
6499,Mỹ Tho-288.jpeg,0.8575083464384079,106.3217902877337N,10.332752870513698E
6500,Cai Lậy Town-2361.jpeg,0.8575072661042213,106.18134424358063N,10.404630573408856E
6501,Long Hồ District-5935.jpeg,0.8574984297156334,105.94411754505647N,10.233490843284528E
6503,Cao Lanh City-2338.jpeg,0.8574839234352112,105.67149634297695N,10.447316205796186E
6507,Vĩnh Long-917.jpeg,0.8573341444134712,105.89392398122901N,10.24764993811426E
6515,Duy Tiên District-1717.jpeg,0.8571661859750748,105.9460942824821N,20.621393643799195E
6517,Trà Vinh City-445.jpeg,0.8571295514702797,106.30577269956223N,9.90819237096747E
6519,Thái Bình-228.jpeg,0.857120156288147,106.33638810380059N,20.417688373810467E
6520,Cao Lanh City-4428.jpeg,0.8570597618818283,105.63861063416432N,10.491782608970986E
6521,Long Hồ District-6504.jpeg,0.8570457845926285,105.99888735620941N,10.255050311490482E
6524,Phu Ly City-937.jpeg,0.8570306934416294,105.89986117218109N,20.524897608806498E
6527,Mỹ Hào District-2691.jpeg,0.8569816127419472,106.07621902513017N,20.9460132112393E
6529,Hiệp Hòa District-6750.jpeg,0.8569334149360657,106.0208909897248N,21.349723481867073E
6530,Châu Thành District-3608.jpeg,0.8568520918488503,106.36215907895837N,10.278566338985474E
6534,Sa Đéc City-2553.jpeg,0.8567691743373871,105.70525193354302N,10.358346409795221E
6535,Hung Yen City-1651.jpeg,0.8567420765757561,106.07632424871774N,20.64890947589557E
6536,Cao Lanh City-4029.jpeg,0.8567402064800262,105.64957253710186N,10.48369780839375E
6541,Binh Minh Town-2790.jpeg,0.8566828519105911,105.81595165959065N,10.057153207984456E
6542,Tây Ninh City-4607.jpeg,0.8565902188420296,106.10588598493449N,11.390593976853712E
6544,Trà Vinh City-2225.jpeg,0.8565768972039223,106.3358697971545N,9.972870775585298E
6546,Phu Ly City-1309.jpeg,0.8565058149397373,105.95885933214524N,20.530287475858145E
6547,Long Hồ District-6205.jpeg,0.8565010651946068,106.01257980899764N,10.240228177098889E
6548,Duy Tiên District-4387.jpeg,0.8564652726054192,105.92593701525183N,20.65912271316071E
6552,Long Hồ District-1716.jpeg,0.8563125133514404,105.96054848840235N,10.16611750514093E
6555,Vĩnh Long-1652.jpeg,0.8562716394662857,105.98566920975762N,10.258429672217233E
6557,Bac Giang City-199.jpeg,0.8562463670969009,106.20974354973457N,21.236233340832076E
6561,Binh Minh Town-1618.jpeg,0.8560514822602272,105.82553081406625N,10.032898806252769E
6562,Thanh Liêm District-6473.jpeg,0.8560324907302856,105.89881647683056N,20.492216815120244E
6563,Duy Tiên District-2873.jpeg,0.856021948158741,105.98208940253609N,20.63756324495413E
6564,Hung Yen City-3485.jpeg,0.856017716228962,106.03744222441014N,20.70954548022658E
6565,Chau Doc City-984.jpeg,0.8559954389929771,105.11247794207179N,10.64727620556594E
6567,Vĩnh Long-911.jpeg,0.8559490665793419,105.99251586860305N,10.246302471351386E
6571,Tây Ninh City-957.jpeg,0.8558494299650192,106.15261624444537N,11.323220638709966E
6573,Binh Minh Town-2368.jpeg,0.8558123633265495,105.85153137621441N,10.047720940644355E
6574,Long Hồ District-2633.jpeg,0.8557489886879921,105.98519490342119N,10.176897239243907E
6576,Thanh Liêm District-4152.jpeg,0.8556844517588615,105.8973784199569N,20.458530146047487E
6579,Long Hồ District-8995.jpeg,0.8555850610136986,105.9934103750941N,10.306254048479625E
6583,Long Hồ District-953.jpeg,0.8555227816104889,105.94274829977763N,10.156685237800826E
6586,Sa Đéc City-442.jpeg,0.855456180870533,105.71894826897338N,10.280193337548628E
6587,Cai Lậy Town-2561.jpeg,0.8554508462548256,106.16216305188868N,10.40867297369747E
6588,Go Cong Town-3418.jpeg,0.8554386422038078,106.66489235208824N,10.426381142764722E
6590,Cai Lậy Town-1595.jpeg,0.8554069027304649,106.19230492454746N,10.391155905780133E
6591,Phu Ly City-3128.jpeg,0.8553747162222862,105.9703711682358N,20.561279211405086E
6592,Thái Bình-3370.jpeg,0.8553746193647385,106.36515067794389N,20.505273713399617E
6594,Thanh Liêm District-7871.jpeg,0.8553737923502922,105.93332984179821N,20.519166150378453E
6595,Phu Ly City-2458.jpeg,0.8553660809993744,105.9631762706792N,20.54915201053889E
6597,Thái Bình-944.jpeg,0.8552290350198746,106.38528447984417N,20.437900375254113E
6598,Long Hồ District-5410.jpeg,0.855221301317215,105.97424094119057N,10.222711109181553E
6599,Vĩnh Long-585.jpeg,0.8551935032010078,105.95828257437594N,10.2409126042999E
6600,Thái Bình-306.jpeg,0.8551882803440094,106.34933126216508N,20.4217307740992E
6601,Binh Minh Town-2508.jpeg,0.8550806641578674,105.85563672813252N,10.050415874170099E
6604,Tây Ninh City-323.jpeg,0.8549698367714882,106.11000924312664N,11.307051037555466E
6607,Tây Ninh City-3484.jpeg,0.8549135774374008,106.08114643578168N,11.373076908936339E
6610,Cai Lậy Town-1570.jpeg,0.8548478931188583,106.15805279652612N,10.391155905780133E
6611,Long Hồ District-5365.jpeg,0.8548403158783913,106.00162584676706N,10.22136364241868E
6618,Sa Đéc City-1597.jpeg,0.8546505570411682,105.71620900188731N,10.319269873671924E
6621,Sa Đéc City-1650.jpeg,0.8546331822872162,105.73812313857589N,10.320617340434799E
6624,Tây Ninh City-6738.jpeg,0.8545321002602577,106.15124182504802N,11.436407846791464E
6628,Duy Tiên District-1173.jpeg,0.8544443231076002,105.94897389208641N,20.610613909695914E
6629,Vĩnh Long-26.jpeg,0.8544353693723679,105.91446395776526N,10.224743003145434E
6633,Bến Tre City-2912.jpeg,0.854327991604805,106.38855517784562N,10.259669607754798E
6634,Hung Yen City-426.jpeg,0.8542808666825294,106.08496469856384N,20.620612673874437E
6643,Ninh Bình-1155.jpeg,0.8539378941059113,105.9916872412553N,20.244222409005623E
6645,Tây Ninh City-483.jpeg,0.8538081720471382,106.13337437288207N,11.311093437844091E
6651,Sa Đéc City-999.jpeg,0.8536554723978043,105.75318910754926N,10.297710405465965E
6654,Thanh Liêm District-2200.jpeg,0.8536171615123749,105.9060067611988N,20.430233344026384E
6655,Hiệp Hòa District-6037.jpeg,0.8535900637507439,105.99629956265962N,21.340291214526662E
6656,Long Xuyen City-1237.jpeg,0.8535763621330261,105.46598429563967N,10.336754271952149E
6666,Long Hồ District-5266.jpeg,0.853391595184803,105.95507150728706N,10.220016175655811E
6674,Cai Lậy Town-2952.jpeg,0.8531749472022057,106.15120237092184N,10.416757774274714E
6680,Duy Tiên District-4573.jpeg,0.8530664816498756,105.93169623446049N,20.661817646686533E
6682,Long Xuyen City-4257.jpeg,0.8530239462852478,105.41940946379876N,10.4027801433329E
6684,Go Cong Town-1547.jpeg,0.853003017604351,106.67722248206778N,10.383262206352802E
6686,Duy Tiên District-1931.jpeg,0.8529345318675041,105.98640881694259N,20.624088577325022E
6687,Vĩnh Long-952.jpeg,0.8528473004698753,105.94185059314692N,10.24764993811426E
6688,Châu Thành District-9659.jpeg,0.8528121709823608,106.28272848533595N,10.320337808634513E
6689,Cao Lanh City-3326.jpeg,0.8527186959981918,105.63587015842995N,10.46887567400215E
6696,Long Xuyen City-2752.jpeg,0.8525659963488579,105.42625870377537N,10.37044094102396E
6700,Tây Ninh City-193.jpeg,0.8524766936898232,106.11550692071616N,11.30300863726684E
6704,Go Cong Town-2471.jpeg,0.8524256199598312,106.66352233764604N,10.407516608084503E
6705,Tây Ninh City-285.jpeg,0.852419950067997,106.12237901770304N,11.30570357079259E
6709,Cai Lậy Town-2019.jpeg,0.8523896709084511,106.1142100726588N,10.39924070635737E
6711,Vĩnh Long-500.jpeg,0.8523618578910828,105.91309462599618N,10.239565137537028E
6713,Thái Bình-2611.jpeg,0.8523436263203621,106.35220751957938N,20.475629444615592E
6714,Long Hồ District-6488.jpeg,0.8523341566324234,106.00299509204586N,10.253702844727611E
6715,Long Hồ District-8228.jpeg,0.852277435362339,105.95917924312353N,10.291431914088033E
6716,Long Hồ District-1960.jpeg,0.8522495701909065,105.98930263925763N,10.168812438666674E
6722,Châu Thành District-10073.jpeg,0.8520880788564682,106.36900654392583N,10.324380208923131E
6723,Bến Tre City-2096.jpeg,0.8520686328411102,106.40361709238987N,10.244847473363206E
6724,Ninh Bình-2348.jpeg,0.8520654030144215,105.95291005650212N,20.283298945129978E
6725,Vĩnh Long-1343.jpeg,0.8520193621516228,105.91446395776526N,10.254387271928618E
6728,Long Hồ District-2730.jpeg,0.8519234508275986,105.96328697896001N,10.178244706006778E
6729,Châu Thành District-1798.jpeg,0.8519158661365509,106.27314203438154N,10.266439138119624E
6730,Binh Minh Town-2702.jpeg,0.8518286570906639,105.8460575736569N,10.054458274458714E
6732,Duy Tiên District-848.jpeg,0.8518090322613716,105.95185350169072N,20.601181642355538E
6738,Tam Điệp-647.jpeg,0.8514829576015472,105.89813247970444N,20.125085340768454E
6740,Mỹ Tho-3923.jpeg,0.8514636233448982,106.39849950825723N,10.398778741894443E
6741,Chau Doc City-3829.jpeg,0.8514479771256447,105.08368156540244N,10.695785009029374E
6743,Long Hồ District-2777.jpeg,0.8514385893940926,105.87428603583646N,10.17959217276965E
6744,Long Hồ District-4274.jpeg,0.8514118492603302,105.9687639600753N,10.19980417421273E
6747,Go Cong Town-117.jpeg,0.8513517677783966,106.65119220766648N,10.342838203466629E
6748,Chau Doc City-1376.jpeg,0.8513330742716789,105.12344799032675N,10.655361006143185E
6751,Go Cong Town-3973.jpeg,0.8512708321213722,106.66352233764604N,10.435813410104826E
6753,Phu Ly City-3770.jpeg,0.8512399196624756,105.95742035263392N,20.5761013457971E
6754,Binh Minh Town-267.jpeg,0.8512003682553768,105.87753193836252N,9.999212137180981E
6757,Sa Đéc City-2260.jpeg,0.8511485382914543,105.72442680314552N,10.34621920892937E
6758,Tây Ninh City-974.jpeg,0.8511416390538216,106.0990138879476N,11.324568105472839E
6760,Tây Ninh City-3034.jpeg,0.8510920405387878,106.14162088926633N,11.364992108359088E
6761,Bến Tre City-2162.jpeg,0.851064071059227,106.37760105817705N,10.246194940126077E
6764,Binh Minh Town-3476.jpeg,0.8509691283106804,105.85974208005064N,10.074670275901788E
6765,Go Cong Town-2776.jpeg,0.8509637713432312,106.68270253983648N,10.414253941898867E
6767,Trà Vinh City-665.jpeg,0.8507435768842697,106.33176564748287N,9.914929704781827E
6772,Cai Lậy Town-4407.jpeg,0.8506121188402176,106.17860407333892N,10.443707109532163E
6773,Yên Mỹ District-715.jpeg,0.8506077378988266,105.98301049919701N,20.86531727481419E
6776,Duy Tiên District-5194.jpeg,0.8505601957440376,106.01520491298577N,20.67124991402691E
6778,Cao Lanh City-2070.jpeg,0.8505410775542259,105.62216777975802N,10.443273805507571E
6779,Tây Ninh City-3599.jpeg,0.8505380600690842,106.1251278564978N,11.374424375699213E
6780,Duy Tiên District-1882.jpeg,0.8505275398492813,105.91585838163671N,20.624088577325022E
6782,Cai Lậy Town-4539.jpeg,0.8504993245005608,106.14435194531758N,10.446402043057908E
6783,Châu Thành District-5480.jpeg,0.8504888042807579,106.22931825858986N,10.290693539851324E
6786,Go Cong Town-1538.jpeg,0.8504498600959778,106.66489235208824N,10.383262206352802E
6787,Châu Thành District-5319.jpeg,0.8504480272531509,106.30053189425135N,10.289346073088451E
6788,Cai Lậy Town-4674.jpeg,0.8504234850406647,106.11969041314218N,10.449096976583652E
6793,Cai Lậy Town-4365.jpeg,0.8502905741333961,106.12106049826308N,10.443707109532163E
6797,Long Xuyen City-2631.jpeg,0.8501909151673317,105.44269687971922N,10.367746007498214E
6801,Sa Đéc City-2058.jpeg,0.8501415029168129,105.74086240566193N,10.336786941589265E
6804,Hiệp Hòa District-7104.jpeg,0.8500387072563171,105.97460124466096N,21.355113348918735E
6806,Tây Ninh City-86.jpeg,0.8499247431755066,106.1127580819214N,11.298966236978218E
6807,Yên Mỹ District-4176.jpeg,0.8499202504754066,106.01329924799252N,20.928648212671078E
6808,Bến Tre City-2016.jpeg,0.8498750030994415,106.40772488726557N,10.243500006600332E
6811,Cai Lậy Town-3825.jpeg,0.8498339504003525,106.12791092386735N,10.434274842192053E
6816,Ninh Bình-2260.jpeg,0.8497414812445641,105.97588912894847N,20.27790907807834E
6824,Long Hồ District-3834.jpeg,0.8496414124965668,106.01668754483413N,10.191719373635499E
6826,Thái Bình-1208.jpeg,0.8495877534151077,106.3766557076012N,20.443290242305753E
6828,Sa Đéc City-1823.jpeg,0.8495090901851654,105.72168753605945N,10.327354674249158E
6832,Long Xuyen City-2763.jpeg,0.8494863919913769,105.4413270317239N,10.37044094102396E
6834,Tây Ninh City-2758.jpeg,0.8494203686714172,106.08664411337115N,11.360949708070462E
6841,Tây Ninh City-3924.jpeg,0.849253810942173,106.11413250131875N,11.379814242750715E
6848,Ninh Bình-830.jpeg,0.8491033837199211,105.94285671230685N,20.23748507519107E
6849,Tây Ninh City-3011.jpeg,0.849087193608284,106.11000924312664N,11.364992108359088E
6852,Cao Lanh City-4143.jpeg,0.8489721938967705,105.62079754189082N,10.486392741919497E
6857,Long Hồ District-769.jpeg,0.8489070236682892,105.98382565814235N,10.153990304275084E
6862,Sa Đéc City-400.jpeg,0.848770022392273,105.72442680314552N,10.278845870785757E
6863,Go Cong Town-369.jpeg,0.8487656265497208,106.65393223655084N,10.352270470806737E
6864,Cai Lậy Town-2622.jpeg,0.8487641513347626,106.14983228580098N,10.410020440460348E
6865,Bến Tre City-260.jpeg,0.8487248197197914,106.36801620346708N,10.204423470477042E
6867,Bac Giang City-1402.jpeg,0.848689615726471,106.18660823315636N,21.271267476667855E
6870,Cao Lanh City-2169.jpeg,0.8486594259738922,105.6482022992347N,10.444621272270446E
6871,Bến Tre City-3286.jpeg,0.8485857918858528,106.3447386991714N,10.270449341857772E
6873,Châu Thành District-2696.jpeg,0.848511591553688,106.24575217451175N,10.273176471933986E
6874,Tây Ninh City-4933.jpeg,0.8484773486852646,106.09763946855021N,11.395983843905213E
6875,Go Cong Town-1756.jpeg,0.8484670072793961,106.6964026842582N,10.38865207340429E
6878,Duy Tiên District-4931.jpeg,0.8483535200357437,105.93169623446049N,20.66720751373818E
6883,Thái Bình-2355.jpeg,0.8482466712594032,106.34933126216508N,20.468892110801047E
6884,Long Hồ District-3429.jpeg,0.8482135757803917,106.01394905427645N,10.18632950658401E
6885,Hung Yen City-3181.jpeg,0.8482051938772202,106.02592162461532N,20.700113212886198E
6889,Hiệp Hòa District-7370.jpeg,0.8480795100331306,105.96013569932848N,21.359155749207478E
6890,Binh Minh Town-1243.jpeg,0.8480754271149635,105.89258489539569N,10.023466538912665E
6893,Vĩnh Long-382.jpeg,0.8480014503002167,105.9035093036126N,10.236870204011284E
6894,Cai Lậy Town-739.jpeg,0.8479906320571899,106.09776905120856N,10.377681238151407E
6895,Duy Tiên District-2943.jpeg,0.8479208871722221,105.9417748680756N,20.638910711717042E
6897,Cai Lậy Town-1535.jpeg,0.84783024340868,106.11009981729622N,10.391155905780133E
6899,Hoa Lư District-3744.jpeg,0.8478061482310295,105.95932515179935N,20.286924580668288E
6902,Yên Mỹ District-3933.jpeg,0.8476739265024662,106.00608764113643N,20.921910878856515E
6906,Trà Vinh City-1972.jpeg,0.8475622311234474,106.35228639584123N,9.96613344177094E
6908,Phu Ly City-3326.jpeg,0.8475079014897346,105.95598137312261N,20.565321611693822E
6914,Tây Ninh City-573.jpeg,0.847382590174675,106.12787669529254N,11.313788371369842E
6916,Tây Ninh City-1832.jpeg,0.8473270535469055,106.1127580819214N,11.343432640153088E
6917,Tây Ninh City-4285.jpeg,0.8473200500011444,106.14162088926633N,11.385204109802213E
6919,Thanh Liêm District-1746.jpeg,0.8472688496112823,105.85998894124191N,20.423496010211835E
6921,Long Xuyen City-4322.jpeg,0.8472304940223694,105.43310794375199N,10.404127610095772E
6922,Mỹ Hào District-2115.jpeg,0.8472296446561813,106.09641561712445N,20.936580943898907E
6926,Yên Mỹ District-2890.jpeg,0.8471269384026527,106.03204942581829N,20.901698877412823E
6927,Trà Vinh City-336.jpeg,0.8471203669905663,106.31945319846783N,9.904149970678857E
6928,Duy Tiên District-2116.jpeg,0.8470637202262878,105.98064959773394N,20.626783510850842E
6929,Long Hồ District-2321.jpeg,0.8470146358013153,106.02079528067058N,10.172854838955288E
6933,Cai Lậy Town-3828.jpeg,0.8468059226870537,106.1320211792299N,10.434274842192053E
6935,Cai Lậy Town-4914.jpeg,0.8466726839542389,106.14435194531758N,10.45313937687227E
6936,Phu Ly City-2436.jpeg,0.8466356545686722,105.93151872143017N,20.54915201053889E
6938,Thái Bình-366.jpeg,0.8465779945254326,106.35220751957938N,20.424425707625012E
6939,Long Hồ District-2161.jpeg,0.8465616032481194,105.95644075256588N,10.171507372192416E
6940,Long Hồ District-8122.jpeg,0.8465065956115723,106.01531829955528N,10.288736980562286E
6941,Long Hồ District-2599.jpeg,0.8464591279625893,105.93864056394118N,10.176897239243907E
6944,Cai Lậy Town-1500.jpeg,0.8462741672992706,106.17312373285549N,10.38980843901726E
6947,Long Hồ District-3957.jpeg,0.8462641090154648,105.9468560356141N,10.194414307161237E
6950,Hoa Lư District-4033.jpeg,0.8462312296032906,105.95788891404847N,20.29231444771992E
6951,Mỹ Tho-3607.jpeg,0.8462250530719757,106.40260893078528N,10.392041408080079E
6953,Ninh Bình-1339.jpeg,0.8461928814649582,106.00174058545059N,20.248264809294348E
6955,Hiệp Hòa District-7949.jpeg,0.8461784855462611,105.98183401732719N,21.368588016547882E
6965,Long Hồ District-1168.jpeg,0.8459515422582626,105.95370226200825N,10.15938017132657E
6967,Yên Mỹ District-3268.jpeg,0.8458627015352249,106.02772246170464N,20.90843621122739E
6970,Cai Lậy Town-3930.jpeg,0.8457623422145844,106.17175364773465N,10.435622308954924E
6971,Tây Ninh City-664.jpeg,0.8457524478435516,106.12375343710043N,11.316483304895591E
6972,Long Hồ District-3788.jpeg,0.8457223922014236,105.95370226200825N,10.191719373635499E
6973,Cao Lanh City-1582.jpeg,0.84569501131773,105.63312968269553N,10.435189004930333E
6975,Cai Lậy Town-2668.jpeg,0.8456407487392426,106.11695024290049N,10.41136790722322E
6977,Cai Lậy Town-4738.jpeg,0.8455058038234711,106.10461947681281N,10.450444443346525E
6980,Tây Ninh City-6449.jpeg,0.8454374819993973,106.16361159962439N,11.425628112688466E
6983,Long Xuyen City-3058.jpeg,0.8453375101089478,105.39201250389236N,10.377178274838322E
6984,Hoa Lư District-1012.jpeg,0.8453169837594032,105.94496277429069N,20.210118975182482E
6986,Cai Lậy Town-3383.jpeg,0.8452806919813156,106.19093483942662N,10.424842574851947E
6987,Long Hồ District-5419.jpeg,0.8452765718102455,105.9865641487N,10.222711109181553E
6989,Phu Ly City-1910.jpeg,0.8451682850718498,105.96461525019052N,20.539719743198518E
6990,Long Hồ District-4133.jpeg,0.8451445996761322,105.97424094119057N,10.197109240686984E
6991,Cao Lanh City-4755.jpeg,0.8451309129595757,105.61805706615645N,10.49851994278535E
6992,Long Xuyen City-2351.jpeg,0.8451214730739594,105.42899839976602N,10.362356140446725E
6995,Chau Doc City-562.jpeg,0.8451014086604118,105.10562166191242N,10.636496471462953E
6997,Bến Tre City-1112.jpeg,0.84503523260355,106.35158502396425N,10.227330405445867E
6998,Cao Lanh City-4803.jpeg,0.8449838310480118,105.59065230881261N,10.499867409548223E
6999,Long Xuyen City-2673.jpeg,0.8449652418494225,105.4084506798362N,10.369093474261087E
7000,Cai Lậy Town-5248.jpeg,0.8449104055762291,106.10872973217536N,10.459876710686634E
7004,Trà Vinh City-1198.jpeg,0.8447884619235992,106.33450174726396N,9.937836639750643E
7011,Long Hồ District-1172.jpeg,0.8446978628635406,105.95917924312353N,10.15938017132657E
7013,Cao Lanh City-4019.jpeg,0.8446674719452858,105.63587015842995N,10.48369780839375E
7016,Long Xuyen City-4535.jpeg,0.8445953950285912,105.43036824776134N,10.409517477147261E
7021,Cai Lậy Town-1326.jpeg,0.8445021957159042,106.15805279652612N,10.387113505491515E
7022,Long Hồ District-635.jpeg,0.844489574432373,105.90988641308587N,10.15264283751221E
7023,Go Cong Town-1463.jpeg,0.8444319367408752,106.69777269870038N,10.380567272827056E
7024,Long Hồ District-6366.jpeg,0.8443868607282639,105.99204112981529N,10.24696551091325E
7030,Trà Vinh City-787.jpeg,0.8443344980478287,106.33860589693562N,9.918972105070441E
7031,Long Xuyen City-935.jpeg,0.8443111181259155,105.47968277559288N,10.330016938137788E
7034,Cai Lậy Town-4414.jpeg,0.8442555069923401,106.1881946691849N,10.443707109532163E
7035,Long Hồ District-5045.jpeg,0.8442494794726372,105.92494811115294N,10.21597377536719E
7036,Long Xuyen City-320.jpeg,0.8442327603697777,105.47283353561627N,10.315194803746191E
7039,Tây Ninh City-638.jpeg,0.8441962599754333,106.08801853276857N,11.316483304895591E
7045,Tây Ninh City-6768.jpeg,0.8439960703253746,106.16086276082966N,11.43910278031722E
7050,Sa Đéc City-1010.jpeg,0.8439236581325531,105.76825507652265N,10.297710405465965E
7052,Tây Ninh City-533.jpeg,0.8439090698957443,106.13612321167683N,11.312440904606968E
7053,Phu Ly City-4174.jpeg,0.8438003435730934,105.94303055752071N,20.588228546663295E
7054,Long Hồ District-5720.jpeg,0.8437498211860657,105.93179433754707N,10.229448442995913E
7055,Duy Tiên District-4913.jpeg,0.8437398225069046,105.9057797480216N,20.66720751373818E
7056,Binh Minh Town-1314.jpeg,0.843680128455162,105.828267715345N,10.02616147243841E
7057,Long Hồ District-4002.jpeg,0.8436585292220116,106.00847207316117N,10.194414307161237E
7060,Vĩnh Long-6.jpeg,0.8436307609081268,105.95006658376147N,10.222048069619692E
7062,Long Xuyen City-4187.jpeg,0.8435399085283279,105.39886174386898N,10.401432676570025E
7063,Tây Ninh City-3236.jpeg,0.8435196131467819,106.08114643578168N,11.369034508647713E
7065,Cai Lậy Town-5484.jpeg,0.8434162512421608,106.14024168995502N,10.463919110975251E
7066,Thái Bình-1320.jpeg,0.8433649688959122,106.34214061862926N,20.445985175831574E
7068,Cao Lanh City-2891.jpeg,0.8433419540524483,105.6070951632189N,10.459443406662043E
7070,Vĩnh Long-228.jpeg,0.8433043509721756,105.91720262130343N,10.232827803722667E
7071,Go Cong Town-966.jpeg,0.8432901799678802,106.64297212101346N,10.368440071961205E
7072,Go Cong Town-816.jpeg,0.8432563170790672,106.65667226543519N,10.364397671672586E
7073,Sa Đéc City-1322.jpeg,0.8432319387793541,105.76003727526444N,10.308490139568944E
7077,Duy Tiên District-1642.jpeg,0.8431434705853462,105.96913115931666N,20.62004617703629E
7084,Mỹ Tho-3548.jpeg,0.8429582342505455,106.3217902877337N,10.392041408080079E
7089,Mỹ Tho-3307.jpeg,0.8428945317864418,106.30809221264022N,10.387999007791462E
7092,Trà Vinh City-646.jpeg,0.842714786529541,106.30577269956223N,9.914929704781827E
7093,Cai Lậy Town-5029.jpeg,0.8427144885063171,106.10187930657109N,10.455834310398014E
7094,Tây Ninh City-931.jpeg,0.842655822634697,106.11688134011352N,11.323220638709966E
7095,Vĩnh Long-1316.jpeg,0.8426360189914703,105.99251586860305N,10.253039805165749E
7099,Vĩnh Long-1994.jpeg,0.842541791498661,105.90077064007444N,10.265167006031596E
7104,Mỹ Tho-1930.jpeg,0.8423678651452065,106.3217902877337N,10.36374460605976E
7105,Sa Đéc City-2146.jpeg,0.8423427045345306,105.73675350503285N,10.340829341877884E
7107,Long Hồ District-3322.jpeg,0.8423288092017174,106.01668754483413N,10.184982039821136E
7108,Phu Ly City-2799.jpeg,0.8423236981034279,105.92288484436223N,20.55588934435344E
7109,Long Hồ District-2690.jpeg,0.8422816172242165,105.90851716780709N,10.178244706006778E
7113,Phu Ly City-4337.jpeg,0.8421626389026642,105.93871361898678N,20.59900828076658E
7114,Tam Điệp-338.jpeg,0.8421531245112419,105.94406570916391N,20.11834800695391E
7115,Long Xuyen City-3210.jpeg,0.8421318978071213,105.41256022382217N,10.379873208364065E
7116,Long Hồ District-240.jpeg,0.8421270400285721,105.9181018847588N,10.145905503697852E
7117,Long Hồ District-5524.jpeg,0.8421032801270485,105.95780999784469N,10.225406042707299E
7120,Cai Lậy Town-6019.jpeg,0.8420686349272728,106.1142100726588N,10.474698845078231E
7122,Châu Thành District-3540.jpeg,0.8419806435704231,106.26629456941409N,10.278566338985474E
7124,Go Cong Town-4534.jpeg,0.8419599533081055,106.6347520343604N,10.450635544496429E
7125,Long Xuyen City-2234.jpeg,0.8417860344052315,105.44406672771456N,10.359661206920979E
7127,Vĩnh Long-634.jpeg,0.8417541980743408,105.93226527076335N,10.242260071062768E
7128,Cao Lanh City-4692.jpeg,0.8417523205280304,105.6249082554924N,10.497172476022477E
7130,Tây Ninh City-4022.jpeg,0.8416783437132835,106.13199995348471N,11.381161709513586E
7135,Châu Thành District-2165.jpeg,0.8415367379784584,106.29094544329693N,10.269134071645368E
7138,Sa Đéc City-339.jpeg,0.8414918631315231,105.77099434360873N,10.276150937260013E
7142,Cai Lậy Town-960.jpeg,0.8413753062486649,106.09091862560427N,10.381723638440027E
7143,Trà Vinh City-1993.jpeg,0.8413243815302849,106.31261294901503N,9.967480908533812E
7145,Go Cong Town-1918.jpeg,0.8413083106279373,106.64160210657127N,10.39404194045578E
7148,Cao Lanh City-4226.jpeg,0.8412452191114426,105.6427213477659N,10.487740208682368E
7149,Trà Vinh City-1816.jpeg,0.8412327021360397,106.3358697971545N,9.962091041482322E
7152,Long Xuyen City-2217.jpeg,0.8410667404532433,105.42077931179409N,10.359661206920979E
7155,Mỹ Tho-1172.jpeg,0.8410168513655663,106.38069201063568N,10.350269938431039E
7156,Long Xuyen City-4899.jpeg,0.8410150781273842,105.43173809575667N,10.418949744487366E
7157,Trà Vinh City-2763.jpeg,0.8410024121403694,106.3331336973734N,9.986345443214013E
7158,Mỹ Hào District-2336.jpeg,0.8409615308046341,106.05457981942202N,20.940623344187646E
7159,Chau Doc City-4072.jpeg,0.8409214504063129,105.10973543000804N,10.699827409317995E
7160,Hiệp Hòa District-5772.jpeg,0.8409117385745049,105.9225252814641N,21.337596281000838E
7161,Cai Lậy Town-6317.jpeg,0.8408592194318771,106.12517075362561N,10.481436178892595E
7169,Tam Điệp-3754.jpeg,0.8407615721225739,105.83640970261825N,20.173594144233146E
7170,Hiệp Hòa District-837.jpeg,0.8407262563705444,105.9442235994628N,21.258095741988868E
7173,Thái Bình-1930.jpeg,0.8406677693128586,106.38672260855135N,20.458112376697763E
7176,Binh Minh Town-2898.jpeg,0.8406137451529503,105.82142546214814N,10.059848141510198E
7180,Phu Ly City-2122.jpeg,0.8405104354023933,105.9200068853396N,20.543762143487246E
7184,Cai Lậy Town-2754.jpeg,0.8403334245085716,106.14298186019671N,10.41271537398609E
7185,Bến Tre City-2394.jpeg,0.8403332754969597,106.35432355388139N,10.25023734041469E
7187,Go Cong Town-2864.jpeg,0.8402885943651199,106.62653194770735N,10.416948875424618E
7190,Tây Ninh City-737.jpeg,0.8402249217033386,106.08114643578168N,11.31917823842134E
7191,Tây Ninh City-1717.jpeg,0.8401533737778664,106.12650227589519N,11.340737706627339E
7192,Thái Bình-2622.jpeg,0.840152345597744,106.3680269353582N,20.475629444615592E
7194,Long Xuyen City-2321.jpeg,0.8401128277182579,105.38790295990641N,10.362356140446725E
7195,Sa Đéc City-997.jpeg,0.8400948792695999,105.75044984046319N,10.297710405465965E
7200,Cai Lậy Town-1605.jpeg,0.8399507030844688,106.09502888096684N,10.392503372543006E
7202,Cao Lanh City-4606.jpeg,0.839873380959034,105.60024397388295N,10.495825009259605E
7203,Hiệp Hòa District-3289.jpeg,0.8398343324661255,105.91673906333112N,21.302562145165048E
7205,Cao Lanh City-578.jpeg,0.8398191407322884,105.64957253710186N,10.419019403775863E
7206,Tây Ninh City-5541.jpeg,0.8398159444332123,106.1127580819214N,11.406763578008213E
7207,Binh Minh Town-4129.jpeg,0.8397978097200394,105.83100461662376N,10.093534810581993E
7209,Go Cong Town-1116.jpeg,0.8397135138511658,106.64023209212911N,10.372482472249823E
7210,Tây Ninh City-3750.jpeg,0.8396809250116348,106.10451156553712N,11.377119309224963E
7214,Châu Thành District-5703.jpeg,0.8395358398556709,106.24438268151823N,10.292041006614197E
7217,Yên Mỹ District-2759.jpeg,0.839469276368618,106.0709921028411N,20.899003943887E
7219,Bac Giang City-2893.jpeg,0.8394351974129677,106.20685163516228N,21.29956427868906E
7221,Trà Vinh City-2512.jpeg,0.839374914765358,106.34134199671676N,9.979608109399651E
7225,Hiệp Hòa District-5503.jpeg,0.8392237052321434,105.99195989905994N,21.333553880712092E
7227,Châu Thành District-2947.jpeg,0.8391903564333916,106.31696581017323N,10.274523938696857E
7231,Cai Lậy Town-1959.jpeg,0.8391306847333908,106.13887160483415N,10.397893239594495E
7233,Mỹ Tho-1300.jpeg,0.8390575721859932,106.33548836282719N,10.352964871956782E
7234,Trà Vinh City-2937.jpeg,0.838992178440094,106.32629344792062N,9.991735310265497E
7238,Cao Lanh City-1134.jpeg,0.8388728126883507,105.60161421175015N,10.428451671115972E
7240,Tây Ninh City-1878.jpeg,0.8387519717216492,106.08801853276857N,11.344780106915964E
7242,Mỹ Tho-3818.jpeg,0.8387313857674599,106.31220163516828N,10.39743127513157E
7243,Hiệp Hòa District-3641.jpeg,0.8387044370174408,106.02957031692426N,21.306604545453805E
7244,Long Hồ District-5546.jpeg,0.8386935666203499,105.98793339397882N,10.225406042707299E
7247,Phu Ly City-1106.jpeg,0.8386439681053162,105.90849504924903N,20.52759254233232E
7251,Duy Tiên District-2275.jpeg,0.8385479375720024,105.93313603926266N,20.629478444376662E
7255,Vĩnh Long-162.jpeg,0.8384606540203094,105.98977720506487N,10.230132870196922E
7257,Go Cong Town-1184.jpeg,0.83843744546175,106.66489235208824N,10.373829939012698E
7258,Thanh Liêm District-7888.jpeg,0.8384061753749847,105.97790960488143N,20.52051361714136E
7259,Thái Bình-577.jpeg,0.838401310145855,106.31625430190032N,20.43116304143958E
7261,Hiệp Hòa District-5220.jpeg,0.8383449092507362,106.02812376239105N,21.329511480423346E
7263,Binh Minh Town-3878.jpeg,0.8383320532739162,105.81868856086938N,10.086797476767636E
7266,Cai Lậy Town-1328.jpeg,0.8382553085684776,106.16079296676783N,10.387113505491515E
7269,Binh Minh Town-1655.jpeg,0.83821901679039,105.87616348772315N,10.032898806252769E
7271,Long Hồ District-463.jpeg,0.8381569907069206,105.93179433754707N,10.149947903986464E
7272,Cai Lậy Town-1336.jpeg,0.8381430879235268,106.17175364773465N,10.387113505491515E
7273,Bến Tre City-2515.jpeg,0.8381353840231895,106.41594047701699N,10.251584807177563E
7274,Duy Tiên District-3757.jpeg,0.8381289020180702,105.98064959773394N,20.649690445820323E
7277,Long Hồ District-3892.jpeg,0.8381091058254242,105.9701332053541N,10.193066840398368E
7282,Tây Ninh City-6034.jpeg,0.8380324169993401,106.16910927721393N,11.416195845348339E
7283,Go Cong Town-2354.jpeg,0.8380162566900253,106.65256222210868N,10.404821674558763E
7284,Tây Ninh City-1592.jpeg,0.8380100652575493,106.12100459830566N,11.338042773101586E
7286,Duy Tiên District-3101.jpeg,0.8379032351076603,106.02672335140306N,20.640258178479957E
7289,Go Cong Town-2972.jpeg,0.837843269109726,106.68270253983648N,10.418296342187489E
7290,Long Xuyen City-2989.jpeg,0.837759256362915,105.38927280790173N,10.375830808075445E
7292,Thanh Liêm District-889.jpeg,0.837726429104805,105.92182538680898N,20.404631475531097E
7293,Trà Vinh City-2460.jpeg,0.8377161473035812,106.346814196279N,9.978260642636783E
7298,Vĩnh Long-550.jpeg,0.8376529663801193,105.90487863538168N,10.2409126042999E
7301,Thanh Liêm District-501.jpeg,0.8375847041606903,105.92182538680898N,20.392504274664912E
7303,Thanh Liêm District-498.jpeg,0.8375285789370537,105.91751121618802N,20.392504274664912E
7304,Binh Minh Town-3228.jpeg,0.8374791294336319,105.8570051787719N,10.06793294208743E
7307,Go Cong Town-3263.jpeg,0.8374262973666191,106.68133252539432N,10.423686209238976E
7308,Tây Ninh City-5328.jpeg,0.8374261409044266,106.11413250131875N,11.402721177719588E
7311,Cao Lanh City-3263.jpeg,0.8373479172587395,105.629018969094N,10.467528207239278E
7312,Long Hồ District-3122.jpeg,0.8373257592320442,105.89345546974N,10.183634573058265E
7316,Sa Đéc City-157.jpeg,0.8372213542461395,105.77510324423783N,10.270761070208524E
7317,Go Cong Town-894.jpeg,0.8371829837560654,106.68955261204736N,10.365745138435459E
7326,Cai Lậy Town-2726.jpeg,0.8370624557137489,106.10461947681281N,10.41271537398609E
7327,Hung Yen City-555.jpeg,0.8370507284998894,106.09360514840996N,20.623307607400267E
7331,Thanh Liêm District-1949.jpeg,0.8369170278310776,105.91319704556706N,20.42619094373765E
7336,Ninh Bình-2344.jpeg,0.8368018716573715,105.93711194419525N,20.283298945129978E
7340,Long Hồ District-5272.jpeg,0.8367603048682213,105.96328697896001N,10.220016175655811E
7344,Thanh Liêm District-2549.jpeg,0.8366995826363564,105.90313064745148N,20.435623211078017E
7345,Bến Tre City-2185.jpeg,0.8365604355931282,106.40909415222414N,10.246194940126077E
7347,Cai Lậy Town-2977.jpeg,0.8365265280008316,106.10461947681281N,10.418105241037583E
7348,Go Cong Town-2640.jpeg,0.8364731445908546,106.66215232320387N,10.411559008373121E
7351,Go Cong Town-3063.jpeg,0.836315467953682,106.61557183216999N,10.420991275713233E
7356,Long Xuyen City-2985.jpeg,0.8362160176038742,105.38379341592045N,10.375830808075445E
7362,Hiệp Hòa District-8154.jpeg,0.8360889330506325,105.96881502652796N,21.37263041683663E
7363,Long Hồ District-5169.jpeg,0.8360683619976044,106.0043643373247N,10.217321242130064E
7368,Duy Tiên District-1753.jpeg,0.8359503373503685,106.00368647456851N,20.621393643799195E
7369,Cao Lanh City-5046.jpeg,0.835942804813385,105.59202254667983N,10.505257276599714E
7371,Sa Đéc City-1435.jpeg,0.8359359949827194,105.75455874109232N,10.312532539857562E
7378,Long Xuyen City-4016.jpeg,0.8357982635498047,105.39612204787835N,10.397390276281406E
7379,Duy Tiên District-5.jpeg,0.8357881866395473,105.97345057372313N,20.559410172705306E
7381,Binh Minh Town-3035.jpeg,0.8357500322163105,105.79816180127872N,10.063890541798811E
7386,Cai Lậy Town-2450.jpeg,0.8356427177786827,106.10735964705452N,10.407325506934605E
7388,Vĩnh Long-159.jpeg,0.8355986326932907,105.98566920975762N,10.230132870196922E
7390,Tây Ninh City-81.jpeg,0.8354906290769577,106.10588598493449N,11.298966236978218E
7392,Trà Vinh City-2620.jpeg,0.8354394063353539,106.34134199671676N,9.982303042925398E
7396,Tây Ninh City-5248.jpeg,0.8354123085737228,106.10588598493449N,11.401373710956712E
7399,Phu Ly City-4188.jpeg,0.8353195711970329,105.9631762706792N,20.588228546663295E
7403,Go Cong Town-4917.jpeg,0.8351638093590736,106.6457121498978N,10.473542479465264E
7407,Cai Lậy Town-109.jpeg,0.8350943773984909,106.12928100898819N,10.358816703471197E
7411,Sa Đéc City-1969.jpeg,0.8349919393658638,105.74497130629103N,10.332744541300645E
7412,Go Cong Town-320.jpeg,0.8349785506725311,106.69503266981602N,10.34957553728099E
7416,Cai Lậy Town-4511.jpeg,0.8349063023924828,106.10598956193365N,10.446402043057908E
7418,Tây Ninh City-2206.jpeg,0.8348584622144699,106.07839759698689N,11.351517440730339E
7424,Hiệp Hòa District-3661.jpeg,0.8347106203436852,105.92397183599734N,21.307952012216713E
7425,Cai Lậy Town-6034.jpeg,0.8347006589174271,106.1347613494716N,10.474698845078231E
7427,Cai Lậy Town-2985.jpeg,0.8346773907542229,106.11558015777963N,10.418105241037583E
7430,Hiệp Hòa District-9198.jpeg,0.834598496556282,106.00642544439235N,21.396884818569102E
7431,Châu Thành District-1449.jpeg,0.8345681726932526,106.2525996394792N,10.263744204593879E
7432,Vĩnh Long-1012.jpeg,0.8345605656504631,105.91583328953435N,10.24899740487713E
7435,Hung Yen City-1604.jpeg,0.8344713002443314,106.07920439866642N,20.647562009132667E
7436,Cai Lậy Town-2563.jpeg,0.8344542235136032,106.16490322213039N,10.40867297369747E
7438,Mỹ Tho-3037.jpeg,0.8344502411782742,106.36288451301418N,10.382609140739975E
7439,Cai Lậy Town-3529.jpeg,0.8344426527619362,106.10598956193365N,10.428884975140564E
7442,Thanh Liêm District-3967.jpeg,0.8344182819128036,105.90313064745148N,20.455835212521666E
7448,Tây Ninh City-6736.jpeg,0.8342778757214546,106.11688134011352N,11.436407846791464E
7451,Binh Minh Town-1422.jpeg,0.8342385664582253,105.89395334603505N,10.02750893920128E
7452,Trà Vinh City-1682.jpeg,0.8342268913984299,106.3358697971545N,9.958048641193713E
7454,Long Hồ District-4242.jpeg,0.8342173844575882,105.92494811115294N,10.19980417421273E
7457,Châu Thành District-257.jpeg,0.8341841027140617,106.1964504267461N,10.25026953696516E
7458,Long Hồ District-2198.jpeg,0.8341631591320038,106.00710282788233N,10.171507372192416E
7460,Châu Thành District-159.jpeg,0.8340938463807106,106.21699282164845N,10.247574603439418E
7462,Go Cong Town-4031.jpeg,0.8340439945459366,106.6347520343604N,10.4371608768677E
7464,Long Hồ District-6103.jpeg,0.8339914679527283,106.00710282788233N,10.237533243573147E
7465,Long Hồ District-8651.jpeg,0.8339878246188164,105.95507150728706N,10.299516714665266E
7468,Go Cong Town-3693.jpeg,0.8339614942669868,106.60324170219042N,10.431771009816211E
7472,Chau Doc City-2031.jpeg,0.8337997049093246,105.0809390533387N,10.66748820700904E
7473,Cao Lanh City-4893.jpeg,0.8337936997413635,105.63175944482836N,10.501214876311098E
7474,Long Hồ District-1389.jpeg,0.8337719291448593,105.96602546951763N,10.162075104852311E
7475,Long Hồ District-4644.jpeg,0.8337506800889969,106.00162584676706N,10.206541508027088E
7477,Long Hồ District-3191.jpeg,0.8335937336087227,105.98793339397882N,10.183634573058265E
7478,Binh Minh Town-1600.jpeg,0.8335846662521362,105.88711109283818N,10.031551339489894E
7479,Tây Ninh City-430.jpeg,0.8335757702589035,106.12650227589519N,11.309745971081217E
7481,Mỹ Tho-2596.jpeg,0.833479218184948,106.37932220312635N,10.37452434016274E
7484,Long Xuyen City-2584.jpeg,0.8333785384893417,105.37831402393917N,10.367746007498214E
7488,Thái Bình-2136.jpeg,0.8333276445046067,106.3478931334579N,20.463502243749414E
7490,Hiệp Hòa District-9525.jpeg,0.8332655616104603,105.97749435372745N,21.406317085909514E
7492,Ninh Bình-734.jpeg,0.8331797271966934,105.95147386447422N,20.234790141665254E
7496,Cai Lậy Town-5384.jpeg,0.8330872356891632,106.10050922145024N,10.46257164421238E
7497,Cai Lậy Town-5420.jpeg,0.8330870419740677,106.14983228580098N,10.46257164421238E
7501,Long Hồ District-4016.jpeg,0.8330715373158455,105.91673263947999N,10.195761773924112E
7502,Duy Tiên District-2823.jpeg,0.8330489993095398,105.91009916242808N,20.63756324495413E
7506,Binh Minh Town-3951.jpeg,0.8329621627926826,105.8528998268538N,10.088144943530505E
7508,Long Hồ District-5323.jpeg,0.8328911885619164,105.94411754505647N,10.22136364241868E
7512,Long Xuyen City-5122.jpeg,0.8328208178281784,105.41529991981282N,10.425687078301731E
7513,Long Hồ District-3226.jpeg,0.8328144624829292,105.88523999806705N,10.184982039821136E
7515,Cai Lậy Town-2962.jpeg,0.8327798843383789,106.16490322213039N,10.416757774274714E
7516,Long Hồ District-5958.jpeg,0.8327757865190506,106.00710282788233N,10.233490843284528E
7517,Trà Vinh City-1098.jpeg,0.8327638916671276,106.33176564748287N,9.932446772699157E
7518,Mỹ Hào District-2078.jpeg,0.8327225893735886,106.04303890971099N,20.936580943898907E
7519,Long Xuyen City-3147.jpeg,0.8327115960419178,105.42077931179409N,10.378525741601193E
7521,Long Hồ District-5709.jpeg,0.8326986655592918,105.91673263947999N,10.229448442995913E
7526,Thái Bình-67.jpeg,0.8326187133789062,106.31913055931464N,20.406908639707193E
7530,Cai Lậy Town-3257.jpeg,0.8325726538896561,106.11695024290049N,10.423495108089071E
7531,Cai Lậy Town-981.jpeg,0.8325330466032028,106.11969041314218N,10.381723638440027E
7534,Tây Ninh City-4774.jpeg,0.8324934542179108,106.10451156553712N,11.393288910379463E
7540,Tây Ninh City-1659.jpeg,0.8323115706443787,106.13062553408732N,11.339390239864464E
7541,Long Hồ District-2718.jpeg,0.8323051370680332,105.9468560356141N,10.178244706006778E
7546,Go Cong Town-2264.jpeg,0.8322038948535919,106.67996251095214N,10.402126741033015E
7548,Long Hồ District-5270.jpeg,0.8321341127157211,105.96054848840235N,10.220016175655811E
7550,Trà Vinh City-1528.jpeg,0.8320059254765511,106.3495502960601N,9.952658774142225E
7552,Long Hồ District-4387.jpeg,0.8319810852408409,105.93179433754707N,10.202499107738472E
7553,Tây Ninh City-4944.jpeg,0.8319743350148201,106.1127580819214N,11.395983843905213E
7554,Long Hồ District-5128.jpeg,0.8319620043039322,105.94822528089293N,10.217321242130064E
7555,Cao Lanh City-2981.jpeg,0.8319515809416771,105.64683206136746N,10.460790873424916E
7556,Cai Lậy Town-2443.jpeg,0.8318730294704437,106.09776905120856N,10.407325506934605E
7560,Long Hồ District-3711.jpeg,0.8318520113825798,105.9756101864694N,10.190371906872624E
7561,Go Cong Town-2282.jpeg,0.831830158829689,106.62790196214955N,10.403474207795886E
7564,Tây Ninh City-2854.jpeg,0.831755205988884,106.11000924312664N,11.362297174833339E
7565,Binh Minh Town-3671.jpeg,0.8317347429692745,105.79679335063939N,10.081407609716146E
7574,Tây Ninh City-6331.jpeg,0.8313949778676033,106.16361159962439N,11.422933179162715E
7576,Binh Minh Town-3174.jpeg,0.8312907814979553,105.85153137621441N,10.066585475324558E
7582,Tây Ninh City-4495.jpeg,0.8311649039387703,106.19247440696937N,11.387899043327963E
7585,Thanh Liêm District-774.jpeg,0.8311024084687233,105.91032093181974N,20.40193654200528E
7591,Vĩnh Long-1930.jpeg,0.8309550583362579,105.910355962458N,10.263819539268725E
7592,Go Cong Town-1906.jpeg,0.8309252634644508,106.62516193326519N,10.39404194045578E
7593,Tây Ninh City-6336.jpeg,0.8309119120240211,106.17048369661134N,11.422933179162715E
7595,Cai Lậy Town-1502.jpeg,0.8308271393179893,106.17586390309722N,10.38980843901726E
7596,Cai Lậy Town-1591.jpeg,0.8308266401290894,106.18682458406407N,10.391155905780133E
7598,Duy Tiên District-838.jpeg,0.8307957910001278,105.93745545366913N,20.601181642355538E
7600,Long Hồ District-6388.jpeg,0.8307933807373047,106.02216452594939N,10.24696551091325E
7602,Hiệp Hòa District-6657.jpeg,0.8307403773069382,106.02378409879131N,21.348376015104158E
7606,Binh Minh Town-1162.jpeg,0.8306602165102959,105.86111053069003N,10.022119072149795E
7609,Binh Minh Town-1416.jpeg,0.8306144401431084,105.88574264219878N,10.02750893920128E
7612,Cai Lậy Town-1613.jpeg,0.8305343836545944,106.10598956193365N,10.392503372543006E
7614,Tây Ninh City-5043.jpeg,0.8304752111434937,106.13887205047158N,11.39733131066809E
7615,Bến Tre City-3097.jpeg,0.8304571211338043,106.32693825471N,10.265059474806286E
7616,Long Hồ District-2883.jpeg,0.8304513692855835,106.01942603539176N,10.17959217276965E
7617,Thanh Liêm District-5765.jpeg,0.8304304257035255,105.90456870432516N,20.481437081016963E
7618,Yên Mỹ District-2245.jpeg,0.8303242102265358,106.03637638993193N,20.890919143309524E
7620,Trà Vinh City-574.jpeg,0.8302938900887966,106.31534904879615N,9.912234771256085E
7621,Cai Lậy Town-4103.jpeg,0.8301891013979912,106.19778526503087N,10.43831724248067E
7626,Hiệp Hòa District-9045.jpeg,0.8300994038581848,106.0107651079921N,21.392842418280356E
7628,Yên Mỹ District-3095.jpeg,0.8300165832042694,105.9931067487955N,20.90574127770157E
7631,Long Xuyen City-2627.jpeg,0.8299488425254822,105.43721748773795N,10.367746007498214E
7635,Long Hồ District-298.jpeg,0.8299289494752884,105.91399414892234N,10.147252970460721E
7638,Châu Thành District-7831.jpeg,0.8298669755458832,106.39228792481515N,10.305515674242919E
7639,Tây Ninh City-3162.jpeg,0.8298538029193878,106.09351621035809N,11.367687041884835E
7643,Tam Điệp-1266.jpeg,0.8297536037862301,105.85794090392736N,20.13721254163463E
7649,Hung Yen City-1828.jpeg,0.829675555229187,106.06912387384595N,20.654299342947215E
7651,Mỹ Tho-3668.jpeg,0.8296537399291992,106.38891085569182N,10.393388874842957E
7652,Long Hồ District-2811.jpeg,0.829647533595562,105.92084037531647N,10.17959217276965E
7653,Tây Ninh City-1564.jpeg,0.8295927718281746,106.082520855179N,11.338042773101586E
7659,Binh Minh Town-3496.jpeg,0.8294558450579643,105.82005701150875N,10.076017742664664E
7663,Cai Lậy Town-3785.jpeg,0.8293452188372612,106.17312373285549N,10.432927375429179E
7664,Cao Lanh City-1169.jpeg,0.8293381854891777,105.64957253710186N,10.428451671115972E
7665,Cao Lanh City-1328.jpeg,0.8293351754546165,105.63449992056276N,10.431146604641716E
7667,Duy Tiên District-258.jpeg,0.8292582184076309,105.97776998812962N,20.5715373735715E
7670,Cao Lanh City-1598.jpeg,0.8291062340140343,105.65505348857066N,10.435189004930333E
7673,Cai Lậy Town-2574.jpeg,0.8290844559669495,106.17997415845981N,10.40867297369747E
7674,Trà Vinh City-1125.jpeg,0.8290671370923519,106.33450174726396N,9.933794239462024E
7681,Cai Lậy Town-3709.jpeg,0.8289571702480316,106.16764339237213N,10.43157990866631E
7693,Long Xuyen City-4681.jpeg,0.8286644294857979,105.41256022382217N,10.413559877435876E
7696,Long Hồ District-5024.jpeg,0.8285804316401482,105.9865641487N,10.21462630860432E
7698,Cai Lậy Town-5929.jpeg,0.8284414857625961,106.17312373285549N,10.472003911552486E
7700,Tây Ninh City-6698.jpeg,0.8284221664071083,106.14849298625326N,11.43371291326572E
7702,Long Hồ District-5452.jpeg,0.8283687680959702,105.94548679033528N,10.224058575944424E
7704,Trà Vinh City-245.jpeg,0.8283017352223396,106.34271004660732N,9.90010757039024E
7706,Long Hồ District-1259.jpeg,0.8282207399606705,105.93179433754707N,10.16072763808944E
7707,Tây Ninh City-6279.jpeg,0.8281915113329887,106.17598137420082N,11.421585712399843E
7708,Sa Đéc City-1728.jpeg,0.8281765654683113,105.74223203920499N,10.323312273960541E
7711,Cao Lanh City-4213.jpeg,0.8280873596668243,105.6249082554924N,10.487740208682368E
7713,Thanh Liêm District-902.jpeg,0.8280724436044693,105.94052012616646N,20.404631475531097E
7714,Ninh Bình-2404.jpeg,0.8280722424387932,105.9600910166416N,20.287341345418707E
7717,Cai Lậy Town-4759.jpeg,0.827902540564537,106.13339126435075N,10.450444443346525E
7719,Long Hồ District-2007.jpeg,0.827883817255497,105.90030169613412N,10.170159905429546E
7722,Sa Đéc City-803.jpeg,0.8278288096189499,105.76962471006567N,10.290973071651605E
7728,Cao Lanh City-3506.jpeg,0.827709399163723,105.6440915856331N,10.47291807429077E
7730,Cao Lanh City-3798.jpeg,0.8277030438184738,105.6112058768205N,10.479655408105131E
7735,Hiệp Hòa District-6496.jpeg,0.8275114148855209,105.92541839053061N,21.347028548341235E
7736,Hung Yen City-2875.jpeg,0.8274644743651152,106.03888229938451N,20.689333478782913E
7737,Long Xuyen City-3157.jpeg,0.8273405283689499,105.43447779174731N,10.378525741601193E
7738,Cai Lậy Town-4514.jpeg,0.8273066729307175,106.11009981729622N,10.446402043057908E
7743,Tây Ninh City-5256.jpeg,0.8271575421094894,106.11688134011352N,11.401373710956712E
7744,Long Hồ District-5503.jpeg,0.8271533846855164,105.92494811115294N,10.225406042707299E
7745,Châu Thành District-6225.jpeg,0.8270996436476707,106.38954893882818N,10.294735940139942E
7746,Go Cong Town-3306.jpeg,0.8270541839301586,106.62653194770735N,10.425033676001851E
7747,Tam Điệp-769.jpeg,0.8270388916134834,105.86368255760982N,20.127780274294267E
7750,Cao Lanh City-3948.jpeg,0.8269984573125839,105.63175944482836N,10.48235034163088E
7751,Cai Lậy Town-2005.jpeg,0.8269886150956154,106.09502888096684N,10.39924070635737E
7756,Sa Đéc City-1565.jpeg,0.8268714621663094,105.72305716960248N,10.31792240690905E
7760,Hoa Lư District-3969.jpeg,0.826797291636467,105.96507010280283N,20.290966980957013E
7765,Trà Vinh City-199.jpeg,0.8266575112938881,106.32629344792062N,9.898760103627373E
7768,Thanh Liêm District-4614.jpeg,0.8266008645296097,105.89018813558863N,20.46526747986205E
7770,Tây Ninh City-565.jpeg,0.8265619874000549,106.11688134011352N,11.313788371369842E
7779,Long Hồ District-4060.jpeg,0.8264272138476372,105.97697943174823N,10.195761773924112E
7787,Phu Ly City-6.jpeg,0.8263121619820595,105.91568994680563N,20.485821072682107E
7790,Long Hồ District-5421.jpeg,0.8262552320957184,105.98930263925763N,10.222711109181553E
7792,Tây Ninh City-5993.jpeg,0.8262319788336754,106.1127580819214N,11.416195845348339E
7794,Duy Tiên District-1292.jpeg,0.8262012377381325,105.97920979293177N,20.61330884322173E
7795,Duy Tiên District-278.jpeg,0.8261826112866402,105.95905252570155N,20.57288484033442E
7797,Thái Bình-1859.jpeg,0.8261607810854912,106.37090319277254N,20.45676490993485E
7798,Mỹ Tho-3725.jpeg,0.8261238485574722,106.37110335807027N,10.394736341605826E
7801,Mỹ Tho-669.jpeg,0.8260432966053486,106.32042048022436N,10.342185137853802E
7805,Binh Minh Town-2018.jpeg,0.8258562795817852,105.83784686982062N,10.040983606829998E
7807,Vĩnh Long-1436.jpeg,0.825798861682415,105.92541861191793N,10.255734738691492E
7813,Mỹ Tho-2229.jpeg,0.8256371095776558,106.40671835331334N,10.367787006348378E
7823,Trà Vinh City-2339.jpeg,0.8254362568259239,106.3358697971545N,9.975565709111041E
7829,Cai Lậy Town-1967.jpeg,0.8253548890352249,106.14983228580098N,10.397893239594495E
7830,Hiệp Hòa District-5218.jpeg,0.8253263756632805,106.02523065332454N,21.329511480423346E
7833,Cai Lậy Town-3553.jpeg,0.8251686990261078,106.13887160483415N,10.428884975140564E
7839,Châu Thành District-7999.jpeg,0.8249715939164162,106.35942009297142N,10.306863141005792E
7842,Tam Điệp-2517.jpeg,0.8249030113220215,105.90530954680744N,20.15742454307825E
7843,Cao Lanh City-619.jpeg,0.8249001875519753,105.59065230881261N,10.420366870538738E
7845,Go Cong Town-2531.jpeg,0.824860081076622,106.66900239541475N,10.408864074847378E
7846,Duy Tiên District-1272.jpeg,0.824794664978981,105.95041369688856N,20.61330884322173E
7850,Yên Mỹ District-3258.jpeg,0.824726864695549,106.01329924799252N,20.90843621122739E
7851,Cao Lanh City-3005.jpeg,0.824716329574585,105.59887373601575N,10.462138340187787E
7854,Cao Lanh City-3491.jpeg,0.8245967850089073,105.62353801762521N,10.47291807429077E
7855,Go Cong Town-4088.jpeg,0.8245805576443672,106.61283180328563N,10.438508343630575E
7856,Long Xuyen City-4426.jpeg,0.8244901224970818,105.4276285517707N,10.406822543621512E
7857,Cao Lanh City-2639.jpeg,0.8244789466261864,105.60572492535172N,10.454053539610552E
7858,Long Hồ District-6229.jpeg,0.824383057653904,105.93864056394118N,10.241575643861761E
7859,Long Hồ District-1814.jpeg,0.8243795149028301,105.94274829977763N,10.167464971903803E
7860,Mỹ Tho-2353.jpeg,0.8243662528693676,106.36151470550483N,10.37048193987412E
7864,Mỹ Tho-3382.jpeg,0.8242396339774132,106.41082777584135N,10.387999007791462E
7865,Long Hồ District-2466.jpeg,0.8241519033908844,105.90988641308587N,10.175549772481036E
7867,Cao Lanh City-4769.jpeg,0.8240618780255318,105.63724039629714N,10.49851994278535E
7868,Cao Lanh City-3093.jpeg,0.8240517154335976,105.63861063416432N,10.46348580695066E
7871,Mỹ Tho-1427.jpeg,0.8239176347851753,106.3998693157666N,10.354312338719653E
7874,Bac Giang City-1380.jpeg,0.8238740712404251,106.15479717286136N,21.271267476667855E
7876,Trà Vinh City-1891.jpeg,0.8238187879323959,106.30850879934333N,9.964785975008068E
7877,Cai Lậy Town-3961.jpeg,0.8237924203276634,106.11283998753794N,10.436969775717799E
7878,Hoa Lư District-502.jpeg,0.8237668573856354,105.94209029878895N,20.199339241079212E
7879,Hiệp Hòa District-7019.jpeg,0.8237603381276131,105.99051334452666N,21.353765882155816E
7880,Trà Vinh City-1076.jpeg,0.8237573429942131,106.3358697971545N,9.931099305936286E
7883,Tây Ninh City-5271.jpeg,0.8237408846616745,106.13749763107424N,11.401373710956712E
7886,Tam Điệp-452.jpeg,0.8236663565039635,105.92253450785479N,20.12104294047973E
7888,Tây Ninh City-2599.jpeg,0.8236583173274994,106.08526969397381N,11.358254774544713E
7891,Go Cong Town-30.jpeg,0.8236330151557922,106.68270253983648N,10.33744833641514E
7896,Binh Minh Town-2296.jpeg,0.8234483152627945,105.84742602429628N,10.046373473881486E
7897,Cao Lanh City-918.jpeg,0.823428601026535,105.65368325070345N,10.424409270827352E
7898,Sa Đéc City-71.jpeg,0.8234198689460754,105.72031790251641N,10.26806613668278E
7902,Cai Lậy Town-446.jpeg,0.8233570158481598,106.14846220068013N,10.370943904337045E
7903,Long Hồ District-1609.jpeg,0.8232951685786247,105.96602546951763N,10.16477003837806E
7906,Cai Lậy Town-3460.jpeg,0.82322858273983,106.10324939169192N,10.427537508377691E
7913,Trà Vinh City-2570.jpeg,0.8229136243462563,106.34544614638844N,9.980955576162524E
7915,Long Hồ District-4087.jpeg,0.8228918388485909,106.01394905427645N,10.195761773924112E
7917,Châu Thành District-8545.jpeg,0.8228283375501633,106.33887769806907N,10.310905541294407E
7924,Go Cong Town-1443.jpeg,0.8226214498281479,106.67037240985691N,10.380567272827056E
7925,Long Hồ District-4199.jpeg,0.8226178660988808,105.96465622423881N,10.198456707449855E
7927,Long Hồ District-1869.jpeg,0.8225895315408707,106.01805679011294N,10.167464971903803E
7928,Long Hồ District-92.jpeg,0.8225624486804008,106.02627226178588N,10.140515636646363E
7934,Yên Mỹ District-3454.jpeg,0.822441466152668,105.98012585645456N,20.912478611516125E
7935,Ninh Bình-2337.jpeg,0.8224132880568504,105.9672719767811N,20.281951478367073E
7936,Tây Ninh City-1468.jpeg,0.8223583623766899,106.11413250131875N,11.335347839575835E
7938,Mỹ Hào District-3156.jpeg,0.82234738022089,106.11516959540486N,20.952750545053863E
7942,Long Hồ District-4029.jpeg,0.8222151920199394,105.9345328281047N,10.195761773924112E
7944,Vĩnh Long-1954.jpeg,0.8222064673900604,105.94321992491601N,10.263819539268725E
7947,Tây Ninh City-6240.jpeg,0.8221617266535759,106.12237901770304N,11.421585712399843E
7950,Go Cong Town-305.jpeg,0.8220617547631264,106.67448245318344N,10.34957553728099E
7954,Sa Đéc City-2071.jpeg,0.8220088109374046,105.71620900188731N,10.338134408352138E
7956,Long Xuyen City-2646.jpeg,0.8219850361347198,105.37146478396255N,10.369093474261087E
7958,Cao Lanh City-3312.jpeg,0.8219614401459694,105.61668682828926N,10.46887567400215E
7959,Châu Thành District-4685.jpeg,0.8219551891088486,106.32518276813416N,10.28530367279983E
7964,Duy Tiên District-5282.jpeg,0.8218273371458054,105.91729818643888N,20.67394484755273E
7965,Mỹ Tho-3873.jpeg,0.8218157812952995,106.39302027821981N,10.39743127513157E
7966,Cai Lậy Town-2554.jpeg,0.8218016624450684,106.1525724560427N,10.40867297369747E
7967,Cai Lậy Town-233.jpeg,0.8217962589114904,106.12517075362561N,10.364206570522683E
7968,Mỹ Tho-1081.jpeg,0.8217815905809402,106.36562412803286N,10.348922471668164E
7973,Long Hồ District-5229.jpeg,0.8216841295361519,105.99477962037295N,10.218668708892936E
7974,Binh Minh Town-4371.jpeg,0.8216470256447792,105.85974208005064N,10.100272144396353E
7980,Duy Tiên District-5426.jpeg,0.821552187204361,105.93745545366913N,20.676639781078556E
7985,Hung Yen City-2619.jpeg,0.8214509561657906,106.05616319907675N,20.68124867820544E
7987,Go Cong Town-2029.jpeg,0.8213419988751411,106.65119220766648N,10.396736873981526E
7988,Tây Ninh City-6470.jpeg,0.8213259130716324,106.11413250131875N,11.426975579451344E
7989,Go Cong Town-3340.jpeg,0.8212879970669746,106.67311243874127N,10.425033676001851E
7993,Binh Minh Town-3489.jpeg,0.8211432248353958,105.81047785703313N,10.076017742664664E
7995,Cai Lậy Town-1382.jpeg,0.8211136236786842,106.1224305833839N,10.38846097225439E
7996,Duy Tiên District-5578.jpeg,0.8211128264665604,106.02096413219442N,20.67933471460438E
7997,Trà Vinh City-1896.jpeg,0.8210881054401398,106.31534904879615N,9.964785975008068E
7999,Thanh Liêm District-1957.jpeg,0.8210350573062897,105.9247015005563N,20.42619094373765E
8005,Binh Minh Town-4228.jpeg,0.8209082186222076,105.83374151790251N,10.096229744107738E
8006,Long Hồ District-4210.jpeg,0.8208637982606888,105.97971792230587N,10.198456707449855E
8011,Cai Lậy Town-3594.jpeg,0.8207902014255524,106.10324939169192N,10.430232441903435E
8014,Cao Lanh City-2469.jpeg,0.820693351328373,105.65505348857066N,10.450011139321935E
8015,Long Xuyen City-737.jpeg,0.8206906840205193,105.4646144476444N,10.325974537849172E
8017,Thái Bình-309.jpeg,0.8205718249082565,106.35364564828656N,20.4217307740992E
8031,Cai Lậy Town-6724.jpeg,0.8202480748295784,106.09365879584597N,10.497605780047069E
8032,Mỹ Tho-1479.jpeg,0.820182092487812,106.36151470550483N,10.355659805482526E
8035,Long Hồ District-6031.jpeg,0.8201422169804573,105.92905584698941N,10.236185776810276E
8038,Cai Lậy Town-6418.jpeg,0.8200574889779091,106.14024168995502N,10.484131112418343E
8039,Go Cong Town-45.jpeg,0.8200549930334091,106.66900239541475N,10.33879580317801E
8040,Mỹ Hào District-2838.jpeg,0.8200450725853443,106.0372684548555N,20.948708144765128E
8045,Trà Vinh City-567.jpeg,0.8198306038975716,106.30577269956223N,9.912234771256085E
8048,Vĩnh Long-1561.jpeg,0.8197354078292847,105.97882255091221N,10.257082205454365E
8049,Long Hồ District-1576.jpeg,0.8197338953614235,105.92084037531647N,10.16477003837806E
8051,Cao Lanh City-3565.jpeg,0.8197197914123535,105.64135110989872N,10.474265541053642E
8053,Cao Lanh City-4902.jpeg,0.8196789622306824,105.6454618235003N,10.501214876311098E
8057,Cao Lanh City-3871.jpeg,0.8195976316928864,105.61942730402366N,10.481002874868004E
8059,Yên Mỹ District-1886.jpeg,0.8195138089358807,106.01041460525009N,20.885529276257877E
8062,Long Hồ District-2323.jpeg,0.8194267153739929,106.02353377122823N,10.172854838955288E
8066,Go Cong Town-3441.jpeg,0.8193202242255211,106.6964026842582N,10.426381142764722E
8067,Bac Giang City-636.jpeg,0.8193089962005615,106.17937844672568N,21.252402941987047E
8069,Thanh Liêm District-2127.jpeg,0.8193012624979019,105.9247015005563N,20.42888587726348E
8072,Trà Vinh City-313.jpeg,0.8192268013954163,106.33997394682622N,9.902802503915984E
8075,Thanh Liêm District-4357.jpeg,0.8191479817032814,105.92182538680898N,20.461225079573314E
8079,Sa Đéc City-1954.jpeg,0.8191202953457832,105.72442680314552N,10.332744541300645E
8080,Châu Thành District-2904.jpeg,0.8191192150115967,106.25807761145315N,10.274523938696857E
8084,Ninh Bình-388.jpeg,0.8189826607704163,105.9945596253111N,20.222662940799086E
8085,Mỹ Hào District-2417.jpeg,0.8189754709601402,106.04880936456651N,20.94197081095056E
8087,Trà Vinh City-706.jpeg,0.8189385831356049,106.33450174726396N,9.916277171544703E
8094,Hung Yen City-1037.jpeg,0.8187514506280422,106.04032237435887N,20.63408734150355E
8095,Mỹ Tho-2975.jpeg,0.8187412321567535,106.38206181814505N,10.381261673977102E
8097,Thanh Liêm District-4563.jpeg,0.8185800015926361,105.95058652428204N,20.463920013099127E
8102,Chau Doc City-3426.jpeg,0.8184385150671005,105.08779533349806N,10.689047675215011E
8103,Cai Lậy Town-5212.jpeg,0.8184151649475098,106.15668271140524N,10.458529243923762E
8104,Tây Ninh City-1982.jpeg,0.818408377468586,106.14024646986898N,11.346127573678837E
8105,Mỹ Tho-2828.jpeg,0.8183712512254715,106.38754104818243N,10.378566740451355E
8106,Tam Điệp-593.jpeg,0.8183247894048691,105.9239699212754N,20.123737874005545E
8110,Chau Doc City-657.jpeg,0.8182346224784851,105.10699291794428N,10.639191404988702E
8113,Bac Giang City-1813.jpeg,0.8181529492139816,106.17070270300889N,21.27935227724534E
8118,Cai Lậy Town-2297.jpeg,0.8180532902479172,106.09365879584597N,10.404630573408856E
8122,Yên Mỹ District-2921.jpeg,0.8179357498884201,106.07676138832596N,20.901698877412823E
8126,Thanh Liêm District-7011.jpeg,0.8179139941930771,105.98366183237607N,20.50030161569771E
8128,Chau Doc City-3020.jpeg,0.8178684264421463,105.12893301445428N,10.682310341400646E
8129,Sa Đéc City-470.jpeg,0.8178642243146896,105.75729800817835N,10.280193337548628E
8131,Cai Lậy Town-6283.jpeg,0.8178400993347168,106.14846220068013N,10.480088712129726E
8132,Binh Minh Town-797.jpeg,0.8178385272622108,105.8460575736569N,10.014034271572568E
8133,Trà Vinh City-1030.jpeg,0.8177649304270744,106.34134199671676N,9.92840437241054E
8136,Cai Lậy Town-759.jpeg,0.8177275061607361,106.12517075362561N,10.377681238151407E
8137,Go Cong Town-2249.jpeg,0.8177161198109388,106.65941229431952N,10.402126741033015E
8138,Hung Yen City-939.jpeg,0.8176915347576141,106.0864047735382N,20.631392407977735E
8142,Thanh Liêm District-6483.jpeg,0.8175463005900383,105.92326344368263N,20.492216815120244E
8143,Long Hồ District-5187.jpeg,0.8175215646624565,105.93727131866235N,10.218668708892936E
8147,Binh Minh Town-1154.jpeg,0.8174145668745041,105.85016292557502N,10.022119072149795E
8150,Châu Thành District-3144.jpeg,0.8173553943634033,106.30737935921879N,10.275871405459727E
8153,Vĩnh Long-1751.jpeg,0.8172745853662491,105.88296932707634N,10.26112460574298E
8154,Thanh Liêm District-3680.jpeg,0.8172551393508911,105.91032093181974N,20.45179281223294E
8156,Go Cong Town-341.jpeg,0.817238949239254,106.67037240985691N,10.350923004043862E
8159,Hung Yen City-402.jpeg,0.8171856254339218,106.05040289917935N,20.620612673874437E
8164,Binh Minh Town-1169.jpeg,0.8171444833278656,105.87068968516567N,10.022119072149795E
8165,Trà Vinh City-103.jpeg,0.8171375319361687,106.34544614638844N,9.893370236575885E
8169,Thanh Liêm District-3963.jpeg,0.8170494064688683,105.8973784199569N,20.455835212521666E
8172,Tây Ninh City-3397.jpeg,0.8170207068324089,106.07564875819214N,11.37172944217346E
8177,Tây Ninh City-5732.jpeg,0.8169284984469414,106.0728999193974N,11.41080597829684E
8178,Trà Vinh City-2751.jpeg,0.8169273436069489,106.31671709868672N,9.986345443214013E
8179,Tây Ninh City-2913.jpeg,0.8169138580560684,106.08389527457642N,11.363644641596215E
8181,Go Cong Town-394.jpeg,0.8169025629758835,106.68818259760518N,10.352270470806737E
8184,Châu Thành District-1665.jpeg,0.8167555704712868,106.32244378214718N,10.265091671356753E
8187,Hiệp Hòa District-9276.jpeg,0.8166971988976002,105.96736847199472N,21.399579752094933E
8188,Phu Ly City-1644.jpeg,0.8166852295398712,105.95310341409997N,20.535677342909782E
8189,Thanh Liêm District-1235.jpeg,0.8166602104902267,105.92182538680898N,20.41271627610855E
8190,Thanh Liêm District-211.jpeg,0.8166564702987671,105.92613955742995N,20.377682140272913E
8191,Go Cong Town-109.jpeg,0.8166434392333031,106.68133252539432N,10.341490736703756E
8193,Long Hồ District-4051.jpeg,0.8166014775633812,105.96465622423881N,10.195761773924112E
8194,Sa Đéc City-480.jpeg,0.8165462166070938,105.77099434360873N,10.280193337548628E
8201,Long Hồ District-3102.jpeg,0.8163248524069786,106.01668754483413N,10.182287106295396E
8202,Cai Lậy Town-379.jpeg,0.8163232803344727,106.11558015777963N,10.369596437574177E
8204,Long Xuyen City-1235.jpeg,0.8162729665637016,105.46324459964906N,10.336754271952149E
8208,Hiệp Hòa District-3063.jpeg,0.816197894513607,105.95724259026198N,21.2985197448763E
8212,Ninh Bình-2268.jpeg,0.8160653188824654,105.94285671230685N,20.279256544841257E
8215,Tây Ninh City-2288.jpeg,0.8159275874495506,106.08801853276857N,11.352864907493213E
8217,Trà Vinh City-1869.jpeg,0.8158590421080589,106.34407809649787N,9.963438508245199E
8218,Thái Bình-564.jpeg,0.8158489391207695,106.38240822242985N,20.429815574676653E
8219,Thái Bình-132.jpeg,0.8158259466290474,106.31913055931464N,20.41229850675883E
8220,Duy Tiên District-894.jpeg,0.8158168643712997,105.95473311129504N,20.602529109118446E
8223,Mỹ Hào District-1266.jpeg,0.8157937228679657,106.14546448339627N,20.919063875981042E
8227,Duy Tiên District-4647.jpeg,0.8156264126300812,105.90865935762592N,20.66316511344944E
8230,Trà Vinh City-1411.jpeg,0.8155180811882019,106.3372378470451N,9.948616373853612E
8233,Long Hồ District-4461.jpeg,0.8154543712735176,105.93727131866235N,10.203846574501345E
8235,Long Hồ District-3810.jpeg,0.8154351264238358,105.98382565814235N,10.191719373635499E
8237,Go Cong Town-2848.jpeg,0.815405398607254,106.69503266981602N,10.415601408661741E
8238,Sa Đéc City-596.jpeg,0.8153763487935066,105.75181947400624N,10.284235737837246E
8239,Trà Vinh City-643.jpeg,0.8153312429785728,106.30166854989055N,9.914929704781827E
8240,Tây Ninh City-2317.jpeg,0.8152814283967018,106.12787669529254N,11.352864907493213E
8241,Cai Lậy Town-3053.jpeg,0.8152638748288155,106.12654083874648N,10.419452707800456E
8250,Cai Lậy Town-4252.jpeg,0.8150116056203842,106.1827143287015N,10.441012176006414E
8252,Long Hồ District-2845.jpeg,0.8149639815092087,105.96739471479646N,10.17959217276965E
8254,Châu Thành District-2487.jpeg,0.8148822337388992,106.22657927260288N,10.271829005171114E
8257,Cai Lậy Town-2199.jpeg,0.8148060813546181,106.15805279652612N,10.401935639883115E
8258,Cai Lậy Town-2086.jpeg,0.8147939741611481,106.10324939169192N,10.400588173120237E
8259,Sa Đéc City-2780.jpeg,0.8147685527801514,105.72305716960248N,10.36777867713533E
8260,Hiệp Hòa District-7162.jpeg,0.8147685006260872,105.9225252814641N,21.356460815681647E
8262,Tây Ninh City-4456.jpeg,0.8146947547793388,106.13887205047158N,11.387899043327963E
8264,Long Hồ District-5402.jpeg,0.8146715015172958,105.96328697896001N,10.222711109181553E
8265,Cai Lậy Town-5143.jpeg,0.8146410584449768,106.15942288164696N,10.45718177716089E
8267,Yên Mỹ District-1434.jpeg,0.8145946599543095,105.96714496411361N,20.878791942443318E
8268,Long Hồ District-5543.jpeg,0.8145831748843193,105.98382565814235N,10.225406042707299E
8269,Bến Tre City-580.jpeg,0.8145567364990711,106.36664693850851N,10.213855737817145E
8270,Tam Điệp-3054.jpeg,0.8144867047667503,105.93832405548146N,20.16416187689279E
8272,Long Xuyen City-1241.jpeg,0.8144056610763073,105.47146368762097N,10.336754271952149E
8275,Cao Lanh City-4532.jpeg,0.8143743202090263,105.59202254667983N,10.494477542496732E
8278,Cai Lậy Town-3376.jpeg,0.8143210336565971,106.18134424358063N,10.424842574851947E
8279,Châu Thành District-8202.jpeg,0.8143167048692703,106.37722350188677N,10.308210607768663E
8281,Long Hồ District-595.jpeg,0.8142570555210114,106.01394905427645N,10.151295370749338E
8288,Long Hồ District-7723.jpeg,0.8141402378678322,105.99204112981529N,10.281999646747927E
8289,Long Xuyen City-5282.jpeg,0.8141392394900322,105.45776520766776N,10.429729478590351E
8294,Cao Lanh City-4000.jpeg,0.8140365183353424,105.60983563895327N,10.48369780839375E
8295,Hiệp Hòa District-955.jpeg,0.8140299692749977,105.97026158106122N,21.260790675514695E
8297,Yên Mỹ District-4471.jpeg,0.8140154108405113,106.03060710444711N,20.94481781382603E
8300,Long Hồ District-5555.jpeg,0.813997708261013,106.00025660148823N,10.225406042707299E
8303,Cao Lanh City-4726.jpeg,0.8138911053538322,105.57832016800789N,10.49851994278535E
8306,Long Hồ District-3155.jpeg,0.8138652592897415,105.93864056394118N,10.183634573058265E
8311,Hoa Lư District-4226.jpeg,0.8137547373771667,105.95214396304503N,20.296356848008656E
8313,Châu Thành District-3178.jpeg,0.813741073012352,106.36489806494536N,10.275871405459727E
8318,Yên Mỹ District-913.jpeg,0.8136239945888519,105.98012585645456N,20.869359675102928E
8319,Phu Ly City-53.jpeg,0.8136098384857178,105.90849504924903N,20.492558406496656E
8323,Duy Tiên District-556.jpeg,0.8134942725300789,105.96337194010802N,20.587706974726427E
8325,Duy Tiên District-1549.jpeg,0.8134845271706581,105.96193213530586N,20.618698710273378E
8328,Duy Tiên District-5142.jpeg,0.8134288564324379,105.91153896723024N,20.67124991402691E
8329,Tam Điệp-781.jpeg,0.8134074658155441,105.8809075186571N,20.127780274294267E
8330,Hiệp Hòa District-6708.jpeg,0.813405841588974,105.96013569932848N,21.349723481867073E
8331,Cai Lậy Town-838.jpeg,0.8133388310670853,106.13065109410903N,10.379028704914282E
8335,Long Xuyen City-1693.jpeg,0.813252866268158,105.4276285517707N,10.347534006055131E
8336,Hung Yen City-3585.jpeg,0.8132439255714417,106.05040289917935N,20.713587880515316E
8337,Cai Lậy Town-4282.jpeg,0.8131896778941154,106.11558015777963N,10.442359642769288E
8340,Châu Thành District-2728.jpeg,0.8130706325173378,106.28957595030342N,10.273176471933986E
8341,Long Hồ District-2896.jpeg,0.8130487576127052,105.88523999806705N,10.18093963953252E
8342,Thanh Liêm District-6165.jpeg,0.8129977658390999,105.95202458115568N,20.4868269480686E
8346,Binh Minh Town-3901.jpeg,0.812933586537838,105.85016292557502N,10.086797476767636E
8347,Tây Ninh City-766.jpeg,0.8128963485360146,106.12100459830566N,11.31917823842134E
8348,Tây Ninh City-849.jpeg,0.8128804340958595,106.08114643578168N,11.32187317194709E
8354,Thái Bình-1714.jpeg,0.812718853354454,106.33782623250777N,20.454069976409034E
8360,Tây Ninh City-3499.jpeg,0.812412865459919,106.10176272674236N,11.373076908936339E
8362,Cai Lậy Town-1029.jpeg,0.8123771697282791,106.1854544989432N,10.381723638440027E
8367,Trà Vinh City-1595.jpeg,0.812333382666111,106.3331336973734N,9.95535370766797E
8370,Cai Lậy Town-3684.jpeg,0.8122784644365311,106.13339126435075N,10.43157990866631E
8371,Long Xuyen City-4365.jpeg,0.8122379258275032,105.41803961580345N,10.405475076858645E
8372,Mỹ Hào District-899.jpeg,0.812229573726654,106.11661220911876N,20.91097907540357E
8374,Trà Vinh City-2012.jpeg,0.8121627494692802,106.33860589693562N,9.967480908533812E
8376,Cai Lậy Town-6005.jpeg,0.8121135011315346,106.09502888096684N,10.474698845078231E
8378,Hoa Lư District-2552.jpeg,0.8120546508580446,105.94496277429069N,20.251890444832654E
8380,Sa Đéc City-2786.jpeg,0.8120081797242165,105.7312749708607N,10.36777867713533E
8382,Cai Lậy Town-1681.jpeg,0.8119960874319077,106.08817845536257N,10.393850839305879E
8385,Cao Lanh City-2443.jpeg,0.8119342252612114,105.61942730402366N,10.450011139321935E
8390,Tây Ninh City-2056.jpeg,0.8118861615657806,106.14986740565064N,11.347475040441713E
8393,Mỹ Tho-3460.jpeg,0.8118060305714607,106.30398279011217N,10.39069394131721E
8395,Long Hồ District-5648.jpeg,0.8116864487528801,105.93590207338352N,10.22810097623304E
8398,Cao Lanh City-2321.jpeg,0.8114104717969894,105.6482022992347N,10.447316205796186E
8399,Vĩnh Long-1484.jpeg,0.8114005476236343,105.99114653683395N,10.255734738691492E
8404,Cao Lanh City-4332.jpeg,0.8113526925444603,105.60161421175015N,10.490435142208117E
8405,Sa Đéc City-464.jpeg,0.8113187998533249,105.74908020692013N,10.280193337548628E
8406,Cai Lậy Town-167.jpeg,0.8113054558634758,106.12654083874648N,10.361511636996939E
8410,Tây Ninh City-150.jpeg,0.8112634047865868,106.11000924312664N,11.301661170503968E
8411,Long Hồ District-3031.jpeg,0.8112518191337585,105.91947113003765N,10.182287106295396E
8416,Go Cong Town-3342.jpeg,0.8111545629799366,106.6758524676256N,10.425033676001851E
8418,Long Hồ District-3250.jpeg,0.8111070990562439,105.9181018847588N,10.184982039821136E
8425,Bến Tre City-263.jpeg,0.8109917566180229,106.37212399834277N,10.204423470477042E
8428,Bac Giang City-2934.jpeg,0.8108856827020645,106.1880541904425N,21.300911745451973E
8436,Mỹ Tho-3605.jpeg,0.8107075616717339,106.3998693157666N,10.392041408080079E
8439,Tây Ninh City-2782.jpeg,0.8106718882918358,106.11963017890828N,11.360949708070462E
8445,Tây Ninh City-4522.jpeg,0.8106066808104515,106.10863482372925N,11.38924651009084E
8446,Mỹ Tho-2002.jpeg,0.8106058910489082,106.31220163516828N,10.365092072822634E
8449,Bac Giang City-2746.jpeg,0.8105266913771629,106.172148660295N,21.296869345163234E
8454,Trà Vinh City-85.jpeg,0.8103523030877113,106.35502249562234N,9.892022769813014E
8456,Long Hồ District-5869.jpeg,0.8103069365024567,105.93727131866235N,10.232143376521655E
8458,Cai Lậy Town-3495.jpeg,0.8102840036153793,106.15120237092184N,10.427537508377691E
8459,Cao Lanh City-831.jpeg,0.8102711066603661,105.65094277496904N,10.423061804064481E
8460,Cai Lậy Town-989.jpeg,0.8102639839053154,106.13065109410903N,10.381723638440027E
8461,Vĩnh Long-58.jpeg,0.810257650911808,105.91446395776526N,10.227437936671176E
8466,Duy Tiên District-1903.jpeg,0.8101913258433342,105.9460942824821N,20.624088577325022E
8469,Duy Tiên District-4488.jpeg,0.810082457959652,105.93889525847129N,20.66047017992362E
8470,Duy Tiên District-2597.jpeg,0.8100598230957985,105.98640881694259N,20.633520844665398E
8472,Sa Đéc City-2384.jpeg,0.8100458234548569,105.71073046771518N,10.351609075980859E
8473,Vĩnh Long-1308.jpeg,0.81003437936306,105.98156121445038N,10.253039805165749E
8475,Châu Thành District-1037.jpeg,0.8099388182163239,106.39365741780868N,10.259701804305262E
8476,Tam Điệp-1800.jpeg,0.8098803609609604,105.87085962471284N,20.146644808974987E
8479,Thanh Liêm District-3159.jpeg,0.8098269030451775,105.86142699811558N,20.44505547841839E
8482,Bac Giang City-1649.jpeg,0.80974330753088,106.1562431301475N,21.27665734371951E
8484,Chau Doc City-1811.jpeg,0.80974180996418,105.10836417397618N,10.663445806720416E
8485,Chau Doc City-3327.jpeg,0.8097384423017502,105.06859774905182N,10.687700208452133E
8494,Cai Lậy Town-3410.jpeg,0.8095279410481453,106.12928100898819N,10.426190041614822E
8497,Thanh Liêm District-7362.jpeg,0.8094405233860016,105.92182538680898N,20.507038949512257E
8498,Mỹ Tho-1615.jpeg,0.8094204738736153,106.32863932528045N,10.35835473900827E
8500,Chau Doc City-1895.jpeg,0.8093492761254311,105.11522045413554N,10.66479327348329E
8501,Phu Ly City-4277.jpeg,0.8093272000551224,105.93007974191885N,20.594965880477854E
8505,Sa Đéc City-2631.jpeg,0.8092878758907318,105.72442680314552N,10.36104134332097E
8509,Binh Minh Town-2396.jpeg,0.8092328011989594,105.88984799411695N,10.047720940644355E
8518,Bến Tre City-2353.jpeg,0.8088887333869934,106.40909415222414N,10.24888987365182E
8521,Duy Tiên District-5230.jpeg,0.808820903301239,105.93889525847129N,20.672597380789824E
8525,Thanh Liêm District-4720.jpeg,0.8087358400225639,105.90744481807246N,20.466614946624954E
8526,Duy Tiên District-1380.jpeg,0.8086782395839691,105.93601564886697N,20.616003776747554E
8527,Long Hồ District-6058.jpeg,0.8086695447564125,106.00984131843998N,10.236185776810276E
8528,Ninh Bình-403.jpeg,0.8086279481649399,105.96583578475317N,20.224010407561988E
8533,Cai Lậy Town-3839.jpeg,0.8085205629467964,106.14709211555929N,10.434274842192053E
8534,Cai Lậy Town-1364.jpeg,0.8085102960467339,106.09776905120856N,10.38846097225439E
8535,Phu Ly City-1604.jpeg,0.8085086569190025,105.89554423364714N,20.535677342909782E
8539,Long Hồ District-8722.jpeg,0.8084764629602432,105.95917924312353N,10.300864181428137E
8540,Tây Ninh City-173.jpeg,0.8084732294082642,106.08801853276857N,11.30300863726684E
8547,Bến Tre City-360.jpeg,0.8082711026072502,106.38170885305276N,10.207118404002786E
8548,Phu Ly City-37.jpeg,0.808266706764698,105.91712892631695N,20.489863472970836E
8549,Sa Đéc City-15.jpeg,0.8082527257502079,105.72442680314552N,10.264023736394163E
8550,Cai Lậy Town-927.jpeg,0.8082166649401188,106.14846220068013N,10.380376171677153E
8553,Long Hồ District-4718.jpeg,0.8081396147608757,105.92084037531647N,10.209236441552832E
8558,Thái Bình-358.jpeg,0.8080246075987816,106.34070248992211N,20.424425707625012E
8559,Hung Yen City-1281.jpeg,0.8079612352885306,106.05040289917935N,20.6394772085552E
8564,Thái Bình-1764.jpeg,0.807775042951107,106.32200681672894N,20.455417443171942E
8565,Trà Vinh City-1671.jpeg,0.8077545240521431,106.32082124835837N,9.958048641193713E
8567,Châu Thành District-3467.jpeg,0.8076799027621746,106.16632158088929N,10.278566338985474E
8571,Hiệp Hòa District-5651.jpeg,0.8075917288661003,105.90082696346543N,21.336248814237923E
8573,Long Hồ District-5306.jpeg,0.8075456619262695,105.92084037531647N,10.22136364241868E
8574,Vĩnh Long-35.jpeg,0.8075291961431503,105.9528052472996N,10.224743003145434E
8575,Long Xuyen City-2299.jpeg,0.8074787855148315,105.44817627170053N,10.361008673683854E
8576,Go Cong Town-4297.jpeg,0.8074745014309883,106.63886207768692N,10.44255074391919E
8578,Long Xuyen City-2343.jpeg,0.8074286803603172,105.41803961580345N,10.362356140446725E
8579,Long Hồ District-1262.jpeg,0.8074058815836906,105.93590207338352N,10.16072763808944E
8582,Trà Vinh City-593.jpeg,0.8073445782065392,106.34134199671676N,9.912234771256085E
8585,Trà Vinh City-404.jpeg,0.8072665110230446,106.30303659978111N,9.906844904204599E
8589,Long Hồ District-5070.jpeg,0.8071533590555191,105.95917924312353N,10.21597377536719E
8594,Hiệp Hòa District-1286.jpeg,0.807069405913353,106.01365821705858N,21.26752800932926E
8595,Long Xuyen City-2625.jpeg,0.8070656061172485,105.43447779174731N,10.367746007498214E
8598,Sa Đéc City-2927.jpeg,0.8070311546325684,105.71210010125822N,10.375863477712564E
8600,Binh Minh Town-713.jpeg,0.8069543093442917,105.88574264219878N,10.01133933804682E
8601,Long Hồ District-1040.jpeg,0.8068916201591492,105.9235788658741N,10.158032704563702E
8602,Yên Mỹ District-3469.jpeg,0.8068832978606224,106.0017606770228N,20.912478611516125E
8603,Mỹ Tho-3448.jpeg,0.806878387928009,106.39302027821981N,10.389346474554337E
8605,Mỹ Tho-1290.jpeg,0.8068173602223396,106.3217902877337N,10.352964871956782E
8607,Hiệp Hòa District-9032.jpeg,0.8067734241485596,105.99195989905994N,21.392842418280356E
8611,Go Cong Town-478.jpeg,0.806648563593626,106.68818259760518N,10.354965404332479E
8612,Binh Minh Town-3374.jpeg,0.8066469132900238,105.85426827749315N,10.071975342376048E
8613,Mỹ Tho-3416.jpeg,0.8066356740891933,106.34918643792071N,10.389346474554337E
8616,Long Hồ District-5620.jpeg,0.8065307885408401,105.99751811093057N,10.226753509470168E
8618,Long Xuyen City-2231.jpeg,0.8065196648240089,105.43995718372858N,10.359661206920979E
8619,Binh Minh Town-2220.jpeg,0.8064952110871673,105.83647841918126N,10.045026007118615E
8620,Go Cong Town-4403.jpeg,0.8064720928668976,106.65393223655084N,10.445245677444937E
8621,Cao Lanh City-1778.jpeg,0.8064397871494293,105.67286658084413N,10.437883938456077E
8626,Trà Vinh City-177.jpeg,0.806335560977459,106.33860589693562N,9.8974126368645E
8629,Cao Lanh City-2395.jpeg,0.8063059449195862,105.65094277496904N,10.448663672559062E
8630,Sa Đéc City-1347.jpeg,0.8062961399555206,105.74086240566193N,10.309837606331815E
8632,Thái Bình-415.jpeg,0.8062561601400375,106.31769243060747N,20.427120641150832E
8633,Trà Vinh City-1480.jpeg,0.8062474802136421,106.3358697971545N,9.951311307379353E
8639,Cai Lậy Town-2943.jpeg,0.8060845583677292,106.13887160483415N,10.416757774274714E
8640,Duy Tiên District-3443.jpeg,0.8060535565018654,105.95185350169072N,20.645648045531594E
8646,Thanh Liêm District-5744.jpeg,0.8058885782957077,105.87436950997845N,20.481437081016963E
8648,Hung Yen City-1415.jpeg,0.8058682680130005,106.09648529835867N,20.64217214208102E
8654,Tây Ninh City-2250.jpeg,0.8057479858398438,106.13887205047158N,11.351517440730339E
8655,Cao Lanh City-4403.jpeg,0.8057449162006378,105.60435468748452N,10.491782608970986E
8656,Tây Ninh City-4281.jpeg,0.805733859539032,106.13612321167683N,11.385204109802213E
8658,Trà Vinh City-222.jpeg,0.8056892305612564,106.35775859540348N,9.898760103627373E
8660,Long Hồ District-5793.jpeg,0.805683359503746,105.92768660171058N,10.230795909758786E
8661,Long Hồ District-849.jpeg,0.8056768774986267,105.93727131866235N,10.155337771037951E
8663,Duy Tiên District-4719.jpeg,0.8056029006838799,106.02672335140306N,20.66316511344944E
8664,Cai Lậy Town-3509.jpeg,0.8055998906493187,106.17038356261381N,10.427537508377691E
8666,Mỹ Tho-3727.jpeg,0.8055649697780609,106.37384297308895N,10.394736341605826E
8669,Mỹ Hào District-281.jpeg,0.8055330142378807,106.11372698169097N,20.89346200748571E
8671,Châu Thành District-9070.jpeg,0.8054907917976379,106.33613871208209N,10.314947941583023E
8679,Châu Thành District-2558.jpeg,0.8053240701556206,106.32381327514065N,10.271829005171114E
8680,Hung Yen City-1985.jpeg,0.8052960559725761,106.0619234989742N,20.659689209998866E
8682,Long Hồ District-2039.jpeg,0.8052293732762337,105.94411754505647N,10.170159905429546E
8683,Tây Ninh City-6290.jpeg,0.8052217066287994,106.10726040433188N,11.422933179162715E
8685,Hung Yen City-3020.jpeg,0.8051644861698151,106.07488417374337N,20.69337587907165E
8690,Ninh Bình-168.jpeg,0.8051084876060486,106.00317677747847N,20.213230673458717E
8691,Tây Ninh City-6632.jpeg,0.8050254657864571,106.14299530866373N,11.431017979739966E
8692,Cai Lậy Town-3511.jpeg,0.8050027415156364,106.17312373285549N,10.427537508377691E
8700,Vĩnh Long-82.jpeg,0.804888442158699,105.9870385415267N,10.227437936671176E
8703,Sa Đéc City-2623.jpeg,0.8047988265752792,105.71346973480124N,10.36104134332097E
8709,Thanh Liêm District-3228.jpeg,0.8046395108103752,105.9606529223976N,20.44505547841839E
8714,Ninh Bình-2137.jpeg,0.8045205622911453,105.94572909636263N,20.27386667778962E
8719,Hiệp Hòa District-8645.jpeg,0.8044291660189629,106.0107651079921N,21.38341015093995E
8723,Vĩnh Long-430.jpeg,0.8043117001652718,105.98566920975762N,10.236870204011284E
8726,Cao Lanh City-4399.jpeg,0.8042532056570053,105.59887373601575N,10.491782608970986E
8730,Tây Ninh City-3486.jpeg,0.8040692657232285,106.08389527457642N,11.373076908936339E
8731,Hiệp Hòa District-1335.jpeg,0.804062943905592,105.97460124466096N,21.268875476092177E
8733,Hung Yen City-531.jpeg,0.8040140308439732,106.05904334902549N,20.623307607400267E
8735,Long Xuyen City-138.jpeg,0.8039665073156357,105.46872399163031N,10.3098049366947E
8738,Phu Ly City-2290.jpeg,0.8038924634456635,105.93871361898678N,20.546457077013063E
8742,Cai Lậy Town-6288.jpeg,0.8038152679800987,106.15531262628441N,10.480088712129726E
8743,Go Cong Town-4646.jpeg,0.8037983998656273,106.64708216433996N,10.456025411547918E
8747,Binh Minh Town-1097.jpeg,0.8036845922470093,105.85426827749315N,10.020771605386921E
8751,Mỹ Hào District-3137.jpeg,0.8034977242350578,106.0877599348412N,20.952750545053863E
8755,Go Cong Town-3486.jpeg,0.8034628927707672,106.64297212101346N,10.427728609527595E
8757,Vĩnh Long-888.jpeg,0.8034225851297379,105.96102123791414N,10.246302471351386E
8760,Cao Lanh City-4022.jpeg,0.8033682256937027,105.63998087203153N,10.48369780839375E
8761,Cao Lanh City-2603.jpeg,0.8033418208360672,105.6482022992347N,10.452706072847676E
8769,Tây Ninh City-3510.jpeg,0.8031751438975334,106.11688134011352N,11.373076908936339E
8770,Thái Bình-839.jpeg,0.8031590022146702,106.33063558897192N,20.436552908491205E
8771,Cai Lậy Town-4901.jpeg,0.8031416833400726,106.12654083874648N,10.45313937687227E
8772,Mỹ Hào District-3071.jpeg,0.8031365126371384,106.11949743654648N,20.95140307829095E
8780,Hung Yen City-1493.jpeg,0.8029617816209793,106.06336357394854N,20.64486707560684E
8782,Tây Ninh City-3589.jpeg,0.8029263764619827,106.111383662524N,11.374424375699213E
8784,Hung Yen City-1457.jpeg,0.8028935864567757,106.0835246235895N,20.643519608843928E
8788,Hiệp Hòa District-4671.jpeg,0.802835188806057,105.92975805413035N,21.32277414660878E
8791,Thanh Liêm District-3006.jpeg,0.8028109967708588,105.91319704556706N,20.442360544892573E
8795,Mỹ Tho-2437.jpeg,0.8026860542595387,106.37110335807027N,10.371829406636992E
8796,Hiệp Hòa District-1356.jpeg,0.8026831746101379,106.00497888985912N,21.268875476092177E
8797,Duy Tiên District-3563.jpeg,0.8025834262371063,105.98352920733824N,20.64699551229451E
8798,Trà Vinh City-1060.jpeg,0.8025684282183647,106.34818224616954N,9.92975183917341E
8801,Cao Lanh City-2561.jpeg,0.8025180548429489,105.59065230881261N,10.452706072847676E
8802,Long Xuyen City-4855.jpeg,0.8025159314274788,105.43995718372858N,10.417602277724498E
8808,Thanh Liêm District-1249.jpeg,0.8023223802447319,105.94195818304013N,20.41271627610855E
8809,Thanh Liêm District-7330.jpeg,0.8023109696805477,105.98078571862875N,20.505691482749345E
8811,Binh Minh Town-3297.jpeg,0.8022792688570917,105.81595165959065N,10.070627875613173E
8812,Long Hồ District-4955.jpeg,0.8022712580859661,105.9810871675847N,10.21327884184145E
8814,Vĩnh Long-649.jpeg,0.8022471219301224,105.9528052472996N,10.242260071062768E
8816,Trà Vinh City-1121.jpeg,0.8021383509039879,106.32902954770172N,9.933794239462024E
8819,Go Cong Town-2189.jpeg,0.8020722977817059,106.65256222210868N,10.40077927427014E
8821,Long Hồ District-4541.jpeg,0.8020533993840218,105.95370226200825N,10.205194041264217E
8823,Long Hồ District-5898.jpeg,0.8020423874258995,106.00299509204586N,10.232143376521655E
8827,Go Cong Town-3406.jpeg,0.8019103482365608,106.64845217878214N,10.426381142764722E
8828,Tây Ninh City-3087.jpeg,0.8018944784998894,106.10313714613972N,11.366339575121964E
8836,Thái Bình-1794.jpeg,0.801729291677475,106.36515067794389N,20.455417443171942E
8837,Hiệp Hòa District-6624.jpeg,0.8017150089144707,105.97604779919419N,21.348376015104158E
8838,Sa Đéc City-151.jpeg,0.8016938120126724,105.75729800817835N,10.270761070208524E
8843,Thanh Liêm District-1724.jpeg,0.8015523627400398,105.94195818304013N,20.42214854344892E
8844,Bến Tre City-222.jpeg,0.8015339970588684,106.3762317932185N,10.20307600371417E
8845,Bến Tre City-1862.jpeg,0.8014795146882534,106.41730974197556N,10.240805073074588E
8850,Chau Doc City-4353.jpeg,0.8013430088758469,105.11522045413554N,10.705217276369488E
8851,Cai Lậy Town-2076.jpeg,0.8013415858149529,106.19230492454746N,10.39924070635737E
8853,Chau Doc City-2972.jpeg,0.8012785725295544,105.06311272492431N,10.682310341400646E
8854,Châu Thành District-728.jpeg,0.8012646064162254,106.2238402866159N,10.257006870779517E
8864,Cai Lậy Town-3823.jpeg,0.800973005592823,106.12517075362561N,10.434274842192053E
8865,Long Hồ District-1150.jpeg,0.8009619638323784,105.92905584698941N,10.15938017132657E
8867,Thanh Liêm District-6559.jpeg,0.8008971437811852,105.91751121618802N,20.49356428188315E
8868,Duy Tiên District-4195.jpeg,0.8008942008018494,105.91585838163671N,20.656427779634885E
8870,Châu Thành District-2009.jpeg,0.8008498325943947,106.32244378214718N,10.267786604882494E
8874,Long Hồ District-122.jpeg,0.8007396087050438,106.01394905427645N,10.141863103409237E
8877,Cai Lậy Town-1508.jpeg,0.8006926476955414,106.18408441382235N,10.38980843901726E
8878,Châu Thành District-3490.jpeg,0.8006816878914833,106.19781991973959N,10.278566338985474E
8880,Thanh Liêm District-2465.jpeg,0.8006077110767365,105.90888287494612N,20.434275744315112E
8886,Cao Lanh City-2568.jpeg,0.8004650920629501,105.60024397388295N,10.452706072847676E
8889,Duy Tiên District-1409.jpeg,0.8003975450992584,105.97776998812962N,20.616003776747554E
8890,Bến Tre City-2806.jpeg,0.8003832399845123,106.33378457950285N,10.258322140991927E
8891,Cai Lậy Town-3736.jpeg,0.8003700077533722,106.10598956193365N,10.432927375429179E
8894,Yên Mỹ District-3039.jpeg,0.80021533370018,106.02195317621977N,20.90439381093865E
8896,Long Xuyen City-4986.jpeg,0.8001681864261627,105.41803961580345N,10.421644678013113E
8901,Long Xuyen City-1989.jpeg,0.8001046627759933,105.4276285517707N,10.354271339869493E
8903,Châu Thành District-3123.jpeg,0.8000883832573891,106.27862000635551N,10.275871405459727E
8907,Mỹ Tho-2614.jpeg,0.8000344559550285,106.40397873829461N,10.37452434016274E
8911,Long Hồ District-4897.jpeg,0.7999874651432037,105.98930263925763N,10.211931375078578E
8912,Bến Tre City-3188.jpeg,0.7999639138579369,106.32283045983426N,10.267754408332031E
8917,Long Xuyen City-607.jpeg,0.7998558357357979,105.44817627170053N,10.323279604323425E
8920,Cai Lậy Town-4609.jpeg,0.7997318431735039,106.1347613494716N,10.447749509820778E
8921,Hiệp Hòa District-6645.jpeg,0.7997096925973892,106.00642544439235N,21.348376015104158E
8931,Bến Tre City-2924.jpeg,0.7995812073349953,106.31872266495857N,10.26101707451767E
8932,Mỹ Hào District-2890.jpeg,0.7995764892548323,106.11228436797707N,20.948708144765128E
8933,Yên Mỹ District-3858.jpeg,0.799544520676136,105.98877978468185N,20.920563412093603E
8934,Long Hồ District-9004.jpeg,0.7995436415076256,106.00573358260351N,10.306254048479625E
8935,Phu Ly City-3735.jpeg,0.799474760890007,105.9070560697377N,20.5761013457971E
8938,Thái Bình-554.jpeg,0.7994433641433716,106.3680269353582N,20.429815574676653E
8942,Long Hồ District-599.jpeg,0.7992466166615486,106.01942603539176N,10.151295370749338E
8943,Go Cong Town-855.jpeg,0.7992410287261009,106.71010282867995N,10.364397671672586E
8944,Hoa Lư District-2160.jpeg,0.7992353290319443,105.93203663453288N,20.23841577720356E
8948,Hiệp Hòa District-982.jpeg,0.7991616278886795,105.93120460866358N,21.262138142277607E
8950,Châu Thành District-5504.jpeg,0.7991503924131393,106.26218609043362N,10.290693539851324E
8951,Cai Lậy Town-5416.jpeg,0.7991401925683022,106.14435194531758N,10.46257164421238E
8952,Cai Lậy Town-3967.jpeg,0.7991330847144127,106.12106049826308N,10.436969775717799E
8953,Cai Lậy Town-1824.jpeg,0.7991237416863441,106.17312373285549N,10.39519830606875E
8954,Long Hồ District-6142.jpeg,0.7990916445851326,105.9934103750941N,10.23888071033602E
8959,Long Hồ District-1810.jpeg,0.7989957705140114,105.93727131866235N,10.167464971903803E
8962,Châu Thành District-3634.jpeg,0.7989007905125618,106.39776589678914N,10.278566338985474E
8964,Bến Tre City-1987.jpeg,0.7988370880484581,106.36801620346708N,10.243500006600332E
8969,Mỹ Tho-3918.jpeg,0.7987401112914085,106.38480143316373N,10.398778741894443E
8973,Duy Tiên District-761.jpeg,0.7985874488949776,105.97776998812962N,20.597139242066802E
8974,Hung Yen City-2252.jpeg,0.798576720058918,106.0676837988716N,20.66912147733924E
8976,Tây Ninh City-2621.jpeg,0.7985609099268913,106.11550692071616N,11.358254774544713E
8977,Tây Ninh City-1742.jpeg,0.7985465601086617,106.16086276082966N,11.340737706627339E
8978,Mỹ Hào District-3247.jpeg,0.798529252409935,106.11949743654648N,20.954098011816768E
8981,Mỹ Tho-3115.jpeg,0.7984265685081482,106.36562412803286N,10.383956607502846E
8982,Thanh Liêm District-2435.jpeg,0.7983683720231056,105.86574116873652N,20.434275744315112E
8986,Go Cong Town-3992.jpeg,0.7982961162924767,106.68955261204736N,10.435813410104826E
8987,Trà Vinh City-1597.jpeg,0.7982843369245529,106.3358697971545N,9.95535370766797E
8988,Cai Lậy Town-4412.jpeg,0.7982648462057114,106.1854544989432N,10.443707109532163E
8990,Bac Giang City-2180.jpeg,0.7981954663991928,106.25167631103253N,21.284742144297002E
8992,Binh Minh Town-2658.jpeg,0.7981360852718353,105.87753193836252N,10.053110807695843E
8996,Long Hồ District-5444.jpeg,0.7980841025710106,105.9345328281047N,10.224058575944424E
8997,Châu Thành District-4085.jpeg,0.7980732917785645,106.41146082672401N,10.281261272511216E
8998,Tây Ninh City-5488.jpeg,0.7980702593922615,106.13749763107424N,11.405416111245337E
8999,Duy Tiên District-4235.jpeg,0.7980657890439034,105.98208940253609N,20.656427779634885E
9000,Mỹ Hào District-1799.jpeg,0.7980548813939095,106.09064516226894N,20.931191076847256E
9005,Hung Yen City-3156.jpeg,0.7978592775762081,106.04320252430756N,20.698765746123286E
9006,Mỹ Hào District-2288.jpeg,0.7978299260139465,106.1065139131216N,20.93927587742473E
9007,Duy Tiên District-589.jpeg,0.7978124767541885,105.97345057372313N,20.589054441489335E
9009,Cai Lậy Town-2414.jpeg,0.7977757379412651,106.15394254116356N,10.405978040171728E
9013,Mỹ Tho-2824.jpeg,0.7975875660777092,106.38206181814505N,10.378566740451355E
9024,Phu Ly City-3618.jpeg,0.7972884103655815,105.8926662746245N,20.573406412271282E
9029,Long Hồ District-4804.jpeg,0.7971065789461136,105.94959452617174N,10.210583908315703E
9030,Phu Ly City-3859.jpeg,0.7971064150333405,105.93007974191885N,20.57879627932292E
9031,Long Hồ District-6472.jpeg,0.7970940843224525,106.00573358260351N,10.25235537796474E
9039,Long Hồ District-1364.jpeg,0.7968558445572853,105.92905584698941N,10.162075104852311E
9042,Trà Vinh City-1014.jpeg,0.7968426421284676,106.31945319846783N,9.92840437241054E
9045,Cai Lậy Town-685.jpeg,0.7968257963657379,106.12106049826308N,10.376333771388534E
9049,Long Hồ District-3922.jpeg,0.7967818081378937,106.0112105637188N,10.193066840398368E
9050,Chau Doc City-673.jpeg,0.7967802695930004,105.06037021286059N,10.640538871751573E
9055,Cao Lanh City-2289.jpeg,0.7966400161385536,105.60435468748452N,10.447316205796186E
9056,Phu Ly City-303.jpeg,0.7966170832514763,105.88978831560186N,20.511422941177397E
9057,Cai Lậy Town-6500.jpeg,0.796586737036705,106.14435194531758N,10.486826045944085E
9060,Hiệp Hòa District-9346.jpeg,0.7965204939246178,105.99195989905994N,21.400927218857852E
9062,Tây Ninh City-943.jpeg,0.7964797094464302,106.13337437288207N,11.323220638709966E
9065,Cai Lậy Town-3095.jpeg,0.7964158654212952,106.18408441382235N,10.419452707800456E
9066,Long Xuyen City-3123.jpeg,0.7963793948292732,105.38790295990641N,10.378525741601193E
9067,Ninh Bình-596.jpeg,0.7963576167821884,105.95721863258582N,20.230747741376536E
9069,Châu Thành District-3117.jpeg,0.7963356897234917,106.27040304839456N,10.275871405459727E
9079,Vĩnh Long-721.jpeg,0.7960348501801491,105.94732792022326N,10.243607537825643E
9084,Hiệp Hòa District-167.jpeg,0.7957995310425758,105.94567015399605N,21.23518880701932E
9089,Tam Điệp-2014.jpeg,0.7957044467329979,105.83497428919765N,20.150687209263705E
9090,Binh Minh Town-3702.jpeg,0.795702375471592,105.83921532046N,10.081407609716146E
9091,Sa Đéc City-2317.jpeg,0.7957013100385666,105.71346973480124N,10.348914142455113E
9098,Binh Minh Town-2416.jpeg,0.7955945208668709,105.82416236342688N,10.04906840740723E
9101,Thanh Liêm District-2031.jpeg,0.7953996881842613,105.90888287494612N,20.42753841050057E
9102,Cai Lậy Town-3862.jpeg,0.7953518182039261,106.17860407333892N,10.434274842192053E
9103,Cai Lậy Town-3072.jpeg,0.7953465282917023,106.1525724560427N,10.419452707800456E
9105,Thanh Liêm District-2179.jpeg,0.7953245937824249,105.87580756685209N,20.430233344026384E
9110,Vĩnh Long-592.jpeg,0.7951462157070637,105.96786789675951N,10.2409126042999E
9112,Trà Vinh City-530.jpeg,0.7950871512293816,106.31124489912449N,9.910887304493212E
9116,Cai Lậy Town-4875.jpeg,0.7949972748756409,106.19093483942662N,10.4517919101094E
9117,Phu Ly City-1378.jpeg,0.794994629919529,105.93583565996408N,20.531634942621054E
9126,Tây Ninh City-1205.jpeg,0.7947505190968513,106.09076737156332N,11.329957972524337E
9127,Tây Ninh City-728.jpeg,0.794749952852726,106.14024646986898N,11.317830771658468E
9130,Cai Lậy Town-221.jpeg,0.7947350367903709,106.10872973217536N,10.364206570522683E
9131,Trà Vinh City-2598.jpeg,0.794688455760479,106.31124489912449N,9.982303042925398E
9134,Long Hồ District-2532.jpeg,0.7946321666240692,106.00025660148823N,10.175549772481036E
9138,Cai Lậy Town-1161.jpeg,0.7945514395833015,106.15668271140524N,10.38441857196577E
9140,Tây Ninh City-2817.jpeg,0.794474508613348,106.16773485781654N,11.360949708070462E
9141,Go Cong Town-2845.jpeg,0.7944656237959862,106.69092262648952N,10.415601408661741E
9145,Tam Điệp-1074.jpeg,0.7943776994943619,105.88521375891894N,20.133170141345904E
9146,Cai Lậy Town-342.jpeg,0.7943766117095947,106.12106049826308N,10.368248970811303E
9148,Long Xuyen City-3030.jpeg,0.7943181619048119,105.44543657570988N,10.375830808075445E
9156,Cao Lanh City-2377.jpeg,0.7941738814115524,105.6262784933596N,10.448663672559062E
9158,Tây Ninh City-4870.jpeg,0.794113777577877,106.12237901770304N,11.39463637714234E
9160,Tây Ninh City-6010.jpeg,0.7940247803926468,106.13612321167683N,11.416195845348339E
9161,Thanh Liêm District-6356.jpeg,0.7940041124820709,105.97790960488143N,20.48952188159442E
9162,Thái Bình-404.jpeg,0.7939932830631733,106.36083629182238N,20.425773174387924E
9166,Mỹ Tho-856.jpeg,0.7938963547348976,106.37110335807027N,10.344880071379546E
9171,Cai Lậy Town-3445.jpeg,0.7938190624117851,106.17723398821808N,10.426190041614822E
9173,Cai Lậy Town-5703.jpeg,0.7937951236963272,106.14846220068013N,10.467961511263871E
9174,Bac Giang City-2611.jpeg,0.7937423288822174,106.16347291657819N,21.2941744116374E
9177,Bac Giang City-2716.jpeg,0.7936028130352497,106.21986525073754N,21.295521878400315E
9178,Chau Doc City-869.jpeg,0.7935969308018684,105.11110668603992N,10.644581272040195E
9184,Sa Đéc City-2720.jpeg,0.7935040816664696,105.72031790251641N,10.365083743609583E
9192,Duy Tiên District-4368.jpeg,0.7931616604328156,105.89858072401081N,20.65912271316071E
9202,Tây Ninh City-1008.jpeg,0.7930319979786873,106.14574414745852N,11.324568105472839E
9205,Phu Ly City-1375.jpeg,0.792853020131588,105.93151872143017N,20.531634942621054E
9206,Mỹ Tho-3575.jpeg,0.7928052097558975,106.35877509048612N,10.392041408080079E
9207,Thái Bình-95.jpeg,0.7927594855427742,106.33351184638626N,20.4082561064701E
9208,Long Hồ District-4553.jpeg,0.7927563488483429,105.9701332053541N,10.205194041264217E
9209,Thái Bình-1060.jpeg,0.7927112430334091,106.35939816311522N,20.440595308779933E
9213,Cao Lanh City-5158.jpeg,0.7926453500986099,105.57009874080471N,10.509299676888332E
9221,Tây Ninh City-1856.jpeg,0.7924905866384506,106.14574414745852N,11.343432640153088E
9222,Thanh Liêm District-2561.jpeg,0.7924437150359154,105.92038732993534N,20.435623211078017E
9223,Cao Lanh City-472.jpeg,0.7923997789621353,105.61805706615645N,10.417671937012992E
9224,Duy Tiên District-4742.jpeg,0.7923638448119164,105.91585838163671N,20.66451258021235E
9226,Châu Thành District-3431.jpeg,0.7923057749867439,106.41830829169147N,10.277218872222601E
9227,Ninh Bình-1681.jpeg,0.7922858521342278,105.97014436083687N,20.257697076634713E
9231,Mỹ Tho-1292.jpeg,0.7922436892986298,106.32452990275242N,10.352964871956782E
9232,Long Hồ District-8364.jpeg,0.7922376394271851,105.94822528089293N,10.294126847613777E
9233,Hoa Lư District-1156.jpeg,0.792229138314724,105.95932515179935N,20.2128139087083E
9241,Yên Mỹ District-2138.jpeg,0.7920281887054443,106.00464531976523N,20.889571676546616E
9243,Hiệp Hòa District-1567.jpeg,0.7919778376817703,105.97460124466096N,21.27291787638092E
9246,Phu Ly City-2931.jpeg,0.791960097849369,105.90130015169242N,20.558584277879262E
9248,Long Hồ District-4992.jpeg,0.7919435501098633,105.94274829977763N,10.21462630860432E
9252,Hiệp Hòa District-1629.jpeg,0.7918871566653252,105.95000981759576N,21.27426534314384E
9253,Long Xuyen City-4149.jpeg,0.7918731570243835,105.42351900778473N,10.400085209807154E
9258,Binh Minh Town-1977.jpeg,0.7917447313666344,105.87342658644441N,10.039636140067126E
9262,Go Cong Town-3271.jpeg,0.7916674017906189,106.6922926409317N,10.423686209238976E
9266,Long Hồ District-5769.jpeg,0.7916270270943642,106.0043643373247N,10.229448442995913E
9267,Duy Tiên District-2465.jpeg,0.791622132062912,105.93313603926266N,20.632173377902483E
9268,Cao Lanh City-4215.jpeg,0.7916131392121315,105.62764873122678N,10.487740208682368E
9272,Châu Thành District-9239.jpeg,0.7915459871292114,106.34024719106255N,10.316295408345898E
9273,Hung Yen City-1730.jpeg,0.7915235906839371,106.05040289917935N,20.651604409421388E
9278,Ninh Bình-453.jpeg,0.7913830913603306,105.9859424731437N,20.2253578743249E
9279,Mỹ Hào District-489.jpeg,0.7913828790187836,106.09064516226894N,20.90019934130027E
9282,Sa Đéc City-2774.jpeg,0.7912805825471878,105.71483936834429N,10.36777867713533E
9284,Phu Ly City-1396.jpeg,0.7912594899535179,105.96173729116788N,20.531634942621054E
9285,Thái Bình-744.jpeg,0.7912390381097794,106.38384635113702N,20.433857974965385E
9286,Cai Lậy Town-1610.jpeg,0.7912120893597603,106.10187930657109N,10.392503372543006E
9287,Duy Tiên District-4717.jpeg,0.791166577488184,106.02384374179874N,20.66316511344944E
9291,Cao Lanh City-4415.jpeg,0.7910564094781876,105.62079754189082N,10.491782608970986E
9293,Long Hồ District-1048.jpeg,0.7910373508930206,105.9345328281047N,10.158032704563702E
9295,Thanh Liêm District-4634.jpeg,0.7910171896219254,105.91894927306168N,20.46526747986205E
9300,Tây Ninh City-6566.jpeg,0.7909171059727669,106.17460695480347N,11.428323046214217E
9303,Bến Tre City-2511.jpeg,0.7908684238791466,106.41046341718273N,10.251584807177563E
9304,Cai Lậy Town-5740.jpeg,0.7908587604761124,106.10187930657109N,10.46930897802674E
9306,Cao Lanh City-1336.jpeg,0.79083401709795,105.6454618235003N,10.431146604641716E
9308,Sa Đéc City-1581.jpeg,0.7908123582601547,105.74497130629103N,10.31792240690905E
9309,Cai Lậy Town-2653.jpeg,0.7908020243048668,106.09639896608768N,10.41136790722322E
9311,Châu Thành District-2319.jpeg,0.7907764688134193,106.2512301464857N,10.27048153840824E
9312,Binh Minh Town-4135.jpeg,0.790764257311821,105.83921532046N,10.093534810581993E
9313,Tây Ninh City-5102.jpeg,0.7907471507787704,106.1127580819214N,11.398678777430964E
9322,Long Hồ District-3292.jpeg,0.7905681878328323,105.9756101864694N,10.184982039821136E
9327,Tam Điệp-2222.jpeg,0.7904460206627846,105.88234293207772N,20.15338214278953E
9328,Châu Thành District-3322.jpeg,0.7903007566928864,106.26218609043362N,10.277218872222601E
9329,Cao Lanh City-3287.jpeg,0.7902852073311806,105.58243088160947N,10.46887567400215E
9330,Sa Đéc City-1906.jpeg,0.7902739569544792,105.74497130629103N,10.3300496077749E
9333,Sa Đéc City-2498.jpeg,0.7902460917830467,105.72305716960248N,10.355651476269477E
9334,Long Hồ District-3219.jpeg,0.7902364209294319,105.8756552811153N,10.184982039821136E
9336,Thanh Liêm District-2298.jpeg,0.7900569662451744,105.92182538680898N,20.431580810789296E
9338,Go Cong Town-4164.jpeg,0.7900438532233238,106.62379191882302N,10.43985581039345E
9341,Châu Thành District-4348.jpeg,0.7900331914424896,106.16632158088929N,10.283956206036958E
9343,Cai Lậy Town-1338.jpeg,0.7900230586528778,106.17449381797637N,10.387113505491515E
9349,Cai Lậy Town-4864.jpeg,0.7898420318961143,106.17586390309722N,10.4517919101094E
9350,Duy Tiên District-2564.jpeg,0.789830356836319,105.93889525847129N,20.633520844665398E
9352,Chau Doc City-3447.jpeg,0.7897676900029182,105.11659171016743N,10.689047675215011E
9354,Tây Ninh City-2756.jpeg,0.7897352948784828,106.08389527457642N,11.360949708070462E
9357,Hiệp Hòa District-6333.jpeg,0.7896981239318848,105.96881502652796N,21.344333614815408E
9358,Yên Mỹ District-4208.jpeg,0.7896917499601841,106.0594535318714N,20.928648212671078E
9360,Phu Ly City-3584.jpeg,0.7896620407700539,105.9214458648509N,20.57205894550837E
9362,Tây Ninh City-262.jpeg,0.7896403670310974,106.09076737156332N,11.30570357079259E
9364,Long Hồ District-5880.jpeg,0.7895846590399742,105.97287169591176N,10.232143376521655E
9368,Mỹ Tho-3732.jpeg,0.7895378693938255,106.38069201063568N,10.394736341605826E
9371,Go Cong Town-820.jpeg,0.7894987091422081,106.66215232320387N,10.364397671672586E
9373,Tây Ninh City-4454.jpeg,0.7894755005836487,106.13612321167683N,11.387899043327963E
9374,Long Hồ District-5386.jpeg,0.7894462645053864,105.94137905449881N,10.222711109181553E
9379,Mỹ Tho-1148.jpeg,0.7893954887986183,106.34781663041132N,10.350269938431039E
9383,Hiệp Hòa District-5512.jpeg,0.7892994061112404,106.00497888985912N,21.333553880712092E
9393,Sa Đéc City-991.jpeg,0.7891068682074547,105.74223203920499N,10.297710405465965E
9395,Long Hồ District-7190.jpeg,0.7890941575169563,105.95780999784469N,10.272567379407823E
9396,Tây Ninh City-2916.jpeg,0.7890910357236862,106.08801853276857N,11.363644641596215E
9404,Cao Lanh City-5149.jpeg,0.788923367857933,105.63861063416432N,10.507952210125461E
9405,Tây Ninh City-2921.jpeg,0.7888989523053169,106.09489062975544N,11.363644641596215E
9410,Cai Lậy Town-5586.jpeg,0.7888306304812431,106.1827143287015N,10.465266577738122E
9413,Châu Thành District-2515.jpeg,0.7887381091713905,106.26492507642061N,10.271829005171114E
9416,Tây Ninh City-1200.jpeg,0.7887118682265282,106.08389527457642N,11.329957972524337E
9421,Sa Đéc City-378.jpeg,0.7886297553777695,105.76003727526444N,10.277498404022884E
9423,Binh Minh Town-3714.jpeg,0.7886149808764458,105.85563672813252N,10.081407609716146E
9426,Binh Minh Town-4393.jpeg,0.7884948179125786,105.84742602429628N,10.101619611159222E
9427,Go Cong Town-3798.jpeg,0.7884800359606743,106.64023209212911N,10.43311847657908E
9430,Cai Lậy Town-5851.jpeg,0.7884357646107674,106.15942288164696N,10.470656444789617E
9431,Cai Lậy Town-3431.jpeg,0.7883985973894596,106.15805279652612N,10.426190041614822E
9433,Tây Ninh City-1230.jpeg,0.7883879914879799,106.1251278564978N,11.329957972524337E
9438,Cai Lậy Town-442.jpeg,0.7883427441120148,106.14161177507587N,10.370943904337045E
9444,Cai Lậy Town-490.jpeg,0.788215883076191,106.1320211792299N,10.372291371099921E
9447,Binh Minh Town-3187.jpeg,0.7880874425172806,105.8008987025575N,10.06793294208743E
9448,Cai Lậy Town-1547.jpeg,0.7880732640624046,106.12654083874648N,10.391155905780133E
9449,Mỹ Tho-4038.jpeg,0.788058914244175,106.38480143316373N,10.404168608945934E
9452,Long Xuyen City-17.jpeg,0.7880206108093262,105.44817627170053N,10.304415069643213E
9453,Mỹ Tho-2629.jpeg,0.7879632413387299,106.32042048022436N,10.37587180692561E
9456,Cao Lanh City-2475.jpeg,0.7879289425909519,105.6632749157738N,10.450011139321935E
9464,Cai Lậy Town-666.jpeg,0.7877315580844879,106.09502888096684N,10.376333771388534E
9465,Trà Vinh City-170.jpeg,0.7877089530229568,106.32902954770172N,9.8974126368645E
9467,Long Hồ District-5946.jpeg,0.7876714244484901,105.99067188453644N,10.233490843284528E
9470,Cai Lậy Town-2105.jpeg,0.7875357791781425,106.12928100898819N,10.400588173120237E
9471,Go Cong Town-68.jpeg,0.7875085547566414,106.66489235208824N,10.340143269940887E
9472,Long Hồ District-2178.jpeg,0.7875056937336922,105.97971792230587N,10.171507372192416E
9473,Thái Bình-1668.jpeg,0.787498414516449,106.36515067794389N,20.452722509646126E
9475,Vĩnh Long-114.jpeg,0.7874727696180344,105.96786789675951N,10.228785403434047E
9477,Cai Lậy Town-3748.jpeg,0.7874448299407959,106.1224305833839N,10.432927375429179E
9478,Mỹ Hào District-38.jpeg,0.7873771637678146,106.09641561712445N,20.87998733985658E
9481,Hoa Lư District-824.jpeg,0.7872800007462502,105.95788891404847N,20.206076574893753E
9489,Cao Lanh City-2822.jpeg,0.7870526313781738,105.59750349814857N,10.458095939899168E
9494,Duy Tiên District-878.jpeg,0.7869887202978134,105.93169623446049N,20.602529109118446E
9496,Go Cong Town-3685.jpeg,0.7869100123643875,106.59228158665304N,10.431771009816211E
9497,Mỹ Hào District-1701.jpeg,0.7868837900459766,106.14113664225464N,20.928496143321432E
9502,Duy Tiên District-341.jpeg,0.7867866009473801,105.95761272089936N,20.57557977386023E
9503,Trà Vinh City-2611.jpeg,0.7867599651217461,106.32902954770172N,9.982303042925398E
9504,Tây Ninh City-1254.jpeg,0.7867562174797058,106.07427433879477N,11.331305439287211E
9508,Phu Ly City-3918.jpeg,0.7866223827004433,105.93295770094146N,20.580143746085835E
9509,Sa Đéc City-569.jpeg,0.7866118773818016,105.77099434360873N,10.282888271074373E
9514,Cai Lậy Town-4081.jpeg,0.7865291088819504,106.16764339237213N,10.43831724248067E
9519,Long Hồ District-1474.jpeg,0.7863354906439781,105.93179433754707N,10.163422571615186E
9524,Trà Vinh City-2434.jpeg,0.7861649468541145,106.31124489912449N,9.978260642636783E
9528,Châu Thành District-4176.jpeg,0.7861120700836182,106.23342673757034N,10.28260873927409E
9530,Cao Lanh City-1359.jpeg,0.7860810682177544,105.6769772944457N,10.431146604641716E
9531,Cao Lanh City-951.jpeg,0.7860665693879128,105.58243088160947N,10.42575673759023E
9533,Sa Đéc City-192.jpeg,0.7860159501433372,105.76277654235054N,10.272108536971395E
9536,Cai Lậy Town-4363.jpeg,0.7859961241483688,106.11832032802134N,10.443707109532163E
9541,Mỹ Tho-1818.jpeg,0.7859571948647499,106.38754104818243N,10.361049672534014E
9543,Long Hồ District-3489.jpeg,0.7858974486589432,105.94822528089293N,10.18767697334688E
9545,Cao Lanh City-2893.jpeg,0.7858724147081375,105.60983563895327N,10.459443406662043E
9548,Tây Ninh City-1907.jpeg,0.7857362926006317,106.12787669529254N,11.344780106915964E
9550,Long Hồ District-1929.jpeg,0.7857254147529602,105.9468560356141N,10.168812438666674E
9551,Ninh Bình-1177.jpeg,0.7857068963348866,106.02328346586901N,20.244222409005623E
9555,Binh Minh Town-2168.jpeg,0.7856499403715134,105.85837362941128N,10.043678540355744E
9557,Tây Ninh City-6066.jpeg,0.785613976418972,106.13199995348471N,11.417543312111215E
9558,Long Hồ District-6278.jpeg,0.7856081277132034,105.94274829977763N,10.242923110624638E
9561,Long Hồ District-569.jpeg,0.7855295911431313,105.95096377145056N,10.151295370749338E
9565,Thái Bình-1066.jpeg,0.785409189760685,106.3680269353582N,20.440595308779933E
9568,Long Xuyen City-2939.jpeg,0.7853908017277718,105.41256022382217N,10.374483341312578E
9570,Long Hồ District-2503.jpeg,0.7853642776608467,105.96054848840235N,10.175549772481036E
9571,Cao Lanh City-2584.jpeg,0.7853552997112274,105.62216777975802N,10.452706072847676E
9572,Tây Ninh City-5618.jpeg,0.7853268533945084,106.12237901770304N,11.40811104477109E
9575,Long Hồ District-5684.jpeg,0.7852694746106863,105.99067188453644N,10.22810097623304E
9576,Yên Mỹ District-1036.jpeg,0.7852515131235123,106.05512656775774N,20.870707141865832E
9577,Cai Lậy Town-3587.jpeg,0.7852411642670631,106.1854544989432N,10.428884975140564E
9578,Bến Tre City-1626.jpeg,0.7852277159690857,106.41046341718273N,10.23676267278597E
9580,Phu Ly City-3332.jpeg,0.7851877622306347,105.96461525019052N,20.565321611693822E
9581,Thanh Liêm District-5674.jpeg,0.7851614952087402,105.91032093181974N,20.48008961425405E
9586,Tây Ninh City-6620.jpeg,0.7851021513342857,106.111383662524N,11.431017979739966E
9588,Binh Minh Town-2888.jpeg,0.785031059756875,105.8077409557544N,10.059848141510198E
9589,Tây Ninh City-5165.jpeg,0.7850285321474075,106.08939295216592N,11.400026244193837E
9592,Long Hồ District-3743.jpeg,0.7850131690502167,106.01942603539176N,10.190371906872624E
9593,Long Hồ District-3288.jpeg,0.7850085198879242,105.9701332053541N,10.184982039821136E
9595,Tây Ninh City-6385.jpeg,0.7849984541535378,106.15673950263752N,11.42428064592559E
9597,Long Xuyen City-371.jpeg,0.7849565744400024,105.47557323160692N,10.316542270509066E
9601,Go Cong Town-426.jpeg,0.7848790138959885,106.67448245318344N,10.35361793756961E
9602,Long Xuyen City-1488.jpeg,0.7848746702075005,105.47283353561627N,10.342144139003638E
9603,Thanh Liêm District-6093.jpeg,0.784858763217926,105.9764715480078N,20.48547948130569E
9608,Phu Ly City-4102.jpeg,0.7847980782389641,105.94015259849807N,20.585533613137486E
9609,Cao Lanh City-5074.jpeg,0.784760870039463,105.56598802720316N,10.506604743362585E
9612,Tây Ninh City-5555.jpeg,0.7846741750836372,106.13199995348471N,11.406763578008213E
9613,Sa Đéc City-2431.jpeg,0.7846700474619865,105.72716607023159N,10.352956542743732E
9619,Cao Lanh City-3486.jpeg,0.7845803052186966,105.61668682828926N,10.47291807429077E
9620,Tây Ninh City-872.jpeg,0.7845582216978073,106.1127580819214N,11.32187317194709E
9622,Tây Ninh City-4180.jpeg,0.7844821438193321,106.11550692071616N,11.383856643039337E
9625,Trà Vinh City-2841.jpeg,0.7844343595206738,106.31398099890559N,9.989040376739755E
9626,Cao Lanh City-3766.jpeg,0.7844269126653671,105.6591642021722N,10.478307941342258E
9629,Hiệp Hòa District-6691.jpeg,0.7843641936779022,105.93554427226331N,21.349723481867073E
9630,Bac Giang City-1963.jpeg,0.784338966012001,106.15913504471978N,21.28204721077117E
9632,Tây Ninh City-3663.jpeg,0.7842769622802734,106.0990138879476N,11.375771842462086E
9633,Mỹ Tho-3103.jpeg,0.7842723429203033,106.34918643792071N,10.383956607502846E
9640,Ninh Bình-1151.jpeg,0.7841839399188757,105.9859424731437N,20.244222409005623E
9643,Go Cong Town-576.jpeg,0.7841461002826691,106.69366265537386N,10.357660337858226E
9644,Tây Ninh City-373.jpeg,0.7841420099139214,106.11413250131875N,11.308398504318339E
9645,Bac Giang City-556.jpeg,0.7840789332985878,106.20974354973457N,21.249708008461223E
9655,Tây Ninh City-4324.jpeg,0.7837582752108574,106.07702317758954N,11.386551576565088E
9658,Tây Ninh City-5915.jpeg,0.783687200397253,106.17048369661134N,11.41350091182259E
9667,Hung Yen City-3422.jpeg,0.7834959849715233,106.00576057497435N,20.708198013463676E
9668,Cai Lậy Town-3286.jpeg,0.7834949716925621,106.15668271140524N,10.423495108089071E
9672,Long Xuyen City-3917.jpeg,0.7834320664405823,105.41803961580345N,10.394695342755663E
9677,Cai Lậy Town-3918.jpeg,0.7832508087158203,106.15531262628441N,10.435622308954924E
9680,Hiệp Hòa District-8946.jpeg,0.7831484004855156,106.02378409879131N,21.39014748475452E
9688,Cai Lậy Town-417.jpeg,0.7829707935452461,106.10735964705452N,10.370943904337045E
9690,Thái Bình-982.jpeg,0.7829539980739355,106.34357874733641N,20.43924784201703E
9692,Thanh Liêm District-7610.jpeg,0.7829094901680946,105.987976002997N,20.511081349800993E
9695,Hiệp Hòa District-7819.jpeg,0.7828388586640358,106.00931855345885N,21.365893083022055E
9696,Châu Thành District-2482.jpeg,0.7828321531414986,106.21973180763543N,10.271829005171114E
9698,Tây Ninh City-1054.jpeg,0.7827999405562878,106.13199995348471N,11.325915572235711E
9700,Chau Doc City-1107.jpeg,0.7827686071395874,105.11522045413554N,10.649971139091688E
9701,Thanh Liêm District-5767.jpeg,0.7827561050653458,105.90744481807246N,20.481437081016963E
9702,Trà Vinh City-1274.jpeg,0.7827459499239922,106.3358697971545N,9.941879040039257E
9703,Long Hồ District-1283.jpeg,0.7827177494764328,105.9701332053541N,10.16072763808944E
9704,Long Xuyen City-4698.jpeg,0.7827104404568672,105.43584763974262N,10.413559877435876E
9706,Long Xuyen City-1419.jpeg,0.7826902642846107,105.46187475165372N,10.340796672240765E
9707,Châu Thành District-8479.jpeg,0.7826809212565422,106.24849116049872N,10.310905541294407E
9711,Vĩnh Long-1063.jpeg,0.7826100066304207,105.98566920975762N,10.24899740487713E
9713,Cao Lanh City-894.jpeg,0.7825431823730469,105.62079754189082N,10.424409270827352E
9716,Thanh Liêm District-5242.jpeg,0.7825086563825607,105.98366183237607N,20.473352280439503E
9717,Vĩnh Long-804.jpeg,0.7825053334236145,105.95417457906869N,10.244955004588519E
9718,Hiệp Hòa District-29.jpeg,0.7824969030916691,105.96881502652796N,21.22710400644183E
9723,Ninh Bình-892.jpeg,0.7823869287967682,105.95434624853N,20.238832541953983E
9732,Mỹ Tho-2209.jpeg,0.7820966616272926,106.37932220312635N,10.367787006348378E
9735,Long Hồ District-6170.jpeg,0.7820540592074394,105.92494811115294N,10.240228177098889E
9738,Long Xuyen City-2242.jpeg,0.7819808274507523,105.45502551167712N,10.359661206920979E
9741,Mỹ Tho-3425.jpeg,0.7819062098860741,106.36151470550483N,10.389346474554337E
9744,Long Xuyen City-1596.jpeg,0.7815717123448849,105.45639535967244N,10.344839072529387E
9746,Sa Đéc City-731.jpeg,0.7815585285425186,105.77784251132388N,10.288278138125861E
9748,Tây Ninh City-666.jpeg,0.7815204113721848,106.12650227589519N,11.316483304895591E
9750,Cai Lậy Town-1752.jpeg,0.7814987488090992,106.1854544989432N,10.393850839305879E
9753,Trà Vinh City-406.jpeg,0.7814583256840706,106.30987684923393N,9.906844904204599E
9755,Go Cong Town-1649.jpeg,0.7814329788088799,106.68270253983648N,10.385957139878546E
9758,Long Xuyen City-93.jpeg,0.7813130095601082,105.4536556636818N,10.308457469931831E
9759,Sa Đéc City-916.jpeg,0.7812982723116875,105.75592837463535N,10.295015471940223E
9761,Binh Minh Town-1848.jpeg,0.7812552154064178,105.87753193836252N,10.036941206541384E
9764,Go Cong Town-568.jpeg,0.7812020666897297,106.68270253983648N,10.357660337858226E
9767,Long Hồ District-1050.jpeg,0.7811319753527641,105.93727131866235N,10.158032704563702E
9768,Châu Thành District-5152.jpeg,0.7810758501291275,106.36626755793885N,10.28799860632558E
9770,Tây Ninh City-1228.jpeg,0.7810404822230339,106.12237901770304N,11.329957972524337E
9775,Long Hồ District-4411.jpeg,0.7808944508433342,105.96465622423881N,10.202499107738472E
9778,Thanh Liêm District-1596.jpeg,0.7808519080281258,105.86142699811558N,20.42080107668601E
9779,Duy Tiên District-4191.jpeg,0.7808494418859482,105.91009916242808N,20.656427779634885E
9780,Chau Doc City-3779.jpeg,0.7807881608605385,105.12207673429492N,10.694437542266506E
9781,Long Hồ District-4223.jpeg,0.7807769700884819,105.99751811093057N,10.198456707449855E
9784,Cao Lanh City-1749.jpeg,0.7805935926735401,105.63312968269553N,10.437883938456077E
9785,Tam Điệp-2759.jpeg,0.7805779054760933,105.82492639525337N,20.16146694336698E
9787,Bac Giang City-752.jpeg,0.7805516831576824,106.1923920623009N,21.25509787551288E
9789,Cai Lậy Town-1657.jpeg,0.7804427221417427,106.16627330725123N,10.392503372543006E
9792,Long Hồ District-5882.jpeg,0.7803845852613449,105.9756101864694N,10.232143376521655E
9796,Trà Vinh City-2748.jpeg,0.7802364975214005,106.31261294901503N,9.986345443214013E
9797,Châu Thành District-4400.jpeg,0.7802178338170052,106.2375352165508N,10.283956206036958E
9798,Go Cong Town-929.jpeg,0.7801994606852531,106.66489235208824N,10.367092605198332E
9800,Trà Vinh City-1520.jpeg,0.780136413872242,106.33860589693562N,9.952658774142225E
9803,Long Xuyen City-1354.jpeg,0.7800537869334221,105.45639535967244N,10.339449205477894E
9807,Bac Giang City-2852.jpeg,0.7798532694578171,106.23866269545731N,21.298216811926142E
9808,Hiệp Hòa District-9452.jpeg,0.7798345163464546,106.00063922625938N,21.403622152383686E
9809,Hiệp Hòa District-1410.jpeg,0.7798287682235241,105.97170813559445N,21.270222942855092E
9812,Hung Yen City-1028.jpeg,0.7797698192298412,106.11952649794836N,20.632739874740647E
9816,Hiệp Hòa District-5528.jpeg,0.7796545922756195,106.02812376239105N,21.333553880712092E
9817,Châu Thành District-5313.jpeg,0.7796272821724415,106.2923149362904N,10.289346073088451E
9818,Cai Lậy Town-734.jpeg,0.7796212434768677,106.09091862560427N,10.377681238151407E
9821,Cai Lậy Town-3100.jpeg,0.7795147895812988,106.19093483942662N,10.419452707800456E
9822,Binh Minh Town-4223.jpeg,0.7794890329241753,105.82689926470562N,10.096229744107738E
9827,Sa Đéc City-2711.jpeg,0.7794321849942207,105.70799120062911N,10.365083743609583E
9828,Long Xuyen City-2385.jpeg,0.7794226035475731,105.38242356792513N,10.363703607209597E
9830,Thanh Liêm District-2123.jpeg,0.7794195488095284,105.91894927306168N,20.42888587726348E
9833,Yên Mỹ District-1891.jpeg,0.7793927267193794,106.01762621210614N,20.885529276257877E
9834,Long Hồ District-43.jpeg,0.7793863341212273,106.01942603539176N,10.137820703120617E
9838,Cai Lậy Town-1811.jpeg,0.7793135643005371,106.15531262628441N,10.39519830606875E
9839,Binh Minh Town-1519.jpeg,0.7793104387819767,105.86111053069003N,10.030203872727025E
9841,Hoa Lư District-376.jpeg,0.7793037369847298,105.93203663453288N,20.19664430755339E
9843,Trà Vinh City-1241.jpeg,0.7792326509952545,106.32492539803008N,9.940531573276383E
9848,Cao Lanh City-4301.jpeg,0.7791188135743141,105.65368325070345N,10.489087675445242E
9849,Mỹ Tho-4018.jpeg,0.7791131213307381,106.38206181814505N,10.402821142183061E
9851,Binh Minh Town-3849.jpeg,0.7790962159633636,105.84468912301752N,10.085450010004763E
9856,Long Hồ District-450.jpeg,0.7789067924022675,105.91399414892234N,10.149947903986464E
9860,Go Cong Town-2998.jpeg,0.778807170689106,106.62516193326519N,10.419643808950358E
9863,Binh Minh Town-3474.jpeg,0.7787242457270622,105.8570051787719N,10.074670275901788E
9865,Duy Tiên District-5480.jpeg,0.7787078693509102,105.927376820054N,20.677987247841468E
9869,Go Cong Town-4619.jpeg,0.7786276862025261,106.64297212101346N,10.454677944785045E
9870,Vĩnh Long-863.jpeg,0.77862548828125,105.926787943687N,10.246302471351386E
9876,Duy Tiên District-594.jpeg,0.7784390114247799,105.98064959773394N,20.589054441489335E
9877,Thái Bình-190.jpeg,0.7784156054258347,106.34645500475075N,20.414993440284647E
9880,Yên Mỹ District-4403.jpeg,0.7783150412142277,106.02916478307586N,20.938080480011465E
9881,Sa Đéc City-2879.jpeg,0.7782716453075409,105.71210010125822N,10.373168544186822E
9882,Trà Vinh City-1604.jpeg,0.7782476767897606,106.34544614638844N,9.95535370766797E
9883,Long Xuyen City-2487.jpeg,0.7782354652881622,105.42899839976602N,10.365051073972468E
9888,Hiệp Hòa District-7811.jpeg,0.7781962752342224,105.99774611719289N,21.365893083022055E
9889,Go Cong Town-1630.jpeg,0.7781331241130829,106.65667226543519N,10.385957139878546E
9897,Tây Ninh City-2473.jpeg,0.7779874131083488,106.12925111468995N,11.355559841018964E
9898,Duy Tiên District-4258.jpeg,0.7779102921485901,106.01520491298577N,20.656427779634885E
9903,Yên Mỹ District-4409.jpeg,0.7777125984430313,106.03781871130316N,20.938080480011465E
9904,Long Hồ District-3395.jpeg,0.7777054756879807,105.96739471479646N,10.18632950658401E
9909,Cao Lanh City-1173.jpeg,0.7776335850358009,105.65505348857066N,10.428451671115972E
9910,Hoa Lư District-1191.jpeg,0.7776071950793266,105.93060039678204N,20.214161375471203E
9912,Long Xuyen City-3150.jpeg,0.7774960175156593,105.42488885578004N,10.378525741601193E
9916,Bến Tre City-3018.jpeg,0.7774030789732933,106.36664693850851N,10.262364541280542E
9919,Long Xuyen City-4431.jpeg,0.777383491396904,105.43447779174731N,10.406822543621512E
9922,Vĩnh Long-543.jpeg,0.7772725783288479,105.9870385415267N,10.239565137537028E
9924,Châu Thành District-3126.jpeg,0.7772494852542877,106.28272848533595N,10.275871405459727E
9927,Mỹ Tho-3214.jpeg,0.7771568968892097,106.39575989323852N,10.385304074265717E
9929,Sa Đéc City-1892.jpeg,0.7771469354629517,105.72579643668855N,10.3300496077749E
9931,Cai Lậy Town-1793.jpeg,0.7770849242806435,106.13065109410903N,10.39519830606875E
9932,Cai Lậy Town-4916.jpeg,0.7770236060023308,106.14709211555929N,10.45313937687227E
9935,Long Hồ District-2464.jpeg,0.7769970372319221,105.90714792252824N,10.175549772481036E
9936,Cao Lanh City-1664.jpeg,0.7769944742321968,105.63038920696117N,10.436536471693207E
9939,Cao Lanh City-3597.jpeg,0.7769350558519363,105.60161421175015N,10.47561300781652E
9944,Cai Lậy Town-6185.jpeg,0.7768756523728371,106.16764339237213N,10.477393778603979E
9950,Châu Thành District-3047.jpeg,0.77670993283391,106.17453853885024N,10.275871405459727E
9952,Duy Tiên District-5303.jpeg,0.7766465991735458,105.94753408728424N,20.67394484755273E
9957,Tây Ninh City-3041.jpeg,0.7765223160386086,106.15124182504802N,11.364992108359088E
9958,Phu Ly City-3923.jpeg,0.7764860540628433,105.94015259849807N,20.580143746085835E
9959,Sa Đéc City-2496.jpeg,0.7764811366796494,105.72031790251641N,10.355651476269477E
9960,Tây Ninh City-89.jpeg,0.7764636129140854,106.11688134011352N,11.298966236978218E
9961,Thái Bình-1792.jpeg,0.7764484183862805,106.36227442052956N,20.455417443171942E
9964,Thanh Liêm District-4187.jpeg,0.7764009013772011,105.94771041053473N,20.458530146047487E
9966,Châu Thành District-5012.jpeg,0.7763252444565296,106.17453853885024N,10.28799860632558E
9969,Sa Đéc City-1567.jpeg,0.7763000205159187,105.72579643668855N,10.31792240690905E
9970,Trà Vinh City-27.jpeg,0.7762972712516785,106.34407809649787N,9.889327836287272E
9983,Tây Ninh City-5316.jpeg,0.7759311571717262,106.09076737156332N,11.402721177719588E
9984,Go Cong Town-4617.jpeg,0.7759039178490639,106.64023209212911N,10.454677944785045E
9992,Cai Lậy Town-1838.jpeg,0.7755992561578751,106.19230492454746N,10.39519830606875E
9993,Long Hồ District-3471.jpeg,0.77553890645504,105.9235788658741N,10.18767697334688E
9994,Tây Ninh City-1682.jpeg,0.7754723206162453,106.07839759698689N,11.340737706627339E
9996,Mỹ Hào District-287.jpeg,0.775403119623661,106.12238266397425N,20.89346200748571E
9998,Long Hồ District-7335.jpeg,0.7753464505076408,105.96191773368116N,10.275262312933569E
10001,Long Hồ District-53.jpeg,0.775301605463028,106.00573358260351N,10.139168169883492E
10009,Cao Lanh City-3882.jpeg,0.7750456407666206,105.63449992056276N,10.481002874868004E
10014,Cai Lậy Town-479.jpeg,0.7749678567051888,106.11695024290049N,10.372291371099921E
10019,Long Hồ District-7596.jpeg,0.7748604416847229,106.02490301650705N,10.27930471322218E
10021,Vĩnh Long-192.jpeg,0.7747678812593222,105.9623905696832N,10.231480336959795E
10022,Cao Lanh City-5033.jpeg,0.7746983915567398,105.5742094544063N,10.505257276599714E
10029,Duy Tiên District-2385.jpeg,0.7745123133063316,105.95473311129504N,20.630825911139574E
10030,Thái Bình-163.jpeg,0.7744910269975662,106.33782623250777N,20.413645973521735E
10031,Hung Yen City-1014.jpeg,0.7744896709918976,106.0993654483074N,20.632739874740647E
10032,Cao Lanh City-3127.jpeg,0.7744432687759399,105.60435468748452N,10.464833273713532E
10037,Long Hồ District-9589.jpeg,0.7742869034409523,105.97971792230587N,10.326466049922713E
10039,Tây Ninh City-6173.jpeg,0.7742734402418137,106.11413250131875N,11.420238245636966E
10041,Tây Ninh City-4538.jpeg,0.7742284089326859,106.13062553408732N,11.38924651009084E
10043,Trà Vinh City-1305.jpeg,0.7742001339793205,106.34544614638844N,9.943226506802128E
10045,Tây Ninh City-2801.jpeg,0.7741898596286774,106.14574414745852N,11.360949708070462E
10048,Châu Thành District-6035.jpeg,0.7741304039955139,106.41283031971751N,10.293388473377066E
10052,Bến Tre City-3441.jpeg,0.7740956246852875,106.31872266495857N,10.278534142435007E
10056,Long Xuyen City-3923.jpeg,0.7739540562033653,105.42625870377537N,10.394695342755663E
10057,Long Hồ District-4831.jpeg,0.7739478051662445,105.9865641487N,10.210583908315703E
10060,Go Cong Town-3890.jpeg,0.7738789096474648,106.65804227987738N,10.434465943341957E
10061,Sa Đéc City-135.jpeg,0.7738675251603127,105.7353838714898N,10.270761070208524E
10063,Long Hồ District-1496.jpeg,0.7738441154360771,105.96191773368116N,10.163422571615186E
10064,Binh Minh Town-1089.jpeg,0.7738389074802399,105.84332067237811N,10.020771605386921E
10069,Bến Tre City-2032.jpeg,0.7737797722220421,106.42963312660268N,10.243500006600332E
10073,Long Hồ District-2639.jpeg,0.7736176326870918,105.9934103750941N,10.176897239243907E
10075,Long Hồ District-4120.jpeg,0.773569330573082,105.95644075256588N,10.197109240686984E
10078,Thái Bình-2986.jpeg,0.7734299004077911,106.36515067794389N,20.486409178718876E
10079,Vĩnh Long-1373.jpeg,0.7734107375144958,105.95554391083778N,10.254387271928618E
10080,Cai Lậy Town-2211.jpeg,0.7733910456299782,106.17449381797637N,10.401935639883115E
10087,Cai Lậy Town-6302.jpeg,0.7732238918542862,106.10461947681281N,10.481436178892595E
10088,Duy Tiên District-3337.jpeg,0.7732233628630638,105.94033506327347N,20.644300578768686E
10089,Châu Thành District-2768.jpeg,0.7731890231370926,106.36763705093234N,10.273176471933986E
10095,Go Cong Town-3665.jpeg,0.7730456404387951,106.67311243874127N,10.430423543053335E
10096,Châu Thành District-8017.jpeg,0.7730031833052635,106.38407096685422N,10.306863141005792E
10099,Go Cong Town-3674.jpeg,0.7729639187455177,106.68544256872082N,10.430423543053335E
10101,Cai Lậy Town-2516.jpeg,0.7729304730892181,106.10050922145024N,10.40867297369747E
10104,Vĩnh Long-1869.jpeg,0.7728671804070473,105.93089593899424N,10.262472072505853E
10105,Thanh Liêm District-5679.jpeg,0.7728657126426697,105.91751121618802N,20.48008961425405E
10107,Cai Lậy Town-3389.jpeg,0.7728274166584015,106.10050922145024N,10.426190041614822E
10109,Vĩnh Long-755.jpeg,0.7728203609585762,105.99388520037212N,10.243607537825643E
10112,Hung Yen City-1840.jpeg,0.7727697119116783,106.0864047735382N,20.654299342947215E
10113,Châu Thành District-2273.jpeg,0.7727531976997852,106.18823346878519N,10.27048153840824E
10120,Duy Tiên District-227.jpeg,0.7726825848221779,105.98064959773394N,20.57018990680859E
10122,Binh Minh Town-94.jpeg,0.7725107595324516,105.8843741915594N,9.992474803366619E
10123,Thanh Liêm District-77.jpeg,0.7724385410547256,105.93476789867186N,20.370944806458358E
10125,Long Xuyen City-1484.jpeg,0.7724068462848663,105.46735414363499N,10.342144139003638E
10130,Thanh Liêm District-7495.jpeg,0.772296778857708,105.91894927306168N,20.50973388303808E
10131,Cai Lậy Town-4582.jpeg,0.7722312361001968,106.09776905120856N,10.447749509820778E
10133,Duy Tiên District-560.jpeg,0.772129163146019,105.96913115931666N,20.587706974726427E
10136,Châu Thành District-1762.jpeg,0.7721021696925163,106.2238402866159N,10.266439138119624E
10137,Cai Lậy Town-2783.jpeg,0.7720280066132545,106.1827143287015N,10.41271537398609E
10140,Mỹ Tho-89.jpeg,0.7719378396868706,106.30809221264022N,10.326015536699332E
10142,Thanh Liêm District-2167.jpeg,0.7719126418232918,105.85855088436827N,20.430233344026384E
10143,Thái Bình-2452.jpeg,0.7719099521636963,106.33926436121493N,20.47158704432686E
10144,Binh Minh Town-355.jpeg,0.7719015255570412,105.87479503708379N,10.001907070706721E
10147,Long Hồ District-3713.jpeg,0.7718839570879936,105.97834867702704N,10.190371906872624E
10148,Cao Lanh City-2949.jpeg,0.7718800604343414,105.60298444961734N,10.460790873424916E
10149,Trà Vinh City-963.jpeg,0.7718733996152878,106.32355734813949N,9.925709438884796E
10150,Châu Thành District-9495.jpeg,0.7718579359352589,106.25944710444665N,10.318990341871643E
10153,Hiệp Hòa District-6258.jpeg,0.7718279603868723,106.0107651079921N,21.342986148052496E
10154,Cao Lanh City-3013.jpeg,0.7717930376529694,105.60983563895327N,10.462138340187787E
10155,Yên Mỹ District-2524.jpeg,0.7717335000634193,105.96570264274241N,20.89630901036118E
10157,Cai Lậy Town-6067.jpeg,0.7716844081878662,106.17997415845981N,10.474698845078231E
10160,Cai Lậy Town-124.jpeg,0.7714919373393059,106.11009981729622N,10.36016417023407E
10161,Châu Thành District-1187.jpeg,0.7714051082730293,106.38954893882818N,10.261049271068135E
10164,Cao Lanh City-2520.jpeg,0.771281935274601,105.629018969094N,10.45135860608481E
10167,Long Hồ District-8298.jpeg,0.7711829207837582,105.95644075256588N,10.292779380850904E
10168,Long Hồ District-6270.jpeg,0.7711683586239815,105.93179433754707N,10.242923110624638E
10171,Chau Doc City-4303.jpeg,0.7710747718811035,105.13853180667738N,10.703869809606616E
10173,Tam Điệp-262.jpeg,0.7709909602999687,105.91966368101353N,20.117000540191E
10181,Sa Đéc City-1271.jpeg,0.7707348018884659,105.74223203920499N,10.307142672806073E
10184,Vĩnh Long-1844.jpeg,0.7706123664975166,105.8966626447672N,10.262472072505853E
10185,Châu Thành District-1764.jpeg,0.7706094086170197,106.22657927260288N,10.266439138119624E
10187,Châu Thành District-8905.jpeg,0.7705723866820335,106.34435567004302N,10.313600474820154E
10189,Bến Tre City-1369.jpeg,0.7705582678318024,106.35569281883996N,10.232720272497357E
10195,Go Cong Town-4122.jpeg,0.7704908773303032,106.65941229431952N,10.438508343630575E
10196,Bến Tre City-2963.jpeg,0.7704517990350723,106.37212399834277N,10.26101707451767E
10201,Binh Minh Town-4016.jpeg,0.7704133540391922,105.81047785703313N,10.090839877056249E
10203,Mỹ Tho-2837.jpeg,0.7703713923692703,106.3998693157666N,10.378566740451355E
10204,Chau Doc City-1984.jpeg,0.7703266069293022,105.12756175842237N,10.666140740246163E
10205,Yên Mỹ District-2011.jpeg,0.770305722951889,106.06810746009869N,20.886876743020792E
10206,Tây Ninh City-4258.jpeg,0.7702939808368683,106.10451156553712N,11.385204109802213E
10207,Long Hồ District-784.jpeg,0.7702843174338341,106.0043643373247N,10.153990304275084E
10209,Mỹ Hào District-166.jpeg,0.770235002040863,106.08054686627182N,20.889419607196963E
10210,Cai Lậy Town-410.jpeg,0.7702195048332214,106.09776905120856N,10.370943904337045E
10211,Châu Thành District-1517.jpeg,0.7701821178197861,106.4018743757696N,10.263744204593879E
10216,Tây Ninh City-4079.jpeg,0.7700706645846367,106.09351621035809N,11.382509176276463E
10218,Phu Ly City-1178.jpeg,0.7700427770614624,105.89122729511318N,20.528940009095233E
10219,Long Hồ District-7995.jpeg,0.7699697241187096,105.94411754505647N,10.287389513799416E
10221,Châu Thành District-4419.jpeg,0.769953079521656,106.26355558342712N,10.283956206036958E
10223,Mỹ Tho-4043.jpeg,0.7699314430356026,106.37658258810765N,10.405516075708809E
10227,Duy Tiên District-993.jpeg,0.769859068095684,105.96769135451449N,20.605224042644267E
10230,Sa Đéc City-28.jpeg,0.7697851955890656,105.71757863543034N,10.265371203157034E
10232,Cai Lậy Town-206.jpeg,0.7697177529335022,106.1347613494716N,10.362859103759812E
10233,Thanh Liêm District-7572.jpeg,0.7697153091430664,105.93332984179821N,20.511081349800993E
10235,Cai Lậy Town-4352.jpeg,0.7697061896324158,106.10324939169192N,10.443707109532163E
10240,Cao Lanh City-4489.jpeg,0.769570603966713,105.62764873122678N,10.493130075733859E
10244,Châu Thành District-346.jpeg,0.7694437950849533,106.22247079362242N,10.25161700372803E
10250,Cai Lậy Town-6320.jpeg,0.7693142294883728,106.12928100898819N,10.481436178892595E
10252,Cai Lậy Town-3226.jpeg,0.7692474871873856,106.17312373285549N,10.422147641326202E
10254,Thái Bình-1992.jpeg,0.7692231014370918,106.30618740095012N,20.460807310223583E
10255,Yên Mỹ District-3017.jpeg,0.7691484317183495,105.99022210605307N,20.90439381093865E
10257,Cao Lanh City-3010.jpeg,0.7691027075052261,105.60572492535172N,10.462138340187787E
10262,Hung Yen City-2474.jpeg,0.7690318487584591,106.08928492348691N,20.675858811153795E
10266,Thanh Liêm District-3980.jpeg,0.7689907625317574,105.92182538680898N,20.455835212521666E
10267,Ninh Bình-445.jpeg,0.7689727135002613,105.97445293692057N,20.2253578743249E
10269,Long Xuyen City-1935.jpeg,0.7689201012253761,105.43447779174731N,10.352923873106617E
10270,Binh Minh Town-1562.jpeg,0.7688850052654743,105.83510996854186N,10.031551339489894E
10275,Hoa Lư District-5011.jpeg,0.7687446475028992,105.94496277429069N,20.316568849452285E
10277,Trà Vinh City-1797.jpeg,0.7687064558267593,106.30987684923393N,9.962091041482322E
10285,Duy Tiên District-2017.jpeg,0.7685723826289177,105.9748903785253N,20.625436044087937E
10287,Cao Lanh City-1908.jpeg,0.7685603126883507,105.62353801762521N,10.440578871981824E
10290,Tây Ninh City-1752.jpeg,0.7685228735208511,106.08939295216592N,11.342085173390213E
10298,Hiệp Hòa District-6121.jpeg,0.7683812826871872,105.96447536292821N,21.34163868128958E
10301,Long Hồ District-944.jpeg,0.7683128602802753,105.93042509226822N,10.156685237800826E
10302,Go Cong Town-2021.jpeg,0.7682523652911186,106.64023209212911N,10.396736873981526E
10304,Tây Ninh City-753.jpeg,0.7681852877140045,106.10313714613972N,11.31917823842134E
10307,Cai Lậy Town-1633.jpeg,0.7681381329894066,106.13339126435075N,10.392503372543006E
10308,Cao Lanh City-4897.jpeg,0.7681055292487144,105.63724039629714N,10.501214876311098E
10313,Long Xuyen City-418.jpeg,0.7680033445358276,105.47283353561627N,10.317889737271937E
10315,Bac Giang City-1558.jpeg,0.7679485902190208,106.2227571653098N,21.273962410193683E
10319,Cai Lậy Town-1568.jpeg,0.7678947299718857,106.15531262628441N,10.391155905780133E
10325,Phu Ly City-2326.jpeg,0.7676240056753159,105.88115443853394N,20.54780454377598E
10326,Long Hồ District-1624.jpeg,0.7675754055380821,105.9865641487N,10.16477003837806E
10327,Hung Yen City-128.jpeg,0.7675740644335747,106.08208454861514N,20.611180406534064E
10328,Cai Lậy Town-5474.jpeg,0.7675346881151199,106.12654083874648N,10.463919110975251E
10329,Hung Yen City-2020.jpeg,0.7675251960754395,106.05760327405113N,20.661036676761782E
10331,Tây Ninh City-1790.jpeg,0.7674308717250824,106.14162088926633N,11.342085173390213E
10335,Long Hồ District-4840.jpeg,0.7673409804701805,105.99888735620941N,10.210583908315703E
10337,Cai Lậy Town-4906.jpeg,0.767327219247818,106.13339126435075N,10.45313937687227E
10338,Thanh Liêm District-37.jpeg,0.7673236317932606,105.92326344368263N,20.36824987293254E
10341,Long Xuyen City-3295.jpeg,0.7672116737812757,105.43447779174731N,10.381220675126938E
10342,Tây Ninh City-5226.jpeg,0.7671959176659584,106.1787302129956N,11.400026244193837E
10343,Cai Lậy Town-779.jpeg,0.7671031728386879,106.1525724560427N,10.377681238151407E
10348,Tây Ninh City-3107.jpeg,0.7670246809720993,106.13062553408732N,11.366339575121964E
10349,Binh Minh Town-1594.jpeg,0.767014816403389,105.87890038900191N,10.031551339489894E
10355,Mỹ Tho-3172.jpeg,0.7668293714523315,106.3382279778459N,10.385304074265717E
10359,Cao Lanh City-1167.jpeg,0.7666980475187302,105.64683206136746N,10.428451671115972E
10365,Thái Bình-230.jpeg,0.7664927132427692,106.33926436121493N,20.417688373810467E
10367,Cao Lanh City-3142.jpeg,0.7663883417844772,105.6249082554924N,10.464833273713532E
10374,Yên Mỹ District-1682.jpeg,0.766256719827652,106.08397299518204N,20.881486875969138E
10375,Tây Ninh City-6561.jpeg,0.7662558704614639,106.16773485781654N,11.428323046214217E
10377,Chau Doc City-559.jpeg,0.7662028670310974,105.1015078938168N,10.636496471462953E
10381,Long Hồ District-2551.jpeg,0.7661631852388382,105.87291679055765N,10.176897239243907E
10382,Cao Lanh City-4084.jpeg,0.7661226093769073,105.63175944482836N,10.485045275156622E
10390,Yên Mỹ District-3310.jpeg,0.7659222483634949,105.98156817782578N,20.909783677990298E
10392,Châu Thành District-8310.jpeg,0.7659084275364876,106.26766406240756N,10.309558074531536E
10396,Sa Đéc City-2314.jpeg,0.765832930803299,105.70936083417213N,10.348914142455113E
10398,Cai Lậy Town-1458.jpeg,0.7657797932624817,106.11558015777963N,10.38980843901726E
10401,Long Hồ District-3463.jpeg,0.7656680196523666,105.91262490364353N,10.18767697334688E
10404,Cao Lanh City-2331.jpeg,0.7655231952667236,105.66190467790662N,10.447316205796186E
10407,Ninh Bình-1430.jpeg,0.7654758021235466,105.96439959272529N,20.250959742820164E
10408,Long Hồ District-4638.jpeg,0.7654619216918945,105.9934103750941N,10.206541508027088E
10409,Cao Lanh City-4861.jpeg,0.7654446214437485,105.57969040587507N,10.501214876311098E
10414,Mỹ Tho-3741.jpeg,0.7653178498148918,106.39302027821981N,10.394736341605826E
10416,Long Xuyen City-4537.jpeg,0.765293151140213,105.43310794375199N,10.409517477147261E
10419,Châu Thành District-6743.jpeg,0.7651996165513992,106.25944710444665N,10.29877834042856E
10422,Cai Lậy Town-17.jpeg,0.7651314064860344,106.12517075362561N,10.353426836419706E
10423,Bac Giang City-1770.jpeg,0.7651056498289108,106.22420312259592N,21.278004810482425E
10426,Long Hồ District-2954.jpeg,0.7650098502635956,105.96465622423881N,10.18093963953252E
10428,Châu Thành District-5335.jpeg,0.764986626803875,106.32244378214718N,10.289346073088451E
10429,Thanh Liêm District-1425.jpeg,0.7649741917848587,105.9160731593144N,20.416758676397286E
10431,Binh Minh Town-132.jpeg,0.7649426385760307,105.85974208005064N,9.995169736892365E
10432,Thái Bình-368.jpeg,0.7648606076836586,106.35508377699372N,20.424425707625012E
10436,Long Hồ District-662.jpeg,0.7647820636630058,105.9468560356141N,10.15264283751221E
10439,Trà Vinh City-585.jpeg,0.764710322022438,106.3303975975923N,9.912234771256085E
10442,Go Cong Town-3531.jpeg,0.764620415866375,106.59776164442174N,10.429076076290466E
10450,Trà Vinh City-58.jpeg,0.7643653005361557,106.35228639584123N,9.890675303050141E
10451,Châu Thành District-213.jpeg,0.7643412351608276,106.21973180763543N,10.248922070202283E
10452,Long Hồ District-4162.jpeg,0.7643367797136307,105.91399414892234N,10.198456707449855E
10453,Yên Mỹ District-1330.jpeg,0.7642784751951694,106.04791496090166N,20.876097008917483E
10454,Châu Thành District-8825.jpeg,0.7642463445663452,106.23479623056382N,10.313600474820154E
10456,Cai Lậy Town-2787.jpeg,0.7642271593213081,106.09639896608768N,10.414062840748963E
10467,Go Cong Town-2339.jpeg,0.7639607787132263,106.63201200547607N,10.404821674558763E
10468,Châu Thành District-1755.jpeg,0.7639483138918877,106.21425383566148N,10.266439138119624E
10469,Trà Vinh City-2007.jpeg,0.7639260292053223,106.33176564748287N,9.967480908533812E
10471,Bac Giang City-879.jpeg,0.7639029361307621,106.2227571653098N,21.25779280903871E
10472,Go Cong Town-857.jpeg,0.763786755502224,106.71284285756427N,10.364397671672586E
10478,Tây Ninh City-1068.jpeg,0.763669840991497,106.15124182504802N,11.325915572235711E
10479,Châu Thành District-8820.jpeg,0.7636551931500435,106.22794876559634N,10.313600474820154E
10481,Long Hồ District-2319.jpeg,0.7635875269770622,106.01805679011294N,10.172854838955288E
10482,Mỹ Tho-1876.jpeg,0.7635780908167362,106.35740528297679N,10.362397139296887E
10484,Long Hồ District-375.jpeg,0.7635533958673477,105.91947113003765N,10.148600437223596E
10486,Duy Tiên District-2288.jpeg,0.7634612619876862,105.95185350169072N,20.629478444376662E
10489,Tây Ninh City-1732.jpeg,0.7634521946310997,106.14711856685587N,11.340737706627339E
10492,Cai Lậy Town-381.jpeg,0.7633729353547096,106.11832032802134N,10.369596437574177E
10493,Binh Minh Town-455.jpeg,0.7633357718586922,105.88300574092003N,10.004602004232465E
10495,Hung Yen City-307.jpeg,0.7632494121789932,106.07920439866642N,20.61791774034862E
10498,Yên Mỹ District-926.jpeg,0.7631704714149237,105.99887603428036N,20.869359675102928E
10499,Long Xuyen City-3964.jpeg,0.7631450295448303,105.40297128785494N,10.396042809518535E
10500,Cai Lậy Town-5107.jpeg,0.7631415352225304,106.11009981729622N,10.45718177716089E
10501,Bac Giang City-152.jpeg,0.7631294690072536,106.21118950702068N,21.232190940543333E
10505,Trà Vinh City-2458.jpeg,0.7629879489541054,106.34407809649787N,9.978260642636783E
10507,Long Hồ District-4511.jpeg,0.7628698348999023,106.00573358260351N,10.203846574501345E
10509,Binh Minh Town-1204.jpeg,0.7628532946109772,105.83921532046N,10.023466538912665E
10511,Thái Bình-2471.jpeg,0.7628280110657215,106.36658880665104N,20.47158704432686E
10517,Châu Thành District-4048.jpeg,0.7627427689731121,106.3607895859649N,10.281261272511216E
10524,Trà Vinh City-2802.jpeg,0.7625757195055485,106.32218929824893N,9.987692909976882E
10527,Long Hồ District-4180.jpeg,0.7624979689717293,105.93864056394118N,10.198456707449855E
10528,Ninh Bình-1309.jpeg,0.7624496296048164,105.9586548246137N,20.248264809294348E
10529,Châu Thành District-7060.jpeg,0.7624380588531494,106.416938798698N,10.30012580719143E
10530,Châu Thành District-10153.jpeg,0.7624240107834339,106.34435567004302N,10.325727675686002E
10531,Long Hồ District-7764.jpeg,0.7623982951045036,105.94274829977763N,10.283347113510802E
10534,Long Hồ District-6266.jpeg,0.7623444050550461,106.02901075234352N,10.241575643861761E
10535,Vĩnh Long-1656.jpeg,0.7623418644070625,105.99114653683395N,10.258429672217233E
10536,Cao Lanh City-2175.jpeg,0.762334831058979,105.65642372643782N,10.444621272270446E
10538,Binh Minh Town-2506.jpeg,0.7622991129755974,105.8528998268538N,10.050415874170099E
10540,Bến Tre City-1519.jpeg,0.7622343748807907,106.36527767354993N,10.235415206023102E
10542,Hiệp Hòa District-3638.jpeg,0.762130968272686,106.02523065332454N,21.306604545453805E
10544,Long Hồ District-4627.jpeg,0.7621190324425697,105.97834867702704N,10.206541508027088E
10552,Duy Tiên District-5351.jpeg,0.7618646025657654,105.92161760084535N,20.675292314315648E
10553,Thái Bình-2188.jpeg,0.7618392370641232,106.34214061862926N,20.46484971051231E
10557,Bac Giang City-984.jpeg,0.7617405876517296,106.22709503716821N,21.26048774256453E
10558,Long Hồ District-6071.jpeg,0.7617324665188789,106.0276415070647N,10.236185776810276E
10559,Thanh Liêm District-2787.jpeg,0.761731468141079,105.8643031118629N,20.439665611366756E
10560,Mỹ Tho-1113.jpeg,0.7617216119542718,106.40945796833202N,10.348922471668164E
10570,Cao Lanh City-1245.jpeg,0.7614751756191254,105.63724039629714N,10.429799137878842E
10571,Tam Điệp-874.jpeg,0.7614402920007706,105.90818037364869N,20.12912774105718E
10575,Cao Lanh City-2087.jpeg,0.7613663747906685,105.6454618235003N,10.443273805507571E
10580,Hiệp Hòa District-5196.jpeg,0.761162132024765,105.99340645359317N,21.329511480423346E
10582,Trà Vinh City-2901.jpeg,0.7611094824969769,106.3358697971545N,9.990387843502628E
10588,Long Xuyen City-3095.jpeg,0.7609952017664909,105.44269687971922N,10.377178274838322E
10590,Phu Ly City-1888.jpeg,0.7609639801084995,105.93295770094146N,20.539719743198518E
10592,Tây Ninh City-1258.jpeg,0.7609352245926857,106.0797720163843N,11.331305439287211E
10595,Cai Lậy Town-4944.jpeg,0.7608337253332138,106.1854544989432N,10.45313937687227E
10596,Mỹ Hào District-611.jpeg,0.7608295194804668,106.1310383462575N,20.902894274826092E
10597,Bac Giang City-2484.jpeg,0.7607947904616594,106.17504057486727N,21.291479478111572E
10599,Go Cong Town-2229.jpeg,0.7607367113232613,106.63201200547607N,10.402126741033015E
10600,Long Hồ District-6355.jpeg,0.7607037574052811,106.0112105637188N,10.24561804415038E
10605,Vĩnh Long-1528.jpeg,0.7605388909578323,105.93363460253244N,10.257082205454365E
10614,Binh Minh Town-2033.jpeg,0.760363020002842,105.85837362941128N,10.040983606829998E
10626,Thái Bình-1054.jpeg,0.760074183344841,106.35076939087223N,20.440595308779933E
10628,Go Cong Town-811.jpeg,0.7600394114851952,106.64982219322431N,10.364397671672586E
10631,Vĩnh Long-1612.jpeg,0.7599969357252121,105.93089593899424N,10.258429672217233E
10638,Sa Đéc City-1772.jpeg,0.7598999179899693,105.75181947400624N,10.324659740723416E
10639,Bac Giang City-2214.jpeg,0.7598451748490334,106.1923920623009N,21.286089611059918E
10650,Duy Tiên District-2736.jpeg,0.759547121822834,105.91729818643888N,20.63621577819122E
10654,Hiệp Hòa District-3019.jpeg,0.7594716958701611,106.00931855345885N,21.297172278113386E
10655,Hung Yen City-1132.jpeg,0.7593947499990463,106.08496469856384N,20.635434808266467E
10658,Go Cong Town-1425.jpeg,0.7593689933419228,106.6457121498978N,10.380567272827056E
10660,Cai Lậy Town-4232.jpeg,0.7593394890427589,106.15531262628441N,10.441012176006414E
10665,Long Hồ District-4195.jpeg,0.7592323496937752,105.95917924312353N,10.198456707449855E
10667,Mỹ Hào District-2341.jpeg,0.7591953240334988,106.06179288799142N,20.940623344187646E
10670,Long Xuyen City-5199.jpeg,0.7591347843408585,105.40297128785494N,10.428382011827477E
10672,Cai Lậy Town-4747.jpeg,0.7591253519058228,106.11695024290049N,10.450444443346525E
10673,Cao Lanh City-3175.jpeg,0.7590919435024261,105.58791183307821N,10.466180740476403E
10676,Vĩnh Long-198.jpeg,0.7590133920311928,105.9706065602977N,10.231480336959795E
10682,Long Xuyen City-2562.jpeg,0.7587633356451988,105.43995718372858N,10.36639854073534E
10689,Binh Minh Town-1962.jpeg,0.7585580796003342,105.8528998268538N,10.039636140067126E
10691,Bac Giang City-1314.jpeg,0.7585329860448837,106.15045930100294N,21.269920009904936E
10694,Go Cong Town-189.jpeg,0.7584457620978355,106.66078230876171N,10.345533136992373E
10697,Long Xuyen City-2209.jpeg,0.7583449631929398,105.40982052783156N,10.359661206920979E
10702,Go Cong Town-1873.jpeg,0.7582205981016159,106.64708216433996N,10.39269447369291E
10704,Hiệp Hòa District-4453.jpeg,0.7581972107291222,106.00353233532584N,21.318731746320022E
10708,Yên Mỹ District-2731.jpeg,0.7580710612237453,106.03060710444711N,20.899003943887E
10711,Hung Yen City-1048.jpeg,0.7580020427703857,106.05616319907675N,20.63408734150355E
10715,Chau Doc City-3091.jpeg,0.7579138651490211,105.10425040588055N,10.683657808163517E
10726,Hoa Lư District-1100.jpeg,0.7575989738106728,105.9751237670589N,20.21146644194539E
10727,Binh Minh Town-4396.jpeg,0.75759357213974,105.85153137621441N,10.101619611159222E
10728,Thanh Liêm District-3394.jpeg,0.7575913295149803,105.92182538680898N,20.44775041194421E
10731,Cai Lậy Town-1870.jpeg,0.7575600370764732,106.12517075362561N,10.39654577283162E
10733,Thanh Liêm District-4939.jpeg,0.7574901431798935,105.95202458115568N,20.46930988015077E
10735,Binh Minh Town-3274.jpeg,0.75738375633955,105.85153137621441N,10.069280408850302E
10736,Châu Thành District-3544.jpeg,0.7573769837617874,106.27177254138806N,10.278566338985474E
10737,Thái Bình-2923.jpeg,0.7573621869087219,106.33207371767911N,20.48506171195596E
10740,Bến Tre City-1458.jpeg,0.7572799660265446,106.38033958809419N,10.234067739260228E
10743,Hiệp Hòa District-841.jpeg,0.7572263404726982,105.95000981759576N,21.258095741988868E
10748,Sa Đéc City-845.jpeg,0.7570140659809113,105.77373361069478N,10.292320538414481E
10749,Trà Vinh City-1433.jpeg,0.7569985613226891,106.32218929824893N,9.94996384061648E
10756,Sa Đéc City-1126.jpeg,0.7569571807980537,105.75729800817835N,10.301752805754587E
10762,Cai Lậy Town-1858.jpeg,0.756781592965126,106.10872973217536N,10.39654577283162E
10764,Long Hồ District-6207.jpeg,0.756748303771019,106.01531829955528N,10.240228177098889E
10770,Vĩnh Long-939.jpeg,0.7566838636994362,105.92404928014885N,10.24764993811426E
10775,Cai Lậy Town-1149.jpeg,0.75660590082407,106.14024168995502N,10.38441857196577E
10776,Mỹ Tho-2321.jpeg,0.7566002979874611,106.31768086520566N,10.37048193987412E
10780,Sa Đéc City-174.jpeg,0.7564827091991901,105.73812313857589N,10.272108536971395E
10784,Sa Đéc City-2434.jpeg,0.7562821358442307,105.7312749708607N,10.352956542743732E
10787,Thái Bình-313.jpeg,0.7562162354588509,106.31913055931464N,20.423078240862104E
10796,Trà Vinh City-2805.jpeg,0.7560533285140991,106.32629344792062N,9.987692909976882E
10797,Long Hồ District-6280.jpeg,0.7560355290770531,105.94548679033528N,10.242923110624638E
10798,Long Xuyen City-4840.jpeg,0.7558923438191414,105.41940946379876N,10.417602277724498E
10799,Long Hồ District-5048.jpeg,0.7558066919445992,105.92905584698941N,10.21597377536719E
10801,Cai Lậy Town-5054.jpeg,0.7557433173060417,106.13613143459246N,10.455834310398014E
10806,Châu Thành District-2116.jpeg,0.7556311786174774,106.2238402866159N,10.269134071645368E
10808,Vĩnh Long-238.jpeg,0.7555923238396645,105.9528052472996N,10.232827803722667E
10809,Cai Lậy Town-1210.jpeg,0.7555758655071259,106.11146990241708N,10.385766038728642E
10811,Hiệp Hòa District-1736.jpeg,0.7555480897426605,105.98906678999342N,21.27561280990675E
10812,Hung Yen City-2967.jpeg,0.7555208951234818,106.05760327405113N,20.692028412308737E
10813,Cai Lậy Town-6527.jpeg,0.7555190175771713,106.12654083874648N,10.488173512706958E
10814,Tây Ninh City-5110.jpeg,0.7555161565542221,106.12375343710043N,11.398678777430964E
10815,Mỹ Hào District-907.jpeg,0.7555128186941147,106.12815311882974N,20.91097907540357E
10819,Bến Tre City-2695.jpeg,0.7553779892623425,106.36938546842563N,10.255627207466182E
10821,Tây Ninh City-4348.jpeg,0.7553237676620483,106.11000924312664N,11.386551576565088E
10822,Sa Đéc City-947.jpeg,0.7552345804870129,105.7394927721189N,10.296362938703094E
10823,Mỹ Hào District-2638.jpeg,0.7551710456609726,106.12382527768811N,20.94466574447639E
10825,Binh Minh Town-4101.jpeg,0.7550859525799751,105.85974208005064N,10.09218734381912E
10827,Cai Lậy Town-3760.jpeg,0.7550061047077179,106.13887160483415N,10.432927375429179E
10828,Tây Ninh City-1004.jpeg,0.7549696937203407,106.14024646986898N,11.324568105472839E
10829,Long Hồ District-7121.jpeg,0.7549555599689484,105.96054848840235N,10.271219912644948E
10830,Mỹ Hào District-2827.jpeg,0.7549265585839748,106.14834971082404N,20.947360678002212E
10832,Thanh Liêm District-1911.jpeg,0.7549192532896996,105.85855088436827N,20.42619094373765E
10836,Bến Tre City-3443.jpeg,0.7547904178500175,106.32146119487572N,10.278534142435007E
10840,Long Hồ District-1107.jpeg,0.7547333836555481,106.02490301650705N,10.158032704563702E
10842,Long Hồ District-3607.jpeg,0.7547162026166916,105.96602546951763N,10.189024440109755E
10843,Go Cong Town-1536.jpeg,0.754635639488697,106.66215232320387N,10.383262206352802E
10847,Mỹ Hào District-2896.jpeg,0.754539929330349,106.12094005026037N,20.948708144765128E
10849,Hiệp Hòa District-7491.jpeg,0.7545261234045029,106.00642544439235N,21.360503215970393E
10850,Thanh Liêm District-440.jpeg,0.7545168064534664,105.92182538680898N,20.389809341139088E
10854,Long Xuyen City-2254.jpeg,0.7544242916628718,105.37968387193449N,10.361008673683854E
10859,Mỹ Hào District-2290.jpeg,0.7543373182415962,106.10939914054937N,20.93927587742473E
10862,Yên Mỹ District-2369.jpeg,0.7543076723814011,105.97579889234092N,20.893614076835348E
10863,Chau Doc City-2898.jpeg,0.7543058842420578,105.0850528214343N,10.680962874637771E
10865,Châu Thành District-4650.jpeg,0.7542138993740082,106.27725051336202N,10.28530367279983E
10871,Mỹ Tho-3816.jpeg,0.7541243508458138,106.40397873829461N,10.396083808368703E
10875,Cai Lậy Town-5476.jpeg,0.7540938854217529,106.12928100898819N,10.463919110975251E
10887,Yên Mỹ District-3980.jpeg,0.7538611795753241,105.98301049919701N,20.92325834561943E
10889,Hoa Lư District-3531.jpeg,0.753834287635982,105.93634534778548N,20.28288218037956E
10891,Go Cong Town-1099.jpeg,0.7537868171930313,106.68544256872082N,10.371135005486948E
10900,Mỹ Tho-2158.jpeg,0.7536724954843521,106.30946202014958N,10.367787006348378E
10901,Binh Minh Town-3020.jpeg,0.7536277323961258,105.84742602429628N,10.062543075035945E
10903,Yên Mỹ District-3479.jpeg,0.7535239309072495,106.01618389073495N,20.912478611516125E
10906,Duy Tiên District-502.jpeg,0.7534793242812157,105.96193213530586N,20.585012041200606E
10911,Hiệp Hòa District-3796.jpeg,0.7533870488405228,105.9847271263937N,21.30929947897962E
10912,Phu Ly City-3504.jpeg,0.7533820942044258,105.95742035263392N,20.569364011982547E
10913,Thanh Liêm District-1755.jpeg,0.7533782571554184,105.8729314531048N,20.423496010211835E
10914,Long Xuyen City-5089.jpeg,0.7533773481845856,105.42899839976602N,10.424339611538858E
10917,Vĩnh Long-1495.jpeg,0.7533220425248146,105.88844665415267N,10.257082205454365E
10920,Cao Lanh City-3614.jpeg,0.7532939612865448,105.6249082554924N,10.47561300781652E
10921,Cai Lậy Town-4209.jpeg,0.7531899586319923,106.12380066850477N,10.441012176006414E
10922,Thanh Liêm District-4905.jpeg,0.7531731054186821,105.90313064745148N,20.46930988015077E
10923,Mỹ Hào District-1511.jpeg,0.7531597428023815,106.13392357368524N,20.924453743032693E
10926,Hiệp Hòa District-5986.jpeg,0.7531355693936348,105.9225252814641N,21.340291214526662E
10933,Duy Tiên District-2862.jpeg,0.7528765052556992,105.96625154971235N,20.63756324495413E
10936,Binh Minh Town-4400.jpeg,0.7528384998440742,105.8570051787719N,10.101619611159222E
10938,Tây Ninh City-5268.jpeg,0.7527834102511406,106.13337437288207N,11.401373710956712E
10942,Tây Ninh City-4105.jpeg,0.7526979818940163,106.12925111468995N,11.382509176276463E
10947,Châu Thành District-3580.jpeg,0.7526070699095726,106.32107428915369N,10.278566338985474E
10949,Cao Lanh City-2295.jpeg,0.7525670602917671,105.61257611468767N,10.447316205796186E
10951,Long Hồ District-1819.jpeg,0.7525496631860733,105.94959452617174N,10.167464971903803E
10953,Thanh Liêm District-7173.jpeg,0.7524815686047077,105.98366183237607N,20.50299654922353E
10959,Hoa Lư District-379.jpeg,0.7523702764883637,105.93634534778548N,20.19664430755339E
10961,Long Hồ District-1180.jpeg,0.7523280084133148,105.97697943174823N,10.15938017132657E
10963,Cai Lậy Town-5228.jpeg,0.7522756420075893,106.17860407333892N,10.458529243923762E
10972,Cao Lanh City-4161.jpeg,0.7519737333059311,105.6454618235003N,10.486392741919497E
10980,Tây Ninh City-2164.jpeg,0.7517362236976624,106.11688134011352N,11.350169973967462E
10983,Cai Lậy Town-3290.jpeg,0.7516675740480423,106.16216305188868N,10.423495108089071E
10988,Hiệp Hòa District-3707.jpeg,0.7515652030706406,105.99051334452666N,21.307952012216713E
10989,Cai Lậy Town-922.jpeg,0.7515588700771332,106.14161177507587N,10.380376171677153E
10993,Cai Lậy Town-1345.jpeg,0.7514892518520355,106.18408441382235N,10.387113505491515E
10994,Duy Tiên District-4790.jpeg,0.7514469176530838,105.99936706016202N,20.66451258021235E
11002,Châu Thành District-2184.jpeg,0.7513336688280106,106.31696581017323N,10.269134071645368E
11007,Tây Ninh City-4254.jpeg,0.7512230202555656,106.0990138879476N,11.385204109802213E
11010,Ninh Bình-2062.jpeg,0.7511667236685753,105.94429290433473N,20.2711717442638E
11012,Binh Minh Town-3501.jpeg,0.7510291114449501,105.82689926470562N,10.076017742664664E
11021,Ninh Bình-2341.jpeg,0.7507325932383537,105.97301674489265N,20.281951478367073E
11022,Hiệp Hòa District-3990.jpeg,0.7506755068898201,105.99629956265962N,21.311994412505456E
11027,Long Hồ District-2610.jpeg,0.7505629062652588,105.95370226200825N,10.176897239243907E
11029,Long Xuyen City-3736.jpeg,0.7505149692296982,105.41393007181749N,10.390652942467048E
11031,Tây Ninh City-469.jpeg,0.7504705265164375,106.11413250131875N,11.311093437844091E
11033,Binh Minh Town-4320.jpeg,0.7504422292113304,105.84332067237811N,10.09892467763348E
11039,Vĩnh Long-931.jpeg,0.7503117322921753,105.91309462599618N,10.24764993811426E
11041,Cai Lậy Town-4680.jpeg,0.7502410784363747,106.12791092386735N,10.449096976583652E
11042,Duy Tiên District-2412.jpeg,0.7502333261072636,105.99360784095339N,20.630825911139574E
11045,Long Hồ District-3728.jpeg,0.7501060515642166,105.99888735620941N,10.190371906872624E
11048,Châu Thành District-5050.jpeg,0.7500161230564117,106.22657927260288N,10.28799860632558E
11049,Sa Đéc City-412.jpeg,0.7499713748693466,105.74086240566193N,10.278845870785757E
11050,Thanh Liêm District-5039.jpeg,0.7499704174697399,105.9606529223976N,20.470657346913683E
11051,Hoa Lư District-1849.jpeg,0.749933023005724,105.96363386505196N,20.228983509863202E
11058,Cai Lậy Town-1663.jpeg,0.749812938272953,106.17449381797637N,10.392503372543006E
11061,Long Hồ District-544.jpeg,0.7497549206018448,105.91673263947999N,10.151295370749338E
11062,Bến Tre City-819.jpeg,0.7497413381934166,106.41867900693413N,10.219245604868638E
11073,Thanh Liêm District-302.jpeg,0.749498886987567,105.91319704556706N,20.38307200732454E
11076,Yên Mỹ District-4423.jpeg,0.7494388520717621,106.03204942581829N,20.93942794677438E
11079,Go Cong Town-1994.jpeg,0.7493273168802261,106.6758524676256N,10.395389407218653E
11080,Thanh Liêm District-2827.jpeg,0.7493169903755188,105.92182538680898N,20.439665611366756E
11082,Hung Yen City-1205.jpeg,0.7492745369672775,106.0993654483074N,20.636782275029375E
11083,Cai Lậy Town-1429.jpeg,0.749261163175106,106.18682458406407N,10.38846097225439E
11086,Vĩnh Long-632.jpeg,0.7492298930883408,105.92952660722517N,10.242260071062768E
11088,Hoa Lư District-2130.jpeg,0.7491350322961807,105.94352653653984N,20.237068310440655E
11089,Châu Thành District-3433.jpeg,0.7491337424144149,106.42104727767847N,10.277218872222601E
11092,Tây Ninh City-1383.jpeg,0.7490477338433266,106.08114643578168N,11.334000372812964E
11095,Cai Lậy Town-129.jpeg,0.7490192279219627,106.11695024290049N,10.36016417023407E
11099,Tây Ninh City-131.jpeg,0.7489677295088768,106.082520855179N,11.301661170503968E
11100,Binh Minh Town-3609.jpeg,0.7489372119307518,105.84332067237811N,10.078712676190406E
11101,Cai Lậy Town-5709.jpeg,0.748916931450367,106.15668271140524N,10.467961511263871E
11102,Hung Yen City-2977.jpeg,0.7488942891359329,106.07200402379468N,20.692028412308737E
11103,Long Hồ District-2173.jpeg,0.7488921210169792,105.97287169591176N,10.171507372192416E
11107,Tây Ninh City-3602.jpeg,0.7488535568118095,106.12925111468995N,11.374424375699213E
11108,Thanh Liêm District-1473.jpeg,0.7488125711679459,105.88587396496767N,20.41810614316019E
11109,Vĩnh Long-1509.jpeg,0.7487894743680954,105.90761729891983N,10.257082205454365E
11113,Vĩnh Long-682.jpeg,0.7486928030848503,105.89255464945992N,10.243607537825643E
11114,Long Xuyen City-1711.jpeg,0.7486605495214462,105.45228581568648N,10.347534006055131E
11115,Trà Vinh City-482.jpeg,0.7486313860863447,106.30166854989055N,9.909539837730343E
11116,Binh Minh Town-1396.jpeg,0.7486289590597153,105.85837362941128N,10.02750893920128E
11119,Hiệp Hòa District-227.jpeg,0.7486261390149593,105.97460124466096N,21.236536273782235E
11120,Tây Ninh City-1940.jpeg,0.7486017942428589,106.082520855179N,11.346127573678837E
11121,Tây Ninh City-6743.jpeg,0.7485695704817772,106.1581139220349N,11.436407846791464E
11124,Vĩnh Long-1358.jpeg,0.7485275417566299,105.93500393430152N,10.254387271928618E
11125,Tây Ninh City-5478.jpeg,0.7485156580805779,106.12375343710043N,11.405416111245337E
11128,Cai Lậy Town-5579.jpeg,0.7483915761113167,106.17312373285549N,10.465266577738122E
11130,Long Hồ District-5642.jpeg,0.7483395412564278,105.92768660171058N,10.22810097623304E
11132,Bến Tre City-3094.jpeg,0.7481634840369225,106.32283045983426N,10.265059474806286E
11135,Long Xuyen City-2571.jpeg,0.7480613738298416,105.45228581568648N,10.36639854073534E
11138,Cai Lậy Town-2312.jpeg,0.7480153366923332,106.1142100726588N,10.404630573408856E
11142,Tây Ninh City-3446.jpeg,0.7479486092925072,106.14299530866373N,11.37172944217346E
11144,Long Xuyen City-2677.jpeg,0.7478577569127083,105.41393007181749N,10.369093474261087E
11145,Phu Ly City-605.jpeg,0.7478398084640503,105.97468810676976N,20.518160274991946E
11148,Thanh Liêm District-1342.jpeg,0.7477037459611893,105.89306424933591N,20.415411209634375E
11150,Cai Lậy Town-629.jpeg,0.7476529031991959,106.14161177507587N,10.374986304625663E
11155,Bến Tre City-363.jpeg,0.7476145625114441,106.38581664792846N,10.207118404002786E
11156,Duy Tiên District-744.jpeg,0.7475933656096458,105.95329330649288N,20.597139242066802E
11159,Mỹ Tho-3735.jpeg,0.7475045472383499,106.38480143316373N,10.394736341605826E
11161,Cai Lậy Town-4761.jpeg,0.7474134042859077,106.13613143459246N,10.450444443346525E
11165,Châu Thành District-2780.jpeg,0.7473089285194874,106.38407096685422N,10.273176471933986E
11167,Châu Thành District-3181.jpeg,0.7471973598003387,106.36900654392583N,10.275871405459727E
11169,Mỹ Tho-1940.jpeg,0.7471441105008125,106.33548836282719N,10.36374460605976E
11170,Thanh Liêm District-2215.jpeg,0.747124619781971,105.9275776143036N,20.430233344026384E
11171,Tây Ninh City-6050.jpeg,0.7471244782209396,106.11000924312664N,11.417543312111215E
11172,Binh Minh Town-1319.jpeg,0.7471176832914352,105.83510996854186N,10.02616147243841E
11177,Mỹ Hào District-66.jpeg,0.7469741366803646,106.09208777598282N,20.882682273382404E
11178,Cai Lậy Town-5124.jpeg,0.7469703033566475,106.13339126435075N,10.45718177716089E
11181,Tam Điệp-554.jpeg,0.7469174303114414,105.86798879787163N,20.123737874005545E
11186,Binh Minh Town-2175.jpeg,0.7467622011899948,105.8679527838869N,10.043678540355744E
11187,Cai Lậy Town-6530.jpeg,0.7467399686574936,106.13065109410903N,10.488173512706958E
11194,Long Xuyen City-2542.jpeg,0.7465673163533211,105.41256022382217N,10.36639854073534E
11196,Hoa Lư District-459.jpeg,0.7465449944138527,105.96650634055369N,20.197991774316304E
11198,Cai Lậy Town-842.jpeg,0.746494933962822,106.13613143459246N,10.379028704914282E
11200,Sa Đéc City-1409.jpeg,0.7464762032032013,105.71894826897338N,10.312532539857562E
11201,Long Hồ District-3797.jpeg,0.7464555278420448,105.96602546951763N,10.191719373635499E
11203,Go Cong Town-660.jpeg,0.7464293781667948,106.66489235208824N,10.36035527138397E
11209,Bac Giang City-110.jpeg,0.7463034726679325,106.20395972058999N,21.229496007017502E
11210,Châu Thành District-5356.jpeg,0.7462750300765038,106.35120313501048N,10.289346073088451E
11213,Tam Điệp-179.jpeg,0.7462595328688622,105.92109909443417N,20.114305606665184E
11214,Cao Lanh City-5166.jpeg,0.7462432309985161,105.58106064374226N,10.509299676888332E
11215,Hiệp Hòa District-5492.jpeg,0.7462431490421295,105.97604779919419N,21.333553880712092E
11216,Châu Thành District-5305.jpeg,0.7462233006954193,106.28135899234248N,10.289346073088451E
11218,Phu Ly City-405.jpeg,0.7461930029094219,105.96605422970185N,20.51411787470322E
11225,Hiệp Hòa District-3617.jpeg,0.7460312992334366,105.99485300812638N,21.306604545453805E
11226,Binh Minh Town-387.jpeg,0.7460075467824936,105.85426827749315N,10.003254537469592E
11229,Long Xuyen City-4142.jpeg,0.7459754608571529,105.41393007181749N,10.400085209807154E
11233,Long Hồ District-1402.jpeg,0.7458264864981174,105.98382565814235N,10.162075104852311E
11234,Hiệp Hòa District-8829.jpeg,0.7458110190927982,106.01365821705858N,21.387452551228694E
11235,Thanh Liêm District-4539.jpeg,0.7458049952983856,105.9160731593144N,20.463920013099127E
11237,Châu Thành District-8312.jpeg,0.7457587420940399,106.27040304839456N,10.309558074531536E
11243,Tây Ninh City-3014.jpeg,0.7455703541636467,106.11413250131875N,11.364992108359088E
11244,Sa Đéc City-31.jpeg,0.7455466389656067,105.72168753605945N,10.265371203157034E
11245,Tây Ninh City-3197.jpeg,0.7455404102802277,106.14162088926633N,11.367687041884835E
11247,Trà Vinh City-1151.jpeg,0.7455034404993057,106.3372378470451N,9.935141706224899E
11248,Long Hồ District-3651.jpeg,0.7454737573862076,105.87702452639412N,10.190371906872624E
11249,Binh Minh Town-788.jpeg,0.745468333363533,105.83374151790251N,10.014034271572568E
11252,Tây Ninh City-1423.jpeg,0.7454079613089561,106.13612321167683N,11.334000372812964E
11272,Tây Ninh City-5693.jpeg,0.7449281215667725,106.13062553408732N,11.409458511533964E
11280,Tây Ninh City-1547.jpeg,0.744783915579319,106.14024646986898N,11.336695306338713E
11282,Mỹ Hào District-2627.jpeg,0.7447512522339821,106.10795652683545N,20.94466574447639E
11286,Tây Ninh City-2350.jpeg,0.7446483075618744,106.17323253540609N,11.352864907493213E
11289,Long Hồ District-2981.jpeg,0.7445449233055115,106.00162584676706N,10.18093963953252E
11292,Tây Ninh City-5912.jpeg,0.7445011287927628,106.16636043841919N,11.41350091182259E
11293,Long Hồ District-6036.jpeg,0.744459006935358,105.93590207338352N,10.236185776810276E
11295,Chau Doc City-4695.jpeg,0.7444178704172373,105.10973543000804N,10.717344477235345E
11301,Long Hồ District-1958.jpeg,0.7443189322948456,105.9865641487N,10.168812438666674E
11303,Long Hồ District-2827.jpeg,0.7442818954586983,105.94274829977763N,10.17959217276965E
11308,Mỹ Hào District-3561.jpeg,0.744082510471344,106.10795652683545N,20.959487878868423E
11309,Cai Lậy Town-4912.jpeg,0.7440447732806206,106.14161177507587N,10.45313937687227E
11316,Phu Ly City-3651.jpeg,0.7438349463045597,105.94015259849807N,20.573406412271282E
11319,Sa Đéc City-673.jpeg,0.7438037507236004,105.75181947400624N,10.286930671362994E
11320,Trà Vinh City-231.jpeg,0.7437542453408241,106.32355734813949N,9.90010757039024E
11322,Cao Lanh City-5222.jpeg,0.743728332221508,105.58654159521102N,10.513342077176949E
11323,Vĩnh Long-533.jpeg,0.7436689361929893,105.97334522383586N,10.239565137537028E
11324,Long Hồ District-141.jpeg,0.74366345256567,105.92494811115294N,10.143210570172108E
11327,Go Cong Town-4573.jpeg,0.7435615062713623,106.64982219322431N,10.4519830112593E
11329,Ninh Bình-1127.jpeg,0.7435103058815002,105.95147386447422N,20.244222409005623E
11330,Go Cong Town-3698.jpeg,0.7434644475579262,106.6100917744013N,10.431771009816211E
11334,Long Hồ District-4761.jpeg,0.743403285741806,105.97971792230587N,10.209236441552832E
11335,Bến Tre City-2388.jpeg,0.7433124035596848,106.34610796412997N,10.25023734041469E
11337,Tây Ninh City-2013.jpeg,0.7432669661939144,106.09076737156332N,11.347475040441713E
11338,Yên Mỹ District-4379.jpeg,0.7432637102901936,106.02483781896224N,20.936733013248556E
11339,Hiệp Hòa District-8589.jpeg,0.7432382702827454,106.01944443519157N,21.38206268417704E
11343,Chau Doc City-4359.jpeg,0.7431103214621544,105.12344799032675N,10.705217276369488E
11345,Bến Tre City-1694.jpeg,0.743053525686264,106.40087856247274N,10.238110139548848E
11348,Go Cong Town-434.jpeg,0.7429387904703617,106.68544256872082N,10.35361793756961E
11349,Binh Minh Town-1543.jpeg,0.7428974956274033,105.89395334603505N,10.030203872727025E
11350,Tây Ninh City-994.jpeg,0.7427768148481846,106.12650227589519N,11.324568105472839E
11356,Sa Đéc City-2233.jpeg,0.742721326649189,105.7312749708607N,10.3448717421665E
11357,Mỹ Tho-1780.jpeg,0.742717694491148,106.33548836282719N,10.361049672534014E
11360,Tam Điệp-1890.jpeg,0.7424710541963577,105.88808458576018N,20.14799227573789E
11369,Cao Lanh City-975.jpeg,0.742185927927494,105.61531659042207N,10.42575673759023E
11375,Cao Lanh City-3429.jpeg,0.7420347779989243,105.61942730402366N,10.471570607527898E
11377,Mỹ Hào District-2102.jpeg,0.7420015558600426,106.07766163884405N,20.936580943898907E
11381,Binh Minh Town-1086.jpeg,0.7419254407286644,105.83921532046N,10.020771605386921E
11382,Bến Tre City-2898.jpeg,0.7419253140687943,106.36938546842563N,10.259669607754798E
11385,Chau Doc City-2942.jpeg,0.7418884485960007,105.14538808683676N,10.680962874637771E
11390,Go Cong Town-242.jpeg,0.7418267205357552,106.68681258316299N,10.346880603755244E
11396,Trà Vinh City-64.jpeg,0.7415493652224541,106.36049469518458N,9.890675303050141E
11397,Binh Minh Town-3487.jpeg,0.7415348216891289,105.8077409557544N,10.076017742664664E
11400,Mỹ Hào District-3265.jpeg,0.7414286769926548,106.14546448339627N,20.954098011816768E
11405,Tam Điệp-493.jpeg,0.7413657978177071,105.88234293207772N,20.122390407242634E
11406,Châu Thành District-726.jpeg,0.7413646355271339,106.2211013006289N,10.257006870779517E
11407,Cai Lậy Town-1048.jpeg,0.741346500813961,106.10872973217536N,10.383071105202898E
11415,Ninh Bình-1010.jpeg,0.7411298044025898,105.95434624853N,20.241527475479803E
11416,Cai Lậy Town-4889.jpeg,0.7411225438117981,106.11009981729622N,10.45313937687227E
11423,Long Xuyen City-4269.jpeg,0.7410416752099991,105.43584763974262N,10.4027801433329E
11424,Bến Tre City-1408.jpeg,0.7410303428769112,106.40909415222414N,10.232720272497357E
11428,Thái Bình-136.jpeg,0.7409253492951393,106.32488307414329N,20.41229850675883E
11431,Long Hồ District-7616.jpeg,0.7408737018704414,105.94959452617174N,10.280652179985056E
11437,Cao Lanh City-4203.jpeg,0.7407015115022659,105.6112058768205N,10.487740208682368E
11440,Sa Đéc City-2778.jpeg,0.7406238839030266,105.72031790251641N,10.36777867713533E
11442,Cao Lanh City-5003.jpeg,0.7406020313501358,105.60983563895327N,10.503909809836841E
11443,Duy Tiên District-1052.jpeg,0.7404458336532116,105.98496901214044N,20.606571509407175E
11445,Cai Lậy Town-2866.jpeg,0.7403973266482353,106.11558015777963N,10.415410307511838E
11450,Bến Tre City-3167.jpeg,0.7401704117655754,106.35569281883996N,10.266406941569157E
11451,Long Hồ District-6313.jpeg,0.7401394844055176,105.94822528089293N,10.244270577387509E
11453,Vĩnh Long-15.jpeg,0.7400906160473824,105.9445892566851N,10.223395536382561E
11458,Cai Lậy Town-1969.jpeg,0.739983469247818,106.1525724560427N,10.397893239594495E
11459,Long Hồ District-6299.jpeg,0.7399473115801811,106.01257980899764N,10.242923110624638E
11465,Phu Ly City-4344.jpeg,0.7397392876446247,105.92720178289618N,20.600355747529495E
11470,Cao Lanh City-2063.jpeg,0.7396149039268494,105.61257611468767N,10.443273805507571E
11471,Long Hồ District-4175.jpeg,0.7395836785435677,105.93179433754707N,10.198456707449855E
11473,Thanh Liêm District-5809.jpeg,0.7395302504301071,105.96784320676586N,20.481437081016963E
11475,Go Cong Town-161.jpeg,0.7395201846957207,106.66763238097258N,10.344185670229502E
11476,Vĩnh Long-925.jpeg,0.7395165860652924,105.90487863538168N,10.24764993811426E
11478,Binh Minh Town-904.jpeg,0.739408828318119,105.83237306726312N,10.016729205098311E
11479,Long Hồ District-3561.jpeg,0.7393887564539909,105.90304018669175N,10.189024440109755E
11480,Trà Vinh City-1473.jpeg,0.7393855825066566,106.32629344792062N,9.951311307379353E
11481,Sa Đéc City-441.jpeg,0.7393742576241493,105.78058177840997N,10.278845870785757E
11482,Cai Lậy Town-3890.jpeg,0.7393674999475479,106.11695024290049N,10.435622308954924E
11484,Go Cong Town-2510.jpeg,0.7393149994313717,106.64023209212911N,10.408864074847378E
11486,Long Hồ District-6325.jpeg,0.7391944862902164,106.00573358260351N,10.244270577387509E
11493,Phu Ly City-519.jpeg,0.7389371991157532,105.95454239361126N,20.51681280822904E
11496,Châu Thành District-3418.jpeg,0.7388389818370342,106.40050488277608N,10.277218872222601E
11498,Tây Ninh City-3167.jpeg,0.7387956380844116,106.10038830734497N,11.367687041884835E
11503,Cao Lanh City-2674.jpeg,0.7386979088187218,105.65368325070345N,10.454053539610552E
11504,Long Hồ District-1321.jpeg,0.7386830002069473,106.02216452594939N,10.16072763808944E
11506,Phu Ly City-4026.jpeg,0.7386637926101685,105.94734749605469N,20.582838679611655E
11508,Phu Ly City-4361.jpeg,0.7386332005262375,105.93007974191885N,20.601703214292407E
11513,Long Hồ District-2370.jpeg,0.7385687977075577,105.93316358282588N,10.174202305718163E
11514,Cai Lậy Town-2664.jpeg,0.7384767681360245,106.11146990241708N,10.41136790722322E
11516,Vĩnh Long-2159.jpeg,0.7384439706802368,105.89940130830534N,10.269209406320215E
11517,Ninh Bình-1808.jpeg,0.7384007768705487,105.96296340069738N,20.26173947692343E
11518,Sa Đéc City-2562.jpeg,0.7383843511343002,105.71757863543034N,10.358346409795221E
11521,Vĩnh Long-621.jpeg,0.7382917106151581,105.91446395776526N,10.242260071062768E
11522,Thanh Liêm District-1590.jpeg,0.7382874563336372,105.954900694903N,20.419453609923103E
11527,Phu Ly City-1344.jpeg,0.7381712645292282,105.88691035657921N,20.531634942621054E
11528,Long Hồ District-8957.jpeg,0.738115206360817,106.02079528067058N,10.304906581716757E
11529,Go Cong Town-4974.jpeg,0.7380845732986927,106.64845217878214N,10.47758487975388E
11533,Ninh Bình-2258.jpeg,0.7379609271883965,105.97301674489265N,20.27790907807834E
11534,Tây Ninh City-2407.jpeg,0.7379423603415489,106.14711856685587N,11.354212374256086E
11535,Long Hồ District-8223.jpeg,0.737918809056282,105.95233301672941N,10.291431914088033E
11536,Cao Lanh City-842.jpeg,0.7379031181335449,105.6660153915082N,10.423061804064481E
11542,Cao Lanh City-2297.jpeg,0.737787764519453,105.61531659042207N,10.447316205796186E
11543,Cao Lanh City-2229.jpeg,0.7377779111266136,105.62216777975802N,10.44596873903332E
11547,Phu Ly City-158.jpeg,0.737720176577568,105.89554423364714N,20.50333814059993E
11552,Vĩnh Long-537.jpeg,0.7375540286302567,105.97882255091221N,10.239565137537028E
11554,Hung Yen City-1460.jpeg,0.7374324314296246,106.08784484851255N,20.643519608843928E
11555,Binh Minh Town-1034.jpeg,0.7374259196221828,105.84879447493567N,10.019424138624053E
11560,Hiệp Hòa District-7407.jpeg,0.7373418919742107,106.01365821705858N,21.359155749207478E
11565,Long Hồ District-6210.jpeg,0.7371315322816372,106.01942603539176N,10.240228177098889E
11567,Cao Lanh City-2740.jpeg,0.7370852902531624,105.65779396430501N,10.455401006373423E
11568,Tây Ninh City-625.jpeg,0.7370755895972252,106.13612321167683N,11.315135838132713E
11575,Long Xuyen City-5284.jpeg,0.7368793450295925,105.40434113585025N,10.43107694535322E
11576,Châu Thành District-9416.jpeg,0.736879225820303,106.36215907895837N,10.31764287510877E
11577,Long Hồ District-5586.jpeg,0.7368404641747475,105.94548679033528N,10.226753509470168E
11581,Long Hồ District-3257.jpeg,0.7367401123046875,105.92768660171058N,10.184982039821136E
11582,Cao Lanh City-4662.jpeg,0.7367313578724861,105.58380111947665N,10.497172476022477E
11583,Hung Yen City-756.jpeg,0.7367113083600998,106.10656582317917N,20.627350007688996E
11588,Cai Lậy Town-4933.jpeg,0.7365277856588364,106.17038356261381N,10.45313937687227E
11589,Cao Lanh City-4930.jpeg,0.7365083582699299,105.59065230881261N,10.50256234307397E
11590,Trà Vinh City-173.jpeg,0.7365077510476112,106.3331336973734N,9.8974126368645E
11592,Long Hồ District-4682.jpeg,0.736388798803091,105.96191773368116N,10.207888974789961E
11600,Thái Bình-1744.jpeg,0.7361005321145058,106.38097009372268N,20.454069976409034E
11601,Long Hồ District-6005.jpeg,0.7360313311219215,106.00299509204586N,10.234838310047401E
11604,Mỹ Tho-800.jpeg,0.7360000871121883,106.39712970074788N,10.343532604616676E
11606,Long Hồ District-4858.jpeg,0.7359437681734562,105.93590207338352N,10.211931375078578E
11612,Mỹ Tho-2161.jpeg,0.7358531318604946,106.31357144267761N,10.367787006348378E
11614,Bac Giang City-2681.jpeg,0.7358352616429329,106.16925674572272N,21.295521878400315E
11624,Long Hồ District-2758.jpeg,0.7356439679861069,106.00162584676706N,10.178244706006778E
11626,Phu Ly City-12.jpeg,0.7356268465518951,105.91281198778299N,20.48716853944501E
11627,Hung Yen City-3625.jpeg,0.7356091737747192,106.05616319907675N,20.71628281404114E
11628,Long Hồ District-165.jpeg,0.7355506494641304,106.00984131843998N,10.143210570172108E
11630,Tây Ninh City-981.jpeg,0.7355464622378349,106.10863482372925N,11.324568105472839E
11631,Tây Ninh City-2651.jpeg,0.7355391904711723,106.15673950263752N,11.358254774544713E
11637,Cai Lậy Town-5581.jpeg,0.7354168146848679,106.17586390309722N,10.465266577738122E
11639,Cai Lậy Town-452.jpeg,0.7353870868682861,106.15668271140524N,10.370943904337045E
11641,Long Hồ District-7631.jpeg,0.7353833056986332,105.9701332053541N,10.280652179985056E
11651,Yên Mỹ District-1220.jpeg,0.7352458834648132,106.00320299839402N,20.874749542154575E
11652,Go Cong Town-1805.jpeg,0.7352431863546371,106.69366265537386N,10.389999540167166E
11656,Long Hồ District-5433.jpeg,0.7351673170924187,105.91947113003765N,10.224058575944424E
11657,Hiệp Hòa District-7129.jpeg,0.7351652830839157,106.0107651079921N,21.355113348918735E
11662,Long Hồ District-5859.jpeg,0.7349975258111954,105.9235788658741N,10.232143376521655E
11666,Long Hồ District-5375.jpeg,0.7349483817815781,105.92631735643175N,10.222711109181553E
11668,Yên Mỹ District-1688.jpeg,0.734890703111887,105.97002960685604N,20.882834342732053E
11672,Tây Ninh City-3090.jpeg,0.7348197549581528,106.10726040433188N,11.366339575121964E
11676,Vĩnh Long-625.jpeg,0.7347601428627968,105.91994128484161N,10.242260071062768E
11677,Bac Giang City-1654.jpeg,0.7347210347652435,106.16347291657819N,21.27665734371951E
11678,Phu Ly City-4320.jpeg,0.7346731536090374,105.93583565996408N,20.59766081400367E
11679,Cai Lậy Town-2568.jpeg,0.7346594706177711,106.17175364773465N,10.40867297369747E
11681,Sa Đéc City-2560.jpeg,0.734597884118557,105.71483936834429N,10.358346409795221E
11685,Tây Ninh City-3335.jpeg,0.7344620227813721,106.10451156553712N,11.370381975410586E
11687,Thái Bình-2062.jpeg,0.7344277761876583,106.3234449454361N,20.462154776986495E
11688,Tây Ninh City-1019.jpeg,0.7343910336494446,106.08389527457642N,11.325915572235711E
11690,Cao Lanh City-3859.jpeg,0.734321616590023,105.60298444961734N,10.481002874868004E
11694,Long Hồ District-5727.jpeg,0.7342347390949726,105.94137905449881N,10.229448442995913E
11695,Hung Yen City-3425.jpeg,0.7342048473656178,106.01008079989742N,20.708198013463676E
11701,Trà Vinh City-2111.jpeg,0.7339404001832008,106.33176564748287N,9.970175842059554E
11707,Hiệp Hòa District-7228.jpeg,0.7338446341454983,106.01799788065833N,21.356460815681647E
11717,Mỹ Hào District-1388.jpeg,0.7336809560656548,106.14113664225464N,20.921758809506876E
11718,Binh Minh Town-3695.jpeg,0.7336746267974377,105.82963616598438N,10.081407609716146E
11719,Hiệp Hòa District-9076.jpeg,0.7336438074707985,105.98038746279394N,21.39418988504327E
11725,Cai Lậy Town-427.jpeg,0.733530730009079,106.12106049826308N,10.370943904337045E
11726,Cai Lậy Town-4651.jpeg,0.7335093542933464,106.19230492454746N,10.447749509820778E
11729,Cao Lanh City-1424.jpeg,0.7333413660526276,105.64957253710186N,10.432494071404587E
11730,Tây Ninh City-2432.jpeg,0.7333386614918709,106.0728999193974N,11.355559841018964E
11732,Go Cong Town-918.jpeg,0.7332824617624283,106.64982219322431N,10.367092605198332E
11736,Go Cong Town-3827.jpeg,0.7331834211945534,106.67996251095214N,10.43311847657908E
11737,Mỹ Hào District-3319.jpeg,0.7331741377711296,106.10074345826607N,20.955445478579687E
11738,Thanh Liêm District-1035.jpeg,0.7331566214561462,105.88875007871496N,20.408673875819822E
11739,Vĩnh Long-1418.jpeg,0.7331073582172394,105.90077064007444N,10.255734738691492E
11747,Mỹ Tho-208.jpeg,0.7329453527927399,106.32452990275242N,10.330057936987952E
11750,Trà Vinh City-774.jpeg,0.7327931970357895,106.32082124835837N,9.918972105070441E
11752,Go Cong Town-63.jpeg,0.7327361926436424,106.65804227987738N,10.340143269940887E
11753,Tây Ninh City-1426.jpeg,0.7327203825116158,106.14024646986898N,11.334000372812964E
11759,Vĩnh Long-464.jpeg,0.7325390614569187,105.95554391083778N,10.238217670774157E
11761,Ninh Bình-1143.jpeg,0.7325076423585415,105.97445293692057N,20.244222409005623E
11766,Go Cong Town-1619.jpeg,0.7323147132992744,106.64160210657127N,10.385957139878546E
11768,Binh Minh Town-539.jpeg,0.73225536942482,105.8624789813294N,10.007296937758207E
11769,Thanh Liêm District-679.jpeg,0.7322549894452095,105.91751121618802N,20.399241608479457E
11771,Go Cong Town-1468.jpeg,0.7321859523653984,106.6361220488026N,10.381914739589927E
11776,Cai Lậy Town-4522.jpeg,0.7320527210831642,106.12106049826308N,10.446402043057908E
11777,Go Cong Town-1266.jpeg,0.7320417761802673,106.63886207768692N,10.37652487253844E
11780,Binh Minh Town-2664.jpeg,0.7320147231221199,105.88574264219878N,10.053110807695843E
11786,Cao Lanh City-2440.jpeg,0.731777161359787,105.61531659042207N,10.450011139321935E
11790,Long Xuyen City-5005.jpeg,0.7315793819725513,105.44406672771456N,10.421644678013113E
11792,Cai Lậy Town-6720.jpeg,0.7314890921115875,106.11558015777963N,10.496258313284194E
11793,Cai Lậy Town-1717.jpeg,0.7314884588122368,106.1375015197133N,10.393850839305879E
11794,Long Xuyen City-1981.jpeg,0.7314841188490391,105.41666976780813N,10.354271339869493E
11795,Tây Ninh City-6303.jpeg,0.7314386367797852,106.1251278564978N,11.422933179162715E
11797,Thái Bình-2669.jpeg,0.73138228058815,106.36515067794389N,20.476976911378504E
11804,Trà Vinh City-2609.jpeg,0.7311576455831528,106.32629344792062N,9.982303042925398E
11805,Thái Bình-3300.jpeg,0.7310458607971668,106.37377945018686N,20.498536379585076E
11811,Tây Ninh City-1157.jpeg,0.7309471368789673,106.10863482372925N,11.328610505761462E
11813,Binh Minh Town-3001.jpeg,0.730868624523282,105.82142546214814N,10.062543075035945E
11815,Long Hồ District-7580.jpeg,0.7308065071702003,106.00299509204586N,10.27930471322218E
11818,Cai Lậy Town-5003.jpeg,0.73072599619627,106.16627330725123N,10.454486843635143E
11822,Thanh Liêm District-496.jpeg,0.7306508868932724,105.91463510244073N,20.392504274664912E
11825,Cai Lậy Town-5337.jpeg,0.7306218296289444,106.13339126435075N,10.461224177449507E
11832,Long Hồ District-433.jpeg,0.7304042279720306,106.03037999762233N,10.148600437223596E
11834,Vĩnh Long-289.jpeg,0.7303553149104118,105.94595858845419N,10.23417527048554E
11836,Long Hồ District-8326.jpeg,0.7302513867616653,105.99477962037295N,10.292779380850904E
11837,Châu Thành District-8324.jpeg,0.7302445694804192,106.28683696431644N,10.309558074531536E
11838,Cai Lậy Town-1321.jpeg,0.730240635573864,106.15120237092184N,10.387113505491515E
11839,Chau Doc City-3761.jpeg,0.7302173376083374,105.09739412572118N,10.694437542266506E
11853,Trà Vinh City-2.jpeg,0.7298864424228668,106.3372378470451N,9.8879803695244E
11856,Cao Lanh City-3019.jpeg,0.7298385575413704,105.61805706615645N,10.462138340187787E
11857,Trà Vinh City-1875.jpeg,0.7298016771674156,106.35228639584123N,9.963438508245199E
11860,Binh Minh Town-23.jpeg,0.7297364175319672,105.88984799411695N,9.987084936315135E
11862,Chau Doc City-4140.jpeg,0.7297131195664406,105.10562166191242N,10.70117487608087E
11863,Châu Thành District-5905.jpeg,0.7297107055783272,106.23479623056382N,10.293388473377066E
11869,Hiệp Hòa District-9474.jpeg,0.7294790409505367,105.96592191746147N,21.404969619146602E
11881,Cai Lậy Town-6080.jpeg,0.7291418686509132,106.10872973217536N,10.476046311841102E
11888,Long Hồ District-9483.jpeg,0.7289472296833992,105.98382565814235N,10.321076182871224E
11891,Go Cong Town-2577.jpeg,0.7288507409393787,106.65530225099302N,10.410211541610249E
11892,Chau Doc City-2185.jpeg,0.7287904992699623,105.06585523698809N,10.670183140534787E
11894,Long Hồ District-1568.jpeg,0.7287888005375862,105.90988641308587N,10.16477003837806E
11895,Duy Tiên District-333.jpeg,0.7287840396165848,105.99072823134907N,20.57423230709733E
11896,Cai Lậy Town-171.jpeg,0.7287752628326416,106.1320211792299N,10.361511636996939E
11900,Thanh Liêm District-4751.jpeg,0.7286523282527924,105.95202458115568N,20.466614946624954E
11902,Bến Tre City-3011.jpeg,0.7286338768899441,106.35706208379852N,10.262364541280542E
11905,Cai Lậy Town-1078.jpeg,0.7285752594470978,106.14983228580098N,10.383071105202898E
11906,Bac Giang City-1040.jpeg,0.7285712845623493,106.16202695929204N,21.263182676090366E
11907,Tam Điệp-360.jpeg,0.7285630777478218,105.88664917233955N,20.119695473716817E
11908,Duy Tiên District-416.jpeg,0.7285589426755905,105.99216803615124N,20.578274707386054E
11910,Vĩnh Long-1507.jpeg,0.7284691482782364,105.90487863538168N,10.257082205454365E
11915,Bac Giang City-1165.jpeg,0.7282929606735706,106.18660823315636N,21.265877609616194E
11916,Go Cong Town-3099.jpeg,0.7282652705907822,106.66489235208824N,10.420991275713233E
11921,Tây Ninh City-5833.jpeg,0.7281581684947014,106.14162088926633N,11.412153445059715E
11922,Go Cong Town-2386.jpeg,0.7281371578574181,106.62242190438084N,10.406169141321634E
11924,Hoa Lư District-2204.jpeg,0.7281053140759468,105.94209029878895N,20.239763243966472E
11930,Long Hồ District-1972.jpeg,0.7279835641384125,106.00573358260351N,10.168812438666674E
11934,Tây Ninh City-6465.jpeg,0.7279069945216179,106.10726040433188N,11.426975579451344E
11939,Long Hồ District-163.jpeg,0.7276712134480476,106.00710282788233N,10.143210570172108E
11946,Mỹ Tho-1084.jpeg,0.727478452026844,106.36973355056092N,10.348922471668164E
11947,Châu Thành District-1620.jpeg,0.7274762634187937,106.26081659744013N,10.265091671356753E
11963,Duy Tiên District-3665.jpeg,0.726951576769352,105.98928842654688N,20.64834297905743E
11968,Tây Ninh City-2104.jpeg,0.7268358767032623,106.1251278564978N,11.348822507204586E
11969,Phu Ly City-3751.jpeg,0.7268336787819862,105.93007974191885N,20.5761013457971E
11971,Phu Ly City-649.jpeg,0.7267803400754929,105.93295770094146N,20.51950774175486E
11974,Hiệp Hòa District-733.jpeg,0.7266688756644726,105.97460124466096N,21.254053341700118E
11979,Tây Ninh City-2400.jpeg,0.7263908982276917,106.13749763107424N,11.354212374256086E
11983,Tây Ninh City-5596.jpeg,0.7262988910079002,106.07702317758954N,11.40811104477109E
11985,Thái Bình-181.jpeg,0.7262792177498341,106.33351184638626N,20.414993440284647E
11986,Long Hồ District-2872.jpeg,0.7262269780039787,106.0043643373247N,10.17959217276965E
11992,Trà Vinh City-424.jpeg,0.7261039689183235,106.33450174726396N,9.906844904204599E
11993,Duy Tiên District-602.jpeg,0.7260784357786179,105.95473311129504N,20.59040190825225E
11996,Tây Ninh City-265.jpeg,0.7260064594447613,106.09489062975544N,11.30570357079259E
11999,Hiệp Hòa District-7294.jpeg,0.7259721234440804,105.98038746279394N,21.357808282444562E
12003,Yên Mỹ District-858.jpeg,0.7259098887443542,106.0017606770228N,20.86801220834002E
12004,Hiệp Hòa District-5405.jpeg,0.7259089648723602,106.00063922625938N,21.332206413949176E
12008,Vĩnh Long-764.jpeg,0.7258111611008644,105.89940130830534N,10.244955004588519E
12010,Hiệp Hòa District-8015.jpeg,0.7257938832044601,105.97315469012771N,21.369935483310798E
12014,Duy Tiên District-2282.jpeg,0.7257393188774586,105.94321467287777N,20.629478444376662E
12015,Long Hồ District-7667.jpeg,0.7257358059287071,106.01942603539176N,10.280652179985056E
12016,Go Cong Town-1896.jpeg,0.7257332056760788,106.67859249650996N,10.39269447369291E
12018,Cai Lậy Town-817.jpeg,0.7256677374243736,106.10187930657109N,10.379028704914282E
12021,Tây Ninh City-3424.jpeg,0.7255601584911346,106.1127580819214N,11.37172944217346E
12023,Cai Lậy Town-5551.jpeg,0.7254804968833923,106.1347613494716N,10.465266577738122E
12028,Cai Lậy Town-4107.jpeg,0.725337527692318,106.09365879584597N,10.439664709243544E
12033,Cao Lanh City-1052.jpeg,0.7252397388219833,105.60572492535172N,10.427104204353101E
12037,Sa Đéc City-67.jpeg,0.7251404635608196,105.74223203920499N,10.266718669919909E
12038,Vĩnh Long-813.jpeg,0.725114494562149,105.96649856499045N,10.244955004588519E
12041,Sa Đéc City-758.jpeg,0.7250686995685101,105.76140690880747N,10.289625604888732E
12042,Yên Mỹ District-3686.jpeg,0.7250291407108307,106.01618389073495N,20.916521011804864E
12046,Cao Lanh City-1101.jpeg,0.7248917892575264,105.67286658084413N,10.427104204353101E
12048,Hiệp Hòa District-2425.jpeg,0.7248046882450581,105.93843738132982N,21.28774001077299E
12050,Go Cong Town-1008.jpeg,0.7247756794095039,106.70051272758474N,10.368440071961205E
12059,Châu Thành District-10282.jpeg,0.7245875000953674,106.39913538978261N,10.327075142448873E
12061,Phu Ly City-3926.jpeg,0.7245698273181915,105.94446953703205N,20.580143746085835E
12062,Phu Ly City-568.jpeg,0.7245387434959412,105.9214458648509N,20.518160274991946E
12068,Cao Lanh City-1736.jpeg,0.72443937510252,105.61531659042207N,10.437883938456077E
12077,Vĩnh Long-2174.jpeg,0.7242964953184128,105.91994128484161N,10.269209406320215E
12079,Long Hồ District-290.jpeg,0.7242604494094849,106.03037999762233N,10.145905503697852E
12080,Thái Bình-2658.jpeg,0.7242411682382226,106.34933126216508N,20.476976911378504E
12083,Cai Lậy Town-6615.jpeg,0.724184200167656,106.1347613494716N,10.490868446232705E
12085,Hiệp Hòa District-5216.jpeg,0.7241549640893936,106.02233754425805N,21.329511480423346E
12088,Ninh Bình-2426.jpeg,0.72408177703619,105.9672719767811N,20.290036278944527E
12096,Cao Lanh City-2838.jpeg,0.7239500284194946,105.61942730402366N,10.458095939899168E
12101,Sa Đéc City-1801.jpeg,0.7238365784287453,105.74086240566193N,10.326007207486287E
12104,Duy Tiên District-1131.jpeg,0.7236778512597084,105.95905252570155N,20.609266442933002E
12105,Mỹ Hào District-324.jpeg,0.7236656993627548,106.11805482283262N,20.894809474248618E
12106,Long Hồ District-4477.jpeg,0.7235876321792603,105.95917924312353N,10.203846574501345E
12107,Cao Lanh City-572.jpeg,0.7235364392399788,105.64135110989872N,10.419019403775863E
12108,Long Hồ District-5844.jpeg,0.723528303205967,106.01394905427645N,10.230795909758786E
12110,Mỹ Tho-2992.jpeg,0.7235044911503792,106.40534854580397N,10.381261673977102E
12112,Long Hồ District-653.jpeg,0.7234810292720795,105.9345328281047N,10.15264283751221E
12115,Bến Tre City-3353.jpeg,0.7233879752457142,106.33515384446142N,10.27314427538352E
12116,Phu Ly City-1575.jpeg,0.7233698442578316,105.97612708628108N,20.53432987614687E
12119,Tây Ninh City-6204.jpeg,0.723309263586998,106.15673950263752N,11.420238245636966E
12128,Cai Lậy Town-1845.jpeg,0.7231799140572548,106.09091862560427N,10.39654577283162E
12143,Bac Giang City-817.jpeg,0.7229102700948715,106.20829759244845N,21.256445342275793E
12148,Long Hồ District-1724.jpeg,0.722825288772583,105.97150245063291N,10.16611750514093E
12150,Phu Ly City-3209.jpeg,0.7227638140320778,105.99051688139429N,20.562626678167998E
12155,Binh Minh Town-3091.jpeg,0.7225943207740784,105.80637250511501N,10.065238008561684E
12157,Tây Ninh City-508.jpeg,0.7225290462374687,106.10176272674236N,11.312440904606968E
12158,Duy Tiên District-284.jpeg,0.7225154563784599,105.96769135451449N,20.57288484033442E
12161,Sa Đéc City-2486.jpeg,0.7224752008914948,105.70662156708606N,10.355651476269477E
12165,Cai Lậy Town-3145.jpeg,0.7222958132624626,106.15942288164696N,10.420800174563325E
12167,Duy Tiên District-1745.jpeg,0.7222764566540718,105.98640881694259N,20.621393643799195E
12169,Yên Mỹ District-2274.jpeg,0.7221976183354855,106.07820370969719N,20.890919143309524E
12176,Cai Lậy Town-4991.jpeg,0.7221017777919769,106.14983228580098N,10.454486843635143E
12181,Duy Tiên District-4566.jpeg,0.7219076603651047,105.92161760084535N,20.661817646686533E
12182,Cai Lậy Town-3395.jpeg,0.7219015136361122,106.10872973217536N,10.426190041614822E
12185,Long Hồ District-5576.jpeg,0.7218220829963684,105.93179433754707N,10.226753509470168E
12186,Go Cong Town-494.jpeg,0.7217946872115135,106.71010282867995N,10.354965404332479E
12192,Yên Mỹ District-2418.jpeg,0.7215905897319317,106.04647263953045N,20.893614076835348E
12193,Sa Đéc City-910.jpeg,0.721556082367897,105.74771057337713N,10.295015471940223E
12197,Cai Lậy Town-5625.jpeg,0.7215332537889481,106.13887160483415N,10.466614044500997E
12198,Phu Ly City-4331.jpeg,0.7215223722159863,105.93007974191885N,20.59900828076658E
12199,Tây Ninh City-6502.jpeg,0.7214973829686642,106.1581139220349N,11.426975579451344E
12204,Ninh Bình-1100.jpeg,0.721342496573925,105.99743200936688N,20.24287494224271E
12209,Trà Vinh City-1354.jpeg,0.7211850956082344,106.34544614638844N,9.945921440327869E
12211,Chau Doc City-1935.jpeg,0.7211328744888306,105.06037021286059N,10.666140740246163E
12218,Trà Vinh City-2706.jpeg,0.7206855490803719,106.32082124835837N,9.98499797645114E
12219,Tam Điệp-511.jpeg,0.7206853926181793,105.90818037364869N,20.122390407242634E
12220,Thanh Liêm District-222.jpeg,0.7206774652004242,105.9060067611988N,20.37902960703581E
12222,Duy Tiên District-90.jpeg,0.7205936312675476,105.97633018332745N,20.56480003975695E
12228,Hoa Lư District-1007.jpeg,0.720459358766675,105.93778158553636N,20.210118975182482E
12234,Tam Điệp-2330.jpeg,0.7203574739396572,105.90674496022807N,20.15472960955243E
12236,Trà Vinh City-74.jpeg,0.7202041000127792,106.33997394682622N,9.892022769813014E
12237,Binh Minh Town-1418.jpeg,0.7202031835913658,105.88847954347752N,10.02750893920128E
12239,Phu Ly City-2715.jpeg,0.7200635876506567,105.90561709022639N,20.55454187759053E
12245,Vĩnh Long-195.jpeg,0.7199567705392838,105.96649856499045N,10.231480336959795E
12248,Hiệp Hòa District-3728.jpeg,0.7198380716145039,106.0208909897248N,21.307952012216713E
12253,Long Hồ District-2131.jpeg,0.719714030623436,105.9153633942012N,10.171507372192416E
12254,Cai Lậy Town-3371.jpeg,0.7196890786290169,106.17449381797637N,10.424842574851947E
12255,Long Xuyen City-2882.jpeg,0.719566635787487,105.42488885578004N,10.373135874549702E
12259,Hiệp Hòa District-6424.jpeg,0.719534819945693,105.95724259026198N,21.345681081578324E
12260,Bac Giang City-2917.jpeg,0.7195102944970131,106.16347291657819N,21.300911745451973E
12262,Hiệp Hòa District-1613.jpeg,0.7194679155945778,105.92686494506385N,21.27426534314384E
12267,Long Hồ District-9536.jpeg,0.7193042822182178,105.9756101864694N,10.32377111639697E
12268,Trà Vinh City-2049.jpeg,0.7192753180861473,106.31945319846783N,9.968828375296683E
12269,Mỹ Tho-2933.jpeg,0.719201847910881,106.32452990275242N,10.381261673977102E
12272,Yên Mỹ District-4289.jpeg,0.719172403216362,106.01762621210614N,20.932690612959814E
12273,Châu Thành District-2495.jpeg,0.7191543951630592,106.2375352165508N,10.271829005171114E
12276,Long Xuyen City-666.jpeg,0.7190404795110226,105.45091596769116N,10.324627071086296E
12277,Trà Vinh City-871.jpeg,0.7190193757414818,106.346814196279N,9.921667038596183E
12281,Cao Lanh City-744.jpeg,0.7188972234725952,105.64683206136746N,10.421714337301607E
12286,Mỹ Hào District-119.jpeg,0.7186962440609932,106.11228436797707N,20.885377206908228E
12287,Cao Lanh City-4983.jpeg,0.7186872214078903,105.58243088160947N,10.503909809836841E
12290,Hoa Lư District-1260.jpeg,0.7186340466141701,105.94927148754331N,20.215508842234115E
12295,Thanh Liêm District-639.jpeg,0.7184114381670952,105.92901567117725N,20.39789414171655E
12305,Cai Lậy Town-6165.jpeg,0.7182748280465603,106.14024168995502N,10.477393778603979E
12307,Duy Tiên District-667.jpeg,0.7182529121637344,105.97201076892097N,20.593096841778074E
12313,Tây Ninh City-5927.jpeg,0.718149695545435,106.10451156553712N,11.414848378585464E
12314,Go Cong Town-2730.jpeg,0.718142457306385,106.61968187549651N,10.414253941898867E
12316,Duy Tiên District-5723.jpeg,0.7181046307086945,106.00224666976634N,20.684724581656024E
12317,Thái Bình-1921.jpeg,0.7181036621332169,106.37377945018686N,20.458112376697763E
12323,Thái Bình-2766.jpeg,0.717924453318119,106.36946506406538N,20.47967184490432E
12330,Cai Lậy Town-4519.jpeg,0.717759020626545,106.11695024290049N,10.446402043057908E
12335,Cao Lanh City-2193.jpeg,0.7176501154899597,105.68108800804731N,10.444621272270446E
12338,Tây Ninh City-3326.jpeg,0.7175493687391281,106.0921417909607N,11.370381975410586E
12339,Bac Giang City-685.jpeg,0.717543289065361,106.17359461758113N,21.253750408749962E
12344,Cao Lanh City-1836.jpeg,0.7174154222011566,105.63861063416432N,10.439231405218955E
12346,Tây Ninh City-6689.jpeg,0.7173583656549454,106.11413250131875N,11.43371291326572E
12347,Bến Tre City-851.jpeg,0.717346802353859,106.38581664792846N,10.220593071631507E
12351,Long Hồ District-3508.jpeg,0.717301607131958,105.97424094119057N,10.18767697334688E
12354,Long Hồ District-2697.jpeg,0.7172641754150391,105.9181018847588N,10.178244706006778E
12359,Châu Thành District-5810.jpeg,0.717148881405592,106.39091843182166N,10.292041006614197E
12364,Châu Thành District-8030.jpeg,0.7168987467885017,106.4018743757696N,10.306863141005792E
12365,Binh Minh Town-3263.jpeg,0.7168880291283131,105.83647841918126N,10.069280408850302E
12366,Châu Thành District-6227.jpeg,0.7168816588819027,106.39228792481515N,10.294735940139942E
12368,Cao Lanh City-1096.jpeg,0.7168768271803856,105.6660153915082N,10.427104204353101E
12371,Vĩnh Long-384.jpeg,0.7167993821203709,105.90624796715078N,10.236870204011284E
12372,Cai Lậy Town-2301.jpeg,0.7167898789048195,106.0991391363294N,10.404630573408856E
12375,Vĩnh Long-215.jpeg,0.7167580127716064,105.99388520037212N,10.231480336959795E
12377,Phu Ly City-1252.jpeg,0.7166928574442863,105.99771177895089N,20.528940009095233E
12378,Long Hồ District-5255.jpeg,0.7166859358549118,105.94000980922003N,10.220016175655811E
12380,Thanh Liêm District-2700.jpeg,0.716675192117691,105.86717922561017N,20.43831814460384E
12381,Mỹ Hào District-1831.jpeg,0.7166280820965767,106.136808801113N,20.931191076847256E
12383,Ninh Bình-1858.jpeg,0.7166074514389038,105.97588912894847N,20.263086943686346E
12384,Binh Minh Town-3814.jpeg,0.7165864128619432,105.79679335063939N,10.085450010004763E
12387,Thái Bình-2781.jpeg,0.7165501490235329,106.32200681672894N,20.481019311667236E
12390,Vĩnh Long-2254.jpeg,0.7165108621120453,105.90624796715078N,10.271904339845957E
12396,Châu Thành District-342.jpeg,0.7164016626775265,106.21699282164845N,10.25161700372803E
12397,Vĩnh Long-822.jpeg,0.7163993120193481,105.97882255091221N,10.244955004588519E
12398,Go Cong Town-1566.jpeg,0.7163932248950005,106.6361220488026N,10.384609673115675E
12400,Long Hồ District-5415.jpeg,0.7163732647895813,105.9810871675847N,10.222711109181553E
12402,Vĩnh Long-2162.jpeg,0.7163422182202339,105.9035093036126N,10.269209406320215E
12403,Long Xuyen City-5066.jpeg,0.716314559802413,105.39749189587363N,10.424339611538858E
12410,Cai Lậy Town-2377.jpeg,0.7162021994590759,106.10324939169192N,10.405978040171728E
12411,Long Hồ District-5598.jpeg,0.7161922082304955,105.96739471479646N,10.226753509470168E
12412,Long Xuyen City-4679.jpeg,0.7161874175071716,105.40982052783156N,10.413559877435876E
12415,Bến Tre City-3176.jpeg,0.7160279676318169,106.36801620346708N,10.266406941569157E
12417,Trà Vinh City-1053.jpeg,0.7159744389355183,106.33860589693562N,9.92975183917341E
12422,Cai Lậy Town-2774.jpeg,0.7158490270376205,106.17038356261381N,10.41271537398609E
12427,Cai Lậy Town-1341.jpeg,0.7157061472535133,106.17860407333892N,10.387113505491515E
12429,Tây Ninh City-6196.jpeg,0.7156808972358704,106.14574414745852N,11.420238245636966E
12431,Sa Đéc City-1092.jpeg,0.7156501524150372,105.76688544297964N,10.300405338991713E
12435,Thanh Liêm District-7472.jpeg,0.7155290171504021,105.98222377550239N,20.508386416275172E
12436,Mỹ Tho-958.jpeg,0.7155201062560081,106.40671835331334N,10.34622753814242E
12437,Long Hồ District-5528.jpeg,0.7154985442757607,105.96328697896001N,10.225406042707299E
12444,Binh Minh Town-1284.jpeg,0.7153666242957115,105.8679527838869N,10.024814005675537E
12445,Sa Đéc City-2555.jpeg,0.715268112719059,105.70799120062911N,10.358346409795221E
12448,Trà Vinh City-839.jpeg,0.7152148112654686,106.30303659978111N,9.921667038596183E
12449,Châu Thành District-1732.jpeg,0.715205006301403,106.18275549681123N,10.266439138119624E
12451,Bac Giang City-1439.jpeg,0.7151798028498888,106.14612142914456N,21.272614943430767E
12454,Go Cong Town-4862.jpeg,0.7151225209236145,106.65256222210868N,10.469500079176646E
12457,Long Hồ District-5010.jpeg,0.7150727137923241,105.96739471479646N,10.21462630860432E
12460,Cai Lậy Town-6502.jpeg,0.7150089330971241,106.09228871072513N,10.488173512706958E
12461,Hiệp Hòa District-2391.jpeg,0.7149589955806732,105.99919267172614N,21.286392544010077E
12462,Mỹ Hào District-573.jpeg,0.7149434722959995,106.07621902513017N,20.902894274826092E
12470,Long Hồ District-1464.jpeg,0.7144968286156654,105.9181018847588N,10.163422571615186E
12474,Châu Thành District-4433.jpeg,0.714416541159153,106.28272848533595N,10.283956206036958E
12476,Long Hồ District-427.jpeg,0.7143810987472534,106.02216452594939N,10.148600437223596E
12482,Tây Ninh City-2863.jpeg,0.7142436243593693,106.12237901770304N,11.362297174833339E
12485,Châu Thành District-2192.jpeg,0.7141368985176086,106.36763705093234N,10.269134071645368E
12487,Cao Lanh City-1396.jpeg,0.7140970900654793,105.6112058768205N,10.432494071404587E
12489,Long Hồ District-4518.jpeg,0.7139784619212151,105.92220962059528N,10.205194041264217E
12490,Mỹ Tho-1881.jpeg,0.7139216288924217,106.36425432052353N,10.362397139296887E
12494,Hiệp Hòa District-7362.jpeg,0.7138158492743969,105.94856326306252N,21.359155749207478E
12496,Tam Điệp-383.jpeg,0.7137876078486443,105.91966368101353N,20.119695473716817E
12502,Yên Mỹ District-97.jpeg,0.7136456370353699,106.03493406856072N,20.845105273370503E
12505,Long Hồ District-4299.jpeg,0.7136096619069576,106.00299509204586N,10.19980417421273E
12507,Vĩnh Long-1992.jpeg,0.7135534808039665,105.89803197653627N,10.265167006031596E
12510,Thanh Liêm District-5098.jpeg,0.7134924158453941,105.91032093181974N,20.47200481367659E
12511,Mỹ Tho-2128.jpeg,0.713454432785511,106.37658258810765N,10.366439539585507E
12515,Go Cong Town-2789.jpeg,0.7133567444980145,106.61420181772779N,10.415601408661741E
12517,Long Hồ District-1966.jpeg,0.7133293971419334,105.99751811093057N,10.168812438666674E
12520,Cai Lậy Town-2541.jpeg,0.713239274919033,106.1347613494716N,10.40867297369747E
12523,Ninh Bình-1957.jpeg,0.7131882794201374,105.95003767244633N,20.26712934397508E
12527,Mỹ Tho-25.jpeg,0.7129727266728878,106.3108318276589N,10.321973136410717E
12529,Ninh Bình-223.jpeg,0.7128848358988762,105.9859424731437N,20.215925606984534E
12535,Long Xuyen City-3259.jpeg,0.7127243354916573,105.38516326391577N,10.381220675126938E
12538,Binh Minh Town-2811.jpeg,0.7126267626881599,105.84468912301752N,10.057153207984456E
12539,Tây Ninh City-2858.jpeg,0.7125552073121071,106.11550692071616N,11.362297174833339E
12540,Hung Yen City-613.jpeg,0.7125540375709534,106.0864047735382N,20.624655074163172E
12542,Vĩnh Long-1324.jpeg,0.7125008478760719,105.88844665415267N,10.254387271928618E
12545,Ninh Bình-845.jpeg,0.7124280761927366,105.96439959272529N,20.23748507519107E
12546,Bến Tre City-2979.jpeg,0.7124077305197716,106.39403223767988N,10.26101707451767E
12547,Vĩnh Long-1177.jpeg,0.7124058976769447,105.91720262130343N,10.251692338402876E
12559,Long Hồ District-3071.jpeg,0.7120951935648918,105.97424094119057N,10.182287106295396E
12560,Sa Đéc City-1264.jpeg,0.7120560109615326,105.73264460440373N,10.307142672806073E
12564,Long Hồ District-1510.jpeg,0.7119933068752289,105.9810871675847N,10.163422571615186E
12565,Cao Lanh City-3713.jpeg,0.7119595482945442,105.58654159521102N,10.478307941342258E
12567,Phu Ly City-3412.jpeg,0.7119518406689167,105.90417811071508N,20.56801654521964E
12569,Mỹ Hào District-3414.jpeg,0.7119114398956299,106.11661220911876N,20.9567929453426E
12570,Long Xuyen City-315.jpeg,0.7118208929896355,105.46598429563967N,10.315194803746191E
12576,Bac Giang City-2536.jpeg,0.7117594331502914,106.25023035374639N,21.291479478111572E
12579,Long Hồ District-5081.jpeg,0.7117100358009338,105.97424094119057N,10.21597377536719E
12583,Vĩnh Long-1154.jpeg,0.7116317376494408,105.88570799061448N,10.251692338402876E
12585,Phu Ly City-2700.jpeg,0.7116141635924578,105.99339484041693N,20.553194410827626E
12589,Long Xuyen City-2369.jpeg,0.71156389079988,105.4536556636818N,10.362356140446725E
12591,Tây Ninh City-5811.jpeg,0.7115579210221767,106.111383662524N,11.412153445059715E
12595,Hung Yen City-1237.jpeg,0.7113851569592953,106.05760327405113N,20.638129741792287E
12598,Long Xuyen City-3725.jpeg,0.7113654464483261,105.39886174386898N,10.390652942467048E
12605,Mỹ Tho-2573.jpeg,0.711062029004097,106.34781663041132N,10.37452434016274E
12606,Cai Lậy Town-2710.jpeg,0.7110136114060879,106.17449381797637N,10.41136790722322E
12607,Mỹ Tho-3907.jpeg,0.7109913937747478,106.36973355056092N,10.398778741894443E
12613,Cai Lậy Town-1864.jpeg,0.7108897790312767,106.11695024290049N,10.39654577283162E
12615,Go Cong Town-570.jpeg,0.7108449563384056,106.68544256872082N,10.357660337858226E
12631,Mỹ Tho-3111.jpeg,0.7105587273836136,106.36014489799547N,10.383956607502846E
12633,Hung Yen City-2632.jpeg,0.710539604537189,106.07488417374337N,20.68124867820544E
12634,Hung Yen City-3394.jpeg,0.7105341665446758,106.02736169958966N,20.706850546700757E
12637,Cai Lậy Town-3704.jpeg,0.7104066833853722,106.16079296676783N,10.43157990866631E
12639,Châu Thành District-6354.jpeg,0.7103588208556175,106.28409797832946N,10.296083406902813E
12640,Cai Lậy Town-593.jpeg,0.7103515714406967,106.09228871072513N,10.374986304625663E
12642,Bến Tre City-3341.jpeg,0.7103420719504356,106.36801620346708N,10.271796808620646E
12647,Tây Ninh City-2305.jpeg,0.7101834490895271,106.111383662524N,11.352864907493213E
12648,Binh Minh Town-1216.jpeg,0.7101712375879288,105.85563672813252N,10.023466538912665E
12649,Go Cong Town-318.jpeg,0.7101493142545223,106.6922926409317N,10.34957553728099E
12652,Cai Lậy Town-5712.jpeg,0.7100659310817719,106.16079296676783N,10.467961511263871E
12655,Cao Lanh City-2794.jpeg,0.7100441865622997,105.6454618235003N,10.456748473136297E
12658,Cai Lậy Town-5879.jpeg,0.7100286558270454,106.10461947681281N,10.472003911552486E
12662,Cao Lanh City-1353.jpeg,0.7099489159882069,105.66875586724257N,10.431146604641716E
12664,Thái Bình-3145.jpeg,0.7099137827754021,106.37521757889405N,20.491799045770513E
12670,Thanh Liêm District-5185.jpeg,0.7098018005490303,105.90169259057785N,20.473352280439503E
12675,Cao Lanh City-680.jpeg,0.7095944061875343,105.67423681871132N,10.420366870538738E
12676,Trà Vinh City-1979.jpeg,0.7095699459314346,106.37691129387127N,9.96613344177094E
12678,Thái Bình-580.jpeg,0.7095129825174809,106.3205686880218N,20.43116304143958E
12681,Mỹ Hào District-1248.jpeg,0.7093889582902193,106.11949743654648N,20.919063875981042E
12684,Chau Doc City-4220.jpeg,0.7093510515987873,105.11933422223116N,10.70252234284374E
12689,Châu Thành District-9807.jpeg,0.7092361692339182,106.31011834520577N,10.321685275397387E
12690,Cai Lậy Town-2827.jpeg,0.7091221511363983,106.15120237092184N,10.414062840748963E
12691,Cao Lanh City-4733.jpeg,0.7090761736035347,105.58791183307821N,10.49851994278535E
12692,Tây Ninh City-552.jpeg,0.7090611383318901,106.0990138879476N,11.313788371369842E
12694,Long Hồ District-8376.jpeg,0.7090316899120808,105.96465622423881N,10.294126847613777E
12701,Long Xuyen City-2211.jpeg,0.7089470438659191,105.41256022382217N,10.359661206920979E
12705,Vĩnh Long-1772.jpeg,0.708793006837368,105.9117252942271N,10.26112460574298E
12716,Duy Tiên District-3455.jpeg,0.7083914577960968,105.96913115931666N,20.645648045531594E
12722,Long Hồ District-2142.jpeg,0.7082176059484482,105.93042509226822N,10.171507372192416E
12726,Cao Lanh City-1005.jpeg,0.7080828696489334,105.65642372643782N,10.42575673759023E
12731,Go Cong Town-3269.jpeg,0.7079382203519344,106.68955261204736N,10.423686209238976E
12737,Hung Yen City-2001.jpeg,0.707788810133934,106.08496469856384N,20.659689209998866E
12739,Thanh Liêm District-479.jpeg,0.7077640444040298,105.89018813558863N,20.392504274664912E
12744,Binh Minh Town-1860.jpeg,0.7076960429549217,105.89395334603505N,10.036941206541384E
12745,Vĩnh Long-753.jpeg,0.7076472043991089,105.99114653683395N,10.243607537825643E
12747,Tây Ninh City-2182.jpeg,0.7075652480125427,106.14162088926633N,11.350169973967462E
12748,Mỹ Tho-1659.jpeg,0.7075340747833252,106.38891085569182N,10.35835473900827E
12750,Cai Lậy Town-1395.jpeg,0.7074906602501869,106.14024168995502N,10.38846097225439E
12751,Cao Lanh City-4341.jpeg,0.7074787057936192,105.61394635255486N,10.490435142208117E
12752,Sa Đéc City-1162.jpeg,0.7074281051754951,105.75181947400624N,10.303100272517458E
12753,Thanh Liêm District-5694.jpeg,0.7073821127414703,105.93908206929281N,20.48008961425405E
12755,Chau Doc City-704.jpeg,0.7073545604944229,105.10287914984868N,10.640538871751573E
12758,Duy Tiên District-2484.jpeg,0.7072773687541485,105.9604923305037N,20.632173377902483E
12764,Tây Ninh City-5100.jpeg,0.7071599215269089,106.11000924312664N,11.398678777430964E
12766,Hiệp Hòa District-4994.jpeg,0.707149937748909,105.98617368092694N,21.32681654689752E
12767,Long Hồ District-4810.jpeg,0.7071408964693546,105.95780999784469N,10.210583908315703E
12768,Binh Minh Town-775.jpeg,0.7071351706981659,105.89532179667444N,10.012686804809697E
12770,Tây Ninh City-1685.jpeg,0.7070654518902302,106.082520855179N,11.340737706627339E
12772,Hoa Lư District-1149.jpeg,0.706999508664012,105.94927148754331N,20.2128139087083E
12774,Go Cong Town-2876.jpeg,0.7069586925208569,106.64297212101346N,10.416948875424618E
12775,Cao Lanh City-4008.jpeg,0.7069580815732479,105.62079754189082N,10.48369780839375E
12777,Thanh Liêm District-1290.jpeg,0.7069445624947548,105.91175898869342N,20.414063742871466E
12778,Tây Ninh City-4241.jpeg,0.7069421336054802,106.08114643578168N,11.385204109802213E
12782,Tây Ninh City-2152.jpeg,0.7067631408572197,106.10038830734497N,11.350169973967462E
12784,Long Xuyen City-2156.jpeg,0.7067514583468437,105.41666976780813N,10.358313740158108E
12789,Cao Lanh City-2034.jpeg,0.706667635589838,105.68382848378165N,10.441926338744695E
12790,Cai Lậy Town-1497.jpeg,0.7065688595175743,106.16901347749294N,10.38980843901726E
12793,Long Xuyen City-556.jpeg,0.7065201848745346,105.45091596769116N,10.321932137560555E
12794,Cao Lanh City-485.jpeg,0.706513062119484,105.63587015842995N,10.417671937012992E
12796,Vĩnh Long-1568.jpeg,0.7064775675535202,105.98840787329577N,10.257082205454365E
12799,Long Xuyen City-3678.jpeg,0.7063928470015526,105.41803961580345N,10.389305475704175E
12802,Long Hồ District-8815.jpeg,0.7062905132770538,105.99614886565175N,10.302211648191006E
12811,Cao Lanh City-2697.jpeg,0.706057608127594,105.59887373601575N,10.455401006373423E
12812,Tây Ninh City-3731.jpeg,0.7060551270842552,106.07839759698689N,11.377119309224963E
12814,Sa Đéc City-2742.jpeg,0.7060246281325817,105.71073046771518N,10.366431210372456E
12815,Mỹ Hào District-2201.jpeg,0.7060244493186474,106.10218607197996N,20.937928410661822E
12817,Trà Vinh City-785.jpeg,0.7059236625209451,106.3358697971545N,9.918972105070441E
12822,Long Hồ District-5878.jpeg,0.7058450803160667,105.9701332053541N,10.232143376521655E
12823,Mỹ Tho-1769.jpeg,0.7058338932693005,106.32042048022436N,10.361049672534014E
12826,Cai Lậy Town-311.jpeg,0.7058069631457329,106.1347613494716N,10.366901504048426E
12829,Long Hồ District-1694.jpeg,0.7057434357702732,105.93042509226822N,10.16611750514093E
12832,Cai Lậy Town-3172.jpeg,0.7057099640369415,106.0991391363294N,10.422147641326202E
12838,Châu Thành District-2508.jpeg,0.7055294252932072,106.25533862546617N,10.271829005171114E
12841,Bac Giang City-1062.jpeg,0.7054251730442047,106.19383801958705N,21.263182676090366E
12842,Long Hồ District-4565.jpeg,0.7054034397006035,105.9865641487N,10.205194041264217E
12844,Châu Thành District-8562.jpeg,0.7053010426461697,106.36215907895837N,10.310905541294407E
12847,Tây Ninh City-3913.jpeg,0.7052812725305557,106.0990138879476N,11.379814242750715E
12854,Long Hồ District-5742.jpeg,0.705155536532402,105.96739471479646N,10.229448442995913E
12858,Thái Bình-2551.jpeg,0.705017127096653,106.33782623250777N,20.47428197785268E
12859,Thanh Liêm District-6797.jpeg,0.7049914635717869,105.90169259057785N,20.49760668217188E
12862,Bến Tre City-1690.jpeg,0.7048844564706087,106.39540150263845N,10.238110139548848E
12863,Tây Ninh City-549.jpeg,0.7048823870718479,106.09489062975544N,11.313788371369842E
12866,Long Xuyen City-3984.jpeg,0.704826109111309,105.43036824776134N,10.396042809518535E
12867,Duy Tiên District-408.jpeg,0.7048251107335091,105.98064959773394N,20.578274707386054E
12874,Tây Ninh City-4941.jpeg,0.70469980686903,106.10863482372925N,11.395983843905213E
12875,Binh Minh Town-1705.jpeg,0.7046860717236996,105.85837362941128N,10.03424627301564E
12876,Cai Lậy Town-4577.jpeg,0.704647995531559,106.09091862560427N,10.447749509820778E
12878,Tam Điệp-712.jpeg,0.7046416513621807,105.88664917233955N,20.12643280753136E
12890,Binh Minh Town-56.jpeg,0.7043729797005653,105.88847954347752N,9.989779869840879E
12895,Phu Ly City-3644.jpeg,0.7042080089449883,105.93007974191885N,20.573406412271282E
12898,Vĩnh Long-175.jpeg,0.7041573897004128,105.91446395776526N,10.231480336959795E
12900,Bến Tre City-1827.jpeg,0.7041379734873772,106.36938546842563N,10.240805073074588E
12901,Hiệp Hòa District-2252.jpeg,0.7041250504553318,106.0266772078578N,21.28369761048424E
12904,Duy Tiên District-3020.jpeg,0.7040569707751274,105.91009916242808N,20.640258178479957E
12905,Bến Tre City-2787.jpeg,0.7040538750588894,106.40087856247274N,10.256974674229053E
12906,Binh Minh Town-226.jpeg,0.7040443047881126,105.88026883964129N,9.997864670418105E
12913,Cao Lanh City-2139.jpeg,0.7037866339087486,105.6070951632189N,10.444621272270446E
12914,Mỹ Tho-1134.jpeg,0.7037528976798058,106.32863932528045N,10.350269938431039E
12916,Go Cong Town-175.jpeg,0.7036632969975471,106.68681258316299N,10.344185670229502E
12917,Long Hồ District-3985.jpeg,0.7036525867879391,105.98519490342119N,10.194414307161237E
12918,Cai Lậy Town-3269.jpeg,0.7036325745284557,106.13339126435075N,10.423495108089071E
12919,Long Hồ District-4780.jpeg,0.7036004029214382,106.00573358260351N,10.209236441552832E
12922,Tây Ninh City-4783.jpeg,0.7035030722618103,106.11688134011352N,11.393288910379463E
12923,Cai Lậy Town-4526.jpeg,0.7034851498901844,106.12654083874648N,10.446402043057908E
12926,Tây Ninh City-5715.jpeg,0.7033888623118401,106.16086276082966N,11.409458511533964E
12929,Go Cong Town-3657.jpeg,0.7033359110355377,106.66215232320387N,10.430423543053335E
12933,Binh Minh Town-1851.jpeg,0.7032540962100029,105.88163729028066N,10.036941206541384E
12934,Binh Minh Town-3856.jpeg,0.7032085657119751,105.85426827749315N,10.085450010004763E
12935,Chau Doc City-4095.jpeg,0.7031995765864849,105.14127431874114N,10.699827409317995E
12936,Thái Bình-544.jpeg,0.703143522143364,106.35364564828656N,20.429815574676653E
12939,Go Cong Town-3120.jpeg,0.7030327841639519,106.69366265537386N,10.420991275713233E
12941,Tây Ninh City-5878.jpeg,0.7029242664575577,106.11963017890828N,11.41350091182259E
12943,Thái Bình-1926.jpeg,0.7028017640113831,106.38097009372268N,20.458112376697763E
12944,Cai Lậy Town-4814.jpeg,0.7026743590831757,106.10735964705452N,10.4517919101094E
12947,Cao Lanh City-2522.jpeg,0.7026303298771381,105.63175944482836N,10.45135860608481E
12952,Mỹ Hào District-2137.jpeg,0.7025476079434156,106.12815311882974N,20.936580943898907E
12953,Tây Ninh City-4346.jpeg,0.7025452926754951,106.10726040433188N,11.386551576565088E
12954,Duy Tiên District-3360.jpeg,0.702538751065731,105.97345057372313N,20.644300578768686E
12955,Long Xuyen City-1046.jpeg,0.7024904265999794,105.46187475165372N,10.332711871663534E
12956,Long Hồ District-369.jpeg,0.7024803906679153,105.91125565836468N,10.148600437223596E
12960,Cai Lậy Town-1491.jpeg,0.7023172900080681,106.16079296676783N,10.38980843901726E
12962,Hoa Lư District-2041.jpeg,0.7022870108485222,105.93634534778548N,20.234373376914842E
12966,Cai Lậy Town-2149.jpeg,0.7021940052509308,106.18956475430575N,10.400588173120237E
12967,Cao Lanh City-1307.jpeg,0.702110081911087,105.60572492535172N,10.431146604641716E
12968,Cai Lậy Town-5998.jpeg,0.7020484060049057,106.17586390309722N,10.473351378315359E
12969,Thái Bình-2539.jpeg,0.7020296528935432,106.3205686880218N,20.47428197785268E
12973,Cai Lậy Town-1522.jpeg,0.7019096687436104,106.09228871072513N,10.391155905780133E
12974,Go Cong Town-1888.jpeg,0.7018765658140182,106.66763238097258N,10.39269447369291E
12977,Châu Thành District-1667.jpeg,0.7017918974161148,106.37722350188677N,10.265091671356753E
12978,Cai Lậy Town-3672.jpeg,0.7017786502838135,106.11695024290049N,10.43157990866631E
12980,Long Hồ District-5087.jpeg,0.7017503380775452,105.98245641286351N,10.21597377536719E
12981,Duy Tiên District-5489.jpeg,0.7017161548137665,105.94033506327347N,20.677987247841468E
12986,Sa Đéc City-2832.jpeg,0.701603040099144,105.71757863543034N,10.370473610661076E
12991,Yên Mỹ District-1665.jpeg,0.701435599476099,106.0594535318714N,20.881486875969138E
12993,Cai Lậy Town-1771.jpeg,0.7014296054840088,106.10050922145024N,10.39519830606875E
12995,Phu Ly City-2487.jpeg,0.7013637684285641,105.8984221926698N,20.550499477301795E
12996,Thanh Liêm District-0.jpeg,0.7013443037867546,105.91894927306168N,20.364207472643802E
12997,Mỹ Tho-3615.jpeg,0.7013199850916862,106.31631105769634N,10.393388874842957E
13001,Go Cong Town-299.jpeg,0.7012169398367405,106.6662623665304N,10.34957553728099E
13007,Long Xuyen City-4639.jpeg,0.7010033130645752,105.4276285517707N,10.412212410673003E
13009,Thái Bình-2849.jpeg,0.7009981870651245,106.35076939087223N,20.482366778430144E
13017,Cao Lanh City-3818.jpeg,0.7007721401751041,105.63861063416432N,10.479655408105131E
13022,Hung Yen City-1434.jpeg,0.7006828915327787,106.05040289917935N,20.643519608843928E
13023,Cai Lậy Town-1174.jpeg,0.7005677595734596,106.17449381797637N,10.38441857196577E
13024,Cai Lậy Town-6562.jpeg,0.700565941631794,106.11832032802134N,10.489520979469832E
13029,Mỹ Tho-3086.jpeg,0.7004785351455212,106.32589971026175N,10.383956607502846E
13030,Cai Lậy Town-5425.jpeg,0.7004723250865936,106.15668271140524N,10.46257164421238E
13034,Long Hồ District-5247.jpeg,0.7003911286592484,105.92905584698941N,10.220016175655811E
13036,Hung Yen City-2461.jpeg,0.7003685012459755,106.0705639488203N,20.675858811153795E
13041,Trà Vinh City-1578.jpeg,0.7002971097826958,106.30987684923393N,9.95535370766797E
13045,Trà Vinh City-397.jpeg,0.7002054899930954,106.35091834595066N,9.905497437441726E
13047,Cai Lậy Town-1719.jpeg,0.7001948654651642,106.14024168995502N,10.393850839305879E
13048,Tây Ninh City-4753.jpeg,0.7001897916197777,106.07564875819214N,11.393288910379463E
13051,Long Hồ District-5781.jpeg,0.7001489028334618,106.02079528067058N,10.229448442995913E
13059,Phu Ly City-4226.jpeg,0.7000110447406769,105.94159157800942N,20.59092348018912E
13060,Cao Lanh City-3725.jpeg,0.7000107243657112,105.60298444961734N,10.478307941342258E
13061,Ninh Bình-1422.jpeg,0.69999735429883,105.95291005650212N,20.250959742820164E
13064,Tây Ninh City-1508.jpeg,0.6999044716358185,106.08664411337115N,11.336695306338713E
13067,Duy Tiên District-513.jpeg,0.6997771263122559,105.97776998812962N,20.585012041200606E
13075,Cao Lanh City-821.jpeg,0.6995292380452156,105.63724039629714N,10.423061804064481E
13076,Long Hồ District-8578.jpeg,0.6994882225990295,105.95096377145056N,10.298169247902392E
13079,Tam Điệp-3005.jpeg,0.6994643323123455,105.86798879787163N,20.16416187689279E
13085,Cao Lanh City-1926.jpeg,0.6993148028850555,105.6482022992347N,10.440578871981824E
13087,Duy Tiên District-1994.jpeg,0.6992924213409424,105.9417748680756N,20.625436044087937E
13088,Ninh Bình-1833.jpeg,0.6992442831397057,105.93998432825107N,20.263086943686346E
13092,Sa Đéc City-2650.jpeg,0.6991543397307396,105.70799120062911N,10.362388810083837E
13095,Châu Thành District-7820.jpeg,0.6990377381443977,106.37722350188677N,10.305515674242919E
13098,Châu Thành District-2554.jpeg,0.6990013644099236,106.31833530316669N,10.271829005171114E
13103,Phu Ly City-4122.jpeg,0.6987814120948315,105.91281198778299N,20.58688107990039E
13107,Cai Lậy Town-1986.jpeg,0.698707826435566,106.17586390309722N,10.397893239594495E
13114,Phu Ly City-3610.jpeg,0.6985269337892532,105.95885933214524N,20.57205894550837E
13115,Cai Lậy Town-3792.jpeg,0.6985160186886787,106.1827143287015N,10.432927375429179E
13116,Tây Ninh City-3501.jpeg,0.6984822675585747,106.10451156553712N,11.373076908936339E
13118,Duy Tiên District-238.jpeg,0.6984567046165466,105.99648745055771N,20.57018990680859E
13121,Cao Lanh City-2706.jpeg,0.6983855590224266,105.6112058768205N,10.455401006373423E
13122,Hiệp Hòa District-2355.jpeg,0.6983697544783354,105.9471167085293N,21.286392544010077E
13129,Cao Lanh City-5216.jpeg,0.6981308497488499,105.58928207094542N,10.511994610414082E
13131,Cao Lanh City-2559.jpeg,0.6981260627508163,105.58791183307821N,10.452706072847676E
13133,Trà Vinh City-806.jpeg,0.6980784684419632,106.31124489912449N,9.920319571833314E
13138,Long Xuyen City-3212.jpeg,0.6979088298976421,105.41529991981282N,10.379873208364065E
13145,Long Hồ District-8939.jpeg,0.6977700442075729,105.99614886565175N,10.304906581716757E
13146,Sa Đéc City-563.jpeg,0.697763241827488,105.76277654235054N,10.282888271074373E
13156,Trà Vinh City-1200.jpeg,0.6976689472794533,106.3372378470451N,9.937836639750643E
13159,Binh Minh Town-443.jpeg,0.6975424587726593,105.86658433324753N,10.004602004232465E
13161,Hiệp Hòa District-6558.jpeg,0.6975159719586372,106.01510477159182N,21.347028548341235E
13162,Go Cong Town-1195.jpeg,0.6974970772862434,106.67996251095214N,10.373829939012698E
13167,Vĩnh Long-1174.jpeg,0.6973952278494835,105.91309462599618N,10.251692338402876E
13171,Vĩnh Long-1360.jpeg,0.6973779052495956,105.93774259783969N,10.254387271928618E
13176,Chau Doc City-2673.jpeg,0.6972296684980392,105.14538808683676N,10.676920474349151E
13179,Binh Minh Town-353.jpeg,0.6971789859235287,105.87205813580505N,10.001907070706721E
13180,Hiệp Hòa District-1650.jpeg,0.6971475798636675,105.98038746279394N,21.27426534314384E
13181,Long Hồ District-5283.jpeg,0.6971368044614792,105.97834867702704N,10.220016175655811E
13182,Tây Ninh City-4536.jpeg,0.6971312090754509,106.12787669529254N,11.38924651009084E
13183,Tây Ninh City-316.jpeg,0.6971298530697823,106.10038830734497N,11.307051037555466E
13184,Yên Mỹ District-3415.jpeg,0.6971201673150063,106.02772246170464N,20.911131144753217E
13185,Bến Tre City-3306.jpeg,0.6971198618412018,106.32009192991714N,10.271796808620646E
13186,Duy Tiên District-5047.jpeg,0.6970984116196632,106.01376510818362N,20.66855498050109E
13187,Long Hồ District-4862.jpeg,0.6970692351460457,105.94137905449881N,10.211931375078578E
13190,Long Hồ District-1173.jpeg,0.6970038712024689,105.96739471479646N,10.15938017132657E
13191,Bến Tre City-2492.jpeg,0.6969789639115334,106.3844473829699N,10.251584807177563E
13193,Cai Lậy Town-3674.jpeg,0.6969721391797066,106.11969041314218N,10.43157990866631E
13194,Thái Bình-2101.jpeg,0.6969421990215778,106.37953196501553N,20.462154776986495E
13195,Tây Ninh City-3141.jpeg,0.6969367787241936,106.1773557935982N,11.366339575121964E
13197,Long Xuyen City-1884.jpeg,0.6968856267631054,105.44543657570988N,10.351576406343744E
13202,Thanh Liêm District-694.jpeg,0.6967755630612373,105.93908206929281N,20.399241608479457E
13203,Cao Lanh City-4597.jpeg,0.696773111820221,105.58791183307821N,10.495825009259605E
13213,Tây Ninh City-455.jpeg,0.6966267079114914,106.09489062975544N,11.311093437844091E
13216,Mỹ Tho-2977.jpeg,0.6965268440544605,106.38480143316373N,10.381261673977102E
13218,Trà Vinh City-1230.jpeg,0.6964112110435963,106.34407809649787N,9.939184106513508E
13221,Duy Tiên District-4754.jpeg,0.6962787881493568,105.93313603926266N,20.66451258021235E
13225,Thái Bình-1064.jpeg,0.6962152719497681,106.36515067794389N,20.440595308779933E
13228,Hiệp Hòa District-1184.jpeg,0.6961878761649132,105.96736847199472N,21.26618054256636E
13229,Long Hồ District-8519.jpeg,0.6961861625313759,105.96602546951763N,10.296821781139522E
13230,Long Xuyen City-3694.jpeg,0.6961717903614044,105.43995718372858N,10.389305475704175E
13231,Cai Lậy Town-1820.jpeg,0.6960931494832039,106.16764339237213N,10.39519830606875E
13233,Thanh Liêm District-4376.jpeg,0.6960527747869492,105.94914846740839N,20.461225079573314E
13235,Go Cong Town-3663.jpeg,0.6960258260369301,106.67037240985691N,10.430423543053335E
13236,Thái Bình-443.jpeg,0.6959908604621887,106.35796003440808N,20.427120641150832E
13237,Mỹ Tho-1246.jpeg,0.6959095895290375,106.3724731655796N,10.351617405193908E
13238,Go Cong Town-1612.jpeg,0.6958798207342625,106.69914271314256N,10.384609673115675E
13239,Binh Minh Town-2586.jpeg,0.6958156526088715,105.8679527838869N,10.051763340932972E
13240,Bac Giang City-1188.jpeg,0.6957970149815083,106.21986525073754N,21.265877609616194E
13241,Long Hồ District-16.jpeg,0.6957919523119926,106.00710282788233N,10.136473236357746E
13245,Tây Ninh City-6741.jpeg,0.6957120150327682,106.15536508324013N,11.436407846791464E
13247,Tây Ninh City-2813.jpeg,0.695649728178978,106.16223718022705N,11.360949708070462E
13253,Thái Bình-817.jpeg,0.6954779922962189,106.39535138079431N,20.435205441728296E
13254,Phu Ly City-1552.jpeg,0.6954729184508324,105.94303055752071N,20.53432987614687E
13264,Vĩnh Long-202.jpeg,0.6953269839286804,105.97608388737403N,10.231480336959795E
13269,Hiệp Hòa District-4039.jpeg,0.6952493116259575,105.93409771773007N,21.313341879268368E
13270,Bến Tre City-3390.jpeg,0.6952375546097755,106.33926163933714N,10.27449174214639E
13282,Yên Mỹ District-4131.jpeg,0.6949429363012314,106.00608764113643N,20.927300745908166E
13283,Thanh Liêm District-7369.jpeg,0.694929825142026,105.93189178492456N,20.507038949512257E
13293,Trà Vinh City-660.jpeg,0.6945495940744877,106.32492539803008N,9.914929704781827E
13297,Cai Lậy Town-4715.jpeg,0.6945104226469994,106.17586390309722N,10.449096976583652E
13298,Tây Ninh City-3607.jpeg,0.6944877803325653,106.13612321167683N,11.374424375699213E
13299,Binh Minh Town-3909.jpeg,0.6944758296012878,105.86111053069003N,10.086797476767636E
13300,Long Xuyen City-5172.jpeg,0.6944621242582798,105.42488885578004N,10.427034545064602E
13308,Duy Tiên District-3582.jpeg,0.6943213455379009,106.01088549857933N,20.64699551229451E
13311,Cai Lậy Town-6322.jpeg,0.6942208372056484,106.1320211792299N,10.481436178892595E
13316,Tây Ninh City-1822.jpeg,0.6941226981580257,106.0990138879476N,11.343432640153088E
13325,Sa Đéc City-2715.jpeg,0.693877324461937,105.71346973480124N,10.365083743609583E
13326,Thanh Liêm District-2395.jpeg,0.6938722133636475,105.93476789867186N,20.432928277552207E
13327,Châu Thành District-10686.jpeg,0.6938669607043266,106.36900654392583N,10.337854876551855E
13334,Cai Lậy Town-770.jpeg,0.6937406361103058,106.14024168995502N,10.377681238151407E
13339,Long Hồ District-4966.jpeg,0.6936565935611725,105.99614886565175N,10.21327884184145E
13343,Mỹ Hào District-2038.jpeg,0.6935413107275963,106.10218607197996N,20.935233477136E
13345,Go Cong Town-135.jpeg,0.6935160756111145,106.6758524676256N,10.342838203466629E
13348,Yên Mỹ District-3322.jpeg,0.6934598702937365,105.99887603428036N,20.909783677990298E
13349,Tây Ninh City-2357.jpeg,0.6934529691934586,106.07839759698689N,11.354212374256086E
13351,Vĩnh Long-2226.jpeg,0.6934373304247856,105.9281572754561N,10.270556873083086E
13355,Trà Vinh City-865.jpeg,0.6933427229523659,106.33860589693562N,9.921667038596183E
13362,Hiệp Hòa District-7805.jpeg,0.6932429731823504,105.98906678999342N,21.365893083022055E
13365,Hiệp Hòa District-489.jpeg,0.6931445971131325,105.95579603572877N,21.24596854112263E
13367,Cao Lanh City-3640.jpeg,0.6931101437658072,105.57694993014067N,10.476960474579384E
13368,Bến Tre City-3368.jpeg,0.6930986195802689,106.35569281883996N,10.27314427538352E
13374,Go Cong Town-2217.jpeg,0.6930030360817909,106.69092262648952N,10.40077927427014E
13377,Long Hồ District-3736.jpeg,0.6929681971669197,106.00984131843998N,10.190371906872624E
13382,Binh Minh Town-969.jpeg,0.6927720382809639,105.84058377109939N,10.018076671861182E
13386,Phu Ly City-59.jpeg,0.6926734894514084,105.91712892631695N,20.492558406496656E
13389,Phu Ly City-2507.jpeg,0.69265041872859,105.92720178289618N,20.550499477301795E
13391,Long Xuyen City-5101.jpeg,0.6926150321960449,105.44543657570988N,10.424339611538858E
13392,Hiệp Hòa District-6676.jpeg,0.6925846729427576,105.91384595426466N,21.349723481867073E
13394,Duy Tiên District-4929.jpeg,0.6925673708319664,105.92881662485615N,20.66720751373818E
13396,Phu Ly City-3239.jpeg,0.6925565972924232,105.92576280338488N,20.56397414493091E
13397,Hiệp Hòa District-3910.jpeg,0.6925406977534294,106.01510477159182N,21.310646945742537E
13398,Cai Lậy Town-5150.jpeg,0.692483052611351,106.16901347749294N,10.45718177716089E
13399,Go Cong Town-3052.jpeg,0.6924735233187675,106.60050167330607N,10.420991275713233E
13401,Thanh Liêm District-3975.jpeg,0.6924019195139408,105.91463510244073N,20.455835212521666E
13407,Long Hồ District-6438.jpeg,0.6921600662171841,106.02216452594939N,10.249660444438993E
13410,Binh Minh Town-1020.jpeg,0.6921046487987041,105.82963616598438N,10.019424138624053E
13412,Phu Ly City-1437.jpeg,0.6920817587524652,105.8984221926698N,20.53298240938396E
13414,Long Hồ District-8075.jpeg,0.6920640952885151,105.95096377145056N,10.288736980562286E
13415,Ninh Bình-624.jpeg,0.6920570880174637,105.99743200936688N,20.230747741376536E
13416,Cai Lậy Town-888.jpeg,0.6920325122773647,106.09502888096684N,10.380376171677153E
13417,Vĩnh Long-274.jpeg,0.691997230052948,105.90761729891983N,10.23417527048554E
13418,Mỹ Tho-3637.jpeg,0.691993772983551,106.346446822902N,10.393388874842957E
13421,Bến Tre City-2079.jpeg,0.6919493842869997,106.38033958809419N,10.244847473363206E
13422,Hiệp Hòa District-6162.jpeg,0.6919439435005188,106.02378409879131N,21.34163868128958E
13425,Thái Bình-362.jpeg,0.6919058598577976,106.34645500475075N,20.424425707625012E
13427,Thanh Liêm District-4241.jpeg,0.6918599419295788,105.89018813558863N,20.459877612810402E
13428,Thanh Liêm District-1563.jpeg,0.6918507739901543,105.9160731593144N,20.419453609923103E
13431,Duy Tiên District-2402.jpeg,0.6917749047279358,105.97920979293177N,20.630825911139574E
13432,Hiệp Hòa District-9040.jpeg,0.6917448192834854,106.00353233532584N,21.392842418280356E
13435,Long Hồ District-3153.jpeg,0.6916752811521292,105.93590207338352N,10.183634573058265E
13439,Tây Ninh City-3736.jpeg,0.6915896274149418,106.08526969397381N,11.377119309224963E
13441,Duy Tiên District-2794.jpeg,0.6915742121636868,106.00080686496418N,20.63621577819122E
13447,Thanh Liêm District-6785.jpeg,0.6914421319961548,105.88443590809402N,20.49760668217188E
13448,Duy Tiên District-2953.jpeg,0.6914396062493324,105.9561729160972N,20.638910711717042E
13449,Hung Yen City-1567.jpeg,0.6913959383964539,106.09792537333303N,20.646214542369755E
13451,Thái Bình-388.jpeg,0.6913853660225868,106.33782623250777N,20.425773174387924E
13454,Châu Thành District-10064.jpeg,0.6913642063736916,106.35668110698441N,10.324380208923131E
13458,Yên Mỹ District-2888.jpeg,0.691289633512497,106.02916478307586N,20.901698877412823E
13461,Cao Lanh City-3687.jpeg,0.6912165805697441,105.64135110989872N,10.476960474579384E
13462,Long Hồ District-7492.jpeg,0.6911996230483055,105.98245641286351N,10.277957246459307E
13463,Long Hồ District-2894.jpeg,0.6911466643214226,105.8825015075094N,10.18093963953252E
13466,Duy Tiên District-3663.jpeg,0.691029826644808,105.98640881694259N,20.64834297905743E
13467,Thanh Liêm District-1293.jpeg,0.6910161823034286,105.9160731593144N,20.414063742871466E
13468,Long Hồ District-762.jpeg,0.69101233035326,105.95233301672941N,10.153990304275084E
13471,Vĩnh Long-279.jpeg,0.6910047307610512,105.91446395776526N,10.23417527048554E
13472,Phu Ly City-2962.jpeg,0.6909137405455112,105.94590851654337N,20.558584277879262E
13473,Tây Ninh City-1800.jpeg,0.6909009292721748,106.15536508324013N,11.342085173390213E
13475,Hiệp Hòa District-7760.jpeg,0.6908198148012161,105.92397183599734N,21.365893083022055E
13479,Trà Vinh City-2659.jpeg,0.6907095462083817,106.32355734813949N,9.983650509688271E
13481,Chau Doc City-986.jpeg,0.690679270774126,105.11522045413554N,10.64727620556594E
13483,Hiệp Hòa District-6364.jpeg,0.690655592828989,106.01365821705858N,21.344333614815408E
13485,Tây Ninh City-480.jpeg,0.6906019113957882,106.12925111468995N,11.311093437844091E
13490,Cai Lậy Town-2745.jpeg,0.6905293446034193,106.13065109410903N,10.41271537398609E
13492,Hung Yen City-1534.jpeg,0.69051428232342,106.05040289917935N,20.646214542369755E
13502,Long Hồ District-7767.jpeg,0.6903323270380497,105.9468560356141N,10.283347113510802E
13506,Thái Bình-837.jpeg,0.6901451647281647,106.32775933155762N,20.436552908491205E
13510,Tây Ninh City-6701.jpeg,0.6899930164217949,106.15261624444537N,11.43371291326572E
13514,Tây Ninh City-898.jpeg,0.689971461892128,106.14849298625326N,11.32187317194709E
13516,Thái Bình-379.jpeg,0.6898755468428135,106.32488307414329N,20.425773174387924E
13517,Châu Thành District-426.jpeg,0.6897822692990303,106.22520977960939N,10.252964470490902E
13518,Phu Ly City-3761.jpeg,0.6897649429738522,105.94446953703205N,20.5761013457971E
13520,Thanh Liêm District-5629.jpeg,0.6896488070487976,105.98366183237607N,20.478742147491147E
13522,Long Hồ District-5175.jpeg,0.6895690485835075,105.92084037531647N,10.218668708892936E
13535,Duy Tiên District-4384.jpeg,0.6890836805105209,105.92161760084535N,20.65912271316071E
13536,Vĩnh Long-922.jpeg,0.6890510022640228,105.90077064007444N,10.24764993811426E
13537,Cai Lậy Town-4354.jpeg,0.6890322715044022,106.10598956193365N,10.443707109532163E
13540,Tây Ninh City-1232.jpeg,0.6888983771204948,106.12787669529254N,11.329957972524337E
13546,Long Hồ District-3939.jpeg,0.6887175217270851,105.92220962059528N,10.194414307161237E
13547,Tam Điệp-2098.jpeg,0.6887108162045479,105.83210346235643N,20.15203467602662E
13550,Cao Lanh City-4576.jpeg,0.6885838955640793,105.65231301283626N,10.494477542496732E
13551,Bến Tre City-961.jpeg,0.6885783523321152,106.37897032313563N,10.22328800515725E
13563,Cai Lậy Town-2646.jpeg,0.6883711665868759,106.1827143287015N,10.410020440460348E
13566,Yên Mỹ District-3291.jpeg,0.6883461102843285,106.0608958532426N,20.90843621122739E
13567,Hiệp Hòa District-602.jpeg,0.6883323453366756,105.95290292666226N,21.250010941411375E
13569,Tây Ninh City-1633.jpeg,0.6883149817585945,106.09489062975544N,11.339390239864464E
13572,Mỹ Hào District-126.jpeg,0.6881939992308617,106.09208777598282N,20.886724673671143E
13573,Bến Tre City-1819.jpeg,0.6881626918911934,106.3584313487571N,10.240805073074588E
13574,Tam Điệp-2408.jpeg,0.6881232336163521,105.88521375891894N,20.156077076315338E
13575,Long Hồ District-6446.jpeg,0.6881109848618507,106.00025660148823N,10.25100791120187E
13581,Mỹ Tho-1926.jpeg,0.6879597567021847,106.31631105769634N,10.36374460605976E
13582,Long Hồ District-2412.jpeg,0.6879146844148636,105.99067188453644N,10.174202305718163E
13583,Châu Thành District-5315.jpeg,0.6878623738884926,106.29505392227735N,10.289346073088451E
13589,Chau Doc City-2705.jpeg,0.687637209892273,105.06722649301996N,10.678267941112024E
13590,Thái Bình-2179.jpeg,0.687635887414217,106.32919746026477N,20.46484971051231E
13594,Châu Thành District-3601.jpeg,0.6875336803495884,106.35257262800394N,10.278566338985474E
13595,Hiệp Hòa District-1713.jpeg,0.6874462738633156,105.95579603572877N,21.27561280990675E
13596,Thanh Liêm District-7280.jpeg,0.6874258983880281,105.89162619246228N,20.505691482749345E
13597,Long Hồ District-5771.jpeg,0.6873972304165363,106.00710282788233N,10.229448442995913E
13599,Long Xuyen City-500.jpeg,0.687391422688961,105.44543657570988N,10.320584670797679E
13601,Cao Lanh City-1659.jpeg,0.6872819140553474,105.62353801762521N,10.436536471693207E
13602,Tây Ninh City-6422.jpeg,0.6872777715325356,106.12650227589519N,11.425628112688466E
13604,Duy Tiên District-4740.jpeg,0.6872692480683327,105.91297877203239N,20.66451258021235E
13606,Thái Bình-2984.jpeg,0.6872570961713791,106.36227442052956N,20.486409178718876E
13612,Thanh Liêm District-4352.jpeg,0.6868473030626774,105.91463510244073N,20.461225079573314E
13613,Long Hồ District-2224.jpeg,0.6867953315377235,105.8879784886247N,10.172854838955288E
13615,Châu Thành District-2715.jpeg,0.6867731735110283,106.27177254138806N,10.273176471933986E
13617,Long Xuyen City-4543.jpeg,0.686758816242218,105.4413270317239N,10.409517477147261E
13621,Thái Bình-2433.jpeg,0.6866596974432468,106.31193991577881N,20.47158704432686E
13623,Bến Tre City-2425.jpeg,0.6866079345345497,106.39677076759702N,10.25023734041469E
13628,Mỹ Tho-290.jpeg,0.6864864677190781,106.32452990275242N,10.332752870513698E
13630,Thanh Liêm District-1100.jpeg,0.6864608936011791,105.8973784199569N,20.410021342582734E
13631,Mỹ Hào District-2677.jpeg,0.6863963603973389,106.05602243313591N,20.9460132112393E
13634,Thanh Liêm District-1499.jpeg,0.6863587722182274,105.92326344368263N,20.41810614316019E
13635,Thái Bình-2216.jpeg,0.6862742230296135,106.38240822242985N,20.46484971051231E
13637,Cai Lậy Town-1843.jpeg,0.6861425042152405,106.08817845536257N,10.39654577283162E
13638,Hiệp Hòa District-8179.jpeg,0.686098076403141,106.00497888985912N,21.37263041683663E
13639,Cao Lanh City-2141.jpeg,0.6860731244087219,105.60983563895327N,10.444621272270446E
13640,Cai Lậy Town-4632.jpeg,0.686060968786478,106.16627330725123N,10.447749509820778E
13644,Thái Bình-360.jpeg,0.6860326118767262,106.34357874733641N,20.424425707625012E
13651,Mỹ Hào District-2172.jpeg,0.6859368234872818,106.06035027427752N,20.937928410661822E
13654,Vĩnh Long-2200.jpeg,0.6859095022082329,105.89255464945992N,10.270556873083086E
13655,Long Hồ District-2657.jpeg,0.6858707591891289,106.01805679011294N,10.176897239243907E
13660,Mỹ Hào District-3086.jpeg,0.6858256310224533,106.14113664225464N,20.95140307829095E
13661,Sa Đéc City-1898.jpeg,0.6858065016567707,105.73401423794677N,10.3300496077749E
13663,Thanh Liêm District-401.jpeg,0.6857630610466003,105.90744481807246N,20.38846187437618E
13664,Cai Lậy Town-675.jpeg,0.6857610326260328,106.10735964705452N,10.376333771388534E
13665,Sa Đéc City-1825.jpeg,0.6857020854949951,105.72442680314552N,10.327354674249158E
13672,Ninh Bình-954.jpeg,0.6856068298220634,105.9600910166416N,20.240180008716898E
13674,Bến Tre City-3375.jpeg,0.6855576187372208,106.36527767354993N,10.27314427538352E
13675,Cai Lậy Town-3768.jpeg,0.6855551674962044,106.14983228580098N,10.432927375429179E
13678,Hiệp Hòa District-8904.jpeg,0.6854801885783672,105.95579603572877N,21.39014748475452E
13681,Duy Tiên District-2417.jpeg,0.6854065433144569,106.00080686496418N,20.630825911139574E
13682,Yên Mỹ District-1317.jpeg,0.6853971490636468,106.02916478307586N,20.876097008917483E
13683,Mỹ Tho-2547.jpeg,0.6853921934962273,106.31220163516828N,10.37452434016274E
13686,Thanh Liêm District-3249.jpeg,0.6853725761175156,105.85279865687366N,20.4464029451813E
13689,Duy Tiên District-4804.jpeg,0.6851994693279266,106.01952432739228N,20.66451258021235E
13690,Thanh Liêm District-6186.jpeg,0.6851986385881901,105.98222377550239N,20.4868269480686E
13692,Duy Tiên District-4203.jpeg,0.6850776970386505,105.927376820054N,20.656427779634885E
13699,Yên Mỹ District-4192.jpeg,0.6849886365234852,106.03637638993193N,20.928648212671078E
13702,Châu Thành District-1854.jpeg,0.6849335134029388,106.39776589678914N,10.266439138119624E
13705,Duy Tiên District-1297.jpeg,0.6847973614931107,105.98640881694259N,20.61330884322173E
13717,Hiệp Hòa District-7210.jpeg,0.6846103668212891,105.99195989905994N,21.356460815681647E
13735,Long Hồ District-5447.jpeg,0.684340950101614,105.93864056394118N,10.224058575944424E
13736,Binh Minh Town-3233.jpeg,0.6843337491154671,105.86384743196876N,10.06793294208743E
13738,Mỹ Tho-1175.jpeg,0.6843291781842709,106.38480143316373N,10.350269938431039E
13739,Go Cong Town-2434.jpeg,0.6843106001615524,106.68818259760518N,10.406169141321634E
13740,Cao Lanh City-1756.jpeg,0.6842406615614891,105.6427213477659N,10.437883938456077E
13742,Tam Điệp-1289.jpeg,0.6842286214232445,105.89095541260134N,20.13721254163463E
13744,Cai Lậy Town-6496.jpeg,0.6841860711574554,106.13887160483415N,10.486826045944085E
13745,Châu Thành District-2147.jpeg,0.6841683983802795,106.26629456941409N,10.269134071645368E
13748,Cao Lanh City-2780.jpeg,0.684081656858325,105.6262784933596N,10.456748473136297E
13750,Tây Ninh City-571.jpeg,0.6840328723192215,106.1251278564978N,11.313788371369842E
13753,Cao Lanh City-670.jpeg,0.6839966624975204,105.6605344400394N,10.420366870538738E
13762,Mỹ Tho-2298.jpeg,0.6838173121213913,106.39302027821981N,10.369134473111249E
13764,Long Hồ District-2305.jpeg,0.6837957799434662,105.99888735620941N,10.172854838955288E
13767,Cao Lanh City-4550.jpeg,0.6837023571133614,105.61668682828926N,10.494477542496732E
13772,Trà Vinh City-1669.jpeg,0.6836564615368843,106.31808514857725N,9.958048641193713E
13776,Trà Vinh City-2383.jpeg,0.6836155280470848,106.31808514857725N,9.976913175873909E
13779,Long Xuyen City-4361.jpeg,0.6835275366902351,105.41256022382217N,10.405475076858645E
13780,Yên Mỹ District-3789.jpeg,0.6835174337029457,105.98156817782578N,20.919215945330688E
13781,Thái Bình-3209.jpeg,0.6834797635674477,106.37521757889405N,20.49449397929634E
13784,Trà Vinh City-356.jpeg,0.6833643466234207,106.346814196279N,9.904149970678857E
13786,Châu Thành District-4700.jpeg,0.6833298467099667,106.3457251630365N,10.28530367279983E
13787,Hiệp Hòa District-6566.jpeg,0.6832907311618328,106.0266772078578N,21.347028548341235E
13788,Long Hồ District-7924.jpeg,0.6832904443144798,105.95096377145056N,10.286042047036544E
13789,Hoa Lư District-4474.jpeg,0.6832413338124752,105.96076138955021N,20.301746715060293E
13792,Cao Lanh City-3249.jpeg,0.6832142546772957,105.60983563895327N,10.467528207239278E
13795,Cao Lanh City-2847.jpeg,0.6831842102110386,105.63175944482836N,10.458095939899168E
13796,Hung Yen City-2047.jpeg,0.6831582374870777,106.04320252430756N,20.662384143524683E
13797,Cai Lậy Town-5137.jpeg,0.6831487566232681,106.15120237092184N,10.45718177716089E
13798,Duy Tiên District-749.jpeg,0.6831406317651272,105.9604923305037N,20.597139242066802E
13800,Cai Lậy Town-5817.jpeg,0.6831149496138096,106.11283998753794N,10.470656444789617E
13806,Bến Tre City-2880.jpeg,0.6830401532351971,106.3447386991714N,10.259669607754798E
13809,Binh Minh Town-1720.jpeg,0.6830246224999428,105.87890038900191N,10.03424627301564E
13811,Thanh Liêm District-2174.jpeg,0.6829899251461029,105.86861728248384N,20.430233344026384E
13814,Binh Minh Town-3859.jpeg,0.6829527094960213,105.85837362941128N,10.085450010004763E
13815,Cai Lậy Town-6752.jpeg,0.6829347684979439,106.0991391363294N,10.500300713572814E
13817,Phu Ly City-1853.jpeg,0.6827878803014755,105.88259341804526N,20.539719743198518E
13819,Duy Tiên District-3848.jpeg,0.6827391013503075,105.96913115931666N,20.651037912583238E
13821,Tây Ninh City-3531.jpeg,0.682681180536747,106.14574414745852N,11.373076908936339E
13824,Cai Lậy Town-753.jpeg,0.6826605349779129,106.11695024290049N,10.377681238151407E
13825,Thanh Liêm District-5037.jpeg,0.6826382130384445,105.9577768086503N,20.470657346913683E
13826,Tây Ninh City-1405.jpeg,0.6826226264238358,106.111383662524N,11.334000372812964E
13827,Mỹ Hào District-423.jpeg,0.6826088353991508,106.1310383462575N,20.897504407774438E
13828,Cao Lanh City-5156.jpeg,0.6825131922960281,105.56735826507033N,10.509299676888332E
13833,Hiệp Hòa District-6479.jpeg,0.6824006149545312,105.88925452719944N,21.347028548341235E
13835,Cao Lanh City-2895.jpeg,0.682392455637455,105.61257611468767N,10.459443406662043E
13838,Tây Ninh City-5119.jpeg,0.6823570244014263,106.13612321167683N,11.398678777430964E
13842,Cai Lậy Town-5458.jpeg,0.6822625733911991,106.10461947681281N,10.463919110975251E
13843,Tây Ninh City-2051.jpeg,0.6822410151362419,106.14299530866373N,11.347475040441713E
13847,Go Cong Town-2604.jpeg,0.6821149401366711,106.6922926409317N,10.410211541610249E
13858,Thanh Liêm District-280.jpeg,0.6818619333207607,105.91751121618802N,20.38172454056163E
13863,Long Hồ District-658.jpeg,0.6817769259214401,105.94137905449881N,10.15264283751221E
13864,Long Hồ District-7612.jpeg,0.681746356189251,105.94411754505647N,10.280652179985056E
13867,Binh Minh Town-2971.jpeg,0.6817071251571178,105.85016292557502N,10.061195608273072E
13869,Cai Lậy Town-3667.jpeg,0.6816869378089905,106.11009981729622N,10.43157990866631E
13870,Long Hồ District-4722.jpeg,0.6816517934203148,105.92631735643175N,10.209236441552832E
13871,Tam Điệp-926.jpeg,0.6816370710730553,105.8809075186571N,20.130475207820087E
13880,Tây Ninh City-2906.jpeg,0.6813466921448708,106.07427433879477N,11.363644641596215E
13881,Châu Thành District-867.jpeg,0.6813148632645607,106.24986065349223N,10.258354337542391E
13886,Trà Vinh City-1551.jpeg,0.6811315938830376,106.32766149781118N,9.954006240905096E
13891,Go Cong Town-4665.jpeg,0.6810474283993244,106.64160210657127N,10.457372878310792E
13895,Long Hồ District-1295.jpeg,0.6809394769370556,105.9865641487N,10.16072763808944E
13900,Hoa Lư District-4734.jpeg,0.6808103732764721,105.94639901204157N,20.308484048874835E
13903,Long Hồ District-4910.jpeg,0.6807273775339127,105.91947113003765N,10.21327884184145E
13904,Long Xuyen City-2704.jpeg,0.680713627487421,105.45091596769116N,10.369093474261087E
13909,Tây Ninh City-289.jpeg,0.6806585192680359,106.12787669529254N,11.30570357079259E
13914,Cai Lậy Town-4503.jpeg,0.68050766736269,106.09502888096684N,10.446402043057908E
13916,Long Xuyen City-4363.jpeg,0.6804624497890472,105.41529991981282N,10.405475076858645E
13917,Vĩnh Long-469.jpeg,0.6804367899894714,105.9623905696832N,10.238217670774157E
13921,Long Xuyen City-5429.jpeg,0.6803671792149544,105.44954611969584N,10.435119345641839E
13923,Tây Ninh City-1847.jpeg,0.6803541593253613,106.13337437288207N,11.343432640153088E
13927,Chau Doc City-2900.jpeg,0.6802907735109329,105.08779533349806N,10.680962874637771E
13934,Duy Tiên District-638.jpeg,0.6801815629005432,105.96769135451449N,20.591749375015162E
13937,Duy Tiên District-3320.jpeg,0.6801059488207102,105.91585838163671N,20.644300578768686E
13939,Phu Ly City-1003.jpeg,0.6800555847585201,105.99771177895089N,20.524897608806498E
13940,Long Xuyen City-2357.jpeg,0.6800177581608295,105.43721748773795N,10.362356140446725E
13941,Cai Lậy Town-2262.jpeg,0.6799815371632576,106.14572203043844N,10.403283106645986E
13942,Cai Lậy Town-72.jpeg,0.6799530610442162,106.11558015777963N,10.35746923670832E
13945,Tây Ninh City-1478.jpeg,0.6799093037843704,106.12787669529254N,11.335347839575835E
13947,Thái Bình-438.jpeg,0.6798296868801117,106.35076939087223N,20.427120641150832E
13949,Trà Vinh City-2560.jpeg,0.6797534935176373,106.33176564748287N,9.980955576162524E
13951,Sa Đéc City-2093.jpeg,0.6796773634850979,105.7463409398341N,10.338134408352138E
13953,Cao Lanh City-4122.jpeg,0.6796587035059929,105.59202254667983N,10.486392741919497E
13957,Phu Ly City-3714.jpeg,0.679582454264164,105.95454239361126N,20.574753879034187E
13961,Phu Ly City-1723.jpeg,0.6795447412878275,105.94303055752071N,20.537024809672698E
13964,Tam Điệp-982.jpeg,0.6794786117970943,105.96129067021118N,20.130475207820087E
13965,Cao Lanh City-223.jpeg,0.6794700473546982,105.6112058768205N,10.413629536724375E
13970,Go Cong Town-2215.jpeg,0.6793194971978664,106.68818259760518N,10.40077927427014E
13974,Thanh Liêm District-4338.jpeg,0.6792275719344616,105.8945023062096N,20.461225079573314E
13978,Tây Ninh City-2593.jpeg,0.679015725851059,106.07702317758954N,11.358254774544713E
13981,Bến Tre City-2060.jpeg,0.6789834015071392,106.35432355388139N,10.244847473363206E
13984,Mỹ Tho-2227.jpeg,0.6789560765028,106.40397873829461N,10.367787006348378E
13997,Long Hồ District-2200.jpeg,0.6786414906382561,106.00984131843998N,10.171507372192416E
13999,Châu Thành District-7858.jpeg,0.678621269762516,106.4292642356394N,10.305515674242919E
14003,Châu Thành District-6292.jpeg,0.6784874871373177,106.19918941273308N,10.296083406902813E
14004,Long Xuyen City-2593.jpeg,0.6784864328801632,105.39064265589703N,10.367746007498214E
14007,Trà Vinh City-3322.jpeg,0.6783665269613266,106.30714074945278N,10.006557444657087E
14012,Thanh Liêm District-4900.jpeg,0.6782745681703091,105.89594036308324N,20.46930988015077E
14014,Duy Tiên District-3755.jpeg,0.6782601252198219,105.97776998812962N,20.649690445820323E
14015,Trà Vinh City-3089.jpeg,0.6782584153115749,106.32492539803008N,9.997125177316981E
14017,Tam Điệp-1158.jpeg,0.6782006360590458,105.90387413338686N,20.134517608108812E
14020,Thái Bình-1978.jpeg,0.6781358420848846,106.37090319277254N,20.45945984346067E
14023,Cai Lậy Town-6294.jpeg,0.6780829094350338,106.09365879584597N,10.481436178892595E
14027,Cai Lậy Town-1076.jpeg,0.6779793202877045,106.14709211555929N,10.383071105202898E
14031,Hung Yen City-2810.jpeg,0.6776960138231516,106.07488417374337N,20.686638545257086E
14032,Tây Ninh City-6282.jpeg,0.6776479855179787,106.18010463239294N,11.421585712399843E
14034,Sa Đéc City-584.jpeg,0.677569892257452,105.7353838714898N,10.284235737837246E
14035,Trà Vinh City-2082.jpeg,0.6775647848844528,106.37417519409016N,9.968828375296683E
14040,Mỹ Tho-2000.jpeg,0.6773972772061825,106.30946202014958N,10.365092072822634E
14045,Cai Lậy Town-2729.jpeg,0.6773454174399376,106.10872973217536N,10.41271537398609E
14047,Bến Tre City-1381.jpeg,0.6772660575807095,106.37212399834277N,10.232720272497357E
14050,Bến Tre City-2220.jpeg,0.6772138923406601,106.34063090429568N,10.24754240688895E
14054,Trà Vinh City-1348.jpeg,0.6769900396466255,106.3372378470451N,9.945921440327869E
14057,Cao Lanh City-1326.jpeg,0.6769019663333893,105.63175944482836N,10.431146604641716E
14058,Cai Lậy Town-5767.jpeg,0.6768742501735687,106.13887160483415N,10.46930897802674E
14070,Cao Lanh City-3666.jpeg,0.6766851469874382,105.61257611468767N,10.476960474579384E
14072,Tam Điệp-783.jpeg,0.6766608357429504,105.88377834549836N,20.127780274294267E
14073,Long Hồ District-738.jpeg,0.6766537241637707,105.91947113003765N,10.153990304275084E
14075,Tây Ninh City-4800.jpeg,0.6766022890806198,106.14024646986898N,11.393288910379463E
14077,Chau Doc City-3983.jpeg,0.6765679158270359,105.08779533349806N,10.698479942555121E
14080,Hoa Lư District-2125.jpeg,0.6764704808592796,105.93634534778548N,20.237068310440655E
14086,Go Cong Town-2832.jpeg,0.6763888224959373,106.67311243874127N,10.415601408661741E
14089,Trà Vinh City-1279.jpeg,0.6763257682323456,106.34271004660732N,9.941879040039257E
14093,Cai Lậy Town-189.jpeg,0.6762926951050758,106.11146990241708N,10.362859103759812E
14097,Cai Lậy Town-544.jpeg,0.6762373819947243,106.12106049826308N,10.373638837862787E
14099,Thái Bình-3360.jpeg,0.6762062539346516,106.36227442052956N,20.503926246636713E
14107,Tây Ninh City-4359.jpeg,0.6760318800806999,106.1251278564978N,11.386551576565088E
14108,Tây Ninh City-5766.jpeg,0.676021620631218,106.13749763107424N,11.41080597829684E
14110,Long Hồ District-9030.jpeg,0.6760128661990166,105.96465622423881N,10.307601515242501E
14112,Long Hồ District-6124.jpeg,0.6759807504713535,105.92768660171058N,10.23888071033602E
14113,Long Hồ District-2364.jpeg,0.6759805865585804,105.92494811115294N,10.174202305718163E
14116,Vĩnh Long-253.jpeg,0.6759592816233635,105.97334522383586N,10.232827803722667E
14120,Hoa Lư District-5156.jpeg,0.6759286820888519,105.92916415903117N,20.323306183266826E
14123,Yên Mỹ District-2380.jpeg,0.6758502908051014,105.99166442742427N,20.893614076835348E
14130,Long Hồ District-253.jpeg,0.6756221763789654,105.93590207338352N,10.145905503697852E
14134,Long Hồ District-5640.jpeg,0.6755597181618214,105.92494811115294N,10.22810097623304E
14137,Cai Lậy Town-5776.jpeg,0.6754634827375412,106.15120237092184N,10.46930897802674E
14147,Bến Tre City-500.jpeg,0.675295602530241,106.38581664792846N,10.211160804291403E
14150,Hiệp Hòa District-6439.jpeg,0.675152875483036,105.97894090826068N,21.345681081578324E
14153,Phu Ly City-1886.jpeg,0.6750278454273939,105.93007974191885N,20.539719743198518E
14154,Sa Đéc City-1575.jpeg,0.6750263702124357,105.73675350503285N,10.31792240690905E
14155,Go Cong Town-1281.jpeg,0.6750257797539234,106.65941229431952N,10.37652487253844E
14157,Hiệp Hòa District-4725.jpeg,0.6749542392790318,106.0078719989256N,21.32277414660878E
14158,Tây Ninh City-4604.jpeg,0.6749442853033543,106.10176272674236N,11.390593976853712E
14159,Go Cong Town-399.jpeg,0.6749098375439644,106.69503266981602N,10.352270470806737E
14165,Long Hồ District-229.jpeg,0.6747115850448608,106.02490301650705N,10.14455803693498E
14168,Long Xuyen City-4817.jpeg,0.6746825277805328,105.38790295990641N,10.417602277724498E
14171,Hoa Lư District-3152.jpeg,0.6746132485568523,105.93490911003464N,20.273449913039194E
14174,Chau Doc City-1668.jpeg,0.6745649054646492,105.12481924635865N,10.660750873194672E
14179,Long Xuyen City-186.jpeg,0.6744837127625942,105.47694307960226N,10.311152403457575E
14185,Cai Lậy Town-6352.jpeg,0.6742909550666809,106.10872973217536N,10.48278364565547E
14186,Châu Thành District-1857.jpeg,0.6741481237113476,106.4018743757696N,10.266439138119624E
14189,Châu Thành District-7121.jpeg,0.674079529941082,106.22657927260288N,10.301473273954299E
14190,Tây Ninh City-2815.jpeg,0.6740290969610214,106.16498601902181N,11.360949708070462E
14196,Binh Minh Town-2246.jpeg,0.6739499866962433,105.87205813580505N,10.045026007118615E
14198,Binh Minh Town-1267.jpeg,0.673841867595911,105.84468912301752N,10.024814005675537E
14202,Tây Ninh City-2769.jpeg,0.6737604811787605,106.10176272674236N,11.360949708070462E
14203,Ninh Bình-1975.jpeg,0.6737604755908251,105.97588912894847N,20.26712934397508E
14204,Tây Ninh City-1569.jpeg,0.6737060025334358,106.08939295216592N,11.338042773101586E
14206,Vĩnh Long-1871.jpeg,0.6736166253685951,105.93363460253244N,10.262472072505853E
14213,Cao Lanh City-1995.jpeg,0.6734407991170883,105.63038920696117N,10.441926338744695E
14215,Tây Ninh City-2126.jpeg,0.6733980551362038,106.15536508324013N,11.348822507204586E
14216,Trà Vinh City-675.jpeg,0.6733918115496635,106.34544614638844N,9.914929704781827E
14217,Bến Tre City-1179.jpeg,0.6733864955604076,106.36253914363279N,10.228677872208738E
14218,Hiệp Hòa District-6680.jpeg,0.6733806538395584,105.91963217239763N,21.349723481867073E
14220,Long Hồ District-2125.jpeg,0.6732834205031395,105.90714792252824N,10.171507372192416E
14221,Tây Ninh City-476.jpeg,0.6732379794120789,106.12375343710043N,11.311093437844091E
14223,Binh Minh Town-858.jpeg,0.6732279136776924,105.85016292557502N,10.015381738335437E
14224,Tây Ninh City-2603.jpeg,0.6732234358787537,106.09076737156332N,11.358254774544713E
14234,Phu Ly City-3800.jpeg,0.6729063838720322,105.92288484436223N,20.577448812560007E
14239,Phu Ly City-3410.jpeg,0.6728491559624672,105.90130015169242N,20.56801654521964E
14240,Hiệp Hòa District-5722.jpeg,0.6728225275874138,106.00353233532584N,21.336248814237923E
14242,Cao Lanh City-3588.jpeg,0.6727276220917702,105.58928207094542N,10.47561300781652E
14245,Cai Lậy Town-2508.jpeg,0.6726367101073265,106.18682458406407N,10.407325506934605E
14248,Châu Thành District-6633.jpeg,0.6726148426532745,106.3868099528412N,10.297430873665688E
14250,Thái Bình-2379.jpeg,0.6725303009152412,106.38384635113702N,20.468892110801047E
14258,Go Cong Town-1203.jpeg,0.6723124571144581,106.69092262648952N,10.373829939012698E
14260,Go Cong Town-7.jpeg,0.6722258487716317,106.65941229431952N,10.336100869652268E
14264,Long Xuyen City-2855.jpeg,0.6721482500433922,105.38790295990641N,10.373135874549702E
14268,Thái Bình-2202.jpeg,0.6719810217618942,106.36227442052956N,20.46484971051231E
14273,Hung Yen City-689.jpeg,0.6717521548271179,106.10368567323044N,20.626002540926088E
14281,Hiệp Hòa District-770.jpeg,0.6713545210659504,105.97026158106122N,21.25540080846303E
14282,Mỹ Tho-2907.jpeg,0.6713383197784424,106.39302027821981N,10.379914207214231E
14286,Mỹ Tho-1286.jpeg,0.6712791323661804,106.31631105769634N,10.352964871956782E
14292,Tây Ninh City-3650.jpeg,0.6711231917142868,106.08114643578168N,11.375771842462086E
14296,Trà Vinh City-777.jpeg,0.6710616834461689,106.32492539803008N,9.918972105070441E
14301,Phu Ly City-3049.jpeg,0.6709664314985275,105.96461525019052N,20.559931744642174E
14305,Yên Mỹ District-2647.jpeg,0.670885443687439,106.02628014033344N,20.897656477124087E
14308,Thanh Liêm District-1570.jpeg,0.6708435565233231,105.92613955742995N,20.419453609923103E
14313,Vĩnh Long-1597.jpeg,0.670731708407402,105.910355962458N,10.258429672217233E
14321,Long Hồ District-3983.jpeg,0.6705340854823589,105.98245641286351N,10.194414307161237E
14323,Bến Tre City-912.jpeg,0.6705199033021927,106.39129370776274N,10.22194053839438E
14324,Long Hồ District-5231.jpeg,0.6705177947878838,105.99751811093057N,10.218668708892936E
14325,Hiệp Hòa District-5294.jpeg,0.6704992465674877,105.98906678999342N,21.33085894718627E
14331,Long Hồ District-2422.jpeg,0.6703750882297754,106.0043643373247N,10.174202305718163E
14332,Long Hồ District-1070.jpeg,0.6703677140176296,105.97424094119057N,10.158032704563702E
14335,Bac Giang City-2029.jpeg,0.6702786460518837,106.2545682256048N,21.28204721077117E
14347,Tam Điệp-1784.jpeg,0.6700320243835449,105.8478930099831N,20.146644808974987E
14349,Long Xuyen City-3169.jpeg,0.6699906326830387,105.45091596769116N,10.378525741601193E
14351,Duy Tiên District-2581.jpeg,0.6699462085962296,105.96337194010802N,20.633520844665398E
14354,Tây Ninh City-6388.jpeg,0.6698834225535393,106.16086276082966N,11.42428064592559E
14357,Ninh Bình-2003.jpeg,0.6698595806956291,105.96296340069738N,20.26847681073798E
14358,Cao Lanh City-2424.jpeg,0.6698503345251083,105.59339278454698N,10.450011139321935E
14359,Long Hồ District-3304.jpeg,0.6698417663574219,105.99204112981529N,10.184982039821136E
14360,Hiệp Hòa District-5840.jpeg,0.6698047406971455,106.0208909897248N,21.337596281000838E
14361,Long Hồ District-8.jpeg,0.6698034703731537,106.01394905427645N,10.135125769594875E
14372,Bac Giang City-1362.jpeg,0.6695610955357552,106.21986525073754N,21.269920009904936E
14376,Trà Vinh City-387.jpeg,0.6694628149271011,106.3372378470451N,9.905497437441726E
14380,Long Hồ District-7073.jpeg,0.6694227010011673,105.98930263925763N,10.269872445882076E
14385,Cai Lậy Town-3467.jpeg,0.6693112552165985,106.11283998753794N,10.427537508377691E
14393,Trà Vinh City-1548.jpeg,0.6691522970795631,106.32355734813949N,9.954006240905096E
14397,Mỹ Hào District-2748.jpeg,0.6691058501601219,106.03438322742775N,20.947360678002212E
14405,Thái Bình-605.jpeg,0.6688923947513103,106.3565219057009N,20.43116304143958E
14406,Trà Vinh City-1948.jpeg,0.668873630464077,106.31945319846783N,9.96613344177094E
14410,Cao Lanh City-5190.jpeg,0.6687912940979004,105.57694993014067N,10.510647143651203E
14411,Mỹ Tho-2253.jpeg,0.6687833480536938,106.33137894029916N,10.369134473111249E
14414,Cai Lậy Town-2936.jpeg,0.6687327548861504,106.12928100898819N,10.416757774274714E
14416,Duy Tiên District-3426.jpeg,0.6686953352764249,105.927376820054N,20.645648045531594E
14417,Long Hồ District-3326.jpeg,0.6686846502125263,106.02216452594939N,10.184982039821136E
14418,Phu Ly City-1511.jpeg,0.6686679422855377,105.8840323975566N,20.53432987614687E
14420,Cai Lậy Town-3686.jpeg,0.6685352921485901,106.13613143459246N,10.43157990866631E
14421,Cao Lanh City-4626.jpeg,0.6684945113956928,105.62764873122678N,10.495825009259605E
14423,Tây Ninh City-1264.jpeg,0.6683938056230545,106.08801853276857N,11.331305439287211E
14427,Go Cong Town-1703.jpeg,0.6683506928384304,106.69092262648952N,10.387304606641418E
14429,Go Cong Town-1103.jpeg,0.6683104857802391,106.69092262648952N,10.371135005486948E
14459,Yên Mỹ District-1023.jpeg,0.6675505042076111,106.03637638993193N,20.870707141865832E
14464,Long Hồ District-5662.jpeg,0.6674395240843296,105.96054848840235N,10.22810097623304E
14471,Cao Lanh City-3315.jpeg,0.6673539727926254,105.62079754189082N,10.46887567400215E
14477,Bến Tre City-1306.jpeg,0.66721211373806,106.36253914363279N,10.231372805734486E
14478,Cai Lậy Town-5287.jpeg,0.6671798750758171,106.16216305188868N,10.459876710686634E
14481,Tây Ninh City-6169.jpeg,0.6671288348734379,106.10863482372925N,11.420238245636966E
14484,Duy Tiên District-2393.jpeg,0.6669729351997375,105.96625154971235N,20.630825911139574E
14487,Cai Lậy Town-3910.jpeg,0.6668215617537498,106.14435194531758N,10.435622308954924E
14491,Cai Lậy Town-2657.jpeg,0.6666583884507418,106.10187930657109N,10.41136790722322E
14497,Cao Lanh City-1153.jpeg,0.6665936931967735,105.62764873122678N,10.428451671115972E
14500,Go Cong Town-2067.jpeg,0.6665412858128548,106.6306419910339N,10.398084340744397E
14501,Cai Lậy Town-3283.jpeg,0.6664897203445435,106.1525724560427N,10.423495108089071E
14506,Long Hồ District-3731.jpeg,0.6664354801177979,106.00299509204586N,10.190371906872624E
14507,Cao Lanh City-751.jpeg,0.6664234772324562,105.65642372643782N,10.421714337301607E
14510,Mỹ Hào District-1610.jpeg,0.6663604024797678,106.09785823083833N,20.92714867655852E
14513,Cao Lanh City-1533.jpeg,0.6663205251097679,105.68245824591448N,10.433841538167465E
14517,Sa Đéc City-677.jpeg,0.666202537715435,105.75729800817835N,10.286930671362994E
14521,Chau Doc City-1818.jpeg,0.6661752462387085,105.11796296619927N,10.663445806720416E
14526,Hiệp Hòa District-6449.jpeg,0.6660169959068298,105.99340645359317N,21.345681081578324E
14527,Hung Yen City-3126.jpeg,0.6660152897238731,106.05040289917935N,20.69741827936038E
14528,Long Hồ District-5245.jpeg,0.6659641824662685,105.92631735643175N,10.220016175655811E
14532,Yên Mỹ District-2277.jpeg,0.6658698823302984,106.08253067381081N,20.890919143309524E
14534,Cao Lanh City-1563.jpeg,0.6658285968005657,105.6070951632189N,10.435189004930333E
14536,Hung Yen City-2417.jpeg,0.6658178567886353,106.06624372389724N,20.674511344390886E
14539,Tây Ninh City-2740.jpeg,0.66573266685009,106.17048369661134N,11.359602241307586E
14542,Mỹ Tho-807.jpeg,0.6656414195895195,106.40671835331334N,10.343532604616676E
14543,Long Hồ District-2970.jpeg,0.6656187325716019,105.9865641487N,10.18093963953252E
14545,Go Cong Town-1440.jpeg,0.6655786335468292,106.6662623665304N,10.380567272827056E
14554,Cai Lậy Town-4100.jpeg,0.6653820164501667,106.19367500966834N,10.43831724248067E
14556,Phu Ly City-681.jpeg,0.6653609555214643,105.98763892237166N,20.51950774175486E
14561,Tây Ninh City-5557.jpeg,0.6652064472436905,106.13474879227947N,11.406763578008213E
14562,Tây Ninh City-3333.jpeg,0.6651511192321777,106.10176272674236N,11.370381975410586E
14569,Mỹ Hào District-1557.jpeg,0.6649467013776302,106.10795652683545N,20.92580120979561E
14571,Long Hồ District-3307.jpeg,0.664901614189148,105.99614886565175N,10.184982039821136E
14573,Hung Yen City-1913.jpeg,0.6648743338882923,106.07344409876902N,20.656994276473046E
14575,Hoa Lư District-947.jpeg,0.6648492310196161,105.94783524979243N,20.208771508419574E
14577,Trà Vinh City-1039.jpeg,0.6648383550345898,106.35365444573176N,9.92840437241054E
14579,Sa Đéc City-269.jpeg,0.6647777557373047,105.74086240566193N,10.274803470497138E
14580,Sa Đéc City-2782.jpeg,0.6647774949669838,105.72579643668855N,10.36777867713533E
14583,Mỹ Hào District-2156.jpeg,0.6647351197898388,106.0372684548555N,20.937928410661822E
14588,Châu Thành District-4210.jpeg,0.6646314784884453,106.279989499349N,10.28260873927409E
14589,Cao Lanh City-732.jpeg,0.6646256744861603,105.63038920696117N,10.421714337301607E
14590,Hiệp Hòa District-5300.jpeg,0.6646178737282753,105.99774611719289N,21.33085894718627E
14593,Trà Vinh City-1705.jpeg,0.6645786240696907,106.30714074945278N,9.95939610795658E
14594,Tây Ninh City-1930.jpeg,0.6645387224853039,106.15948834143228N,11.344780106915964E
14597,Cao Lanh City-1827.jpeg,0.6644760593771935,105.6262784933596N,10.439231405218955E
14598,Thái Bình-728.jpeg,0.6644339859485626,106.36083629182238N,20.433857974965385E
14601,Vĩnh Long-1470.jpeg,0.6643472611904144,105.97197589206677N,10.255734738691492E
14605,Sa Đéc City-1415.jpeg,0.6642812974750996,105.72716607023159N,10.312532539857562E
14609,Châu Thành District-1950.jpeg,0.6642250120639801,106.24164369553128N,10.267786604882494E
14614,Yên Mỹ District-1699.jpeg,0.6641879174858332,105.98589514193941N,20.882834342732053E
14617,Cai Lậy Town-1746.jpeg,0.6641607582569122,106.17723398821808N,10.393850839305879E
14619,Châu Thành District-5144.jpeg,0.6641342490911484,106.35531161399096N,10.28799860632558E
14621,Long Xuyen City-5185.jpeg,0.6641010940074921,105.44269687971922N,10.427034545064602E
14622,Hung Yen City-3153.jpeg,0.6640827879309654,106.03888229938451N,20.698765746123286E
14627,Hiệp Hòa District-6556.jpeg,0.6640145909041166,106.01221166252535N,21.347028548341235E
14628,Hung Yen City-1242.jpeg,0.6639909539371729,106.06480364892289N,20.638129741792287E
14630,Cai Lậy Town-5311.jpeg,0.6639601588249207,106.09776905120856N,10.461224177449507E
14634,Go Cong Town-1109.jpeg,0.6639398410916328,106.69914271314256N,10.371135005486948E
14635,Duy Tiên District-1487.jpeg,0.6639367267489433,105.98784862174475N,20.61735124351047E
14637,Thanh Liêm District-3901.jpeg,0.6639311015605927,105.94627235366109N,20.45448774575876E
14641,Cai Lậy Town-6423.jpeg,0.663858488202095,106.09365879584597N,10.485478579181216E
14642,Ninh Bình-281.jpeg,0.6638347133994102,105.97158055286475N,20.21862054051035E
14644,Long Xuyen City-3568.jpeg,0.663796428591013,105.43584763974262N,10.38661054217843E
14645,Long Hồ District-3076.jpeg,0.6637624129652977,105.9810871675847N,10.182287106295396E
14647,Hiệp Hòa District-3988.jpeg,0.663733683526516,105.99340645359317N,21.311994412505456E
14653,Trà Vinh City-2580.jpeg,0.6636157035827637,106.359126645294N,9.980955576162524E
14662,Châu Thành District-9829.jpeg,0.6634153798222542,106.34024719106255N,10.321685275397387E
14665,Long Hồ District-3848.jpeg,0.6633482817560434,105.90988641308587N,10.193066840398368E
14667,Hiệp Hòa District-5307.jpeg,0.6632363814860582,106.0078719989256N,21.33085894718627E
14671,Châu Thành District-5509.jpeg,0.6631250828504562,106.26903355540104N,10.290693539851324E
14678,Cai Lậy Town-677.jpeg,0.6630389913916588,106.11009981729622N,10.376333771388534E
14681,Sa Đéc City-1417.jpeg,0.6629595682024956,105.72990533731766N,10.312532539857562E
14684,Go Cong Town-1842.jpeg,0.6629178673028946,106.67311243874127N,10.391347006930033E
14686,Binh Minh Town-1082.jpeg,0.6629089377820492,105.83374151790251N,10.020771605386921E
14687,Trà Vinh City-1295.jpeg,0.662872176617384,106.33176564748287N,9.943226506802128E
14703,Châu Thành District-2855.jpeg,0.6625772565603256,106.19097245477215N,10.274523938696857E
14705,Hiệp Hòa District-3916.jpeg,0.6625607553869486,106.02378409879131N,21.310646945742537E
14707,Cao Lanh City-3581.jpeg,0.6625492721796036,105.57969040587507N,10.47561300781652E
14708,Mỹ Tho-3049.jpeg,0.6625122502446175,106.37932220312635N,10.382609140739975E
14710,Thái Bình-457.jpeg,0.6624799370765686,106.3780938363084N,20.427120641150832E
14712,Cai Lậy Town-6727.jpeg,0.6624645423144102,106.09776905120856N,10.497605780047069E
14720,Long Hồ District-9137.jpeg,0.6621255129575729,105.96602546951763N,10.310296448768243E
14736,Long Hồ District-3019.jpeg,0.6618639901280403,105.90304018669175N,10.182287106295396E
14737,Binh Minh Town-2540.jpeg,0.6618403531610966,105.80500405447562N,10.051763340932972E
14744,Trà Vinh City-547.jpeg,0.6615641266107559,106.33450174726396N,9.910887304493212E
14745,Bến Tre City-2888.jpeg,0.6615489646792412,106.35569281883996N,10.259669607754798E
14746,Sa Đéc City-1103.jpeg,0.6615472584962845,105.72579643668855N,10.301752805754587E
14747,Tây Ninh City-4778.jpeg,0.6615455634891987,106.11000924312664N,11.393288910379463E
14751,Long Hồ District-9415.jpeg,0.6614175066351891,105.98519490342119N,10.31838124934548E
14752,Ninh Bình-1896.jpeg,0.6614153534173965,105.97301674489265N,20.264434410449255E
14755,Sa Đéc City-1770.jpeg,0.6613586470484734,105.74908020692013N,10.324659740723416E
14760,Thanh Liêm District-1120.jpeg,0.6613268777728081,105.92613955742995N,20.410021342582734E
14762,Sa Đéc City-1622.jpeg,0.6612694934010506,105.75044984046319N,10.319269873671924E
14768,Mỹ Tho-3080.jpeg,0.6611940748989582,106.31768086520566N,10.383956607502846E
14772,Cai Lậy Town-535.jpeg,0.6611287668347359,106.10872973217536N,10.373638837862787E
14775,Long Hồ District-2136.jpeg,0.661083534359932,105.92220962059528N,10.171507372192416E
14778,Bến Tre City-2632.jpeg,0.6610429249703884,106.37897032313563N,10.254279740703309E
14781,Châu Thành District-532.jpeg,0.6609610393643379,106.24575217451175N,10.254311937253775E
14782,Go Cong Town-3265.jpeg,0.6608639061450958,106.68407255427864N,10.423686209238976E
14789,Cai Lậy Town-467.jpeg,0.6607723161578178,106.10050922145024N,10.372291371099921E
14790,Long Hồ District-4700.jpeg,0.6607679575681686,105.9865641487N,10.207888974789961E
14791,Trà Vinh City-2125.jpeg,0.660762395709753,106.35091834595066N,9.970175842059554E
14796,Mỹ Tho-628.jpeg,0.6606787890195847,106.36288451301418N,10.340837671090929E
14797,Cao Lanh City-436.jpeg,0.660653606057167,105.68245824591448N,10.41632447025012E
14801,Thanh Liêm District-5684.jpeg,0.6605888456106186,105.9247015005563N,20.48008961425405E
14810,Ninh Bình-800.jpeg,0.6603420511819422,105.97588912894847N,20.236137608428162E
14811,Tây Ninh City-2850.jpeg,0.6603040248155594,106.10451156553712N,11.362297174833339E
14812,Cao Lanh City-3066.jpeg,0.6602768525481224,105.60161421175015N,10.46348580695066E
14816,Duy Tiên District-2084.jpeg,0.6602308116853237,105.93457584406481N,20.626783510850842E
14817,Bến Tre City-1837.jpeg,0.6602218598127365,106.38307811801135N,10.240805073074588E
14821,Binh Minh Town-1845.jpeg,0.6601810157299042,105.87342658644441N,10.036941206541384E
14827,Bac Giang City-3000.jpeg,0.6600869707763195,106.20974354973457N,21.302259212214892E
14828,Hiệp Hòa District-5657.jpeg,0.6600818410515785,105.90950629066491N,21.336248814237923E
14835,Vĩnh Long-299.jpeg,0.6599044874310493,105.95965190614504N,10.23417527048554E
14841,Ninh Bình-827.jpeg,0.659772302955389,105.93854813622315N,20.23748507519107E
14843,Cao Lanh City-1175.jpeg,0.6596823632717133,105.65779396430501N,10.428451671115972E
14844,Long Xuyen City-4413.jpeg,0.6596076339483261,105.40982052783156N,10.406822543621512E
14846,Long Hồ District-967.jpeg,0.6595641523599625,105.97834867702704N,10.156685237800826E
14850,Trà Vinh City-35.jpeg,0.6594531759619713,106.35502249562234N,9.889327836287272E
14852,Tam Điệp-2475.jpeg,0.6593819111585617,105.84502218314192N,20.15742454307825E
14854,Long Hồ District-7447.jpeg,0.6593158766627312,106.01942603539176N,10.276609779696438E
14858,Hiệp Hòa District-4574.jpeg,0.6591865960508585,105.91818561786438N,21.321426679845857E
14868,Tây Ninh City-2441.jpeg,0.6589323729276657,106.08526969397381N,11.355559841018964E
14870,Hiệp Hòa District-3564.jpeg,0.6588914021849632,105.91818561786438N,21.306604545453805E
14872,Long Hồ District-6790.jpeg,0.6588388830423355,105.96602546951763N,10.26448257883059E
14875,Cai Lậy Town-6676.jpeg,0.6587671712040901,106.12517075362561N,10.493563379758449E
14878,Châu Thành District-5876.jpeg,0.6587429344654083,106.19508093375262N,10.293388473377066E
14885,Tây Ninh City-6118.jpeg,0.6585842370986938,106.12100459830566N,11.418890778874088E
14886,Chau Doc City-105.jpeg,0.658575352281332,105.08368156540244N,10.618979403545607E
14888,Cao Lanh City-4767.jpeg,0.6585103124380112,105.63449992056276N,10.49851994278535E
14891,Binh Minh Town-2031.jpeg,0.6584176123142242,105.85563672813252N,10.040983606829998E
14893,Hung Yen City-2958.jpeg,0.6583788953721523,106.04464259928191N,20.692028412308737E
14896,Cao Lanh City-4637.jpeg,0.6583403125405312,105.6427213477659N,10.495825009259605E
14900,Ninh Bình-916.jpeg,0.6583058349788189,105.9888148571995N,20.238832541953983E
14902,Tây Ninh City-2989.jpeg,0.6582598239183426,106.0797720163843N,11.364992108359088E
14904,Cao Lanh City-5126.jpeg,0.658211525529623,105.57832016800789N,10.507952210125461E
14906,Sa Đéc City-508.jpeg,0.6581803187727928,105.7463409398341N,10.2815408043115E
14910,Duy Tiên District-2755.jpeg,0.6580302082002163,105.94465447767993N,20.63621577819122E
14914,Ninh Bình-822.jpeg,0.657942172139883,106.00748535356213N,20.236137608428162E
14917,Go Cong Town-1506.jpeg,0.6578725278377533,106.68818259760518N,10.381914739589927E
14919,Phu Ly City-1676.jpeg,0.6578020509332418,105.9991507584622N,20.535677342909782E
14922,Duy Tiên District-983.jpeg,0.6577591374516487,105.95329330649288N,20.605224042644267E
14928,Duy Tiên District-3865.jpeg,0.6576431840658188,105.99360784095339N,20.651037912583238E
14936,Thanh Liêm District-7909.jpeg,0.6574525535106659,105.9764715480078N,20.523208550667178E
14938,Go Cong Town-235.jpeg,0.6574244983494282,106.67722248206778N,10.346880603755244E
14939,Mỹ Tho-2247.jpeg,0.6573795825242996,106.32316009524305N,10.369134473111249E
14946,Cai Lậy Town-1977.jpeg,0.6572975069284439,106.16353313700955N,10.397893239594495E
14950,Cai Lậy Town-4139.jpeg,0.6571984067559242,106.1375015197133N,10.439664709243544E
14951,Go Cong Town-1101.jpeg,0.6571570783853531,106.68818259760518N,10.371135005486948E
14952,Tam Điệp-1482.jpeg,0.6571375196799636,105.85363466366555N,20.141254941923357E
14956,Binh Minh Town-2823.jpeg,0.6569997724145651,105.86111053069003N,10.057153207984456E
14958,Long Hồ District-8458.jpeg,0.6569601632654667,105.97971792230587N,10.295474314376653E
14964,Tây Ninh City-2187.jpeg,0.6568073928356171,106.14849298625326N,11.350169973967462E
14965,Long Hồ District-2797.jpeg,0.6567916050553322,105.90167094141292N,10.17959217276965E
14970,Thái Bình-1142.jpeg,0.6566310524940491,106.37953196501553N,20.441942775542838E
14978,Châu Thành District-282.jpeg,0.6565145067870617,106.23068775158336N,10.25026953696516E
14979,Long Hồ District-5746.jpeg,0.6565135754644871,105.97287169591176N,10.229448442995913E
14984,Hoa Lư District-3483.jpeg,0.6564025189727545,105.97368752930801N,20.281534713616654E
14991,Cao Lanh City-4491.jpeg,0.6562699750065804,105.63038920696117N,10.493130075733859E
14993,Châu Thành District-4944.jpeg,0.6562461778521538,106.37859299488026N,10.286651139562707E
14994,Cao Lanh City-1702.jpeg,0.6562367007136345,105.68245824591448N,10.436536471693207E
14997,Long Hồ District-7895.jpeg,0.6560913547873497,106.01668754483413N,10.284694580273671E
14998,Thái Bình-1566.jpeg,0.6560345627367496,106.31193991577881N,20.451375042883214E
15000,Go Cong Town-836.jpeg,0.655995350331068,106.68407255427864N,10.364397671672586E
15003,Tây Ninh City-5333.jpeg,0.6559240631759167,106.12100459830566N,11.402721177719588E
15014,Duy Tiên District-5027.jpeg,0.655726969242096,105.98496901214044N,20.66855498050109E
15020,Tam Điệp-188.jpeg,0.6556424447335303,105.94406570916391N,20.114305606665184E
15024,Long Hồ District-4139.jpeg,0.655598558485508,105.98245641286351N,10.197109240686984E
15028,Long Hồ District-2519.jpeg,0.6554954424500465,105.98245641286351N,10.175549772481036E
15029,Chau Doc City-4423.jpeg,0.6554775889962912,105.12619050239051N,10.706564743132363E
15030,Trà Vinh City-491.jpeg,0.6554479487240314,106.31398099890559N,9.909539837730343E
15034,Trà Vinh City-837.jpeg,0.6553312614560127,106.35365444573176N,9.920319571833314E
15036,Cao Lanh City-997.jpeg,0.6552802994847298,105.6454618235003N,10.42575673759023E
15038,Cai Lậy Town-4993.jpeg,0.6551705151796341,106.1525724560427N,10.454486843635143E
15043,Long Hồ District-8660.jpeg,0.6550578698515892,105.96739471479646N,10.299516714665266E
15044,Hung Yen City-3347.jpeg,0.6550463289022446,106.02160139969224N,20.70550307993784E
15045,Long Hồ District-5739.jpeg,0.6550004072487354,105.96328697896001N,10.229448442995913E
15046,Thanh Liêm District-690.jpeg,0.6549950391054153,105.93332984179821N,20.399241608479457E
15055,Hiệp Hòa District-6877.jpeg,0.6547450497746468,105.92541839053061N,21.3524184153929E
15062,Binh Minh Town-2483.jpeg,0.6546022556722164,105.82142546214814N,10.050415874170099E
15065,Thanh Liêm District-5567.jpeg,0.6544706579297781,105.8945023062096N,20.478742147491147E
15067,Thái Bình-54.jpeg,0.6544259563088417,106.32632120285044N,20.405561172944275E
15068,Long Hồ District-6074.jpeg,0.6544246301054955,105.9235788658741N,10.237533243573147E
15070,Mỹ Tho-1100.jpeg,0.6543659716844559,106.39165047071049N,10.348922471668164E
15074,Long Hồ District-1578.jpeg,0.6542645804584026,105.9235788658741N,10.16477003837806E
15075,Long Hồ District-5541.jpeg,0.6542482301592827,105.9810871675847N,10.225406042707299E
15076,Cai Lậy Town-4946.jpeg,0.6542341448366642,106.1881946691849N,10.45313937687227E
15078,Cai Lậy Town-5785.jpeg,0.6542107239365578,106.16353313700955N,10.46930897802674E
15080,Long Hồ District-2839.jpeg,0.6541984602808952,105.95917924312353N,10.17959217276965E
15083,Trà Vinh City-325.jpeg,0.6540878284722567,106.3563905455129N,9.902802503915984E
15091,Vĩnh Long-1104.jpeg,0.6539525985717773,105.93089593899424N,10.250344871640005E
15094,Mỹ Tho-3694.jpeg,0.6539169326424599,106.32863932528045N,10.394736341605826E
15095,Bến Tre City-2326.jpeg,0.6539011001586914,106.37212399834277N,10.24888987365182E
15097,Cao Lanh City-712.jpeg,0.6538329422473907,105.60298444961734N,10.421714337301607E
15101,Cai Lậy Town-386.jpeg,0.6536595560610294,106.12517075362561N,10.369596437574177E
15104,Cao Lanh City-3309.jpeg,0.6536141261458397,105.61257611468767N,10.46887567400215E
15105,Cao Lanh City-1602.jpeg,0.6536133363842964,105.6605344400394N,10.435189004930333E
15106,Cao Lanh City-933.jpeg,0.653579518198967,105.67423681871132N,10.424409270827352E
15108,Thanh Liêm District-2525.jpeg,0.6535530909895897,105.86861728248384N,20.435623211078017E
15117,Bến Tre City-2834.jpeg,0.6533036045730114,106.37212399834277N,10.258322140991927E
15121,Hiệp Hòa District-48.jpeg,0.6532799042761326,105.97170813559445N,21.228451473204746E
15122,Thanh Liêm District-807.jpeg,0.6532597467303276,105.8815597943467N,20.403284008768185E
15127,Mỹ Hào District-1804.jpeg,0.6531547233462334,106.09785823083833N,20.931191076847256E
15130,Cai Lậy Town-5893.jpeg,0.6530431024730206,106.12380066850477N,10.472003911552486E
15135,Cai Lậy Town-2527.jpeg,0.6529830656945705,106.11558015777963N,10.40867297369747E
15136,Mỹ Hào District-1806.jpeg,0.6529450193047523,106.10074345826607N,20.931191076847256E
15142,Trà Vinh City-1192.jpeg,0.6528824865818024,106.32629344792062N,9.937836639750643E
15145,Tây Ninh City-5910.jpeg,0.652821734547615,106.16361159962439N,11.41350091182259E
15146,Long Xuyen City-3009.jpeg,0.6527057625353336,105.41666976780813N,10.375830808075445E
15148,Long Hồ District-2416.jpeg,0.6526627689599991,105.99614886565175N,10.174202305718163E
15149,Go Cong Town-2112.jpeg,0.6526363082230091,106.6922926409317N,10.398084340744397E
15150,Long Hồ District-5264.jpeg,0.6526127308607101,105.95233301672941N,10.220016175655811E
15154,Trà Vinh City-1220.jpeg,0.65251150354743,106.3303975975923N,9.939184106513508E
15156,Mỹ Hào District-2468.jpeg,0.6523838490247726,106.12238266397425N,20.94197081095056E
15157,Phu Ly City-2561.jpeg,0.6523821502923965,105.90130015169242N,20.55184694406471E
15161,Go Cong Town-863.jpeg,0.6521860659122467,106.64708216433996N,10.365745138435459E
15167,Duy Tiên District-1726.jpeg,0.6520622000098228,105.95905252570155N,20.621393643799195E
15169,Cai Lậy Town-2003.jpeg,0.652052253484726,106.09228871072513N,10.39924070635737E
15170,Hiệp Hòa District-435.jpeg,0.6520307194441557,105.98762023546017N,21.243273607596805E
15173,Thanh Liêm District-3972.jpeg,0.6519548036158085,105.91032093181974N,20.455835212521666E
15176,Mỹ Tho-3313.jpeg,0.6519006453454494,106.31631105769634N,10.387999007791462E
15185,Binh Minh Town-966.jpeg,0.651539571583271,105.83647841918126N,10.018076671861182E
15187,Cai Lậy Town-6449.jpeg,0.6514899730682373,106.12928100898819N,10.485478579181216E
15189,Mỹ Tho-2278.jpeg,0.6514229774475098,106.36562412803286N,10.369134473111249E
15191,Binh Minh Town-2742.jpeg,0.6513865403831005,105.82279391278752N,10.055805741221587E
15192,Cai Lậy Town-193.jpeg,0.6513461247086525,106.11695024290049N,10.362859103759812E
15197,Hiệp Hòa District-6277.jpeg,0.6512720696628094,105.8878079726662N,21.344333614815408E
15205,Go Cong Town-559.jpeg,0.6510000787675381,106.67037240985691N,10.357660337858226E
15206,Hoa Lư District-3191.jpeg,0.6509850025177002,105.92772792128032N,20.274797379802106E
15208,Long Hồ District-7034.jpeg,0.6509144604206085,106.02901075234352N,10.268524979119206E
15211,Tây Ninh City-1540.jpeg,0.6508820466697216,106.13062553408732N,11.336695306338713E
15215,Vĩnh Long-1848.jpeg,0.6508033685386181,105.9021399718435N,10.262472072505853E
15216,Long Hồ District-1487.jpeg,0.6507838852703571,105.94959452617174N,10.163422571615186E
15218,Thanh Liêm District-263.jpeg,0.650650292634964,105.89306424933591N,20.38172454056163E
15225,Bac Giang City-2056.jpeg,0.6505429521203041,106.18082440401182N,21.28339467753409E
15231,Hiệp Hòa District-6871.jpeg,0.6504459884017706,105.91673906333112N,21.3524184153929E
15232,Hiệp Hòa District-5433.jpeg,0.6504012569785118,105.89070108173271N,21.333553880712092E
15238,Go Cong Town-1171.jpeg,0.6503088138997555,106.64708216433996N,10.373829939012698E
15240,Thanh Liêm District-1242.jpeg,0.6502452567219734,105.93189178492456N,20.41271627610855E
15243,Hiệp Hòa District-6094.jpeg,0.6502107419073582,105.92541839053061N,21.34163868128958E
15245,Cao Lanh City-3698.jpeg,0.6500800363719463,105.65642372643782N,10.476960474579384E
15252,Ninh Bình-1035.jpeg,0.6499890498816967,105.99025104922738N,20.241527475479803E
15263,Cai Lậy Town-1051.jpeg,0.6497785225510597,106.11283998753794N,10.383071105202898E
15264,Bến Tre City-2922.jpeg,0.6497782915830612,106.4022478274313N,10.259669607754798E
15266,Thái Bình-2377.jpeg,0.6497393026947975,106.38097009372268N,20.468892110801047E
15270,Cai Lậy Town-4242.jpeg,0.6496538892388344,106.16901347749294N,10.441012176006414E
15271,Long Hồ District-606.jpeg,0.6496343649923801,106.02901075234352N,10.151295370749338E
15273,Duy Tiên District-2176.jpeg,0.6496159471571445,105.92881662485615N,20.62813097761375E
15277,Cai Lậy Town-6679.jpeg,0.6495836675167084,106.09091862560427N,10.494910846521323E
15281,Binh Minh Town-3493.jpeg,0.6495209727436304,105.81595165959065N,10.076017742664664E
15282,Tây Ninh City-1631.jpeg,0.6495183557271957,106.0921417909607N,11.339390239864464E
15284,Binh Minh Town-1172.jpeg,0.649499773979187,105.87479503708379N,10.022119072149795E
15289,Long Hồ District-3411.jpeg,0.6493540443480015,105.98930263925763N,10.18632950658401E
15290,Châu Thành District-1126.jpeg,0.6493168659508228,106.24027420253778N,10.261049271068135E
15295,Cao Lanh City-5154.jpeg,0.6491522118449211,105.56461778933597N,10.509299676888332E
15296,Bến Tre City-3350.jpeg,0.6491329446434975,106.3310460495857N,10.27314427538352E
15297,Duy Tiên District-4705.jpeg,0.6491131372749805,106.00656608417283N,20.66316511344944E
15299,Duy Tiên District-1084.jpeg,0.6490913555026054,105.96193213530586N,20.60791897617009E
15302,Sa Đéc City-319.jpeg,0.6490310318768024,105.743601672748N,10.276150937260013E
15305,Cao Lanh City-1104.jpeg,0.6489316523075104,105.6769772944457N,10.427104204353101E
15308,Tây Ninh City-490.jpeg,0.6488902568817139,106.07702317758954N,11.312440904606968E
15310,Duy Tiên District-3642.jpeg,0.648872897028923,105.9561729160972N,20.64834297905743E
15314,Thanh Liêm District-1257.jpeg,0.6488345861434937,105.8643031118629N,20.414063742871466E
15320,Tây Ninh City-2930.jpeg,0.6485725231468678,106.10726040433188N,11.363644641596215E
15327,Long Xuyen City-688.jpeg,0.6483727321028709,105.4810526235882N,10.324627071086296E
15344,Tây Ninh City-6650.jpeg,0.6480174511671066,106.16773485781654N,11.431017979739966E
15346,Hiệp Hòa District-6536.jpeg,0.6479837717488408,105.98328057186043N,21.347028548341235E
15347,Long Hồ District-5682.jpeg,0.64789654687047,105.98793339397882N,10.22810097623304E
15349,Hoa Lư District-457.jpeg,0.64787258207798,105.96363386505196N,20.197991774316304E
15350,Bến Tre City-2335.jpeg,0.6478695645928383,106.3844473829699N,10.24888987365182E
15352,Ninh Bình-195.jpeg,0.6477873437106609,105.9945596253111N,20.214578140221626E
15360,Vĩnh Long-1407.jpeg,0.6476310268044472,105.88570799061448N,10.255734738691492E
15361,Mỹ Hào District-2696.jpeg,0.6476196851581335,106.08343209369957N,20.9460132112393E
15362,Long Xuyen City-2886.jpeg,0.6476074643433094,105.43036824776134N,10.373135874549702E
15364,Trà Vinh City-1802.jpeg,0.6475960537791252,106.31671709868672N,9.962091041482322E
15366,Mỹ Tho-1195.jpeg,0.6475665885955095,106.41219758335073N,10.350269938431039E
15368,Châu Thành District-682.jpeg,0.6475373469293118,106.4292642356394N,10.255659404016646E
15385,Trà Vinh City-2892.jpeg,0.6472405195236206,106.32355734813949N,9.990387843502628E
15389,Tây Ninh City-1740.jpeg,0.6471774540841579,106.1581139220349N,11.340737706627339E
15392,Cai Lậy Town-4781.jpeg,0.647144615650177,106.16353313700955N,10.450444443346525E
15395,Hiệp Hòa District-6289.jpeg,0.6470395289361477,105.90516662706519N,21.344333614815408E
15397,Phu Ly City-412.jpeg,0.6469451952725649,105.88834933609054N,20.515465341466133E
15405,Tây Ninh City-668.jpeg,0.6467741541564465,106.12925111468995N,11.316483304895591E
15407,Cai Lậy Town-6039.jpeg,0.6467622742056847,106.14161177507587N,10.474698845078231E
15422,Tây Ninh City-5198.jpeg,0.6464771255850792,106.14024646986898N,11.400026244193837E
15424,Long Hồ District-1644.jpeg,0.6464571096003056,106.01394905427645N,10.16477003837806E
15430,Thanh Liêm District-940.jpeg,0.6462376862764359,105.91751121618802N,20.405978942294002E
15433,Tây Ninh City-4357.jpeg,0.6461822614073753,106.12237901770304N,11.386551576565088E
15439,Binh Minh Town-229.jpeg,0.6459977179765701,105.8843741915594N,9.997864670418105E
15440,Sa Đéc City-2603.jpeg,0.645985122770071,105.72853570377463N,10.359693876558092E
15441,Thanh Liêm District-4987.jpeg,0.6459671501070261,105.88587396496767N,20.470657346913683E
15450,Mỹ Tho-2565.jpeg,0.6457577962428331,106.33685817033654N,10.37452434016274E
15454,Tây Ninh City-5814.jpeg,0.6456639468669891,106.11550692071616N,11.412153445059715E
15455,Mỹ Tho-1456.jpeg,0.6456582099199295,106.33000913278981N,10.355659805482526E
15459,Duy Tiên District-429.jpeg,0.6455513462424278,105.97776998812962N,20.579622174148962E
15462,Trà Vinh City-2147.jpeg,0.6454922258853912,106.30440464967168N,9.971523308822425E
15463,Tây Ninh City-1978.jpeg,0.6454665921628475,106.13474879227947N,11.346127573678837E
15465,Mỹ Tho-2205.jpeg,0.6454197205603123,106.37384297308895N,10.367787006348378E
15478,Go Cong Town-3659.jpeg,0.6452066637575626,106.66489235208824N,10.430423543053335E
15480,Binh Minh Town-2161.jpeg,0.6451596915721893,105.84879447493567N,10.043678540355744E
15484,Go Cong Town-1785.jpeg,0.6450776793062687,106.6662623665304N,10.389999540167166E
15488,Duy Tiên District-3143.jpeg,0.6449050270020962,105.9460942824821N,20.641605645242862E
15494,Phu Ly City-1234.jpeg,0.6448211185634136,105.97181014774712N,20.528940009095233E
15497,Go Cong Town-2605.jpeg,0.6447394900023937,106.61420181772779N,10.411559008373121E
15498,Long Hồ District-6477.jpeg,0.644723579287529,106.01257980899764N,10.25235537796474E
15509,Hiệp Hòa District-8572.jpeg,0.6445786841213703,105.99485300812638N,21.38206268417704E
15510,Tam Điệp-2734.jpeg,0.6445160768926144,105.93545322864026N,20.16011947660407E
15511,Cai Lậy Town-2589.jpeg,0.6444582678377628,106.10461947681281N,10.410020440460348E
15520,Mỹ Tho-3469.jpeg,0.644227709621191,106.31631105769634N,10.39069394131721E
15528,Long Hồ District-7614.jpeg,0.644152082502842,105.9468560356141N,10.280652179985056E
15537,Mỹ Tho-3209.jpeg,0.6440115720033646,106.38891085569182N,10.385304074265717E
15542,Thanh Liêm District-2764.jpeg,0.6438807770609856,105.95921486552396N,20.43831814460384E
15544,Phu Ly City-3343.jpeg,0.643840940669179,105.88978831560186N,20.566669078456727E
15548,Vĩnh Long-1623.jpeg,0.6437954157590866,105.94595858845419N,10.258429672217233E
15556,Châu Thành District-964.jpeg,0.6436625067144632,106.20877586368749N,10.259701804305262E
15557,Binh Minh Town-1174.jpeg,0.6436177343130112,105.87753193836252N,10.022119072149795E
15562,Thái Bình-874.jpeg,0.6434897352010012,106.38097009372268N,20.436552908491205E
15563,Mỹ Tho-2362.jpeg,0.6434783339500427,106.37384297308895N,10.37048193987412E
15568,Thanh Liêm District-6138.jpeg,0.6434039399027824,105.91319704556706N,20.4868269480686E
15574,Hiệp Hòa District-7600.jpeg,0.6432424858212471,105.91529250879789N,21.363198149496224E
15576,Châu Thành District-8173.jpeg,0.6432214491069317,106.33750820507557N,10.308210607768663E
15578,Mỹ Hào District-3872.jpeg,0.6431605294346809,106.07910425255794N,20.97296254649756E
15582,Cai Lậy Town-2860.jpeg,0.6431111246347427,106.10735964705452N,10.415410307511838E
15583,Hiệp Hòa District-2594.jpeg,0.6431100182235241,105.96447536292821N,21.29043494429881E
15586,Tây Ninh City-563.jpeg,0.6430760659277439,106.11413250131875N,11.313788371369842E
15588,Duy Tiên District-1824.jpeg,0.642995860427618,105.96769135451449N,20.622741110562114E
15592,Bến Tre City-1182.jpeg,0.6429286897182465,106.36664693850851N,10.228677872208738E
15596,Binh Minh Town-1958.jpeg,0.642691932618618,105.84742602429628N,10.039636140067126E
15603,Thanh Liêm District-555.jpeg,0.642463430762291,105.90888287494612N,20.395199208190725E
15608,Bến Tre City-2462.jpeg,0.642360869795084,106.34336943421283N,10.251584807177563E
15609,Vĩnh Long-285.jpeg,0.6423583030700684,105.92267994837975N,10.23417527048554E
15613,Binh Minh Town-3546.jpeg,0.6422909051179886,105.82279391278752N,10.077365209427533E
15622,Mỹ Tho-2339.jpeg,0.6419026292860508,106.34233740037392N,10.37048193987412E
15624,Yên Mỹ District-1053.jpeg,0.6418831944465637,105.97724121371212N,20.87205460862875E
15632,Châu Thành District-636.jpeg,0.641615804284811,106.24849116049872N,10.255659404016646E
15640,Yên Mỹ District-3630.jpeg,0.6415006332099438,106.03060710444711N,20.91517354504195E
15643,Vĩnh Long-1313.jpeg,0.6414836533367634,105.98840787329577N,10.253039805165749E
15644,Sa Đéc City-626.jpeg,0.6414831168949604,105.7394927721189N,10.285583204600115E
15647,Long Hồ District-6786.jpeg,0.6414624489843845,105.96054848840235N,10.26448257883059E
15648,Phu Ly City-195.jpeg,0.6414530090987682,105.9142509672943N,20.50468560736285E
15651,Tây Ninh City-1549.jpeg,0.6413378566503525,106.14299530866373N,11.336695306338713E
15652,Tây Ninh City-375.jpeg,0.6413377150893211,106.11688134011352N,11.308398504318339E
15658,Chau Doc City-3694.jpeg,0.6412058137357235,105.11522045413554N,10.693090075503628E
15660,Yên Mỹ District-3047.jpeg,0.6411654874682426,106.03349174718953N,20.90439381093865E
15664,Cao Lanh City-501.jpeg,0.6410202756524086,105.65779396430501N,10.417671937012992E
15672,Phu Ly City-2423.jpeg,0.640777662396431,105.91281198778299N,20.54915201053889E
15673,Yên Mỹ District-1071.jpeg,0.6407656585797668,106.00320299839402N,20.87205460862875E
15674,Châu Thành District-6299.jpeg,0.6407331079244614,106.20877586368749N,10.296083406902813E
15675,Tây Ninh City-635.jpeg,0.6406879611313343,106.08389527457642N,11.316483304895591E
15676,Tây Ninh City-4785.jpeg,0.640675026923418,106.11963017890828N,11.393288910379463E
15678,Thanh Liêm District-1609.jpeg,0.6406673677265644,105.88012173747305N,20.42080107668601E
15679,Ninh Bình-1295.jpeg,0.6406276952475309,106.02328346586901N,20.246917342531432E
15680,Long Hồ District-1638.jpeg,0.6406022384762764,106.00573358260351N,10.16477003837806E
15683,Thái Bình-844.jpeg,0.6405188180506229,106.33782623250777N,20.436552908491205E
15684,Long Hồ District-5675.jpeg,0.6405075043439865,105.97834867702704N,10.22810097623304E
15688,Bac Giang City-3284.jpeg,0.6404426340013742,106.19817589144547N,21.3116914795553E
15690,Long Hồ District-2340.jpeg,0.6403835527598858,105.89208622446117N,10.174202305718163E
15696,Cao Lanh City-1944.jpeg,0.6402184069156647,105.67286658084413N,10.440578871981824E
15701,Cao Lanh City-850.jpeg,0.6401308700442314,105.6769772944457N,10.423061804064481E
15702,Mỹ Tho-3858.jpeg,0.6401122435927391,106.3724731655796N,10.39743127513157E
15704,Bến Tre City-1175.jpeg,0.6400841204449534,106.35706208379852N,10.228677872208738E
15706,Hoa Lư District-468.jpeg,0.6400378243997693,105.97943248031149N,20.197991774316304E
15709,Tây Ninh City-834.jpeg,0.6400109827518463,106.13749763107424N,11.320525705184215E
15710,Cao Lanh City-1845.jpeg,0.6400041803717613,105.65094277496904N,10.439231405218955E
15713,Tam Điệp-1355.jpeg,0.6399485822767019,105.8809075186571N,20.138560008397537E
15718,Châu Thành District-75.jpeg,0.6398802623152733,106.20877586368749N,10.24487966991367E
15720,Tam Điệp-3203.jpeg,0.6397921144962311,105.83066804893582N,20.166856810418608E
15722,Long Hồ District-4860.jpeg,0.6397863477468491,105.93864056394118N,10.211931375078578E
15724,Tây Ninh City-6311.jpeg,0.6397676318883896,106.13612321167683N,11.422933179162715E
15727,Tây Ninh City-3522.jpeg,0.6396127715706825,106.13337437288207N,11.373076908936339E
15730,Long Hồ District-899.jpeg,0.6395566910505295,106.02490301650705N,10.155337771037951E
15732,Hiệp Hòa District-1092.jpeg,0.6395403183996677,105.92541839053061N,21.264833075803434E
15733,Thanh Liêm District-1301.jpeg,0.6395229063928127,105.9275776143036N,20.414063742871466E
15736,Cao Lanh City-576.jpeg,0.639503974467516,105.64683206136746N,10.419019403775863E
15738,Cai Lậy Town-821.jpeg,0.6394911408424377,106.10735964705452N,10.379028704914282E
15746,Thanh Liêm District-3348.jpeg,0.6393770799040794,105.85567477062095N,20.44775041194421E
15749,Long Hồ District-4279.jpeg,0.6393379140645266,105.9756101864694N,10.19980417421273E
15751,Cai Lậy Town-132.jpeg,0.6393281258642673,106.12106049826308N,10.36016417023407E
15754,Thanh Liêm District-3575.jpeg,0.639230027794838,105.90025453370419N,20.450445345470033E
15755,Mỹ Tho-1757.jpeg,0.6391562670469284,106.41356739086008N,10.359702205771145E
15756,Duy Tiên District-5999.jpeg,0.6391230784356594,106.00656608417283N,20.698199249285135E
15757,Bến Tre City-1914.jpeg,0.6391019783914089,106.37897032313563N,10.242152539837459E
15766,Hoa Lư District-3543.jpeg,0.6388695053756237,105.95358020079591N,20.28288218037956E
15767,Hung Yen City-1189.jpeg,0.6388583108782768,106.07632424871774N,20.636782275029375E
15770,Mỹ Tho-3914.jpeg,0.6387959159910679,106.37932220312635N,10.398778741894443E
15771,Cai Lậy Town-4428.jpeg,0.6387413032352924,106.0991391363294N,10.445054576295032E
15772,Long Xuyen City-2832.jpeg,0.6386899575591087,105.44543657570988N,10.371788407786832E
15774,Mỹ Tho-2319.jpeg,0.6386415064334869,106.31494125018696N,10.37048193987412E
15776,Bac Giang City-3241.jpeg,0.6386116072535515,106.19094610501479N,21.310344012792378E
15782,Long Hồ District-3469.jpeg,0.6384199820458889,105.92084037531647N,10.18767697334688E
15786,Bến Tre City-2267.jpeg,0.6383192837238312,106.40498635734843N,10.24754240688895E
15798,Bac Giang City-105.jpeg,0.6380991153419018,106.19672993415931N,21.229496007017502E
15799,Tây Ninh City-592.jpeg,0.6380598358809948,106.09076737156332N,11.315135838132713E
15806,Trà Vinh City-900.jpeg,0.6379078663885593,106.3331336973734N,9.923014505359054E
15811,Long Hồ District-3989.jpeg,0.6377879716455936,105.99067188453644N,10.194414307161237E
15814,Long Hồ District-789.jpeg,0.6376957893371582,106.0112105637188N,10.153990304275084E
15822,Tam Điệp-735.jpeg,0.6375898867845535,105.91966368101353N,20.12643280753136E
15827,Thanh Liêm District-6764.jpeg,0.6374476328492165,105.98078571862875N,20.496259215408976E
15828,Cai Lậy Town-1039.jpeg,0.637409158051014,106.09639896608768N,10.383071105202898E
15830,Mỹ Tho-2929.jpeg,0.6373503692448139,106.31905067271501N,10.381261673977102E
15833,Cai Lậy Town-589.jpeg,0.6372872367501259,106.1827143287015N,10.373638837862787E
15835,Yên Mỹ District-915.jpeg,0.6372781377285719,105.98301049919701N,20.869359675102928E
15840,Binh Minh Town-3979.jpeg,0.6370179634541273,105.82553081406625N,10.089492410293376E
15844,Thanh Liêm District-4628.jpeg,0.6368783041834831,105.91032093181974N,20.46526747986205E
15853,Long Xuyen City-3761.jpeg,0.6367603279650211,105.44817627170053N,10.390652942467048E
15856,Thái Bình-1495.jpeg,0.636713482439518,106.30331114353582N,20.450027576120302E
15857,Long Hồ District-1954.jpeg,0.6366704814136028,105.9810871675847N,10.168812438666674E
15858,Hiệp Hòa District-5730.jpeg,0.636643186211586,106.01510477159182N,21.336248814237923E
15859,Long Hồ District-4257.jpeg,0.6366170607507229,105.94548679033528N,10.19980417421273E
15860,Hung Yen City-2166.jpeg,0.6366105880588293,106.05904334902549N,20.666426543813415E
15867,Long Hồ District-1208.jpeg,0.6365156546235085,106.01531829955528N,10.15938017132657E
15870,Thái Bình-495.jpeg,0.6364647932350636,106.36083629182238N,20.42846810791374E
15874,Long Xuyen City-3353.jpeg,0.6363922208547592,105.41940946379876N,10.38256814188981E
15878,Long Hồ District-7152.jpeg,0.6363110169768333,106.00299509204586N,10.271219912644948E
15879,Cai Lậy Town-902.jpeg,0.6362932696938515,106.1142100726588N,10.380376171677153E
15882,Cai Lậy Town-251.jpeg,0.6362702175974846,106.10324939169192N,10.365554037285555E
15885,Tam Điệp-643.jpeg,0.6362492498010397,105.89239082602198N,20.125085340768454E
15889,Cao Lanh City-3415.jpeg,0.6362104192376137,105.60024397388295N,10.471570607527898E
15893,Mỹ Tho-2910.jpeg,0.636090487241745,106.39712970074788N,10.379914207214231E
15894,Go Cong Town-1339.jpeg,0.6360867992043495,106.66900239541475N,10.37787233930131E
15896,Hoa Lư District-743.jpeg,0.6360504534095526,105.93347287228377N,20.20472910813085E
15902,Vĩnh Long-432.jpeg,0.6359442435204983,105.98840787329577N,10.236870204011284E
15907,Phu Ly City-1188.jpeg,0.6358438432216644,105.90561709022639N,20.528940009095233E
15909,Thái Bình-301.jpeg,0.6357821971178055,106.34214061862926N,20.4217307740992E
15910,Cai Lậy Town-1939.jpeg,0.6357786916196346,106.11146990241708N,10.397893239594495E
15914,Tây Ninh City-4718.jpeg,0.6356797516345978,106.14299530866373N,11.39194144361659E
15915,Tây Ninh City-2297.jpeg,0.6356366574764252,106.10038830734497N,11.352864907493213E
15919,Tây Ninh City-802.jpeg,0.6354656666517258,106.09351621035809N,11.320525705184215E
15925,Cai Lậy Town-1144.jpeg,0.6353498697280884,106.13339126435075N,10.38441857196577E
15929,Mỹ Hào District-3686.jpeg,0.6352360509335995,106.05313720570813N,20.963530279157165E
15932,Tây Ninh City-6292.jpeg,0.6351812481880188,106.11000924312664N,11.422933179162715E
15935,Duy Tiên District-1724.jpeg,0.6350946947932243,105.9561729160972N,20.621393643799195E
15943,Long Xuyen City-3432.jpeg,0.634875712916255,105.43447779174731N,10.383915608652682E
15955,Sa Đéc City-260.jpeg,0.6347618028521538,105.72853570377463N,10.274803470497138E
15960,Cao Lanh City-1394.jpeg,0.6346085481345654,105.60846540108611N,10.432494071404587E
15961,Sa Đéc City-245.jpeg,0.6345797255635262,105.77236397715177N,10.273456003734271E
15966,Cao Lanh City-3002.jpeg,0.6344772689044476,105.59476302241417N,10.462138340187787E
15971,Mỹ Tho-810.jpeg,0.6343256616964936,106.41082777584135N,10.343532604616676E
15973,Cai Lậy Town-4302.jpeg,0.6343075931072235,106.14298186019671N,10.442359642769288E
15978,Tam Điệp-2694.jpeg,0.6342531312257051,105.87803669181591N,20.16011947660407E
15984,Tây Ninh City-1501.jpeg,0.6340745314955711,106.07702317758954N,11.336695306338713E
15987,Mỹ Hào District-2304.jpeg,0.6340378969907761,106.12959573254362N,20.93927587742473E
15989,Mỹ Hào District-909.jpeg,0.6340024843811989,106.1310383462575N,20.91097907540357E
15995,Tây Ninh City-6710.jpeg,0.6339226886630058,106.16498601902181N,11.43371291326572E
15998,Châu Thành District-2766.jpeg,0.6338955424726009,106.36489806494536N,10.273176471933986E
16000,Long Hồ District-8124.jpeg,0.633876658976078,106.01805679011294N,10.288736980562286E
16002,Cai Lậy Town-5815.jpeg,0.6338501796126366,106.11009981729622N,10.470656444789617E
16005,Cao Lanh City-676.jpeg,0.6338066942989826,105.66875586724257N,10.420366870538738E
16006,Bến Tre City-2254.jpeg,0.6337839774787426,106.38718591288703N,10.24754240688895E
16007,Trà Vinh City-130.jpeg,0.6337777152657509,106.34818224616954N,9.894717703338756E
16011,Go Cong Town-457.jpeg,0.6337295398116112,106.65941229431952N,10.354965404332479E
16013,Vĩnh Long-2050.jpeg,0.6336824186146259,105.88981598592174N,10.266514472794467E
16017,Tây Ninh City-6578.jpeg,0.6336438357830048,106.11688134011352N,11.429670512977088E
16020,Bến Tre City-121.jpeg,0.6336014345288277,106.406355622307N,10.199033603425557E
16021,Hiệp Hòa District-7659.jpeg,0.6335687525570393,106.00063922625938N,21.363198149496224E
16025,Bến Tre City-3358.jpeg,0.6334447897970676,106.34200016925425N,10.27314427538352E
16027,Châu Thành District-1365.jpeg,0.633429117500782,106.416938798698N,10.262396737831006E
16029,Phu Ly City-2484.jpeg,0.6333944760262966,105.89410525413581N,20.550499477301795E
16031,Mỹ Tho-3046.jpeg,0.6332937479019165,106.37521278059832N,10.382609140739975E
16032,Long Hồ District-4141.jpeg,0.633292555809021,105.98519490342119N,10.197109240686984E
16034,Long Hồ District-1808.jpeg,0.6332851741462946,105.9345328281047N,10.167464971903803E
16035,Phu Ly City-3849.jpeg,0.6332831159234047,105.91568994680563N,20.57879627932292E
16039,Long Xuyen City-3014.jpeg,0.633109487593174,105.42351900778473N,10.375830808075445E
16040,Vĩnh Long-0.jpeg,0.6331044659018517,105.91309462599618N,10.222048069619692E
16043,Long Xuyen City-4343.jpeg,0.6330024152994156,105.38790295990641N,10.405475076858645E
16047,Mỹ Tho-2329.jpeg,0.6329628229141235,106.32863932528045N,10.37048193987412E
16049,Mỹ Tho-892.jpeg,0.6328987888991833,106.31631105769634N,10.34622753814242E
16051,Vĩnh Long-1021.jpeg,0.6328396834433079,105.9281572754561N,10.24899740487713E
16052,Châu Thành District-9045.jpeg,0.6328389160335064,106.30190138724483N,10.314947941583023E
16057,Bến Tre City-780.jpeg,0.6327101737260818,106.36527767354993N,10.219245604868638E
16062,Thái Bình-663.jpeg,0.632589727640152,106.35364564828656N,20.432510508202476E
16063,Cai Lậy Town-3026.jpeg,0.632586382329464,106.17175364773465N,10.418105241037583E
16066,Hung Yen City-2677.jpeg,0.6325180940330029,106.07776432369208N,20.682596144968354E
16074,Tam Điệp-174.jpeg,0.6323944553732872,105.91392202733114N,20.114305606665184E
16075,Ninh Bình-807.jpeg,0.6323893778026104,105.9859424731437N,20.236137608428162E
16078,Bac Giang City-2477.jpeg,0.6323335319757462,106.16491887386432N,21.291479478111572E
16080,Tây Ninh City-838.jpeg,0.632298618555069,106.14299530866373N,11.320525705184215E
16085,Sa Đéc City-1081.jpeg,0.6322629824280739,105.75181947400624N,10.300405338991713E
16091,Tây Ninh City-2036.jpeg,0.6321194618940353,106.12237901770304N,11.347475040441713E
16092,Long Hồ District-3628.jpeg,0.6320996284484863,105.99477962037295N,10.189024440109755E
16094,Thái Bình-258.jpeg,0.6320977136492729,106.3478931334579N,20.41903584057337E
16095,Cao Lanh City-678.jpeg,0.6320966146886349,105.67149634297695N,10.420366870538738E
16098,Trà Vinh City-1858.jpeg,0.6320237182080746,106.32902954770172N,9.963438508245199E
16100,Yên Mỹ District-2942.jpeg,0.632005088031292,105.9931067487955N,20.903046344175742E
16103,Bến Tre City-1672.jpeg,0.6319659203290939,106.3707547333842N,10.238110139548848E
16105,Long Xuyen City-2926.jpeg,0.6319300383329391,105.39475219988303N,10.374483341312578E
16114,Cai Lậy Town-2964.jpeg,0.6317414864897728,106.16764339237213N,10.416757774274714E
16117,Long Hồ District-4013.jpeg,0.6316134333610535,105.91262490364353N,10.195761773924112E
16119,Cai Lậy Town-645.jpeg,0.6315878033638,106.16353313700955N,10.374986304625663E
16122,Trà Vinh City-414.jpeg,0.6315590925514698,106.32082124835837N,9.906844904204599E
16125,Trà Vinh City-1143.jpeg,0.631537564098835,106.32629344792062N,9.935141706224899E
16128,Châu Thành District-5929.jpeg,0.6314394101500511,106.26766406240756N,10.293388473377066E
16133,Cai Lậy Town-3369.jpeg,0.6313139088451862,106.17175364773465N,10.424842574851947E
16134,Hung Yen City-2574.jpeg,0.6313035320490599,106.05328304912801N,20.67990121144253E
16135,Yên Mỹ District-1098.jpeg,0.6312308758497238,106.04214567541679N,20.87205460862875E
16138,Châu Thành District-8368.jpeg,0.631220068782568,106.34709465603N,10.309558074531536E
16139,Vĩnh Long-2134.jpeg,0.631207849830389,105.93363460253244N,10.26786193955734E
16140,Yên Mỹ District-2785.jpeg,0.631203681230545,105.99454907016673N,20.900351410649918E
16141,Mỹ Tho-2481.jpeg,0.6311819544062018,106.32589971026175N,10.373176873399867E
16144,Hiệp Hòa District-6459.jpeg,0.6309915967285633,106.0078719989256N,21.345681081578324E
16153,Sa Đéc City-637.jpeg,0.6308083236217499,105.75455874109232N,10.285583204600115E
16154,Tam Điệp-2500.jpeg,0.6307909227907658,105.8809075186571N,20.15742454307825E
16155,Cao Lanh City-4111.jpeg,0.6307739093899727,105.57694993014067N,10.486392741919497E
16161,Thanh Liêm District-4391.jpeg,0.6307129040360451,105.97071932051318N,20.461225079573314E
16163,Tây Ninh City-991.jpeg,0.6306935288012028,106.12237901770304N,11.324568105472839E
16165,Bac Giang City-1271.jpeg,0.6306315213441849,106.1764865321534N,21.268572543142028E
16166,Phu Ly City-3055.jpeg,0.6306311823427677,105.97324912725846N,20.559931744642174E
16171,Thái Bình-1963.jpeg,0.6305605731904507,106.34933126216508N,20.45945984346067E
16174,Thái Bình-2154.jpeg,0.6304997354745865,106.37377945018686N,20.463502243749414E
16179,Hiệp Hòa District-6882.jpeg,0.630329079926014,105.93265116319684N,21.3524184153929E
16180,Hung Yen City-1134.jpeg,0.6302854008972645,106.08784484851255N,20.635434808266467E
16185,Thanh Liêm District-3043.jpeg,0.630121223628521,105.96640514989222N,20.442360544892573E
16188,Bến Tre City-2928.jpeg,0.6300364099442959,106.32419972479286N,10.26101707451767E
16190,Phu Ly City-1577.jpeg,0.6299854479730129,105.97900504530372N,20.53432987614687E
16197,Long Hồ District-8511.jpeg,0.6297072917222977,105.95507150728706N,10.296821781139522E
16198,Bến Tre City-3235.jpeg,0.6296424642205238,106.32967678462713N,10.269101875094902E
16199,Long Hồ District-4732.jpeg,0.6296424120664597,105.94000980922003N,10.209236441552832E
16203,Thanh Liêm District-3156.jpeg,0.6296129673719406,105.85711282749462N,20.44505547841839E
16206,Long Xuyen City-5446.jpeg,0.6294208541512489,105.42077931179409N,10.436466812404714E
16208,Yên Mỹ District-1105.jpeg,0.6293587870895863,106.05224192501532N,20.87205460862875E
16210,Thanh Liêm District-1977.jpeg,0.6293469294905663,105.95346263802935N,20.42619094373765E
16211,Yên Mỹ District-1327.jpeg,0.629321813583374,106.043587996788N,20.876097008917483E
16213,Long Hồ District-8232.jpeg,0.629306323826313,105.96465622423881N,10.291431914088033E
16216,Sa Đéc City-111.jpeg,0.6291625611484051,105.74497130629103N,10.26941360344565E
16219,Cao Lanh City-429.jpeg,0.629036471247673,105.67286658084413N,10.41632447025012E
16220,Mỹ Hào District-3919.jpeg,0.6290166266262531,106.07044857027465N,20.97700494678629E
16226,Thanh Liêm District-3041.jpeg,0.6288712434470654,105.96352903614492N,20.442360544892573E
16230,Chau Doc City-2717.jpeg,0.6287834607064724,105.08368156540244N,10.678267941112024E
16237,Hiệp Hòa District-4538.jpeg,0.6286487057805061,105.99629956265962N,21.32007921308295E
16238,Cai Lậy Town-180.jpeg,0.6286466345191002,106.0991391363294N,10.362859103759812E
16241,Sa Đéc City-934.jpeg,0.6286230087280273,105.72168753605945N,10.296362938703094E
16242,Binh Minh Town-347.jpeg,0.6285992190241814,105.86384743196876N,10.001907070706721E
16243,Go Cong Town-4337.jpeg,0.6285651549696922,106.62653194770735N,10.443898210682066E
16249,Long Hồ District-5393.jpeg,0.6284049786627293,105.95096377145056N,10.222711109181553E
16250,Thanh Liêm District-2694.jpeg,0.628399208188057,105.85855088436827N,20.43831814460384E
16260,Thanh Liêm District-6679.jpeg,0.6280916333198547,105.97503349113417N,20.494911748646064E
16264,Tam Điệp-2716.jpeg,0.6279851458966732,105.90961578706928N,20.16011947660407E
16271,Cao Lanh City-3170.jpeg,0.6277634687721729,105.58106064374226N,10.466180740476403E
16272,Tây Ninh City-561.jpeg,0.6277409829199314,106.111383662524N,11.313788371369842E
16278,Duy Tiên District-3123.jpeg,0.6276370566338301,105.91729818643888N,20.641605645242862E
16279,Ninh Bình-1065.jpeg,0.627611368894577,105.94716528839054N,20.24287494224271E
16280,Mỹ Tho-1329.jpeg,0.6275853514671326,106.37521278059832N,10.352964871956782E
16285,Tây Ninh City-4251.jpeg,0.6275185346603394,106.09489062975544N,11.385204109802213E
16286,Chau Doc City-4883.jpeg,0.6274972390383482,105.10287914984868N,10.736209011915575E
16289,Châu Thành District-1199.jpeg,0.6274363175034523,106.40598285475006N,10.261049271068135E
16291,Sa Đéc City-82.jpeg,0.6274229660630226,105.7353838714898N,10.26806613668278E
16293,Go Cong Town-3677.jpeg,0.6273850202560425,106.68955261204736N,10.430423543053335E
16295,Cai Lậy Town-2858.jpeg,0.6273617371916771,106.10461947681281N,10.415410307511838E
16300,Tây Ninh City-2109.jpeg,0.627247903496027,106.13199995348471N,11.348822507204586E
16302,Châu Thành District-2003.jpeg,0.6272020973265171,106.31422682418624N,10.267786604882494E
16303,Mỹ Tho-2925.jpeg,0.6271818019449711,106.31357144267761N,10.381261673977102E
16308,Cao Lanh City-2457.jpeg,0.6270610988140106,105.63861063416432N,10.450011139321935E
16315,Chau Doc City-2578.jpeg,0.6268465667963028,105.13578929461362N,10.675573007586278E
16320,Cai Lậy Town-2291.jpeg,0.6267167646437883,106.1854544989432N,10.403283106645986E
16321,Bến Tre City-2907.jpeg,0.6266179904341698,106.38170885305276N,10.259669607754798E
16328,Chau Doc City-1675.jpeg,0.6264076977968216,105.0288313241275N,10.662098339957547E
16330,Trà Vinh City-503.jpeg,0.626381766051054,106.3303975975923N,9.909539837730343E
16331,Cai Lậy Town-5541.jpeg,0.626325685530901,106.12106049826308N,10.465266577738122E
16334,Thái Bình-1996.jpeg,0.6262935549020767,106.31193991577881N,20.460807310223583E
16336,Hiệp Hòa District-5415.jpeg,0.6262696906924248,106.01510477159182N,21.332206413949176E
16337,Long Hồ District-9295.jpeg,0.6262454241514206,105.98930263925763N,10.314338849056863E
16338,Duy Tiên District-2558.jpeg,0.6262355539947748,105.93025642965834N,20.633520844665398E
16342,Thanh Liêm District-2083.jpeg,0.6261732205748558,105.86142699811558N,20.42888587726348E
16343,Vĩnh Long-1599.jpeg,0.6261679828166962,105.91309462599618N,10.258429672217233E
16344,Cao Lanh City-4877.jpeg,0.6261289343237877,105.60161421175015N,10.501214876311098E
16345,Hiệp Hòa District-4621.jpeg,0.6260132528841496,105.98617368092694N,21.321426679845857E
16353,Chau Doc City-4461.jpeg,0.6258339695632458,105.10287914984868N,10.707912209895236E
16357,Long Hồ District-6410.jpeg,0.6257554329931736,106.01805679011294N,10.248312977676123E
16358,Go Cong Town-818.jpeg,0.625753603875637,106.65941229431952N,10.364397671672586E
16362,Chau Doc City-3036.jpeg,0.6257005110383034,105.15087311096424N,10.682310341400646E
16363,Tam Điệp-53.jpeg,0.6256849616765976,105.92253450785479N,20.10756827285065E
16367,Hiệp Hòa District-5002.jpeg,0.6256280988454819,105.99774611719289N,21.32681654689752E
16369,Tây Ninh City-1039.jpeg,0.6256162635982037,106.111383662524N,11.325915572235711E
16372,Long Hồ District-1601.jpeg,0.6255216524004936,105.95507150728706N,10.16477003837806E
16378,Châu Thành District-10566.jpeg,0.625407338142395,106.36489806494536N,10.333812476263239E
16395,Cai Lậy Town-4566.jpeg,0.6249997653067112,106.18134424358063N,10.446402043057908E
16403,Châu Thành District-10155.jpeg,0.6248904503881931,106.34709465603N,10.325727675686002E
16406,Hiệp Hòa District-2374.jpeg,0.6247516004368663,105.97460124466096N,21.286392544010077E
16408,Thanh Liêm District-1456.jpeg,0.6247109547257423,105.86142699811558N,20.41810614316019E
16412,Cai Lậy Town-4279.jpeg,0.6246612071990967,106.11146990241708N,10.442359642769288E
16429,Bac Giang City-1811.jpeg,0.6243758946657181,106.1678107884366N,21.27935227724534E
16431,Hiệp Hòa District-763.jpeg,0.6243241243064404,105.96013569932848N,21.25540080846303E
16434,Châu Thành District-1981.jpeg,0.6242629662156105,106.28409797832946N,10.267786604882494E
16435,Sa Đéc City-937.jpeg,0.6242563053965569,105.72579643668855N,10.296362938703094E
16438,Cai Lậy Town-1962.jpeg,0.6242220774292946,106.14298186019671N,10.397893239594495E
16442,Tây Ninh City-2938.jpeg,0.6240874081850052,106.1182557595109N,11.363644641596215E
16448,Long Hồ District-3556.jpeg,0.6239567995071411,105.89619396029765N,10.189024440109755E
16458,Phu Ly City-4074.jpeg,0.6237276121973991,105.95742035263392N,20.58418614637456E
16463,Cai Lậy Town-1334.jpeg,0.6235653385519981,106.16901347749294N,10.387113505491515E
16466,Go Cong Town-8.jpeg,0.6235284861177206,106.6758524676256N,10.336100869652268E
16475,Tây Ninh City-6323.jpeg,0.6232534572482109,106.15261624444537N,11.422933179162715E
16482,Thái Bình-3133.jpeg,0.6231330297887325,106.35796003440808N,20.491799045770513E
16485,Hiệp Hòa District-8535.jpeg,0.6230631992220879,106.03101687145754N,21.380715217414128E
16488,Chau Doc City-3720.jpeg,0.6229744227603078,105.15087311096424N,10.693090075503628E
16489,Thái Bình-3269.jpeg,0.6229740716516972,106.36946506406538N,20.497188912822157E
16492,Mỹ Tho-2634.jpeg,0.6229118928313255,106.3272695177711N,10.37587180692561E
16493,Chau Doc City-4867.jpeg,0.6228988841176033,105.0960228696893N,10.734861545152702E
16505,Trà Vinh City-3011.jpeg,0.6224688142538071,106.31808514857725N,9.99443024379124E
16506,Cao Lanh City-3873.jpeg,0.6224329993128777,105.62216777975802N,10.481002874868004E
16507,Bến Tre City-2142.jpeg,0.6224284656345844,106.35021575900566N,10.246194940126077E
16508,Cao Lanh City-1622.jpeg,0.6224262416362762,105.68793919738322N,10.435189004930333E
16509,Vĩnh Long-664.jpeg,0.6223790533840656,105.97334522383586N,10.242260071062768E
16510,Hung Yen City-3184.jpeg,0.6223624758422375,106.03024184953837N,20.700113212886198E
16516,Trà Vinh City-1730.jpeg,0.6221488621085882,106.34134199671676N,9.95939610795658E
16518,Cao Lanh City-1367.jpeg,0.6221115477383137,105.68793919738322N,10.431146604641716E
16521,Long Xuyen City-3155.jpeg,0.6220217999070883,105.43173809575667N,10.378525741601193E
16530,Phu Ly City-700.jpeg,0.6218295469880104,105.89698321315845N,20.52085520851777E
16537,Cao Lanh City-3540.jpeg,0.6217256225645542,105.6070951632189N,10.474265541053642E
16539,Thanh Liêm District-3828.jpeg,0.6216781288385391,105.98222377550239N,20.45314027899585E
16540,Duy Tiên District-433.jpeg,0.6216647066175938,105.98352920733824N,20.579622174148962E
16541,Hoa Lư District-4069.jpeg,0.6216076333075762,105.91336554377165N,20.29366191448283E
16542,Mỹ Tho-3551.jpeg,0.6215757764875889,106.32589971026175N,10.392041408080079E
16545,Go Cong Town-4689.jpeg,0.6215550377964973,106.64434213545564N,10.458720345073662E
16547,Go Cong Town-1404.jpeg,0.6214418960735202,106.68681258316299N,10.379219806064183E
16549,Thanh Liêm District-4347.jpeg,0.6214264146983624,105.90744481807246N,20.461225079573314E
16550,Hiệp Hòa District-6807.jpeg,0.6214070953428745,105.96447536292821N,21.351070948629985E
16554,Thanh Liêm District-1013.jpeg,0.6213358789682388,105.94052012616646N,20.407326409056914E
16555,Châu Thành District-2874.jpeg,0.6213342137634754,106.21699282164845N,10.274523938696857E
16556,Yên Mỹ District-3319.jpeg,0.6213244460523129,105.99454907016673N,20.909783677990298E
16559,Cao Lanh City-1494.jpeg,0.6212987452745438,105.629018969094N,10.433841538167465E
16563,Cao Lanh City-2171.jpeg,0.621205098927021,105.65094277496904N,10.444621272270446E
16564,Long Xuyen City-4758.jpeg,0.6211893260478973,105.4468064237052N,10.414907344198749E
16565,Thanh Liêm District-6968.jpeg,0.6211840286850929,105.92182538680898N,20.50030161569771E
16576,Mỹ Tho-3659.jpeg,0.6209731511771679,106.37658258810765N,10.393388874842957E
16578,Binh Minh Town-1269.jpeg,0.6208174861967564,105.84742602429628N,10.024814005675537E
16582,Mỹ Tho-1981.jpeg,0.6207782104611397,106.39165047071049N,10.36374460605976E
16585,Long Hồ District-4009.jpeg,0.6207144316285849,106.01805679011294N,10.194414307161237E
16588,Tam Điệp-3434.jpeg,0.6206883788108826,105.83497428919765N,20.16955174394442E
16589,Cai Lậy Town-5693.jpeg,0.6206677109003067,106.1347613494716N,10.467961511263871E
16590,Bac Giang City-1760.jpeg,0.6206567287445068,106.20974354973457N,21.278004810482425E
16593,Cai Lậy Town-785.jpeg,0.6205930113792419,106.16079296676783N,10.377681238151407E
16597,Duy Tiên District-5925.jpeg,0.6205354668200016,106.00224666976634N,20.694156848996396E
16598,Long Xuyen City-5150.jpeg,0.6205307170748711,105.4536556636818N,10.425687078301731E
16609,Mỹ Tho-3928.jpeg,0.6202687136828899,106.31631105769634N,10.400126208657317E
16614,Mỹ Hào District-1096.jpeg,0.6201691702008247,106.07766163884405N,20.916368942455218E
16617,Tây Ninh City-6190.jpeg,0.6201282329857349,106.13749763107424N,11.420238245636966E
16620,Hiệp Hòa District-3222.jpeg,0.6200917810201645,105.9471167085293N,21.301214678402133E
16621,Hung Yen City-890.jpeg,0.6200619302690029,106.1108860481022N,20.630044941214816E
16625,Cai Lậy Town-1560.jpeg,0.6200085654854774,106.14435194531758N,10.391155905780133E
16627,Cai Lậy Town-2752.jpeg,0.6199846938252449,106.14024168995502N,10.41271537398609E
16631,Tây Ninh City-5924.jpeg,0.6199626922607422,106.10038830734497N,11.414848378585464E
16635,Thái Bình-2580.jpeg,0.6198710426688194,106.37953196501553N,20.47428197785268E
16640,Thanh Liêm District-6876.jpeg,0.6197020569816232,105.8973784199569N,20.498954148934796E
16641,Long Hồ District-1753.jpeg,0.6196972280740738,106.0112105637188N,10.16611750514093E
16648,Binh Minh Town-113.jpeg,0.6195395886898041,105.87616348772315N,9.993822270129494E
16651,Trà Vinh City-2361.jpeg,0.6194509118795395,106.36596689474682N,9.975565709111041E
16653,Ninh Bình-555.jpeg,0.6194227263331413,105.96296340069738N,20.229400274613628E
16658,Long Hồ District-4720.jpeg,0.6192167513072491,105.9235788658741N,10.209236441552832E
16660,Ninh Bình-494.jpeg,0.6191957998089492,105.9916872412553N,20.226705341087808E
16661,Châu Thành District-2684.jpeg,0.619191862642765,106.22931825858986N,10.273176471933986E
16669,Hoa Lư District-3959.jpeg,0.6188839785754681,105.95070772529417N,20.290966980957013E
16670,Vĩnh Long-2021.jpeg,0.6188547611236572,105.93774259783969N,10.265167006031596E
16671,Hung Yen City-814.jpeg,0.6188281625509262,106.09648529835867N,20.628697474451904E
16673,Cao Lanh City-2391.jpeg,0.6188026070594788,105.6454618235003N,10.448663672559062E
16674,Cao Lanh City-2287.jpeg,0.6187854409217834,105.60161421175015N,10.447316205796186E
16678,Hung Yen City-744.jpeg,0.6187656112015247,106.08928492348691N,20.627350007688996E
16682,Tây Ninh City-6643.jpeg,0.6185679212212563,106.1581139220349N,11.431017979739966E
16685,Binh Minh Town-189.jpeg,0.6184534206986427,105.88711109283818N,9.996517203655236E
16690,Cao Lanh City-2632.jpeg,0.618342898786068,105.59613326028135N,10.454053539610552E
16695,Cao Lanh City-3129.jpeg,0.6182172037661076,105.6070951632189N,10.464833273713532E
16696,Cao Lanh City-1228.jpeg,0.6182102411985397,105.61394635255486N,10.429799137878842E
16698,Cao Lanh City-5063.jpeg,0.6181768700480461,105.63175944482836N,10.505257276599714E
16699,Mỹ Tho-3315.jpeg,0.6181375533342361,106.31905067271501N,10.387999007791462E
16712,Mỹ Tho-2534.jpeg,0.6178723126649857,106.39849950825723N,10.373176873399867E
16713,Sa Đéc City-1193.jpeg,0.6178713254630566,105.74086240566193N,10.30444773928033E
16717,Go Cong Town-2280.jpeg,0.617807611823082,106.62516193326519N,10.403474207795886E
16719,Long Hồ District-1035.jpeg,0.6177381463348866,105.91673263947999N,10.158032704563702E
16720,Bac Giang City-309.jpeg,0.617717482149601,106.20251376330387N,21.241623207883734E
16723,Thái Bình-1484.jpeg,0.6176640018820763,106.38240822242985N,20.44868010935739E
16729,Mỹ Tho-3991.jpeg,0.6175353191792965,106.38617124067312N,10.40147367542019E
16733,Tây Ninh City-6640.jpeg,0.6174265891313553,106.15399066384279N,11.431017979739966E
16735,Thái Bình-2318.jpeg,0.6174124926328659,106.37234132147972N,20.46754464403813E
16741,Cai Lậy Town-396.jpeg,0.6172448694705963,106.13887160483415N,10.369596437574177E
16746,Yên Mỹ District-3987.jpeg,0.6171569377183914,105.9931067487955N,20.92325834561943E
16749,Thanh Liêm District-3786.jpeg,0.6169935092329979,105.92182538680898N,20.45314027899585E
16751,Hiệp Hòa District-3580.jpeg,0.6169567741453648,105.9413304903963N,21.306604545453805E
16754,Cai Lậy Town-5823.jpeg,0.6168750748038292,106.12106049826308N,10.470656444789617E
16759,Bac Giang City-2776.jpeg,0.6167063936591148,106.21552737887913N,21.296869345163234E
16764,Hiệp Hòa District-9536.jpeg,0.6166391689330339,105.99340645359317N,21.406317085909514E
16767,Binh Minh Town-1399.jpeg,0.6166005171835423,105.8624789813294N,10.02750893920128E
16770,Cao Lanh City-1776.jpeg,0.6165103912353516,105.67012610510976N,10.437883938456077E
16774,Thanh Liêm District-2336.jpeg,0.616411104798317,105.9764715480078N,20.431580810789296E
16775,Tây Ninh City-1052.jpeg,0.6163897700607777,106.12925111468995N,11.325915572235711E
16777,Long Hồ District-3792.jpeg,0.6163639426231384,105.95917924312353N,10.191719373635499E
16782,Sa Đéc City-1460.jpeg,0.6163363009691238,105.73675350503285N,10.313880006620439E
16783,Duy Tiên District-354.jpeg,0.6162976510822773,105.97633018332745N,20.57557977386023E
16784,Tam Điệp-93.jpeg,0.6162339970469475,105.92109909443417N,20.110263206376466E
16785,Cai Lậy Town-4530.jpeg,0.6162086762487888,106.1320211792299N,10.446402043057908E
16786,Cai Lậy Town-1171.jpeg,0.6161803975701332,106.17038356261381N,10.38441857196577E
16791,Long Xuyen City-235.jpeg,0.6159974783658981,105.42077931179409N,10.31384733698332E
16794,Phu Ly City-3507.jpeg,0.615942370146513,105.96173729116788N,20.569364011982547E
16796,Cao Lanh City-2766.jpeg,0.615901168435812,105.6070951632189N,10.456748473136297E
16800,Long Xuyen City-396.jpeg,0.6157987527549267,105.44269687971922N,10.317889737271937E
16803,Mỹ Hào District-2527.jpeg,0.6157022416591644,106.08487470741343N,20.94331827771347E
16805,Hoa Lư District-4280.jpeg,0.6156959533691406,105.93921782328722N,20.297704314771565E
16807,Yên Mỹ District-608.jpeg,0.6156140752136707,106.0075299625076N,20.862622341288365E
16808,Go Cong Town-3154.jpeg,0.615537952631712,106.64160210657127N,10.422338742476105E
16810,Cao Lanh City-2902.jpeg,0.6155120730400085,105.62216777975802N,10.459443406662043E
16812,Binh Minh Town-727.jpeg,0.6154912859201431,105.82963616598438N,10.012686804809697E
16814,Châu Thành District-4695.jpeg,0.6154558658599854,106.33887769806907N,10.28530367279983E
16816,Hung Yen City-1207.jpeg,0.6154120750725269,106.10368567323044N,20.636782275029375E
16817,Tây Ninh City-41.jpeg,0.6153108924627304,106.12100459830566N,11.29627130345247E
16822,Cai Lậy Town-6158.jpeg,0.6151627600193024,106.13065109410903N,10.477393778603979E
16825,Chau Doc City-1301.jpeg,0.6151309907436371,105.11384919810367N,10.654013539380308E
16829,Mỹ Hào District-3392.jpeg,0.6150377430021763,106.08487470741343N,20.9567929453426E
16830,Long Hồ District-5366.jpeg,0.6150374710559845,105.91399414892234N,10.222711109181553E
16831,Cai Lậy Town-515.jpeg,0.6149961873888969,106.16627330725123N,10.372291371099921E
16837,Cai Lậy Town-2975.jpeg,0.6148771494626999,106.10187930657109N,10.418105241037583E
16840,Binh Minh Town-473.jpeg,0.6148159168660641,105.84058377109939N,10.005949470995336E
16844,Go Cong Town-2258.jpeg,0.61470066010952,106.67174242429908N,10.402126741033015E
16846,Châu Thành District-2194.jpeg,0.6146469935774803,106.37037603691932N,10.269134071645368E
16852,Mỹ Tho-3019.jpeg,0.6145167909562588,106.3382279778459N,10.382609140739975E
16853,Long Xuyen City-1919.jpeg,0.6145143769681454,105.41256022382217N,10.352923873106617E
16855,Châu Thành District-6251.jpeg,0.6144820563495159,106.42515575665892N,10.294735940139942E
16856,Long Hồ District-5778.jpeg,0.6144631430506706,106.01668754483413N,10.229448442995913E
16857,Chau Doc City-2069.jpeg,0.614420909434557,105.1330467825499N,10.66748820700904E
16859,Hiệp Hòa District-8834.jpeg,0.6143861040472984,106.0208909897248N,21.387452551228694E
16860,Vĩnh Long-881.jpeg,0.6143504492938519,105.95143591553051N,10.246302471351386E
16861,Binh Minh Town-1535.jpeg,0.6143088191747665,105.88300574092003N,10.030203872727025E
16862,Hiệp Hòa District-6689.jpeg,0.6143037043511868,105.93265116319684N,21.349723481867073E
16868,Cai Lậy Town-870.jpeg,0.6141167655587196,106.17449381797637N,10.379028704914282E
16872,Long Hồ District-7078.jpeg,0.614043653011322,105.99614886565175N,10.269872445882076E
16873,Cai Lậy Town-1218.jpeg,0.6140142604708672,106.1224305833839N,10.385766038728642E
16875,Binh Minh Town-3517.jpeg,0.613959975540638,105.84879447493567N,10.076017742664664E
16878,Yên Mỹ District-1486.jpeg,0.6139028482139111,106.04214567541679N,20.878791942443318E
16883,Tây Ninh City-4256.jpeg,0.613812230527401,106.10176272674236N,11.385204109802213E
16885,Trà Vinh City-2296.jpeg,0.6137597216293216,106.35502249562234N,9.974218242348169E
16887,Mỹ Hào District-1078.jpeg,0.613755477592349,106.136808801113N,20.915021475692306E
16888,Long Xuyen City-2658.jpeg,0.6136783882975578,105.38790295990641N,10.369093474261087E
16889,Yên Mỹ District-118.jpeg,0.6136693255975842,106.0205108548486N,20.846452740133422E
16890,Tam Điệp-1004.jpeg,0.6136021167039871,105.88951999918079N,20.131822674582992E
16894,Bến Tre City-330.jpeg,0.6135549284517765,106.4022478274313N,10.205770937239915E
16896,Cai Lậy Town-492.jpeg,0.6135043911635876,106.1347613494716N,10.372291371099921E
16901,Bến Tre City-141.jpeg,0.6134210973978043,106.37897032313563N,10.200381070188428E
16906,Duy Tiên District-5853.jpeg,0.6132751861587167,106.01376510818362N,20.69011444870766E
16907,Cai Lậy Town-4692.jpeg,0.6132420487701893,106.14435194531758N,10.449096976583652E
16908,Long Xuyen City-2623.jpeg,0.6132405232638121,105.43173809575667N,10.367746007498214E
16911,Ninh Bình-907.jpeg,0.6131815910339355,105.97588912894847N,20.238832541953983E
16912,Cai Lậy Town-6078.jpeg,0.6130845807492733,106.10598956193365N,10.476046311841102E
16917,Cai Lậy Town-731.jpeg,0.6130097694694996,106.08680837024171N,10.377681238151407E
16918,Duy Tiên District-2628.jpeg,0.6129521578550339,106.03104276580953N,20.633520844665398E
16921,Long Hồ District-5395.jpeg,0.6129004806280136,105.95370226200825N,10.222711109181553E
16925,Cai Lậy Town-6598.jpeg,0.6127803921699524,106.11146990241708N,10.490868446232705E
16931,Binh Minh Town-494.jpeg,0.6126901134848595,105.86932123452628N,10.005949470995336E
16933,Cai Lậy Town-6163.jpeg,0.6126619689166546,106.1375015197133N,10.477393778603979E
16937,Châu Thành District-4705.jpeg,0.6125157363712788,106.35257262800394N,10.28530367279983E
16939,Vĩnh Long-986.jpeg,0.612505491822958,105.98840787329577N,10.24764993811426E
16944,Hiệp Hòa District-7746.jpeg,0.6124429181218147,106.01365821705858N,21.36454561625914E
16945,Long Hồ District-4678.jpeg,0.6124389618635178,105.95644075256588N,10.207888974789961E
16946,Phu Ly City-3600.jpeg,0.6124332807958126,105.94446953703205N,20.57205894550837E
16947,Thanh Liêm District-3991.jpeg,0.6124153472483158,105.93764401241917N,20.455835212521666E
16948,Châu Thành District-4912.jpeg,0.612400446087122,106.3347692190886N,10.286651139562707E
16951,Mỹ Hào District-1089.jpeg,0.6123588494956493,106.15267755196567N,20.915021475692306E
16952,Mỹ Tho-1983.jpeg,0.6123345196247101,106.3943900857292N,10.36374460605976E
16953,Châu Thành District-4228.jpeg,0.6123334616422653,106.3046403732318N,10.28260873927409E
16954,Phu Ly City-772.jpeg,0.6123315859586,105.89122729511318N,20.522202675280678E
16956,Mỹ Hào District-2293.jpeg,0.6123194210231304,106.11372698169097N,20.93927587742473E
16958,Duy Tiên District-2866.jpeg,0.6122723966836929,105.97201076892097N,20.63756324495413E
16959,Duy Tiên District-1848.jpeg,0.612251304090023,106.00656608417283N,20.622741110562114E
16963,Cao Lanh City-3471.jpeg,0.612181082367897,105.59613326028135N,10.47291807429077E
16966,Cai Lậy Town-647.jpeg,0.6121543794870377,106.16627330725123N,10.374986304625663E
16971,Cao Lanh City-4313.jpeg,0.6120873130857944,105.5755796922735N,10.490435142208117E
16978,Tây Ninh City-824.jpeg,0.6119059026241302,106.12375343710043N,11.320525705184215E
16986,Cai Lậy Town-1452.jpeg,0.611698042601347,106.10735964705452N,10.38980843901726E
16987,Vĩnh Long-1497.jpeg,0.6116896830499172,105.89118531769084N,10.257082205454365E
16988,Mỹ Tho-2202.jpeg,0.6116743721067905,106.36973355056092N,10.367787006348378E
16994,Go Cong Town-4398.jpeg,0.6115880608558655,106.64708216433996N,10.445245677444937E
16999,Mỹ Tho-3146.jpeg,0.6115266680717468,106.40808816082269N,10.383956607502846E
17003,Tây Ninh City-3255.jpeg,0.6114169172942638,106.10726040433188N,11.369034508647713E
17006,Yên Mỹ District-187.jpeg,0.611355435103178,106.02339549759104N,20.849147673659246E
17009,Go Cong Town-4334.jpeg,0.6113412491977215,106.62242190438084N,10.443898210682066E
17011,Cai Lậy Town-5533.jpeg,0.611285075545311,106.11009981729622N,10.465266577738122E
17016,Mỹ Hào District-3340.jpeg,0.6112450985237956,106.1310383462575N,20.955445478579687E
17017,Long Xuyen City-4567.jpeg,0.6112157851457596,105.40160143985962N,10.410864943910134E
17018,Ninh Bình-2023.jpeg,0.6112144608050585,105.93998432825107N,20.26982427750089E
17024,Châu Thành District-8559.jpeg,0.6110328771173954,106.35805059997791N,10.310905541294407E
17025,Long Hồ District-4191.jpeg,0.6110163889825344,105.95370226200825N,10.198456707449855E
17036,Trà Vinh City-1553.jpeg,0.6109140664339066,106.3303975975923N,9.954006240905096E
17046,Vĩnh Long-1107.jpeg,0.6107459627091885,105.93500393430152N,10.250344871640005E
17047,Duy Tiên District-1897.jpeg,0.6107422932982445,105.93745545366913N,20.624088577325022E
17052,Yên Mỹ District-3226.jpeg,0.6105372197926044,106.07387674558356N,20.907088744464478E
17057,Cai Lậy Town-1008.jpeg,0.6104163452982903,106.15668271140524N,10.381723638440027E
17063,Long Xuyen City-3506.jpeg,0.6102783717215061,105.44269687971922N,10.385263075415558E
17065,Thanh Liêm District-2517.jpeg,0.6102414689958096,105.85711282749462N,20.435623211078017E
17067,Cai Lậy Town-3352.jpeg,0.6102338209748268,106.14846220068013N,10.424842574851947E
17073,Duy Tiên District-4264.jpeg,0.6100888978689909,106.02384374179874N,20.656427779634885E
17076,Long Hồ District-5268.jpeg,0.6100562959909439,105.95780999784469N,10.220016175655811E
17081,Hung Yen City-2539.jpeg,0.6100044883787632,106.06336357394854N,20.678553744679622E
17082,Cai Lậy Town-1956.jpeg,0.6100013628602028,106.1347613494716N,10.397893239594495E
17085,Long Xuyen City-158.jpeg,0.6099697947502136,105.43858733573327N,10.311152403457575E
17088,Tây Ninh City-1909.jpeg,0.6098676770925522,106.13062553408732N,11.344780106915964E
17090,Go Cong Town-1041.jpeg,0.6097864136099815,106.6758524676256N,10.369787538724077E
17093,Tây Ninh City-1137.jpeg,0.6096836403012276,106.08114643578168N,11.328610505761462E
17095,Duy Tiên District-2751.jpeg,0.6096602380275726,105.93889525847129N,20.63621577819122E
17104,Go Cong Town-2045.jpeg,0.609378207474947,106.67311243874127N,10.396736873981526E
17107,Long Hồ District-7661.jpeg,0.6092971302568913,106.0112105637188N,10.280652179985056E
17116,Mỹ Tho-2706.jpeg,0.6090285070240498,106.32316009524305N,10.377219273688485E
17120,Cao Lanh City-482.jpeg,0.608996357768774,105.63175944482836N,10.417671937012992E
17124,Cao Lanh City-1302.jpeg,0.6089247241616249,105.59887373601575N,10.431146604641716E
17132,Vĩnh Long-2299.jpeg,0.6087359078228474,105.910355962458N,10.273251806608831E
17137,Cao Lanh City-3493.jpeg,0.6086465455591679,105.6262784933596N,10.47291807429077E
17138,Cai Lậy Town-2608.jpeg,0.6086287721991539,106.13065109410903N,10.410020440460348E
17149,Sa Đéc City-1393.jpeg,0.6084800288081169,105.75044984046319N,10.311185073094691E
17152,Mỹ Tho-687.jpeg,0.6084158234298229,106.34507701539263N,10.342185137853802E
17158,Cao Lanh City-3607.jpeg,0.6083395481109619,105.61531659042207N,10.47561300781652E
17165,Chau Doc City-341.jpeg,0.6081515699625015,105.08368156540244N,10.62975913764859E
17167,Châu Thành District-4811.jpeg,0.6081134080886841,106.1964504267461N,10.286651139562707E
17171,Long Hồ District-2240.jpeg,0.6079920865595341,105.90988641308587N,10.172854838955288E
17172,Yên Mỹ District-2783.jpeg,0.6079814359545708,105.99166442742427N,20.900351410649918E
17177,Duy Tiên District-1411.jpeg,0.6078346632421017,105.98064959773394N,20.616003776747554E
17184,Tây Ninh City-5599.jpeg,0.6077107787132263,106.08114643578168N,11.40811104477109E
17187,Duy Tiên District-2684.jpeg,0.6076908074319363,105.97633018332745N,20.63486831142831E
17192,Cai Lậy Town-4969.jpeg,0.6076040044426918,106.11969041314218N,10.454486843635143E
17194,Long Hồ District-734.jpeg,0.6075592264533043,105.91399414892234N,10.153990304275084E
17195,Long Hồ District-5821.jpeg,0.6075450703501701,105.97834867702704N,10.230795909758786E
17197,Cao Lanh City-2653.jpeg,0.6074425727128983,105.6249082554924N,10.454053539610552E
17200,Mỹ Tho-1830.jpeg,0.6073608137667179,106.40397873829461N,10.361049672534014E
17207,Châu Thành District-5750.jpeg,0.6072239242494106,106.30874885221228N,10.292041006614197E
17208,Thanh Liêm District-4820.jpeg,0.6072008218616247,105.9160731593144N,20.467962413387863E
17209,Ninh Bình-765.jpeg,0.6072002444416285,105.99599581733898N,20.234790141665254E
17218,Long Hồ District-8692.jpeg,0.6069572195410728,106.0112105637188N,10.299516714665266E
17223,Duy Tiên District-901.jpeg,0.6068902909755707,105.96481174491018N,20.602529109118446E
17224,Tam Điệp-4268.jpeg,0.606829852797091,105.90243871996627N,20.18033147804769E
17227,Mỹ Hào District-1394.jpeg,0.6068207211792469,106.1497923245379N,20.921758809506876E
17228,Duy Tiên District-1908.jpeg,0.6067754551768303,105.95329330649288N,20.624088577325022E
17229,Trà Vinh City-2206.jpeg,0.6067346930503845,106.30987684923393N,9.972870775585298E
17230,Chau Doc City-61.jpeg,0.606729619204998,105.0809390533387N,10.61628447001986E
17233,Ninh Bình-605.jpeg,0.6066478099673986,105.97014436083687N,20.230747741376536E
17240,Cai Lậy Town-6343.jpeg,0.6065393313765526,106.09639896608768N,10.48278364565547E
17242,Thanh Liêm District-3824.jpeg,0.6065211370587349,105.9764715480078N,20.45314027899585E
17245,Yên Mỹ District-3538.jpeg,0.6063818638212979,105.99887603428036N,20.91382607827904E
17246,Cao Lanh City-2029.jpeg,0.6063795313239098,105.6769772944457N,10.441926338744695E
17247,Hiệp Hòa District-4695.jpeg,0.6063781660050154,105.96447536292821N,21.32277414660878E
17253,Long Xuyen City-2785.jpeg,0.6061284765601158,105.38105371992982N,10.371788407786832E
17260,Thái Bình-1671.jpeg,0.6060172393918037,106.36946506406538N,20.452722509646126E
17262,Mỹ Tho-2637.jpeg,0.6060120016336441,106.33137894029916N,10.37587180692561E
17266,Tây Ninh City-2725.jpeg,0.6059621572494507,106.14986740565064N,11.359602241307586E
17275,Chau Doc City-2644.jpeg,0.6058037988841534,105.10562166191242N,10.676920474349151E
17276,Long Hồ District-5677.jpeg,0.6057380512356758,105.9810871675847N,10.22810097623304E
17280,Long Hồ District-6971.jpeg,0.6056970246136189,106.0344877334588N,10.267177512356332E
17281,Thái Bình-2251.jpeg,0.6056479960680008,106.35364564828656N,20.466197177275223E
17285,Tam Điệp-277.jpeg,0.6055507399141788,105.94119488232266N,20.117000540191E
17286,Châu Thành District-1826.jpeg,0.6055137366056442,106.31148783819927N,10.266439138119624E
17291,Hoa Lư District-1845.jpeg,0.6054443381726742,105.95788891404847N,20.228983509863202E
17292,Bến Tre City-484.jpeg,0.6054169125854969,106.36390840859136N,10.211160804291403E
17299,Mỹ Hào District-1379.jpeg,0.6053284127265215,106.12815311882974N,20.921758809506876E
17304,Trà Vinh City-2618.jpeg,0.6052880138158798,106.33860589693562N,9.982303042925398E
17306,Trà Vinh City-1032.jpeg,0.6052680388092995,106.34407809649787N,9.92840437241054E
17308,Châu Thành District-5405.jpeg,0.6051308587193489,106.41830829169147N,10.289346073088451E
17314,Châu Thành District-511.jpeg,0.6050409078598022,106.21699282164845N,10.254311937253775E
17315,Cao Lanh City-3238.jpeg,0.6050076335668564,105.59476302241417N,10.467528207239278E
17320,Cai Lậy Town-4734.jpeg,0.604916512966156,106.0991391363294N,10.450444443346525E
17321,Cai Lậy Town-2771.jpeg,0.6048907414078712,106.16627330725123N,10.41271537398609E
17323,Trà Vinh City-283.jpeg,0.6048766300082207,106.34818224616954N,9.901455037153116E
17324,Long Hồ District-5442.jpeg,0.6048542819917202,105.93179433754707N,10.224058575944424E
17336,Cao Lanh City-1139.jpeg,0.6046102046966553,105.60846540108611N,10.428451671115972E
17338,Long Hồ District-1718.jpeg,0.6045041121542454,105.96328697896001N,10.16611750514093E
17340,Bac Giang City-809.jpeg,0.6044698525220156,106.19672993415931N,21.256445342275793E
17347,Cai Lậy Town-5674.jpeg,0.6043961010873318,106.10872973217536N,10.467961511263871E
17348,Go Cong Town-986.jpeg,0.6043808907270432,106.67037240985691N,10.368440071961205E
17354,Trà Vinh City-2351.jpeg,0.6043050494045019,106.35228639584123N,9.975565709111041E
17370,Tây Ninh City-3609.jpeg,0.6039122045040131,106.13887205047158N,11.374424375699213E
17371,Long Hồ District-7466.jpeg,0.6039072796702385,105.9468560356141N,10.277957246459307E
17376,Vĩnh Long-1377.jpeg,0.6038102768361568,105.96102123791414N,10.254387271928618E
17378,Tây Ninh City-4085.jpeg,0.6037141606211662,106.10176272674236N,11.382509176276463E
17380,Mỹ Hào District-195.jpeg,0.6036981027573347,106.08343209369957N,20.89076707395989E
17381,Tây Ninh City-6054.jpeg,0.6036895401775837,106.11550692071616N,11.417543312111215E
17382,Cao Lanh City-1416.jpeg,0.6036893352866173,105.63861063416432N,10.432494071404587E
17385,Cai Lậy Town-1359.jpeg,0.60365154966712,106.09091862560427N,10.38846097225439E
17386,Duy Tiên District-5040.jpeg,0.6036508828401566,106.00368647456851N,20.66855498050109E
17389,Long Hồ District-5944.jpeg,0.6035791598260403,105.98245641286351N,10.233490843284528E
17396,Sa Đéc City-97.jpeg,0.6033395491540432,105.72579643668855N,10.26941360344565E
17400,Cao Lanh City-4912.jpeg,0.6032471247017384,105.56598802720316N,10.50256234307397E
17401,Thanh Liêm District-2131.jpeg,0.6032394431531429,105.93045372805089N,20.42888587726348E
17402,Phu Ly City-1116.jpeg,0.6032067984342575,105.92288484436223N,20.52759254233232E
17403,Trà Vinh City-219.jpeg,0.603193674236536,106.35365444573176N,9.898760103627373E
17408,Tây Ninh City-253.jpeg,0.6030822582542896,106.07839759698689N,11.30570357079259E
17409,Long Xuyen City-4159.jpeg,0.6030473411083221,105.43721748773795N,10.400085209807154E
17414,Cao Lanh City-1321.jpeg,0.6029522456228733,105.6249082554924N,10.431146604641716E
17415,Binh Minh Town-2058.jpeg,0.6029330641031265,105.89258489539569N,10.040983606829998E
17424,Duy Tiên District-2220.jpeg,0.6028279960155487,105.99216803615124N,20.62813097761375E
17426,Yên Mỹ District-328.jpeg,0.6027937270700932,106.06378049598504N,20.853190073947978E
17428,Cao Lanh City-674.jpeg,0.6027654930949211,105.6660153915082N,10.420366870538738E
17432,Cai Lậy Town-3132.jpeg,0.6025601774454117,106.14161177507587N,10.420800174563325E
17433,Duy Tiên District-4757.jpeg,0.6025568842887878,105.93745545366913N,20.66451258021235E
17435,Cai Lậy Town-1830.jpeg,0.6025228351354599,106.18134424358063N,10.39519830606875E
17438,Thanh Liêm District-2344.jpeg,0.6023894511163235,105.86142699811558N,20.432928277552207E
17442,Thái Bình-1619.jpeg,0.6023375280201435,106.38816073725849N,20.451375042883214E
17444,Châu Thành District-8883.jpeg,0.602322094142437,106.31422682418624N,10.313600474820154E
17445,Thanh Liêm District-6596.jpeg,0.6022673510015011,105.97071932051318N,20.49356428188315E
17446,Cao Lanh City-3629.jpeg,0.602254394441843,105.6454618235003N,10.47561300781652E
17455,Thanh Liêm District-3004.jpeg,0.6021565347909927,105.91032093181974N,20.442360544892573E
17458,Trà Vinh City-1239.jpeg,0.6021173521876335,106.32218929824893N,9.940531573276383E
17459,Phu Ly City-2236.jpeg,0.6020972244441509,105.97181014774712N,20.545109610250154E
17465,Trà Vinh City-680.jpeg,0.6020316034555435,106.35228639584123N,9.914929704781827E
17468,Mỹ Hào District-3882.jpeg,0.601974681019783,106.09353038969671N,20.97296254649756E
17472,Long Hồ District-8921.jpeg,0.6019071377813816,105.97150245063291N,10.304906581716757E
17478,Sa Đéc City-539.jpeg,0.6018246524035931,105.72990533731766N,10.282888271074373E
17480,Châu Thành District-5289.jpeg,0.6017877534031868,106.25944710444665N,10.289346073088451E
17481,Châu Thành District-10482.jpeg,0.6017855573445559,106.38817944583468N,10.331117542737495E
17483,Châu Thành District-7248.jpeg,0.6017773970961571,106.40050488277608N,10.301473273954299E
17490,Ninh Bình-832.jpeg,0.6016659699380398,105.94572909636263N,20.23748507519107E
17495,Thanh Liêm District-7328.jpeg,0.6015849113464355,105.97790960488143N,20.505691482749345E
17496,Hoa Lư District-3252.jpeg,0.6015650108456612,105.97656000480974N,20.27614484656502E
17498,Cai Lậy Town-1914.jpeg,0.6015251316130161,106.1854544989432N,10.39654577283162E
17500,Long Hồ District-3337.jpeg,0.601500853896141,105.8879784886247N,10.18632950658401E
17505,Binh Minh Town-2894.jpeg,0.6014317739754915,105.81595165959065N,10.059848141510198E
17509,Long Hồ District-6061.jpeg,0.6013490781188011,106.01394905427645N,10.236185776810276E
17513,Cao Lanh City-1863.jpeg,0.6012959405779839,105.67560705657851N,10.439231405218955E
17522,Hiệp Hòa District-2927.jpeg,0.6010980568826199,105.99195989905994N,21.295824811350474E
17524,Cao Lanh City-3420.jpeg,0.6010525226593018,105.6070951632189N,10.471570607527898E
17528,Long Hồ District-4729.jpeg,0.601018387824297,105.93590207338352N,10.209236441552832E
17534,Duy Tiên District-2196.jpeg,0.6008669137954712,105.95761272089936N,20.62813097761375E
17535,Go Cong Town-2987.jpeg,0.6008567586541176,106.6100917744013N,10.419643808950358E
17538,Cai Lậy Town-6041.jpeg,0.6007477566599846,106.14435194531758N,10.474698845078231E
17539,Mỹ Hào District-1836.jpeg,0.6007205471396446,106.1440218696824N,20.931191076847256E
17542,Duy Tiên District-4054.jpeg,0.6006477847695351,105.98784862174475N,20.65373284610907E
17548,Duy Tiên District-3640.jpeg,0.6005479879677296,105.95329330649288N,20.64834297905743E
17549,Duy Tiên District-2120.jpeg,0.6005250066518784,105.98640881694259N,20.626783510850842E
17550,Long Hồ District-6289.jpeg,0.6005226969718933,105.99888735620941N,10.242923110624638E
17555,Tam Điệp-2866.jpeg,0.6003766022622585,105.8277972220946N,20.162814410129887E
17572,Duy Tiên District-1129.jpeg,0.6000803466886282,105.9561729160972N,20.609266442933002E
17573,Cao Lanh City-3374.jpeg,0.6000587474554777,105.62353801762521N,10.470223140765023E
17575,Long Hồ District-9100.jpeg,0.6000408940017223,105.9865641487N,10.308948982005372E
17581,Hiệp Hòa District-6989.jpeg,0.5999548211693764,105.9471167085293N,21.353765882155816E
17582,Thanh Liêm District-654.jpeg,0.599928505718708,105.8815597943467N,20.399241608479457E
17585,Long Hồ District-2348.jpeg,0.5999090299010277,105.90304018669175N,10.174202305718163E
17588,Tây Ninh City-498.jpeg,0.599855087697506,106.08801853276857N,11.312440904606968E
17590,Cao Lanh City-2958.jpeg,0.5998352877795696,105.61531659042207N,10.460790873424916E
17591,Cao Lanh City-1817.jpeg,0.5998123660683632,105.61257611468767N,10.439231405218955E
17592,Bến Tre City-1066.jpeg,0.599799171090126,106.36664693850851N,10.225982938682996E
17594,Duy Tiên District-182.jpeg,0.5997083485126495,105.96337194010802N,20.568842440045678E
17597,Binh Minh Town-1197.jpeg,0.5995784830302,105.82963616598438N,10.023466538912665E
17600,Hoa Lư District-4173.jpeg,0.599541787058115,105.96794257830456N,20.295009381245738E
17602,Tam Điệp-676.jpeg,0.5995251424610615,105.93975946890208N,20.125085340768454E
17607,Thanh Liêm District-3717.jpeg,0.5994837768375874,105.96352903614492N,20.45179281223294E
17614,Mỹ Hào District-2049.jpeg,0.5993204154074192,106.11805482283262N,20.935233477136E
17618,Thái Bình-2938.jpeg,0.599215691909194,106.35364564828656N,20.48506171195596E
17621,Long Hồ District-3234.jpeg,0.5991140604019165,105.89619396029765N,10.184982039821136E
17622,Châu Thành District-3794.jpeg,0.599107414484024,106.31559631717974N,10.279913805748345E
17623,Cai Lậy Town-371.jpeg,0.5990554057061672,106.10461947681281N,10.369596437574177E
17625,Bến Tre City-1762.jpeg,0.5990270376205444,106.38855517784562N,10.239457606311715E
17631,Thanh Liêm District-3584.jpeg,0.5988361909985542,105.91319704556706N,20.450445345470033E
17642,Hiệp Hòa District-8236.jpeg,0.5985561348497868,105.99051334452666N,21.373977883599547E
17645,Cai Lậy Town-1814.jpeg,0.598524983972311,106.15942288164696N,10.39519830606875E
17650,Hiệp Hòa District-4816.jpeg,0.5984322763979435,106.0107651079921N,21.324121613371688E
17655,Tây Ninh City-733.jpeg,0.5983473267406225,106.07564875819214N,11.31917823842134E
17656,Long Xuyen City-4972.jpeg,0.5983291584998369,105.39886174386898N,10.421644678013113E
17658,Long Hồ District-4043.jpeg,0.5982725135982037,105.95370226200825N,10.195761773924112E
17662,Long Hồ District-6177.jpeg,0.5982397235929966,105.9345328281047N,10.240228177098889E
17663,Cai Lậy Town-3176.jpeg,0.5982315540313721,106.10461947681281N,10.422147641326202E
17665,Duy Tiên District-1335.jpeg,0.5981764085590839,105.96337194010802N,20.614656309984646E
17666,Chau Doc City-1115.jpeg,0.5981697291135788,105.03980137238248N,10.65131860585456E
17668,Ninh Bình-1477.jpeg,0.598162654787302,105.95003767244633N,20.252307209583073E
17671,Go Cong Town-3318.jpeg,0.5980693735182285,106.64297212101346N,10.425033676001851E
17672,Bến Tre City-1006.jpeg,0.5980682149529457,106.36253914363279N,10.224635471920122E
17674,Yên Mỹ District-2493.jpeg,0.5980413742363453,106.03781871130316N,20.894961543598264E
17675,Long Hồ District-7584.jpeg,0.5979754813015461,106.00847207316117N,10.27930471322218E
17678,Cai Lậy Town-4319.jpeg,0.5979317128658295,106.16627330725123N,10.442359642769288E
17680,Cai Lậy Town-3200.jpeg,0.597907517105341,106.1375015197133N,10.422147641326202E
17681,Long Xuyen City-429.jpeg,0.597899716347456,105.41803961580345N,10.319237204034808E
17684,Cai Lậy Town-4710.jpeg,0.5978332068771124,106.16901347749294N,10.449096976583652E
17685,Cao Lanh City-1657.jpeg,0.5978284478187561,105.62079754189082N,10.436536471693207E
17686,Châu Thành District-2062.jpeg,0.5977974478155375,106.4388506865938N,10.267786604882494E
17687,Cai Lậy Town-1304.jpeg,0.5977770835161209,106.12791092386735N,10.387113505491515E
17689,Long Hồ District-5151.jpeg,0.597730964422226,105.97971792230587N,10.217321242130064E
17696,Trà Vinh City-1080.jpeg,0.5975640341639519,106.34134199671676N,9.931099305936286E
17698,Thanh Liêm District-6259.jpeg,0.597508430480957,105.96209097927128N,20.488174414831512E
17707,Thái Bình-887.jpeg,0.5973525941371918,106.30331114353582N,20.437900375254113E
17708,Phu Ly City-106.jpeg,0.5973289124667645,105.9113730082717N,20.497948273548293E
17710,Cao Lanh City-2827.jpeg,0.5973089523613453,105.60435468748452N,10.458095939899168E
17715,Cao Lanh City-2000.jpeg,0.5972407162189484,105.63724039629714N,10.441926338744695E
17716,Mỹ Tho-2687.jpeg,0.5972376987338066,106.3998693157666N,10.37587180692561E
17723,Mỹ Tho-2775.jpeg,0.5971297584474087,106.31494125018696N,10.378566740451355E
17724,Cao Lanh City-786.jpeg,0.5970956720411777,105.58928207094542N,10.423061804064481E
17725,Phu Ly City-694.jpeg,0.5970845110714436,105.88834933609054N,20.52085520851777E
17729,Go Cong Town-1078.jpeg,0.5970267150551081,106.65667226543519N,10.371135005486948E
17732,Hiệp Hòa District-5246.jpeg,0.5969927497208118,105.91963217239763N,21.33085894718627E
17733,Vĩnh Long-662.jpeg,0.5969817489385605,105.9706065602977N,10.242260071062768E
17737,Long Hồ District-6334.jpeg,0.5968563705682755,106.01805679011294N,10.244270577387509E
17741,Bến Tre City-1070.jpeg,0.5967396162450314,106.37212399834277N,10.225982938682996E
17742,Long Xuyen City-3073.jpeg,0.5967304483056068,105.41256022382217N,10.377178274838322E
17751,Long Hồ District-1909.jpeg,0.5964693315327168,105.91947113003765N,10.168812438666674E
17752,Bac Giang City-2344.jpeg,0.5964194908738136,106.172148660295N,21.28878454458574E
17756,Go Cong Town-432.jpeg,0.5963242836296558,106.68270253983648N,10.35361793756961E
17758,Long Hồ District-7095.jpeg,0.5962888710200787,106.01942603539176N,10.269872445882076E
17760,Tây Ninh City-4429.jpeg,0.5962344743311405,106.10176272674236N,11.387899043327963E
17767,Hiệp Hòa District-9144.jpeg,0.5960767269134521,106.00353233532584N,21.39553735180619E
17770,Cai Lậy Town-1802.jpeg,0.5959162078797817,106.14298186019671N,10.39519830606875E
17772,Long Xuyen City-2002.jpeg,0.5958803743124008,105.44543657570988N,10.354271339869493E
17773,Hiệp Hòa District-8641.jpeg,0.5958501063287258,106.00497888985912N,21.38341015093995E
17782,Cai Lậy Town-3387.jpeg,0.595691055059433,106.09776905120856N,10.426190041614822E
17783,Long Hồ District-5466.jpeg,0.5956841595470905,105.96602546951763N,10.224058575944424E
17785,Tây Ninh City-1043.jpeg,0.5956733673810959,106.11688134011352N,11.325915572235711E
17786,Thái Bình-2329.jpeg,0.5956652760505676,106.31193991577881N,20.468892110801047E
17788,Long Hồ District-3987.jpeg,0.5956615954637527,105.98793339397882N,10.194414307161237E
17791,Go Cong Town-3947.jpeg,0.5955715514719486,106.62790196214955N,10.435813410104826E
17796,Sa Đéc City-882.jpeg,0.595414012670517,105.76551580943658N,10.293668005177352E
17798,Cai Lậy Town-2768.jpeg,0.5953897424042225,106.16216305188868N,10.41271537398609E
17799,Duy Tiên District-4490.jpeg,0.5953847803175449,105.9417748680756N,20.66047017992362E
17802,Thái Bình-2697.jpeg,0.5953436717391014,106.33782623250777N,20.478324378141412E
17803,Mỹ Hào District-3011.jpeg,0.5953348260372877,106.03294061371386N,20.95140307829095E
17805,Long Hồ District-7062.jpeg,0.595269225537777,105.97424094119057N,10.269872445882076E
17807,Hiệp Hòa District-2645.jpeg,0.5952592175453901,105.93265116319684N,21.291782411061728E
17809,Châu Thành District-5620.jpeg,0.5952555015683174,106.42104727767847N,10.290693539851324E
17811,Cao Lanh City-4678.jpeg,0.5952363573014736,105.60572492535172N,10.497172476022477E
17813,Tây Ninh City-633.jpeg,0.5952107422053814,106.08114643578168N,11.316483304895591E
17814,Binh Minh Town-470.jpeg,0.5951494537293911,105.83647841918126N,10.005949470995336E
17815,Mỹ Tho-1685.jpeg,0.5950432606041431,106.31494125018696N,10.359702205771145E
17821,Hiệp Hòa District-8542.jpeg,0.594819163903594,105.95145637212903N,21.38206268417704E
17828,Phu Ly City-1035.jpeg,0.59471127204597,105.92576280338488N,20.526245075569413E
17832,Hiệp Hòa District-8653.jpeg,0.5946289636194706,106.02233754425805N,21.38341015093995E
17834,Yên Mỹ District-2867.jpeg,0.5945695377886295,105.99887603428036N,20.901698877412823E
17840,Cai Lậy Town-4196.jpeg,0.5944104455411434,106.10598956193365N,10.441012176006414E
17841,Thái Bình-670.jpeg,0.5944046191871166,106.36371254923672N,20.432510508202476E
17846,Cai Lậy Town-4038.jpeg,0.5942646935582161,106.10872973217536N,10.43831724248067E
17848,Long Hồ District-4471.jpeg,0.5942274183034897,105.95096377145056N,10.203846574501345E
17849,Thanh Liêm District-2733.jpeg,0.5941808111965656,105.91463510244073N,20.43831814460384E
17855,Cai Lậy Town-2113.jpeg,0.594036415219307,106.14024168995502N,10.400588173120237E
17857,Châu Thành District-3591.jpeg,0.5939541012048721,106.33887769806907N,10.278566338985474E
17858,Long Hồ District-7700.jpeg,0.5939144901931286,105.96054848840235N,10.281999646747927E
17874,Long Hồ District-8791.jpeg,0.5935985408723354,105.96328697896001N,10.302211648191006E
17876,Duy Tiên District-2095.jpeg,0.5935384407639503,105.95041369688856N,20.626783510850842E
17879,Cao Lanh City-2876.jpeg,0.5935032591223717,105.58654159521102N,10.459443406662043E
17881,Long Hồ District-7176.jpeg,0.5934716984629631,106.03585697873764N,10.271219912644948E
17882,Hiệp Hòa District-4723.jpeg,0.5934645347297192,106.00497888985912N,21.32277414660878E
17883,Long Xuyen City-4782.jpeg,0.593423880636692,105.40982052783156N,10.41625481096162E
17885,Thanh Liêm District-6265.jpeg,0.593408964574337,105.97071932051318N,20.488174414831512E
17897,Binh Minh Town-2652.jpeg,0.5932037457823753,105.86521588260818N,10.053110807695843E
17900,Thái Bình-2784.jpeg,0.5931659117341042,106.32632120285044N,20.481019311667236E
17902,Binh Minh Town-350.jpeg,0.5931416936218739,105.8679527838869N,10.001907070706721E
17904,Tây Ninh City-2236.jpeg,0.5931002236902714,106.11963017890828N,11.351517440730339E
17911,Duy Tiên District-5442.jpeg,0.5928898453712463,105.99072823134907N,20.676639781078556E
17915,Chau Doc City-554.jpeg,0.592815887182951,105.09465161365743N,10.636496471462953E
17917,Thanh Liêm District-262.jpeg,0.5927762165665627,105.9275776143036N,20.38037707379872E
17918,Thái Bình-2092.jpeg,0.592727780342102,106.36658880665104N,20.462154776986495E
17919,Sa Đéc City-216.jpeg,0.5927245728671551,105.73264460440373N,10.273456003734271E
17922,Cai Lậy Town-5512.jpeg,0.592665534466505,106.17860407333892N,10.463919110975251E
17923,Bến Tre City-2582.jpeg,0.5926643647253513,106.40772488726557N,10.252932273940436E
17924,Hiệp Hòa District-6197.jpeg,0.5926585122942924,105.9225252814641N,21.342986148052496E
17942,Tây Ninh City-1057.jpeg,0.592101726680994,106.13612321167683N,11.325915572235711E
17953,Tây Ninh City-1296.jpeg,0.59188262373209,106.13199995348471N,11.331305439287211E
17955,Go Cong Town-1140.jpeg,0.5918502993881702,106.67311243874127N,10.372482472249823E
17956,Chau Doc City-3556.jpeg,0.5918048024177551,105.15087311096424N,10.690395141977882E
17963,Phu Ly City-3620.jpeg,0.5916011855006218,105.89554423364714N,20.573406412271282E
17964,Cao Lanh City-2260.jpeg,0.5915891341865063,105.66464515364098N,10.44596873903332E
17965,Duy Tiên District-468.jpeg,0.5915728099644184,105.97776998812962N,20.582317107674786E
17974,Chau Doc City-2337.jpeg,0.5914657860994339,105.04254388444622N,10.67287807406053E
17975,Tây Ninh City-417.jpeg,0.5914645828306675,106.10863482372925N,11.309745971081217E
17978,Cai Lậy Town-2878.jpeg,0.5914268493652344,106.1320211792299N,10.415410307511838E
17979,Thái Bình-788.jpeg,0.5914264693856239,106.35364564828656N,20.435205441728296E
17984,Thanh Liêm District-7715.jpeg,0.5913655981421471,105.96640514989222N,20.51377628332681E
17993,Tây Ninh City-2987.jpeg,0.5910784229636192,106.07702317758954N,11.364992108359088E
17994,Long Hồ District-6793.jpeg,0.5910303220152855,105.9701332053541N,10.26448257883059E
17998,Cao Lanh City-4871.jpeg,0.5909543987363577,105.59339278454698N,10.501214876311098E
17999,Tây Ninh City-847.jpeg,0.5909498110413551,106.07839759698689N,11.32187317194709E
18007,Long Xuyen City-1116.jpeg,0.5907333008944988,105.47283353561627N,10.334059338426403E
18008,Trà Vinh City-1860.jpeg,0.5906993634998798,106.33176564748287N,9.963438508245199E
18010,Long Hồ District-2409.jpeg,0.5906399786472321,105.9865641487N,10.174202305718163E
18011,Châu Thành District-9852.jpeg,0.5906030274927616,106.37174552991279N,10.321685275397387E
18016,Cao Lanh City-1588.jpeg,0.5905375108122826,105.64135110989872N,10.435189004930333E
18020,Châu Thành District-6393.jpeg,0.5905008427798748,106.33750820507557N,10.296083406902813E
18022,Long Xuyen City-5274.jpeg,0.5904708802700043,105.4468064237052N,10.429729478590351E
18024,Tây Ninh City-1035.jpeg,0.590459942817688,106.10588598493449N,11.325915572235711E
18028,Cai Lậy Town-2339.jpeg,0.5904278643429279,106.15120237092184N,10.404630573408856E
18030,Thanh Liêm District-7122.jpeg,0.5903445184230804,105.90025453370419N,20.50299654922353E
18031,Thanh Liêm District-5465.jpeg,0.5903342561796308,105.88587396496767N,20.47739468072824E
18033,Cao Lanh City-3137.jpeg,0.5903231054544449,105.61805706615645N,10.464833273713532E
18036,Long Xuyen City-964.jpeg,0.5902760028839111,105.43447779174731N,10.33136440490066E
18038,Phu Ly City-150.jpeg,0.590207064524293,105.91568994680563N,20.501990673837025E
18052,Cao Lanh City-4078.jpeg,0.589909266680479,105.62353801762521N,10.485045275156622E
18056,Binh Minh Town-1160.jpeg,0.5898664109408855,105.85837362941128N,10.022119072149795E
18061,Go Cong Town-3414.jpeg,0.5897318758070469,106.65941229431952N,10.426381142764722E
18070,Tây Ninh City-142.jpeg,0.5895457603037357,106.0990138879476N,11.301661170503968E
18071,Long Hồ District-2865.jpeg,0.5895141176879406,105.99477962037295N,10.17959217276965E
18072,Go Cong Town-4183.jpeg,0.5895049832761288,106.64982219322431N,10.43985581039345E
18076,Long Hồ District-5341.jpeg,0.5894724428653717,105.9687639600753N,10.22136364241868E
18077,Trà Vinh City-628.jpeg,0.5894101355224848,106.33450174726396N,9.913582238018956E
18081,Thái Bình-790.jpeg,0.5893157832324505,106.3565219057009N,20.435205441728296E
18082,Cai Lậy Town-872.jpeg,0.589294359087944,106.17723398821808N,10.379028704914282E
18086,Go Cong Town-1242.jpeg,0.5890636071562767,106.67448245318344N,10.375177405775567E
18093,Thanh Liêm District-3013.jpeg,0.5889927390962839,105.92326344368263N,20.442360544892573E
18095,Chau Doc City-4719.jpeg,0.5889147594571114,105.11522045413554N,10.71869194399822E
18096,Mỹ Hào District-1749.jpeg,0.5889081247150898,106.11516959540486N,20.929843610084347E
18104,Long Xuyen City-4724.jpeg,0.5888351127505302,105.4002315918643N,10.414907344198749E
18112,Long Hồ District-4549.jpeg,0.588709395378828,105.96465622423881N,10.205194041264217E
18115,Thái Bình-1126.jpeg,0.588697412982583,106.3565219057009N,20.441942775542838E
18116,Binh Minh Town-3331.jpeg,0.5886891707777977,105.8624789813294N,10.070627875613173E
18121,Cao Lanh City-5160.jpeg,0.5885972902178764,105.5728392165391N,10.509299676888332E
18122,Phu Ly City-215.jpeg,0.5885747484862804,105.9070560697377N,20.50603307412576E
18128,Ninh Bình-370.jpeg,0.5883350819349289,105.96870816880897N,20.222662940799086E
18129,Long Hồ District-2847.jpeg,0.5883309580385685,105.9701332053541N,10.17959217276965E
18132,Cai Lậy Town-3088.jpeg,0.5882767215371132,106.17449381797637N,10.419452707800456E
18134,Hoa Lư District-3638.jpeg,0.5882456116378307,105.9061843550173N,20.285577113905376E
18136,Cai Lậy Town-2110.jpeg,0.5882056429982185,106.13613143459246N,10.400588173120237E
18138,Hung Yen City-3562.jpeg,0.588166605681181,106.05616319907675N,20.712240413752408E
18139,Cai Lậy Town-6153.jpeg,0.5881634205579758,106.12380066850477N,10.477393778603979E
18140,Tam Điệp-1469.jpeg,0.5881198067218065,105.94263029574329N,20.139907475160445E
18142,Long Hồ District-8044.jpeg,0.5881104692816734,106.0112105637188N,10.287389513799416E
18144,Long Xuyen City-2479.jpeg,0.5880605392158031,105.41803961580345N,10.365051073972468E
18147,Cai Lậy Town-3971.jpeg,0.5879050903022289,106.12654083874648N,10.436969775717799E
18151,Chau Doc City-2551.jpeg,0.5878301523625851,105.09876538175307N,10.675573007586278E
18152,Long Hồ District-235.jpeg,0.5878293290734291,105.91125565836468N,10.145905503697852E
18154,Duy Tiên District-4898.jpeg,0.5877963369712234,106.02816315620521N,20.66586004697526E
18156,Châu Thành District-1791.jpeg,0.5877516865730286,106.26355558342712N,10.266439138119624E
18162,Trà Vinh City-1181.jpeg,0.5876660067588091,106.34544614638844N,9.936489172987768E
18167,Châu Thành District-3169.jpeg,0.5875826515257359,106.35257262800394N,10.275871405459727E
18175,Sa Đéc City-592.jpeg,0.5872976370155811,105.7463409398341N,10.284235737837246E
18180,Chau Doc City-2854.jpeg,0.5871573910117149,105.14813059890051N,10.679615407874897E
18185,Long Hồ District-193.jpeg,0.5870250836014748,105.93042509226822N,10.14455803693498E
18187,Go Cong Town-1860.jpeg,0.5869834721088409,106.62927197659172N,10.39269447369291E
18189,Long Hồ District-5618.jpeg,0.5869327001273632,105.99477962037295N,10.226753509470168E
18192,Tây Ninh City-2456.jpeg,0.5868836492300034,106.10588598493449N,11.355559841018964E
18195,Duy Tiên District-5140.jpeg,0.5867840647697449,105.90865935762592N,20.67124991402691E
18196,Thanh Liêm District-7130.jpeg,0.586739731952548,105.92182538680898N,20.50299654922353E
18207,Tây Ninh City-6638.jpeg,0.5865226723253727,106.15124182504802N,11.431017979739966E
18210,Mỹ Hào District-651.jpeg,0.5864125415682793,106.12238266397425N,20.904241741589008E
18212,Cai Lậy Town-2021.jpeg,0.5863741412758827,106.11695024290049N,10.39924070635737E
18223,Ninh Bình-1531.jpeg,0.5860574506223202,105.96296340069738N,20.253654676345977E
18227,Tam Điệp-968.jpeg,0.585968516767025,105.94119488232266N,20.130475207820087E
18231,Long Xuyen City-1660.jpeg,0.5859257467091084,105.46324459964906N,10.346186539292255E
18232,Tây Ninh City-4794.jpeg,0.5859138332307339,106.13199995348471N,11.393288910379463E
18237,Cao Lanh City-2801.jpeg,0.5857378020882607,105.65505348857066N,10.456748473136297E
18238,Long Hồ District-5633.jpeg,0.585725948214531,106.02079528067058N,10.226753509470168E
18241,Long Hồ District-6923.jpeg,0.5856631100177765,105.9687639600753N,10.267177512356332E
18247,Long Xuyen City-2451.jpeg,0.5854246094822884,105.37968387193449N,10.365051073972468E
18250,Ninh Bình-1669.jpeg,0.5853847898542881,105.95291005650212N,20.257697076634713E
18251,Go Cong Town-3468.jpeg,0.5853675752878189,106.61831186105434N,10.427728609527595E
18252,Long Hồ District-6544.jpeg,0.5853529758751392,105.99751811093057N,10.257745245016228E
18253,Chau Doc City-3094.jpeg,0.5853401906788349,105.10836417397618N,10.683657808163517E
18254,Long Hồ District-2816.jpeg,0.5852917656302452,105.92768660171058N,10.17959217276965E
18257,Vĩnh Long-317.jpeg,0.5851622754707932,105.98429987798852N,10.23417527048554E
18261,Mỹ Tho-1388.jpeg,0.5850994475185871,106.346446822902N,10.354312338719653E
18263,Chau Doc City-2323.jpeg,0.5850604437291622,105.13990306270927N,10.671530607297658E
18264,Cai Lậy Town-967.jpeg,0.5850384086370468,106.10050922145024N,10.381723638440027E
18268,Châu Thành District-10409.jpeg,0.5848927460610867,106.36900654392583N,10.329770075974622E
18271,Bac Giang City-2099.jpeg,0.5848632641136646,106.24300056731572N,21.28339467753409E
18274,Vĩnh Long-790.jpeg,0.5848307758569717,105.93500393430152N,10.244955004588519E
18279,Cao Lanh City-4394.jpeg,0.5847560167312622,105.59202254667983N,10.491782608970986E
18280,Trà Vinh City-1082.jpeg,0.5847491063177586,106.34407809649787N,9.931099305936286E
18281,Vĩnh Long-731.jpeg,0.5847321227192879,105.96102123791414N,10.243607537825643E
18282,Thanh Liêm District-6468.jpeg,0.5847096145153046,105.89162619246228N,20.492216815120244E
18284,Châu Thành District-5788.jpeg,0.5846975222229958,106.3607895859649N,10.292041006614197E
18291,Châu Thành District-5554.jpeg,0.5844684112817049,106.33066074010809N,10.290693539851324E
18293,Vĩnh Long-1049.jpeg,0.5844447426497936,105.96649856499045N,10.24899740487713E
18294,Tây Ninh City-2697.jpeg,0.5844164900481701,106.111383662524N,11.359602241307586E
18295,Tây Ninh City-6259.jpeg,0.5844132825732231,106.14849298625326N,11.421585712399843E
18296,Châu Thành District-3613.jpeg,0.5844062864780426,106.36900654392583N,10.278566338985474E
18298,Ninh Bình-1443.jpeg,0.5843517277389765,105.98307008908792N,20.250959742820164E
18299,Bến Tre City-2828.jpeg,0.5843457840383053,106.36390840859136N,10.258322140991927E
18302,Trà Vinh City-175.jpeg,0.5842908620834351,106.3358697971545N,9.8974126368645E
18303,Phu Ly City-3519.jpeg,0.5842898190021515,105.90417811071508N,20.57071147874546E
18315,Binh Minh Town-2827.jpeg,0.5840718857944012,105.86658433324753N,10.057153207984456E
18316,Tam Điệp-821.jpeg,0.584056603256613,105.93832405548146N,20.127780274294267E
18318,Châu Thành District-6015.jpeg,0.5840514563024044,106.38544045984771N,10.293388473377066E
18321,Hiệp Hòa District-7883.jpeg,0.5840246751904488,105.99340645359317N,21.367240549784967E
18326,Long Hồ District-3184.jpeg,0.5839237794280052,105.97834867702704N,10.183634573058265E
18330,Châu Thành District-8116.jpeg,0.5837963595986366,106.25944710444665N,10.308210607768663E
18336,Go Cong Town-3248.jpeg,0.5836488679051399,106.66078230876171N,10.423686209238976E
18345,Vĩnh Long-1670.jpeg,0.5833527222275734,105.89118531769084N,10.259777138980107E
18346,Thái Bình-1699.jpeg,0.583303652703762,106.31625430190032N,20.454069976409034E
18356,Cai Lậy Town-2440.jpeg,0.5830801501870155,106.09365879584597N,10.407325506934605E
18357,Thanh Liêm District-4436.jpeg,0.5830765217542648,105.90169259057785N,20.46257254633622E
18359,Cai Lậy Town-3207.jpeg,0.583019558340311,106.14709211555929N,10.422147641326202E
18361,Cao Lanh City-1491.jpeg,0.5830055065453053,105.6249082554924N,10.433841538167465E
18362,Châu Thành District-82.jpeg,0.5829999335110188,106.21836231464192N,10.24487966991367E
18365,Mỹ Tho-2310.jpeg,0.5829621367156506,106.40945796833202N,10.369134473111249E
18371,Cai Lậy Town-1121.jpeg,0.5827944129705429,106.10187930657109N,10.38441857196577E
18373,Hiệp Hòa District-6568.jpeg,0.5827843211591244,106.02957031692426N,21.347028548341235E
18376,Trà Vinh City-2330.jpeg,0.5827351845800877,106.32355734813949N,9.975565709111041E
18377,Hiệp Hòa District-7333.jpeg,0.5827188957482576,105.9066131815984N,21.359155749207478E
18379,Cao Lanh City-2186.jpeg,0.5827057920396328,105.67149634297695N,10.444621272270446E
18382,Duy Tiên District-4462.jpeg,0.582642138004303,105.90146033361509N,20.66047017992362E
18384,Hoa Lư District-821.jpeg,0.5825948938727379,105.95358020079591N,20.206076574893753E
18387,Long Hồ District-195.jpeg,0.5825552642345428,105.93316358282588N,10.14455803693498E
18388,Ninh Bình-630.jpeg,0.5825539939105511,106.00604916153425N,20.230747741376536E
18390,Cao Lanh City-220.jpeg,0.5825457088649273,105.6070951632189N,10.413629536724375E
18391,Long Hồ District-59.jpeg,0.5825356654822826,106.01394905427645N,10.139168169883492E
18393,Duy Tiên District-171.jpeg,0.5825116904452443,105.99648745055771N,20.567494973282766E
18396,Châu Thành District-5707.jpeg,0.582428265362978,106.24986065349223N,10.292041006614197E
18399,Bac Giang City-2859.jpeg,0.5823597013950348,106.1576890874336N,21.29956427868906E
18400,Bến Tre City-957.jpeg,0.5823546089231968,106.37349326330134N,10.22328800515725E
18409,Hiệp Hòa District-1015.jpeg,0.5821397081017494,105.97894090826068N,21.262138142277607E
18410,Mỹ Tho-2807.jpeg,0.5820606388151646,106.35877509048612N,10.378566740451355E
18414,Mỹ Hào District-2804.jpeg,0.5819496344774961,106.11516959540486N,20.947360678002212E
18415,Bến Tre City-1142.jpeg,0.5819429010152817,106.39266297272131N,10.227330405445867E
18416,Thanh Liêm District-406.jpeg,0.5818954780697823,105.91463510244073N,20.38846187437618E
18417,Thái Bình-2684.jpeg,0.5818832889199257,106.31913055931464N,20.478324378141412E
18418,Mỹ Tho-342.jpeg,0.5818670988082886,106.3382279778459N,10.334100337276565E
18419,Bến Tre City-865.jpeg,0.5818043909966946,106.40498635734843N,10.220593071631507E
18421,Thanh Liêm District-781.jpeg,0.5817805640399456,105.92038732993534N,20.40193654200528E
18425,Duy Tiên District-5042.jpeg,0.5817453265190125,106.00656608417283N,20.66855498050109E
18429,Cai Lậy Town-2069.jpeg,0.5815676301717758,106.1827143287015N,10.39924070635737E
18433,Cao Lanh City-2820.jpeg,0.5814460441470146,105.59476302241417N,10.458095939899168E
18441,Mỹ Hào District-416.jpeg,0.5813361518085003,106.12094005026037N,20.897504407774438E
18442,Tây Ninh City-360.jpeg,0.5813111029565334,106.09626504915283N,11.308398504318339E
18444,Long Hồ District-3436.jpeg,0.5812577083706856,105.8756552811153N,10.18767697334688E
18451,Mỹ Tho-1672.jpeg,0.5811359733343124,106.40671835331334N,10.35835473900827E
18453,Binh Minh Town-441.jpeg,0.581022534519434,105.86384743196876N,10.004602004232465E
18455,Hiệp Hòa District-3111.jpeg,0.5809351745992899,106.0266772078578N,21.2985197448763E
18459,Thái Bình-674.jpeg,0.5808141231536865,106.36946506406538N,20.432510508202476E
18461,Duy Tiên District-5540.jpeg,0.580806490033865,105.93313603926266N,20.67933471460438E
18465,Châu Thành District-6565.jpeg,0.5806943066418171,106.29368442928389N,10.297430873665688E
18466,Duy Tiên District-4696.jpeg,0.5806112540885806,105.99360784095339N,20.66316511344944E
18468,Binh Minh Town-3709.jpeg,0.5805942863225937,105.84879447493567N,10.081407609716146E
18478,Yên Mỹ District-2618.jpeg,0.5803409344516695,105.98445282056821N,20.897656477124087E
18479,Cai Lậy Town-6649.jpeg,0.5803131610155106,106.1320211792299N,10.492215912995576E
18480,Hoa Lư District-1894.jpeg,0.5803121067583561,105.9406540610381N,20.23033097662611E
18481,Châu Thành District-2478.jpeg,0.580285158008337,106.21425383566148N,10.271829005171114E
18482,Hoa Lư District-3734.jpeg,0.5802841000258923,105.94496277429069N,20.286924580668288E
18483,Cai Lậy Town-1988.jpeg,0.5802510008215904,106.17860407333892N,10.397893239594495E
18487,Long Hồ District-5626.jpeg,0.580197811126709,106.0112105637188N,10.226753509470168E
18488,Thanh Liêm District-6382.jpeg,0.5801795423030853,105.88587396496767N,20.49086934835734E
18492,Trà Vinh City-334.jpeg,0.580062709748745,106.31671709868672N,9.904149970678857E
18500,Tây Ninh City-3742.jpeg,0.5799485519528389,106.09351621035809N,11.377119309224963E
18504,Cai Lậy Town-2214.jpeg,0.5797974839806557,106.17860407333892N,10.401935639883115E
18509,Long Xuyen City-234.jpeg,0.579705324023962,105.48242247158353N,10.312499870220446E
18519,Thái Bình-1687.jpeg,0.5795586295425892,106.2989967574143N,20.454069976409034E
18526,Cai Lậy Town-1302.jpeg,0.5794140696525574,106.12517075362561N,10.387113505491515E
18529,Cao Lanh City-3544.jpeg,0.5793455578386784,105.61257611468767N,10.474265541053642E
18530,Châu Thành District-1773.jpeg,0.5793413408100605,106.23890470954429N,10.266439138119624E
18533,Hiệp Hòa District-3251.jpeg,0.5793044343590736,105.98906678999342N,21.301214678402133E
18535,Go Cong Town-3908.jpeg,0.5791652761399746,106.68270253983648N,10.434465943341957E
18536,Tây Ninh City-1081.jpeg,0.5791537798941135,106.08801853276857N,11.327263038998591E
18550,Duy Tiên District-1906.jpeg,0.5788335017859936,105.95041369688856N,20.624088577325022E
18552,Mỹ Hào District-3000.jpeg,0.5787793397903442,106.1440218696824N,20.950055611528036E
18554,Tam Điệp-444.jpeg,0.5787432193756104,105.9110512004899N,20.12104294047973E
18557,Sa Đéc City-398.jpeg,0.5787107907235622,105.72168753605945N,10.278845870785757E
18558,Cao Lanh City-3054.jpeg,0.5787053890526295,105.58517135734382N,10.46348580695066E
18561,Cao Lanh City-2735.jpeg,0.5786684453487396,105.65094277496904N,10.455401006373423E
18569,Trà Vinh City-1952.jpeg,0.5784677714109421,106.32492539803008N,9.96613344177094E
18571,Châu Thành District-2660.jpeg,0.5784596055746078,106.1964504267461N,10.273176471933986E
18573,Tây Ninh City-3816.jpeg,0.5784250274300575,106.08114643578168N,11.378466775987837E
18576,Hiệp Hòa District-1548.jpeg,0.5784118846058846,105.9471167085293N,21.27291787638092E
18581,Cai Lậy Town-2248.jpeg,0.5783389434218407,106.12654083874648N,10.403283106645986E
18584,Cai Lậy Town-1318.jpeg,0.578312773257494,106.14709211555929N,10.387113505491515E
18588,Châu Thành District-8214.jpeg,0.5783026283606887,106.39365741780868N,10.308210607768663E
18589,Cai Lậy Town-1308.jpeg,0.5782856158912182,106.13339126435075N,10.387113505491515E
18590,Vĩnh Long-190.jpeg,0.5782734155654907,105.95965190614504N,10.231480336959795E
18594,Cao Lanh City-2013.jpeg,0.5781785883009434,105.65505348857066N,10.441926338744695E
18598,Cao Lanh City-3194.jpeg,0.5780943557620049,105.61394635255486N,10.466180740476403E
18607,Long Hồ District-7117.jpeg,0.5778674185276031,105.95507150728706N,10.271219912644948E
18613,Thanh Liêm District-1363.jpeg,0.5777462534606457,105.92326344368263N,20.415411209634375E
18615,Tây Ninh City-5947.jpeg,0.5777260474860668,106.13199995348471N,11.414848378585464E
18619,Cai Lậy Town-91.jpeg,0.5776689425110817,106.10461947681281N,10.358816703471197E
18621,Tam Điệp-2438.jpeg,0.5776126235723495,105.92827616153721N,20.156077076315338E
18625,Vĩnh Long-1264.jpeg,0.5775642991065979,105.92131061661068N,10.253039805165749E
18631,Bến Tre City-2773.jpeg,0.5774973258376122,106.38170885305276N,10.256974674229053E
18632,Cai Lậy Town-6017.jpeg,0.5774910859763622,106.11146990241708N,10.474698845078231E
18634,Cao Lanh City-353.jpeg,0.5774747282266617,105.67971777018008N,10.414977003487248E
18636,Sa Đéc City-1768.jpeg,0.5774385072290897,105.7463409398341N,10.324659740723416E
18638,Cai Lậy Town-4830.jpeg,0.577408242970705,106.12928100898819N,10.4517919101094E
18643,Hung Yen City-759.jpeg,0.5772645715624094,106.1108860481022N,20.627350007688996E
18645,Long Hồ District-4035.jpeg,0.5772232376039028,105.94274829977763N,10.195761773924112E
18646,Long Xuyen City-4715.jpeg,0.577221941202879,105.38790295990641N,10.414907344198749E
18647,Phu Ly City-3691.jpeg,0.5772200636565685,105.9214458648509N,20.574753879034187E
18649,Cao Lanh City-387.jpeg,0.5772117860615253,105.61531659042207N,10.41632447025012E
18650,Hoa Lư District-3656.jpeg,0.5771824978291988,105.93203663453288N,20.285577113905376E
18667,Vĩnh Long-829.jpeg,0.5768599733710289,105.98840787329577N,10.244955004588519E
18668,Long Hồ District-4249.jpeg,0.5768563747406006,105.9345328281047N,10.19980417421273E
18673,Long Hồ District-4598.jpeg,0.5767766647040844,105.93864056394118N,10.206541508027088E
18675,Duy Tiên District-4998.jpeg,0.5766851715743542,105.91441857683458N,20.66855498050109E
18678,Châu Thành District-6240.jpeg,0.5765937380492687,106.41009133373053N,10.294735940139942E
18684,Tây Ninh City-2540.jpeg,0.5763394851237535,106.1127580819214N,11.356907307781837E
18685,Mỹ Tho-1491.jpeg,0.5763309225440025,106.377952395617N,10.355659805482526E
18687,Long Hồ District-272.jpeg,0.5762979350984097,106.00573358260351N,10.145905503697852E
18689,Tây Ninh City-5314.jpeg,0.5762839820235968,106.08801853276857N,11.402721177719588E
18694,Go Cong Town-366.jpeg,0.5762299057096243,106.64982219322431N,10.352270470806737E
18698,Yên Mỹ District-3798.jpeg,0.5761780142784119,105.99454907016673N,20.919215945330688E
18701,Trà Vinh City-1618.jpeg,0.5761533677577972,106.39059179277687N,9.95535370766797E
18704,Hoa Lư District-2428.jpeg,0.5760876908898354,105.94209029878895N,20.24784804454393E
18705,Thanh Liêm District-4385.jpeg,0.5760826990008354,105.96209097927128N,20.461225079573314E
18707,Long Hồ District-7287.jpeg,0.5760008245706558,105.99204112981529N,10.273914846170692E
18709,Châu Thành District-357.jpeg,0.5759636610746384,106.2375352165508N,10.25161700372803E
18710,Go Cong Town-574.jpeg,0.5759409740567207,106.69092262648952N,10.357660337858226E
18713,Trà Vinh City-2896.jpeg,0.5758897494524717,106.32902954770172N,9.990387843502628E
18716,Hiệp Hòa District-355.jpeg,0.5758206583559513,105.98617368092694N,21.240578674070978E
18720,Tây Ninh City-2499.jpeg,0.5758001618087292,106.16498601902181N,11.355559841018964E
18721,Hiệp Hòa District-7505.jpeg,0.5757961608469486,106.0266772078578N,21.360503215970393E
18722,Hiệp Hòa District-7555.jpeg,0.5757832136005163,105.97170813559445N,21.361850682733312E
18725,Sa Đéc City-651.jpeg,0.5756891742348671,105.77373361069478N,10.285583204600115E
18727,Cao Lanh City-371.jpeg,0.5756263025105,105.59339278454698N,10.41632447025012E
18730,Cai Lậy Town-2027.jpeg,0.5755933970212936,106.12517075362561N,10.39924070635737E
18732,Cai Lậy Town-4722.jpeg,0.5755276530981064,106.1854544989432N,10.449096976583652E
18733,Ninh Bình-588.jpeg,0.5755253694951534,105.94572909636263N,20.230747741376536E
18737,Cao Lanh City-452.jpeg,0.5754620544612408,105.59065230881261N,10.417671937012992E
18741,Hung Yen City-1022.jpeg,0.5754152312874794,106.1108860481022N,20.632739874740647E
18748,Binh Minh Town-3574.jpeg,0.5752333253622055,105.86111053069003N,10.077365209427533E
18752,Cao Lanh City-714.jpeg,0.5752040073275566,105.60572492535172N,10.421714337301607E
18753,Long Hồ District-2986.jpeg,0.575184989720583,106.00847207316117N,10.18093963953252E
18755,Trà Vinh City-2040.jpeg,0.5751558355987072,106.30714074945278N,9.968828375296683E
18760,Vĩnh Long-658.jpeg,0.5750459171831608,105.96512923322136N,10.242260071062768E
18761,Go Cong Town-3807.jpeg,0.5750242210924625,106.65256222210868N,10.43311847657908E
18762,Mỹ Hào District-2064.jpeg,0.5750228203833103,106.13969402854079N,20.935233477136E
18763,Châu Thành District-9221.jpeg,0.5750050991773605,106.31559631717974N,10.316295408345898E
18764,Phu Ly City-861.jpeg,0.574984323233366,105.90561709022639N,20.52355014204359E
18769,Bến Tre City-2102.jpeg,0.5749437287449837,106.4118326821413N,10.244847473363206E
18770,Go Cong Town-833.jpeg,0.5749375410377979,106.67996251095214N,10.364397671672586E
18772,Chau Doc City-4098.jpeg,0.5748334545642138,105.14538808683676N,10.699827409317995E
18774,Long Hồ District-5098.jpeg,0.5747417733073235,105.99751811093057N,10.21597377536719E
18775,Long Xuyen City-625.jpeg,0.5747187435626984,105.47283353561627N,10.323279604323425E
18777,Long Xuyen City-2092.jpeg,0.5746744871139526,105.4084506798362N,10.356966273395233E
18785,Duy Tiên District-5108.jpeg,0.5745007991790771,105.99360784095339N,20.669902447263993E
18790,Binh Minh Town-2148.jpeg,0.5744658578187227,105.83100461662376N,10.043678540355744E
18792,Tam Điệp-2394.jpeg,0.5744412550702691,105.86511797103043N,20.156077076315338E
18793,Trà Vinh City-1087.jpeg,0.5743957124650478,106.35091834595066N,9.931099305936286E
18796,Ninh Bình-332.jpeg,0.5743653737008572,105.99743200936688N,20.219968007273255E
18799,Long Hồ District-4409.jpeg,0.5743386521935463,105.96191773368116N,10.202499107738472E
18800,Tây Ninh City-391.jpeg,0.5743283145129681,106.13887205047158N,11.308398504318339E
18805,Trà Vinh City-2223.jpeg,0.5741689428687096,106.3331336973734N,9.972870775585298E
18809,Long Xuyen City-4970.jpeg,0.5741346850991249,105.39612204787835N,10.421644678013113E
18811,Châu Thành District-1832.jpeg,0.5741253765299916,106.31970479616021N,10.266439138119624E
18813,Thanh Liêm District-7776.jpeg,0.5740997456014156,105.9692812636395N,20.515123750089717E
18814,Long Hồ District-5052.jpeg,0.5740995146334171,105.9345328281047N,10.21597377536719E
18819,Duy Tiên District-4995.jpeg,0.5739571936428547,105.91009916242808N,20.66855498050109E
18820,Duy Tiên District-1826.jpeg,0.5739476941525936,105.97057096411882N,20.622741110562114E
18827,Mỹ Tho-1996.jpeg,0.5737909451127052,106.41219758335073N,10.36374460605976E
18830,Cai Lậy Town-2052.jpeg,0.5737562049180269,106.15942288164696N,10.39924070635737E
18832,Bến Tre City-2172.jpeg,0.5736927427351475,106.39129370776274N,10.246194940126077E
18836,Tây Ninh City-166.jpeg,0.5735226012766361,106.07839759698689N,11.30300863726684E
18840,Cai Lậy Town-93.jpeg,0.5734258331358433,106.10735964705452N,10.358816703471197E
18842,Long Hồ District-4432.jpeg,0.57340407371521,105.9934103750941N,10.202499107738472E
18844,Hung Yen City-3499.jpeg,0.5733343884348869,106.05760327405113N,20.70954548022658E
18846,Yên Mỹ District-3881.jpeg,0.5732535477727652,106.02195317621977N,20.920563412093603E
18848,Binh Minh Town-1746.jpeg,0.5732391308993101,105.82689926470562N,10.035593739778509E
18850,Tam Điệp-2567.jpeg,0.5732054188847542,105.83784511603886N,20.158772009841154E
18853,Binh Minh Town-4248.jpeg,0.5731221437454224,105.86111053069003N,10.096229744107738E
18856,Vĩnh Long-894.jpeg,0.5730388425290585,105.96923722852861N,10.246302471351386E
18857,Thái Bình-525.jpeg,0.5728992195799947,106.32632120285044N,20.429815574676653E
18859,Long Hồ District-8915.jpeg,0.572885774075985,105.96328697896001N,10.304906581716757E
18861,Cao Lanh City-2335.jpeg,0.5728271715342999,105.66738562937537N,10.447316205796186E
18867,Cai Lậy Town-3711.jpeg,0.5726582072675228,106.17038356261381N,10.43157990866631E
18868,Cao Lanh City-749.jpeg,0.572655662894249,105.65368325070345N,10.421714337301607E
18871,Cai Lậy Town-751.jpeg,0.5725641064345837,106.1142100726588N,10.377681238151407E
18872,Vĩnh Long-336.jpeg,0.572526752948761,105.91720262130343N,10.23552273724841E
18873,Tây Ninh City-2387.jpeg,0.5725090838968754,106.11963017890828N,11.354212374256086E
18875,Go Cong Town-2246.jpeg,0.5724764801561832,106.65530225099302N,10.402126741033015E
18879,Cai Lậy Town-1134.jpeg,0.5723575688898563,106.11969041314218N,10.38441857196577E
18882,Châu Thành District-3574.jpeg,0.5723121203482151,106.31285733119275N,10.278566338985474E
18887,Thái Bình-2519.jpeg,0.5722369849681854,106.36227442052956N,20.472934511089775E
18894,Vĩnh Long-1345.jpeg,0.5721327885985374,105.91720262130343N,10.254387271928618E
18902,Tây Ninh City-1492.jpeg,0.5720372833311558,106.14711856685587N,11.335347839575835E
18903,Trà Vinh City-561.jpeg,0.5720019862055779,106.35365444573176N,9.910887304493212E
18905,Tây Ninh City-3646.jpeg,0.5719804465770721,106.07564875819214N,11.375771842462086E
18911,Go Cong Town-3214.jpeg,0.5718409474939108,106.61420181772779N,10.423686209238976E
18912,Yên Mỹ District-684.jpeg,0.5718292184174061,106.03781871130316N,20.863969808051277E
18916,Cai Lậy Town-3061.jpeg,0.5717314817011356,106.1375015197133N,10.419452707800456E
18919,Chau Doc City-2165.jpeg,0.5715796947479248,105.03843011635064N,10.670183140534787E
18923,Tây Ninh City-830.jpeg,0.5715096108615398,106.13199995348471N,11.320525705184215E
18928,Mỹ Hào District-710.jpeg,0.5714105516672134,106.1382514148269N,20.905589208351927E
18932,Chau Doc City-2477.jpeg,0.5713467076420784,105.11659171016743N,10.674225540823407E
18934,Long Hồ District-5373.jpeg,0.571294404566288,105.9235788658741N,10.222711109181553E
18940,Cai Lậy Town-307.jpeg,0.5712436325848103,106.12928100898819N,10.366901504048426E
18941,Long Hồ District-8869.jpeg,0.5712180025875568,105.98382565814235N,10.303559114953883E
18942,Tây Ninh City-6338.jpeg,0.5711890012025833,106.17323253540609N,11.422933179162715E
18943,Trà Vinh City-630.jpeg,0.57115263864398,106.3372378470451N,9.913582238018956E
18948,Cai Lậy Town-744.jpeg,0.5710373818874359,106.10461947681281N,10.377681238151407E
18950,Tây Ninh City-2764.jpeg,0.5710225701332092,106.09489062975544N,11.360949708070462E
18954,Phu Ly City-1434.jpeg,0.570957850664854,105.89410525413581N,20.53298240938396E
18957,Cai Lậy Town-1241.jpeg,0.5707496218383312,106.15394254116356N,10.385766038728642E
18959,Duy Tiên District-482.jpeg,0.5706906318664551,105.96625154971235N,20.583664574437694E
18961,Cai Lậy Town-5279.jpeg,0.5706368163228035,106.15120237092184N,10.459876710686634E
18963,Bến Tre City-2902.jpeg,0.5706121884286404,106.37486252825991N,10.259669607754798E
18972,Ninh Bình-1207.jpeg,0.5704888179898262,105.98163389706002N,20.24556987576853E
18973,Tam Điệp-1578.jpeg,0.5704754437319934,105.8809075186571N,20.142602408686262E
18974,Hung Yen City-741.jpeg,0.5704728774726391,106.08496469856384N,20.627350007688996E
18976,Cao Lanh City-3562.jpeg,0.5704228989779949,105.63724039629714N,10.474265541053642E
18980,Phu Ly City-88.jpeg,0.5703777447342873,105.90417811071508N,20.496600806785388E
18999,Long Hồ District-2814.jpeg,0.5700091496109962,105.92494811115294N,10.17959217276965E
19002,Ninh Bình-342.jpeg,0.5699567086994648,105.97301674489265N,20.221315474036174E
19004,Châu Thành District-3102.jpeg,0.5698810555040836,106.24986065349223N,10.275871405459727E
19006,Cao Lanh City-1458.jpeg,0.5697961188852787,105.57969040587507N,10.433841538167465E
19010,Thanh Liêm District-4197.jpeg,0.5697473138570786,105.96209097927128N,20.458530146047487E
19015,Cai Lậy Town-5324.jpeg,0.5696186795830727,106.11558015777963N,10.461224177449507E
19017,Mỹ Hào District-2227.jpeg,0.5695932060480118,106.13969402854079N,20.937928410661822E
19023,Long Xuyen City-4492.jpeg,0.5694070942699909,105.44406672771456N,10.40817001038439E
19033,Tây Ninh City-4193.jpeg,0.5691487863659859,106.13337437288207N,11.383856643039337E
19037,Hung Yen City-2771.jpeg,0.5691121630370617,106.0835246235895N,20.68529107849418E
19038,Phu Ly City-2475.jpeg,0.5690764947794378,105.88115443853394N,20.550499477301795E
19039,Phu Ly City-670.jpeg,0.5690736100077629,105.9631762706792N,20.51950774175486E
19041,Bac Giang City-913.jpeg,0.5690683741122484,106.19672993415931N,21.259140275801617E
19042,Thanh Liêm District-7406.jpeg,0.5690148584544659,105.98509988924968N,20.507038949512257E
19043,Thái Bình-1328.jpeg,0.5689956767018884,106.35364564828656N,20.445985175831574E
19044,Bến Tre City-3169.jpeg,0.5689764600247145,106.3584313487571N,10.266406941569157E
19048,Thanh Liêm District-4363.jpeg,0.5689337104558945,105.93045372805089N,20.461225079573314E
19049,Mỹ Tho-1798.jpeg,0.5689241858199239,106.36014489799547N,10.361049672534014E
19051,Cao Lanh City-1830.jpeg,0.5688614584505558,105.63038920696117N,10.439231405218955E
19055,Thanh Liêm District-1111.jpeg,0.5688193365931511,105.91319704556706N,20.410021342582734E
19057,Binh Minh Town-2041.jpeg,0.5687796697020531,105.86932123452628N,10.040983606829998E
19061,Tây Ninh City-3019.jpeg,0.568733237683773,106.12100459830566N,11.364992108359088E
19062,Thanh Liêm District-7292.jpeg,0.5687300562858582,105.92613955742995N,20.505691482749345E
19068,Bến Tre City-2418.jpeg,0.5685253255069256,106.38718591288703N,10.25023734041469E
19070,Duy Tiên District-3364.jpeg,0.5684949830174446,105.97920979293177N,20.644300578768686E
19072,Châu Thành District-10151.jpeg,0.5684638600796461,106.34161668405602N,10.325727675686002E
19073,Hung Yen City-1429.jpeg,0.5684302980080247,106.04320252430756N,20.643519608843928E
19077,Bến Tre City-3263.jpeg,0.5683484151959419,106.36801620346708N,10.269101875094902E
19083,Thái Bình-87.jpeg,0.5682196691632271,106.32200681672894N,20.4082561064701E
19086,Mỹ Hào District-3503.jpeg,0.5682062208652496,106.13248095997142N,20.958140412105514E
19088,Thanh Liêm District-7860.jpeg,0.5681661888957024,105.97503349113417N,20.517818683615538E
19090,Long Xuyen City-3016.jpeg,0.568088399246335,105.42625870377537N,10.375830808075445E
19094,Long Xuyen City-972.jpeg,0.5680456813424826,105.44543657570988N,10.33136440490066E
19097,Long Hồ District-403.jpeg,0.5679572261869907,105.98930263925763N,10.148600437223596E
19098,Cai Lậy Town-277.jpeg,0.5679559744894505,106.13887160483415N,10.365554037285555E
19100,Hoa Lư District-2202.jpeg,0.5679451078176498,105.93921782328722N,20.239763243966472E
19107,Yên Mỹ District-4374.jpeg,0.5678261034190655,106.01762621210614N,20.936733013248556E
19108,Sa Đéc City-2657.jpeg,0.5678178872913122,105.71757863543034N,10.362388810083837E
19110,Long Xuyen City-2381.jpeg,0.5677923448383808,105.37694417594385N,10.363703607209597E
19111,Vĩnh Long-319.jpeg,0.5677763894200325,105.9870385415267N,10.23417527048554E
19115,Thanh Liêm District-7398.jpeg,0.5677637383341789,105.97359543426047N,20.507038949512257E
19122,Châu Thành District-1340.jpeg,0.5677212774753571,106.32107428915369N,10.262396737831006E
19126,Châu Thành District-7525.jpeg,0.5676175728440285,106.23890470954429N,10.304168207480046E
19127,Vĩnh Long-1051.jpeg,0.5676114074885845,105.96923722852861N,10.24899740487713E
19130,Tây Ninh City-210.jpeg,0.5675265900790691,106.08389527457642N,11.304356104029715E
19133,Long Hồ District-8488.jpeg,0.5674837045371532,106.02079528067058N,10.295474314376653E
19136,Mỹ Hào District-3837.jpeg,0.5674230270087719,106.09064516226894N,20.97026761297173E
19138,Binh Minh Town-2427.jpeg,0.5673745609819889,105.83921532046N,10.04906840740723E
19139,Hung Yen City-1956.jpeg,0.5673557855188847,106.07776432369208N,20.658341743235955E
19146,Bac Giang City-1930.jpeg,0.5672777146100998,106.22564907988206N,21.280699744008253E
19147,Cai Lậy Town-6378.jpeg,0.5672633275389671,106.14435194531758N,10.48278364565547E
19153,Long Xuyen City-1176.jpeg,0.5671230144798756,105.46872399163031N,10.335406805189278E
19155,Long Hồ District-7739.jpeg,0.5670338738709688,106.01394905427645N,10.281999646747927E
19157,Hung Yen City-2865.jpeg,0.5669946223497391,106.08928492348691N,20.68798601202E
19160,Mỹ Tho-1590.jpeg,0.5669145509600639,106.40397873829461N,10.3570072722454E
19161,Vĩnh Long-1256.jpeg,0.5668564587831497,105.910355962458N,10.253039805165749E
19164,Thái Bình-1221.jpeg,0.5668179895728827,106.29755862870716N,20.444637709068665E
19166,Phu Ly City-1770.jpeg,0.5667954422533512,105.88691035657921N,20.538372276435606E
19167,Go Cong Town-205.jpeg,0.5667179636657238,106.68270253983648N,10.345533136992373E
19172,Duy Tiên District-1628.jpeg,0.5665485300123692,105.94897389208641N,20.62004617703629E
19173,Sa Đéc City-561.jpeg,0.5665455423295498,105.76003727526444N,10.282888271074373E
19177,Mỹ Tho-592.jpeg,0.5663795322179794,106.31357144267761N,10.340837671090929E
19182,Trà Vinh City-677.jpeg,0.5663039796054363,106.34818224616954N,9.914929704781827E
19186,Long Hồ District-3944.jpeg,0.5661135278642178,105.92905584698941N,10.194414307161237E
19188,Yên Mỹ District-2712.jpeg,0.5660736262798309,106.00320299839402N,20.899003943887E
19189,Mỹ Tho-2197.jpeg,0.5660702101886272,106.36288451301418N,10.367787006348378E
19200,Tây Ninh City-4789.jpeg,0.5657160468399525,106.1251278564978N,11.393288910379463E
19203,Yên Mỹ District-3101.jpeg,0.565672492608428,106.0017606770228N,20.90574127770157E
19207,Cai Lậy Town-3969.jpeg,0.5656405761837959,106.12380066850477N,10.436969775717799E
19211,Thái Bình-1857.jpeg,0.5655842833220959,106.3680269353582N,20.45676490993485E
19215,Trà Vinh City-95.jpeg,0.5655298009514809,106.33450174726396N,9.893370236575885E
19221,Trà Vinh City-2321.jpeg,0.565434955060482,106.31124489912449N,9.975565709111041E
19222,Châu Thành District-9972.jpeg,0.5653843488544226,106.37722350188677N,10.323032742160255E
19224,Yên Mỹ District-568.jpeg,0.5653465241193771,106.01906853347737N,20.861274874525453E
19233,Hung Yen City-3232.jpeg,0.5650659315288067,106.04176244933322N,20.701460679649117E
19235,Tây Ninh City-5398.jpeg,0.56505311653018,106.111383662524N,11.404068644482464E
19237,Tây Ninh City-1482.jpeg,0.5650313347578049,106.13337437288207N,11.335347839575835E
19240,Long Hồ District-8544.jpeg,0.5649634078145027,106.00025660148823N,10.296821781139522E
19247,Thanh Liêm District-1785.jpeg,0.5647994764149189,105.9160731593144N,20.423496010211835E
19255,Duy Tiên District-2518.jpeg,0.5645979978144169,106.00944569377715N,20.632173377902483E
19256,Trà Vinh City-927.jpeg,0.5645133517682552,106.31671709868672N,9.924361972121927E
19265,Long Hồ District-9384.jpeg,0.5643663741648197,105.99614886565175N,10.317033782582604E
19277,Hung Yen City-1919.jpeg,0.56411087885499,106.08208454861514N,20.656994276473046E
19282,Hiệp Hòa District-7613.jpeg,0.5640501771122217,105.93409771773007N,21.363198149496224E
19287,Hiệp Hòa District-6165.jpeg,0.5639797300100327,106.02812376239105N,21.34163868128958E
19289,Binh Minh Town-3620.jpeg,0.563977774232626,105.85837362941128N,10.078712676190406E
19293,Tây Ninh City-2248.jpeg,0.563917201012373,106.13612321167683N,11.351517440730339E
19294,Châu Thành District-142.jpeg,0.5639120042324066,106.19371144075912N,10.247574603439418E
19300,Vĩnh Long-1531.jpeg,0.5636443272233009,105.93774259783969N,10.257082205454365E
19303,Mỹ Hào District-1693.jpeg,0.5636171344667673,106.12959573254362N,20.928496143321432E
19304,Châu Thành District-1396.jpeg,0.5635774284601212,106.1800165108242N,10.263744204593879E
19306,Thanh Liêm District-999.jpeg,0.563503235578537,105.92038732993534N,20.407326409056914E
19310,Sa Đéc City-408.jpeg,0.5634678453207016,105.7353838714898N,10.278845870785757E
19317,Long Xuyen City-4053.jpeg,0.5632122941315174,105.4468064237052N,10.397390276281406E
19322,Tây Ninh City-6254.jpeg,0.5631372295320034,106.14162088926633N,11.421585712399843E
19331,Chau Doc City-1809.jpeg,0.5628877896815538,105.10562166191242N,10.663445806720416E
19332,Phu Ly City-2343.jpeg,0.5628664828836918,105.90561709022639N,20.54780454377598E
19333,Sa Đéc City-633.jpeg,0.5628656335175037,105.74908020692013N,10.285583204600115E
19334,Mỹ Hào District-3091.jpeg,0.5628563314676285,106.14834971082404N,20.95140307829095E
19336,Go Cong Town-3989.jpeg,0.5628045424818993,106.68544256872082N,10.435813410104826E
19340,Tây Ninh City-5891.jpeg,0.5627426430583,106.13749763107424N,11.41350091182259E
19341,Cao Lanh City-5142.jpeg,0.5627322718501091,105.60024397388295N,10.507952210125461E
19342,Tây Ninh City-1986.jpeg,0.562714159488678,106.14574414745852N,11.346127573678837E
19346,Vĩnh Long-1668.jpeg,0.5626081079244614,105.88844665415267N,10.259777138980107E
19350,Cai Lậy Town-4254.jpeg,0.5624825805425644,106.1854544989432N,10.441012176006414E
19353,Bac Giang City-797.jpeg,0.5623949952423573,106.17937844672568N,21.256445342275793E
19354,Trà Vinh City-2005.jpeg,0.5623719692230225,106.32902954770172N,9.967480908533812E
19355,Long Xuyen City-1534.jpeg,0.5623657647520304,105.4536556636818N,10.343491605766511E
19356,Trà Vinh City-599.jpeg,0.5623631440103054,106.3495502960601N,9.912234771256085E
19362,Vĩnh Long-1672.jpeg,0.5622239485383034,105.89392398122901N,10.259777138980107E
19366,Mỹ Tho-1754.jpeg,0.5621417611837387,106.40945796833202N,10.359702205771145E
19372,Trà Vinh City-56.jpeg,0.5619713217020035,106.3495502960601N,9.890675303050141E
19377,Bến Tre City-1801.jpeg,0.5619123615324497,106.33378457950285N,10.240805073074588E
19389,Hung Yen City-1577.jpeg,0.5616177227348089,106.04032237435887N,20.647562009132667E
19393,Cao Lanh City-2752.jpeg,0.5615751817822456,105.58791183307821N,10.456748473136297E
19395,Bến Tre City-2553.jpeg,0.561506487429142,106.36801620346708N,10.252932273940436E
19396,Hung Yen City-3429.jpeg,0.5614775978028774,106.01584109979484N,20.708198013463676E
19405,Bac Giang City-851.jpeg,0.561374026350677,106.18227036129795N,21.25779280903871E
19406,Binh Minh Town-997.jpeg,0.5613428615033627,105.87890038900191N,10.018076671861182E
19407,Duy Tiên District-765.jpeg,0.561340719461441,105.93601564886697N,20.59848670882971E
19411,Ninh Bình-2093.jpeg,0.5612374320626259,105.93567575216737N,20.272519211026708E
19412,Thanh Liêm District-6033.jpeg,0.56123654730618,105.89018813558863N,20.48547948130569E
19413,Cao Lanh City-2328.jpeg,0.5612242519855499,105.65779396430501N,10.447316205796186E
19415,Duy Tiên District-4290.jpeg,0.5611419789493084,105.91873799124104N,20.657775246397794E
19418,Ninh Bình-140.jpeg,0.5610719323158264,105.96296340069738N,20.213230673458717E
19422,Vĩnh Long-531.jpeg,0.5610236451029778,105.9706065602977N,10.239565137537028E
19423,Chau Doc City-2236.jpeg,0.560996524989605,105.13578929461362N,10.670183140534787E
19426,Bến Tre City-2700.jpeg,0.5609715282917023,106.3762317932185N,10.255627207466182E
19427,Ninh Bình-942.jpeg,0.5609678439795971,105.94285671230685N,20.240180008716898E
19434,Sa Đéc City-476.jpeg,0.560777809470892,105.76551580943658N,10.280193337548628E
19435,Cao Lanh City-999.jpeg,0.5607679598033428,105.6482022992347N,10.42575673759023E
19436,Mỹ Hào District-2546.jpeg,0.560755793005228,106.11228436797707N,20.94331827771347E
19439,Trà Vinh City-2097.jpeg,0.5606727208942175,106.31261294901503N,9.970175842059554E
19442,Cao Lanh City-5138.jpeg,0.5605547651648521,105.59476302241417N,10.507952210125461E
19444,Châu Thành District-9814.jpeg,0.5605515437200665,106.31970479616021N,10.321685275397387E
19447,Tây Ninh City-94.jpeg,0.5604445021599531,106.12375343710043N,11.298966236978218E
19448,Hiệp Hòa District-8460.jpeg,0.5604417128488421,106.01221166252535N,21.37936775065121E
19455,Go Cong Town-492.jpeg,0.5603256411850452,106.70736279979558N,10.354965404332479E
19456,Cao Lanh City-4724.jpeg,0.5603236816823483,105.5755796922735N,10.49851994278535E
19462,Long Hồ District-3028.jpeg,0.5601907856762409,105.9153633942012N,10.182287106295396E
19487,Long Hồ District-2449.jpeg,0.5595477223396301,105.88660924334586N,10.175549772481036E
19494,Tam Điệp-573.jpeg,0.5594254806637764,105.89526165286318N,20.123737874005545E
19498,Châu Thành District-10730.jpeg,0.5593542950227857,106.36352857195187N,10.340549810077599E
19500,Long Xuyen City-5208.jpeg,0.5592834800481796,105.41529991981282N,10.428382011827477E
19501,Duy Tiên District-2012.jpeg,0.5591966770589352,105.96769135451449N,20.625436044087937E
19502,Long Xuyen City-2800.jpeg,0.5591527223587036,105.40160143985962N,10.371788407786832E
19504,Chau Doc City-4484.jpeg,0.5591081231832504,105.13441803858176N,10.707912209895236E
19507,Go Cong Town-4539.jpeg,0.5590453967452049,106.64160210657127N,10.450635544496429E
19508,Hiệp Hòa District-7313.jpeg,0.5590453110635281,106.0078719989256N,21.357808282444562E
19510,Cao Lanh City-1774.jpeg,0.5590396635234356,105.66738562937537N,10.437883938456077E
19511,Duy Tiên District-844.jpeg,0.5590296648442745,105.9460942824821N,20.601181642355538E
19513,Hiệp Hòa District-2676.jpeg,0.5589631833136082,105.97749435372745N,21.291782411061728E
19515,Chau Doc City-3937.jpeg,0.5588680766522884,105.12756175842237N,10.69713247579225E
19516,Tây Ninh City-2138.jpeg,0.5588335879147053,106.08114643578168N,11.350169973967462E
19517,Hoa Lư District-5104.jpeg,0.5588305229321122,105.92341920802768N,20.32061124974102E
19520,Tây Ninh City-1880.jpeg,0.5587913356721401,106.09076737156332N,11.344780106915964E
19521,Tây Ninh City-2884.jpeg,0.5587837640196085,106.15124182504802N,11.362297174833339E
19522,Mỹ Tho-3352.jpeg,0.5587523132562637,106.36973355056092N,10.387999007791462E
19523,Go Cong Town-2145.jpeg,0.5587457604706287,106.6662623665304N,10.399431807507273E
19525,Cao Lanh City-2422.jpeg,0.5587363913655281,105.59065230881261N,10.450011139321935E
19528,Long Hồ District-6448.jpeg,0.5586517676711082,106.00299509204586N,10.25100791120187E
19530,Tây Ninh City-2596.jpeg,0.5586186312139034,106.08114643578168N,11.358254774544713E
19531,Châu Thành District-1258.jpeg,0.5586154013872147,106.20877586368749N,10.262396737831006E
19537,Thanh Liêm District-700.jpeg,0.5585162378847599,105.87724562372574N,20.40058907524236E
19542,Duy Tiên District-1140.jpeg,0.5584404049441218,105.97201076892097N,20.609266442933002E
19547,Long Hồ District-2900.jpeg,0.5582788288593292,105.89071697918236N,10.18093963953252E
19552,Long Hồ District-3237.jpeg,0.5582078546285629,105.90030169613412N,10.184982039821136E
19555,Mỹ Tho-3879.jpeg,0.558145385235548,106.40123912327594N,10.39743127513157E
19562,Bến Tre City-996.jpeg,0.5579317659139633,106.34884649404711N,10.224635471920122E
19565,Duy Tiên District-4926.jpeg,0.5578945577144623,105.92449721044969N,20.66720751373818E
19566,Duy Tiên District-5280.jpeg,0.5578754507005215,105.91441857683458N,20.67394484755273E
19569,Long Hồ District-7030.jpeg,0.5577784851193428,106.02353377122823N,10.268524979119206E
19571,Tam Điệp-1887.jpeg,0.5577596575021744,105.88377834549836N,20.14799227573789E
19575,Châu Thành District-7412.jpeg,0.557663219049573,106.35257262800394N,10.302820740717173E
19576,Long Hồ District-8942.jpeg,0.5576377026736736,106.00025660148823N,10.304906581716757E
19580,Hiệp Hòa District-6028.jpeg,0.5575797110795975,105.98328057186043N,21.340291214526662E
19583,Long Xuyen City-2745.jpeg,0.5575365796685219,105.41666976780813N,10.37044094102396E
19584,Cai Lậy Town-704.jpeg,0.5575098097324371,106.14709211555929N,10.376333771388534E
19587,Long Xuyen City-2166.jpeg,0.5574881620705128,105.43036824776134N,10.358313740158108E
19588,Bến Tre City-1460.jpeg,0.5574507787823677,106.38307811801135N,10.234067739260228E
19594,Mỹ Tho-3372.jpeg,0.5573926903307438,106.39712970074788N,10.387999007791462E
19595,Cai Lậy Town-710.jpeg,0.5573499538004398,106.15531262628441N,10.376333771388534E
19604,Châu Thành District-3895.jpeg,0.557185173034668,106.15125715796093N,10.281261272511216E
19608,Long Hồ District-7578.jpeg,0.557137206196785,106.00025660148823N,10.27930471322218E
19610,Duy Tiên District-2931.jpeg,0.5570976007729769,105.92449721044969N,20.638910711717042E
19617,Cao Lanh City-3716.jpeg,0.5569609887897968,105.59065230881261N,10.478307941342258E
19618,Vĩnh Long-1867.jpeg,0.5569495223462582,105.9281572754561N,10.262472072505853E
19620,Cao Lanh City-1440.jpeg,0.556902639567852,105.67149634297695N,10.432494071404587E
19621,Bến Tre City-448.jpeg,0.556894451379776,106.3762317932185N,10.209813337528532E
19622,Cai Lậy Town-5888.jpeg,0.5568169131875038,106.11695024290049N,10.472003911552486E
19625,Cao Lanh City-3743.jpeg,0.5567510537803173,105.62764873122678N,10.478307941342258E
19639,Châu Thành District-1275.jpeg,0.5563145503401756,106.23205724457684N,10.262396737831006E
19641,Hiệp Hòa District-405.jpeg,0.5562682989984751,105.9442235994628N,21.243273607596805E
19642,Vĩnh Long-616.jpeg,0.5562638379633427,105.90761729891983N,10.242260071062768E
19644,Cao Lanh City-4690.jpeg,0.5562333595007658,105.62216777975802N,10.497172476022477E
19647,Trà Vinh City-2454.jpeg,0.5561934486031532,106.33860589693562N,9.978260642636783E
19651,Thanh Liêm District-7171.jpeg,0.5561346560716629,105.98078571862875N,20.50299654922353E
19657,Mỹ Tho-2563.jpeg,0.5559745877981186,106.33411855531787N,10.37452434016274E
19664,Long Hồ District-3388.jpeg,0.5558019243180752,105.95780999784469N,10.18632950658401E
19674,Mỹ Tho-2383.jpeg,0.5556148625910282,106.40260893078528N,10.37048193987412E
19675,Châu Thành District-3320.jpeg,0.5555814802646637,106.25944710444665N,10.277218872222601E
19676,Yên Mỹ District-67.jpeg,0.5555776245892048,106.03204942581829N,20.8437578066076E
19681,Long Hồ District-2175.jpeg,0.5554221384227276,105.9756101864694N,10.171507372192416E
19682,Tây Ninh City-1934.jpeg,0.5553769506514072,106.16498601902181N,11.344780106915964E
19683,Phu Ly City-948.jpeg,0.5553511492908001,105.91568994680563N,20.524897608806498E
19688,Yên Mỹ District-2561.jpeg,0.5552674345672131,106.01906853347737N,20.89630901036118E
19692,Duy Tiên District-5844.jpeg,0.5551555249840021,106.00080686496418N,20.69011444870766E
19697,Cai Lậy Town-2230.jpeg,0.5550478920340538,106.10187930657109N,10.403283106645986E
19704,Ninh Bình-1913.jpeg,0.5549404863268137,105.94142052027895N,20.265781877212163E
19705,Thanh Liêm District-3035.jpeg,0.5549204349517822,105.954900694903N,20.442360544892573E
19707,Hiệp Hòa District-465.jpeg,0.5549068339169025,105.97460124466096N,21.24462107435972E
19709,Châu Thành District-1176.jpeg,0.5548862367868423,106.30874885221228N,10.261049271068135E
19711,Hiệp Hòa District-6736.jpeg,0.5548142679035664,106.00063922625938N,21.349723481867073E
19717,Hiệp Hòa District-249.jpeg,0.5546814985573292,105.94856326306252N,21.237883740545147E
19720,Vĩnh Long-1741.jpeg,0.5546390898525715,105.98840787329577N,10.259777138980107E
19721,Trà Vinh City-1177.jpeg,0.5546286515891552,106.33997394682622N,9.936489172987768E
19725,Long Hồ District-4360.jpeg,0.5545456111431122,105.99067188453644N,10.201151640975601E
19726,Yên Mỹ District-2489.jpeg,0.5544877499341965,106.03204942581829N,20.894961543598264E
19739,Bến Tre City-1160.jpeg,0.5541692301630974,106.41730974197556N,10.227330405445867E
19743,Mỹ Tho-970.jpeg,0.5540054440498352,106.31905067271501N,10.34757500490529E
19747,Bến Tre City-2147.jpeg,0.5539363995194435,106.35706208379852N,10.246194940126077E
19749,Châu Thành District-2881.jpeg,0.553871426731348,106.22657927260288N,10.274523938696857E
19753,Tây Ninh City-1888.jpeg,0.5538385957479477,106.10176272674236N,11.344780106915964E
19759,Châu Thành District-10612.jpeg,0.5537368543446064,106.36763705093234N,10.33515994302611E
19762,Sa Đéc City-1608.jpeg,0.553668599575758,105.7312749708607N,10.319269873671924E
19774,Long Hồ District-7734.jpeg,0.5533090904355049,106.00710282788233N,10.281999646747927E
19777,Long Hồ District-3315.jpeg,0.5530749410390854,106.00710282788233N,10.184982039821136E
19780,Tây Ninh City-6360.jpeg,0.5530195012688637,106.12237901770304N,11.42428064592559E
19787,Mỹ Hào District-3204.jpeg,0.5528378188610077,106.0574650468498N,20.954098011816768E
19788,Cai Lậy Town-5842.jpeg,0.5528305470943451,106.14709211555929N,10.470656444789617E
19790,Cai Lậy Town-942.jpeg,0.5527954250574112,106.16901347749294N,10.380376171677153E
19795,Go Cong Town-3835.jpeg,0.5526865608990192,106.69092262648952N,10.43311847657908E
19806,Go Cong Town-0.jpeg,0.5524828899651766,106.64982219322431N,10.336100869652268E
19814,Long Hồ District-8004.jpeg,0.5523508302867413,105.95644075256588N,10.287389513799416E
19817,Cai Lậy Town-1015.jpeg,0.5522820465266705,106.16627330725123N,10.381723638440027E
19818,Long Hồ District-378.jpeg,0.5522276312112808,105.9235788658741N,10.148600437223596E
19827,Duy Tiên District-5355.jpeg,0.5519730672240257,105.927376820054N,20.675292314315648E
19829,Cai Lậy Town-3868.jpeg,0.5519590526819229,106.18682458406407N,10.434274842192053E
19841,Ninh Bình-249.jpeg,0.551798015832901,105.97445293692057N,20.217273073747442E
19842,Long Hồ District-7673.jpeg,0.5517734438180923,106.0276415070647N,10.280652179985056E
19850,Long Hồ District-3845.jpeg,0.5516146197915077,105.9057786772494N,10.193066840398368E
19852,Trà Vinh City-2870.jpeg,0.5515807643532753,106.35365444573176N,9.989040376739755E
19854,Cao Lanh City-559.jpeg,0.5515420883893967,105.62353801762521N,10.419019403775863E
19859,Long Hồ District-3622.jpeg,0.5513226240873337,105.9865641487N,10.189024440109755E
19863,Tam Điệp-562.jpeg,0.5512778237462044,105.87947210523652N,20.123737874005545E
19876,Bến Tre City-2472.jpeg,0.5510588623583317,106.35706208379852N,10.251584807177563E
19883,Cai Lậy Town-1678.jpeg,0.5508864969015121,106.19504509478917N,10.392503372543006E
19889,Go Cong Town-4466.jpeg,0.5507229715585709,106.63201200547607N,10.447940610970683E
19892,Long Hồ District-4866.jpeg,0.5506921857595444,105.9468560356141N,10.211931375078578E
19894,Mỹ Hào District-477.jpeg,0.5506838262081146,106.07333379770245N,20.90019934130027E
19901,Long Hồ District-838.jpeg,0.5505838021636009,105.92220962059528N,10.155337771037951E
19909,Châu Thành District-163.jpeg,0.5505058839917183,106.22247079362242N,10.247574603439418E
19914,Hiệp Hòa District-4142.jpeg,0.5504348054528236,105.95000981759576N,21.31468934603128E
19916,Cao Lanh City-423.jpeg,0.5504054054617882,105.66464515364098N,10.41632447025012E
19917,Long Xuyen City-2702.jpeg,0.5504046194255352,105.44817627170053N,10.369093474261087E
19919,Tây Ninh City-2693.jpeg,0.5503749623894691,106.10588598493449N,11.359602241307586E
19928,Thanh Liêm District-1168.jpeg,0.5502275712788105,105.91032093181974N,20.411368809345642E
19930,Sa Đéc City-468.jpeg,0.5502040348947048,105.75455874109232N,10.280193337548628E
19931,Hiệp Hòa District-7648.jpeg,0.5502019114792347,105.9847271263937N,21.363198149496224E
19932,Cai Lậy Town-245.jpeg,0.5501919835805893,106.14161177507587N,10.364206570522683E
19942,Sa Đéc City-1124.jpeg,0.5501041077077389,105.75455874109232N,10.301752805754587E
19943,Thanh Liêm District-2500.jpeg,0.5500875897705555,105.95921486552396N,20.434275744315112E
19946,Thanh Liêm District-2469.jpeg,0.5500566177070141,105.91463510244073N,20.434275744315112E
19947,Mỹ Tho-2525.jpeg,0.5500482581555843,106.38617124067312N,10.373176873399867E
19948,Bac Giang City-1005.jpeg,0.5500393100082874,106.18516227587025N,21.261835209327447E
19954,Châu Thành District-2108.jpeg,0.5499206185340881,106.21288434266796N,10.269134071645368E
19955,Cai Lậy Town-5096.jpeg,0.5498786084353924,106.09502888096684N,10.45718177716089E
19962,Cai Lậy Town-1554.jpeg,0.5496776551008224,106.13613143459246N,10.391155905780133E
19965,Phu Ly City-3285.jpeg,0.5496386513113976,105.89698321315845N,20.565321611693822E
19967,Hiệp Hòa District-4348.jpeg,0.5496125034987926,105.98328057186043N,21.31738427955711E
19976,Bến Tre City-3223.jpeg,0.5494102537631989,106.3707547333842N,10.267754408332031E
19981,Hiệp Hòa District-3217.jpeg,0.5492826588451862,105.93988393586307N,21.301214678402133E
19990,Long Hồ District-9150.jpeg,0.549070168286562,105.98382565814235N,10.310296448768243E
19992,Châu Thành District-840.jpeg,0.5490358658134937,106.21288434266796N,10.258354337542391E
19998,Thanh Liêm District-4851.jpeg,0.5488855876028538,105.9606529223976N,20.467962413387863E
19999,Mỹ Tho-1986.jpeg,0.5488391686230898,106.39849950825723N,10.36374460605976E
20004,Hiệp Hòa District-7814.jpeg,0.5486803501844406,106.00208578079261N,21.365893083022055E
20005,Hiệp Hòa District-7349.jpeg,0.5486576906405389,105.92975805413035N,21.359155749207478E
20008,Thanh Liêm District-1267.jpeg,0.5486380830407143,105.87868368059941N,20.414063742871466E
20009,Cao Lanh City-616.jpeg,0.5485556237399578,105.58654159521102N,10.420366870538738E
20010,Bac Giang City-2078.jpeg,0.548491571098566,106.21263546430684N,21.28339467753409E
20015,Hung Yen City-1608.jpeg,0.5483812037855387,106.08496469856384N,20.647562009132667E
20019,Trà Vinh City-1171.jpeg,0.5483079925179482,106.33176564748287N,9.936489172987768E
20021,Hiệp Hòa District-1695.jpeg,0.5483047217130661,105.92975805413035N,21.27561280990675E
20024,Long Hồ District-8311.jpeg,0.5482908375561237,105.97424094119057N,10.292779380850904E
20025,Tây Ninh City-4184.jpeg,0.548268049955368,106.12100459830566N,11.383856643039337E
20029,Vĩnh Long-1438.jpeg,0.548158910125494,105.9281572754561N,10.255734738691492E
20031,Vĩnh Long-689.jpeg,0.5481163337826729,105.9035093036126N,10.243607537825643E
20034,Cai Lậy Town-4744.jpeg,0.5480854250490665,106.11283998753794N,10.450444443346525E
20039,Long Hồ District-3253.jpeg,0.5480121113359928,105.92220962059528N,10.184982039821136E
20042,Phu Ly City-1390.jpeg,0.5479447524994612,105.95310341409997N,20.531634942621054E
20051,Thanh Liêm District-5873.jpeg,0.5478547848761082,105.9247015005563N,20.482784547779872E
20059,Cai Lậy Town-4295.jpeg,0.5477298125624657,106.13339126435075N,10.442359642769288E
20064,Bến Tre City-2264.jpeg,0.5476651042699814,106.40087856247274N,10.24754240688895E
20069,Hiệp Hòa District-7379.jpeg,0.5475833117961884,105.97315469012771N,21.359155749207478E
20075,Go Cong Town-2182.jpeg,0.5473637953400612,106.64297212101346N,10.40077927427014E
20077,Mỹ Tho-3478.jpeg,0.5472785755991936,106.32863932528045N,10.39069394131721E
20078,Hiệp Hòa District-4687.jpeg,0.5472589582204819,105.95290292666226N,21.32277414660878E
20086,Thanh Liêm District-6475.jpeg,0.5471604764461517,105.90169259057785N,20.492216815120244E
20087,Cao Lanh City-3914.jpeg,0.5471141748130322,105.58517135734382N,10.48235034163088E
20088,Yên Mỹ District-1360.jpeg,0.5470847827382386,105.97724121371212N,20.877444475680402E
20090,Hung Yen City-547.jpeg,0.5470615662634373,106.08208454861514N,20.623307607400267E
20095,Tây Ninh City-776.jpeg,0.546968374401331,106.13474879227947N,11.31917823842134E
20108,Hiệp Hòa District-8452.jpeg,0.5467437729239464,106.00063922625938N,21.37936775065121E
20110,Thanh Liêm District-881.jpeg,0.5467405989766121,105.91032093181974N,20.404631475531097E
20115,Tam Điệp-3605.jpeg,0.5466967709362507,105.91966368101353N,20.17089921070733E
20122,Hiệp Hòa District-1450.jpeg,0.5464931884780526,106.02957031692426N,21.270222942855092E
20123,Long Hồ District-9058.jpeg,0.5464748591184616,106.00299509204586N,10.307601515242501E
20124,Bến Tre City-2642.jpeg,0.5464693903923035,106.39266297272131N,10.254279740703309E
20126,Châu Thành District-7440.jpeg,0.5464235506951809,106.39091843182166N,10.302820740717173E
20127,Cao Lanh City-5053.jpeg,0.5463851932436228,105.60161421175015N,10.505257276599714E
20129,Thanh Liêm District-1443.jpeg,0.5463198944926262,105.94195818304013N,20.416758676397286E
20131,Long Hồ District-531.jpeg,0.5463038682937622,105.89893245085528N,10.151295370749338E
20142,Mỹ Tho-1222.jpeg,0.5461537837982178,106.33959778535524N,10.351617405193908E
20147,Thanh Liêm District-2979.jpeg,0.5460947342216969,105.87436950997845N,20.442360544892573E
20148,Cai Lậy Town-2123.jpeg,0.5460941307246685,106.15394254116356N,10.400588173120237E
20157,Trà Vinh City-1389.jpeg,0.5458053648471832,106.35091834595066N,9.94726890709074E
20172,Mỹ Hào District-2949.jpeg,0.5454477220773697,106.07044857027465N,20.950055611528036E
20174,Châu Thành District-8947.jpeg,0.5454377010464668,106.4018743757696N,10.313600474820154E
20177,Vĩnh Long-1082.jpeg,0.5453780293464661,105.90077064007444N,10.250344871640005E
20179,Cao Lanh City-2430.jpeg,0.5453240871429443,105.60161421175015N,10.450011139321935E
20188,Vĩnh Long-781.jpeg,0.5450906008481979,105.92267994837975N,10.244955004588519E
20193,Bến Tre City-2133.jpeg,0.5449497178196907,106.33789237437855N,10.246194940126077E
20201,Long Hồ District-6045.jpeg,0.5447121858596802,105.99204112981529N,10.236185776810276E
20210,Bến Tre City-2751.jpeg,0.544563403353095,106.35158502396425N,10.256974674229053E
20213,Tam Điệp-4476.jpeg,0.5444824369624257,105.8737304515541N,20.184373878336416E
20218,Thanh Liêm District-5758.jpeg,0.5444082170724869,105.8945023062096N,20.481437081016963E
20219,Vĩnh Long-73.jpeg,0.5444009751081467,105.96102123791414N,10.227437936671176E
20224,Trà Vinh City-3449.jpeg,0.5443426743149757,106.30440464967168N,10.01329477847144E
20225,Long Hồ District-5339.jpeg,0.5443331189453602,105.96602546951763N,10.22136364241868E
20228,Duy Tiên District-5758.jpeg,0.5442380867898464,106.00800588897498N,20.686072048418932E
20231,Long Xuyen City-2262.jpeg,0.5442039184272289,105.39749189587363N,10.361008673683854E
20232,Long Hồ District-2764.jpeg,0.5441946908831596,106.00984131843998N,10.178244706006778E
20233,Cao Lanh City-3777.jpeg,0.5441752709448338,105.58243088160947N,10.479655408105131E
20238,Vĩnh Long-80.jpeg,0.5441211313009262,105.98429987798852N,10.227437936671176E
20239,Cao Lanh City-1600.jpeg,0.5440541245043278,105.65779396430501N,10.435189004930333E
20241,Trà Vinh City-2815.jpeg,0.5440212711691856,106.33997394682622N,9.987692909976882E
20249,Cao Lanh City-2667.jpeg,0.5437887385487556,105.6440915856331N,10.454053539610552E
20250,Cai Lậy Town-318.jpeg,0.5437549017369747,106.15942288164696N,10.366901504048426E
20253,Cai Lậy Town-1549.jpeg,0.5436868071556091,106.12928100898819N,10.391155905780133E
20259,Châu Thành District-3546.jpeg,0.5435329042375088,106.27451152737501N,10.278566338985474E
20269,Long Hồ District-8689.jpeg,0.5433483235538006,106.00710282788233N,10.299516714665266E
20274,Mỹ Tho-3651.jpeg,0.5431933850049973,106.36562412803286N,10.393388874842957E
20278,Châu Thành District-907.jpeg,0.543102391064167,106.4032438687631N,10.258354337542391E
20279,Thái Bình-1076.jpeg,0.5430894158780575,106.38240822242985N,20.440595308779933E
20281,Châu Thành District-6437.jpeg,0.5430535525083542,106.39776589678914N,10.296083406902813E
20283,Thanh Liêm District-3931.jpeg,0.5430333577096462,105.98941405987064N,20.45448774575876E
20287,Tây Ninh City-4948.jpeg,0.5429370664060116,106.1182557595109N,11.395983843905213E
20300,Cao Lanh City-1108.jpeg,0.5426291041076183,105.68245824591448N,10.427104204353101E
20301,Thanh Liêm District-7903.jpeg,0.5426249019801617,105.98366183237607N,20.521861083904277E
20303,Hung Yen City-1464.jpeg,0.542585801333189,106.09360514840996N,20.643519608843928E
20306,Mỹ Tho-3822.jpeg,0.5424244217574596,106.31768086520566N,10.39743127513157E
20308,Go Cong Town-3150.jpeg,0.5423561632633209,106.6361220488026N,10.422338742476105E
20316,Hiệp Hòa District-3608.jpeg,0.5421250816434622,105.98183401732719N,21.306604545453805E
20318,Duy Tiên District-1477.jpeg,0.5420846901834011,105.97345057372313N,20.61735124351047E
20324,Thanh Liêm District-4717.jpeg,0.5420067012310028,105.90313064745148N,20.466614946624954E
20330,Thái Bình-2854.jpeg,0.5419085137546062,106.35796003440808N,20.482366778430144E
20333,Cai Lậy Town-1646.jpeg,0.541776567697525,106.15120237092184N,10.392503372543006E
20339,Thanh Liêm District-2153.jpeg,0.5415955036878586,105.96209097927128N,20.42888587726348E
20348,Long Hồ District-136.jpeg,0.541299793869257,105.9181018847588N,10.143210570172108E
20350,Cao Lanh City-684.jpeg,0.5412524454295635,105.67971777018008N,10.420366870538738E
20351,Sa Đéc City-2842.jpeg,0.5411642827093601,105.7312749708607N,10.370473610661076E
20353,Châu Thành District-3756.jpeg,0.5410902574658394,106.26355558342712N,10.279913805748345E
20354,Châu Thành District-10324.jpeg,0.5410856157541275,106.34846414902348N,10.328422609211742E
20360,Go Cong Town-4823.jpeg,0.5408526659011841,106.65393223655084N,10.466805145650902E
20361,Chau Doc City-3098.jpeg,0.5408423505723476,105.11384919810367N,10.683657808163517E
20362,Yên Mỹ District-2851.jpeg,0.5408334983512759,105.97579889234092N,20.901698877412823E
20367,Cao Lanh City-4741.jpeg,0.5407833382487297,105.59887373601575N,10.49851994278535E
20368,Mỹ Tho-2745.jpeg,0.5407715886831284,106.37658258810765N,10.377219273688485E
20374,Hung Yen City-114.jpeg,0.5406734105199575,106.0619234989742N,20.611180406534064E
20387,Long Hồ District-4078.jpeg,0.5404482483863831,106.00162584676706N,10.195761773924112E
20390,Phu Ly City-1053.jpeg,0.5403482839465141,105.95166443458864N,20.526245075569413E
20392,Hung Yen City-1417.jpeg,0.5403351839631796,106.0993654483074N,20.64217214208102E
20400,Sa Đéc City-1971.jpeg,0.5401300061494112,105.74771057337713N,10.332744541300645E
20404,Thanh Liêm District-5245.jpeg,0.5400051735341549,105.987976002997N,20.473352280439503E
20406,Bac Giang City-2617.jpeg,0.5399783961474895,106.172148660295N,21.2941744116374E
20408,Long Hồ District-6916.jpeg,0.5399458557367325,105.95917924312353N,10.267177512356332E
20412,Châu Thành District-2336.jpeg,0.5398424714803696,106.27451152737501N,10.27048153840824E
20414,Long Hồ District-8491.jpeg,0.539818562567234,106.02490301650705N,10.295474314376653E
20419,Sa Đéc City-2170.jpeg,0.5396543405950069,105.72853570377463N,10.342176808640756E
20420,Cai Lậy Town-4337.jpeg,0.5396536327898502,106.19093483942662N,10.442359642769288E
20424,Châu Thành District-4958.jpeg,0.5395284108817577,106.39776589678914N,10.286651139562707E
20425,Binh Minh Town-2441.jpeg,0.5395026132464409,105.85837362941128N,10.04906840740723E
20428,Mỹ Tho-1437.jpeg,0.5394456647336483,106.41356739086008N,10.354312338719653E
20429,Duy Tiên District-154.jpeg,0.5394198969006538,105.97201076892097N,20.567494973282766E
20440,Cai Lậy Town-4078.jpeg,0.5392202958464622,106.16353313700955N,10.43831724248067E
20442,Bac Giang City-3320.jpeg,0.5391580937430263,106.1576890874336N,21.314386413081127E
20445,Thanh Liêm District-5822.jpeg,0.5390423778444529,105.98653794612336N,20.481437081016963E
20448,Binh Minh Town-2173.jpeg,0.5389887690544128,105.86521588260818N,10.043678540355744E
20449,Hiệp Hòa District-7892.jpeg,0.5389793422073126,106.00642544439235N,21.367240549784967E
20463,Thanh Liêm District-794.jpeg,0.5386398509144783,105.93908206929281N,20.40193654200528E
20464,Châu Thành District-4256.jpeg,0.5386145077645779,106.34298617704953N,10.28260873927409E
20480,Go Cong Town-1004.jpeg,0.5384020991623402,106.69503266981602N,10.368440071961205E
20481,Mỹ Hào District-1681.jpeg,0.5383446924388409,106.11228436797707N,20.928496143321432E
20484,Hiệp Hòa District-5204.jpeg,0.5383087992668152,106.00497888985912N,21.329511480423346E
20485,Cai Lậy Town-1343.jpeg,0.5383061319589615,106.18134424358063N,10.387113505491515E
20490,Binh Minh Town-3401.jpeg,0.5381602197885513,105.82416236342688N,10.073322809138919E
20494,Hung Yen City-1186.jpeg,0.5380591806024313,106.07200402379468N,20.636782275029375E
20495,Thanh Liêm District-2844.jpeg,0.5380468927323818,105.94627235366109N,20.439665611366756E
20499,Tây Ninh City-1223.jpeg,0.5379556193947792,106.11550692071616N,11.329957972524337E
20503,Tam Điệp-5138.jpeg,0.537895955145359,105.89239082602198N,20.21671308064623E
20508,Thái Bình-562.jpeg,0.5377657040953636,106.37953196501553N,20.429815574676653E
20510,Thanh Liêm District-2356.jpeg,0.5377485305070877,105.87868368059941N,20.432928277552207E
20517,Go Cong Town-1002.jpeg,0.5376182906329632,106.6922926409317N,10.368440071961205E
20524,Châu Thành District-1451.jpeg,0.5373967178165913,106.25533862546617N,10.263744204593879E
20527,Cai Lậy Town-999.jpeg,0.5373737588524818,106.14435194531758N,10.381723638440027E
20529,Thanh Liêm District-1792.jpeg,0.5373588018119335,105.92613955742995N,20.423496010211835E
20531,Duy Tiên District-5542.jpeg,0.5373417101800442,105.93601564886697N,20.67933471460438E
20533,Long Hồ District-7333.jpeg,0.5372921973466873,105.95917924312353N,10.275262312933569E
20534,Châu Thành District-3497.jpeg,0.5372380092740059,106.20740637069402N,10.278566338985474E
20538,Duy Tiên District-2268.jpeg,0.5371960438787937,105.92305740564751N,20.629478444376662E
20546,Vĩnh Long-111.jpeg,0.5371517017483711,105.96375990145226N,10.228785403434047E
20557,Châu Thành District-5087.jpeg,0.5369675867259502,106.27725051336202N,10.28799860632558E
20560,Duy Tiên District-3067.jpeg,0.536922886967659,105.97776998812962N,20.640258178479957E
20567,Long Hồ District-9420.jpeg,0.5367170833051205,105.99204112981529N,10.31838124934548E
20568,Duy Tiên District-2541.jpeg,0.5367029346525669,105.9057797480216N,20.633520844665398E
20569,Châu Thành District-5058.jpeg,0.5366682521998882,106.2375352165508N,10.28799860632558E
20570,Tây Ninh City-1323.jpeg,0.5366186276078224,106.08389527457642N,11.332652906050088E
20572,Duy Tiên District-775.jpeg,0.5365969464182854,105.95041369688856N,20.59848670882971E
20574,Vĩnh Long-1621.jpeg,0.5365410447120667,105.94321992491601N,10.258429672217233E
20578,Cai Lậy Town-6746.jpeg,0.5364744104444981,106.10461947681281N,10.498953246809943E
20580,Tam Điệp-1711.jpeg,0.5364601612091064,105.85363466366555N,20.145297342212086E
20581,Phu Ly City-1634.jpeg,0.5364572140388191,105.93871361898678N,20.535677342909782E
20582,Hiệp Hòa District-3450.jpeg,0.5364321582019329,106.01944443519157N,21.303909611927963E
20585,Mỹ Hào District-706.jpeg,0.5363203957676888,106.13248095997142N,20.905589208351927E
20587,Thanh Liêm District-7388.jpeg,0.5362608171999454,105.95921486552396N,20.507038949512257E
20590,Châu Thành District-6493.jpeg,0.5361968148499727,106.19508093375262N,10.297430873665688E
20591,Cao Lanh City-2158.jpeg,0.5361854769289494,105.63312968269553N,10.444621272270446E
20595,Chau Doc City-4752.jpeg,0.5360239036381245,105.11384919810367N,10.721386877523969E
20596,Phu Ly City-884.jpeg,0.536013126373291,105.93871361898678N,20.52355014204359E
20598,Long Hồ District-6969.jpeg,0.5360118374228477,106.03174924290117N,10.267177512356332E
20599,Long Hồ District-4364.jpeg,0.5359948873519897,105.99614886565175N,10.201151640975601E
20600,Hung Yen City-2283.jpeg,0.5359889045357704,106.05328304912801N,20.670468944102158E
20602,Long Hồ District-780.jpeg,0.5359592251479626,105.99888735620941N,10.153990304275084E
20603,Duy Tiên District-1669.jpeg,0.5359552083536983,106.01520491298577N,20.62004617703629E
20604,Hiệp Hòa District-4321.jpeg,0.5359505619853735,105.9442235994628N,21.31738427955711E
20609,Binh Minh Town-31.jpeg,0.5358325410634279,105.87890038900191N,9.988432403078006E
20616,Cai Lậy Town-2606.jpeg,0.5357485264539719,106.12791092386735N,10.410020440460348E
20617,Tây Ninh City-1820.jpeg,0.5356999831274152,106.09626504915283N,11.343432640153088E
20619,Sa Đéc City-2664.jpeg,0.5356488600373268,105.72716607023159N,10.362388810083837E
20622,Yên Mỹ District-3181.jpeg,0.5355783123522997,106.00897228387889N,20.907088744464478E
20624,Cao Lanh City-1461.jpeg,0.5355479754507542,105.58380111947665N,10.433841538167465E
20625,Hiệp Hòa District-6926.jpeg,0.5355463493615389,105.99629956265962N,21.3524184153929E
20629,Duy Tiên District-1915.jpeg,0.535453375428915,105.96337194010802N,20.624088577325022E
20637,Go Cong Town-3649.jpeg,0.5353762805461884,106.65119220766648N,10.430423543053335E
20647,Long Hồ District-5487.jpeg,0.5351421050727367,105.99477962037295N,10.224058575944424E
20651,Mỹ Hào District-1664.jpeg,0.5350764468312263,106.0877599348412N,20.928496143321432E
20655,Thái Bình-2041.jpeg,0.534952312707901,106.3766557076012N,20.460807310223583E
20657,Hiệp Hòa District-9341.jpeg,0.5348542388528585,105.9847271263937N,21.400927218857852E
20658,Tây Ninh City-836.jpeg,0.5348159000277519,106.14024646986898N,11.320525705184215E
20659,Châu Thành District-8039.jpeg,0.5348149463534355,106.41419981271099N,10.306863141005792E
20660,Sa Đéc City-2726.jpeg,0.5347841791808605,105.72853570377463N,10.365083743609583E
20667,Thanh Liêm District-1186.jpeg,0.5346487239003181,105.93620595554552N,20.411368809345642E
20680,Long Hồ District-2655.jpeg,0.5344083458185196,106.01531829955528N,10.176897239243907E
20681,Long Xuyen City-2758.jpeg,0.5343990512192249,105.43447779174731N,10.37044094102396E
20686,Yên Mỹ District-1501.jpeg,0.5342819951474667,106.06378049598504N,20.878791942443318E
20689,Mỹ Hào District-566.jpeg,0.5342527404427528,106.13392357368524N,20.90154680806318E
20691,Go Cong Town-789.jpeg,0.5342017039656639,106.69366265537386N,10.363050204909717E
20701,Tây Ninh City-2409.jpeg,0.5339742749929428,106.14986740565064N,11.354212374256086E
20705,Hiệp Hòa District-3405.jpeg,0.5339419133961201,105.95434948119552N,21.303909611927963E
20706,Mỹ Hào District-2452.jpeg,0.5339098386466503,106.09930084455222N,20.94197081095056E
20711,Long Xuyen City-4385.jpeg,0.5338039249181747,105.44543657570988N,10.405475076858645E
20713,Cao Lanh City-3695.jpeg,0.5337909162044525,105.65231301283626N,10.476960474579384E
20717,Châu Thành District-7840.jpeg,0.5337586365640163,106.40461336175657N,10.305515674242919E
20718,Tây Ninh City-2878.jpeg,0.5337328612804413,106.14299530866373N,11.362297174833339E
20722,Sa Đéc City-384.jpeg,0.5336643122136593,105.76825507652265N,10.277498404022884E
20723,Yên Mỹ District-3325.jpeg,0.5336460079997778,106.00320299839402N,20.909783677990298E
20730,Thanh Liêm District-3462.jpeg,0.5335718058049679,105.87868368059941N,20.449097878707118E
20735,Bến Tre City-785.jpeg,0.5334291681647301,106.37212399834277N,10.219245604868638E
20738,Tây Ninh City-2529.jpeg,0.5334125179797411,106.09763946855021N,11.356907307781837E
20740,Bac Giang City-1572.jpeg,0.5333544351160526,106.14467547185839N,21.275309876956594E
20752,Cai Lậy Town-6151.jpeg,0.533123416826129,106.12106049826308N,10.477393778603979E
20754,Hiệp Hòa District-5280.jpeg,0.5331149995326996,105.96881502652796N,21.33085894718627E
20759,Hiệp Hòa District-9179.jpeg,0.5329744555056095,105.97894090826068N,21.396884818569102E
20761,Long Hồ District-8475.jpeg,0.532887302339077,106.00299509204586N,10.295474314376653E
20764,Cao Lanh City-1980.jpeg,0.532861465588212,105.60983563895327N,10.441926338744695E
20767,Chau Doc City-4619.jpeg,0.5327687133103609,105.11247794207179N,10.713302076946729E
20775,Cai Lậy Town-5901.jpeg,0.5325795635581017,106.1347613494716N,10.472003911552486E
20778,Tây Ninh City-658.jpeg,0.5325453113764524,106.11550692071616N,11.316483304895591E
20779,Tây Ninh City-4805.jpeg,0.5325340060517192,106.14711856685587N,11.393288910379463E
20781,Châu Thành District-7055.jpeg,0.5324770472943783,106.41009133373053N,10.30012580719143E
20782,Tam Điệp-150.jpeg,0.5324118845164776,105.925405334696N,20.11295813990228E
20788,Binh Minh Town-3104.jpeg,0.5322079164907336,105.82416236342688N,10.065238008561684E
20789,Hiệp Hòa District-4006.jpeg,0.5321275657042861,106.01944443519157N,21.311994412505456E
20794,Bến Tre City-1985.jpeg,0.5320411659777164,106.36527767354993N,10.243500006600332E
20797,Phu Ly City-2624.jpeg,0.5319677665829659,105.8840323975566N,20.553194410827626E
20798,Cai Lậy Town-4127.jpeg,0.5319474693387747,106.12106049826308N,10.439664709243544E
20801,Phu Ly City-3437.jpeg,0.5318957176059484,105.94015259849807N,20.56801654521964E
20802,Tây Ninh City-3928.jpeg,0.5318728871643543,106.11963017890828N,11.379814242750715E
20809,Trà Vinh City-2981.jpeg,0.5316363554447889,106.3303975975923N,9.99308277702837E
20817,Yên Mỹ District-3547.jpeg,0.5315550249069929,106.01185692662128N,20.91382607827904E
20820,Mỹ Tho-2661.jpeg,0.5315117128193378,106.36425432052353N,10.37587180692561E
20821,Cai Lậy Town-2356.jpeg,0.5315101779997349,106.17449381797637N,10.404630573408856E
20822,Bến Tre City-1867.jpeg,0.5315020456910133,106.4241560667684N,10.240805073074588E
20823,Mỹ Tho-1439.jpeg,0.5314750373363495,106.30672240513088N,10.355659805482526E
20826,Thái Bình-410.jpeg,0.5314524918794632,106.37521757889405N,20.425773174387924E
20827,Mỹ Tho-1567.jpeg,0.5314377509057522,106.3724731655796N,10.3570072722454E
20828,Cai Lậy Town-6125.jpeg,0.5313705541193485,106.17038356261381N,10.476046311841102E
20843,Long Xuyen City-2065.jpeg,0.5310532413423061,105.45091596769116N,10.35561880663236E
20845,Châu Thành District-6452.jpeg,0.5310275927186012,106.41830829169147N,10.296083406902813E
20847,Mỹ Tho-2134.jpeg,0.5309955552220345,106.38480143316373N,10.366439539585507E
20852,Go Cong Town-3519.jpeg,0.530919898301363,106.68818259760518N,10.427728609527595E
20859,Duy Tiên District-4439.jpeg,0.5308531150221825,106.01088549857933N,20.65912271316071E
20865,Phu Ly City-2528.jpeg,0.5307470895349979,105.95742035263392N,20.550499477301795E
20871,Thái Bình-2088.jpeg,0.5306100361049175,106.36083629182238N,20.462154776986495E
20885,Cai Lậy Town-5223.jpeg,0.5302721746265888,106.17175364773465N,10.458529243923762E
20887,Cai Lậy Town-4509.jpeg,0.5302389040589333,106.10324939169192N,10.446402043057908E
20888,Mỹ Tho-3811.jpeg,0.5302359871566296,106.39712970074788N,10.396083808368703E
20901,Bến Tre City-1928.jpeg,0.5299861915409565,106.3981400325556N,10.242152539837459E
20903,Thanh Liêm District-1381.jpeg,0.529957965016365,105.94914846740839N,20.415411209634375E
20905,Binh Minh Town-2618.jpeg,0.5299190692603588,105.81868856086938N,10.053110807695843E
20911,Long Hồ District-4800.jpeg,0.5298259034752846,105.94411754505647N,10.210583908315703E
20913,Cai Lậy Town-5130.jpeg,0.5298196263611317,106.14161177507587N,10.45718177716089E
20920,Long Xuyen City-1130.jpeg,0.5297129657119513,105.40571098384557N,10.335406805189278E
20928,Bac Giang City-1906.jpeg,0.5295849675312638,106.19094610501479N,21.280699744008253E
20934,Hoa Lư District-1650.jpeg,0.5293890871107578,105.92916415903117N,20.224941109574477E
20941,Thái Bình-1033.jpeg,0.5291671603918076,106.3205686880218N,20.440595308779933E
20943,Duy Tiên District-1311.jpeg,0.529104046523571,105.92881662485615N,20.614656309984646E
20945,Cai Lậy Town-4029.jpeg,0.5290289930999279,106.09639896608768N,10.43831724248067E
20946,Vĩnh Long-1304.jpeg,0.5290008038282394,105.97608388737403N,10.253039805165749E
20948,Tây Ninh City-198.jpeg,0.5289813093841076,106.12237901770304N,11.30300863726684E
20949,Tam Điệp-1719.jpeg,0.5289538847282529,105.86511797103043N,20.145297342212086E
20952,Cai Lậy Town-4732.jpeg,0.5289115644991398,106.09639896608768N,10.450444443346525E
20975,Mỹ Hào District-1867.jpeg,0.5284464042633772,106.08631732112731N,20.932538543610175E
20977,Cai Lậy Town-5430.jpeg,0.5284142680466175,106.16353313700955N,10.46257164421238E
20981,Ninh Bình-1223.jpeg,0.5283753047697246,106.00461296950637N,20.24556987576853E
20985,Mỹ Tho-1858.jpeg,0.5283182710409164,106.33274874780851N,10.362397139296887E
20986,Tây Ninh City-1100.jpeg,0.528271596878767,106.11413250131875N,11.327263038998591E
20994,Cai Lậy Town-724.jpeg,0.5281833577901125,106.17449381797637N,10.376333771388534E
20997,Vĩnh Long-270.jpeg,0.5281657502055168,105.9021399718435N,10.23417527048554E
20998,Long Hồ District-5852.jpeg,0.5281587839126587,106.02490301650705N,10.230795909758786E
21004,Thanh Liêm District-7846.jpeg,0.528104392811656,105.92182538680898N,20.517818683615538E
21006,Châu Thành District-9673.jpeg,0.5280660819262266,106.30190138724483N,10.320337808634513E
21008,Mỹ Hào District-3650.jpeg,0.5280550085008144,106.06035027427752N,20.962182812394246E
21010,Cai Lậy Town-521.jpeg,0.5279475152492523,106.17723398821808N,10.372291371099921E
21020,Hiệp Hòa District-8701.jpeg,0.5277613867074251,106.00208578079261N,21.384757617702867E
21022,Cai Lậy Town-2477.jpeg,0.5277191307395697,106.14435194531758N,10.407325506934605E
21027,Binh Minh Town-4043.jpeg,0.5275743007659912,105.84742602429628N,10.090839877056249E
21030,Hiệp Hòa District-5109.jpeg,0.5274881720542908,106.0107651079921N,21.328164013660434E
21033,Châu Thành District-1083.jpeg,0.5274240560829639,106.1813860038177N,10.261049271068135E
21034,Trà Vinh City-1841.jpeg,0.5274190567433834,106.30577269956223N,9.963438508245199E
21035,Châu Thành District-6342.jpeg,0.5273968894034624,106.26766406240756N,10.296083406902813E
21042,Phu Ly City-3877.jpeg,0.5271846428513527,105.95598137312261N,20.57879627932292E
21049,Hung Yen City-895.jpeg,0.5270276013761759,106.118086422974N,20.630044941214816E
21052,Thanh Liêm District-1256.jpeg,0.5269418321549892,105.95202458115568N,20.41271627610855E
21053,Bến Tre City-3184.jpeg,0.5269327238202095,106.37897032313563N,10.266406941569157E
21056,Tây Ninh City-878.jpeg,0.5268730614334345,106.12100459830566N,11.32187317194709E
21062,Hiệp Hòa District-8987.jpeg,0.5267813503742218,106.00063922625938N,21.391494951517444E
21063,Hiệp Hòa District-7959.jpeg,0.5267565622925758,105.99629956265962N,21.368588016547882E
21065,Yên Mỹ District-2100.jpeg,0.5267154648900032,106.07387674558356N,20.888224209783697E
21066,Long Hồ District-9545.jpeg,0.5266727656126022,105.98793339397882N,10.32377111639697E
21067,Binh Minh Town-2449.jpeg,0.5266672596335411,105.86932123452628N,10.04906840740723E
21075,Châu Thành District-7628.jpeg,0.5264966674149036,106.37996248787374N,10.304168207480046E
21076,Long Hồ District-5012.jpeg,0.5264814496040344,105.9701332053541N,10.21462630860432E
21079,Cao Lanh City-3381.jpeg,0.5264649949967861,105.63312968269553N,10.470223140765023E
21081,Hiệp Hòa District-5885.jpeg,0.5264577176421881,105.93120460866358N,21.33894374776375E
21085,Cao Lanh City-4061.jpeg,0.5263896211981773,105.60024397388295N,10.485045275156622E
21089,Long Hồ District-2057.jpeg,0.5262927152216434,105.9687639600753N,10.170159905429546E
21091,Mỹ Hào District-2512.jpeg,0.5262252502143383,106.0632355017053N,20.94331827771347E
21092,Cao Lanh City-925.jpeg,0.5261950679123402,105.6632749157738N,10.424409270827352E
21100,Yên Mỹ District-3087.jpeg,0.5260603353381157,105.98156817782578N,20.90574127770157E
21101,Hiệp Hòa District-4219.jpeg,0.5260541811585426,105.9283114995971N,21.316036812794195E
21104,Long Hồ District-2974.jpeg,0.5260266698896885,105.99204112981529N,10.18093963953252E
21106,Go Cong Town-1738.jpeg,0.5259822942316532,106.67174242429908N,10.38865207340429E
21108,Hoa Lư District-4132.jpeg,0.5259380526840687,105.90905683051905N,20.295009381245738E
21111,Sa Đéc City-2536.jpeg,0.5258262678980827,105.72853570377463N,10.35699894303235E
21113,Chau Doc City-315.jpeg,0.5258013345301151,105.09739412572118N,10.628411670885718E
21114,Vĩnh Long-9.jpeg,0.5257942453026772,105.95417457906869N,10.222048069619692E
21118,Bến Tre City-2155.jpeg,0.5256111733615398,106.36801620346708N,10.246194940126077E
21122,Chau Doc City-45.jpeg,0.5254556182771921,105.08368156540244N,10.614937003256989E
21123,Long Xuyen City-4496.jpeg,0.5254491120576859,105.44954611969584N,10.40817001038439E
21130,Long Xuyen City-410.jpeg,0.5252367109060287,105.46187475165372N,10.317889737271937E
21133,Long Xuyen City-325.jpeg,0.5251905210316181,105.47968277559288N,10.315194803746191E
21139,Tây Ninh City-2319.jpeg,0.5251306518912315,106.13062553408732N,11.352864907493213E
21140,Cai Lậy Town-3302.jpeg,0.5251278728246689,106.17860407333892N,10.423495108089071E
21145,Long Hồ District-8584.jpeg,0.5250590369105339,105.95917924312353N,10.298169247902392E
21150,Thái Bình-2107.jpeg,0.5250073671340942,106.30618740095012N,20.463502243749414E
21151,Châu Thành District-7715.jpeg,0.525006752461195,106.23342673757034N,10.305515674242919E
21152,Hung Yen City-2935.jpeg,0.5249808393418789,106.06912387384595N,20.69068094554582E
21154,Go Cong Town-1676.jpeg,0.5249773636460304,106.65393223655084N,10.387304606641418E
21155,Duy Tiên District-3064.jpeg,0.5249586999416351,105.97345057372313N,20.640258178479957E
21159,Hung Yen City-1334.jpeg,0.5248592868447304,106.05328304912801N,20.64082467531811E
21160,Bac Giang City-2429.jpeg,0.5248400890268385,106.19528397687321N,21.290132011348653E
21167,Phu Ly City-4088.jpeg,0.52463957387954,105.9200068853396N,20.585533613137486E
21175,Bến Tre City-2477.jpeg,0.5245564356446266,106.36390840859136N,10.251584807177563E
21191,Cai Lậy Town-5597.jpeg,0.5242859870195389,106.10050922145024N,10.466614044500997E
21192,Châu Thành District-5413.jpeg,0.5242747645825148,106.4292642356394N,10.289346073088451E
21199,Long Xuyen City-188.jpeg,0.5241631157696247,105.47968277559288N,10.311152403457575E
21201,Phu Ly City-445.jpeg,0.5240245126187801,105.94015259849807N,20.515465341466133E
21203,Hoa Lư District-1356.jpeg,0.5239368500187993,105.93778158553636N,20.21820377575993E
21209,Hung Yen City-798.jpeg,0.5237279199063778,106.07344409876902N,20.628697474451904E
21210,Hiệp Hòa District-830.jpeg,0.5237017571926117,105.93409771773007N,21.258095741988868E
21219,Mỹ Tho-1709.jpeg,0.5234668701887131,106.34781663041132N,10.359702205771145E
21220,Phu Ly City-4161.jpeg,0.5234650820493698,105.92432382387354N,20.588228546663295E
21221,Hiệp Hòa District-1248.jpeg,0.5234461687505245,105.95868914479524N,21.26752800932926E
21223,Phu Ly City-3023.jpeg,0.5234311185777187,105.92720178289618N,20.559931744642174E
21227,Bac Giang City-2820.jpeg,0.5234060455113649,106.1880541904425N,21.298216811926142E
21235,Go Cong Town-1484.jpeg,0.5231977142393589,106.65804227987738N,10.381914739589927E
21239,Tây Ninh City-5125.jpeg,0.5229698456823826,106.14436972806111N,11.398678777430964E
21240,Châu Thành District-1398.jpeg,0.522966306656599,106.18275549681123N,10.263744204593879E
21254,Duy Tiên District-2516.jpeg,0.522665586322546,106.00656608417283N,20.632173377902483E
21257,Long Hồ District-7408.jpeg,0.5226198919117451,105.96602546951763N,10.276609779696438E
21265,Cai Lậy Town-900.jpeg,0.5224211551249027,106.11146990241708N,10.380376171677153E
21267,Binh Minh Town-732.jpeg,0.5223857499659061,105.83647841918126N,10.012686804809697E
21268,Tây Ninh City-1715.jpeg,0.5223666653037071,106.12375343710043N,11.340737706627339E
21269,Long Xuyen City-3424.jpeg,0.5223477780818939,105.42351900778473N,10.383915608652682E
21271,Cai Lậy Town-2348.jpeg,0.5223054364323616,106.16353313700955N,10.404630573408856E
21281,Long Hồ District-6788.jpeg,0.5221612304449081,105.96328697896001N,10.26448257883059E
21283,Long Hồ District-2854.jpeg,0.5221287533640862,105.97971792230587N,10.17959217276965E
21286,Tây Ninh City-2284.jpeg,0.5220724903047085,106.082520855179N,11.352864907493213E
21288,Long Xuyen City-4802.jpeg,0.5220422632992268,105.43721748773795N,10.41625481096162E
21290,Trà Vinh City-1965.jpeg,0.5220036320388317,106.34271004660732N,9.96613344177094E
21291,Phu Ly City-708.jpeg,0.5219993777573109,105.90849504924903N,20.52085520851777E
21292,Long Xuyen City-4031.jpeg,0.5219937823712826,105.41666976780813N,10.397390276281406E
21296,Cao Lanh City-3000.jpeg,0.5218918062746525,105.59202254667983N,10.462138340187787E
21298,Duy Tiên District-2947.jpeg,0.5218678191304207,105.94753408728424N,20.638910711717042E
21305,Bac Giang City-2317.jpeg,0.5217156931757927,106.23287886631276N,21.287437077822833E
21310,Long Hồ District-3441.jpeg,0.5215004123747349,105.8825015075094N,10.18767697334688E
21312,Mỹ Tho-2453.jpeg,0.5214884951710701,106.39302027821981N,10.371829406636992E
21313,Duy Tiên District-1516.jpeg,0.5214818902313709,105.91441857683458N,20.618698710273378E
21322,Thanh Liêm District-6135.jpeg,0.5213551484048367,105.90744481807246N,20.4868269480686E
21324,Châu Thành District-9704.jpeg,0.5213383324444294,106.34435567004302N,10.320337808634513E
21326,Hiệp Hòa District-3531.jpeg,0.5213286550715566,106.00497888985912N,21.305257078690875E
21332,Thái Bình-210.jpeg,0.5212764628231525,106.34357874733641N,20.41634090704756E
21333,Chau Doc City-3331.jpeg,0.5212755538523197,105.0740827731793N,10.687700208452133E
21335,Cai Lậy Town-5060.jpeg,0.5212296321988106,106.14435194531758N,10.455834310398014E
21337,Thanh Liêm District-2841.jpeg,0.5212257914245129,105.94195818304013N,20.439665611366756E
21340,Mỹ Tho-1978.jpeg,0.5211686231195927,106.38754104818243N,10.36374460605976E
21345,Duy Tiên District-16.jpeg,0.5210275910794735,105.97057096411882N,20.560757639468214E
21355,Chau Doc City-2079.jpeg,0.5207964815199375,105.03431634825499N,10.668835673771909E
21356,Yên Mỹ District-307.jpeg,0.5207743048667908,106.03349174718953N,20.853190073947978E
21358,Bac Giang City-3058.jpeg,0.5207370556890965,106.16058100200591N,21.304954145740723E
21359,Tây Ninh City-2709.jpeg,0.5207186825573444,106.12787669529254N,11.359602241307586E
21361,Tây Ninh City-2172.jpeg,0.5206726286560297,106.12787669529254N,11.350169973967462E
21363,Mỹ Hào District-516.jpeg,0.5206373073160648,106.12959573254362N,20.90019934130027E
21366,Tây Ninh City-4491.jpeg,0.5205226168036461,106.18697672937988N,11.387899043327963E
21376,Trà Vinh City-6.jpeg,0.5204530246555805,106.3495502960601N,9.8879803695244E
21387,Phu Ly City-2415.jpeg,0.5203264513984323,105.90130015169242N,20.54915201053889E
21388,Hiệp Hòa District-2462.jpeg,0.5203216765075922,105.99195989905994N,21.28774001077299E
21390,Thái Bình-1281.jpeg,0.5203052125871181,106.38384635113702N,20.444637709068665E
21393,Duy Tiên District-1332.jpeg,0.5202214382588863,105.95905252570155N,20.614656309984646E
21397,Hiệp Hòa District-4778.jpeg,0.5201590918004513,105.95579603572877N,21.324121613371688E
21403,Long Xuyen City-2736.jpeg,0.5200951900333166,105.40434113585025N,10.37044094102396E
21404,Tam Điệp-1660.jpeg,0.5200411416590214,105.88951999918079N,20.14394987544917E
21413,Thanh Liêm District-7625.jpeg,0.5198063105344772,105.92182538680898N,20.512428816563894E
21416,Long Hồ District-3208.jpeg,0.5196641534566879,106.0112105637188N,10.183634573058265E
21417,Yên Mỹ District-1609.jpeg,0.5196611490100622,105.97868353508333N,20.881486875969138E
21420,Duy Tiên District-140.jpeg,0.5196458548307419,106.00080686496418N,20.566147506519858E
21427,Long Hồ District-1938.jpeg,0.5194851942360401,105.95917924312353N,10.168812438666674E
21433,Tây Ninh City-5983.jpeg,0.5193582065403461,106.18147905179035N,11.414848378585464E
21460,Long Xuyen City-2129.jpeg,0.518862396478653,105.45913505566305N,10.356966273395233E
21466,Go Cong Town-4818.jpeg,0.5186916962265968,106.64708216433996N,10.466805145650902E
21472,Mỹ Hào District-785.jpeg,0.51852045673877,106.10074345826607N,20.90828414187774E
21474,Hung Yen City-3621.jpeg,0.5184260960668325,106.05040289917935N,20.71628281404114E
21475,Long Hồ District-6433.jpeg,0.5184092223644257,106.01531829955528N,10.249660444438993E
21477,Long Xuyen City-4797.jpeg,0.5183535628020763,105.43036824776134N,10.41625481096162E
21481,Thái Bình-3244.jpeg,0.5182469263672829,106.33351184638626N,20.497188912822157E
21485,Bến Tre City-2793.jpeg,0.5180881787091494,106.40909415222414N,10.256974674229053E
21487,Tam Điệp-816.jpeg,0.5180774889886379,105.93114698837846N,20.127780274294267E
21490,Yên Mỹ District-3747.jpeg,0.5180241502821445,106.01185692662128N,20.917868478567776E
21493,Hung Yen City-3462.jpeg,0.5179440379142761,106.06336357394854N,20.708198013463676E
21496,Ninh Bình-1716.jpeg,0.5179315060377121,105.9557824405579N,20.25904454339761E
21497,Cai Lậy Town-2815.jpeg,0.5179256983101368,106.1347613494716N,10.414062840748963E
21499,Yên Mỹ District-2123.jpeg,0.5179071296006441,105.98301049919701N,20.889571676546616E
21505,Tam Điệp-4368.jpeg,0.5177852306514978,105.9239699212754N,20.181678944810603E
21507,Phu Ly City-3992.jpeg,0.5177573505789042,105.96605422970185N,20.58149121284874E
21512,Cao Lanh City-2098.jpeg,0.5176949463784695,105.6605344400394N,10.443273805507571E
21515,Châu Thành District-1977.jpeg,0.5176102984696627,106.27862000635551N,10.267786604882494E
21520,Bến Tre City-3103.jpeg,0.5175149962306023,106.33515384446142N,10.265059474806286E
21522,Thái Bình-3198.jpeg,0.5174812395125628,106.35939816311522N,20.49449397929634E
21524,Cao Lanh City-1057.jpeg,0.5174427628517151,105.61257611468767N,10.427104204353101E
21525,Châu Thành District-1090.jpeg,0.5173896495252848,106.19097245477215N,10.261049271068135E
21526,Thái Bình-2547.jpeg,0.5173723548650742,106.33207371767911N,20.47428197785268E
21529,Sa Đéc City-818.jpeg,0.5173224322497845,105.73675350503285N,10.292320538414481E
21531,Châu Thành District-8520.jpeg,0.5172803327441216,106.3046403732318N,10.310905541294407E
21536,Châu Thành District-3186.jpeg,0.5172236822545528,106.37585400889328N,10.275871405459727E
21538,Tây Ninh City-4956.jpeg,0.5172095112502575,106.12925111468995N,11.395983843905213E
21539,Trà Vinh City-20.jpeg,0.5171915460377932,106.33450174726396N,9.889327836287272E
21541,Yên Mỹ District-1670.jpeg,0.5171311385929585,106.06666513872747N,20.881486875969138E
21544,Long Hồ District-3149.jpeg,0.5171121098101139,105.93042509226822N,10.183634573058265E
21548,Binh Minh Town-1712.jpeg,0.5170654021203518,105.8679527838869N,10.03424627301564E
21550,Hiệp Hòa District-5391.jpeg,0.5170602053403854,105.98038746279394N,21.332206413949176E
21552,Cai Lậy Town-6627.jpeg,0.5169924944639206,106.10187930657109N,10.492215912995576E
21554,Châu Thành District-2370.jpeg,0.5169383939355612,106.32107428915369N,10.27048153840824E
21555,Long Hồ District-1210.jpeg,0.5168891213834286,106.01805679011294N,10.15938017132657E
21556,Châu Thành District-5240.jpeg,0.5168842673301697,106.19234194776563N,10.289346073088451E
21559,Hiệp Hòa District-2764.jpeg,0.5168174840509892,105.99051334452666N,21.293129877824647E
21561,Cao Lanh City-1434.jpeg,0.5167924575507641,105.6632749157738N,10.432494071404587E
21563,Châu Thành District-862.jpeg,0.5167809054255486,106.24301318852476N,10.258354337542391E
21572,Long Xuyen City-2362.jpeg,0.5164355896413326,105.44406672771456N,10.362356140446725E
21573,Go Cong Town-3043.jpeg,0.5164108406752348,106.68681258316299N,10.419643808950358E
21574,Duy Tiên District-3351.jpeg,0.5164079144597054,105.9604923305037N,20.644300578768686E
21585,Tây Ninh City-236.jpeg,0.5162208452820778,106.11963017890828N,11.304356104029715E
21588,Hiệp Hòa District-2851.jpeg,0.516173217445612,105.99919267172614N,21.29447734458756E
21589,Go Cong Town-4166.jpeg,0.5161304771900177,106.62653194770735N,10.43985581039345E
21590,Long Hồ District-994.jpeg,0.516106728464365,106.01531829955528N,10.156685237800826E
21592,Hiệp Hòa District-2525.jpeg,0.5160500518977642,105.97315469012771N,21.289087477535897E
21605,Thái Bình-797.jpeg,0.5158386472612619,106.36658880665104N,20.435205441728296E
21607,Go Cong Town-4489.jpeg,0.5158158224076033,106.61557183216999N,10.449288077733554E
21614,Mỹ Hào District-603.jpeg,0.515654481947422,106.11949743654648N,20.902894274826092E
21618,Thái Bình-1071.jpeg,0.5156095623970032,106.37521757889405N,20.440595308779933E
21627,Châu Thành District-1440.jpeg,0.5154688619077206,106.24027420253778N,10.263744204593879E
21630,Cai Lậy Town-1520.jpeg,0.5153966918587685,106.0895485404834N,10.391155905780133E
21634,Bến Tre City-3279.jpeg,0.5153448358178139,106.33515384446142N,10.270449341857772E
21639,Long Hồ District-3491.jpeg,0.5152295269072056,105.95096377145056N,10.18767697334688E
21640,Châu Thành District-1060.jpeg,0.5152004547417164,106.42515575665892N,10.259701804305262E
21642,Bến Tre City-1279.jpeg,0.5151790305972099,106.4145712120584N,10.230025338971611E
21644,Sa Đéc City-2152.jpeg,0.5151584632694721,105.74497130629103N,10.340829341877884E
21645,Long Xuyen City-5213.jpeg,0.5150968581438065,105.42214915978941N,10.428382011827477E
21647,Cao Lanh City-1293.jpeg,0.5150793045759201,105.58654159521102N,10.431146604641716E
21650,Yên Mỹ District-3075.jpeg,0.5150338783860207,106.07387674558356N,20.90439381093865E
21664,Tây Ninh City-4236.jpeg,0.5146476048976183,106.07427433879477N,11.385204109802213E
21665,Mỹ Tho-3920.jpeg,0.5146374683827162,106.38754104818243N,10.398778741894443E
21666,Vĩnh Long-824.jpeg,0.5146027579903603,105.98156121445038N,10.244955004588519E
21669,Cai Lậy Town-6683.jpeg,0.5145597532391548,106.09639896608768N,10.494910846521323E
21670,Hiệp Hòa District-9414.jpeg,0.5145430490374565,106.01510477159182N,21.402274685620768E
21671,Châu Thành District-3924.jpeg,0.5145291611552238,106.19097245477215N,10.281261272511216E
21673,Châu Thành District-6042.jpeg,0.5144872516393661,106.42241677067196N,10.293388473377066E
21674,Tây Ninh City-5252.jpeg,0.514480366371572,106.111383662524N,11.401373710956712E
21680,Cao Lanh City-3015.jpeg,0.5143826454877853,105.61257611468767N,10.462138340187787E
21683,Trà Vinh City-1161.jpeg,0.5143290534615517,106.35091834595066N,9.935141706224899E
21686,Hiệp Hòa District-7389.jpeg,0.5142587535083294,105.98762023546017N,21.359155749207478E
21688,Hiệp Hòa District-423.jpeg,0.5142139680683613,105.97026158106122N,21.243273607596805E
21689,Châu Thành District-9567.jpeg,0.5142015367746353,106.35805059997791N,10.318990341871643E
21691,Chau Doc City-4006.jpeg,0.5141653269529343,105.11933422223116N,10.698479942555121E
21698,Hiệp Hòa District-8773.jpeg,0.5140096386894584,106.01799788065833N,21.38610508446578E
21702,Ninh Bình-1615.jpeg,0.5139386765658855,105.94285671230685N,20.256349609871805E
21705,Long Xuyen City-3978.jpeg,0.5138786248862743,105.42214915978941N,10.396042809518535E
21706,Duy Tiên District-475.jpeg,0.5138641409575939,105.98784862174475N,20.582317107674786E
21713,Hung Yen City-2014.jpeg,0.5137855727225542,106.04896282420499N,20.661036676761782E
21715,Phu Ly City-2059.jpeg,0.5137296840548515,105.94159157800942N,20.542414676724338E
21717,Bến Tre City-698.jpeg,0.5136987455189228,106.39403223767988N,10.21655067134289E
21721,Vĩnh Long-168.jpeg,0.5135963223874569,105.90487863538168N,10.231480336959795E
21722,Tây Ninh City-5745.jpeg,0.5135757904499769,106.10863482372925N,11.41080597829684E
21725,Trà Vinh City-2722.jpeg,0.5135423950850964,106.34271004660732N,9.98499797645114E
21727,Duy Tiên District-1578.jpeg,0.5134735442698002,106.01232530338144N,20.618698710273378E
21728,Thái Bình-2109.jpeg,0.5134668424725533,106.30906365836448N,20.463502243749414E
21729,Thanh Liêm District-2497.jpeg,0.5134621858596802,105.954900694903N,20.434275744315112E
21730,Bac Giang City-27.jpeg,0.5134593769907951,106.19528397687321N,21.222758673202932E
21732,Long Hồ District-8277.jpeg,0.5134246982634068,106.02627226178588N,10.291431914088033E
21736,Cao Lanh City-4543.jpeg,0.5133366659283638,105.6070951632189N,10.494477542496732E
21738,Binh Minh Town-4467.jpeg,0.5133218206465244,105.8528998268538N,10.108356944973584E
21741,Thái Bình-2086.jpeg,0.513280488550663,106.35796003440808N,20.462154776986495E
21745,Bến Tre City-686.jpeg,0.5132267866283655,106.37760105817705N,10.21655067134289E
21757,Thanh Liêm District-250.jpeg,0.5130187124013901,105.91032093181974N,20.38037707379872E
21760,Tây Ninh City-448.jpeg,0.5129905268549919,106.08526969397381N,11.311093437844091E
21763,Châu Thành District-3975.jpeg,0.5129099041223526,106.26081659744013N,10.281261272511216E
21764,Thanh Liêm District-4219.jpeg,0.5128910467028618,105.85855088436827N,20.459877612810402E
21769,Châu Thành District-10563.jpeg,0.5128361638635397,106.3607895859649N,10.333812476263239E
21776,Mỹ Tho-1714.jpeg,0.5126151293516159,106.35466566795807N,10.359702205771145E
21780,Thái Bình-2396.jpeg,0.5125316912308335,106.33351184638626N,20.470239577563955E
21783,Thái Bình-1944.jpeg,0.5124795325100422,106.32200681672894N,20.45945984346067E
21784,Bến Tre City-2108.jpeg,0.5124520026147366,106.42004827189271N,10.244847473363206E
21785,Hiệp Hòa District-3174.jpeg,0.5124466046690941,106.00208578079261N,21.299867211639217E
21786,Mỹ Tho-159.jpeg,0.5124353840947151,106.31220163516828N,10.328710470225076E
21790,Long Hồ District-3664.jpeg,0.512322437018156,105.91125565836468N,10.190371906872624E
21791,Duy Tiên District-185.jpeg,0.5122856386005878,105.96769135451449N,20.568842440045678E
21793,Cao Lanh City-3599.jpeg,0.5122333392500877,105.60435468748452N,10.47561300781652E
21798,Long Hồ District-4155.jpeg,0.5120970327407122,106.0043643373247N,10.197109240686984E
21800,Tây Ninh City-1368.jpeg,0.512073882855475,106.14574414745852N,11.332652906050088E
21801,Long Hồ District-4493.jpeg,0.5120704136788845,105.9810871675847N,10.203846574501345E
21803,Mỹ Tho-2142.jpeg,0.5120366364717484,106.39575989323852N,10.366439539585507E
21808,Long Hồ District-4353.jpeg,0.5119609106332064,105.9810871675847N,10.201151640975601E
21810,Long Hồ District-6370.jpeg,0.5119448639452457,105.99751811093057N,10.24696551091325E
21814,Duy Tiên District-2554.jpeg,0.5119037888944149,105.92449721044969N,20.633520844665398E
21819,Bac Giang City-2007.jpeg,0.5118271792307496,106.2227571653098N,21.28204721077117E
21821,Bac Giang City-522.jpeg,0.511769974604249,106.22854099445433N,21.24836054169831E
21822,Trà Vinh City-810.jpeg,0.5117082707583904,106.31671709868672N,9.920319571833314E
21823,Châu Thành District-3780.jpeg,0.5116892084479332,106.29642341527087N,10.279913805748345E
21829,Cao Lanh City-503.jpeg,0.5115827471017838,105.6605344400394N,10.417671937012992E
21830,Châu Thành District-1491.jpeg,0.5115728639066219,106.31011834520577N,10.263744204593879E
21831,Bac Giang City-2901.jpeg,0.5115603599697351,106.21841929345139N,21.29956427868906E
21839,Cai Lậy Town-5428.jpeg,0.5114565975964069,106.16079296676783N,10.46257164421238E
21840,Thanh Liêm District-408.jpeg,0.51143728941679,105.91751121618802N,20.38846187437618E
21842,Go Cong Town-3112.jpeg,0.5114179402589798,106.68270253983648N,10.420991275713233E
21844,Long Hồ District-2054.jpeg,0.5114019103348255,105.96465622423881N,10.170159905429546E
21845,Chau Doc City-3339.jpeg,0.5113988108932972,105.0850528214343N,10.687700208452133E
21855,Cai Lậy Town-5145.jpeg,0.5112014189362526,106.16216305188868N,10.45718177716089E
21859,Mỹ Tho-1613.jpeg,0.5111031420528889,106.32589971026175N,10.35835473900827E
21861,Duy Tiên District-5736.jpeg,0.5110630560666323,106.02096413219442N,20.684724581656024E
21865,Long Hồ District-4331.jpeg,0.5109690278768539,105.95096377145056N,10.201151640975601E
21869,Hung Yen City-3504.jpeg,0.5108680538833141,106.01584109979484N,20.710892946989492E
21870,Long Xuyen City-275.jpeg,0.5108530409634113,105.47557323160692N,10.31384733698332E
21876,Vĩnh Long-976.jpeg,0.51069625467062,105.97471455560493N,10.24764993811426E
21879,Cai Lậy Town-5335.jpeg,0.5106643661856651,106.13065109410903N,10.461224177449507E
21881,Cao Lanh City-3556.jpeg,0.5106382630765438,105.629018969094N,10.474265541053642E
21882,Duy Tiên District-266.jpeg,0.5105726905167103,105.98928842654688N,20.5715373735715E
21894,Hiệp Hòa District-6006.jpeg,0.5102954702451825,105.95145637212903N,21.340291214526662E
21896,Vĩnh Long-1433.jpeg,0.5102760680019855,105.92131061661068N,10.255734738691492E
21897,Trà Vinh City-3413.jpeg,0.5102520138025284,106.31534904879615N,10.010599844945697E
21900,Tây Ninh City-3444.jpeg,0.510223276913166,106.14024646986898N,11.37172944217346E
21901,Châu Thành District-3361.jpeg,0.5102163441479206,106.31559631717974N,10.277218872222601E
21904,Bến Tre City-1823.jpeg,0.5101950168609619,106.36390840859136N,10.240805073074588E
21907,Hung Yen City-1893.jpeg,0.5101056508719921,106.04464259928191N,20.656994276473046E
21909,Go Cong Town-2622.jpeg,0.5100403092801571,106.63749206324476N,10.411559008373121E
21910,Thái Bình-459.jpeg,0.5100396014750004,106.38097009372268N,20.427120641150832E
21912,Vĩnh Long-1677.jpeg,0.5100039765238762,105.90077064007444N,10.259777138980107E
21919,Cao Lanh City-2532.jpeg,0.5098754987120628,105.6454618235003N,10.45135860608481E
21923,Binh Minh Town-555.jpeg,0.5097591262310743,105.8843741915594N,10.007296937758207E
21928,Châu Thành District-2950.jpeg,0.509680949151516,106.32107428915369N,10.274523938696857E
21940,Duy Tiên District-5730.jpeg,0.509531769901514,106.01232530338144N,20.684724581656024E
21943,Binh Minh Town-1666.jpeg,0.5094759427011013,105.8912164447563N,10.032898806252769E
21945,Long Xuyen City-82.jpeg,0.5094542531296611,105.43858733573327N,10.308457469931831E
21949,Châu Thành District-9599.jpeg,0.509420745074749,106.4018743757696N,10.318990341871643E
21951,Tây Ninh City-5593.jpeg,0.5093762688338757,106.0728999193974N,11.40811104477109E
21956,Long Xuyen City-638.jpeg,0.509293869137764,105.49064155955544N,10.323279604323425E
21957,Bac Giang City-2277.jpeg,0.5092712752521038,106.17504057486727N,21.287437077822833E
21960,Bến Tre City-3291.jpeg,0.5092521160840988,106.35158502396425N,10.270449341857772E
21963,Tây Ninh City-4093.jpeg,0.5092171505093575,106.1127580819214N,11.382509176276463E
21968,Mỹ Hào District-946.jpeg,0.5091506391763687,106.10795652683545N,20.912326542166486E
21969,Yên Mỹ District-793.jpeg,0.5091484766453505,106.00608764113643N,20.866664741577104E
21971,Thái Bình-2816.jpeg,0.509126229211688,106.37234132147972N,20.481019311667236E
21972,Hiệp Hòa District-2712.jpeg,0.5091042704880238,106.02957031692426N,21.291782411061728E
21974,Mỹ Hào District-3084.jpeg,0.509078249335289,106.1382514148269N,20.95140307829095E
21983,Long Xuyen City-4648.jpeg,0.5087539218366146,105.43995718372858N,10.412212410673003E
21984,Trà Vinh City-2530.jpeg,0.5087101496756077,106.36596689474682N,9.979608109399651E
21991,Cai Lậy Town-518.jpeg,0.5085774473845959,106.17038356261381N,10.372291371099921E
21994,Trà Vinh City-2983.jpeg,0.5084798485040665,106.3331336973734N,9.99308277702837E
21996,Cai Lậy Town-1298.jpeg,0.5084198229014874,106.11969041314218N,10.387113505491515E
21999,Hiệp Hòa District-9431.jpeg,0.5083408113569021,105.97026158106122N,21.403622152383686E
22000,Cai Lậy Town-3540.jpeg,0.5083204116672277,106.12106049826308N,10.428884975140564E
22010,Hiệp Hòa District-4683.jpeg,0.5081664258614182,105.9471167085293N,21.32277414660878E
22011,Bến Tre City-622.jpeg,0.5081526823341846,106.3584313487571N,10.215203204580018E
22012,Cao Lanh City-2212.jpeg,0.5081451684236526,105.59887373601575N,10.44596873903332E
22015,Châu Thành District-7726.jpeg,0.5081169344484806,106.24849116049872N,10.305515674242919E
22024,Binh Minh Town-3076.jpeg,0.5079656504094601,105.85426827749315N,10.063890541798811E
22025,Tây Ninh City-6005.jpeg,0.5079417750239372,106.12925111468995N,11.416195845348339E
22027,Thanh Liêm District-3435.jpeg,0.5079268608242273,105.98078571862875N,20.44775041194421E
22028,Yên Mỹ District-1512.jpeg,0.5079038329422474,106.07964603106838N,20.878791942443318E
22030,Trà Vinh City-3258.jpeg,0.5078147761523724,106.31398099890559N,10.00386251113134E
22037,Mỹ Tho-1203.jpeg,0.5077231153845787,106.31357144267761N,10.351617405193908E
22039,Binh Minh Town-2052.jpeg,0.5077078118920326,105.8843741915594N,10.040983606829998E
22040,Hung Yen City-1694.jpeg,0.5076483692973852,106.0676837988716N,20.650256942658483E
22042,Mỹ Hào District-2370.jpeg,0.5075452290475368,106.10362868569383N,20.940623344187646E
22043,Hoa Lư District-2309.jpeg,0.5075349397957325,105.93778158553636N,20.2438056442552E
22044,Châu Thành District-6179.jpeg,0.5075201094150543,106.32655226112767N,10.294735940139942E
22050,Châu Thành District-408.jpeg,0.5074054263532162,106.20055890572655N,10.252964470490902E
22051,Binh Minh Town-4442.jpeg,0.5073942914605141,105.85153137621441N,10.10431454468497E
22053,Cai Lậy Town-598.jpeg,0.5073457919061184,106.0991391363294N,10.374986304625663E
22060,Cao Lanh City-1970.jpeg,0.5071783540770411,105.59613326028135N,10.441926338744695E
22061,Thái Bình-686.jpeg,0.5071762725710869,106.38672260855135N,20.432510508202476E
22064,Sa Đéc City-2295.jpeg,0.5071295872330666,105.72853570377463N,10.347566675692246E
22069,Thái Bình-1273.jpeg,0.5070274621248245,106.37234132147972N,20.444637709068665E
22070,Long Hồ District-3296.jpeg,0.5070235431194305,105.9810871675847N,10.184982039821136E
22078,Hung Yen City-3102.jpeg,0.5068525597453117,106.07776432369208N,20.696070812597466E
22082,Hiệp Hòa District-6515.jpeg,0.5067583583295345,105.95290292666226N,21.347028548341235E
22098,Long Xuyen City-633.jpeg,0.506420198827982,105.48379231957885N,10.323279604323425E
22100,Cai Lậy Town-6748.jpeg,0.506364718079567,106.09365879584597N,10.500300713572814E
22107,Long Hồ District-1812.jpeg,0.5062269922345877,105.94000980922003N,10.167464971903803E
22114,Cao Lanh City-4829.jpeg,0.5061071142554283,105.629018969094N,10.499867409548223E
22116,Phu Ly City-2451.jpeg,0.5060859955847263,105.95310341409997N,20.54915201053889E
22120,Chau Doc City-2425.jpeg,0.5059873256832361,105.04528639650998N,10.674225540823407E
22124,Mỹ Hào District-2459.jpeg,0.5059134438633919,106.10939914054937N,20.94197081095056E
22125,Châu Thành District-6624.jpeg,0.5058815479278564,106.37448451589981N,10.297430873665688E
22132,Go Cong Town-3709.jpeg,0.505729615688324,106.62516193326519N,10.431771009816211E
22135,Mỹ Hào District-3901.jpeg,0.5056459791958332,106.06467811541916N,20.975657480023383E
22140,Tam Điệp-3906.jpeg,0.5055587831884623,105.91535744075173N,20.174941610996054E
22144,Hung Yen City-1424.jpeg,0.5053697153925896,106.0360021494358N,20.643519608843928E
22147,Duy Tiên District-1309.jpeg,0.5053304210305214,105.92593701525183N,20.614656309984646E
22149,Thanh Liêm District-5608.jpeg,0.505286943167448,105.95346263802935N,20.478742147491147E
22150,Mỹ Hào District-3452.jpeg,0.5052757803350687,106.05890766056366N,20.958140412105514E
22163,Châu Thành District-8010.jpeg,0.5049674399197102,106.37448451589981N,10.306863141005792E
22164,Thái Bình-1218.jpeg,0.5049442239105701,106.39103699467285N,20.443290242305753E
22166,Bến Tre City-2224.jpeg,0.5049325674772263,106.34610796412997N,10.24754240688895E
22181,Cai Lậy Town-2845.jpeg,0.5046838968992233,106.17586390309722N,10.414062840748963E
22187,Sa Đéc City-2660.jpeg,0.5045569613575935,105.72168753605945N,10.362388810083837E
22188,Vĩnh Long-2052.jpeg,0.5044892020523548,105.89255464945992N,10.266514472794467E
22190,Chau Doc City-3383.jpeg,0.5043519400060177,105.14538808683676N,10.687700208452133E
22194,Hiệp Hòa District-7208.jpeg,0.5042378082871437,105.98906678999342N,21.356460815681647E
22200,Tam Điệp-1329.jpeg,0.5040532927960157,105.9483719494257N,20.13721254163463E
22211,Long Hồ District-4535.jpeg,0.5038829296827316,105.94548679033528N,10.205194041264217E
22219,Duy Tiên District-2958.jpeg,0.503836877644062,105.96337194010802N,20.638910711717042E
22222,Thái Bình-2988.jpeg,0.5037745200097561,106.3680269353582N,20.486409178718876E
22230,Tây Ninh City-5931.jpeg,0.5035070050507784,106.11000924312664N,11.414848378585464E
22240,Hiệp Hòa District-2688.jpeg,0.5034258831292391,105.99485300812638N,21.291782411061728E
22241,Ninh Bình-2387.jpeg,0.5033173114061356,105.9557824405579N,20.2859938786558E
22243,Sa Đéc City-1077.jpeg,0.5032999627292156,105.7463409398341N,10.300405338991713E
22248,Long Hồ District-3449.jpeg,0.5031697936356068,105.89345546974N,10.18767697334688E
22249,Cai Lậy Town-1285.jpeg,0.5031684264540672,106.10187930657109N,10.387113505491515E
22250,Yên Mỹ District-775.jpeg,0.503168124705553,105.98012585645456N,20.866664741577104E
22256,Bến Tre City-3082.jpeg,0.5030168741941452,106.37760105817705N,10.263712008043413E
22258,Châu Thành District-6460.jpeg,0.5029465444386005,106.4292642356394N,10.296083406902813E
22263,Thanh Liêm District-4305.jpeg,0.5028046797960997,105.98222377550239N,20.459877612810402E
22270,Hoa Lư District-2087.jpeg,0.5026629418134689,105.93921782328722N,20.235720843677747E
22273,Duy Tiên District-4340.jpeg,0.5026013143360615,106.00080686496418N,20.657775246397794E
22279,Duy Tiên District-2091.jpeg,0.5025184191763401,105.94465447767993N,20.626783510850842E
22280,Tây Ninh City-6456.jpeg,0.502508495002985,106.17323253540609N,11.425628112688466E
22283,Long Hồ District-7087.jpeg,0.5024415589869022,106.00847207316117N,10.269872445882076E
22289,Cao Lanh City-3663.jpeg,0.502236369997263,105.60846540108611N,10.476960474579384E
22299,Long Hồ District-3548.jpeg,0.5020566694438457,105.87976301695177N,10.189024440109755E
22302,Chau Doc City-4400.jpeg,0.5019864235073328,105.09465161365743N,10.706564743132363E
22312,Duy Tiên District-1290.jpeg,0.5018254555761814,105.97633018332745N,20.61330884322173E
22314,Hung Yen City-2628.jpeg,0.5017764493823051,106.06912387384595N,20.68124867820544E
22321,Tây Ninh City-1766.jpeg,0.5015961788594723,106.10863482372925N,11.342085173390213E
22326,Sa Đéc City-166.jpeg,0.5015468671917915,105.72716607023159N,10.272108536971395E
22327,Binh Minh Town-1509.jpeg,0.5015275590121746,105.84742602429628N,10.030203872727025E
22328,Bến Tre City-2677.jpeg,0.5014713294804096,106.3447386991714N,10.255627207466182E
22332,Hiệp Hòa District-1054.jpeg,0.5014171153306961,105.95434948119552N,21.26348560904052E
22340,Bac Giang City-829.jpeg,0.5013274876400828,106.22564907988206N,21.256445342275793E
22342,Phu Ly City-465.jpeg,0.5013220235705376,105.96893218872448N,20.515465341466133E
22346,Hiệp Hòa District-484.jpeg,0.5012709889560938,105.94856326306252N,21.24596854112263E
22347,Long Hồ District-584.jpeg,0.501254852861166,105.99888735620941N,10.151295370749338E
22354,Long Xuyen City-3935.jpeg,0.5011668838560581,105.44269687971922N,10.394695342755663E
22357,Thái Bình-516.jpeg,0.5011424198746681,106.31337804448594N,20.429815574676653E
22359,Cao Lanh City-3985.jpeg,0.5010874383151531,105.58928207094542N,10.48369780839375E
22369,Châu Thành District-4313.jpeg,0.5008398965001106,106.42104727767847N,10.28260873927409E
22370,Cai Lậy Town-5190.jpeg,0.5007893480360508,106.12654083874648N,10.458529243923762E
22378,Hiệp Hòa District-3719.jpeg,0.5006328374147415,106.0078719989256N,21.307952012216713E
22380,Hiệp Hòa District-5842.jpeg,0.5006238594651222,106.02378409879131N,21.337596281000838E
22381,Hung Yen City-2081.jpeg,0.5006127478554845,106.03888229938451N,20.6637316102876E
22387,Thái Bình-866.jpeg,0.5005270279943943,106.36946506406538N,20.436552908491205E
22390,Thanh Liêm District-1769.jpeg,0.5005026198923588,105.89306424933591N,20.423496010211835E
22394,Long Hồ District-7779.jpeg,0.5004084222018719,105.96328697896001N,10.283347113510802E
22397,Châu Thành District-2943.jpeg,0.5003563892096281,106.31148783819927N,10.274523938696857E
22400,Long Hồ District-55.jpeg,0.5003213249146938,106.00847207316117N,10.139168169883492E
22406,Mỹ Hào District-2216.jpeg,0.500210840255022,106.12382527768811N,20.937928410661822E
22412,Hiệp Hòa District-7741.jpeg,0.5001558754593134,106.00642544439235N,21.36454561625914E
22414,Mỹ Hào District-870.jpeg,0.5001399330794811,106.07477641141628N,20.91097907540357E
22418,Tây Ninh City-3194.jpeg,0.500037306919694,106.13749763107424N,11.367687041884835E
22419,Bac Giang City-1103.jpeg,0.5000219848006964,106.17504057486727N,21.26453014285328E
