,precision,recall,f1_score
school,63.934426229508205,54.166666666666664,58.64661654135338
non_school,72.5,79.81651376146789,75.9825327510917
