{"overall_accuracy": 69.61325966850829, "balanced_accuracy": 66.99159021406727, "f1_score": 58.64661654135338, "precision_score": 63.934426229508205, "recall_score": 54.166666666666664}