image,pred,lon,lat,min_probs,max_probs,mean_probs
978.jpeg,0.98165005,11813511.32974132,1270237.3009131537,0.514342412352562,0.9767915830016136,0.8186436083633453
122.jpeg,0.9807227,11800393.680832757,2301169.5093886307,0.0411953807342797,0.9541360437870026,0.3465199390064097
373.jpeg,0.9761263,11792632.434532398,2322513.015459868,0.0716314590536058,0.9552911520004272,0.3544123033352662
322.jpeg,0.97573996,11790296.62486418,2350059.1612061705,0.040480509866029,0.9548566937446594,0.44478350126051475
687.jpeg,0.9749448,11778341.215496125,1126286.6294048545,0.0241952189244329,0.8287240415811539,0.1425824350735638
226.jpeg,0.9735197,11812064.185145328,2382205.06104136,0.0337819135747849,0.9608198031783104,0.2632367569603957
872.jpeg,0.973034,11794080.86221968,2304784.661425381,0.0238745373208075,0.9592436477541924,0.5948847780528013
878.jpeg,0.97301143,11799256.61840824,2298813.268039896,0.0488024230580776,0.9505365192890168,0.3145519325820108
306.jpeg,0.9725371,11801536.17841019,2354517.589465253,0.0180638324236497,0.9420885890722276,0.23230379911547058
564.jpeg,0.97226983,11792618.06172475,1143993.9035878708,0.0957955997437238,0.9502307623624802,0.6455607562093064
269.jpeg,0.9722402,11803118.132247638,2356344.1138916137,0.0418385080993175,0.9553184062242508,0.3746998529531993
841.jpeg,0.97218174,11869724.22561244,1167927.288265108,0.0828549903817474,0.9600093588232994,0.6108600163715892
238.jpeg,0.97197515,11804910.586791158,2382956.773747098,0.0852262685075402,0.9644068628549576,0.5094334121261325
423.jpeg,0.9717562,11796648.49833907,2296795.5707993694,0.0378373803105205,0.9555330350995064,0.353764271538239
445.jpeg,0.9717148,11836142.885210805,2323012.362613537,0.0351475779898464,0.9722895100712776,0.7140440375660546
110.jpeg,0.9716483,11788822.61622789,2336805.988103454,0.0947694536298513,0.9572080448269844,0.7247245547478087
82.jpeg,0.97131324,11813564.09633606,1165619.715980143,0.0599370738491416,0.9678928777575492,0.6640597903169692
368.jpeg,0.9712903,11796439.950141463,2327299.055664581,0.0564346686005592,0.9592246189713478,0.6060021840967238
239.jpeg,0.97101235,11804896.019800398,2382957.620933094,0.0852262685075402,0.9644068628549576,0.5094334121261325
80.jpeg,0.9709524,11814038.758826012,1161832.6314797946,0.1455826386809349,0.9501707404851912,0.6918373803862117
466.jpeg,0.9709435,11701350.74113416,1199779.5512820035,0.0512033803388476,0.9751881584525108,0.43799173790547585
118.jpeg,0.9708858,11792291.292100323,2289476.888544067,0.0423096874728798,0.9575708508491516,0.3051525975377964
751.jpeg,0.97079897,11838143.10602467,1108056.6529708127,0.0415670210495591,0.9746387153863908,0.8080487380632095
800.jpeg,0.97033036,11833812.962152015,1161154.1968394967,0.0827421694993972,0.9266916438937188,0.33145966483280065
220.jpeg,0.9702296,11814030.968457526,2380504.825634585,0.1123435897752642,0.9640592634677888,0.7841024046231594
525.jpeg,0.97016114,11771292.609123016,1153178.0490602124,0.4529207041487098,0.9666868671774864,0.781107180337939
478.jpeg,0.97009385,11694344.990291148,1193505.1140008476,0.0482825208455324,0.9708767235279084,0.5290088002156053
446.jpeg,0.9700485,11836175.055093732,2322937.556489507,0.0351475779898464,0.9722895100712776,0.7221995249274187
804.jpeg,0.9700458,11836166.430762373,1160150.4032079896,0.0500075966119766,0.9588292986154556,0.5068005431094207
259.jpeg,0.9698323,11806611.336772382,2376865.140112905,0.0382566025946289,0.9543208852410316,0.3793595081369858
432.jpeg,0.9697786,11836074.650446463,2324497.693625991,0.028506449656561,0.962386354804039,0.4881025366817734
96.jpeg,0.9689441,11814195.27499896,1268298.5357633992,0.0466582938097417,0.9511852487921716,0.48133630290006596
228.jpeg,0.96859175,11809306.013601098,2383175.664235263,0.0315811219625175,0.959775261580944,0.1526989227471252
857.jpeg,0.9684843,11873820.27384781,1158487.7754624228,0.2889907788485288,0.9701639786362648,0.7546123134670779
854.jpeg,0.96801364,11876921.432508595,1159631.5365201414,0.0775631200522184,0.9640571475028992,0.55974932677216
911.jpeg,0.9678159,11773933.787171546,1150931.2034671202,0.0456601395271718,0.9444606229662896,0.5575148473144509
883.jpeg,0.9677173,11796819.525800226,2299541.319208895,0.0389153864234685,0.9557256251573564,0.43232275848276913
97.jpeg,0.9677049,11812807.619129203,1270935.089921734,0.915251724421978,0.9751169458031654,0.9417901551350951
776.jpeg,0.96764594,11820904.46903043,1168703.9197102897,0.2261180551722645,0.9675293788313866,0.689983817955686
544.jpeg,0.96761996,11794093.315900616,1145246.778725296,0.8193171918392181,0.97724000364542,0.9372190054919984
850.jpeg,0.96742153,11875121.509546977,1160071.9606400805,0.0478859390132129,0.9612713903188704,0.5646319757797755
244.jpeg,0.9673369,11803919.775894608,2378376.555311827,0.0267582880333066,0.9548952877521516,0.19492817900350523
767.jpeg,0.96732426,11813888.96764953,1164878.8344618783,0.1286269864067435,0.955927699804306,0.44855294718096655
229.jpeg,0.9672291,11809544.062624808,2382487.000395591,0.0401230934076011,0.5831728056073189,0.1556450654752552
13.jpeg,0.9671494,11739672.086755058,1158744.4181063178,0.0574340745806694,0.9022756963968276,0.3406623643822968
362.jpeg,0.96703166,11797799.998905774,2333612.1778733386,0.4855903536081314,0.9588202834129332,0.8579722940921783
280.jpeg,0.9669867,11806611.558612242,2352581.5860459344,0.0699933706782758,0.9589121118187904,0.4875505619815418
675.jpeg,0.96674913,11797732.971612504,1146138.863438466,0.1042379857972264,0.955026239156723,0.5566336673218757
881.jpeg,0.9666245,11798995.9137034,2301399.7333768443,0.0323118658270686,0.9580286666750908,0.29490267860819586
270.jpeg,0.9665959,11803707.812415486,2354960.5843371693,0.0371048739179968,0.9643035307526588,0.24581038244650696
589.jpeg,0.9663975,11837375.82809124,1163406.791519413,0.0418857091572135,0.9595324620604516,0.2937539426040732
788.jpeg,0.9661618,11836475.593708776,1156502.8479825535,0.0594366574659943,0.9577093347907066,0.39819088604094255
420.jpeg,0.9660379,11798826.065574847,2300161.4746302366,0.0389466122724115,0.9579781219363211,0.583363703917712
837.jpeg,0.965975,11839043.965990962,1160127.7856158111,0.0558552723377943,0.9578788727521896,0.41306878799306496
562.jpeg,0.96596456,11793491.17699146,1144416.0807422164,0.2250775005668401,0.9650478214025496,0.7859481403604149
510.jpeg,0.9659327,11758434.49469149,1171212.2056786877,0.0951299723237752,0.9630620926618576,0.6039572746958584
4.jpeg,0.9658549,11696874.796290869,1196438.563920652,0.0380414091050624,0.9300206378102304,0.4105606128578074
573.jpeg,0.9657909,11835509.120218666,1113656.1412147884,0.3148885853588581,0.9580056816339492,0.7758210869506001
380.jpeg,0.96577203,11789244.80842974,2322253.6150411163,0.0760532487183809,0.9579171612858772,0.5624643414547401
920.jpeg,0.9657362,11734991.184206776,1163227.6999844704,0.1727329874411225,0.9510190114378928,0.5031641511013731
685.jpeg,0.96573514,11801654.581036674,1150791.9270680237,0.2965879142284393,0.9515099003911018,0.7057750192470849
468.jpeg,0.9656794,11701508.046591766,1199466.891047335,0.0406800927594304,0.9663314446806908,0.5061355311320059
282.jpeg,0.9656624,11806200.582493115,2352596.47783368,0.042910415912047,0.9614522531628608,0.47788191979634576
674.jpeg,0.96541804,11797717.141979704,1146161.6008979094,0.1028946079313755,0.955026239156723,0.5005792893934995
320.jpeg,0.9653197,11791311.295900537,2349261.016467601,0.0313018318265676,0.957694336771965,0.5880736066028476
202.jpeg,0.96521705,11823818.85624222,2425367.8477091845,0.0242783497087657,0.959388367831707,0.38388806191505864
340.jpeg,0.9651788,11797499.864858704,2342862.3527054708,0.1532435012049973,0.9742850810289384,0.7958220637935612
505.jpeg,0.96516335,11755455.818566468,1174018.7117284634,0.4412378687411546,0.9744375422596931,0.8221036177128553
292.jpeg,0.9650889,11806078.828499082,2350150.2176369363,0.037944815121591,0.9109832793474196,0.175503005972132
475.jpeg,0.96471334,11704809.988327015,1195884.3613485538,0.0258964383974671,0.6025734022259712,0.18888178959023205
555.jpeg,0.96465886,11801052.45414314,1147535.9198247846,0.0791142499074339,0.9655561298131944,0.5253537538357906
114.jpeg,0.9646286,11794032.72433261,2304977.486922276,0.0406260788440704,0.9569216072559356,0.3828008937416598
657.jpeg,0.9646165,11794376.941216275,1143028.232235739,0.047251439653337,0.9643816575407982,0.5624618972069584
915.jpeg,0.96442074,11773638.970258836,1152539.2573876723,0.0594613659195601,0.964733988046646,0.49094241531565785
357.jpeg,0.9642807,11798422.565919513,2336354.167537955,0.0909741884097457,0.9616085961461068,0.8077602097764611
845.jpeg,0.9641895,11872625.836900204,1159979.654204565,0.050157134886831,0.9724398627877237,0.7054007504484616
977.jpeg,0.9641247,11812948.377253948,1267084.4469044742,0.0940282922238111,0.6837690025568008,0.3117685546167195
635.jpeg,0.9640456,11790861.33558784,2336685.773076389,0.0428598965518176,0.9318940415978432,0.2677030872686633
7.jpeg,0.9637831,11700882.10006416,1200815.30157756,0.0419268393889069,0.9636770337820052,0.47599729406647384
958.jpeg,0.9637034,11699629.164797192,1203097.2938053757,0.0435492740944027,0.8939612433314323,0.21406633866718033
396.jpeg,0.9636001,11789940.93670129,2333190.2562503107,0.0192443100968375,0.94868154078722,0.48123072386079
903.jpeg,0.9635461,11773633.264037294,1152534.4151164617,0.0594613659195601,0.964733988046646,0.49094241531565785
580.jpeg,0.96345943,11841606.36825142,1158738.6615177344,0.0416887267492711,0.8779006376862526,0.19251547742169348
86.jpeg,0.9634283,11815298.230947364,1165310.7602779388,0.5536676459014416,0.9766125604510308,0.8840647940523922
6.jpeg,0.9631248,11700963.035892168,1200696.7468921472,0.1076702633872628,0.9636770337820052,0.6029900279827416
291.jpeg,0.96305436,11806114.630186828,2350005.3539584544,0.0349253630265593,0.9109832793474196,0.1943287798868758
191.jpeg,0.96301156,11818079.125519833,2424415.6950360327,0.0402152761816978,0.9672514721751212,0.5598420091490779
419.jpeg,0.9627651,11796710.510366865,2301470.2650203137,0.0428665531799197,0.9533162415027618,0.27807459991890937
941.jpeg,0.9626952,11757971.528805029,1172136.366117595,0.0615186649374663,0.8503369614481926,0.2907668683910742
408.jpeg,0.96259797,11794681.092101444,2307410.8153657443,0.0431302324868738,0.961783193051815,0.6163154988898896
49.jpeg,0.96259785,11798738.627347006,1145908.6216763095,0.05216496437788,0.95795189589262,0.41202944653729595
328.jpeg,0.9624421,11790593.104374137,2347357.468983118,0.0235218156594783,0.9592541828751564,0.47594549543490366
874.jpeg,0.9624311,11796726.759532228,2301486.681074097,0.0428665531799197,0.9533162415027618,0.27807459991890937
341.jpeg,0.96237475,11797413.772877373,2342867.748236021,0.0425664358772337,0.9742850810289384,0.608579394815024
310.jpeg,0.9621862,11799316.909260036,2348881.753955795,0.0389923239126801,0.9674048870801926,0.6441954070081314
725.jpeg,0.9621753,11835489.526926547,1118565.15246721,0.0650786366313695,0.959268979728222,0.4868520142044872
724.jpeg,0.9620184,11838515.46904065,1116455.7736048603,0.0796832218766212,0.9295594692230223,0.6623230252880603
639.jpeg,0.9618801,11791188.982053485,2335142.0874907034,0.1827312875539064,0.9565943330526352,0.8357268957687276
300.jpeg,0.96187556,11808463.274764968,2348159.383007037,0.0663498151116073,0.9341973289847374,0.5596985970623791
207.jpeg,0.96184057,11821377.449464392,2424191.4719171063,0.0185959169175475,0.6504812221974134,0.11826188504346641
8.jpeg,0.96169335,11705008.533707503,1197721.1866906,0.0351805849932134,0.8288653716444969,0.2574950493613465
705.jpeg,0.96138,11841391.510361595,1147751.8951873502,0.1247586430981755,0.9557965248823166,0.5665156019385904
773.jpeg,0.9612058,11817340.578763504,1165847.3693298255,0.4063871270045638,0.966289073228836,0.8431188937975094
517.jpeg,0.960972,11759000.83408005,1167173.5728699474,0.380194129422307,0.9686213508248328,0.8275021698791534
219.jpeg,0.9609133,11814097.357827242,2380542.499547725,0.069576128385961,0.9640592634677888,0.5374386946787126
897.jpeg,0.96086764,11791298.999900224,2290375.948458544,0.0388143477030098,0.9671836495399476,0.4492149890284054
64.jpeg,0.9608212,11839501.613520743,1160390.8471127737,0.0561659578233957,0.9599797055125237,0.36504705058177933
271.jpeg,0.96079654,11806450.210138736,2356328.334385381,0.1370044853538274,0.9635191932320596,0.6260837650236984
50.jpeg,0.960725,11835486.004787514,1118568.303342715,0.0650786366313695,0.959268979728222,0.4868520142044872
547.jpeg,0.96070886,11797667.277061224,1151166.8038889137,0.0806820662692189,0.9567285850644112,0.6342217252693243
500.jpeg,0.96056914,11753367.826868942,1173556.270004294,0.0937315076589584,0.966983549296856,0.5568285557092167
296.jpeg,0.96054727,11806506.924819527,2348800.6781716,0.0323525234125554,0.9621186181902884,0.43405008831593606
997.jpeg,0.9605118,11796724.978498287,2438520.4565943,0.0393720585852861,0.9623715728521348,0.5895606277377478
301.jpeg,0.96048707,11808618.376726229,2348266.7622102564,0.0385447731241583,0.9623313173651696,0.5528809820035738
206.jpeg,0.9604762,11821310.84703607,2424174.4616176663,0.0185959169175475,0.6504812221974134,0.1150901188666466
901.jpeg,0.9604421,11771482.275236338,1154039.1657925174,0.0432164226658642,0.9555236548185349,0.5390330913360231
692.jpeg,0.9603181,11841248.193213755,1144865.6260791314,0.2582351323217153,0.9397891908884048,0.5817550849169493
684.jpeg,0.9601444,11801417.20860134,1140746.3202638028,0.0631883703172206,0.9635486900806428,0.5241226603587469
413.jpeg,0.96012825,11792407.557784664,2307626.195805188,0.0342505460139364,0.9664666205644608,0.5425420627288986
215.jpeg,0.96007794,11813324.469730036,2384480.860799475,0.0363531564362347,0.9640429988503456,0.4796962272375822
125.jpeg,0.9600756,11798504.01659474,2433516.755902936,0.046134743373841,0.9522698521614076,0.44961604715457987
853.jpeg,0.9600665,11875313.125212535,1160261.0473984145,0.0478859390132129,0.9612713903188704,0.2117590151610784
3.jpeg,0.9598263,11697887.676503051,1195333.2098595817,0.0422719181515276,0.9570371210575104,0.5675686217534045
428.jpeg,0.95979846,11792671.213613804,2301936.9126236085,0.0518743076827377,0.9614417627453804,0.4294125356536824
716.jpeg,0.95969546,11839819.963937834,1148194.9458812752,0.3202949743717909,0.8984301313757896,0.6356228326912969
567.jpeg,0.9594771,11801360.495342154,1137130.9271606691,0.1534130591899156,0.9743706211447716,0.7124769739392731
101.jpeg,0.95947057,11837509.1763928,2326578.97036396,0.0307884106878191,0.9554906785488128,0.19405159603671301
710.jpeg,0.95932037,11843807.290833429,1142839.3772094776,0.0448930878192186,0.9508212506771088,0.4012159006282066
374.jpeg,0.9592394,11792414.640271207,2321668.56255256,0.1931223049759864,0.9603298306465148,0.771695818984881
65.jpeg,0.95913655,11833933.378486143,1161376.548852565,0.0495870662853121,0.9482127949595452,0.24065524585811154
643.jpeg,0.95896417,11792949.999194622,2335702.1874675658,0.0657490924932062,0.9578128308057784,0.6558649377548136
891.jpeg,0.95894784,11788452.293311251,2291356.616249951,0.0588102410547435,0.9696008116006852,0.6013416516860681
513.jpeg,0.95885366,11757065.421467235,1170060.3058717195,0.5766768455505371,0.9645442813634872,0.8606668710708618
568.jpeg,0.9585862,11800146.936115468,1139633.1361674697,0.0634883544407785,0.9692673832178116,0.7515888873604126
43.jpeg,0.95853966,11795134.195770437,1145422.325379897,0.0748061360791325,0.9589361920952796,0.5909832019565834
427.jpeg,0.9583789,11792676.329060351,2301920.418170971,0.0518743076827377,0.9614417627453804,0.4294125356536824
394.jpeg,0.9583674,11791267.085373228,2329121.8068378177,0.0564860254526138,0.9543858096003532,0.4542897481338254
303.jpeg,0.9583414,11809647.823610565,2348990.074669364,0.0376997352577745,0.965642176568508,0.5882815519081694
367.jpeg,0.9582099,11796051.022526365,2330537.1655195025,0.0434903632849454,0.9516992345452308,0.5810750825330615
610.jpeg,0.9581615,11808846.00232681,1275331.7797595845,0.3082089209929108,0.9700766578316689,0.7161377187585458
588.jpeg,0.9581139,11837376.48461512,1163401.3179103923,0.0418857091572135,0.9595324620604516,0.2937539426040732
706.jpeg,0.95809245,11841399.29639692,1147881.3173085875,0.1247586430981755,0.9557965248823166,0.6140961620128818
612.jpeg,0.9579343,11814917.846214237,1279007.0797923263,0.1532321712002158,0.9565404579043388,0.6989627851871774
12.jpeg,0.957707,11738471.092181824,1160996.2619605132,0.4363161772489548,0.9781912490725516,0.7413808256387711
618.jpeg,0.9576846,11795292.915343136,2349954.3527122005,0.031537976115942,0.9647486284375192,0.42833071161294356
609.jpeg,0.9574215,11810073.453096714,1271826.9687996043,0.1913097687065601,0.9723468944430352,0.7269931376213208
1000.jpeg,0.9569063,11821192.532177458,2425365.3526823176,0.0323523788247257,0.8714238107204437,0.19637284404598176
94.jpeg,0.95671934,11812389.986003527,1266620.961360606,0.1085786335170269,0.9512888416647912,0.5324274180974398
736.jpeg,0.9566875,11837570.978988146,1114788.5953842823,0.7798137590289116,0.9727119281888008,0.9095741199950377
127.jpeg,0.9564029,11797143.52545064,2434905.369955688,0.0271611004136502,0.733615156263113,0.19049028573291643
787.jpeg,0.95623285,11834991.982556112,1156469.193535247,0.0546577051281929,0.9442864432930946,0.5081022180513375
999.jpeg,0.9562323,11821929.67260825,2425960.213197856,0.028765027411282,0.9476076439023018,0.2933028690250857
960.jpeg,0.9561708,11702042.837699505,1193034.8179803672,0.0824712510220706,0.9630130156874656,0.6358335183467716
539.jpeg,0.9560642,11785991.699219428,1123227.180191688,0.3713768068701029,0.9679680690169334,0.8095711378846318
648.jpeg,0.9559932,11788446.661756268,1137969.059360639,0.0438051922246813,0.9483409151434898,0.3133742014825758
400.jpeg,0.95599264,11794304.302647324,2329066.395945734,0.0332117786165326,0.0785234398208558,0.04587148588949013
756.jpeg,0.95597196,11837818.02553661,1110724.4930669966,0.0903950901702046,0.9709120243787766,0.48257830925285816
405.jpeg,0.9556519,11794029.68231021,2308353.033758136,0.0390965449623763,0.9584093242883682,0.4786345182801597
448.jpeg,0.95537084,11836245.71197068,2327464.33756,0.0283960564993321,0.9557944908738136,0.5154148636211175
59.jpeg,0.9551807,11841028.848966118,1158973.4261646003,0.0572352553717792,0.9645687267184258,0.29896446177735925
536.jpeg,0.9549645,11786307.67405,1119088.0952881563,0.1956786513328552,0.961821399629116,0.8004321334883571
877.jpeg,0.9549369,11798615.49506755,2302746.931022904,0.0832132119685411,0.9600413516163826,0.5969616866537503
458.jpeg,0.95474356,11841950.540905502,2328946.675185483,0.0385175691917538,0.9664316922426224,0.6496909087873064
465.jpeg,0.9547087,11701666.263048971,1199688.9413004124,0.0515171708539128,0.962209440767765,0.43662445893278345
954.jpeg,0.9545727,11695593.681965418,1196171.8281861255,0.0944513077847659,0.7956200316548347,0.36646818357985467
662.jpeg,0.95451653,11795449.608182617,1147325.2460252442,0.047417948488146,0.962442807853222,0.41092891269363463
116.jpeg,0.95436937,11797111.02670338,2303280.948654319,0.0396121474914252,0.556567907333374,0.18529252673033622
481.jpeg,0.9543534,11737270.191482536,1162961.745954658,0.0621326267719268,0.9612547978758812,0.3725296597694978
523.jpeg,0.9543533,11769791.722721806,1155248.8197331598,0.2470538690686226,0.9648593664169312,0.6283253258360284
265.jpeg,0.95433265,11798083.150266197,2380122.698857658,0.036602493841201,0.9595984667539595,0.42102667602011934
225.jpeg,0.954263,11811285.34211468,2381848.541601303,0.0364619465544819,0.9619439318776132,0.5665103645463075
814.jpeg,0.9542583,11839380.224508004,1160298.638135728,0.0561659578233957,0.9599797055125237,0.2341614787583239
862.jpeg,0.9539948,11796767.6978632,2302753.8781401203,0.0389579217880964,0.9507616236805916,0.4274081533242549
251.jpeg,0.95397884,11803692.67529539,2377285.5475899023,0.034927838249132,0.9632476791739464,0.6257810785900801
703.jpeg,0.9537062,11840640.689455634,1143895.1349782862,0.1901234090328216,0.9607638865709304,0.6395671841584973
766.jpeg,0.9532543,11813655.945736516,1170783.2022689355,0.0671695754863321,0.9604023322463036,0.8220685023503999
297.jpeg,0.95323306,11806533.615428494,2348603.176520698,0.0377103523351252,0.9621186181902884,0.33837705947059604
23.jpeg,0.95290637,11778772.775190732,1126242.424641563,0.0706054121255874,0.958717368543148,0.455626748321164
763.jpeg,0.9528374,11812471.945296563,1167898.1007906594,0.1149360295385122,0.9427027255296708,0.5498840328655206
317.jpeg,0.95261437,11803101.801783118,2346686.5151867066,0.0329331622924655,0.9566950127482414,0.16591177202644752
281.jpeg,0.95250213,11806615.577673256,2352453.79607054,0.0286578400991857,0.9589121118187904,0.38402781304385925
924.jpeg,0.95235515,11736817.100116877,1162816.6653642156,0.0638553970493376,0.6268744729459286,0.1922317751450464
825.jpeg,0.9523412,11842791.71325284,1158646.9987812012,0.0431650788523256,0.5539521183818579,0.17777892731828612
402.jpeg,0.9522748,11793086.906717718,2309970.247337837,0.031731825787574,0.9580939784646034,0.6650598358828574
398.jpeg,0.9522522,11792119.018128855,2333191.041106607,0.0293565450701862,0.956136092543602,0.38535195446780157
62.jpeg,0.951914,11834989.648151657,1156472.1115403522,0.0546577051281929,0.9442864432930946,0.5081022180513375
389.jpeg,0.9518671,11791693.255706578,2322483.7642845414,0.0530164241790771,0.9556402191519736,0.5631727056045618
973.jpeg,0.9517725,11812967.96839141,1279702.2845842824,0.2476172037422657,0.9547621086239816,0.6458433737279847
126.jpeg,0.95175904,11797399.866964769,2433835.456577901,0.0655228937976062,0.9479870796203612,0.3957914306083694
512.jpeg,0.9515657,11757070.204951655,1170742.662083587,0.485848855227232,0.9735153019428252,0.8414139305241406
397.jpeg,0.9514472,11791913.462508272,2332951.9442564994,0.0339491057675331,0.956136092543602,0.349466147570638
185.jpeg,0.9513124,11802552.188702485,2433262.6705658576,0.2064436404034495,0.9595707952976228,0.5567907953518443
823.jpeg,0.9512268,11841028.848966025,1158974.5933667177,0.0572352553717792,0.9645687267184258,0.29896446177735925
497.jpeg,0.95114857,11755948.225805456,1168855.4602605486,0.0511313606984913,0.965467594563961,0.6601784956874326
777.jpeg,0.95107275,11818703.968303498,1163263.5243844478,0.0649138176813721,0.9477425143122672,0.554964694297976
55.jpeg,0.9506562,11875651.389987191,1164108.1182722892,0.0580406971275806,0.9516749531030656,0.5812723982510053
263.jpeg,0.95058054,11797575.475902831,2379021.385483561,0.0350334928371012,0.9545606300234796,0.48503074259497225
366.jpeg,0.9503034,11796118.85422204,2330540.8854893805,0.0474056778475642,0.9516992345452308,0.6392867212582912
759.jpeg,0.9501056,11810413.623495787,1163012.964330294,0.0811052783392369,0.8464166298508644,0.37946065951837227
975.jpeg,0.9498872,11814049.075399388,1270465.0426014615,0.30555728264153,0.9657394140958786,0.7211680047746215
363.jpeg,0.9494198,11797777.319104403,2333558.3370470754,0.2235090713948011,0.9588202834129332,0.6564925301354378
824.jpeg,0.9493396,11842005.310805377,1158933.157770241,0.0592198995873332,0.764880046248436,0.2747514145448804
358.jpeg,0.94909793,11798473.1868192,2336343.175056091,0.0909741884097457,0.9616085961461068,0.8077602097764611
970.jpeg,0.949096,11811783.101617957,1266296.3934450997,0.0906464071013033,0.9620549157261848,0.6469113389612176
608.jpeg,0.9490897,11810493.416862505,1271556.513544858,0.0536175365559756,0.9645113870501518,0.5751909012906253
277.jpeg,0.9481735,11805219.120856969,2353244.9038314256,0.0903046908788383,0.9581276401877404,0.5125063734927348
188.jpeg,0.9481273,11819558.245180843,2422340.641642668,0.0336061771959066,0.9544539600610732,0.5651936364759291
431.jpeg,0.94799495,11835601.414069315,2324791.1223094384,0.0180632636183872,0.9584529250860214,0.4036972204485209
443.jpeg,0.94792414,11839299.54379432,2325496.015807894,0.0385896582156419,0.960424356162548,0.17365125699767045
308.jpeg,0.9477382,11802167.338799823,2349463.945498828,0.0273533049039542,0.9539394900202752,0.32323218035162427
507.jpeg,0.9474527,11757020.91769876,1172927.9708790253,0.2372830593958497,0.9620511159300804,0.8183407430769876
918.jpeg,0.94706434,11732784.717949769,1160639.7326403237,0.0327414602506905,0.965383656322956,0.366666396226113
885.jpeg,0.9463674,11786678.558301466,2295302.867352027,0.0579489115625619,0.9633642211556436,0.4788065651082434
272.jpeg,0.9462317,11806454.73836699,2356250.054450389,0.1370044853538274,0.9635191932320596,0.6477699927054346
286.jpeg,0.9461971,11805392.0595393,2350421.4467556733,0.0306153933051973,0.6824000608175993,0.11978029261808837
334.jpeg,0.9460175,11794971.756121278,2344854.9379271525,0.0404599281027913,0.9649815559387208,0.4103473169832594
223.jpeg,0.94544786,11810802.530459546,2379116.277239284,0.0578166432678699,0.9609845280647278,0.40720877842977643
170.jpeg,0.94536966,11796937.34564036,2423010.762193353,0.046215601498261,0.9586646631360054,0.6419432693094548
563.jpeg,0.9452269,11793367.29982015,1144453.9372480914,0.2250775005668401,0.9650478214025496,0.7444889643229544
107.jpeg,0.94488937,11808109.5677426,2387613.219441035,0.9306680560112,0.9617393314838408,0.9432387668639421
154.jpeg,0.94461274,11793939.540978802,2426337.513275176,0.0303061541635543,0.9574522376060486,0.45439117957305697
651.jpeg,0.94450843,11791033.198463194,1148170.1054674948,0.0696144350804388,0.9622766822576524,0.5846955309001108
518.jpeg,0.9442887,11762953.378293244,1165910.429605573,0.0492572546936571,0.9574930518865584,0.46089738578302786
148.jpeg,0.9442461,11793073.168775504,2433451.402135321,0.0352810402400791,0.9504809603095056,0.41585375333670527
250.jpeg,0.944197,11803216.724377926,2376806.185093667,0.0296308500692248,0.9258094504475594,0.4572473903452711
365.jpeg,0.9441932,11794774.022277389,2332116.2443324127,0.0383026492781937,0.9493430033326148,0.34398805044059244
496.jpeg,0.9433164,11757314.698182724,1166468.901404143,0.4127465486526489,0.9488612115383148,0.681745670735836
876.jpeg,0.9432723,11796087.328165969,2304510.6599913216,0.0418078484944999,0.955065242946148,0.2844851818517782
278.jpeg,0.942761,11806777.45714297,2353139.9629573016,0.0399740589782595,0.9633978828787804,0.4800363107351586
864.jpeg,0.9424722,11795385.50438747,2306241.1180465072,0.0371715812943875,0.9578423202037812,0.46562360420024823
316.jpeg,0.9421167,11800839.261743344,2347514.589055621,0.0623539118096232,0.9648451060056686,0.5516450274735689
314.jpeg,0.941592,11797322.518141732,2350656.778672333,0.1362690620590001,0.964764691889286,0.6718589249455059
899.jpeg,0.9408178,11794447.492952926,2288304.9876491874,0.0350078593473881,0.9447069019079208,0.3608820559747983
260.jpeg,0.9407476,11806043.916031664,2377317.515803632,0.032248898409307,0.7869149893522263,0.17857410805299875
339.jpeg,0.94069415,11798067.450637108,2345895.246464673,0.0632475703023374,0.9616212844848632,0.5098638207252536
571.jpeg,0.9406432,11840197.24555944,1116468.0278678522,0.3465405609458685,0.9704183489084244,0.6887124755885452
21.jpeg,0.9405405,11762518.949965758,1168168.7525632647,0.0572336963377893,0.9636754244565964,0.6423302557668649
307.jpeg,0.9403362,11802570.278493382,2352192.793734916,0.0361738679930567,0.941586636006832,0.22630885601392944
467.jpeg,0.94028974,11700989.38754524,1199900.9349380855,0.0734518207609653,0.9751881584525108,0.3538624660577625
266.jpeg,0.94007415,11803925.708691671,2381499.13304657,0.2187703633680939,0.9617204070091248,0.6672894804339323
421.jpeg,0.9399465,11794661.463545924,2299274.3913870654,0.0275949179194867,0.9549261927604676,0.1396693598479032
53.jpeg,0.93970746,11872267.585000535,1168302.560093922,0.0796623919159174,0.9684939384460448,0.7527511270923747
916.jpeg,0.93940985,11773716.66009003,1152415.775904135,0.0813279757276177,0.9624622836709024,0.506134478840977
247.jpeg,0.9382253,11802172.491745489,2378944.87591458,0.0204401223454624,0.961286835372448,0.46942657857601133
115.jpeg,0.9380754,11795307.10631763,2306209.09703906,0.0530110751278698,0.9578423202037812,0.5399740848557225
385.jpeg,0.9379222,11787807.120938832,2330012.6164068445,0.0219118749955669,0.9557786509394646,0.4443385471305292
995.jpeg,0.93773985,11798024.35478816,2434297.075759122,0.0360478695947676,0.9592005163431168,0.5337489106168505
387.jpeg,0.93763953,11788494.07684759,2332663.0347808334,0.027411475777626,0.9552729353308678,0.41265622178219596
348.jpeg,0.93748987,11790391.793251405,2338454.9704636885,0.0353703387081623,0.9426116645336152,0.24342013190367393
218.jpeg,0.9372519,11815200.45194638,2382114.190968204,0.0552565790712833,0.957933522760868,0.4669148793327622
360.jpeg,0.93719006,11797209.287876137,2339308.093684458,0.0274940738454461,0.9600149914622308,0.4810409770094945
469.jpeg,0.9371375,11701990.132326877,1199137.2963022029,0.0281664668582379,0.9562214389443398,0.15728731629335216
886.jpeg,0.93679035,11785606.160310311,2291696.90793454,0.0934459436684846,0.966649241745472,0.7167638578851309
543.jpeg,0.93646353,11792791.466043675,1145399.912020592,0.0467263907194137,0.9516594931483268,0.41838604972387355
106.jpeg,0.9362641,11821795.855437968,2425011.327811695,0.0312457943800836,0.9428202882409096,0.18935201253043485
583.jpeg,0.9358776,11838120.35952382,1158805.7034486216,0.130504441447556,0.9554567560553552,0.3943451074883342
47.jpeg,0.93571174,11796753.62031947,1147179.1378926558,0.0558926109224557,0.9389770552515984,0.30772254383191466
235.jpeg,0.93538153,11807581.37514268,2384917.6354935924,0.0363676757551729,0.9606484398245811,0.4127023594919592
912.jpeg,0.93537503,11774950.248829396,1150913.8734651916,0.0464880098588764,0.9723565578460692,0.44629206805257127
165.jpeg,0.9349698,11794553.54331242,2420361.6201512623,0.3442187812179327,0.964701309800148,0.7110589048825204
361.jpeg,0.93464065,11797212.285458649,2339310.7003756543,0.0274940738454461,0.9600149914622308,0.4810409770094945
390.jpeg,0.9345771,11791376.861699363,2325907.707923485,0.0323086688295006,0.9606876075267792,0.4267805315030273
333.jpeg,0.93445,11794893.781206494,2344911.284886244,0.1649539256468415,0.9649815559387208,0.6094149662447828
515.jpeg,0.9339419,11759981.44912442,1167438.7721003152,0.8042446002364159,0.963082879781723,0.9196907116307153
145.jpeg,0.9336889,11789726.30880627,2432475.867566213,0.0355453288648277,0.942851424217224,0.49715892581402193
875.jpeg,0.93318844,11796255.958250714,2303496.2366511,0.0560121671296656,0.9596971645951272,0.5850708057987504
140.jpeg,0.9330584,11793993.562838295,2436253.1412167875,0.01640993100591,0.9525977820158004,0.44084540994039606
40.jpeg,0.93201226,11791971.693491291,1141557.2031293856,0.087832580320537,0.9479084983468056,0.5388301757629961
382.jpeg,0.9314625,11788103.88302101,2327370.661349895,0.04233182920143,0.960953488945961,0.5070808555132577
335.jpeg,0.9313871,11797661.569664344,2345523.9316138937,0.0618581548333168,0.9641743078827858,0.4549032833560237
956.jpeg,0.93055737,11697857.101626966,1195204.298134212,0.0422719181515276,0.9570371210575104,0.6147466186537511
925.jpeg,0.93032897,11737227.225135528,1162374.8712169996,0.0316145308315753,0.9512627795338632,0.28562464239075774
407.jpeg,0.93023497,11794274.156651288,2308024.450410132,0.0457679317332804,0.9585885182023048,0.593335250126464
905.jpeg,0.93022263,11772755.47106135,1153874.9006196684,0.0650594346225261,0.8461748659610748,0.2796433845651336
678.jpeg,0.9298513,11798672.374559196,1145351.4435958536,0.0621881047263741,0.9472055584192276,0.5354806003877177
898.jpeg,0.9284819,11790186.405746268,2291884.082651886,0.0419299083296209,0.964069664478302,0.7137629315589687
325.jpeg,0.9283536,11788983.221473144,2350171.9744676035,0.0258625512942671,0.96482253074646,0.7780949420994148
572.jpeg,0.928208,11840201.485557431,1116464.7995141856,0.3465405609458685,0.9704183489084244,0.6887124755885452
426.jpeg,0.92807674,11793649.553239755,2295821.430545398,0.0241163049358874,0.9689061418175696,0.3575069726710873
347.jpeg,0.92758024,11789798.436169064,2341087.644417765,0.0317920839879661,0.9561861827969552,0.5040466742856162
11.jpeg,0.9272937,11738276.185494555,1159502.4204072603,0.5334919542074203,0.9598173275589944,0.7819863895419985
909.jpeg,0.9271987,11773628.918180712,1151625.1278133248,0.0438362644053995,0.9648871198296548,0.332729637881534
917.jpeg,0.9270355,11771229.343900103,1157047.9650739806,0.0463511906564235,0.971174418926239,0.6036898998750581
702.jpeg,0.92675763,11840272.17756327,1145357.1480095277,0.149685425683856,0.9630066826939584,0.7410033379814455
892.jpeg,0.92628825,11786229.988517422,2289957.3620507694,0.0312449883203953,0.9636431634426116,0.6180296620420579
456.jpeg,0.9255662,11840450.623299932,2331664.9329775907,0.0252814723644405,0.9579643905162812,0.2995537848411394
457.jpeg,0.92530024,11840359.630696522,2331654.4531278578,0.0252814723644405,0.9579643905162812,0.3932819535090987
884.jpeg,0.9243307,11797592.810705224,2303397.193175232,0.0351418922655284,0.9410795867443084,0.3131865413327302
598.jpeg,0.92425597,11869643.608873066,1167058.3231728785,0.0452811466529965,0.8997152894735336,0.38718624801064533
192.jpeg,0.9242485,11818062.828387482,2423775.805755314,0.0247841521631926,0.9600410088896753,0.6705972725467291
425.jpeg,0.92356205,11793861.835378638,2296204.035380757,0.0289454709272831,0.9149931445717812,0.54316367462161
44.jpeg,0.9224075,11796623.077044375,1147438.268845138,0.042051404248923,0.9389770552515984,0.2511058778036386
976.jpeg,0.922271,11812752.484192085,1265675.1051582885,0.103219592012465,0.962104856967926,0.4596329193445854
882.jpeg,0.9221831,11795321.251251284,2301010.1043290747,0.0365426593925803,0.9571203142404556,0.32069905468129684
123.jpeg,0.9221601,11798178.084217452,2434370.571557921,0.3247107779607177,0.9602661803364754,0.8096517641097307
386.jpeg,0.9220109,11788219.077671569,2332663.426674993,0.0369220422580838,0.948480524122715,0.3788933098443191
856.jpeg,0.9218194,11875402.707945645,1160632.02314499,0.0556626562029123,0.8993674516677856,0.4669036529958248
411.jpeg,0.9217814,11789715.925070465,2307748.536183615,0.0343192925211042,0.9655130729079248,0.594518919176023
147.jpeg,0.92109334,11792982.963598317,2433416.721673532,0.0352810402400791,0.9504809603095056,0.3783152548712678
181.jpeg,0.92084944,11801751.893252237,2429277.143495138,0.0776980328373611,0.9621339365839958,0.675420337744678
399.jpeg,0.9205658,11795124.830685908,2329175.235061286,0.0363940794486552,0.93364779651165,0.19079939773655494
134.jpeg,0.9203518,11799114.271156304,2439375.760035797,0.0529622510075569,0.9667575731873512,0.4422278990969062
393.jpeg,0.9195709,11790786.102815934,2329019.406214605,0.0363324196077883,0.9509273171424866,0.3850262131475444
942.jpeg,0.919428,11758429.25733156,1170366.0680123067,0.3636807380244136,0.9673603400588036,0.738973950385116
636.jpeg,0.9190937,11791392.495670944,2335319.080918385,0.0761832720600068,0.9589802622795104,0.5937034284829029
761.jpeg,0.91859907,11810314.880559877,1174747.15557426,0.0518844714388251,0.9850139766931534,0.7464234644754065
395.jpeg,0.9183794,11789927.405241024,2332967.3016189407,0.0381418699398636,0.9564620926976204,0.49122372129932046
508.jpeg,0.917558,11757526.16259542,1172967.4473279836,0.3394652903079986,0.9744496420025826,0.7430974855087698
293.jpeg,0.91700953,11806504.385447964,2349660.271923481,0.0363353202119469,0.9606916755437852,0.30667628600661245
889.jpeg,0.9169502,11786228.855121816,2289958.1855446924,0.0312449883203953,0.9636431634426116,0.6180296620420579
184.jpeg,0.91640735,11799846.586625217,2434870.290412551,0.0388681185431778,0.96109376847744,0.5711808099544474
109.jpeg,0.9164023,11788914.120604914,2338878.2050667224,0.0993232768960297,0.9562411233782768,0.5196077626897022
672.jpeg,0.9160446,11797303.79069434,1148026.8708058477,0.0704367589205503,0.9328741282224656,0.3011796961848934
5.jpeg,0.9157847,11700169.13612262,1199690.9121392516,0.0793010126799345,0.9564484059810638,0.5050640032859519
984.jpeg,0.915717,11818887.011668878,1279033.3033816463,0.0337133754510432,0.8533564060926437,0.2959618020233595
585.jpeg,0.91564274,11836911.70222539,1158940.3853177114,0.0550233633257448,0.9651900976896286,0.623435058320562
152.jpeg,0.91550356,11795573.175337048,2428211.2200523564,0.0308603444136679,0.7272888571023941,0.28791704640856813
810.jpeg,0.9137645,11838105.834234891,1161536.6504122308,0.0427177352830767,0.9635523110628128,0.2794960499741137
138.jpeg,0.9128294,11795196.439914849,2439002.0116912243,0.0362329832278192,0.9552953019738196,0.26572908903472126
381.jpeg,0.9126292,11788126.87101101,2327350.674638943,0.04233182920143,0.960953488945961,0.45545619126642123
616.jpeg,0.9123507,11813942.514743043,1270356.7430055933,0.1314593432471156,0.9657394140958786,0.7583392973756418
279.jpeg,0.9119531,11806907.586143931,2352930.2881163987,0.0392294637858867,0.9633978828787804,0.5415297094732523
519.jpeg,0.9104464,11763649.167302042,1167088.3373027905,0.2387828025966882,0.9579475149512292,0.7677897403482348
945.jpeg,0.9095025,11759220.758191554,1170221.8451724588,0.0405307672917842,0.4594067642465234,0.14682584250112993
476.jpeg,0.9088851,11703894.627784535,1194931.3602879029,0.0206319463904947,0.9679593294858932,0.4754750586321784
230.jpeg,0.90814,11809273.384795684,2382240.4164482104,0.0331753168720752,0.9598619639873504,0.25549375262510565
599.jpeg,0.90730166,11871031.350956265,1170586.864325196,0.0517271338030695,0.9635071381926535,0.3393977007945068
146.jpeg,0.90729064,11793053.567495378,2432632.326479058,0.0353867225348949,0.9542941600084304,0.49255827406886965
429.jpeg,0.90568054,11785530.830986816,2291955.314175506,0.0413398100063204,0.9655928313732148,0.5934609757969156
861.jpeg,0.9056304,11796196.637393368,2303475.9705778263,0.0560121671296656,0.9596971645951272,0.6346150677252028
498.jpeg,0.9049127,11755002.675099105,1169831.3892161082,0.0791788632050156,0.9616826921701432,0.8202362629817799
867.jpeg,0.90479875,11796014.009011503,2303031.209908599,0.0404329011216759,0.4937409721314907,0.20498673810756632
665.jpeg,0.90410453,11796395.68650864,1145901.426125973,0.1390078486874699,0.9613234400749208,0.6507365432335064
338.jpeg,0.90393585,11796558.28869068,2348808.7757003866,0.0484407669864594,0.9633072018623352,0.5929668503148215
412.jpeg,0.9021449,11792191.234424489,2307604.5896356725,0.0349427119363099,0.9555792734026908,0.37204864205393406
369.jpeg,0.89984435,11797039.631222213,2327366.2070116163,0.0326861101202666,0.9229433983564376,0.23515661666169763
487.jpeg,0.8990285,11734730.907577563,1159969.6045846196,0.0809986819513142,0.964273288846016,0.5688656154670753
628.jpeg,0.89637613,11788957.492177757,2338943.438733194,0.2242979481816291,0.9562411233782768,0.5816985956043936
626.jpeg,0.89632577,11804048.331233166,2374915.3981100777,0.0405228990130126,0.9582441449165344,0.46313656800027403
760.jpeg,0.8953979,11810308.478826055,1174747.475660438,0.0518844714388251,0.9850139766931534,0.7464234644754065
324.jpeg,0.8947311,11793319.19779613,2351857.0261298227,0.0428858464583754,0.9680544659495354,0.7077257799101062
858.jpeg,0.894723,11874492.290325196,1160267.2724101052,0.0882923724129796,0.9625562950968742,0.6373592255016168
48.jpeg,0.89413375,11798219.42261105,1147356.1614983098,0.087965031620115,0.9621905758976936,0.6598057754204741
849.jpeg,0.89413357,11874904.896291628,1160025.078004248,0.0423988015390932,0.9548889249563216,0.37703772890381515
35.jpeg,0.89338803,11791032.542694231,1136954.3778489237,0.094461606349796,0.965534158051014,0.6194021987612359
424.jpeg,0.89274627,11796599.877077056,2296492.644977198,0.0347706533502787,0.9471767842769624,0.46578314481303096
968.jpeg,0.8924484,11811547.891609516,1267731.6714246548,0.1253232890740037,0.9570399150252342,0.5600797574734315
669.jpeg,0.8913361,11797058.27520565,1147789.4821290518,0.0479183876886963,0.9496380016207696,0.1741514151088065
84.jpeg,0.8911839,11813015.316859428,1164961.705742088,0.0671677412465214,0.9403468742966652,0.35224021324473953
36.jpeg,0.8876816,11793789.728175078,1136641.0137041423,0.3348967898637056,0.9740207642316818,0.857199451368716
902.jpeg,0.88717645,11771476.550434869,1153976.0088475945,0.0587076558731496,0.9555236548185349,0.5764443702064455
921.jpeg,0.8869546,11735165.270966068,1163271.9883692036,0.0381749998778104,0.9510190114378928,0.41577906616859966
212.jpeg,0.885917,11805007.050032653,2384478.3983988147,0.0506044635549187,0.97463808208704,0.4014849286526442
383.jpeg,0.88485897,11788512.445093874,2329882.62578762,0.5879017077386379,0.968895211815834,0.7908751403114626
887.jpeg,0.884591,11790073.29355662,2291828.132372953,0.0519565790891647,0.964069664478302,0.7132747577769416
404.jpeg,0.88275325,11793955.134124655,2308331.752157813,0.0390965449623763,0.9584093242883682,0.5683643707473364
439.jpeg,0.8820416,11838515.087443303,2326031.5211785072,0.0354103343561291,0.9543816596269608,0.3096217090663101
816.jpeg,0.882033,11839609.579806233,1159245.432776999,0.0442965398542583,0.9600068032741548,0.16813831223407755
704.jpeg,0.88079596,11837688.794823457,1149133.5924863163,0.0622871671803295,0.9702317640185356,0.6334689432405867
479.jpeg,0.8762594,11733539.901815882,1166998.0728378354,0.0644312491640448,0.8763246312737465,0.428911781986244
2.jpeg,0.874999,11693603.827179415,1194228.9003213013,0.0885073198005557,0.9637849405407906,0.6665410185232759
14.jpeg,0.87463886,11739551.053419355,1157887.3209547093,0.0619102604687213,0.9423519298434258,0.6825732917059213
686.jpeg,0.8738208,11793549.62045443,1147111.0205761527,0.1108776275068521,0.95756246894598,0.7402970164548606
0.jpeg,0.8737586,11696660.957958722,1194928.718424968,0.1357254963368177,0.9592353999614716,0.5931575631257147
879.jpeg,0.8730445,11797514.8405636,2303192.8195377034,0.0345442921388894,0.9217695742845536,0.16884738908265715
847.jpeg,0.8723731,11873248.335384795,1168277.092019111,0.0935567319393158,0.975482203066349,0.6755994253326207
552.jpeg,0.87144226,11801240.012081694,1153132.134769121,0.0436972100287675,0.9437215477228164,0.4540272834710777
627.jpeg,0.87102425,11789187.760700583,2336774.4552249303,0.0611136502120643,0.9572080448269844,0.5321652689276056
720.jpeg,0.86989653,11837349.478490736,1110197.025874255,0.0812879516743123,0.9762504324316978,0.4772650694649201
103.jpeg,0.8691218,11821196.410936076,2425499.34615936,0.0343325184658169,0.9445457085967064,0.3264580333073224
770.jpeg,0.86805713,11817198.985243011,1171575.2570682324,0.0647073430009186,0.96209916472435,0.5134933426161297
621.jpeg,0.8661615,11808184.498305382,2387635.4341491074,0.0314202231820672,0.9617393314838408,0.6128466181523565
199.jpeg,0.86547244,11822911.134377116,2426764.6301610544,0.0317765392828732,0.9641691148281096,0.428990476664954
524.jpeg,0.86500084,11770295.865739567,1155148.0006821873,0.0642098854295909,0.9592596143484116,0.4743972536590364
454.jpeg,0.8648137,11838555.794611784,2330600.300658479,0.0212096378672868,0.901123471558094,0.21706119104055685
516.jpeg,0.86365813,11759022.676961428,1167044.6260355455,0.5031913742423058,0.9686213508248328,0.8598212318287956
376.jpeg,0.86350113,11790222.714194736,2322755.556529947,0.0308276938740164,0.9560793191194534,0.4699784576368984
661.jpeg,0.8627632,11795475.367828978,1146956.5724918584,0.1134622320532798,0.958957314491272,0.6191243611069189
248.jpeg,0.8624309,11802227.155208943,2378816.38950597,0.0289120865054428,0.961286835372448,0.4853012767021677
673.jpeg,0.85993534,11797688.900222745,1146201.9740641357,0.1028946079313755,0.955026239156723,0.5751883570337668
553.jpeg,0.8591303,11800836.65025018,1150434.5381623297,0.2117618229240179,0.8747226297855377,0.5864737185183913
104.jpeg,0.85674936,11822248.43603675,2424387.9055292606,0.0338800891768187,0.936868980526924,0.23796482143613198
435.jpeg,0.85548633,11836833.214371912,2324766.8669598214,0.0315641888882964,0.9671898633241652,0.3485244808252901
631.jpeg,0.85542464,11790563.516462862,2337393.688784766,0.0387928122654557,0.9566428139805794,0.3026440918329172
698.jpeg,0.8535971,11837801.632207256,1149116.884042519,0.0622871671803295,0.9702317640185356,0.5640244535752572
388.jpeg,0.85245943,11786906.24363956,2321565.136844457,0.0320173522923141,0.9616177007555962,0.2661774751322809
818.jpeg,0.85028833,11840161.034155084,1159463.6509839466,0.0488305389881134,0.946468785405159,0.3822356113814749
645.jpeg,0.847583,11790646.388783928,2337843.9161399147,0.0329513174947351,0.9571567103266716,0.26243185956263915
216.jpeg,0.8474473,11816076.74597584,2384369.952460694,0.2974827764555812,0.9670720845460892,0.8104117479441422
717.jpeg,0.84411764,11844976.47599766,1145676.9397475545,0.062192887533456,0.9647570997476578,0.35449337255623603
890.jpeg,0.84367514,11789847.604620373,2291677.219538508,0.3713233973830938,0.9634540304541588,0.7830813061445951
974.jpeg,0.84362644,11812286.27379064,1266594.845402673,0.1085786335170269,0.9512888416647912,0.5727956218179315
38.jpeg,0.8434275,11792427.023540424,1139846.1729406011,0.0403879596851766,0.9598203971982002,0.5825633013414012
548.jpeg,0.8427495,11798832.566716276,1151160.5226573786,0.0691352691501379,0.9251837208867072,0.37587771099060774
490.jpeg,0.84131354,11732208.49163558,1161279.348851165,0.1247540144249796,0.971880592405796,0.6458349472377449
195.jpeg,0.8376849,11818711.306866908,2425433.401750705,0.1041891407221555,0.9648630395531654,0.6295882645728332
197.jpeg,0.8356644,11819123.334102483,2428200.225538456,0.0394152486696839,0.951182685792446,0.3921301213226148
177.jpeg,0.83492047,11796698.107861577,2426833.6565500773,0.0188948806608095,0.9599166661500932,0.3300883079500636
462.jpeg,0.8346827,11838438.669901758,2323033.6480521704,0.0240085232071578,0.961897686123848,0.19808014424052084
522.jpeg,0.8313502,11771865.007997742,1154634.5391376112,0.0439000274054706,0.959088794887066,0.43406463771437603
243.jpeg,0.8297115,11805259.582531374,2379246.348894711,0.0372460726648569,0.902158997952938,0.353246170678176
237.jpeg,0.82892025,11802836.053385586,2383895.247742411,0.0438534170389175,0.9566052928566932,0.5795525036519393
939.jpeg,0.826843,11735084.048702164,1164697.3573043777,0.0896824141964316,0.9341073781251908,0.6163135464303195
337.jpeg,0.8223407,11793882.581841445,2347691.5148734213,0.0836431761272251,0.962616227567196,0.44754823742966565
663.jpeg,0.8213057,11795670.093139704,1147382.3112694356,0.0468881982378661,0.962442807853222,0.4139869390572939
187.jpeg,0.8208041,11826591.857267767,2426050.8711259435,0.0317050814628601,0.9465228244662284,0.27217851628342427
249.jpeg,0.82029307,11803212.741932908,2376840.6835241187,0.0296308500692248,0.9258094504475594,0.45360587124014273
528.jpeg,0.81930876,11773635.465136671,1153232.6378429595,0.0528581026010215,0.9600242301821708,0.37088172079529613
597.jpeg,0.81905067,11811496.821068777,1161168.5544018014,0.056955745909363,0.9449055269360542,0.4901763559319079
1.jpeg,0.8129151,11693606.257765992,1194226.1473003116,0.0885073198005557,0.9637849405407906,0.6665410185232759
600.jpeg,0.81032646,11873004.385400703,1168444.2106975734,0.2207444161176681,0.9361357986927032,0.6545190198812634
410.jpeg,0.809296,11789867.302707065,2307802.35021308,0.0277779807802289,0.9655130729079248,0.5713641873735469
264.jpeg,0.80839944,11797698.926612632,2380157.381641229,0.0288582893554121,0.9616169780492784,0.30655329544762416
646.jpeg,0.80465,11790682.393483782,2337059.46207244,0.0405212063342332,0.9380173087120056,0.24877590470714492
888.jpeg,0.8042582,11791826.10054964,2292486.9810415725,0.0669163023121655,0.9628818780183792,0.5861341707807567
354.jpeg,0.80403936,11792955.200863142,2335825.4458731515,0.0424745781347155,0.9578128308057784,0.6038220037174012
441.jpeg,0.8028841,11838946.024110183,2325941.7840308063,0.0376386400312185,0.9588083997368811,0.22584213531808925
934.jpeg,0.79747885,11742694.068117429,1155879.8872347046,0.0445482826326042,0.965934582054615,0.33878401322807705
633.jpeg,0.7969505,11790618.625702957,2337849.218258889,0.0252692431677132,0.9571567103266716,0.26147160027176136
859.jpeg,0.79559433,11841955.180673271,2329056.281391333,0.0391979040578007,0.9664316922426224,0.5928074251278304
748.jpeg,0.7954115,11836886.345990391,1110973.6162619672,0.0348845825064927,0.9599877148866652,0.3841094259696547
52.jpeg,0.7894901,11838429.46900708,1148825.348248855,0.0717256148345768,0.9631385430693626,0.5988376379245892
650.jpeg,0.7877162,11790860.19552126,1146568.976636122,0.098582181148231,0.957665592432022,0.6629868595757418
287.jpeg,0.7857071,11805563.566515686,2350034.648603688,0.0261436298023909,0.4115953352302313,0.13359065933036612
993.jpeg,0.7851277,11795388.914661288,2427619.0876922086,0.0442381058819592,0.9457543417811394,0.42765222408343107
172.jpeg,0.7786464,11794439.97175877,2424291.462906076,0.0402351082302629,0.9568339511752127,0.5237017499231216
153.jpeg,0.77671534,11794974.499195866,2425841.928720858,0.0339640718884766,0.9471124559640884,0.2437673784193716
186.jpeg,0.77369225,11826468.36015245,2426096.7323668534,0.0317050814628601,0.9465228244662284,0.3928490002040884
775.jpeg,0.7640998,11819914.356894026,1163306.1273590352,0.1495922869071364,0.9651006013154984,0.6461613257932994
198.jpeg,0.76248217,11821850.232253088,2426794.2375704986,0.0303195109590888,0.943261481821537,0.3756002344598528
477.jpeg,0.76184887,11699544.257653993,1190449.1348180822,0.2013654764741659,0.969949834048748,0.6573730176314712
764.jpeg,0.7557998,11812724.01339374,1170087.17368608,0.0307754473760724,0.9453658908605576,0.33828175874077715
762.jpeg,0.7522374,11810311.199562935,1174747.3156173103,0.0518844714388251,0.9850139766931534,0.7464234644754065
943.jpeg,0.7501259,11757662.864856113,1171521.022026732,0.0583713413216173,0.9639196172356606,0.7031646760297008
240.jpeg,0.74887663,11806052.764002014,2382087.823612408,0.0319742320571094,0.9607709795236588,0.37825763009355534
641.jpeg,0.74767876,11792194.155852702,2336765.657572993,0.053130664397031,0.9526259228587152,0.36366071618561235
962.jpeg,0.7471791,11809261.05847996,1270180.3254780138,0.0595164969563484,0.9638114050030708,0.6046346892835572
409.jpeg,0.743554,11796978.051678777,2307584.1222629887,0.0289485622197389,0.9609539657831192,0.19646825126579237
227.jpeg,0.7308802,11812000.22743876,2382195.35846467,0.0337819135747849,0.9608198031783104,0.27080519008450205
120.jpeg,0.7305489,11787145.55561614,2294995.363161852,0.0285343015566468,0.9530104845762252,0.44481114877271466
488.jpeg,0.72184026,11734744.898505034,1161180.0035315803,0.0478938948363065,0.9519328251481056,0.31894284802385503
489.jpeg,0.7204442,11734746.315090748,1161177.500767662,0.0478938948363065,0.9519328251481056,0.34473360452102497
433.jpeg,0.7199895,11836285.202377072,2324467.8846267355,0.0473567850422114,0.9672518894076348,0.47015530010685325
747.jpeg,0.7141225,11837706.377100969,1112002.5982716605,0.0580480471253395,0.9598667472600936,0.5672483412134979
178.jpeg,0.708421,11795636.512060251,2427032.9962692102,0.0317216082476079,0.9530899077653884,0.2813145614761327
668.jpeg,0.7019999,11797053.132070305,1147795.1948154103,0.0479183876886963,0.9496380016207696,0.1741514151088065
971.jpeg,0.70141184,11811902.333914155,1266334.0036325736,0.0906464071013033,0.9620549157261848,0.6147154734935611
860.jpeg,0.69795966,11836954.30609591,2325821.8052716195,0.027583556016907,0.9613792523741722,0.36680587747832755
137.jpeg,0.69431216,11796794.710534552,2440522.3931411817,0.0146077560493722,0.9497754722833632,0.40366844086383935
533.jpeg,0.69046247,11784181.492024602,1126405.8459836878,0.5331078916788101,0.929124541580677,0.7780100526288152
66.jpeg,0.6903607,11834210.637607783,1161557.124769137,0.1319680884480476,0.941698245704174,0.4786321152932942
87.jpeg,0.68815196,11814355.735715011,1164984.2717781083,0.1019076751545071,0.9677630886435508,0.6439303332008421
691.jpeg,0.67967737,11841052.2044914,1142631.3332501785,0.0775891528464853,0.9313123375177385,0.4927137072663754
434.jpeg,0.67791194,11836809.93580757,2324928.149612097,0.0353080031927675,0.7005160418339074,0.19909612857736647
318.jpeg,0.6747246,11798928.946534788,2352031.868128506,0.2161556845530867,0.9650949463248252,0.7328536748620016
822.jpeg,0.6733228,11841022.234831655,1158835.0154463244,0.0457006483338773,0.9645687267184258,0.29045299016353154
933.jpeg,0.6690394,11742691.436522532,1155881.919154005,0.0445482826326042,0.965934582054615,0.33878401322807705
241.jpeg,0.6669533,11806044.1020094,2382020.231398024,0.0319742320571094,0.9607709795236588,0.37358533028912333
213.jpeg,0.6663316,11809966.090803403,2385567.5547255534,0.0308223932515829,0.9571287482976912,0.20361857474199493
632.jpeg,0.66320086,11790681.72707635,2337056.8433170426,0.0405212063342332,0.9380173087120056,0.24877590470714492
582.jpeg,0.65835625,11839514.279561205,1159271.2176308583,0.0442965398542583,0.9600068032741548,0.24508648914181524
343.jpeg,0.65825135,11792243.153979553,2342315.429911821,0.0370988161303103,0.9630085676908492,0.4568905258285148
828.jpeg,0.6560668,11840895.899041526,1162593.374841928,0.0723250992596149,0.9677993878722192,0.6109725885326043
285.jpeg,0.65599954,11805993.311378617,2351981.724498863,0.0476707676425576,0.9507124647498132,0.7100937542272732
689.jpeg,0.65585834,11837691.275383364,1149133.37393891,0.0622871671803295,0.9702317640185356,0.581938603737702
275.jpeg,0.65289825,11808787.171261778,2353857.2127260906,0.032064261380583,0.9380164369940758,0.48224219749681646
896.jpeg,0.6464252,11791076.60875144,2291282.663105165,0.0433486001566052,0.965262271463871,0.5989678396144882
906.jpeg,0.6456459,11772946.954377389,1152172.1422034567,0.0584686761721968,0.9580886363983154,0.628925813982884
189.jpeg,0.6450118,11819480.413208788,2422272.484257005,0.0302033792249858,0.9544539600610732,0.3870176663040183
329.jpeg,0.6385456,11791126.72927088,2346953.8008115487,0.0227951793931424,0.9517549574375151,0.24014225079574514
894.jpeg,0.6354908,11791014.640055472,2291245.728975431,0.0433486001566052,0.965262271463871,0.4293202743200319
102.jpeg,0.63488305,11837321.605585638,2326074.9938525776,0.0330667737871408,0.9593721330165864,0.2852182289934717
848.jpeg,0.6299157,11873981.542227222,1159073.321870553,0.3922838494181633,0.9646012708544732,0.6873731591040269
538.jpeg,0.6278366,11787355.581996389,1120448.8393511982,0.0859333211556077,0.8760480433702469,0.5818821352182163
377.jpeg,0.6269156,11789868.4418567,2319425.100786501,0.0260373665951192,0.9387713968753816,0.28146942503129435
391.jpeg,0.62586176,11791365.69117429,2325808.6646018378,0.0323086688295006,0.9606876075267792,0.32314829117967747
371.jpeg,0.61926454,11793388.090746762,2323495.085999265,0.0543084261007607,0.9588949680328368,0.6582896605444452
865.jpeg,0.61461854,11796164.829406098,2302675.955672513,0.0396186592988669,0.9574323147535324,0.29627463896758854
565.jpeg,0.6049598,11802491.154860822,1136152.5154764005,0.0696828290820121,0.9555365890264512,0.6549733202490542
670.jpeg,0.6029302,11797069.585296536,1147394.0380330223,0.0558926109224557,0.2946151979267597,0.13183486979687584
699.jpeg,0.60225713,11840369.490854828,1146790.1516237317,0.0517976116389036,0.9453809410333632,0.6191614816198125
570.jpeg,0.59649235,11801149.349935737,1140713.2508868244,0.0793122658506035,0.780178414657712,0.4595819167378876
353.jpeg,0.59528494,11796028.990603106,2338777.5639283964,0.0556865371763706,0.9371759742498398,0.5787346709112171
771.jpeg,0.5908545,11817199.305325108,1171634.1530192737,0.1485435413196683,0.96209916472435,0.5271107783773914
302.jpeg,0.5904447,11810565.094898265,2348045.4661156493,0.0351133742369711,0.947643667459488,0.3874118979355054
406.jpeg,0.5802848,11794207.081817884,2308268.905556599,0.0476407860405743,0.9584093242883682,0.5163159476859229
541.jpeg,0.57867205,11796643.168046232,1139527.934368928,0.441998478025198,0.962658978998661,0.7556023588404059
647.jpeg,0.572952,11788334.69898906,1148811.428957372,0.1240223618224263,0.8731904029846191,0.5646757771610282
809.jpeg,0.5644413,11839004.093471592,1162273.1550205862,0.088593216612935,0.958801880478859,0.4658505523111671
403.jpeg,0.5607632,11793289.642967,2309822.144726488,0.0262769497931003,0.9607581272721292,0.43920998091925867
22.jpeg,0.5528366,11772764.006579584,1151617.7645608366,0.0859295791015029,0.9549952819943428,0.6007715309970081
908.jpeg,0.5496607,11773375.14309239,1152318.1335257734,0.0460827271454036,0.964733988046646,0.3145748965907842
535.jpeg,0.54453975,11780040.110141857,1125923.8732906885,0.0261191418394446,0.3608766384422779,0.10741913775564169
820.jpeg,0.54360396,11840695.7099897,1159475.6148487262,0.0560914501547813,0.9584342762827872,0.4094404203351587
284.jpeg,0.5426263,11805880.324952288,2351987.3406005744,0.0304940366186201,0.950185663998127,0.6907423451193608
595.jpeg,0.54023683,11812265.425955417,1164697.340917854,0.2778097689151764,0.976694829761982,0.7803364265710115
208.jpeg,0.53754735,11821045.383245343,2424407.393167987,0.0257671659346669,0.954427234828472,0.3530067039828282
356.jpeg,0.5348229,11796398.40560094,2334736.8219441846,0.0534232468344271,0.9564070403575896,0.5701061501832945
660.jpeg,0.5266845,11795688.185538938,1147021.5969010862,0.1233301786705851,0.958957314491272,0.6153744374815788
630.jpeg,0.5201224,11790682.408133252,2337062.0845122,0.0405212063342332,0.9380173087120056,0.24877590470714492
550.jpeg,0.5193276,11799569.810975011,1150593.8714556096,0.0667740651406347,0.957017846405506,0.5899830491398461
171.jpeg,0.5191388,11796450.73533467,2422588.783591836,0.0245338829699903,0.2600498357787728,0.10464197796370298
709.jpeg,0.51096165,11843752.517968524,1142867.084087719,0.0633559245616197,0.9508212506771088,0.5430691981455311
667.jpeg,0.5023024,11796690.898668028,1147374.207086922,0.0558926109224557,0.9389770552515984,0.37845599971478805
590.jpeg,0.49218953,11836161.667195352,1163645.4542562813,0.0364205865189433,0.936947263777256,0.4491969011723995
359.jpeg,0.49121886,11796381.847186493,2338154.2692403826,0.0313770959619432,0.9107731878757476,0.1618264136195648
210.jpeg,0.48801148,11804728.234226856,2384875.2828029376,0.0448500234633684,0.95986919850111,0.5153329971778605
695.jpeg,0.48445287,11842116.180566752,1145229.2764207995,0.0544895748607814,0.6873886100947857,0.29693943151505664
61.jpeg,0.47554368,11840884.79648772,1162595.157056098,0.0723250992596149,0.9677993878722192,0.639620441219045
326.jpeg,0.47000557,11788964.574901711,2350104.9199331463,0.0258625512942671,0.96482253074646,0.7776667394542268
268.jpeg,0.46955976,11803190.9134015,2356407.262967811,0.0452140579000115,0.9553184062242508,0.4063492355469082
614.jpeg,0.46901417,11815707.93756987,1268242.937137168,0.0944480346515774,0.9636207967996596,0.7274597730332365
928.jpeg,0.45282656,11738535.469081333,1161078.3251425568,0.3304398679174483,0.9781912490725516,0.772693264123518
806.jpeg,0.45140308,11837060.118339648,1162390.2641432143,0.0402669385075569,0.9625581726431848,0.3598016779869795
947.jpeg,0.4508755,11760404.26609411,1173165.4513410795,0.2012476688250899,0.9713230654597282,0.6597093960994648
922.jpeg,0.44885516,11834659.259375568,1157399.2609463749,0.0556729086674749,0.7333381585776806,0.2731528208324952
989.jpeg,0.44857135,11809477.571721358,1267127.1529388044,0.0513744479976594,0.9712804406881332,0.5837595661869273
930.jpeg,0.44851094,11741332.59986586,1157007.677894011,0.0925673977471888,0.9715304151177406,0.6387011498316295
311.jpeg,0.44382972,11798748.56932406,2349011.860635066,0.041939643677324,0.9661530405282974,0.5277549553429708
714.jpeg,0.43571365,11839649.070834244,1144833.4744982729,0.0760593977756798,0.7378783151507378,0.36601893784892225
444.jpeg,0.4259456,11838310.2711843,2324345.4634785745,0.036366100423038,0.9483393803238868,0.26752276939805597
866.jpeg,0.42394975,11799888.773915907,2299943.660591542,0.0387438726611435,0.9609391167759896,0.30964895404758863
196.jpeg,0.41149545,11819784.616724938,2427965.4284087503,0.0715540791861713,0.9614974930882454,0.5752067788770157
236.jpeg,0.40189257,11802696.538377767,2383815.333572627,0.034228004515171,0.9566052928566932,0.4497331205223288
700.jpeg,0.39918762,11844780.582972726,1147298.9825524748,0.0514229973778128,0.9600983038544656,0.48079032509122044
735.jpeg,0.39841822,11837503.989344325,1111383.6405298382,0.1173316510394215,0.9764086827635764,0.49695658090058714
779.jpeg,0.3933202,11820942.079253327,1168232.2719751813,0.5213399343192577,0.979103147983551,0.839023323263973
683.jpeg,0.3918528,11800223.415225515,1141914.596287704,0.3728821910917759,0.9565652310848236,0.7699642383959144
664.jpeg,0.38931406,11796239.433105525,1143523.5677743617,0.3271642476320267,0.955259434878826,0.6694216998293996
584.jpeg,0.38493344,11836286.879809633,1158242.492901775,0.0496183172799646,0.95731071382761,0.4329910614178516
182.jpeg,0.3790191,11801428.496352054,2432531.8032269483,0.416726142168045,0.953058399260044,0.7886237124912441
655.jpeg,0.37768438,11794430.286436366,1136931.9438575064,0.5306397415697575,0.9865048080682756,0.9162087502578894
972.jpeg,0.37663275,11811894.651826032,1273285.0266564065,0.0502661713398993,0.920005664229393,0.3955557144557436
482.jpeg,0.37469882,11736663.430787615,1162223.894911386,0.0402396663557738,0.9773306995630264,0.45607053491079974
453.jpeg,0.372792,11838646.867593369,2330439.34210313,0.0212096378672868,0.901123471558094,0.1842321006115526
276.jpeg,0.37199444,11805248.454424994,2353194.6188189434,0.0498143378645181,0.9581276401877404,0.5045610040958438
105.jpeg,0.37050477,11823273.838750258,2425056.8150717244,0.0283460847567766,0.3711303938180208,0.09039576517950206
288.jpeg,0.35789555,11805560.950991029,2350033.915280789,0.0261436298023909,0.4115953352302313,0.13359065933036612
969.jpeg,0.35401982,11811729.487095537,1266344.0863635724,0.0906464071013033,0.9805796518921852,0.6675155563862063
169.jpeg,0.33852074,11797333.528641328,2422852.254549093,0.0227334515657275,0.8935097008943558,0.2058647500525694
254.jpeg,0.32939824,11802689.001193134,2375786.131883132,0.032558414619416,0.9535172954201698,0.3629084302810952
491.jpeg,0.32848182,11731047.909845876,1161876.753169214,0.0444849508348852,0.9573470279574394,0.30526723319781013
253.jpeg,0.32773402,11802686.398661748,2375788.0270916936,0.032558414619416,0.9535172954201698,0.3629084302810952
688.jpeg,0.32488102,11838918.883483157,1148665.0988657852,0.0600739330984652,0.9589734822511672,0.6162160557901694
194.jpeg,0.3177296,11818649.881039938,2425458.534929221,0.1041891407221555,0.9648630395531654,0.6295882645728332
323.jpeg,0.31714043,11793355.678903624,2351844.0558568058,0.0428858464583754,0.9680544659495354,0.6628762996406294
85.jpeg,0.3138849,11816779.11202715,1165184.9663275853,0.1154606165364384,0.9604815989732742,0.6708458293384562
946.jpeg,0.31005403,11759594.746526228,1170838.01006734,0.0468531232327222,0.9481287226080894,0.5678038265905343
545.jpeg,0.30548748,11792779.985841954,1148287.7277143276,0.0532708973623812,0.956629142165184,0.6209070823776225
540.jpeg,0.29847014,11784493.013527129,1123847.849648449,0.074850789969787,0.961577408015728,0.5099884257942904
143.jpeg,0.29287595,11791349.786876066,2435526.1154871504,0.0262262462638318,0.4455902455374598,0.12720267169061114
624.jpeg,0.28621924,11798259.989338009,2378676.030824756,0.0526214570272713,0.9604288712143898,0.6119048871041741
160.jpeg,0.27915934,11789671.371629337,2430823.0453098505,0.0191543871769681,0.9473227262496948,0.3212669407449929
998.jpeg,0.27397627,11800123.29207685,2425641.626064901,0.0427965689450502,0.958161972463131,0.5130134409825716
873.jpeg,0.2724645,11796767.524730347,2302591.317240788,0.0394667037762701,0.9507616236805916,0.4269145632029644
384.jpeg,0.27187985,11788178.58718227,2329945.366009931,0.0869395397603511,0.9080646857619286,0.5123128267005086
658.jpeg,0.26950485,11794885.77112196,1144861.361839839,0.0666566048748791,0.9632354825735092,0.6740596320679677
566.jpeg,0.268425,11802490.638785329,1136157.604108806,0.0696828290820121,0.9555365890264512,0.6549733202490542
739.jpeg,0.26687348,11834624.61421551,1109275.1248191677,0.0430993656627833,0.9668140783905984,0.40207670541066265
141.jpeg,0.26676908,11793964.839715617,2436340.579868618,0.01640993100591,0.9525977820158004,0.395831270434428
990.jpeg,0.26546425,11809992.60247774,1268525.4184260345,0.1178483916446566,0.9774258062243462,0.7902703125728294
295.jpeg,0.25865436,11806593.670625675,2349093.664356448,0.0323525234125554,0.959849439561367,0.25102222459908163
298.jpeg,0.25656563,11808730.653662652,2346914.451065569,0.042111727874726,0.9674815014004708,0.4529764831864408
926.jpeg,0.25593174,11737545.449137462,1161728.510692494,0.0217559554148465,0.9148551002144814,0.23142265176284124
283.jpeg,0.25455478,11806572.587117892,2351807.582318417,0.0548582291230559,0.951305165886879,0.4507691535982303
452.jpeg,0.2544143,11839575.169407437,2329119.320425576,0.0251254311297088,0.9442015737295152,0.16504831300699147
19.jpeg,0.25224426,11760047.239594596,1173576.6322770456,0.1602542474865913,0.9561005532741548,0.6915323548018932
378.jpeg,0.2503347,11791159.637656102,2318329.037234789,0.0376548368949443,0.9528114497661592,0.5435300386355569
620.jpeg,0.24517854,11794713.217243616,2342068.483973596,0.2066944744437933,0.9629879668354988,0.7236431885643729
537.jpeg,0.24505194,11785780.560279535,1118079.5022650652,0.0653283726423978,0.6896736174821854,0.2983442910739945
418.jpeg,0.24065523,11795367.27186376,2300862.591859988,0.0365426593925803,0.9571203142404556,0.35199943254701793
10.jpeg,0.23737065,11738343.022305757,1160081.5875469258,0.0685277269221842,0.976211242377758,0.59781738021411
124.jpeg,0.23593904,11798308.857540311,2434376.668616176,0.1039068596437573,0.9602661803364754,0.6363488789647818
224.jpeg,0.23534197,11810763.144188706,2379092.4990483737,0.0578166432678699,0.9609845280647278,0.4675064929178916
509.jpeg,0.23516549,11757063.432029372,1174113.956044036,0.13279749173671,0.9657571762800216,0.7082954031648114
313.jpeg,0.23492625,11798403.103828195,2351248.271958471,0.0409342010971158,0.944717898964882,0.3276472130964976
495.jpeg,0.22970751,11755693.864365697,1166894.751551333,0.1856342544779181,0.9532613456249236,0.5640704283076856
520.jpeg,0.22423273,11769183.783575166,1159956.6559914895,0.0645077256485819,0.9720821231603622,0.6831332455622032
327.jpeg,0.22092173,11788965.540476946,2350110.9175420823,0.0258625512942671,0.96482253074646,0.7776667394542268
772.jpeg,0.21948412,11818510.796413396,1162496.4780438258,0.1871593138203025,0.8751770332455635,0.6062213327321742
112.jpeg,0.21202451,11791705.091278013,2336261.0138118463,0.0287032832857221,0.9574454724788666,0.43126486664238783
98.jpeg,0.2095058,11812757.351341149,1278048.07651155,0.2865971513092518,0.9378873109817504,0.6691325600776408
693.jpeg,0.20864329,11841277.56375534,1145477.516106289,0.0465965899638831,0.9514850452542304,0.30193843780499363
959.jpeg,0.20314613,11701413.251875794,1198098.7586220163,0.0465588660445064,0.9697571098804474,0.4818730101978872
209.jpeg,0.19607078,11804657.166746223,2385240.55329966,0.0339325023815035,0.9552737921476364,0.47216380500633803
953.jpeg,0.19527131,11761399.103592282,1169241.138515732,0.498247355222702,0.9688533172011377,0.8510207335154215
938.jpeg,0.19029307,11736855.660549227,1161646.2556097747,0.0581773980520665,0.8965009897947311,0.35453029989730567
514.jpeg,0.18820284,11758995.635803573,1168844.8067805043,0.1936016548424959,0.9654369726777076,0.6314477671403438
273.jpeg,0.18353759,11806697.055474916,2354557.4379876866,0.0431205783970654,0.9574414044618608,0.3801356689738376
173.jpeg,0.1816536,11794398.216258012,2424347.897504076,0.0405073412694036,0.9568339511752127,0.5841350801347289
342.jpeg,0.18158525,11796558.746575864,2340012.3470921223,0.032333486713469,0.9610202088952065,0.49870038486551493
843.jpeg,0.17870913,11869829.637097117,1167969.6876733224,0.0828549903817474,0.9600093588232994,0.5840192801784724
108.jpeg,0.17592065,11800375.6758179,2381555.12751012,0.0777419754303991,0.9709914103150368,0.5934289328620902
729.jpeg,0.17421609,11834525.617771637,1109262.003157874,0.0512491515837609,0.9552652388811111,0.5927850016806688
653.jpeg,0.17292479,11792039.28145553,1149039.5342429269,0.0397226260975003,0.7692708373069763,0.2996814953577187
985.jpeg,0.17227769,11809998.698281877,1268523.5567121836,0.1178483916446566,0.9774258062243462,0.7902703125728294
501.jpeg,0.16905227,11753723.195310926,1174100.6250663565,0.1338113662786781,0.9619359001517296,0.5412952596088871
447.jpeg,0.16729662,11836270.802450122,2327480.994134975,0.0283960564993321,0.9557944908738136,0.46999606472672895
321.jpeg,0.16441657,11791074.82878952,2349226.9127417905,0.0313018318265676,0.957694336771965,0.3671150319943471
346.jpeg,0.16207597,11789950.020004062,2341161.981377072,0.0276778459083288,0.9561861827969552,0.41396104055456817
245.jpeg,0.1616555,11803991.713037057,2378351.6642816057,0.0267582880333066,0.9548952877521516,0.16911326401168478
416.jpeg,0.16020195,11795735.73552014,2305206.595283652,0.039709840901196,0.9555353373289108,0.3636391634483718
991.jpeg,0.1580984,11809909.69172086,1268125.9370562837,0.0552652596961706,0.8913172632455826,0.3665777856949717
649.jpeg,0.15704197,11789602.140397012,1149225.407025754,0.0625720429234206,0.9539589434862136,0.49551545368740335
914.jpeg,0.15519997,11773369.701312875,1152322.032412377,0.0460827271454036,0.964733988046646,0.29004109117926824
996.jpeg,0.15373228,11800145.154170392,2425527.378995014,0.0284114824607968,0.958161972463131,0.39003911137115205
819.jpeg,0.15303162,11840365.683581345,1159607.0223271782,0.0309748752042651,0.946468785405159,0.5846435352577828
130.jpeg,0.15213002,11797028.23995584,2437931.3463194026,0.0485892300494015,0.937968283891678,0.3591878456728799
355.jpeg,0.15042101,11796415.468897875,2334786.577943236,0.0749590918421745,0.9564070403575896,0.6979980634392372
950.jpeg,0.15033852,11760109.421051744,1170708.3393012069,0.0640682750381529,0.9655060172080994,0.3573922327098747
826.jpeg,0.1452281,11833901.863953795,1162336.767125321,0.1173324137926101,0.9605160653591156,0.5637693160679191
119.jpeg,0.14262792,11788360.428129142,2290259.5209548543,0.0302573039662092,0.9639600962400436,0.49792145422866774
619.jpeg,0.14205831,11798258.402556594,2349545.319994258,0.0281106603797525,0.8309942558407784,0.3810319781769067
372.jpeg,0.13874914,11792663.020749224,2323244.873498276,0.0706349881365895,0.9461969807744026,0.4235686377090003
464.jpeg,0.13846672,11699164.511074226,1196055.0243307769,0.0757024586200714,0.9684280678629876,0.4262147653692712
151.jpeg,0.1368614,11794521.654186204,2429140.580285327,0.0271901984233409,0.3517199894413352,0.14721580182335206
174.jpeg,0.1346345,11796987.749187708,2424410.593192521,0.0286185161676257,0.668150532990694,0.1966742307122331
261.jpeg,0.13283391,11800310.46589275,2378095.61951186,0.0353084874805063,0.9400513917207718,0.3877597041137051
682.jpeg,0.13060974,11799630.376917308,1148074.9133456291,0.0514126080088317,0.9492078945040704,0.5931603209623559
731.jpeg,0.12981144,11838158.134155223,1108058.517531369,0.0415670210495591,0.9746387153863908,0.8080487380632095
830.jpeg,0.12887785,11835137.931355828,1157719.704715595,0.0463238023221492,0.9588476195931436,0.3591208167684575
758.jpeg,0.12681384,11837685.591381278,1111453.5984108222,0.0847758813761174,0.9764086827635764,0.423035332292784
880.jpeg,0.12618007,11797009.208382284,2300166.7044719546,0.0372581388801336,0.9572533071041108,0.6408312030668769
370.jpeg,0.12590505,11795674.316691536,2324518.039184935,0.0470358387101441,0.9506909549236298,0.3062917982460931
211.jpeg,0.12501511,11804682.7225053,2384829.722289002,0.0448500234633684,0.95986919850111,0.5276384438038804
774.jpeg,0.12229985,11817720.795137266,1162209.540793015,0.3733537308871746,0.963406577706337,0.7149815680459142
252.jpeg,0.12215523,11803552.244378902,2377346.94930658,0.0370509172789752,0.9632476791739464,0.6027575111947954
904.jpeg,0.11890484,11772717.859446203,1151712.9742247986,0.0677042258903384,0.9549952819943428,0.4982098487089388
41.jpeg,0.11789423,11797918.954264708,1139288.191562238,0.477987939491868,0.964996725320816,0.752053787233308
294.jpeg,0.1177499,11806019.46674114,2349823.4554666844,0.0349253630265593,0.9548304229974748,0.33117013302398846
315.jpeg,0.11685138,11800942.544894388,2347632.6719975043,0.0544605189934372,0.9653144925832748,0.5308946566074155
139.jpeg,0.11664916,11795164.23115387,2439041.2741327533,0.0327821904793381,0.9552953019738196,0.2541291042497115
422.jpeg,0.11636981,11794597.964901391,2299553.1348990262,0.0294890466611832,0.9518043398857116,0.27991786597496165
871.jpeg,0.11560372,11796724.410379594,2304393.026919251,0.0303194122388958,0.882277712225914,0.3780731784386767
907.jpeg,0.11330975,11772950.097184652,1152174.2402880222,0.0584686761721968,0.9580886363983154,0.628925813982884
827.jpeg,0.11213759,11840965.431032632,1158360.255980536,0.0418793344870209,0.459183988161385,0.16101559472735966
979.jpeg,0.11208863,11814073.321965383,1267500.0794867957,0.260367807932198,0.8388422206044197,0.6276157625252381
262.jpeg,0.11201247,11798284.885040948,2378529.272462688,0.0651400289498269,0.9604288712143898,0.6838877410045825
697.jpeg,0.111967646,11842882.94938182,1145650.048854557,0.171450026333332,0.9521147310733796,0.45144562202040106
502.jpeg,0.11147093,11753724.621563569,1174103.8389222145,0.1338113662786781,0.9619359001517296,0.5412952596088871
401.jpeg,0.11084309,11793412.149655089,2328597.3297192976,0.0353227329906076,0.9409822300076484,0.3054744022166623
955.jpeg,0.10680062,11696726.709581438,1194766.4458579822,0.0204914085334166,0.9592353999614716,0.4734068200794152
242.jpeg,0.106175095,11805543.490293715,2380249.703333335,0.0322529333643615,0.9403581768274308,0.43768254767305087
895.jpeg,0.105980396,11791118.9177317,2291455.6372615783,0.0511324955150485,0.965262271463871,0.545942441211082
438.jpeg,0.10563807,11837072.061158072,2325921.626426565,0.027583556016907,0.9613792523741722,0.2737739947915543
17.jpeg,0.10523505,11757799.514960788,1171786.5148747766,0.1844819290563464,0.9678778126835824,0.8123187448622452
42.jpeg,0.10521784,11794952.512201548,1145054.317396148,0.1043622987344861,0.9632354825735092,0.7219491925622735
980.jpeg,0.1040662,11814270.87767615,1276731.3036840842,0.2092258632183075,0.9362372532486916,0.737720437347889
128.jpeg,0.103762284,11796728.427200245,2435008.066094395,0.0368747394531965,0.8660837039351463,0.35058530220495804
964.jpeg,0.1024163,11809423.35912934,1267027.1388512058,0.0712264333851635,0.9712804406881332,0.5554586299177673
364.jpeg,0.102136165,11796022.90646854,2332604.0132716163,0.0300120348110795,0.9604721218347548,0.30035042646341026
18.jpeg,0.102028966,11760282.150649764,1173350.1691040697,0.2012476688250899,0.9713230654597282,0.6275419443845749
190.jpeg,0.100805126,11818083.441941028,2424340.3222327386,0.0402152761816978,0.9672514721751212,0.5388023701380007
829.jpeg,0.100101925,11840400.310589682,1159450.811779934,0.0443042912520468,0.9584342762827872,0.7134503631645607
851.jpeg,0.09964657,11875196.27948542,1164413.4653857525,0.0913721583783626,0.9730787053704262,0.7020023551303893
179.jpeg,0.09802435,11799747.77433229,2427976.5879853764,0.0396099772769957,0.9589289650321008,0.4300478693039622
63.jpeg,0.09737366,11839966.208652567,1159669.3703414276,0.0480340071953833,0.2979096374474466,0.10503189696464683
135.jpeg,0.09725989,11796403.622018244,2441928.3634932493,0.0427507776767015,0.9588241428136826,0.30627566372277215
711.jpeg,0.09682166,11841054.21105509,1142629.1396517404,0.0775891528464853,0.9313123375177385,0.4927137072663754
129.jpeg,0.09630106,11797020.15151153,2437868.6005497635,0.0367574389092624,0.937968283891678,0.3563585779629648
733.jpeg,0.0957272,11837683.114179509,1111454.0243249456,0.0847758813761174,0.9764086827635764,0.423035332292784
530.jpeg,0.095225,11770289.150119148,1150328.4981620973,0.1010828278958797,0.8639904484152794,0.4444809830230143
471.jpeg,0.0941636,11702633.278970247,1197522.946657973,0.028187463292852,0.9627444595098495,0.6547169476980343
744.jpeg,0.09386754,11834561.826499607,1109277.2453122446,0.0512491515837609,0.9552652388811111,0.5005292307718524
937.jpeg,0.092571475,11737357.478661904,1162558.7950862828,0.0594659093767404,0.9512627795338632,0.46227918786462396
932.jpeg,0.09249307,11742444.488412386,1156148.106956263,0.0997717259451747,0.9673938751220704,0.5380459374023808
221.jpeg,0.08968618,11812157.692522513,2380807.320683699,0.0382137927226722,0.9616639092564584,0.39125240384601057
574.jpeg,0.0896753,11836090.508077666,1113136.3718553807,0.077956011518836,0.958862341940403,0.7101867927704006
549.jpeg,0.08844799,11798992.03326968,1151441.5367902762,0.0691352691501379,0.944622129201889,0.49308594409376383
723.jpeg,0.08832049,11836915.852523783,1116720.5229240304,0.0423846952617168,0.8920349031686783,0.4383689907263033
949.jpeg,0.087757416,11760079.856184104,1169928.1285115655,0.0791876073926687,0.966005489230156,0.6093835463333461
246.jpeg,0.08762051,11803594.99218963,2378059.269134444,0.0190751283662393,0.9614053517580032,0.2974266185709793
414.jpeg,0.087589726,11794568.023590418,2307193.056225007,0.0529635655693709,0.961783193051815,0.44711190595990047
732.jpeg,0.085989,11834476.90340407,1110207.137899251,0.8017310202121735,0.9683301076292992,0.9298680834472179
274.jpeg,0.08533591,11808713.242115742,2353790.9135737624,0.0358939683064818,0.9380164369940758,0.2700445949449204
671.jpeg,0.08471356,11797235.04343802,1147494.896739807,0.0457410281524062,0.2946151979267597,0.10392263883517844
33.jpeg,0.084472604,11788518.614071343,1137936.3022436758,0.0438051922246813,0.9483409151434898,0.34369186518597417
480.jpeg,0.08355995,11734764.276114486,1163939.6525536173,0.3622910901904106,0.9068961888551712,0.6675199172459543
852.jpeg,0.083339624,11875257.964993048,1159792.9204841843,0.0375141385011374,0.9698835238814354,0.36870550664348734
659.jpeg,0.082743116,11794923.989290597,1145574.2042651307,0.0893372939899563,0.9589361920952796,0.6333322786459965
931.jpeg,0.08272222,11742400.150599018,1156293.9499097408,0.0508505837060511,0.9673938751220704,0.4496291401446797
440.jpeg,0.07944624,11838565.54979854,2325962.542168103,0.0278408259619027,0.9543816596269608,0.3128892285458278
290.jpeg,0.07919782,11805732.035766251,2349727.4122996163,0.0401645321398973,0.9548304229974748,0.6133067862662885
352.jpeg,0.079156,11790888.375545038,2336514.1520913565,0.0318247652612626,0.2361112884245813,0.08245136588811867
913.jpeg,0.07884638,11774154.361720731,1151432.045239783,0.0618789233267307,0.9316052496433258,0.31692920263028806
715.jpeg,0.07736684,11840448.820294248,1146773.1635178423,0.1977671654894948,0.9453809410333632,0.682251350604929
222.jpeg,0.07656842,11812049.743213767,2380892.062946764,0.036963717546314,0.9616639092564584,0.5379918986665351
485.jpeg,0.076520726,11735645.724046389,1162748.695033654,0.1413245117291808,0.9792788922786712,0.6852748628007248
201.jpeg,0.07565396,11823974.08559646,2425341.781443603,0.0262935976497828,0.959388367831707,0.3163698564749211
749.jpeg,0.07558804,11838481.135452926,1114223.5693206738,0.3620105143636465,0.9680709019303322,0.8583747141528875
111.jpeg,0.07531265,11792252.373098323,2336802.6938525955,0.053130664397031,0.9526259228587152,0.3711984409019351
726.jpeg,0.0752073,11833316.259586675,1109303.747305107,0.2345020156353712,0.8950363472104073,0.45842526108026505
46.jpeg,0.07416681,11796704.243946848,1147287.5967328034,0.0558926109224557,0.9389770552515984,0.324109763217469
136.jpeg,0.074135825,11796795.232635504,2440527.335204936,0.0146077560493722,0.9497754722833632,0.40366844086383935
531.jpeg,0.07404213,11772697.34490564,1150805.0213732922,0.0515900156460702,0.9588705748319626,0.6509891924797557
161.jpeg,0.07375225,11789616.835388344,2430978.304033889,0.0374425738118588,0.9473227262496948,0.29914969456149265
57.jpeg,0.07301211,11875559.550826568,1159400.6249248015,0.0413603307679295,0.9584865048527718,0.17002024006797
150.jpeg,0.072414234,11795132.596073477,2431197.0908165453,0.0331844137981534,0.8889020457863808,0.35419092513620853
392.jpeg,0.072255775,11790952.17546985,2326433.7536096936,0.028037256328389,0.2195516098290681,0.09873756874003443
436.jpeg,0.07093647,11836927.758702911,2325532.607452278,0.0364158432930707,0.9603275135159492,0.23899805123385573
652.jpeg,0.07082049,11791347.65473737,1137127.3544743515,0.092135882936418,0.964048869907856,0.4984168592491187
175.jpeg,0.070674516,11800424.731686126,2424011.540074211,0.0239259754307568,0.7847266420722008,0.14765091303602923
350.jpeg,0.06966434,11789166.104327869,2337540.61019168,0.0319583602249622,0.9624656215310096,0.3586760536127258
701.jpeg,0.06912733,11840737.046358332,1147798.407315574,0.0623758658766746,0.9642633646726608,0.3543311723624356
460.jpeg,0.06903143,11842297.941764748,2324437.6334283887,0.024884492275305,0.960839368402958,0.5319084600445682
30.jpeg,0.06865564,11781585.630231855,1123700.3558234684,0.0251585294026881,0.9527084678411484,0.4276454043283593
267.jpeg,0.0681116,11803894.252962982,2381429.8106092126,0.2187703633680939,0.9617204070091248,0.6889921581605449
737.jpeg,0.06807574,11837565.316114714,1112214.8979556223,0.0913492534309625,0.9598667472600936,0.6273208625498228
29.jpeg,0.06742192,11780846.540944977,1128642.669355001,0.0132123472867533,0.859518900513649,0.3236401212780038
459.jpeg,0.067362085,11840202.462140229,2325037.428789031,0.1107912231236696,0.9642024785280228,0.5385323588603309
900.jpeg,0.06683539,11771474.141576452,1153939.5161118477,0.0587076558731496,0.9555236548185349,0.6380439937218196
1001.jpeg,0.06653607,11822283.52117079,2424287.234114286,0.0346636399626731,0.936868980526924,0.2572658893768675
870.jpeg,0.066456094,11794498.191495234,2305335.756153695,0.0448807612992823,0.964427575469017,0.5689152596169151
470.jpeg,0.06612461,11701453.782485742,1198082.953522056,0.0465588660445064,0.9697571098804474,0.4370705865730997
231.jpeg,0.06603631,11810278.703294108,2382606.9444165938,0.0375825534574687,0.884889081120491,0.2713153246524079
757.jpeg,0.065604135,11837826.671634844,1109686.315593623,0.4485398232936859,0.9668383747339248,0.7853893334977329
289.jpeg,0.065538354,11805736.516004048,2349728.133433085,0.0401645321398973,0.9548304229974748,0.6133067862662885
26.jpeg,0.06479939,11777306.172823744,1126598.477576092,0.0280347638763487,0.9649385213851928,0.19245233253708904
821.jpeg,0.06474894,11840419.569396423,1159809.726432558,0.0309748752042651,0.9168739542365074,0.2641096811275929
330.jpeg,0.064730234,11792458.629909389,2344962.629369969,0.1045722221024334,0.9608910530805588,0.5225295436568558
676.jpeg,0.06413779,11797848.56569314,1147086.9372927782,0.1250594817101955,0.9260850101709366,0.43237884354311973
461.jpeg,0.06379019,11842485.70862908,2324490.3623944367,0.0459886346943676,0.960839368402958,0.449284543748945
144.jpeg,0.06374045,11790000.046903243,2433394.548383316,0.0325703099370002,0.9508832171559334,0.49668683697624755
936.jpeg,0.06348103,11734743.611885216,1165482.5470390634,0.0467197326943278,0.9648778140544892,0.515386090555694
961.jpeg,0.06307494,11702251.6650764,1198705.8183735216,0.0301073829177767,0.7214615792036057,0.21271029138006267
680.jpeg,0.062997155,11797960.608707342,1139358.2659215028,0.477987939491868,0.964996725320816,0.7560678252484649
133.jpeg,0.06234377,11799255.855841223,2439427.275401004,0.1426149196922779,0.9667575731873512,0.588999864246164
100.jpeg,0.062050648,11837860.47154734,2326623.622458973,0.0342538310214877,0.7792599871754646,0.14788019577307354
336.jpeg,0.061759707,11793489.56706656,2346892.539825139,0.0672548115253448,0.9674079865217208,0.48428357861121185
957.jpeg,0.06130804,11700305.96906872,1198776.0874485946,0.0820581447333097,0.965196967124939,0.49510714423377067
351.jpeg,0.06083857,11789011.031577077,2337401.8115244783,0.0303729402367025,0.9624656215310096,0.24732037796638906
234.jpeg,0.0608158,11807167.102239238,2384262.0528848614,0.0365121024660766,0.4910798911005258,0.1614823991549201
577.jpeg,0.06040616,11837722.832063183,1112212.9107324467,0.0580480471253395,0.9598667472600936,0.678515583043918
149.jpeg,0.06037764,11795232.243778031,2431626.1960409875,0.0364765943959355,0.9379344061017036,0.2995731440106673
121.jpeg,0.059914112,11798292.410618763,2302405.904181789,0.0323665849864482,0.9530650228261948,0.4320176820536809
743.jpeg,0.059563283,11838910.152651802,1111780.2407683209,0.3918024953454733,0.9740975573658944,0.7595632823649794
988.jpeg,0.059489988,11812379.82669312,1271215.9038297173,0.0602850695140659,0.9762157946825027,0.6860774764209054
527.jpeg,0.05945999,11772818.48956469,1152645.126078888,0.1042715134099125,0.958141103386879,0.6755943220729629
183.jpeg,0.05939926,11801491.327378042,2432526.5084754527,0.3777937013655901,0.953058399260044,0.7246493635965245
656.jpeg,0.05935318,11794100.37637244,1148183.3405646265,0.0444188141264021,0.9616629779338836,0.43841513774047297
640.jpeg,0.05900005,11792226.2277865,2338669.104721271,0.124348749872297,0.9506681114435196,0.5180220370594826
375.jpeg,0.058991708,11790299.011139996,2322679.079230754,0.0334106136579066,0.9560793191194534,0.44530391044099815
927.jpeg,0.058981624,11737873.46796418,1162100.7538416828,0.0390705314930528,0.1599433054216206,0.06745990063063798
54.jpeg,0.05854424,11875070.106033456,1164256.4285187845,0.1687646619975567,0.9730787053704262,0.738503796281293
27.jpeg,0.057957765,11779502.394447071,1126429.0462570426,0.0333611667156219,0.96265659481287,0.4290813871711079
753.jpeg,0.05793224,11837648.902865626,1111805.7368490875,0.0530076404102146,0.9598667472600936,0.5470668718529245
499.jpeg,0.057551213,11753924.42740584,1171363.982779958,0.3199412226676941,0.9670335352420808,0.7460074855739044
982.jpeg,0.057299946,11815072.934601158,1266794.076572105,0.0772811882197856,0.7930509299039841,0.5168103860425097
987.jpeg,0.05727783,11810936.736473486,1267363.4530526395,0.134054081980139,0.9661308825016022,0.5336721949861385
745.jpeg,0.056889728,11837444.276032766,1111857.749794889,0.0324683459475636,0.9246123656630516,0.5044433806195028
623.jpeg,0.056804195,11798268.845184147,2378594.378737905,0.0651400289498269,0.9604288712143898,0.7455661536077969
625.jpeg,0.05676742,11800426.80490783,2381626.355621626,0.0696654533967375,0.9709914103150368,0.5866020194786999
642.jpeg,0.05649766,11792380.672899408,2338651.474000685,0.0407828839961439,0.9522956386208534,0.5228998731763568
258.jpeg,0.05633628,11806666.425310131,2376607.969601538,0.0396942733787,0.8860204070806503,0.2673811191925779
344.jpeg,0.056152966,11792234.43851265,2342225.0988126565,0.0370988161303103,0.9630085676908492,0.39966684440150857
940.jpeg,0.056014784,11757703.85660774,1170461.7670962375,0.8576551601290703,0.9857328236103058,0.9412660049274564
521.jpeg,0.05587838,11770683.78333648,1157869.285685863,0.2577620586380362,0.9733999222517014,0.7243144273525104
255.jpeg,0.055736322,11803768.765317904,2375838.160604749,0.0423656273633241,0.9623045846819878,0.4228054294880066
542.jpeg,0.055730302,11791062.047486562,1144766.7360988832,0.1087579885497689,0.9658608958125114,0.5197609384777024
679.jpeg,0.055679496,11800168.717597572,1146768.670559022,0.0650953594595193,0.9560714066028596,0.45828009373508394
449.jpeg,0.055537336,11836723.446713507,2326890.738330742,0.0325083408970385,0.9596704766154288,0.20160439008447742
965.jpeg,0.05530958,11810718.78404322,1268380.3634803495,0.205208390019834,0.9597026631236076,0.7755973431048915
554.jpeg,0.05522954,11800270.540882291,1149544.6871127714,0.0757838240824639,0.6967269852757454,0.3707476308918558
986.jpeg,0.054829746,11809987.39272477,1267040.466477203,0.0939590707421302,0.9685085490345956,0.6280075376853347
180.jpeg,0.05467489,11800732.310152443,2428869.184301601,0.346748711541295,0.9620904698967934,0.6953891262944255
492.jpeg,0.05456972,11730854.501713598,1160870.7203580863,0.0506472140550613,0.6031138487160206,0.3035816759802401
24.jpeg,0.054503486,11778567.586361758,1126534.3480240027,0.0241952189244329,0.9613071531057358,0.5472091774572618
486.jpeg,0.05447102,11737934.306401651,1161524.0120727853,0.0625251992605626,0.7818739488720894,0.35561049869284034
16.jpeg,0.054365452,11742327.567002935,1155175.8403393177,0.2046825150027871,0.9660243168473244,0.639572080806829
722.jpeg,0.05435925,11837584.815871254,1112183.6291528298,0.0734365815296769,0.9598667472600936,0.5657781646586955
345.jpeg,0.05408657,11793855.72556347,2341688.0531432545,0.1443688496947288,0.9707887321710588,0.5394511050544679
83.jpeg,0.05405719,11813392.61496848,1164640.238855739,0.0520495390519499,0.9609899148344994,0.3361567630781792
81.jpeg,0.05396638,11810469.454633744,1163395.4175621178,0.1187430354766547,0.9424430802464484,0.5484398748376407
742.jpeg,0.053880353,11834896.86279941,1108233.8879645471,0.0458190380595624,0.9650934264063836,0.5421789296378847
719.jpeg,0.053789448,11842057.769577842,1145788.6269520076,0.0364619069732725,0.8922650888562202,0.32993673957470393
992.jpeg,0.053764276,11811680.83391668,1265818.6640432673,0.1481703841127455,0.9427811056375504,0.4020834403927438
559.jpeg,0.053742073,11797997.111684848,1144194.198394478,0.0982906869612634,0.8843039125204086,0.43949714925838634
117.jpeg,0.053723328,11791965.30849504,2292410.817942572,0.0315891881473362,0.958566017448902,0.37827236970354405
690.jpeg,0.053550877,11837073.267085023,1146146.5928244612,0.0538575598038733,0.5694614592939615,0.2203291894402355
166.jpeg,0.05354863,11793715.661445672,2420092.7953451434,0.0364412311464548,0.7887697275727987,0.2547240032415305
34.jpeg,0.05340452,11790742.606884755,1137107.254171585,0.2813118565827608,0.9707432463765144,0.7114128216635436
746.jpeg,0.05336092,11836926.343300365,1110591.291543776,0.0348845825064927,0.7307574301958084,0.25728478681412525
752.jpeg,0.053351194,11838098.756287796,1106887.4855965024,0.1261012870818376,0.9755496084690094,0.8373154238280323
638.jpeg,0.053045236,11790952.935893469,2334973.7998098424,0.0414462168700993,0.9492490142583848,0.46454505405078333
681.jpeg,0.052992295,11799503.410981037,1153865.005811015,0.1131203388795256,0.9603891223669052,0.4941919091571536
963.jpeg,0.052924983,11808990.26513051,1269688.192174529,0.0753683275543153,0.9635933041572572,0.6836491494323127
677.jpeg,0.05279175,11797865.920402514,1147069.221978362,0.1250594817101955,0.9260850101709366,0.43237884354311973
551.jpeg,0.052641325,11799514.173771078,1153860.150679496,0.1131203388795256,0.9603891223669052,0.5029748274828307
167.jpeg,0.052633245,11796911.290450234,2418975.1202990087,0.0359491165727376,0.9684062376618384,0.36788266404931036
20.jpeg,0.05261982,11760631.23977125,1172395.2920503423,0.0539692118763923,0.9650323390960692,0.44159120437689126
575.jpeg,0.052598204,11836874.335308086,1112928.2718921057,0.0756620168685913,0.950710102915764,0.6916904880199581
727.jpeg,0.052595664,11838275.275308104,1112375.0319330415,0.0791751337237656,0.94329534471035,0.3797477967455052
506.jpeg,0.052565806,11754790.16334331,1172944.345171272,0.2004302004352212,0.9604675993323326,0.5419696406461298
815.jpeg,0.052490763,11836947.775414577,1158838.079023591,0.4104860899969935,0.9651900976896286,0.8255214778473601
379.jpeg,0.052215658,11789654.276072169,2322760.4609922306,0.040809919591993,0.0949492030777037,0.057379092888108274
95.jpeg,0.051852502,11812116.151830582,1266434.990986968,0.1651339973323047,0.9507423639297484,0.5650279990929578
617.jpeg,0.051791042,11811996.553336132,1271366.1605315786,0.0759105938486754,0.964605987071991,0.6828537435503677
560.jpeg,0.05134579,11797378.050751705,1144481.0302695234,0.1121280621737241,0.9549036249518394,0.504412368664311
740.jpeg,0.051235966,11838510.160054475,1114197.665800443,0.3620105143636465,0.9602382108569144,0.8559682697523385
839.jpeg,0.051001366,11843338.549220888,1161577.121776926,0.0721390848048031,0.914602003991604,0.2778234539437108
558.jpeg,0.05100101,11798222.09121499,1143588.0211352892,0.1821908969432115,0.9569183140993118,0.679772624745965
634.jpeg,0.05092266,11790683.83666042,2337536.4196611,0.0523540340363979,0.9566428139805794,0.35013736243126914
929.jpeg,0.050908577,11739864.82879288,1158264.2332601442,0.0629363423213362,0.9650893658399582,0.5265112411644723
200.jpeg,0.05081376,11822776.680952182,2426717.0637120977,0.0335718872956931,0.9641691148281096,0.40750360005768016
155.jpeg,0.050651856,11792942.890396023,2427601.821113604,0.031556247267872,0.1551062008365988,0.08794626838061952
755.jpeg,0.05064359,11839177.128961124,1115569.285956543,0.2294958746060729,0.9784392341971396,0.6442652143305168
738.jpeg,0.05041439,11838082.190097682,1106876.949836231,0.1261012870818376,0.9755496084690094,0.8340482523457872
844.jpeg,0.05034129,11871443.268219974,1167524.1771732229,0.1295720785856247,0.9357894361019136,0.5968626883945295
768.jpeg,0.050269905,11815349.040250557,1164608.530022015,0.0483529255725443,0.9611442312598228,0.4262693860800937
51.jpeg,0.05023472,11839159.188221538,1115577.4697964042,0.0640379744581878,0.9784392341971396,0.6091937436256558
56.jpeg,0.050164275,11874564.993189989,1164717.0126284317,0.3180066030472517,0.9470112174749374,0.7467351867817342
579.jpeg,0.050141484,11839842.096583487,1149453.663422929,0.0704409787431359,0.960969366133213,0.445167381875217
855.jpeg,0.050133374,11877598.457030842,1161922.070424348,0.1419665403664112,0.7021121382713318,0.39107283449266106
967.jpeg,0.050065637,11811238.646064218,1267426.6294248344,0.089238928630948,0.9503366202116011,0.39802984159905463
981.jpeg,0.04995769,11813201.085704986,1267978.1289748014,0.1473241606727242,0.9429619535803796,0.6571614247513935
232.jpeg,0.049899355,11810289.695917193,2382602.546894085,0.0375825534574687,0.884889081120491,0.2713153246524079
951.jpeg,0.04988842,11762642.38579224,1168110.132448464,0.0572336963377893,0.9636754244565964,0.6927878572023474
923.jpeg,0.04960923,11736154.575064084,1163739.777962349,0.2493289411067962,0.9457380920648576,0.7376880313136748
474.jpeg,0.04958791,11704853.21826998,1197894.984244562,0.0363578968681395,0.8288653716444969,0.2097775210859254
557.jpeg,0.049545914,11799589.325498125,1143534.6562088523,0.1921740416437387,0.9317795932292938,0.7629306085873395
983.jpeg,0.049345408,11816308.873330628,1272099.585255435,0.1873032245784998,0.9450762569904329,0.6656052777543664
863.jpeg,0.04922052,11797597.333639944,2302396.8854561867,0.0346145569346845,0.4054757868871093,0.15438866411568594
721.jpeg,0.049212657,11838509.117036592,1114195.1747770102,0.3620105143636465,0.9602382108569144,0.8559682697523385
349.jpeg,0.049067717,11787390.298832158,2337570.097354505,0.0380925936624407,0.962984412908554,0.33853819869857815
754.jpeg,0.04904274,11839175.261163654,1115567.2141639509,0.2294958746060729,0.9784392341971396,0.6697666068664856
868.jpeg,0.048961166,11797699.636222316,2303644.189056436,0.0259589185006916,0.9410795867443084,0.3175693037587085
217.jpeg,0.048909348,11815459.41841555,2382331.8244382795,0.0552565790712833,0.957933522760868,0.3389008247759193
319.jpeg,0.048861794,11792520.000002624,2349703.5252856663,0.0270711067132651,0.9660082161426544,0.3465479277406952
309.jpeg,0.048562538,11802229.196179269,2349253.744929525,0.029787351610139,0.95673006772995,0.22605922492220998
948.jpeg,0.048255637,11759710.650547478,1170745.648802289,0.0553532182238996,0.9481287226080894,0.5436542662791908
529.jpeg,0.04811139,11773828.04996973,1152909.3815824063,0.0551319154910743,0.7566438466310501,0.36573117231536245
203.jpeg,0.048082273,11824556.794952434,2423582.2094487464,0.0957498354837298,0.8746678084135056,0.5521351394243539
606.jpeg,0.047854945,11811046.316259768,1267161.7038054334,0.1569277746602893,0.9503366202116011,0.49584894662257284
39.jpeg,0.047470316,11793203.850670628,1140975.6919894894,0.0507945069111883,0.9597531035542488,0.2337969656218774
734.jpeg,0.047432076,11838463.702597126,1114408.5009380938,0.4493879117071628,0.9680709019303322,0.7785286281723529
622.jpeg,0.04698653,11804744.215779783,2379281.117161084,0.0350073757581412,0.9486145824193954,0.42810220655519515
728.jpeg,0.046953317,11836864.71684405,1110937.108901926,0.0348845825064927,0.9599877148866652,0.3841094259696547
713.jpeg,0.046917852,11842671.857840752,1148522.6798572238,0.065664030611515,0.9221606627106668,0.3832281075883657
994.jpeg,0.04669196,11795716.323722295,2433584.5956592364,0.0308440420776605,0.607003977522254,0.17383670492563394
615.jpeg,0.04668792,11812669.34163459,1268359.064815624,0.0365004704799503,0.964185692369938,0.37045433645835146
605.jpeg,0.046627693,11810863.661993608,1266790.4008281685,0.0371880596503615,0.8890759274363518,0.5400152070861723
483.jpeg,0.046422474,11736230.478435297,1162569.263374928,0.3462419891729951,0.9761457517743112,0.8087784880772233
99.jpeg,0.04623673,11838207.125444602,2326470.621015896,0.0317152068018913,0.9405092746019365,0.3775735854703401
442.jpeg,0.04623438,11838205.055294994,2326469.811168518,0.0317152068018913,0.9405092746019365,0.3775735854703401
919.jpeg,0.046210352,11734816.17551748,1162473.8204663126,0.2690985156223178,0.9793983697891236,0.7752156503265724
503.jpeg,0.045788378,11751869.349193728,1175297.0442304837,0.0984135949984192,0.979548804461956,0.5393028636980388
451.jpeg,0.045689534,11839189.790148055,2327824.926050832,0.0331434290856123,0.968358725309372,0.5727600694808643
944.jpeg,0.04561973,11758703.10361972,1169320.3081136057,0.050012971740216,0.8092779144644737,0.36305404449295664
750.jpeg,0.045607217,11836956.050478576,1110570.6612842572,0.0348845825064927,0.7307574301958084,0.3275487377832178
712.jpeg,0.04549247,11843063.118435375,1145698.2012506188,0.1345740770921111,0.8093069642782211,0.39040497154928744
142.jpeg,0.045289963,11791132.201288337,2436003.4701090483,0.0229440575931221,0.9630475044250488,0.39304615097353235
534.jpeg,0.045232177,11781289.805502934,1127100.9022019987,0.0195318171754479,0.9172704070806504,0.31331320047805394
299.jpeg,0.045154184,11808709.445184637,2346865.07855576,0.042111727874726,0.9674815014004708,0.4529764831864408
952.jpeg,0.045050353,11761395.381071322,1169240.314036077,0.498247355222702,0.9688533172011377,0.8510207335154215
603.jpeg,0.044983175,11877971.407510951,1162015.7495586772,0.1500652283430099,0.1500652283430099,0.1500652283430099
835.jpeg,0.044976987,11842613.228445146,1160571.034190269,0.0657892310991883,0.9426111727952956,0.4357199319638312
765.jpeg,0.044933688,11813289.189454583,1163757.75903607,0.0973665779456496,0.9537300765514374,0.5030612716218457
602.jpeg,0.044893596,11875814.37194218,1161366.290018323,0.0781344100832939,0.9617454037070274,0.6641556926188059
769.jpeg,0.04482241,11817070.566009823,1165816.6329857036,0.4063871270045638,0.9654267951846124,0.8499223232890168
45.jpeg,0.044817008,11796662.790102627,1147348.503397107,0.0558926109224557,0.9389770552515984,0.3600494145066477
484.jpeg,0.044811945,11735871.990981076,1162594.043337639,0.1413245117291808,0.8984609320759773,0.6839904469670728
37.jpeg,0.044704366,11792464.886055091,1138947.7661210983,0.0884519619867205,0.4670820664614439,0.2413776691204735
415.jpeg,0.044656407,11795648.983961033,2307768.077759506,0.0654284772463142,0.9684252142906188,0.3514016053107168
613.jpeg,0.044638045,11818302.70949996,1273073.2844477424,0.0770297828130424,0.9231207296252252,0.506473193236161
168.jpeg,0.04463691,11796597.293726828,2420535.629043043,0.0595527244731783,0.9216027557849884,0.48162802401930094
696.jpeg,0.044607293,11843064.437540444,1145698.4296613978,0.1345740770921111,0.8093069642782211,0.39040497154928744
910.jpeg,0.044470627,11774728.753126374,1151667.9206326846,0.3349719066172838,0.9660434052348136,0.7351546913851053
576.jpeg,0.04445105,11837742.09604222,1112111.9715618738,0.0580480471253395,0.9598667472600936,0.5919237132701609
935.jpeg,0.044228207,11737888.147533022,1162104.6857275383,0.0390705314930528,0.1599433054216206,0.06466065850690936
654.jpeg,0.04403369,11793245.547590995,1148321.0321938118,0.0475421412847936,0.9597690105438232,0.3376752568541893
417.jpeg,0.043999556,11794822.544874389,2301681.324034058,0.0388491649646312,0.6916708424687386,0.17886568023823202
833.jpeg,0.043942284,11838734.178215584,1159300.291205988,0.0506420112214982,0.9633909240365028,0.4389495439827442
666.jpeg,0.043864053,11796580.069030114,1146824.8848965573,0.0556073612533509,0.8137022107839584,0.3573449222021736
596.jpeg,0.043581218,11813495.166254276,1166005.124938686,0.3640164313837886,0.9680094867944716,0.7991080332754387
58.jpeg,0.043455973,11875520.255062897,1158881.2199798073,0.0872835335321724,0.9603798612952232,0.45671076198211974
157.jpeg,0.04329008,11792167.014696227,2429860.066083549,0.0254925801418721,0.9541042894124984,0.6257812714736376
781.jpeg,0.0432562,11813702.60467402,1161100.0175900736,0.3456784058362245,0.950716957449913,0.73786855279468
840.jpeg,0.04324822,11845379.98395735,1158462.7755889955,0.0535818305797874,0.7906493777409196,0.28567294538435006
176.jpeg,0.043052297,11797628.01703236,2426748.881049571,0.0385338766500353,0.9537218064069748,0.409746873221593
93.jpeg,0.043000054,11811945.562663233,1168820.750633326,0.3169835451990366,0.9374862909317015,0.6733085063751787
257.jpeg,0.042867973,11807021.107369136,2375220.7700121165,0.0320999515242874,0.9628148972988128,0.495245523925405
113.jpeg,0.042690806,11791643.352135709,2336176.7937177084,0.0320193315856158,0.9574454724788666,0.5286519631627016
556.jpeg,0.042240452,11799769.060166828,1144231.4347248925,0.2773307841271162,0.9612462893128396,0.6930604837834835
256.jpeg,0.042017404,11807129.090940973,2375227.564884836,0.0314868434797972,0.9628148972988128,0.5977240435313433
637.jpeg,0.04200157,11791150.465980085,2337250.71383236,0.0376020916737616,0.8538844101130962,0.29541688796598464
156.jpeg,0.04197765,11792509.237126706,2427471.937606449,0.0275795573834329,0.9288063496351242,0.25299881646060385
644.jpeg,0.041825105,11790754.190578217,2336973.533646029,0.0428598965518176,0.9380173087120056,0.3889799155294895
708.jpeg,0.04159105,11841984.195682667,1145796.852163608,0.0364619069732725,0.8922650888562202,0.2826587722520344
578.jpeg,0.041541807,11835903.782490846,1109950.005439405,0.0821882607415318,0.9334910064935684,0.5557672394206747
450.jpeg,0.04146618,11839219.602902314,2327735.8767149257,0.0366099686361849,0.968358725309372,0.6897227577574085
233.jpeg,0.0414342,11810041.85389468,2382999.443543233,0.0352700129151344,0.963437557220459,0.2600761380163021
846.jpeg,0.04135166,11873188.428347403,1159622.198601799,0.0461088898591697,0.9333313778042792,0.5193988911341876
741.jpeg,0.041253973,11834665.874145469,1117291.9395422058,0.1017903676256537,0.9165119975805284,0.4843925909538354
504.jpeg,0.041200094,11754255.359577289,1175191.1149204797,0.1254789065569639,0.8564164564013481,0.5109620311413892
162.jpeg,0.04114226,11791804.46191366,2426379.162190348,0.0304367896169424,0.8283273875713348,0.2247894438332878
473.jpeg,0.040791333,11703794.946713028,1198520.64921824,0.0365881263278424,0.9136027246713638,0.22158938817059
581.jpeg,0.04074354,11840973.740688372,1159511.8063404695,0.0502499532885849,0.8034430742263794,0.2759985325133635
32.jpeg,0.04065996,11783946.726055998,1120179.8083660682,0.1437823427841067,0.948235645890236,0.6269861396609081
60.jpeg,0.039769683,11842844.334501611,1160090.5360039528,0.0569753949530422,0.7402326762676239,0.35189632908441126
437.jpeg,0.03969217,11836082.520351691,2325326.8861504816,0.0232241058256477,0.1731202276423573,0.06222244669334027
9.jpeg,0.039590042,11737625.11425734,1161797.463435951,0.0217559554148465,0.9148551002144814,0.2380756463680882
604.jpeg,0.03957398,11871379.32771264,1163216.020076529,0.0558535470627248,0.970051534473896,0.5394723724748474
164.jpeg,0.039464764,11793471.020555137,2421449.413134573,0.0366464001126587,0.952778197824955,0.318794713621693
305.jpeg,0.039160643,11808581.514184823,2350367.321546092,0.0393435433506965,0.9075180739164352,0.25442169051218244
707.jpeg,0.038951483,11838884.510124492,1145863.6518817637,0.1111927032470703,0.8908029869198799,0.4105643475195393
601.jpeg,0.03878244,11875791.002181765,1167429.0938386212,0.3645305205136537,0.9030486792325974,0.6883519388502464
966.jpeg,0.038640402,11810937.526845176,1273436.49615817,0.1069773025810718,0.9570647403597832,0.4306236244738102
561.jpeg,0.038547594,11795675.97984721,1142215.8251690022,0.1195275755599141,0.8656515628099442,0.5114973285235465
312.jpeg,0.03849704,11798486.264229476,2349548.168174241,0.0323946354910731,0.946259431540966,0.4378758299862966
629.jpeg,0.03807957,11789470.812454725,2336689.6128744786,0.0951417023316025,0.9531247168779372,0.5051747859854784
28.jpeg,0.038000647,11779374.989484968,1127107.1440961717,0.0276983766816556,0.9552293047308922,0.31415722641395405
569.jpeg,0.037891623,11797418.489369592,1137257.690551982,0.3111795634031296,0.9656130373477936,0.6497595980763435
532.jpeg,0.03786743,11783101.050103135,1128653.7701173036,0.4172594808042049,0.91591427475214,0.6959572105358044
526.jpeg,0.03780432,11772602.05812362,1152960.395284512,0.0574369393289089,0.9550188556313516,0.3924570034723729
31.jpeg,0.037668068,11781642.45370482,1121294.0492979777,0.0331293251365423,0.9604853466153144,0.4051309082036217
25.jpeg,0.037624534,11777407.473877707,1126563.5119659407,0.0280347638763487,0.9649385213851928,0.18009556576402647
193.jpeg,0.03739871,11815671.4284294,2424527.3655377068,0.0740131754428148,0.955918051302433,0.3114859314635396
607.jpeg,0.037349787,11808694.201818427,1268767.686149375,0.1781480088829994,0.9463815242052078,0.7493081665597856
718.jpeg,0.037043165,11841231.807964342,1142788.3574426458,0.0775891528464853,0.961572527885437,0.5240767806664937
546.jpeg,0.037038088,11794600.839294525,1150444.605609872,0.3375800820067525,0.9356653541326524,0.6531818084185943
332.jpeg,0.036952246,11792464.975052431,2344963.7180079734,0.1045722221024334,0.9608910530805588,0.5225295436568558
494.jpeg,0.036035992,11755804.748692123,1167895.402680119,0.5060219541192055,0.9668416753411292,0.7322146845981479
869.jpeg,0.035612807,11796199.128099304,2303036.8305265373,0.0404329011216759,0.2942420318722725,0.14702614230502925
159.jpeg,0.03558158,11787890.41654794,2431599.6869774647,0.034321695100516,0.9464344009757042,0.645973443131273
131.jpeg,0.035409458,11800808.689656071,2438367.362182269,0.0272022376302629,0.9476135522127151,0.4373175941000227
455.jpeg,0.03490791,11837650.440896489,2331759.416067875,0.0310983620584011,0.9612485840916634,0.532075347445373
205.jpeg,0.034730002,11823480.340490984,2422921.7649766454,0.0536120384931564,0.9640714898705482,0.46549909556051716
304.jpeg,0.03443455,11810360.077357836,2348644.445655873,0.0396568048745393,0.9705662652850152,0.37064126576296985
331.jpeg,0.034343183,11792461.614978489,2344962.9872306995,0.1045722221024334,0.9608910530805588,0.5225295436568558
694.jpeg,0.034281805,11841765.301114151,1145764.911484145,0.0353965694084763,0.8922650888562202,0.16830317059066144
611.jpeg,0.034251694,11812547.219516424,1280999.7038404015,0.0755280279554426,0.9572148099541664,0.5742794637982216
463.jpeg,0.03405088,11699515.859584184,1196983.3346115125,0.0515197950880974,0.965765044093132,0.5168464406451676
493.jpeg,0.033727653,11739377.368517052,1156238.3115404989,0.0487415040843188,0.960511952638626,0.4514164106803946
15.jpeg,0.03284881,11739651.320290094,1158204.4824443236,0.2717348486185074,0.9650893658399582,0.6390921790152788
214.jpeg,0.03260565,11809987.808160266,2385629.053749946,0.0282931851688772,0.9571287482976912,0.20015364157734433
204.jpeg,0.032503664,11823487.400534214,2422914.5537895625,0.0536120384931564,0.9640714898705482,0.46549909556051716
430.jpeg,0.030819457,11834957.61682053,2324667.8263809485,0.0316641682293266,0.9634516090154648,0.5505524137600636
132.jpeg,0.030331725,11800844.009394731,2438355.5964841708,0.0666792674455791,0.9476135522127151,0.47572203577146865
1002.jpeg,0.029854994,11822279.642412243,2424283.707970152,0.0346636399626731,0.936868980526924,0.2572658893768675
472.jpeg,0.027857728,11702723.849269545,1197426.3451005635,0.0237919320352375,0.9627444595098495,0.5581278900208417
163.jpeg,0.02745232,11791907.68215116,2423633.0420264504,0.0435927370563149,0.9483891278505324,0.19568064896157006
158.jpeg,0.025987212,11791187.163514692,2430870.9021996283,0.0130316867725923,0.9242068156599998,0.38837051005767925
79.jpeg,0.025584443,11815268.600774229,1162016.2713785386,0.2622804343700409,0.9260922744870186,0.7064884975552559
893.jpeg,0.024497682,11790022.91055426,2291589.2788288314,0.1121221352368593,0.9634540304541588,0.6340180223342031
842.jpeg,0.023700612,11869307.849999014,1166112.4978891483,0.2031578463502228,0.9205028489232064,0.6927521292236634
511.jpeg,0.02304554,11757909.240214052,1171276.238691947,0.0359930819831788,0.96022879332304,0.5640197598841041
