image,pred,lon,lat
Binh Chieu Ward-213.jpeg,0.3973814286291599,106.74003063537943E,10.882431903908552N
Binh Chieu Ward-212.jpeg,0.34416065365076065,106.73728634184151E,10.882431903908552N
Binh Chieu Ward-81.jpeg,0.2724251579493284,106.7414027821484E,10.875694570094184N
Binh Chieu Ward-191.jpeg,0.2566658901050687,106.74003063537943E,10.881084437145677N
Binh Chieu Ward-214.jpeg,0.2072097803466022,106.7414027821484E,10.882431903908552N
Binh Chieu Ward-192.jpeg,0.20233602356165648,106.7414027821484E,10.881084437145677N
Linh Xuan Ward-44.jpeg,0.19765173085033894,106.77419666586437E,10.873656370093599N
Binh Chieu Ward-47.jpeg,0.18360132910311222,106.73454204830357E,10.87434710333131N
Binh Chieu Ward-190.jpeg,0.15973028633743525,106.73865848861047E,10.881084437145677N
Linh Xuan Ward-7.jpeg,0.15582849318161607,106.78105734879661E,10.869613969804979N
Binh Chieu Ward-135.jpeg,0.15042187459766865,106.73591419507252E,10.878389503619928N
Binh Chieu Ward-80.jpeg,0.14811585191637278,106.74003063537943E,10.875694570094184N
Linh Xuan Ward-28.jpeg,0.14390609227120876,106.77419666586437E,10.872308903330724N
Binh Chieu Ward-83.jpeg,0.12256048619747162,106.74414707568636E,10.875694570094184N
Linh Xuan Ward-19.jpeg,0.11976693756878376,106.78242948538302E,10.870961436567852N
Binh Chieu Ward-82.jpeg,0.11895705154165626,106.74277492891738E,10.875694570094184N
Binh Chieu Ward-189.jpeg,0.117480359505862,106.73728634184151E,10.881084437145677N
Binh Chieu Ward-106.jpeg,0.1144255013205111,106.73591419507252E,10.877042036857056N
Linh Xuan Ward-43.jpeg,0.10049262852407992,106.77282452927795E,10.873656370093599N
Binh Chieu Ward-164.jpeg,0.09378882916644216,106.73728634184151E,10.879736970382805N
Binh Chieu Ward-286.jpeg,0.087650730391033,106.71670414030693E,10.889169237722918N
Tam Binh Ward-140.jpeg,0.08690033759921789,106.7339857899446E,10.873140437430866N
Binh Chieu Ward-234.jpeg,0.08247269433923066,106.73728634184151E,10.883779370671427N
Linh Xuan Ward-157.jpeg,0.08208622224628925,106.77694093903727E,10.883088637433714N
Linh Xuan Ward-65.jpeg,0.07643757434561849,106.78105734879661E,10.875003836856475N
Binh Chieu Ward-26.jpeg,0.07591072982177138,106.73454204830357E,10.872999636568434N
Binh Chieu Ward-110.jpeg,0.06865017674863338,106.7414027821484E,10.877042036857056N
Linh Xuan Ward-197.jpeg,0.0643980570603162,106.77694093903727E,10.887131037722336N
Binh Chieu Ward-285.jpeg,0.06372846418526024,106.71533199353793E,10.889169237722918N
Linh Xuan Ward-49.jpeg,0.06367919500917196,106.78105734879661E,10.873656370093599N
Linh Xuan Ward-34.jpeg,0.06316907471045852,106.78242948538302E,10.872308903330724N
Tam Binh Ward-79.jpeg,0.06152144190855324,106.74770648986546E,10.867750570379368N
Tam Binh Ward-78.jpeg,0.05608875211328268,106.7463344198734E,10.867750570379368N
Tam Binh Ward-153.jpeg,0.05495626572519541,106.74359027988919E,10.874487904193737N
Linh Xuan Ward-81.jpeg,0.0544499522075057,106.78105734879661E,10.876351303619344N
Linh Xuan Ward-64.jpeg,0.053542338544502854,106.77968521221015E,10.875003836856475N
Linh Xuan Ward-91.jpeg,0.052467173896729946,106.77282452927795E,10.87769877038222N
Binh Chieu Ward-48.jpeg,0.04926040722057223,106.73591419507252E,10.87434710333131N
Linh Xuan Ward-80.jpeg,0.04902219329960644,106.77968521221015E,10.876351303619344N
Binh Chieu Ward-165.jpeg,0.04734233603812754,106.73865848861047E,10.879736970382805N
Linh Xuan Ward-143.jpeg,0.046485345577821136,106.77831307562371E,10.881741170670843N
Binh Chieu Ward-163.jpeg,0.0463897482259199,106.73591419507252E,10.879736970382805N
Binh Chieu Ward-211.jpeg,0.045369152911007404,106.73591419507252E,10.882431903908552N
Binh Chieu Ward-52.jpeg,0.045007201726548374,106.7414027821484E,10.87434710333131N
Binh Chieu Ward-193.jpeg,0.044673611875623465,106.74277492891738E,10.881084437145677N
Binh Chieu Ward-77.jpeg,0.044188194908201694,106.73591419507252E,10.875694570094184N
Tam Binh Ward-92.jpeg,0.0437402359675616,106.74084613990506E,10.86909803714224N
Linh Xuan Ward-156.jpeg,0.043034912552684546,106.77556880245083E,10.883088637433714N
Binh Chieu Ward-105.jpeg,0.042679550126194954,106.73454204830357E,10.877042036857056N
Linh Xuan Ward-48.jpeg,0.041859673568978906,106.77968521221015E,10.873656370093599N
Binh Chieu Ward-51.jpeg,0.04155401396565139,106.74003063537943E,10.87434710333131N
Binh Chieu Ward-134.jpeg,0.040636414429172873,106.73454204830357E,10.878389503619928N
Linh Xuan Ward-83.jpeg,0.03966489061713219,106.76184743658641E,10.87769877038222N
Linh Xuan Ward-82.jpeg,0.03955421526916325,106.78242948538302E,10.876351303619344N
Binh Chieu Ward-76.jpeg,0.038772295229136944,106.73454204830357E,10.875694570094184N
Linh Xuan Ward-45.jpeg,0.03868386463727802,106.77556880245083E,10.873656370093599N
Linh Xuan Ward-142.jpeg,0.03834570839535445,106.77694093903727E,10.881741170670843N
Linh Xuan Ward-50.jpeg,0.03811740246601403,106.78242948538302E,10.873656370093599N
Binh Chieu Ward-53.jpeg,0.03802174003794789,106.74277492891738E,10.87434710333131N
Linh Xuan Ward-69.jpeg,0.0374272963963449,106.76459170975932E,10.876351303619344N
Binh Chieu Ward-109.jpeg,0.03708879207260907,106.74003063537943E,10.877042036857056N
Linh Xuan Ward-144.jpeg,0.036584126530215144,106.77968521221015E,10.881741170670843N
Linh Xuan Ward-58.jpeg,0.035098775289952755,106.77145239269153E,10.875003836856475N
Binh Chieu Ward-251.jpeg,0.03368366975337267,106.73728634184151E,10.885126837434298N
Linh Xuan Ward-92.jpeg,0.03277609252836555,106.77419666586437E,10.87769877038222N
Linh Xuan Ward-107.jpeg,0.032358246855437756,106.77282452927795E,10.879046237145094N
Tam Binh Ward-62.jpeg,0.031886579701676965,106.7449623498813E,10.866403103616495N
Linh Xuan Ward-66.jpeg,0.03149252478033304,106.78242948538302E,10.875003836856475N
Linh Xuan Ward-74.jpeg,0.03134790877811611,106.77145239269153E,10.876351303619344N
Linh Xuan Ward-18.jpeg,0.03108981787227094,106.78105734879661E,10.870961436567852N
Binh Chieu Ward-188.jpeg,0.03081459121312946,106.73591419507252E,10.881084437145677N
Binh Chieu Ward-328.jpeg,0.030402836739085615,106.71395984676897E,10.893211638011541N
Linh Xuan Ward-70.jpeg,0.02997084311209619,106.76596384634573E,10.876351303619344N
Linh Xuan Ward-180.jpeg,0.028745037387125194,106.77008025610506E,10.885783570959461N
Binh Chieu Ward-315.jpeg,0.02840561280027032,106.71533199353793E,10.891864171248669N
Linh Xuan Ward-78.jpeg,0.028403979842551053,106.77694093903727E,10.876351303619344N
Linh Xuan Ward-33.jpeg,0.027743635000661016,106.78105734879661E,10.872308903330724N
Linh Xuan Ward-75.jpeg,0.027663634857162833,106.77282452927795E,10.876351303619344N
Binh Chieu Ward-54.jpeg,0.027556522749364376,106.74414707568636E,10.87434710333131N
Binh Chieu Ward-50.jpeg,0.027269012527540326,106.73865848861047E,10.87434710333131N
Tam Binh Ward-93.jpeg,0.027127045672386885,106.74221820989712E,10.86909803714224N
Linh Xuan Ward-158.jpeg,0.02690813224762678,106.77831307562371E,10.883088637433714N
Linh Xuan Ward-67.jpeg,0.02667840593494475,106.76184743658641E,10.876351303619344N
Binh Chieu Ward-143.jpeg,0.02661795588210225,106.74689136922427E,10.878389503619928N
Linh Xuan Ward-90.jpeg,0.026325966930016875,106.77145239269153E,10.87769877038222N
Linh Xuan Ward-207.jpeg,0.025818288791924715,106.76459170975932E,10.889825971248083N
Tam Binh Ward-96.jpeg,0.025553576298989356,106.7463344198734E,10.86909803714224N
Hiep Binh Phuoc Ward-312.jpeg,0.025480593438260257,106.72801890405661E,10.858301604764018N
Linh Xuan Ward-217.jpeg,0.025438821292482316,106.76870811951865E,10.891173438010956N
Linh Xuan Ward-62.jpeg,0.02533922833390534,106.77694093903727E,10.875003836856475N
Binh Chieu Ward-215.jpeg,0.02520454383920878,106.74277492891738E,10.882431903908552N
Linh Xuan Ward-224.jpeg,0.025114324991591275,106.77008025610506E,10.89252090477383N
Linh Xuan Ward-185.jpeg,0.024777035927399993,106.77694093903727E,10.885783570959461N
Linh Xuan Ward-141.jpeg,0.02462251135148108,106.77556880245083E,10.881741170670843N
Linh Xuan Ward-204.jpeg,0.024610626744106412,106.77282452927795E,10.888478504485208N
Binh Chieu Ward-101.jpeg,0.024548033950850368,106.72905346122765E,10.877042036857056N
Linh Xuan Ward-147.jpeg,0.024518734076991677,106.76321957317288E,10.883088637433714N
Hiep Binh Phuoc Ward-195.jpeg,0.024448629934340715,106.70606675565179E,10.848869337423903N
Linh Xuan Ward-128.jpeg,0.024434359278529882,106.77968521221015E,10.880393703907968N
Linh Xuan Ward-73.jpeg,0.024300954304635525,106.77008025610506E,10.876351303619344N
Linh Xuan Ward-63.jpeg,0.0238597389543429,106.77831307562371E,10.875003836856475N
Linh Xuan Ward-89.jpeg,0.023718656273558736,106.77008025610506E,10.87769877038222N
Binh Chieu Ward-171.jpeg,0.02366869885008782,106.74689136922427E,10.879736970382805N
Linh Xuan Ward-61.jpeg,0.023632776690647006,106.77556880245083E,10.875003836856475N
Linh Xuan Ward-98.jpeg,0.023264861665666103,106.78242948538302E,10.87769877038222N
Linh Xuan Ward-60.jpeg,0.023171161650680006,106.77419666586437E,10.875003836856475N
Binh Chieu Ward-268.jpeg,0.022729326621629298,106.73591419507252E,10.88647430419717N
Binh Chieu Ward-49.jpeg,0.022293925052508712,106.73728634184151E,10.87434710333131N
Linh Xuan Ward-121.jpeg,0.022190926014445722,106.77008025610506E,10.880393703907968N
Linh Xuan Ward-106.jpeg,0.022110900608822703,106.77145239269153E,10.879046237145094N
Binh Chieu Ward-112.jpeg,0.02203250559978187,106.74414707568636E,10.877042036857056N
Binh Chieu Ward-123.jpeg,0.022030341206118464,106.71944843384486E,10.878389503619928N
Binh Chieu Ward-304.jpeg,0.021834514569491148,106.72082058061385E,10.890516704485794N
Binh Chieu Ward-284.jpeg,0.021769566228613257,106.71395984676897E,10.889169237722918N
Linh Xuan Ward-17.jpeg,0.021751544903963804,106.77968521221015E,10.870961436567852N
Linh Xuan Ward-6.jpeg,0.02164727880153805,106.77968521221015E,10.869613969804979N
Binh Chieu Ward-329.jpeg,0.021162965276744217,106.71533199353793E,10.893211638011541N
Linh Xuan Ward-213.jpeg,0.02098139515146613,106.77282452927795E,10.889825971248083N
Hiep Binh Phuoc Ward-323.jpeg,0.02096688561141491,106.72801890405661E,10.859649071526892N
Binh Chieu Ward-221.jpeg,0.020948412595316768,106.71944843384486E,10.883779370671427N
Tam Binh Ward-3.jpeg,0.020911342464387417,106.73261371995252E,10.859665769802124N
Binh Chieu Ward-136.jpeg,0.02049841859843582,106.73728634184151E,10.878389503619928N
Linh Xuan Ward-96.jpeg,0.020248253596946597,106.77968521221015E,10.87769877038222N
Linh Xuan Ward-218.jpeg,0.02009739144705236,106.77008025610506E,10.891173438010956N
Linh Xuan Ward-155.jpeg,0.02008282719179988,106.77419666586437E,10.883088637433714N
Binh Chieu Ward-194.jpeg,0.01986065914388746,106.74414707568636E,10.881084437145677N
Binh Chieu Ward-84.jpeg,0.019827393465675414,106.74551922245533E,10.875694570094184N
Linh Xuan Ward-223.jpeg,0.019728550221771002,106.76870811951865E,10.89252090477383N
Linh Xuan Ward-54.jpeg,0.019678441924043,106.76596384634573E,10.875003836856475N
Binh Chieu Ward-79.jpeg,0.019663548097014427,106.73865848861047E,10.875694570094184N
Linh Xuan Ward-59.jpeg,0.019626489258371294,106.77282452927795E,10.875003836856475N
Binh Chieu Ward-218.jpeg,0.019259460153989494,106.71533199353793E,10.883779370671427N
Linh Xuan Ward-138.jpeg,0.01919023017399013,106.77145239269153E,10.881741170670843N
Linh Xuan Ward-112.jpeg,0.019189317827112973,106.77968521221015E,10.879046237145094N
Binh Chieu Ward-301.jpeg,0.01917261630296707,106.71670414030693E,10.890516704485794N
Hiep Binh Phuoc Ward-194.jpeg,0.019142525270581245,106.70469474637649E,10.848869337423903N
Binh Chieu Ward-258.jpeg,0.019133510650135577,106.7221927273828E,10.88647430419717N
Tam Binh Ward-80.jpeg,0.01908509968779981,106.74907855985757E,10.867750570379368N
Binh Chieu Ward-46.jpeg,0.018713000346906483,106.73316990153458E,10.87434710333131N
Binh Chieu Ward-235.jpeg,0.01864425209350884,106.71533199353793E,10.885126837434298N
Tam Binh Ward-11.jpeg,0.018641812494024634,106.7339857899446E,10.861013236564999N
Linh Xuan Ward-130.jpeg,0.01858168572653085,106.78242948538302E,10.880393703907968N
Binh Chieu Ward-67.jpeg,0.01852334034629166,106.7221927273828E,10.875694570094184N
Binh Chieu Ward-231.jpeg,0.018499218684155494,106.73316990153458E,10.883779370671427N
Binh Chieu Ward-216.jpeg,0.018471973249688745,106.74414707568636E,10.882431903908552N
Linh Xuan Ward-79.jpeg,0.018395353923551738,106.77831307562371E,10.876351303619344N
Linh Xuan Ward-16.jpeg,0.01825780759099871,106.77831307562371E,10.870961436567852N
Binh Chieu Ward-66.jpeg,0.018164452514611185,106.72082058061385E,10.875694570094184N
Linh Xuan Ward-32.jpeg,0.018124174792319536,106.77968521221015E,10.872308903330724N
Linh Xuan Ward-172.jpeg,0.018097396125085652,106.77694093903727E,10.884436104196588N
Binh Chieu Ward-72.jpeg,0.018020485062152147,106.72905346122765E,10.875694570094184N
Hiep Binh Phuoc Ward-196.jpeg,0.017873533652164042,106.7074387649271E,10.848869337423903N
Linh Xuan Ward-184.jpeg,0.01774699881207198,106.77556880245083E,10.885783570959461N
Binh Chieu Ward-253.jpeg,0.01767098985146731,106.71533199353793E,10.88647430419717N
Linh Xuan Ward-196.jpeg,0.017610894283279777,106.77556880245083E,10.887131037722336N
Binh Chieu Ward-37.jpeg,0.01760053145699203,106.72082058061385E,10.87434710333131N
Binh Chieu Ward-85.jpeg,0.017583681736141443,106.74689136922427E,10.875694570094184N
Hiep Binh Phuoc Ward-300.jpeg,0.017420364660210907,106.72664689478133E,10.856954138001145N
Binh Chieu Ward-62.jpeg,0.01732313714455813,106.71533199353793E,10.875694570094184N
Linh Xuan Ward-114.jpeg,0.01731077511794865,106.78242948538302E,10.879046237145094N
Hiep Binh Phuoc Ward-438.jpeg,0.017302124062553048,106.72115885768011E,10.873123739155629N
Binh Chieu Ward-266.jpeg,0.017301097512245178,106.73316990153458E,10.88647430419717N
Tam Binh Ward-0.jpeg,0.017251075245440006,106.72849750997626E,10.859665769802124N
Binh Chieu Ward-120.jpeg,0.017249997705221176,106.71533199353793E,10.878389503619928N
Linh Xuan Ward-46.jpeg,0.01714968087617308,106.77694093903727E,10.873656370093599N
Linh Xuan Ward-198.jpeg,0.016959002590738237,106.76459170975932E,10.888478504485208N
Tam Binh Ward-98.jpeg,0.016851616092026234,106.74907855985757E,10.86909803714224N
Linh Xuan Ward-86.jpeg,0.016830133157782257,106.76596384634573E,10.87769877038222N
Binh Chieu Ward-265.jpeg,0.01680731028318405,106.73179775476564E,10.88647430419717N
Binh Chieu Ward-267.jpeg,0.016623934265226126,106.73454204830357E,10.88647430419717N
Binh Chieu Ward-111.jpeg,0.016570413601584733,106.74277492891738E,10.877042036857056N
Linh Xuan Ward-29.jpeg,0.016565260593779385,106.77556880245083E,10.872308903330724N
Binh Chieu Ward-233.jpeg,0.01639762066770345,106.73591419507252E,10.883779370671427N
Binh Chieu Ward-257.jpeg,0.01637109974399209,106.72082058061385E,10.88647430419717N
Binh Chieu Ward-170.jpeg,0.01634669373743236,106.74551922245533E,10.879736970382805N
Binh Chieu Ward-25.jpeg,0.01627675478812307,106.73316990153458E,10.872999636568434N
Linh Xuan Ward-186.jpeg,0.016235235147178173,106.77831307562371E,10.885783570959461N
Linh Xuan Ward-127.jpeg,0.016064812138210982,106.77831307562371E,10.880393703907968N
Linh Xuan Ward-105.jpeg,0.016062026377767324,106.77008025610506E,10.879046237145094N
Hiep Binh Phuoc Ward-154.jpeg,0.016040176269598305,106.7074387649271E,10.846174403898155N
Binh Chieu Ward-243.jpeg,0.016007228288799524,106.7263091676897E,10.885126837434298N
Binh Chieu Ward-78.jpeg,0.015987187973223627,106.73728634184151E,10.875694570094184N
Binh Chieu Ward-238.jpeg,0.01597677171230316,106.71944843384486E,10.885126837434298N
Binh Chieu Ward-274.jpeg,0.015933722024783492,106.72082058061385E,10.887821770960048N
Binh Chieu Ward-142.jpeg,0.015930999303236604,106.74551922245533E,10.878389503619928N
Binh Chieu Ward-220.jpeg,0.015827869647182524,106.7180762870759E,10.883779370671427N
Binh Chieu Ward-299.jpeg,0.015674605674576014,106.71395984676897E,10.890516704485794N
Binh Chieu Ward-239.jpeg,0.015569158073049039,106.72082058061385E,10.885126837434298N
Hiep Binh Phuoc Ward-197.jpeg,0.015564250410534441,106.70881077420239E,10.848869337423903N
Binh Chieu Ward-196.jpeg,0.015372910420410335,106.74689136922427E,10.881084437145677N
Hiep Binh Phuoc Ward-301.jpeg,0.015326160355471075,106.72801890405661E,10.856954138001145N
Linh Xuan Ward-214.jpeg,0.015179271227680147,106.77419666586437E,10.889825971248083N
Binh Chieu Ward-122.jpeg,0.015141817042604089,106.7180762870759E,10.878389503619928N
Binh Chieu Ward-59.jpeg,0.015139037743210793,106.75100780953125E,10.87434710333131N
Linh Xuan Ward-84.jpeg,0.015128346858546138,106.76321957317288E,10.87769877038222N
Binh Chieu Ward-16.jpeg,0.014805759652517736,106.72082058061385E,10.872999636568434N
Hiep Binh Phuoc Ward-86.jpeg,0.014772518305107951,106.69920670927529E,10.842132003609533N
Binh Chieu Ward-60.jpeg,0.014763671322725713,106.75237995630019E,10.87434710333131N
Binh Chieu Ward-137.jpeg,0.014715619501657784,106.73865848861047E,10.878389503619928N
Binh Chieu Ward-199.jpeg,0.014675845857709646,106.71944843384486E,10.882431903908552N
Linh Xuan Ward-122.jpeg,0.014658828033134341,106.77145239269153E,10.880393703907968N
Binh Chieu Ward-219.jpeg,0.01459844026248902,106.71670414030693E,10.883779370671427N
Tam Binh Ward-155.jpeg,0.014564515091478825,106.7463344198734E,10.874487904193737N
Binh Chieu Ward-237.jpeg,0.014536569593474269,106.7180762870759E,10.885126837434298N
Tam Binh Ward-77.jpeg,0.014527061604894698,106.7449623498813E,10.867750570379368N
Linh Xuan Ward-129.jpeg,0.014501110068522394,106.78105734879661E,10.880393703907968N
Tam Binh Ward-10.jpeg,0.014415276586078107,106.73261371995252E,10.861013236564999N
Tam Binh Ward-154.jpeg,0.01441234489902854,106.7449623498813E,10.874487904193737N
Linh Xuan Ward-209.jpeg,0.014213829534128308,106.7673359829322E,10.889825971248083N
Binh Chieu Ward-61.jpeg,0.014158817124553025,106.71395984676897E,10.875694570094184N
Linh Xuan Ward-27.jpeg,0.014150677132420242,106.77282452927795E,10.872308903330724N
Binh Chieu Ward-270.jpeg,0.014028828125447035,106.71533199353793E,10.887821770960048N
Linh Xuan Ward-47.jpeg,0.013948578445706517,106.77831307562371E,10.873656370093599N
Linh Xuan Ward-220.jpeg,0.01390653447015211,106.77282452927795E,10.891173438010956N
Binh Chieu Ward-91.jpeg,0.013870215509086847,106.71533199353793E,10.877042036857056N
Linh Xuan Ward-68.jpeg,0.01385461469180882,106.76321957317288E,10.876351303619344N
Hiep Binh Phuoc Ward-174.jpeg,0.013829438597895205,106.70606675565179E,10.847521870661028N
Linh Xuan Ward-30.jpeg,0.01371473673498258,106.77694093903727E,10.872308903330724N
Linh Xuan Ward-126.jpeg,0.013710959523450583,106.77694093903727E,10.880393703907968N
Linh Xuan Ward-77.jpeg,0.013704083627089858,106.77556880245083E,10.876351303619344N
Tam Binh Ward-97.jpeg,0.013644277234561741,106.74770648986546E,10.86909803714224N
Binh Chieu Ward-240.jpeg,0.013622307567857206,106.7221927273828E,10.885126837434298N
Linh Xuan Ward-171.jpeg,0.013565363711677492,106.77556880245083E,10.884436104196588N
Linh Xuan Ward-115.jpeg,0.013482713256962597,106.76184743658641E,10.880393703907968N
Linh Xuan Ward-31.jpeg,0.013395938789471984,106.77831307562371E,10.872308903330724N
Hiep Binh Phuoc Ward-67.jpeg,0.013378557050600648,106.70057871855059E,10.840784536846662N
Binh Chieu Ward-283.jpeg,0.013336594332940876,106.73316990153458E,10.887821770960048N
Binh Chieu Ward-236.jpeg,0.013328936998732388,106.71670414030693E,10.885126837434298N
Linh Xuan Ward-181.jpeg,0.013314431300386786,106.77145239269153E,10.885783570959461N
Tam Binh Ward-133.jpeg,0.013231162796728313,106.74770648986546E,10.871792970667988N
Binh Chieu Ward-113.jpeg,0.013143153279088438,106.74551922245533E,10.877042036857056N
Linh Xuan Ward-179.jpeg,0.013121925992891192,106.76870811951865E,10.885783570959461N
Binh Chieu Ward-100.jpeg,0.01310588460182771,106.72768131445869E,10.877042036857056N
Hiep Binh Phuoc Ward-335.jpeg,0.013094973168335855,106.72801890405661E,10.860996538289765N
Hiep Binh Phuoc Ward-433.jpeg,0.013056908501312137,106.71429881130359E,10.873123739155629N
Hiep Binh Phuoc Ward-49.jpeg,0.013037262950092554,106.70195072782592E,10.839437070083784N
Binh Chieu Ward-289.jpeg,0.012978916289284825,106.72082058061385E,10.889169237722918N
Binh Chieu Ward-275.jpeg,0.012920765904709697,106.7221927273828E,10.887821770960048N
Tam Binh Ward-114.jpeg,0.012912501115351915,106.7463344198734E,10.870445503905115N
Linh Xuan Ward-199.jpeg,0.012893830658867955,106.76596384634573E,10.888478504485208N
Binh Chieu Ward-273.jpeg,0.012887663906440139,106.71944843384486E,10.887821770960048N
Binh Chieu Ward-202.jpeg,0.01283953816164285,106.7235648741518E,10.882431903908552N
Linh Xuan Ward-57.jpeg,0.012822246993891895,106.77008025610506E,10.875003836856475N
Linh Xuan Ward-227.jpeg,0.012786196428351104,106.7673359829322E,10.893868371536705N
Hiep Binh Phuoc Ward-311.jpeg,0.012749148067086935,106.72664689478133E,10.858301604764018N
Linh Xuan Ward-113.jpeg,0.0127451759763062,106.78105734879661E,10.879046237145094N
Linh Xuan Ward-42.jpeg,0.012737234006635845,106.77145239269153E,10.873656370093599N
Linh Xuan Ward-111.jpeg,0.012703938758932054,106.77831307562371E,10.879046237145094N
Binh Chieu Ward-144.jpeg,0.012630800250917673,106.74826351599329E,10.878389503619928N
Hiep Binh Phuoc Ward-272.jpeg,0.012594027910381556,106.71567082057891E,10.854259204475397N
Hiep Binh Phuoc Ward-273.jpeg,0.012561168405227363,106.7170428298542E,10.854259204475397N
Linh Xuan Ward-191.jpeg,0.012554479646496475,106.76870811951865E,10.887131037722336N
Binh Chieu Ward-316.jpeg,0.012489358661696315,106.71670414030693E,10.891864171248669N
Linh Xuan Ward-53.jpeg,0.012395692057907581,106.76459170975932E,10.875003836856475N
Binh Chieu Ward-217.jpeg,0.012381906970404088,106.74551922245533E,10.882431903908552N
Hiep Binh Phuoc Ward-16.jpeg,0.012327156029641628,106.70606675565179E,10.83674213655804N
Binh Chieu Ward-250.jpeg,0.012320692068897188,106.73591419507252E,10.885126837434298N
Binh Chieu Ward-162.jpeg,0.012275021290406585,106.73454204830357E,10.879736970382805N
Hiep Binh Phuoc Ward-283.jpeg,0.012272349908016622,106.7170428298542E,10.855606671238268N
Linh Xuan Ward-41.jpeg,0.012226279242895544,106.77008025610506E,10.873656370093599N
Hiep Binh Phuoc Ward-437.jpeg,0.012199766235426068,106.71978684840481E,10.873123739155629N
Hiep Binh Phuoc Ward-217.jpeg,0.012193199363537133,106.7074387649271E,10.850216804186774N
Binh Chieu Ward-107.jpeg,0.012141186278313398,106.73728634184151E,10.877042036857056N
Tam Binh Ward-21.jpeg,0.01213030779035762,106.73535785993668E,10.862360703327875N
Hiep Binh Phuoc Ward-361.jpeg,0.012106749229133129,106.71292680202829E,10.865038938578387N
Linh Xuan Ward-85.jpeg,0.012091240263544023,106.76459170975932E,10.87769877038222N
Binh Chieu Ward-141.jpeg,0.012088081450201571,106.74414707568636E,10.878389503619928N
Linh Xuan Ward-71.jpeg,0.012080313521437347,106.7673359829322E,10.876351303619344N
Binh Chieu Ward-271.jpeg,0.012045506038703024,106.71670414030693E,10.887821770960048N
Hiep Binh Phuoc Ward-81.jpeg,0.012024101335555315,106.71978684840481E,10.840784536846662N
Hiep Binh Phuoc Ward-290.jpeg,0.011900237936060876,106.72664689478133E,10.855606671238268N
Tam Binh Ward-4.jpeg,0.011884291656315327,106.7339857899446E,10.859665769802124N
Tam Binh Ward-91.jpeg,0.011857437086291611,106.73947406991294E,10.86909803714224N
Binh Chieu Ward-225.jpeg,0.011841273109894246,106.72493702092075E,10.883779370671427N
Binh Chieu Ward-314.jpeg,0.011810731200966984,106.71395984676897E,10.891864171248669N
Linh Xuan Ward-219.jpeg,0.011782443732954562,106.77145239269153E,10.891173438010956N
Binh Chieu Ward-256.jpeg,0.011771038407459855,106.71944843384486E,10.88647430419717N
Binh Chieu Ward-300.jpeg,0.01177099224878475,106.71533199353793E,10.890516704485794N
Linh Xuan Ward-162.jpeg,0.011748510936740786,106.76321957317288E,10.884436104196588N
Binh Chieu Ward-90.jpeg,0.011710770195350051,106.71395984676897E,10.877042036857056N
Hiep Binh Phuoc Ward-87.jpeg,0.0116888671182096,106.70057871855059E,10.842132003609533N
Hiep Binh Phuoc Ward-294.jpeg,0.011680392897687852,106.71841483912952E,10.856954138001145N
Tam Binh Ward-6.jpeg,0.011634920432697982,106.72712543998416E,10.861013236564999N
Hiep Binh Phuoc Ward-173.jpeg,0.01162681810092181,106.70469474637649E,10.847521870661028N
Hiep Binh Phuoc Ward-238.jpeg,0.01158334978390485,106.70606675565179E,10.85156427094965N
Linh Xuan Ward-97.jpeg,0.011554971802979708,106.78105734879661E,10.87769877038222N
Hiep Binh Phuoc Ward-237.jpeg,0.011542002321220934,106.70469474637649E,10.85156427094965N
Hiep Binh Phuoc Ward-291.jpeg,0.011439128313213587,106.72801890405661E,10.855606671238268N
Linh Xuan Ward-208.jpeg,0.011417024652473629,106.76596384634573E,10.889825971248083N
Tam Binh Ward-17.jpeg,0.011402360221836716,106.72986957996837E,10.862360703327875N
Tam Binh Ward-73.jpeg,0.011356093687936664,106.73947406991294E,10.867750570379368N
Linh Xuan Ward-15.jpeg,0.011345919338054955,106.77694093903727E,10.870961436567852N
Binh Chieu Ward-129.jpeg,0.01132087700534612,106.72768131445869E,10.878389503619928N
Linh Xuan Ward-194.jpeg,0.011302166851237416,106.77282452927795E,10.887131037722336N
Hiep Binh Phuoc Ward-362.jpeg,0.011262093903496861,106.71429881130359E,10.865038938578387N
Linh Xuan Ward-173.jpeg,0.011259905993938446,106.77831307562371E,10.884436104196588N
Linh Xuan Ward-161.jpeg,0.01124299899674952,106.76184743658641E,10.884436104196588N
Hiep Binh Phuoc Ward-48.jpeg,0.011236475897021592,106.70057871855059E,10.839437070083784N
Linh Xuan Ward-145.jpeg,0.01123421243391931,106.78105734879661E,10.881741170670843N
Hiep Binh Phuoc Ward-305.jpeg,0.011228523217141628,106.71841483912952E,10.858301604764018N
Binh Chieu Ward-327.jpeg,0.011213184334337711,106.73316990153458E,10.891864171248669N
Linh Xuan Ward-148.jpeg,0.011208587791770697,106.76459170975932E,10.883088637433714N
Binh Chieu Ward-298.jpeg,0.011204116861335933,106.73316990153458E,10.889169237722918N
Tam Binh Ward-16.jpeg,0.011201747925952077,106.72849750997626E,10.862360703327875N
Binh Chieu Ward-337.jpeg,0.011184595816303045,106.71533199353793E,10.894559104774414N
Binh Chieu Ward-232.jpeg,0.011184349830728024,106.73454204830357E,10.883779370671427N
Hiep Binh Phuoc Ward-211.jpeg,0.011177159496583045,106.69920670927529E,10.850216804186774N
Linh Xuan Ward-221.jpeg,0.011175827763509005,106.76596384634573E,10.89252090477383N
Tam Binh Ward-55.jpeg,0.011173712380696088,106.73535785993668E,10.866403103616495N
Hiep Binh Phuoc Ward-262.jpeg,0.011167146847583354,106.71567082057891E,10.852911737712523N
Binh Chieu Ward-277.jpeg,0.011161249014548957,106.72493702092075E,10.887821770960048N
Hiep Binh Phuoc Ward-176.jpeg,0.011142358183860779,106.70881077420239E,10.847521870661028N
Hiep Binh Phuoc Ward-218.jpeg,0.011134492699056864,106.70881077420239E,10.850216804186774N
Binh Chieu Ward-269.jpeg,0.011106318037491292,106.71395984676897E,10.887821770960048N
Linh Xuan Ward-154.jpeg,0.011105267098173499,106.77282452927795E,10.883088637433714N
Binh Chieu Ward-119.jpeg,0.011045860825106502,106.71395984676897E,10.878389503619928N
Linh Xuan Ward-76.jpeg,0.011031092435587198,106.77419666586437E,10.876351303619344N
Hiep Binh Phuoc Ward-322.jpeg,0.011015839467290789,106.72664689478133E,10.859649071526892N
Binh Chieu Ward-63.jpeg,0.010940411360934377,106.71670414030693E,10.875694570094184N
Linh Xuan Ward-14.jpeg,0.010931950411759317,106.77556880245083E,10.870961436567852N
Binh Chieu Ward-282.jpeg,0.010904032154940069,106.73179775476564E,10.887821770960048N
Binh Chieu Ward-293.jpeg,0.010875422041863203,106.7263091676897E,10.889169237722918N
Hiep Binh Phuoc Ward-419.jpeg,0.010873150720726699,106.72390287623071E,10.870428805629881N
Linh Xuan Ward-125.jpeg,0.01085827947827056,106.77556880245083E,10.880393703907968N
Hiep Binh Phuoc Ward-108.jpeg,0.010811692336574197,106.70195072782592E,10.843479470372408N
Linh Xuan Ward-132.jpeg,0.010798155330121517,106.76321957317288E,10.881741170670843N
Hiep Binh Phuoc Ward-314.jpeg,0.010794007102958858,106.73076292260718E,10.858301604764018N
Hiep Binh Phuoc Ward-375.jpeg,0.010773677611723542,106.71292680202829E,10.86638640534126N
Binh Chieu Ward-247.jpeg,0.010702804545871913,106.73179775476564E,10.885126837434298N
Hiep Binh Phuoc Ward-234.jpeg,0.010702557861804962,106.70057871855059E,10.85156427094965N
Binh Chieu Ward-288.jpeg,0.010685210581868887,106.71944843384486E,10.889169237722918N
Linh Xuan Ward-104.jpeg,0.010669389739632607,106.76870811951865E,10.879046237145094N
Hiep Binh Phuoc Ward-50.jpeg,0.010662132641300559,106.7033227371012E,10.839437070083784N
Linh Xuan Ward-88.jpeg,0.010647067567333579,106.76870811951865E,10.87769877038222N
Hiep Binh Phuoc Ward-380.jpeg,0.01060271798633039,106.71978684840481E,10.86638640534126N
Linh Xuan Ward-210.jpeg,0.010576155153103173,106.76870811951865E,10.889825971248083N
Linh Xuan Ward-188.jpeg,0.010564082651399076,106.76459170975932E,10.887131037722336N
Binh Chieu Ward-173.jpeg,0.010561492934357375,106.71533199353793E,10.881084437145677N
Hiep Binh Phuoc Ward-350.jpeg,0.010549757163971663,106.71567082057891E,10.863691471815514N
Hiep Binh Phuoc Ward-212.jpeg,0.010549375670962036,106.70057871855059E,10.850216804186774N
Hiep Binh Phuoc Ward-242.jpeg,0.010531392996199429,106.711554792753E,10.85156427094965N
Tam Binh Ward-2.jpeg,0.010515729547478259,106.73124164996044E,10.859665769802124N
Binh Chieu Ward-114.jpeg,0.010505371261388063,106.74689136922427E,10.877042036857056N
Linh Xuan Ward-140.jpeg,0.010498128598555923,106.77419666586437E,10.881741170670843N
Hiep Binh Phuoc Ward-33.jpeg,0.010463404469192028,106.70606675565179E,10.838089603320915N
Binh Chieu Ward-56.jpeg,0.010460438206791878,106.74689136922427E,10.87434710333131N
Binh Chieu Ward-166.jpeg,0.010449282941408455,106.74003063537943E,10.879736970382805N
Linh Xuan Ward-72.jpeg,0.010437781107611954,106.76870811951865E,10.876351303619344N
Linh Xuan Ward-159.jpeg,0.010431926872115582,106.77968521221015E,10.883088637433714N
Hiep Binh Phuoc Ward-313.jpeg,0.010413083655294031,106.72939091333191E,10.858301604764018N
Binh Chieu Ward-313.jpeg,0.010411653551273048,106.73316990153458E,10.890516704485794N
Linh Xuan Ward-160.jpeg,0.010407854279037565,106.78105734879661E,10.883088637433714N
Binh Chieu Ward-242.jpeg,0.010389068338554353,106.72493702092075E,10.885126837434298N
Hiep Binh Phuoc Ward-164.jpeg,0.010379426938015968,106.72115885768011E,10.846174403898155N
Hiep Binh Phuoc Ward-32.jpeg,0.010365092079155147,106.70469474637649E,10.838089603320915N
Linh Xuan Ward-13.jpeg,0.010340735025238246,106.77419666586437E,10.870961436567852N
Linh Xuan Ward-166.jpeg,0.01033769454807043,106.76870811951865E,10.884436104196588N
Binh Chieu Ward-297.jpeg,0.010330394841730595,106.73179775476564E,10.889169237722918N
Binh Chieu Ward-252.jpeg,0.010323242633603513,106.71395984676897E,10.88647430419717N
Tam Binh Ward-157.jpeg,0.010260223876684904,106.72986957996837E,10.87583537095661N
Binh Chieu Ward-278.jpeg,0.010259056580252945,106.7263091676897E,10.887821770960048N
Binh Chieu Ward-259.jpeg,0.010219351504929364,106.7235648741518E,10.88647430419717N
Binh Chieu Ward-254.jpeg,0.010159909259527922,106.71670414030693E,10.88647430419717N
Binh Chieu Ward-305.jpeg,0.010156074131373316,106.7221927273828E,10.890516704485794N
Binh Chieu Ward-209.jpeg,0.01014402910368517,106.73316990153458E,10.882431903908552N
Linh Xuan Ward-95.jpeg,0.01014388061594218,106.77831307562371E,10.87769877038222N
Hiep Binh Phuoc Ward-155.jpeg,0.010141992010176182,106.70881077420239E,10.846174403898155N
Hiep Binh Phuoc Ward-304.jpeg,0.010138382436707616,106.7170428298542E,10.858301604764018N
Binh Chieu Ward-92.jpeg,0.010096280253492296,106.71670414030693E,10.877042036857056N
Linh Xuan Ward-195.jpeg,0.010096257727127522,106.77419666586437E,10.887131037722336N
Hiep Binh Phuoc Ward-89.jpeg,0.010083155590109527,106.7033227371012E,10.842132003609533N
Hiep Binh Phuoc Ward-281.jpeg,0.010073901561554521,106.72801890405661E,10.854259204475397N
Binh Chieu Ward-124.jpeg,0.01007317565381527,106.72082058061385E,10.878389503619928N
Hiep Binh Phuoc Ward-349.jpeg,0.010045682196505368,106.71429881130359E,10.863691471815514N
Linh Xuan Ward-108.jpeg,0.010029396216850728,106.77419666586437E,10.879046237145094N
Binh Chieu Ward-292.jpeg,0.010011636768467724,106.72493702092075E,10.889169237722918N
Hiep Binh Phuoc Ward-66.jpeg,0.009986376389861107,106.69920670927529E,10.840784536846662N
Tam Binh Ward-116.jpeg,0.009943118260707706,106.74907855985757E,10.870445503905115N
Linh Xuan Ward-189.jpeg,0.009924936224706471,106.76596384634573E,10.887131037722336N
Tam Binh Ward-20.jpeg,0.009919943753629923,106.7339857899446E,10.862360703327875N
Linh Xuan Ward-93.jpeg,0.009917253686580807,106.77556880245083E,10.87769877038222N
Tam Binh Ward-144.jpeg,0.00991707039065659,106.74221820989712E,10.873140437430866N
Linh Xuan Ward-193.jpeg,0.00991065613925457,106.77145239269153E,10.887131037722336N
Hiep Binh Phuoc Ward-236.jpeg,0.00989277008920908,106.7033227371012E,10.85156427094965N
Linh Xuan Ward-52.jpeg,0.009871456248220056,106.76321957317288E,10.875003836856475N
Linh Xuan Ward-8.jpeg,0.009839846170507371,106.7673359829322E,10.870961436567852N
Linh Xuan Ward-153.jpeg,0.00982093153288588,106.77145239269153E,10.883088637433714N
Binh Chieu Ward-195.jpeg,0.009730874095112085,106.74551922245533E,10.881084437145677N
Hiep Binh Phuoc Ward-243.jpeg,0.009714029496535659,106.71292680202829E,10.85156427094965N
Hiep Binh Phuoc Ward-241.jpeg,0.009702557988930494,106.7101827834777E,10.85156427094965N
Hiep Binh Phuoc Ward-185.jpeg,0.009688776102848351,106.72115885768011E,10.847521870661028N
Linh Xuan Ward-109.jpeg,0.009674428729340434,106.77556880245083E,10.879046237145094N
Binh Chieu Ward-224.jpeg,0.009659771691076458,106.7235648741518E,10.883779370671427N
Binh Chieu Ward-130.jpeg,0.00958942377474159,106.72905346122765E,10.878389503619928N
Tam Binh Ward-74.jpeg,0.009540491621010005,106.74084613990506E,10.867750570379368N
Hiep Binh Phuoc Ward-315.jpeg,0.009534390293993056,106.7170428298542E,10.859649071526892N
Hiep Binh Phuoc Ward-239.jpeg,0.009529227507300675,106.7074387649271E,10.85156427094965N
Linh Xuan Ward-205.jpeg,0.00949262932408601,106.77419666586437E,10.888478504485208N
Hiep Binh Phuoc Ward-347.jpeg,0.009490118944086134,106.72801890405661E,10.862344005052638N
Binh Chieu Ward-276.jpeg,0.009489543968811631,106.7235648741518E,10.887821770960048N
Binh Chieu Ward-177.jpeg,0.00948308123042807,106.72082058061385E,10.881084437145677N
Tam Binh Ward-95.jpeg,0.00943718379130587,106.7449623498813E,10.86909803714224N
Tam Binh Ward-156.jpeg,0.00942981755360961,106.74770648986546E,10.874487904193737N
Hiep Binh Phuoc Ward-293.jpeg,0.009386982070282102,106.7170428298542E,10.856954138001145N
Hiep Binh Phuoc Ward-261.jpeg,0.00937387184239924,106.71429881130359E,10.852911737712523N
Hiep Binh Phuoc Ward-235.jpeg,0.009369863430038095,106.70195072782592E,10.85156427094965N
Hiep Binh Phuoc Ward-427.jpeg,0.00934140884783119,106.71978684840481E,10.871776272392758N
Tam Binh Ward-111.jpeg,0.009336085233371705,106.74221820989712E,10.870445503905115N
Binh Chieu Ward-152.jpeg,0.009335498791188002,106.72082058061385E,10.879736970382805N
Linh Xuan Ward-170.jpeg,0.009334800066426396,106.77419666586437E,10.884436104196588N
Linh Xuan Ward-174.jpeg,0.009324021637439728,106.77968521221015E,10.884436104196588N
Binh Chieu Ward-95.jpeg,0.009322386817075312,106.72082058061385E,10.877042036857056N
Hiep Binh Phuoc Ward-348.jpeg,0.009296358679421246,106.72939091333191E,10.862344005052638N
Binh Chieu Ward-261.jpeg,0.009293217852246016,106.7263091676897E,10.88647430419717N
Hiep Binh Phuoc Ward-316.jpeg,0.009266335517168045,106.71841483912952E,10.859649071526892N
Binh Chieu Ward-169.jpeg,0.009239223727490753,106.74414707568636E,10.879736970382805N
Linh Xuan Ward-228.jpeg,0.00923290231730789,106.76870811951865E,10.893868371536705N
Binh Chieu Ward-167.jpeg,0.0091682331985794,106.7414027821484E,10.879736970382805N
Linh Xuan Ward-167.jpeg,0.009165938652586192,106.77008025610506E,10.884436104196588N
Binh Chieu Ward-319.jpeg,0.009122123010456562,106.72082058061385E,10.891864171248669N
Linh Xuan Ward-200.jpeg,0.009115245775319636,106.7673359829322E,10.888478504485208N
Hiep Binh Phuoc Ward-1.jpeg,0.009111280320212245,106.7074387649271E,10.835394669795166N
Hiep Binh Phuoc Ward-284.jpeg,0.00911073200404644,106.71841483912952E,10.855606671238268N
Hiep Binh Phuoc Ward-334.jpeg,0.009085078374482691,106.72664689478133E,10.860996538289765N
Linh Xuan Ward-116.jpeg,0.009079334675334394,106.76321957317288E,10.880393703907968N
Binh Chieu Ward-201.jpeg,0.009057379502337426,106.7221927273828E,10.882431903908552N
Binh Chieu Ward-27.jpeg,0.009043174679391086,106.73591419507252E,10.872999636568434N
Linh Xuan Ward-163.jpeg,0.009041737532243133,106.76459170975932E,10.884436104196588N
Hiep Binh Phuoc Ward-389.jpeg,0.00903653382556513,106.71292680202829E,10.867733872104134N
Linh Xuan Ward-103.jpeg,0.009019122691825032,106.7673359829322E,10.879046237145094N
Linh Xuan Ward-124.jpeg,0.009019082062877715,106.77419666586437E,10.880393703907968N
Binh Chieu Ward-55.jpeg,0.009017751435749233,106.74551922245533E,10.87434710333131N
Hiep Binh Phuoc Ward-132.jpeg,0.008996750693768263,106.70606675565179E,10.844826937135283N
Binh Chieu Ward-121.jpeg,0.008988225948996842,106.71670414030693E,10.878389503619928N
Binh Chieu Ward-32.jpeg,0.008974605822004378,106.74277492891738E,10.872999636568434N
Linh Xuan Ward-120.jpeg,0.008968282782007009,106.76870811951865E,10.880393703907968N
Binh Chieu Ward-210.jpeg,0.008930120908189565,106.73454204830357E,10.882431903908552N
Binh Chieu Ward-255.jpeg,0.008912781660910696,106.7180762870759E,10.88647430419717N
Tam Binh Ward-13.jpeg,0.008893640944734216,106.73672992992879E,10.861013236564999N
Binh Chieu Ward-303.jpeg,0.008893373422324657,106.71944843384486E,10.890516704485794N
Hiep Binh Phuoc Ward-36.jpeg,0.00887033884646371,106.7101827834777E,10.838089603320915N
Binh Chieu Ward-291.jpeg,0.008865378913469613,106.7235648741518E,10.889169237722918N
Hiep Binh Phuoc Ward-221.jpeg,0.008858539978973567,106.71292680202829E,10.850216804186774N
Binh Chieu Ward-230.jpeg,0.008837546803988516,106.73179775476564E,10.883779370671427N
Linh Xuan Ward-215.jpeg,0.008836554072331637,106.76596384634573E,10.891173438010956N
Linh Xuan Ward-222.jpeg,0.00879269914003089,106.7673359829322E,10.89252090477383N
Hiep Binh Phuoc Ward-280.jpeg,0.008773040783125907,106.72664689478133E,10.854259204475397N
Linh Xuan Ward-151.jpeg,0.008769343374297023,106.76870811951865E,10.883088637433714N
Linh Xuan Ward-40.jpeg,0.008721976540982723,106.76870811951865E,10.873656370093599N
Hiep Binh Phuoc Ward-302.jpeg,0.008714698487892747,106.72939091333191E,10.856954138001145N
Tam Binh Ward-142.jpeg,0.008709938847459853,106.73947406991294E,10.873140437430866N
Binh Chieu Ward-138.jpeg,0.008704336418304592,106.74003063537943E,10.878389503619928N
Linh Xuan Ward-0.jpeg,0.008700517879333347,106.77145239269153E,10.869613969804979N
Linh Xuan Ward-175.jpeg,0.00870012940140441,106.76321957317288E,10.885783570959461N
Tam Binh Ward-19.jpeg,0.008691641851328313,106.73261371995252E,10.862360703327875N
Tam Binh Ward-12.jpeg,0.008683526888489723,106.73535785993668E,10.861013236564999N
Linh Xuan Ward-233.jpeg,0.008665669010952115,106.77008025610506E,10.89521583829958N
Hiep Binh Phuoc Ward-198.jpeg,0.008637075778096914,106.7101827834777E,10.848869337423903N
Binh Chieu Ward-260.jpeg,0.008634949510451406,106.72493702092075E,10.88647430419717N
Linh Xuan Ward-123.jpeg,0.008626155322417617,106.77282452927795E,10.880393703907968N
Binh Chieu Ward-148.jpeg,0.008607192372437567,106.71533199353793E,10.879736970382805N
Linh Xuan Ward-231.jpeg,0.00860604178160429,106.7673359829322E,10.89521583829958N
Hiep Binh Phuoc Ward-390.jpeg,0.008598381245974451,106.71429881130359E,10.867733872104134N
Binh Chieu Ward-96.jpeg,0.008560332411434501,106.7221927273828E,10.877042036857056N
Hiep Binh Phuoc Ward-292.jpeg,0.008550931641366333,106.72939091333191E,10.855606671238268N
Linh Xuan Ward-206.jpeg,0.00853178498800844,106.77556880245083E,10.888478504485208N
Tam Binh Ward-143.jpeg,0.0085316575714387,106.74084613990506E,10.873140437430866N
Binh Chieu Ward-31.jpeg,0.008515672700013965,106.7414027821484E,10.872999636568434N
Linh Xuan Ward-131.jpeg,0.008489796658977866,106.76184743658641E,10.881741170670843N
Binh Chieu Ward-241.jpeg,0.008476415823679417,106.7235648741518E,10.885126837434298N
Hiep Binh Phuoc Ward-220.jpeg,0.008472186687868088,106.711554792753E,10.850216804186774N
Tam Binh Ward-112.jpeg,0.008463738020509481,106.74359027988919E,10.870445503905115N
Hiep Binh Phuoc Ward-303.jpeg,0.008462827187031507,106.73076292260718E,10.856954138001145N
Binh Chieu Ward-108.jpeg,0.008421482285484672,106.73865848861047E,10.877042036857056N
Binh Chieu Ward-102.jpeg,0.008406356966588646,106.73042560799664E,10.877042036857056N
Linh Xuan Ward-94.jpeg,0.008369997842237353,106.77694093903727E,10.87769877038222N
Hiep Binh Phuoc Ward-325.jpeg,0.008359226514585316,106.73076292260718E,10.859649071526892N
Tam Binh Ward-7.jpeg,0.008352799690328538,106.72849750997626E,10.861013236564999N
Binh Chieu Ward-306.jpeg,0.008341117354575545,106.7235648741518E,10.890516704485794N
Linh Xuan Ward-3.jpeg,0.008314039441756904,106.77556880245083E,10.869613969804979N
Binh Chieu Ward-244.jpeg,0.008309078868478537,106.72768131445869E,10.885126837434298N
Binh Chieu Ward-264.jpeg,0.008291183330584317,106.73042560799664E,10.88647430419717N
Linh Xuan Ward-99.jpeg,0.008289011660963297,106.76184743658641E,10.879046237145094N
Binh Chieu Ward-94.jpeg,0.008285631833132356,106.71944843384486E,10.877042036857056N
Hiep Binh Phuoc Ward-90.jpeg,0.008279766712803394,106.70469474637649E,10.842132003609533N
Hiep Binh Phuoc Ward-339.jpeg,0.008276653301436454,106.7170428298542E,10.862344005052638N
Hiep Binh Phuoc Ward-70.jpeg,0.008274174353573471,106.70469474637649E,10.840784536846662N
Binh Chieu Ward-86.jpeg,0.008267136989161372,106.74826351599329E,10.875694570094184N
Hiep Binh Phuoc Ward-240.jpeg,0.008266513526905328,106.70881077420239E,10.85156427094965N
Linh Xuan Ward-55.jpeg,0.008250052749644965,106.7673359829322E,10.875003836856475N
Binh Chieu Ward-330.jpeg,0.00824849249329418,106.71670414030693E,10.893211638011541N
Binh Chieu Ward-338.jpeg,0.008243596064858139,106.71670414030693E,10.894559104774414N
Binh Chieu Ward-118.jpeg,0.008237658184953034,106.75237995630019E,10.877042036857056N
Binh Chieu Ward-168.jpeg,0.008221616211812943,106.74277492891738E,10.879736970382805N
Tam Binh Ward-113.jpeg,0.008220205374527723,106.7449623498813E,10.870445503905115N
Hiep Binh Phuoc Ward-10.jpeg,0.00821646983968094,106.71978684840481E,10.835394669795166N
Binh Chieu Ward-198.jpeg,0.008214403875172138,106.7180762870759E,10.882431903908552N
Linh Xuan Ward-226.jpeg,0.008209882827941328,106.77282452927795E,10.89252090477383N
Tam Binh Ward-149.jpeg,0.00820177688729018,106.72849750997626E,10.874487904193737N
Binh Chieu Ward-223.jpeg,0.008192677807528526,106.7221927273828E,10.883779370671427N
Tam Binh Ward-132.jpeg,0.008169242355506867,106.7463344198734E,10.871792970667988N
Hiep Binh Phuoc Ward-219.jpeg,0.008114846947137266,106.7101827834777E,10.850216804186774N
Binh Chieu Ward-15.jpeg,0.008102080377284437,106.74414707568636E,10.87165216980556N
Binh Chieu Ward-43.jpeg,0.008101353596430272,106.72905346122765E,10.87434710333131N
Linh Xuan Ward-139.jpeg,0.00809702934930101,106.77282452927795E,10.881741170670843N
Linh Xuan Ward-216.jpeg,0.008085565001238137,106.7673359829322E,10.891173438010956N
Tam Binh Ward-145.jpeg,0.008083925931714475,106.74359027988919E,10.873140437430866N
Tam Binh Ward-115.jpeg,0.008081358508206904,106.74770648986546E,10.870445503905115N
Linh Xuan Ward-164.jpeg,0.008077875128947198,106.76596384634573E,10.884436104196588N
Hiep Binh Phuoc Ward-133.jpeg,0.00806886312784627,106.7074387649271E,10.844826937135283N
Hiep Binh Phuoc Ward-88.jpeg,0.008053991652559489,106.70195072782592E,10.842132003609533N
Tam Binh Ward-131.jpeg,0.008052364806644619,106.7449623498813E,10.871792970667988N
Hiep Binh Phuoc Ward-101.jpeg,0.008041744877118617,106.71978684840481E,10.842132003609533N
Hiep Binh Phuoc Ward-31.jpeg,0.008040555170737207,106.7033227371012E,10.838089603320915N
Binh Chieu Ward-318.jpeg,0.008038776053581387,106.71944843384486E,10.891864171248669N
Linh Xuan Ward-117.jpeg,0.008037951192818582,106.76459170975932E,10.880393703907968N
Hiep Binh Phuoc Ward-324.jpeg,0.008037068182602525,106.72939091333191E,10.859649071526892N
Binh Chieu Ward-248.jpeg,0.008034365775529295,106.73316990153458E,10.885126837434298N
Binh Chieu Ward-65.jpeg,0.007990892103407532,106.71944843384486E,10.875694570094184N
Binh Chieu Ward-249.jpeg,0.007990278129000217,106.73454204830357E,10.885126837434298N
Linh Xuan Ward-201.jpeg,0.007984660449437797,106.76870811951865E,10.888478504485208N
Binh Chieu Ward-197.jpeg,0.007971406332217157,106.71670414030693E,10.882431903908552N
Linh Xuan Ward-10.jpeg,0.007970852369908243,106.77008025610506E,10.870961436567852N
Hiep Binh Phuoc Ward-327.jpeg,0.007969285128638148,106.7170428298542E,10.860996538289765N
Binh Chieu Ward-17.jpeg,0.007956239045597613,106.7221927273828E,10.872999636568434N
Binh Chieu Ward-75.jpeg,0.007946489029563963,106.73316990153458E,10.875694570094184N
Binh Chieu Ward-41.jpeg,0.007925388868898153,106.7263091676897E,10.87434710333131N
Linh Xuan Ward-9.jpeg,0.007923801837023348,106.76870811951865E,10.870961436567852N
Linh Xuan Ward-168.jpeg,0.007904736965429038,106.77145239269153E,10.884436104196588N
Tam Binh Ward-110.jpeg,0.007899173768237233,106.74084613990506E,10.870445503905115N
Tam Binh Ward-54.jpeg,0.007893638801760972,106.7339857899446E,10.866403103616495N
Binh Chieu Ward-70.jpeg,0.00786236469866708,106.7263091676897E,10.875694570094184N
Linh Xuan Ward-26.jpeg,0.007857971475459635,106.77145239269153E,10.872308903330724N
Binh Chieu Ward-347.jpeg,0.00785053160507232,106.72082058061385E,10.895906571537289N
Hiep Binh Phuoc Ward-338.jpeg,0.007825416687410325,106.71567082057891E,10.862344005052638N
Binh Chieu Ward-246.jpeg,0.007787670416291803,106.73042560799664E,10.885126837434298N
Tam Binh Ward-90.jpeg,0.007732036407105625,106.73810199992089E,10.86909803714224N
Hiep Binh Phuoc Ward-376.jpeg,0.007720831665210426,106.71429881130359E,10.86638640534126N
Tam Binh Ward-18.jpeg,0.007715919695328921,106.73124164996044E,10.862360703327875N
Binh Chieu Ward-290.jpeg,0.007710253819823265,106.7221927273828E,10.889169237722918N
Hiep Binh Phuoc Ward-358.jpeg,0.007674777647480369,106.72664689478133E,10.863691471815514N
Binh Chieu Ward-30.jpeg,0.007665244804229587,106.74003063537943E,10.872999636568434N
Binh Chieu Ward-179.jpeg,0.0076644435757771134,106.7235648741518E,10.881084437145677N
Binh Chieu Ward-287.jpeg,0.00764501909725368,106.7180762870759E,10.889169237722918N
Tam Binh Ward-28.jpeg,0.007639037910848856,106.73124164996044E,10.86370817009075N
Hiep Binh Phuoc Ward-199.jpeg,0.007625028258189559,106.711554792753E,10.848869337423903N
Hiep Binh Phuoc Ward-377.jpeg,0.007616803515702486,106.71567082057891E,10.86638640534126N
Linh Xuan Ward-2.jpeg,0.00758586754091084,106.77419666586437E,10.869613969804979N
Hiep Binh Phuoc Ward-282.jpeg,0.007569572131615132,106.72939091333191E,10.854259204475397N
Linh Xuan Ward-232.jpeg,0.007566325890365988,106.76870811951865E,10.89521583829958N
Hiep Binh Phuoc Ward-436.jpeg,0.0075404816889204085,106.71841483912952E,10.873123739155629N
Tam Binh Ward-32.jpeg,0.007540031045209616,106.73672992992879E,10.86370817009075N
Linh Xuan Ward-56.jpeg,0.007533682917710394,106.76870811951865E,10.875003836856475N
Binh Chieu Ward-339.jpeg,0.007520301558542997,106.7180762870759E,10.894559104774414N
Hiep Binh Phuoc Ward-17.jpeg,0.007517746707890183,106.7074387649271E,10.83674213655804N
Binh Chieu Ward-331.jpeg,0.007516774814575911,106.7180762870759E,10.893211638011541N
Binh Chieu Ward-36.jpeg,0.007514925382565707,106.74826351599329E,10.872999636568434N
Binh Chieu Ward-71.jpeg,0.007489057665225118,106.72768131445869E,10.875694570094184N
Tam Binh Ward-108.jpeg,0.00747748016146943,106.73810199992089E,10.870445503905115N
Linh Xuan Ward-176.jpeg,0.007463336631190032,106.76459170975932E,10.885783570959461N
Binh Chieu Ward-69.jpeg,0.007461745815817267,106.72493702092075E,10.875694570094184N
Tam Binh Ward-148.jpeg,0.007458984095137566,106.74770648986546E,10.873140437430866N
Hiep Binh Phuoc Ward-244.jpeg,0.0074466869700700045,106.71429881130359E,10.85156427094965N
Linh Xuan Ward-182.jpeg,0.00744326738640666,106.77282452927795E,10.885783570959461N
Hiep Binh Phuoc Ward-51.jpeg,0.007426859519910067,106.70469474637649E,10.839437070083784N
Binh Chieu Ward-58.jpeg,0.007424128241837025,106.74963566276224E,10.87434710333131N
Linh Xuan Ward-101.jpeg,0.007420160865876824,106.76459170975932E,10.879046237145094N
Hiep Binh Phuoc Ward-233.jpeg,0.007406697899568826,106.69920670927529E,10.85156427094965N
Hiep Binh Phuoc Ward-365.jpeg,0.007400332833640277,106.71841483912952E,10.865038938578387N
Hiep Binh Phuoc Ward-68.jpeg,0.007398256682790816,106.70195072782592E,10.840784536846662N
Hiep Binh Phuoc Ward-364.jpeg,0.00739698123652488,106.7170428298542E,10.865038938578387N
Linh Xuan Ward-39.jpeg,0.007386831508483738,106.7673359829322E,10.873656370093599N
Tam Binh Ward-15.jpeg,0.007374416454695165,106.72712543998416E,10.862360703327875N
Binh Chieu Ward-64.jpeg,0.00735711312154308,106.7180762870759E,10.875694570094184N
Linh Xuan Ward-133.jpeg,0.007347629114519805,106.76459170975932E,10.881741170670843N
Tam Binh Ward-139.jpeg,0.007345142017584294,106.73261371995252E,10.873140437430866N
Linh Xuan Ward-229.jpeg,0.007318973250221461,106.77008025610506E,10.893868371536705N
Hiep Binh Phuoc Ward-428.jpeg,0.00730351556558162,106.72115885768011E,10.871776272392758N
Hiep Binh Phuoc Ward-53.jpeg,0.00728603737661615,106.7074387649271E,10.839437070083784N
Binh Chieu Ward-302.jpeg,0.007281876169145107,106.7180762870759E,10.890516704485794N
Tam Binh Ward-43.jpeg,0.007277542084921151,106.73535785993668E,10.865055636853619N
Hiep Binh Phuoc Ward-37.jpeg,0.007268852205015719,106.711554792753E,10.838089603320915N
Hiep Binh Phuoc Ward-69.jpeg,0.007262026541866362,106.7033227371012E,10.840784536846662N
Binh Chieu Ward-326.jpeg,0.00722633907571435,106.73179775476564E,10.891864171248669N
Linh Xuan Ward-178.jpeg,0.007218592974822968,106.7673359829322E,10.885783570959461N
Linh Xuan Ward-190.jpeg,0.007192420307546854,106.7673359829322E,10.887131037722336N
Linh Xuan Ward-225.jpeg,0.00710843619890511,106.77145239269153E,10.89252090477383N
Tam Binh Ward-107.jpeg,0.007101279188646004,106.73672992992879E,10.870445503905115N
Linh Xuan Ward-165.jpeg,0.00708865508204326,106.7673359829322E,10.884436104196588N
Hiep Binh Phuoc Ward-172.jpeg,0.007086778990924358,106.7033227371012E,10.847521870661028N
Tam Binh Ward-141.jpeg,0.007074756606016308,106.73810199992089E,10.873140437430866N
Hiep Binh Phuoc Ward-193.jpeg,0.007066365680657327,106.7033227371012E,10.848869337423903N
Binh Chieu Ward-332.jpeg,0.007064637495204806,106.71944843384486E,10.893211638011541N
Tam Binh Ward-9.jpeg,0.007041697157546878,106.73124164996044E,10.861013236564999N
Binh Chieu Ward-226.jpeg,0.0070300817606039345,106.7263091676897E,10.883779370671427N
Linh Xuan Ward-25.jpeg,0.0070296116173267365,106.77008025610506E,10.872308903330724N
Binh Chieu Ward-104.jpeg,0.007027908519376069,106.73316990153458E,10.877042036857056N
Binh Chieu Ward-93.jpeg,0.007027361600194126,106.7180762870759E,10.877042036857056N
Linh Xuan Ward-203.jpeg,0.0070223649381659925,106.77145239269153E,10.888478504485208N
Hiep Binh Phuoc Ward-351.jpeg,0.0070160223986022174,106.7170428298542E,10.863691471815514N
Binh Chieu Ward-57.jpeg,0.007002991391345859,106.74826351599329E,10.87434710333131N
Hiep Binh Phuoc Ward-371.jpeg,0.0069846417172811925,106.72664689478133E,10.865038938578387N
Binh Chieu Ward-35.jpeg,0.006981953629292548,106.74689136922427E,10.872999636568434N
Binh Chieu Ward-151.jpeg,0.006952819705475122,106.71944843384486E,10.879736970382805N
Hiep Binh Phuoc Ward-342.jpeg,0.006952036579605192,106.72115885768011E,10.862344005052638N
Hiep Binh Phuoc Ward-200.jpeg,0.006912783195730299,106.71292680202829E,10.848869337423903N
Tam Binh Ward-123.jpeg,0.006908105162438005,106.7339857899446E,10.871792970667988N
Linh Xuan Ward-110.jpeg,0.00690119358478114,106.77694093903727E,10.879046237145094N
Binh Chieu Ward-200.jpeg,0.006893291953019798,106.72082058061385E,10.882431903908552N
Binh Chieu Ward-307.jpeg,0.006889444252010435,106.72493702092075E,10.890516704485794N
Binh Chieu Ward-147.jpeg,0.0068867437657900155,106.71395984676897E,10.879736970382805N
Tam Binh Ward-25.jpeg,0.006858907290734351,106.72712543998416E,10.86370817009075N
Tam Binh Ward-94.jpeg,0.00683274824405089,106.74359027988919E,10.86909803714224N
Linh Xuan Ward-152.jpeg,0.00683035550173372,106.77008025610506E,10.883088637433714N
Linh Xuan Ward-137.jpeg,0.006821797462180257,106.77008025610506E,10.881741170670843N
Tam Binh Ward-147.jpeg,0.0068070511915721,106.7463344198734E,10.873140437430866N
Hiep Binh Phuoc Ward-434.jpeg,0.006799776456318796,106.71567082057891E,10.873123739155629N
Hiep Binh Phuoc Ward-271.jpeg,0.006798024231102318,106.72801890405661E,10.852911737712523N
Hiep Binh Phuoc Ward-401.jpeg,0.006795529450755566,106.71429881130359E,10.869081338867007N
Linh Xuan Ward-102.jpeg,0.006793859181925654,106.76596384634573E,10.879046237145094N
Binh Chieu Ward-222.jpeg,0.006781153904739767,106.72082058061385E,10.883779370671427N
Binh Chieu Ward-68.jpeg,0.0067810172331519425,106.7235648741518E,10.875694570094184N
Tam Binh Ward-1.jpeg,0.006738925992976874,106.72986957996837E,10.859665769802124N
Hiep Binh Phuoc Ward-346.jpeg,0.006734154070727527,106.72664689478133E,10.862344005052638N
Binh Chieu Ward-28.jpeg,0.0067320759990252554,106.73728634184151E,10.872999636568434N
Linh Xuan Ward-87.jpeg,0.006726083636749536,106.7673359829322E,10.87769877038222N
Hiep Binh Phuoc Ward-391.jpeg,0.006719333934597671,106.71567082057891E,10.867733872104134N
Binh Chieu Ward-115.jpeg,0.00670969852944836,106.74826351599329E,10.877042036857056N
Binh Chieu Ward-33.jpeg,0.006701182166580111,106.74414707568636E,10.872999636568434N
Hiep Binh Phuoc Ward-34.jpeg,0.006695797084830701,106.7074387649271E,10.838089603320915N
Hiep Binh Phuoc Ward-52.jpeg,0.006694936426356435,106.70606675565179E,10.839437070083784N
Linh Xuan Ward-177.jpeg,0.006694351555779576,106.76596384634573E,10.885783570959461N
Hiep Binh Phuoc Ward-71.jpeg,0.006693271920084953,106.70606675565179E,10.840784536846662N
Hiep Binh Phuoc Ward-274.jpeg,0.006691963295452297,106.71841483912952E,10.854259204475397N
Linh Xuan Ward-187.jpeg,0.006676911725662649,106.76321957317288E,10.887131037722336N
Tam Binh Ward-63.jpeg,0.006673943775240332,106.72575336999209E,10.867750570379368N
Tam Binh Ward-146.jpeg,0.006624306202866137,106.7449623498813E,10.873140437430866N
Hiep Binh Phuoc Ward-30.jpeg,0.006621031963732094,106.70195072782592E,10.838089603320915N
Hiep Binh Phuoc Ward-416.jpeg,0.006600839144084603,106.71978684840481E,10.870428805629881N
Hiep Binh Phuoc Ward-378.jpeg,0.006595354352612048,106.7170428298542E,10.86638640534126N
Linh Xuan Ward-24.jpeg,0.0065865807118825614,106.76870811951865E,10.872308903330724N
Binh Chieu Ward-21.jpeg,0.00658293958986178,106.72768131445869E,10.872999636568434N
Tam Binh Ward-44.jpeg,0.006580446846783161,106.73672992992879E,10.865055636853619N
Linh Xuan Ward-36.jpeg,0.006570365221705288,106.76321957317288E,10.873656370093599N
Hiep Binh Phuoc Ward-186.jpeg,0.00655150122474879,106.72253086695538E,10.847521870661028N
Tam Binh Ward-109.jpeg,0.006548750912770629,106.73947406991294E,10.870445503905115N
Linh Xuan Ward-119.jpeg,0.006541522161569446,106.7673359829322E,10.880393703907968N
Hiep Binh Phuoc Ward-435.jpeg,0.006535068270750344,106.7170428298542E,10.873123739155629N
Linh Xuan Ward-4.jpeg,0.006532027560751885,106.77694093903727E,10.869613969804979N
Hiep Binh Phuoc Ward-257.jpeg,0.006500431336462498,106.70469474637649E,10.852911737712523N
Linh Xuan Ward-100.jpeg,0.006480137293692678,106.76321957317288E,10.879046237145094N
Binh Chieu Ward-145.jpeg,0.006462962424848229,106.74963566276224E,10.878389503619928N
Linh Xuan Ward-150.jpeg,0.006455402239225805,106.7673359829322E,10.883088637433714N
Tam Binh Ward-130.jpeg,0.006449568027164787,106.74359027988919E,10.871792970667988N
Hiep Binh Phuoc Ward-328.jpeg,0.006449235370382667,106.71841483912952E,10.860996538289765N
Hiep Binh Phuoc Ward-379.jpeg,0.006437748146709055,106.71841483912952E,10.86638640534126N
Binh Chieu Ward-312.jpeg,0.006431090703699738,106.73179775476564E,10.890516704485794N
Binh Chieu Ward-178.jpeg,0.006430453795474023,106.7221927273828E,10.881084437145677N
Hiep Binh Phuoc Ward-165.jpeg,0.006411783775547519,106.72253086695538E,10.846174403898155N
Hiep Binh Phuoc Ward-80.jpeg,0.006373366748448461,106.71841483912952E,10.840784536846662N
Binh Chieu Ward-146.jpeg,0.006365608482155949,106.75100780953125E,10.878389503619928N
Hiep Binh Phuoc Ward-263.jpeg,0.006352483294904232,106.7170428298542E,10.852911737712523N
Linh Xuan Ward-20.jpeg,0.006346686277538538,106.76321957317288E,10.872308903330724N
Hiep Binh Phuoc Ward-232.jpeg,0.006329385039862245,106.72801890405661E,10.850216804186774N
Binh Chieu Ward-272.jpeg,0.006318312895018607,106.7180762870759E,10.887821770960048N
Linh Xuan Ward-149.jpeg,0.006315728242043406,106.76596384634573E,10.883088637433714N
Binh Chieu Ward-203.jpeg,0.006270489364396781,106.72493702092075E,10.882431903908552N
Hiep Binh Phuoc Ward-381.jpeg,0.006269437551964074,106.72115885768011E,10.86638640534126N
Binh Chieu Ward-8.jpeg,0.006268393946811557,106.73454204830357E,10.87165216980556N
Tam Binh Ward-135.jpeg,0.0062592283939011395,106.72712543998416E,10.873140437430866N
Linh Xuan Ward-12.jpeg,0.006259051151573658,106.77282452927795E,10.870961436567852N
Binh Chieu Ward-262.jpeg,0.006252414139453322,106.72768131445869E,10.88647430419717N
Binh Chieu Ward-317.jpeg,0.006247937155421823,106.7180762870759E,10.891864171248669N
Binh Chieu Ward-42.jpeg,0.006247534824069589,106.72768131445869E,10.87434710333131N
Hiep Binh Phuoc Ward-177.jpeg,0.006240036222152412,106.7101827834777E,10.847521870661028N
Linh Xuan Ward-212.jpeg,0.006232785643078387,106.77145239269153E,10.889825971248083N
Hiep Binh Phuoc Ward-72.jpeg,0.006225429242476821,106.7074387649271E,10.840784536846662N
Binh Chieu Ward-350.jpeg,0.00621574796969071,106.71944843384486E,10.897254038300163N
Tam Binh Ward-75.jpeg,0.006214145279955119,106.74221820989712E,10.867750570379368N
Hiep Binh Phuoc Ward-54.jpeg,0.006199071649461985,106.70881077420239E,10.839437070083784N
Hiep Binh Phuoc Ward-258.jpeg,0.0061904669855721295,106.70606675565179E,10.852911737712523N
Tam Binh Ward-36.jpeg,0.0061750050517730415,106.72575336999209E,10.865055636853619N
Binh Chieu Ward-133.jpeg,0.006173603411298245,106.73316990153458E,10.878389503619928N
Hiep Binh Phuoc Ward-398.jpeg,0.006172801193315536,106.72527488550601E,10.867733872104134N
Binh Chieu Ward-29.jpeg,0.0061584910727106035,106.73865848861047E,10.872999636568434N
Linh Xuan Ward-5.jpeg,0.006157694675493985,106.77831307562371E,10.869613969804979N
Linh Xuan Ward-192.jpeg,0.006143991893623024,106.77008025610506E,10.887131037722336N
Hiep Binh Phuoc Ward-11.jpeg,0.006127980537712574,106.72115885768011E,10.835394669795166N
Binh Chieu Ward-14.jpeg,0.0061248159618116915,106.74277492891738E,10.87165216980556N
Binh Chieu Ward-140.jpeg,0.0061206071404740214,106.74277492891738E,10.878389503619928N
Binh Chieu Ward-128.jpeg,0.006110955611802638,106.7263091676897E,10.878389503619928N
Linh Xuan Ward-23.jpeg,0.006100427359342575,106.7673359829322E,10.872308903330724N
Binh Chieu Ward-279.jpeg,0.006100167229305953,106.72768131445869E,10.887821770960048N
Tam Binh Ward-31.jpeg,0.006099101679865271,106.73535785993668E,10.86370817009075N
Hiep Binh Phuoc Ward-310.jpeg,0.006092600990086794,106.72527488550601E,10.858301604764018N
Hiep Binh Phuoc Ward-384.jpeg,0.006082509644329548,106.72527488550601E,10.86638640534126N
Tam Binh Ward-68.jpeg,0.0060755861341021955,106.73261371995252E,10.867750570379368N
Binh Chieu Ward-208.jpeg,0.006066149042453617,106.73179775476564E,10.882431903908552N
Linh Xuan Ward-211.jpeg,0.006064643966965377,106.77008025610506E,10.889825971248083N
Linh Xuan Ward-22.jpeg,0.006062076019588858,106.76596384634573E,10.872308903330724N
Linh Xuan Ward-146.jpeg,0.006057657825294882,106.76184743658641E,10.883088637433714N
Binh Chieu Ward-320.jpeg,0.0060572216752916574,106.7221927273828E,10.891864171248669N
Tam Binh Ward-22.jpeg,0.006036251841578633,106.73672992992879E,10.862360703327875N
Tam Binh Ward-134.jpeg,0.006018300482537597,106.72575336999209E,10.873140437430866N
Binh Chieu Ward-341.jpeg,0.006015568797010928,106.72082058061385E,10.894559104774414N
Binh Chieu Ward-1.jpeg,0.006008776312228292,106.7235648741518E,10.87165216980556N
Hiep Binh Phuoc Ward-20.jpeg,0.006003639224218205,106.711554792753E,10.83674213655804N
Binh Chieu Ward-207.jpeg,0.00599026313284412,106.73042560799664E,10.882431903908552N
Binh Chieu Ward-7.jpeg,0.005974276515189558,106.73316990153458E,10.87165216980556N
Hiep Binh Phuoc Ward-254.jpeg,0.005969467805698514,106.72801890405661E,10.85156427094965N
Binh Chieu Ward-176.jpeg,0.005955624859780073,106.71944843384486E,10.881084437145677N
Hiep Binh Phuoc Ward-336.jpeg,0.005954555934295058,106.72939091333191E,10.860996538289765N
Hiep Binh Phuoc Ward-439.jpeg,0.005952950334176421,106.72253086695538E,10.873123739155629N
Linh Xuan Ward-11.jpeg,0.005946479155682027,106.77145239269153E,10.870961436567852N
Tam Binh Ward-37.jpeg,0.005946054472588003,106.72712543998416E,10.865055636853619N
Hiep Binh Phuoc Ward-47.jpeg,0.005942017596680671,106.69920670927529E,10.839437070083784N
Binh Chieu Ward-88.jpeg,0.0059368888614699244,106.75100780953125E,10.875694570094184N
Hiep Binh Phuoc Ward-109.jpeg,0.00593154423404485,106.7033227371012E,10.843479470372408N
Binh Chieu Ward-20.jpeg,0.005913725181017071,106.7263091676897E,10.872999636568434N
Tam Binh Ward-76.jpeg,0.005897101364098489,106.74359027988919E,10.867750570379368N
Linh Xuan Ward-37.jpeg,0.005890058004297316,106.76459170975932E,10.873656370093599N
Hiep Binh Phuoc Ward-367.jpeg,0.005876830313354731,106.72115885768011E,10.865038938578387N
Binh Chieu Ward-181.jpeg,0.0058709405129775405,106.7263091676897E,10.881084437145677N
Hiep Binh Phuoc Ward-337.jpeg,0.005856350064277649,106.73076292260718E,10.860996538289765N
Hiep Binh Phuoc Ward-299.jpeg,0.005848294938914478,106.72527488550601E,10.856954138001145N
Binh Chieu Ward-172.jpeg,0.005848020606208593,106.71395984676897E,10.881084437145677N
Hiep Binh Phuoc Ward-363.jpeg,0.005845089035574347,106.71567082057891E,10.865038938578387N
Linh Xuan Ward-183.jpeg,0.005843167891725898,106.77419666586437E,10.885783570959461N
Tam Binh Ward-70.jpeg,0.005841318459715694,106.73535785993668E,10.867750570379368N
Linh Xuan Ward-135.jpeg,0.005840749538037926,106.7673359829322E,10.881741170670843N
Hiep Binh Phuoc Ward-366.jpeg,0.00583295343676582,106.71978684840481E,10.865038938578387N
Binh Chieu Ward-38.jpeg,0.005828882218338549,106.7221927273828E,10.87434710333131N
Tam Binh Ward-69.jpeg,0.005812131508719176,106.7339857899446E,10.867750570379368N
Linh Xuan Ward-118.jpeg,0.00580500322394073,106.76596384634573E,10.880393703907968N
Binh Chieu Ward-340.jpeg,0.0057882750988937914,106.71944843384486E,10.894559104774414N
Hiep Binh Phuoc Ward-260.jpeg,0.0057752589345909655,106.71292680202829E,10.852911737712523N
Binh Chieu Ward-139.jpeg,0.005774123768787831,106.7414027821484E,10.878389503619928N
Tam Binh Ward-8.jpeg,0.005773101991508156,106.72986957996837E,10.861013236564999N
Hiep Binh Phuoc Ward-12.jpeg,0.005768497823737562,106.72253086695538E,10.835394669795166N
Tam Binh Ward-152.jpeg,0.005765541340224445,106.73261371995252E,10.874487904193737N
Hiep Binh Phuoc Ward-429.jpeg,0.005753000557888299,106.72253086695538E,10.871776272392758N
Binh Chieu Ward-34.jpeg,0.005751220392994583,106.74551922245533E,10.872999636568434N
Linh Xuan Ward-35.jpeg,0.005732249468564987,106.76184743658641E,10.873656370093599N
Binh Chieu Ward-342.jpeg,0.00572689127875492,106.7221927273828E,10.894559104774414N
Binh Chieu Ward-180.jpeg,0.0057049234746955335,106.72493702092075E,10.881084437145677N
Binh Chieu Ward-89.jpeg,0.00569671846460551,106.75237995630019E,10.875694570094184N
Hiep Binh Phuoc Ward-102.jpeg,0.005694023973774165,106.72115885768011E,10.842132003609533N
Hiep Binh Phuoc Ward-321.jpeg,0.0056837741867639124,106.72527488550601E,10.859649071526892N
Binh Chieu Ward-73.jpeg,0.0056728439521975815,106.73042560799664E,10.875694570094184N
Linh Xuan Ward-51.jpeg,0.005654949345625937,106.76184743658641E,10.875003836856475N
Linh Xuan Ward-1.jpeg,0.005649093654938042,106.77282452927795E,10.869613969804979N
Binh Chieu Ward-99.jpeg,0.005641465075314045,106.7263091676897E,10.877042036857056N
Tam Binh Ward-67.jpeg,0.005628724844427779,106.73124164996044E,10.867750570379368N
Binh Chieu Ward-349.jpeg,0.005624523269943893,106.7180762870759E,10.897254038300163N
Hiep Binh Phuoc Ward-289.jpeg,0.005607625062111765,106.72527488550601E,10.855606671238268N
Tam Binh Ward-5.jpeg,0.005593658424913883,106.72575336999209E,10.861013236564999N
Binh Chieu Ward-40.jpeg,0.005586785438936204,106.72493702092075E,10.87434710333131N
Tam Binh Ward-124.jpeg,0.005586230370681733,106.73535785993668E,10.871792970667988N
Binh Chieu Ward-156.jpeg,0.005584394617471844,106.7263091676897E,10.879736970382805N
Binh Chieu Ward-296.jpeg,0.005567744607105851,106.73042560799664E,10.889169237722918N
Hiep Binh Phuoc Ward-408.jpeg,0.005548439454287291,106.72390287623071E,10.869081338867007N
Binh Chieu Ward-294.jpeg,0.00553944002604112,106.72768131445869E,10.889169237722918N
Hiep Binh Phuoc Ward-423.jpeg,0.005536938086152077,106.71429881130359E,10.871776272392758N
Binh Chieu Ward-281.jpeg,0.0055301671382039785,106.73042560799664E,10.887821770960048N
Hiep Binh Phuoc Ward-134.jpeg,0.005522017949260771,106.70881077420239E,10.844826937135283N
Binh Chieu Ward-184.jpeg,0.005512916424777359,106.73042560799664E,10.881084437145677N
Linh Xuan Ward-38.jpeg,0.005510645569302142,106.76596384634573E,10.873656370093599N
Hiep Binh Phuoc Ward-329.jpeg,0.0054919712129049,106.71978684840481E,10.860996538289765N
Binh Chieu Ward-157.jpeg,0.005485479021444917,106.72768131445869E,10.879736970382805N
Hiep Binh Phuoc Ward-352.jpeg,0.005480417632497847,106.71841483912952E,10.863691471815514N
Binh Chieu Ward-117.jpeg,0.005432358128018677,106.75100780953125E,10.877042036857056N
Binh Chieu Ward-245.jpeg,0.005422123766038567,106.72905346122765E,10.885126837434298N
Binh Chieu Ward-333.jpeg,0.005420487897936255,106.72082058061385E,10.893211638011541N
Hiep Binh Phuoc Ward-402.jpeg,0.005410065467003733,106.71567082057891E,10.869081338867007N
Linh Xuan Ward-202.jpeg,0.005400909285526723,106.77008025610506E,10.888478504485208N
Tam Binh Ward-61.jpeg,0.005399345187470317,106.74359027988919E,10.866403103616495N
Binh Chieu Ward-335.jpeg,0.005394065112341195,106.7235648741518E,10.893211638011541N
Hiep Binh Phuoc Ward-270.jpeg,0.00538489333121106,106.72664689478133E,10.852911737712523N
Hiep Binh Phuoc Ward-279.jpeg,0.005382624745834619,106.72527488550601E,10.854259204475397N
Tam Binh Ward-128.jpeg,0.005379565584007651,106.74084613990506E,10.871792970667988N
Hiep Binh Phuoc Ward-306.jpeg,0.005374583997763693,106.71978684840481E,10.858301604764018N
Hiep Binh Phuoc Ward-430.jpeg,0.005357175075914711,106.72390287623071E,10.871776272392758N
Binh Chieu Ward-187.jpeg,0.00533863075543195,106.73454204830357E,10.881084437145677N
Tam Binh Ward-129.jpeg,0.005333947483450174,106.74221820989712E,10.871792970667988N
Hiep Binh Phuoc Ward-19.jpeg,0.005322190700098872,106.7101827834777E,10.83674213655804N
Hiep Binh Phuoc Ward-110.jpeg,0.005301875760778785,106.70469474637649E,10.843479470372408N
Hiep Binh Phuoc Ward-245.jpeg,0.0052993978024460375,106.71567082057891E,10.85156427094965N
Binh Chieu Ward-87.jpeg,0.005298755073454231,106.74963566276224E,10.875694570094184N
Tam Binh Ward-48.jpeg,0.005282590340357274,106.72575336999209E,10.866403103616495N
Binh Chieu Ward-334.jpeg,0.0052780702244490385,106.7221927273828E,10.893211638011541N
Binh Chieu Ward-343.jpeg,0.005273840914014727,106.71533199353793E,10.895906571537289N
Hiep Binh Phuoc Ward-255.jpeg,0.005270426219794899,106.70195072782592E,10.852911737712523N
Hiep Binh Phuoc Ward-412.jpeg,0.005269643443170935,106.71429881130359E,10.870428805629881N
Hiep Binh Phuoc Ward-403.jpeg,0.005233161966316402,106.7170428298542E,10.869081338867007N
Binh Chieu Ward-161.jpeg,0.0052297377260401845,106.73316990153458E,10.879736970382805N
Binh Chieu Ward-206.jpeg,0.005222719511948526,106.72905346122765E,10.882431903908552N
Tam Binh Ward-89.jpeg,0.0052152693388052285,106.73672992992879E,10.86909803714224N
Tam Binh Ward-136.jpeg,0.005203800857998431,106.72849750997626E,10.873140437430866N
Binh Chieu Ward-321.jpeg,0.0052033860119991004,106.7235648741518E,10.891864171248669N
Binh Chieu Ward-9.jpeg,0.005197379330638796,106.73591419507252E,10.87165216980556N
Binh Chieu Ward-155.jpeg,0.005193522083573043,106.72493702092075E,10.879736970382805N
Hiep Binh Phuoc Ward-143.jpeg,0.005189837596844882,106.72115885768011E,10.844826937135283N
Binh Chieu Ward-229.jpeg,0.005165353300981224,106.73042560799664E,10.883779370671427N
Hiep Binh Phuoc Ward-326.jpeg,0.00515301275299862,106.71567082057891E,10.860996538289765N
Binh Chieu Ward-0.jpeg,0.005151167220901698,106.7221927273828E,10.87165216980556N
Hiep Binh Phuoc Ward-35.jpeg,0.005145914969034493,106.70881077420239E,10.838089603320915N
Binh Chieu Ward-131.jpeg,0.005145099596120417,106.73042560799664E,10.878389503619928N
Hiep Binh Phuoc Ward-13.jpeg,0.005142305686604232,106.72390287623071E,10.835394669795166N
Hiep Binh Phuoc Ward-83.jpeg,0.005121718684677035,106.72253086695538E,10.840784536846662N
Linh Xuan Ward-21.jpeg,0.005113028455525637,106.76459170975932E,10.872308903330724N
Binh Chieu Ward-10.jpeg,0.005112384300446138,106.73728634184151E,10.87165216980556N
Binh Chieu Ward-345.jpeg,0.005108626559376717,106.7180762870759E,10.895906571537289N
Hiep Binh Phuoc Ward-131.jpeg,0.005098789697512984,106.70469474637649E,10.844826937135283N
Binh Chieu Ward-204.jpeg,0.005090120597742498,106.7263091676897E,10.882431903908552N
Hiep Binh Phuoc Ward-409.jpeg,0.0050714482786133885,106.72527488550601E,10.869081338867007N
Tam Binh Ward-51.jpeg,0.005056725902250037,106.72986957996837E,10.866403103616495N
Hiep Binh Phuoc Ward-256.jpeg,0.005054558569099754,106.7033227371012E,10.852911737712523N
Tam Binh Ward-72.jpeg,0.005054367706179619,106.73810199992089E,10.867750570379368N
Tam Binh Ward-121.jpeg,0.005051138112321496,106.73124164996044E,10.871792970667988N
Binh Chieu Ward-12.jpeg,0.0050421852502040565,106.74003063537943E,10.87165216980556N
Hiep Binh Phuoc Ward-317.jpeg,0.00503228121669963,106.71978684840481E,10.859649071526892N
Tam Binh Ward-50.jpeg,0.005016605427954346,106.72849750997626E,10.866403103616495N
Binh Chieu Ward-227.jpeg,0.005006219609640539,106.72768131445869E,10.883779370671427N
Binh Chieu Ward-263.jpeg,0.004998226824682206,106.72905346122765E,10.88647430419717N
Binh Chieu Ward-346.jpeg,0.004995564988348633,106.71944843384486E,10.895906571537289N
Hiep Binh Phuoc Ward-55.jpeg,0.004995389375835657,106.7101827834777E,10.839437070083784N
Binh Chieu Ward-132.jpeg,0.004989495413610712,106.73179775476564E,10.878389503619928N
Binh Chieu Ward-13.jpeg,0.0049675164627842605,106.7414027821484E,10.87165216980556N
Tam Binh Ward-81.jpeg,0.004961198195815086,106.72575336999209E,10.86909803714224N
Hiep Binh Phuoc Ward-372.jpeg,0.004954398318659514,106.72801890405661E,10.865038938578387N
Hiep Binh Phuoc Ward-399.jpeg,0.004949215741362423,106.72664689478133E,10.867733872104134N
Hiep Binh Phuoc Ward-370.jpeg,0.004927457601297647,106.72527488550601E,10.865038938578387N
Tam Binh Ward-56.jpeg,0.004916802863590419,106.73672992992879E,10.866403103616495N
Hiep Binh Phuoc Ward-392.jpeg,0.004914670455036685,106.7170428298542E,10.867733872104134N
Hiep Binh Phuoc Ward-330.jpeg,0.004910590942017734,106.72115885768011E,10.860996538289765N
Binh Chieu Ward-153.jpeg,0.004909394832793623,106.7221927273828E,10.879736970382805N
Hiep Binh Phuoc Ward-332.jpeg,0.004907247523078695,106.72390287623071E,10.860996538289765N
Hiep Binh Phuoc Ward-341.jpeg,0.004904534434899688,106.71978684840481E,10.862344005052638N
Hiep Binh Phuoc Ward-420.jpeg,0.0048894560895860195,106.72527488550601E,10.870428805629881N
Tam Binh Ward-52.jpeg,0.004883557878201827,106.73124164996044E,10.866403103616495N
Hiep Binh Phuoc Ward-178.jpeg,0.004870374425081536,106.711554792753E,10.847521870661028N
Hiep Binh Phuoc Ward-0.jpeg,0.004855112114455551,106.70606675565179E,10.835394669795166N
Tam Binh Ward-122.jpeg,0.0048362090601585805,106.73261371995252E,10.871792970667988N
Hiep Binh Phuoc Ward-222.jpeg,0.004820571455638856,106.71429881130359E,10.850216804186774N
Binh Chieu Ward-6.jpeg,0.004811710794456303,106.73179775476564E,10.87165216980556N
Tam Binh Ward-104.jpeg,0.004802032373845577,106.73261371995252E,10.870445503905115N
Tam Binh Ward-127.jpeg,0.004794707172550261,106.73947406991294E,10.871792970667988N
Binh Chieu Ward-344.jpeg,0.004787378944456577,106.71670414030693E,10.895906571537289N
Hiep Binh Phuoc Ward-333.jpeg,0.004786508739925921,106.72527488550601E,10.860996538289765N
Hiep Binh Phuoc Ward-64.jpeg,0.004778489703312516,106.72253086695538E,10.839437070083784N
Tam Binh Ward-159.jpeg,0.004760621639434248,106.73261371995252E,10.87583537095661N
Tam Binh Ward-150.jpeg,0.004752796376124024,106.72986957996837E,10.874487904193737N
Tam Binh Ward-58.jpeg,0.004740148317068815,106.73947406991294E,10.866403103616495N
Hiep Binh Phuoc Ward-4.jpeg,0.004731566703412682,106.711554792753E,10.835394669795166N
Tam Binh Ward-86.jpeg,0.004729230015072972,106.73261371995252E,10.86909803714224N
Hiep Binh Phuoc Ward-15.jpeg,0.004723891208413988,106.70469474637649E,10.83674213655804N
Hiep Binh Phuoc Ward-386.jpeg,0.004721846722532064,106.72801890405661E,10.86638640534126N
Binh Chieu Ward-182.jpeg,0.004719608172308654,106.72768131445869E,10.881084437145677N
Hiep Binh Phuoc Ward-82.jpeg,0.004715979914180934,106.72115885768011E,10.840784536846662N
Binh Chieu Ward-2.jpeg,0.0047031698923092335,106.72493702092075E,10.87165216980556N
Hiep Binh Phuoc Ward-414.jpeg,0.004701566795120016,106.7170428298542E,10.870428805629881N
Hiep Binh Phuoc Ward-231.jpeg,0.004697177704656497,106.72664689478133E,10.850216804186774N
Tam Binh Ward-87.jpeg,0.004695304960478097,106.7339857899446E,10.86909803714224N
Tam Binh Ward-24.jpeg,0.0046921264147385955,106.72575336999209E,10.86370817009075N
Tam Binh Ward-88.jpeg,0.004686662432504818,106.73535785993668E,10.86909803714224N
Tam Binh Ward-103.jpeg,0.004672265029512346,106.73124164996044E,10.870445503905115N
Linh Xuan Ward-136.jpeg,0.00466890586540103,106.76870811951865E,10.881741170670843N
Binh Chieu Ward-103.jpeg,0.004667687346227467,106.73179775476564E,10.877042036857056N
Hiep Binh Phuoc Ward-388.jpeg,0.004658500198274851,106.73076292260718E,10.86638640534126N
Tam Binh Ward-125.jpeg,0.004655047960113734,106.73672992992879E,10.871792970667988N
Binh Chieu Ward-154.jpeg,0.004652488278225064,106.7235648741518E,10.879736970382805N
Hiep Binh Phuoc Ward-432.jpeg,0.004648330854251981,106.72664689478133E,10.871776272392758N
Binh Chieu Ward-22.jpeg,0.004643046238925308,106.72905346122765E,10.872999636568434N
Hiep Binh Phuoc Ward-385.jpeg,0.0046297425869852304,106.72664689478133E,10.86638640534126N
Hiep Binh Phuoc Ward-340.jpeg,0.004629112023394555,106.71841483912952E,10.862344005052638N
Hiep Binh Phuoc Ward-413.jpeg,0.0045973879168741405,106.71567082057891E,10.870428805629881N
Linh Xuan Ward-169.jpeg,0.0045919548138044775,106.77282452927795E,10.884436104196588N
Tam Binh Ward-106.jpeg,0.004586719645885751,106.73535785993668E,10.870445503905115N
Binh Chieu Ward-98.jpeg,0.0045837314100936055,106.72493702092075E,10.877042036857056N
Hiep Binh Phuoc Ward-343.jpeg,0.0045824215922039,106.72253086695538E,10.862344005052638N
Hiep Binh Phuoc Ward-404.jpeg,0.004581208166200668,106.71841483912952E,10.869081338867007N
Linh Xuan Ward-230.jpeg,0.004581140849040821,106.77145239269153E,10.893868371536705N
Hiep Binh Phuoc Ward-285.jpeg,0.004578241234412417,106.71978684840481E,10.855606671238268N
Tam Binh Ward-118.jpeg,0.004563782480545342,106.72712543998416E,10.871792970667988N
Hiep Binh Phuoc Ward-9.jpeg,0.004561688052490354,106.71841483912952E,10.835394669795166N
Tam Binh Ward-40.jpeg,0.004554742656182498,106.73124164996044E,10.865055636853619N
Linh Xuan Ward-134.jpeg,0.004549131088424474,106.76596384634573E,10.881741170670843N
Tam Binh Ward-59.jpeg,0.004548853961750865,106.74084613990506E,10.866403103616495N
Binh Chieu Ward-3.jpeg,0.004509436374064535,106.7263091676897E,10.87165216980556N
Binh Chieu Ward-205.jpeg,0.004499646194744855,106.72768131445869E,10.882431903908552N
Binh Chieu Ward-308.jpeg,0.004467519465833902,106.7263091676897E,10.890516704485794N
Tam Binh Ward-39.jpeg,0.004466102720471099,106.72986957996837E,10.865055636853619N
Hiep Binh Phuoc Ward-393.jpeg,0.004465629754122347,106.71841483912952E,10.867733872104134N
Hiep Binh Phuoc Ward-387.jpeg,0.0044548022851813585,106.72939091333191E,10.86638640534126N
Tam Binh Ward-71.jpeg,0.004453801142517477,106.73672992992879E,10.867750570379368N
Binh Chieu Ward-11.jpeg,0.004445325292181224,106.73865848861047E,10.87165216980556N
Binh Chieu Ward-174.jpeg,0.004441367840627208,106.71670414030693E,10.881084437145677N
Hiep Binh Phuoc Ward-415.jpeg,0.004435724316863343,106.71841483912952E,10.870428805629881N
Hiep Binh Phuoc Ward-144.jpeg,0.004426589381182566,106.72253086695538E,10.844826937135283N
Hiep Binh Phuoc Ward-184.jpeg,0.004417322779772803,106.71978684840481E,10.847521870661028N
Tam Binh Ward-105.jpeg,0.004406715161167085,106.7339857899446E,10.870445503905115N
Tam Binh Ward-38.jpeg,0.004402245482197031,106.72849750997626E,10.865055636853619N
Hiep Binh Phuoc Ward-61.jpeg,0.00439666208694689,106.71841483912952E,10.839437070083784N
Binh Chieu Ward-19.jpeg,0.004385127016576007,106.72493702092075E,10.872999636568434N
Hiep Binh Phuoc Ward-210.jpeg,0.004377129924250767,106.72664689478133E,10.848869337423903N
Hiep Binh Phuoc Ward-56.jpeg,0.004366314911749214,106.711554792753E,10.839437070083784N
Binh Chieu Ward-97.jpeg,0.0043634338362608105,106.7235648741518E,10.877042036857056N
Binh Chieu Ward-336.jpeg,0.004359232465503737,106.72493702092075E,10.893211638011541N
Hiep Binh Phuoc Ward-374.jpeg,0.004354267497546971,106.73076292260718E,10.865038938578387N
Binh Chieu Ward-295.jpeg,0.0043327420426066965,106.72905346122765E,10.889169237722918N
Hiep Binh Phuoc Ward-359.jpeg,0.004325226414948702,106.72801890405661E,10.863691471815514N
Hiep Binh Phuoc Ward-224.jpeg,0.004319223313359544,106.7170428298542E,10.850216804186774N
Binh Chieu Ward-322.jpeg,0.0043076316942460835,106.72493702092075E,10.891864171248669N
Hiep Binh Phuoc Ward-331.jpeg,0.004303146211896092,106.72253086695538E,10.860996538289765N
Hiep Binh Phuoc Ward-163.jpeg,0.004288395633921027,106.71978684840481E,10.846174403898155N
Hiep Binh Phuoc Ward-91.jpeg,0.004283519403543323,106.70606675565179E,10.842132003609533N
Tam Binh Ward-126.jpeg,0.004278684587916359,106.73810199992089E,10.871792970667988N
Hiep Binh Phuoc Ward-253.jpeg,0.004271895129932091,106.72664689478133E,10.85156427094965N
Hiep Binh Phuoc Ward-103.jpeg,0.00426971007254906,106.72253086695538E,10.842132003609533N
Tam Binh Ward-137.jpeg,0.0042575327679514885,106.72986957996837E,10.873140437430866N
Hiep Binh Phuoc Ward-373.jpeg,0.0042480228876229376,106.72939091333191E,10.865038938578387N
Hiep Binh Phuoc Ward-122.jpeg,0.004243307805154473,106.72115885768011E,10.843479470372408N
Tam Binh Ward-85.jpeg,0.004237027344061062,106.73124164996044E,10.86909803714224N
Tam Binh Ward-53.jpeg,0.004236119450069964,106.73261371995252E,10.866403103616495N
Tam Binh Ward-49.jpeg,0.0042357958445791155,106.72712543998416E,10.866403103616495N
Tam Binh Ward-60.jpeg,0.004234188061673194,106.74221820989712E,10.866403103616495N
Tam Binh Ward-138.jpeg,0.004232810577377677,106.73124164996044E,10.873140437430866N
Hiep Binh Phuoc Ward-410.jpeg,0.004226782504701987,106.72664689478133E,10.869081338867007N
Binh Chieu Ward-24.jpeg,0.004222355724778026,106.73179775476564E,10.872999636568434N
Tam Binh Ward-99.jpeg,0.004217954003252089,106.72575336999209E,10.870445503905115N
Binh Chieu Ward-175.jpeg,0.004215516004478559,106.7180762870759E,10.881084437145677N
Binh Chieu Ward-23.jpeg,0.004187899030512199,106.73042560799664E,10.872999636568434N
Tam Binh Ward-29.jpeg,0.00418208321207203,106.73261371995252E,10.86370817009075N
Binh Chieu Ward-183.jpeg,0.004170646949205548,106.72905346122765E,10.881084437145677N
Binh Chieu Ward-44.jpeg,0.0041612302884459496,106.73042560799664E,10.87434710333131N
Hiep Binh Phuoc Ward-360.jpeg,0.00415763002820313,106.72939091333191E,10.863691471815514N
Binh Chieu Ward-280.jpeg,0.0041553236078470945,106.72905346122765E,10.887821770960048N
Hiep Binh Phuoc Ward-426.jpeg,0.004154889669734985,106.71841483912952E,10.871776272392758N
Hiep Binh Phuoc Ward-2.jpeg,0.004144929640460759,106.70881077420239E,10.835394669795166N
Hiep Binh Phuoc Ward-26.jpeg,0.004135634982958436,106.71978684840481E,10.83674213655804N
Hiep Binh Phuoc Ward-369.jpeg,0.004134343063924462,106.72390287623071E,10.865038938578387N
Tam Binh Ward-117.jpeg,0.0041256310360040516,106.72575336999209E,10.871792970667988N
Hiep Binh Phuoc Ward-111.jpeg,0.004121334321098402,106.70606675565179E,10.843479470372408N
Binh Chieu Ward-348.jpeg,0.004112077411264181,106.71670414030693E,10.897254038300163N
Tam Binh Ward-27.jpeg,0.004104448948055506,106.72986957996837E,10.86370817009075N
Binh Chieu Ward-228.jpeg,0.004092784220119938,106.72905346122765E,10.883779370671427N
Hiep Binh Phuoc Ward-395.jpeg,0.004089152731467038,106.72115885768011E,10.867733872104134N
Hiep Binh Phuoc Ward-394.jpeg,0.004077300167409703,106.71978684840481E,10.867733872104134N
Tam Binh Ward-83.jpeg,0.004058535327203572,106.72849750997626E,10.86909803714224N
Hiep Binh Phuoc Ward-431.jpeg,0.0040532093844376504,106.72527488550601E,10.871776272392758N
Hiep Binh Phuoc Ward-275.jpeg,0.004028904717415571,106.71978684840481E,10.854259204475397N
Hiep Binh Phuoc Ward-354.jpeg,0.004027142684208229,106.72115885768011E,10.863691471815514N
Hiep Binh Phuoc Ward-353.jpeg,0.004026556242024526,106.71978684840481E,10.863691471815514N
Hiep Binh Phuoc Ward-63.jpeg,0.004006537143141031,106.72115885768011E,10.839437070083784N
Tam Binh Ward-82.jpeg,0.003973031620262191,106.72712543998416E,10.86909803714224N
Binh Chieu Ward-125.jpeg,0.003963963594287634,106.7221927273828E,10.878389503619928N
Hiep Binh Phuoc Ward-62.jpeg,0.003944909753045067,106.71978684840481E,10.839437070083784N
Hiep Binh Phuoc Ward-411.jpeg,0.003940078400773928,106.72801890405661E,10.869081338867007N
Tam Binh Ward-66.jpeg,0.003938229085179046,106.72986957996837E,10.867750570379368N
Hiep Binh Phuoc Ward-405.jpeg,0.00392046823981218,106.71978684840481E,10.869081338867007N
Hiep Binh Phuoc Ward-396.jpeg,0.003918572037946433,106.72253086695538E,10.867733872104134N
Binh Chieu Ward-116.jpeg,0.003918158879969269,106.74963566276224E,10.877042036857056N
Binh Chieu Ward-127.jpeg,0.003913281601853669,106.72493702092075E,10.878389503619928N
Binh Chieu Ward-18.jpeg,0.003907739039277658,106.7235648741518E,10.872999636568434N
Hiep Binh Phuoc Ward-259.jpeg,0.0039025305304676294,106.7074387649271E,10.852911737712523N
Hiep Binh Phuoc Ward-424.jpeg,0.0039018740644678473,106.71567082057891E,10.871776272392758N
Hiep Binh Phuoc Ward-179.jpeg,0.0039007756276987493,106.71292680202829E,10.847521870661028N
Tam Binh Ward-45.jpeg,0.003895786969223991,106.73810199992089E,10.865055636853619N
Hiep Binh Phuoc Ward-417.jpeg,0.003889621759299189,106.72115885768011E,10.870428805629881N
Hiep Binh Phuoc Ward-357.jpeg,0.0038886079273652285,106.72527488550601E,10.863691471815514N
Tam Binh Ward-26.jpeg,0.0038853891019243747,106.72849750997626E,10.86370817009075N
Tam Binh Ward-100.jpeg,0.0038769925595261157,106.72712543998416E,10.870445503905115N
Binh Chieu Ward-323.jpeg,0.0038741267926525325,106.7263091676897E,10.891864171248669N
Hiep Binh Phuoc Ward-368.jpeg,0.0038688696222379804,106.72253086695538E,10.865038938578387N
Tam Binh Ward-14.jpeg,0.003865261940518394,106.72575336999209E,10.862360703327875N
Hiep Binh Phuoc Ward-295.jpeg,0.003862309327814728,106.71978684840481E,10.856954138001145N
Hiep Binh Phuoc Ward-421.jpeg,0.003861694218358025,106.72664689478133E,10.870428805629881N
Hiep Binh Phuoc Ward-418.jpeg,0.0038457753253169358,106.72253086695538E,10.870428805629881N
Binh Chieu Ward-149.jpeg,0.0038447947008535266,106.71670414030693E,10.879736970382805N
Hiep Binh Phuoc Ward-246.jpeg,0.0038365657383110374,106.7170428298542E,10.85156427094965N
Binh Chieu Ward-186.jpeg,0.003834790230030194,106.73316990153458E,10.881084437145677N
Hiep Binh Phuoc Ward-189.jpeg,0.0038182866701390594,106.72664689478133E,10.847521870661028N
Tam Binh Ward-57.jpeg,0.0038179599796421826,106.73810199992089E,10.866403103616495N
Hiep Binh Phuoc Ward-121.jpeg,0.00381582960835658,106.71978684840481E,10.843479470372408N
Binh Chieu Ward-150.jpeg,0.0038063646643422544,106.7180762870759E,10.879736970382805N
Tam Binh Ward-158.jpeg,0.003789252514252439,106.73124164996044E,10.87583537095661N
Hiep Binh Phuoc Ward-355.jpeg,0.0037655422638636082,106.72253086695538E,10.863691471815514N
Binh Chieu Ward-158.jpeg,0.0037602605298161507,106.72905346122765E,10.879736970382805N
Binh Chieu Ward-4.jpeg,0.003746922709979117,106.72768131445869E,10.87165216980556N
Hiep Binh Phuoc Ward-397.jpeg,0.003743763401871547,106.72390287623071E,10.867733872104134N
Hiep Binh Phuoc Ward-123.jpeg,0.0037249760644044727,106.72253086695538E,10.843479470372408N
Hiep Binh Phuoc Ward-344.jpeg,0.0036986095656175166,106.72390287623071E,10.862344005052638N
Hiep Binh Phuoc Ward-25.jpeg,0.003690939483931288,106.71841483912952E,10.83674213655804N
Hiep Binh Phuoc Ward-5.jpeg,0.0036905254528392106,106.71292680202829E,10.835394669795166N
Hiep Binh Phuoc Ward-425.jpeg,0.0036829074088018388,106.7170428298542E,10.871776272392758N
Tam Binh Ward-30.jpeg,0.0036817446525674313,106.7339857899446E,10.86370817009075N
Tam Binh Ward-65.jpeg,0.0036659390316344798,106.72849750997626E,10.867750570379368N
Hiep Binh Phuoc Ward-209.jpeg,0.003664104122435674,106.72527488550601E,10.848869337423903N
Binh Chieu Ward-160.jpeg,0.0036617248551920056,106.73179775476564E,10.879736970382805N
Binh Chieu Ward-311.jpeg,0.003657854103948921,106.73042560799664E,10.890516704485794N
Hiep Binh Phuoc Ward-14.jpeg,0.003644879237981513,106.7033227371012E,10.83674213655804N
Tam Binh Ward-64.jpeg,0.003641109447926283,106.72712543998416E,10.867750570379368N
Binh Chieu Ward-185.jpeg,0.003638802212662995,106.73179775476564E,10.881084437145677N
Hiep Binh Phuoc Ward-407.jpeg,0.0036290370335336775,106.72253086695538E,10.869081338867007N
Hiep Binh Phuoc Ward-28.jpeg,0.003616198373492807,106.72253086695538E,10.83674213655804N
Hiep Binh Phuoc Ward-73.jpeg,0.003613940527429804,106.70881077420239E,10.840784536846662N
Hiep Binh Phuoc Ward-356.jpeg,0.003605402889661491,106.72390287623071E,10.863691471815514N
Binh Chieu Ward-74.jpeg,0.003576002985937521,106.73179775476564E,10.875694570094184N
Hiep Binh Phuoc Ward-3.jpeg,0.003526342596160248,106.7101827834777E,10.835394669795166N
Hiep Binh Phuoc Ward-100.jpeg,0.003518685669405386,106.71841483912952E,10.842132003609533N
Hiep Binh Phuoc Ward-383.jpeg,0.003514928714139387,106.72390287623071E,10.86638640534126N
Hiep Binh Phuoc Ward-382.jpeg,0.0035136666265316308,106.72253086695538E,10.86638640534126N
Hiep Binh Phuoc Ward-60.jpeg,0.00350890148547478,106.7170428298542E,10.839437070083784N
Hiep Binh Phuoc Ward-345.jpeg,0.0035010587016586214,106.72527488550601E,10.862344005052638N
Binh Chieu Ward-309.jpeg,0.0034966451057698578,106.72768131445869E,10.890516704485794N
Hiep Binh Phuoc Ward-440.jpeg,0.003489400987746194,106.72390287623071E,10.873123739155629N
Hiep Binh Phuoc Ward-223.jpeg,0.003481760388240218,106.71567082057891E,10.850216804186774N
Binh Chieu Ward-39.jpeg,0.0034748441248666495,106.7235648741518E,10.87434710333131N
Hiep Binh Phuoc Ward-202.jpeg,0.003466863214271143,106.71567082057891E,10.848869337423903N
Hiep Binh Phuoc Ward-400.jpeg,0.00346616143360734,106.72801890405661E,10.867733872104134N
Hiep Binh Phuoc Ward-201.jpeg,0.0034614301403053105,106.71429881130359E,10.848869337423903N
Hiep Binh Phuoc Ward-112.jpeg,0.0034572817385196686,106.7074387649271E,10.843479470372408N
Hiep Binh Phuoc Ward-422.jpeg,0.0034407064376864582,106.72801890405661E,10.870428805629881N
Tam Binh Ward-41.jpeg,0.0034323270665481687,106.73261371995252E,10.865055636853619N
Hiep Binh Phuoc Ward-206.jpeg,0.0034169702557846904,106.72115885768011E,10.848869337423903N
Tam Binh Ward-84.jpeg,0.00340932363178581,106.72986957996837E,10.86909803714224N
Binh Chieu Ward-126.jpeg,0.0034077734453603625,106.7235648741518E,10.878389503619928N
Hiep Binh Phuoc Ward-320.jpeg,0.003394636820303276,106.72390287623071E,10.859649071526892N
Hiep Binh Phuoc Ward-188.jpeg,0.003374501538928598,106.72527488550601E,10.847521870661028N
Tam Binh Ward-42.jpeg,0.0033687191316857934,106.7339857899446E,10.865055636853619N
Hiep Binh Phuoc Ward-298.jpeg,0.003351365856360644,106.72390287623071E,10.856954138001145N
Hiep Binh Phuoc Ward-406.jpeg,0.0033500449790153652,106.72115885768011E,10.869081338867007N
Hiep Binh Phuoc Ward-124.jpeg,0.003349153063027188,106.72390287623071E,10.843479470372408N
Hiep Binh Phuoc Ward-278.jpeg,0.00332866475218907,106.72390287623071E,10.854259204475397N
Hiep Binh Phuoc Ward-27.jpeg,0.003323727461975068,106.72115885768011E,10.83674213655804N
Hiep Binh Phuoc Ward-309.jpeg,0.0032780221954453737,106.72390287623071E,10.858301604764018N
Binh Chieu Ward-159.jpeg,0.003267457999754697,106.73042560799664E,10.879736970382805N
Tam Binh Ward-102.jpeg,0.0032670963555574417,106.72986957996837E,10.870445503905115N
Hiep Binh Phuoc Ward-24.jpeg,0.0032618858676869422,106.7170428298542E,10.83674213655804N
Binh Chieu Ward-324.jpeg,0.003240686288336292,106.72768131445869E,10.891864171248669N
Tam Binh Ward-120.jpeg,0.003235033538658172,106.72986957996837E,10.871792970667988N
Hiep Binh Phuoc Ward-156.jpeg,0.0032349443063139915,106.7101827834777E,10.846174403898155N
Hiep Binh Phuoc Ward-205.jpeg,0.0032272859825752676,106.71978684840481E,10.848869337423903N
Tam Binh Ward-151.jpeg,0.003226159344194457,106.73124164996044E,10.874487904193737N
Hiep Binh Phuoc Ward-247.jpeg,0.0032259135914500803,106.71841483912952E,10.85156427094965N
Hiep Binh Phuoc Ward-18.jpeg,0.0031970546406228095,106.70881077420239E,10.83674213655804N
Hiep Binh Phuoc Ward-286.jpeg,0.0031904217321425676,106.72115885768011E,10.855606671238268N
Hiep Binh Phuoc Ward-318.jpeg,0.0031867488869465888,106.72115885768011E,10.859649071526892N
Hiep Binh Phuoc Ward-43.jpeg,0.0031572423176839948,106.71978684840481E,10.838089603320915N
Hiep Binh Phuoc Ward-319.jpeg,0.0031531490676570684,106.72253086695538E,10.859649071526892N
Hiep Binh Phuoc Ward-225.jpeg,0.003147656738292426,106.71841483912952E,10.850216804186774N
Binh Chieu Ward-325.jpeg,0.0031457687728106976,106.72905346122765E,10.891864171248669N
Hiep Binh Phuoc Ward-264.jpeg,0.003132773155812174,106.71841483912952E,10.852911737712523N
Binh Chieu Ward-45.jpeg,0.0031220880628097802,106.73179775476564E,10.87434710333131N
Hiep Binh Phuoc Ward-168.jpeg,0.0030890678463038057,106.72664689478133E,10.846174403898155N
Tam Binh Ward-101.jpeg,0.00308817220502533,106.72849750997626E,10.870445503905115N
Hiep Binh Phuoc Ward-42.jpeg,0.003087805467657745,106.71841483912952E,10.838089603320915N
Hiep Binh Phuoc Ward-41.jpeg,0.0030811074539087713,106.7170428298542E,10.838089603320915N
Tam Binh Ward-119.jpeg,0.0030806644062977284,106.72849750997626E,10.871792970667988N
Binh Chieu Ward-5.jpeg,0.0030803117260802537,106.72905346122765E,10.87165216980556N
Hiep Binh Phuoc Ward-45.jpeg,0.003076551598496735,106.72253086695538E,10.838089603320915N
Hiep Binh Phuoc Ward-44.jpeg,0.003073594009038061,106.72115885768011E,10.838089603320915N
Hiep Binh Phuoc Ward-145.jpeg,0.0030396311776712537,106.72390287623071E,10.844826937135283N
Hiep Binh Phuoc Ward-142.jpeg,0.0030342459212988615,106.71978684840481E,10.844826937135283N
Hiep Binh Phuoc Ward-8.jpeg,0.0030268181581050158,106.7170428298542E,10.835394669795166N
Hiep Binh Phuoc Ward-226.jpeg,0.003022747812792659,106.71978684840481E,10.850216804186774N
Hiep Binh Phuoc Ward-307.jpeg,0.003015005262568593,106.72115885768011E,10.858301604764018N
Tam Binh Ward-47.jpeg,0.00299057227675803,106.74084613990506E,10.865055636853619N
Hiep Binh Phuoc Ward-79.jpeg,0.002976236864924431,106.7170428298542E,10.840784536846662N
Hiep Binh Phuoc Ward-92.jpeg,0.002969525696244091,106.7074387649271E,10.842132003609533N
Hiep Binh Phuoc Ward-227.jpeg,0.0029620959830936044,106.72115885768011E,10.850216804186774N
Tam Binh Ward-46.jpeg,0.002961017278721556,106.73947406991294E,10.865055636853619N
Hiep Binh Phuoc Ward-288.jpeg,0.0029556530935224146,106.72390287623071E,10.855606671238268N
Binh Chieu Ward-310.jpeg,0.002941290906164795,106.72905346122765E,10.890516704485794N
Hiep Binh Phuoc Ward-207.jpeg,0.002934832824394107,106.72253086695538E,10.848869337423903N
Hiep Binh Phuoc Ward-180.jpeg,0.0029294031264726073,106.71429881130359E,10.847521870661028N
Hiep Binh Phuoc Ward-125.jpeg,0.0029260538576636463,106.72527488550601E,10.843479470372408N
Hiep Binh Phuoc Ward-296.jpeg,0.002922850864706561,106.72115885768011E,10.856954138001145N
Hiep Binh Phuoc Ward-183.jpeg,0.0029158171673770994,106.71841483912952E,10.847521870661028N
Hiep Binh Phuoc Ward-269.jpeg,0.0028969619888812304,106.72527488550601E,10.852911737712523N
Tam Binh Ward-33.jpeg,0.0028657494112849236,106.73810199992089E,10.86370817009075N
Hiep Binh Phuoc Ward-162.jpeg,0.0028301572892814875,106.71841483912952E,10.846174403898155N
Hiep Binh Phuoc Ward-181.jpeg,0.0028113531006965786,106.71567082057891E,10.847521870661028N
Hiep Binh Phuoc Ward-7.jpeg,0.002799476438667625,106.71567082057891E,10.835394669795166N
Hiep Binh Phuoc Ward-204.jpeg,0.0027798707014881074,106.71841483912952E,10.848869337423903N
Hiep Binh Phuoc Ward-276.jpeg,0.0027749740111175925,106.72115885768011E,10.854259204475397N
Hiep Binh Phuoc Ward-23.jpeg,0.0027628466486930847,106.71567082057891E,10.83674213655804N
Hiep Binh Phuoc Ward-113.jpeg,0.002755825873464346,106.70881077420239E,10.843479470372408N
Hiep Binh Phuoc Ward-74.jpeg,0.002736304566496983,106.7101827834777E,10.840784536846662N
Hiep Binh Phuoc Ward-203.jpeg,0.002735225425567478,106.7170428298542E,10.848869337423903N
Hiep Binh Phuoc Ward-126.jpeg,0.0027211616979911923,106.72664689478133E,10.843479470372408N
Hiep Binh Phuoc Ward-65.jpeg,0.0027128070942126215,106.72390287623071E,10.839437070083784N
Hiep Binh Phuoc Ward-308.jpeg,0.002712689805775881,106.72253086695538E,10.858301604764018N
Hiep Binh Phuoc Ward-167.jpeg,0.0026961136027239263,106.72527488550601E,10.846174403898155N
Hiep Binh Phuoc Ward-297.jpeg,0.0026943668199237436,106.72253086695538E,10.856954138001145N
Hiep Binh Phuoc Ward-135.jpeg,0.0026923855184577405,106.7101827834777E,10.844826937135283N
Hiep Binh Phuoc Ward-120.jpeg,0.002691762987524271,106.71841483912952E,10.843479470372408N
Hiep Binh Phuoc Ward-158.jpeg,0.002683202503249049,106.71292680202829E,10.846174403898155N
Hiep Binh Phuoc Ward-249.jpeg,0.0026823107909876853,106.72115885768011E,10.85156427094965N
Hiep Binh Phuoc Ward-104.jpeg,0.0026770048134494573,106.72390287623071E,10.842132003609533N
Hiep Binh Phuoc Ward-75.jpeg,0.0026724243070930243,106.711554792753E,10.840784536846662N
Hiep Binh Phuoc Ward-267.jpeg,0.0026662567688617855,106.72253086695538E,10.852911737712523N
Tam Binh Ward-23.jpeg,0.002662769053131342,106.73810199992089E,10.862360703327875N
Hiep Binh Phuoc Ward-59.jpeg,0.0026562002021819353,106.71567082057891E,10.839437070083784N
Hiep Binh Phuoc Ward-248.jpeg,0.0026421720976941288,106.71978684840481E,10.85156427094965N
Hiep Binh Phuoc Ward-29.jpeg,0.0026266996283084154,106.72390287623071E,10.83674213655804N
Hiep Binh Phuoc Ward-21.jpeg,0.0026190408098045737,106.71292680202829E,10.83674213655804N
Hiep Binh Phuoc Ward-57.jpeg,0.0025978779303841293,106.71292680202829E,10.839437070083784N
Hiep Binh Phuoc Ward-38.jpeg,0.002593522396637127,106.71292680202829E,10.838089603320915N
Hiep Binh Phuoc Ward-265.jpeg,0.0025602374807931483,106.71978684840481E,10.852911737712523N
Tam Binh Ward-35.jpeg,0.0025596803752705455,106.74084613990506E,10.86370817009075N
Hiep Binh Phuoc Ward-287.jpeg,0.0025516299065202475,106.72253086695538E,10.855606671238268N
Hiep Binh Phuoc Ward-277.jpeg,0.0025465454964432865,106.72253086695538E,10.854259204475397N
Hiep Binh Phuoc Ward-84.jpeg,0.0025302181020379066,106.72390287623071E,10.840784536846662N
Hiep Binh Phuoc Ward-46.jpeg,0.0025167200074065477,106.72390287623071E,10.838089603320915N
Hiep Binh Phuoc Ward-157.jpeg,0.002516684151487425,106.711554792753E,10.846174403898155N
Hiep Binh Phuoc Ward-146.jpeg,0.0025153161550406367,106.72527488550601E,10.844826937135283N
Hiep Binh Phuoc Ward-160.jpeg,0.0024770552408881485,106.71567082057891E,10.846174403898155N
Hiep Binh Phuoc Ward-266.jpeg,0.002468325197696686,106.72115885768011E,10.852911737712523N
Hiep Binh Phuoc Ward-40.jpeg,0.0024660663621034473,106.71567082057891E,10.838089603320915N
Hiep Binh Phuoc Ward-187.jpeg,0.002460643881931901,106.72390287623071E,10.847521870661028N
Hiep Binh Phuoc Ward-147.jpeg,0.002459455281496048,106.72664689478133E,10.844826937135283N
Hiep Binh Phuoc Ward-141.jpeg,0.0024372748739551753,106.71841483912952E,10.844826937135283N
Hiep Binh Phuoc Ward-114.jpeg,0.0024258508638013154,106.7101827834777E,10.843479470372408N
Hiep Binh Phuoc Ward-182.jpeg,0.0024020881683100015,106.7170428298542E,10.847521870661028N
Tam Binh Ward-34.jpeg,0.0023953729396453127,106.73947406991294E,10.86370817009075N
Hiep Binh Phuoc Ward-159.jpeg,0.002394771610852331,106.71429881130359E,10.846174403898155N
Hiep Binh Phuoc Ward-166.jpeg,0.002388791413977742,106.72390287623071E,10.846174403898155N
Hiep Binh Phuoc Ward-6.jpeg,0.0023867647687438875,106.71429881130359E,10.835394669795166N
Hiep Binh Phuoc Ward-230.jpeg,0.0023781597847118974,106.72527488550601E,10.850216804186774N
Hiep Binh Phuoc Ward-250.jpeg,0.0023728232190478593,106.72253086695538E,10.85156427094965N
Hiep Binh Phuoc Ward-268.jpeg,0.0023515147040598094,106.72390287623071E,10.852911737712523N
Hiep Binh Phuoc Ward-93.jpeg,0.0023493668995797634,106.70881077420239E,10.842132003609533N
Hiep Binh Phuoc Ward-161.jpeg,0.002342254651011899,106.7170428298542E,10.846174403898155N
Hiep Binh Phuoc Ward-76.jpeg,0.0023138906399253756,106.71292680202829E,10.840784536846662N
Hiep Binh Phuoc Ward-208.jpeg,0.0023072745534591377,106.72390287623071E,10.848869337423903N
Hiep Binh Phuoc Ward-99.jpeg,0.002268125448608771,106.7170428298542E,10.842132003609533N
Hiep Binh Phuoc Ward-78.jpeg,0.0022609087463933975,106.71567082057891E,10.840784536846662N
Hiep Binh Phuoc Ward-22.jpeg,0.002230656362371519,106.71429881130359E,10.83674213655804N
Hiep Binh Phuoc Ward-58.jpeg,0.002227144839707762,106.71429881130359E,10.839437070083784N
Hiep Binh Phuoc Ward-115.jpeg,0.0022186861315276474,106.711554792753E,10.843479470372408N
Hiep Binh Phuoc Ward-39.jpeg,0.0022063474752940238,106.71429881130359E,10.838089603320915N
Hiep Binh Phuoc Ward-95.jpeg,0.00216855327016674,106.711554792753E,10.842132003609533N
Hiep Binh Phuoc Ward-252.jpeg,0.0021600089967250824,106.72527488550601E,10.85156427094965N
Hiep Binh Phuoc Ward-77.jpeg,0.0021340579842217267,106.71429881130359E,10.840784536846662N
Hiep Binh Phuoc Ward-94.jpeg,0.0021184016222832724,106.7101827834777E,10.842132003609533N
Hiep Binh Phuoc Ward-117.jpeg,0.0021165754296816885,106.71429881130359E,10.843479470372408N
Hiep Binh Phuoc Ward-138.jpeg,0.002102539030602202,106.71429881130359E,10.844826937135283N
Hiep Binh Phuoc Ward-228.jpeg,0.0020938836969435215,106.72253086695538E,10.850216804186774N
Hiep Binh Phuoc Ward-96.jpeg,0.002051563249551691,106.71292680202829E,10.842132003609533N
Hiep Binh Phuoc Ward-98.jpeg,0.0020508460293058306,106.71567082057891E,10.842132003609533N
Hiep Binh Phuoc Ward-139.jpeg,0.0020444611291168258,106.71567082057891E,10.844826937135283N
Hiep Binh Phuoc Ward-137.jpeg,0.0020366868702694774,106.71292680202829E,10.844826937135283N
Hiep Binh Phuoc Ward-136.jpeg,0.0020342783536762,106.711554792753E,10.844826937135283N
Hiep Binh Phuoc Ward-105.jpeg,0.0020049160375492647,106.72527488550601E,10.842132003609533N
Hiep Binh Phuoc Ward-118.jpeg,0.0019825166382361203,106.71567082057891E,10.843479470372408N
Hiep Binh Phuoc Ward-116.jpeg,0.0019808328070212156,106.71292680202829E,10.843479470372408N
Hiep Binh Phuoc Ward-97.jpeg,0.001975462946575135,106.71429881130359E,10.842132003609533N
Hiep Binh Phuoc Ward-85.jpeg,0.00194390160322655,106.72527488550601E,10.840784536846662N
Hiep Binh Phuoc Ward-140.jpeg,0.0019317335536470637,106.7170428298542E,10.844826937135283N
Hiep Binh Phuoc Ward-119.jpeg,0.0019174453045707196,106.7170428298542E,10.843479470372408N
Hiep Binh Phuoc Ward-229.jpeg,0.0018454554228810593,106.72390287623071E,10.850216804186774N
Hiep Binh Phuoc Ward-251.jpeg,0.0018371911282883957,106.72390287623071E,10.85156427094965N
