image,pred,lon,lat,min_probs,max_probs,mean_probs
978.jpeg,0.98165005,11813511.32974132,1270237.3009131537,0.9767915830016136,0.9767915830016136,0.9767915830016136
122.jpeg,0.9807227,11800393.680832757,2301169.5093886307,0.9541360437870026,0.9541360437870026,0.9541360437870026
373.jpeg,0.9761263,11792632.434532398,2322513.015459868,0.9552911520004272,0.9552911520004272,0.9552911520004272
322.jpeg,0.97573996,11790296.62486418,2350059.1612061705,0.9548566937446594,0.9548566937446594,0.9548566937446594
687.jpeg,0.9749448,11778341.215496125,1126286.6294048545,0.8287240415811539,0.8287240415811539,0.8287240415811539
226.jpeg,0.9735197,11812064.185145328,2382205.06104136,0.9608198031783104,0.9608198031783104,0.9608198031783104
872.jpeg,0.973034,11794080.86221968,2304784.661425381,0.9592436477541924,0.9592436477541924,0.9592436477541924
878.jpeg,0.97301143,11799256.61840824,2298813.268039896,0.9505365192890168,0.9505365192890168,0.9505365192890168
306.jpeg,0.9725371,11801536.17841019,2354517.589465253,0.9420885890722276,0.9420885890722276,0.9420885890722276
564.jpeg,0.97226983,11792618.06172475,1143993.9035878708,0.8344091325998306,0.9502307623624802,0.8923199474811554
269.jpeg,0.9722402,11803118.132247638,2356344.1138916137,0.9553184062242508,0.9553184062242508,0.9553184062242508
841.jpeg,0.97218174,11869724.22561244,1167927.288265108,0.9543322548270226,0.9543322548270226,0.9543322548270226
238.jpeg,0.97197515,11804910.586791158,2382956.773747098,0.9644068628549576,0.9644068628549576,0.9644068628549576
423.jpeg,0.9717562,11796648.49833907,2296795.5707993694,0.9555330350995064,0.9555330350995064,0.9555330350995064
445.jpeg,0.9717148,11836142.885210805,2323012.362613537,0.6415241099894047,0.9722895100712776,0.8069068100303411
110.jpeg,0.9716483,11788822.61622789,2336805.988103454,0.798161506652832,0.9572080448269844,0.8776847757399082
82.jpeg,0.97131324,11813564.09633606,1165619.715980143,0.9678928777575492,0.9678928777575492,0.9678928777575492
368.jpeg,0.9712903,11796439.950141463,2327299.055664581,0.9592246189713478,0.9592246189713478,0.9592246189713478
239.jpeg,0.97101235,11804896.019800398,2382957.620933094,0.9644068628549576,0.9644068628549576,0.9644068628549576
80.jpeg,0.9709524,11814038.758826012,1161832.6314797946,0.8292195722460747,0.9501707404851912,0.889695156365633
466.jpeg,0.9709435,11701350.74113416,1199779.5512820035,0.6638528909534216,0.9751881584525108,0.8195205247029662
118.jpeg,0.9708858,11792291.292100323,2289476.888544067,0.9575708508491516,0.9575708508491516,0.9575708508491516
751.jpeg,0.97079897,11838143.10602467,1108056.6529708127,0.9746387153863908,0.9746387153863908,0.9746387153863908
800.jpeg,0.97033036,11833812.962152015,1161154.1968394967,0.9266916438937188,0.9266916438937188,0.9266916438937188
220.jpeg,0.9702296,11814030.968457526,2380504.825634585,0.9640592634677888,0.9640592634677888,0.9640592634677888
525.jpeg,0.97016114,11771292.609123016,1153178.0490602124,0.9666868671774864,0.9666868671774864,0.9666868671774864
478.jpeg,0.97009385,11694344.990291148,1193505.1140008476,0.7395698055624962,0.9708767235279084,0.8552232645452023
446.jpeg,0.9700485,11836175.055093732,2322937.556489507,0.6415241099894047,0.9722895100712776,0.8541649393737316
804.jpeg,0.9700458,11836166.430762373,1160150.4032079896,0.9588292986154556,0.9588292986154556,0.9588292986154556
259.jpeg,0.9698323,11806611.336772382,2376865.140112905,0.9543208852410316,0.9543208852410316,0.9543208852410316
432.jpeg,0.9697786,11836074.650446463,2324497.693625991,0.962386354804039,0.962386354804039,0.962386354804039
96.jpeg,0.9689441,11814195.27499896,1268298.5357633992,0.6463415287435055,0.9511852487921716,0.7987633887678385
228.jpeg,0.96859175,11809306.013601098,2383175.664235263,0.959775261580944,0.959775261580944,0.959775261580944
857.jpeg,0.9684843,11873820.27384781,1158487.7754624228,0.9701639786362648,0.9701639786362648,0.9701639786362648
854.jpeg,0.96801364,11876921.432508595,1159631.5365201414,0.9640571475028992,0.9640571475028992,0.9640571475028992
911.jpeg,0.9678159,11773933.787171546,1150931.2034671202,0.9444606229662896,0.9444606229662896,0.9444606229662896
883.jpeg,0.9677173,11796819.525800226,2299541.319208895,0.9557256251573564,0.9557256251573564,0.9557256251573564
97.jpeg,0.9677049,11812807.619129203,1270935.089921734,0.9751169458031654,0.9751169458031654,0.9751169458031654
776.jpeg,0.96764594,11820904.46903043,1168703.9197102897,0.9675293788313866,0.9675293788313866,0.9675293788313866
544.jpeg,0.96761996,11794093.315900616,1145246.778725296,0.97724000364542,0.97724000364542,0.97724000364542
850.jpeg,0.96742153,11875121.509546977,1160071.9606400805,0.9548889249563216,0.9612713903188704,0.958080157637596
244.jpeg,0.9673369,11803919.775894608,2378376.555311827,0.9548952877521516,0.9548952877521516,0.9548952877521516
767.jpeg,0.96732426,11813888.96764953,1164878.8344618783,0.955927699804306,0.955927699804306,0.955927699804306
229.jpeg,0.9672291,11809544.062624808,2382487.000395591,0.0,0.0,0.0
13.jpeg,0.9671494,11739672.086755058,1158744.4181063178,0.7644390724599361,0.7644390724599361,0.7644390724599361
362.jpeg,0.96703166,11797799.998905774,2333612.1778733386,0.9588202834129332,0.9588202834129332,0.9588202834129332
280.jpeg,0.9669867,11806611.558612242,2352581.5860459344,0.9589121118187904,0.9589121118187904,0.9589121118187904
675.jpeg,0.96674913,11797732.971612504,1146138.863438466,0.955026239156723,0.955026239156723,0.955026239156723
881.jpeg,0.9666245,11798995.9137034,2301399.7333768443,0.9580286666750908,0.9580286666750908,0.9580286666750908
270.jpeg,0.9665959,11803707.812415486,2354960.5843371693,0.9643035307526588,0.9643035307526588,0.9643035307526588
589.jpeg,0.9663975,11837375.82809124,1163406.791519413,0.9595324620604516,0.9595324620604516,0.9595324620604516
788.jpeg,0.9661618,11836475.593708776,1156502.8479825535,0.9577093347907066,0.9577093347907066,0.9577093347907066
420.jpeg,0.9660379,11798826.065574847,2300161.4746302366,0.9579781219363211,0.9579781219363211,0.9579781219363211
837.jpeg,0.965975,11839043.965990962,1160127.7856158111,0.9578788727521896,0.9578788727521896,0.9578788727521896
562.jpeg,0.96596456,11793491.17699146,1144416.0807422164,0.9650478214025496,0.9650478214025496,0.9650478214025496
510.jpeg,0.9659327,11758434.49469149,1171212.2056786877,0.9630620926618576,0.9630620926618576,0.9630620926618576
4.jpeg,0.9658549,11696874.796290869,1196438.563920652,0.9300206378102304,0.9300206378102304,0.9300206378102304
573.jpeg,0.9657909,11835509.120218666,1113656.1412147884,0.9580056816339492,0.9580056816339492,0.9580056816339492
380.jpeg,0.96577203,11789244.80842974,2322253.6150411163,0.8247793838381767,0.8247793838381767,0.8247793838381767
920.jpeg,0.9657362,11734991.184206776,1163227.6999844704,0.9510190114378928,0.9510190114378928,0.9510190114378928
685.jpeg,0.96573514,11801654.581036674,1150791.9270680237,0.7576805092394352,0.9515099003911018,0.8545952048152685
468.jpeg,0.9656794,11701508.046591766,1199466.891047335,0.9663314446806908,0.9663314446806908,0.9663314446806908
282.jpeg,0.9656624,11806200.582493115,2352596.47783368,0.9614522531628608,0.9614522531628608,0.9614522531628608
674.jpeg,0.96541804,11797717.141979704,1146161.6008979094,0.955026239156723,0.955026239156723,0.955026239156723
320.jpeg,0.9653197,11791311.295900537,2349261.016467601,0.957694336771965,0.957694336771965,0.957694336771965
202.jpeg,0.96521705,11823818.85624222,2425367.8477091845,0.959388367831707,0.959388367831707,0.959388367831707
340.jpeg,0.9651788,11797499.864858704,2342862.3527054708,0.7966918721795082,0.9742850810289384,0.8854884766042233
505.jpeg,0.96516335,11755455.818566468,1174018.7117284634,0.9744375422596931,0.9744375422596931,0.9744375422596931
292.jpeg,0.9650889,11806078.828499082,2350150.2176369363,0.9109832793474196,0.9109832793474196,0.9109832793474196
475.jpeg,0.96471334,11704809.988327015,1195884.3613485538,0.6025734022259712,0.6025734022259712,0.6025734022259712
555.jpeg,0.96465886,11801052.45414314,1147535.9198247846,0.9655561298131944,0.9655561298131944,0.9655561298131944
114.jpeg,0.9646286,11794032.72433261,2304977.486922276,0.9562899470329284,0.9562899470329284,0.9562899470329284
657.jpeg,0.9646165,11794376.941216275,1143028.232235739,0.9643816575407982,0.9643816575407982,0.9643816575407982
915.jpeg,0.96442074,11773638.970258836,1152539.2573876723,0.8740395978093147,0.964733988046646,0.9193867929279804
357.jpeg,0.9642807,11798422.565919513,2336354.167537955,0.9462552443146706,0.9616085961461068,0.9539319202303886
845.jpeg,0.9641895,11872625.836900204,1159979.654204565,0.7691361159086227,0.9724398627877237,0.8707879893481731
977.jpeg,0.9641247,11812948.377253948,1267084.4469044742,0.0,0.0,0.0
635.jpeg,0.9640456,11790861.33558784,2336685.773076389,0.9318940415978432,0.9318940415978432,0.9318940415978432
7.jpeg,0.9637831,11700882.10006416,1200815.30157756,0.9636770337820052,0.9636770337820052,0.9636770337820052
958.jpeg,0.9637034,11699629.164797192,1203097.2938053757,0.8939612433314323,0.8939612433314323,0.8939612433314323
396.jpeg,0.9636001,11789940.93670129,2333190.2562503107,0.9062724784016608,0.9062724784016608,0.9062724784016608
903.jpeg,0.9635461,11773633.264037294,1152534.4151164617,0.8740395978093147,0.964733988046646,0.9193867929279804
580.jpeg,0.96345943,11841606.36825142,1158738.6615177344,0.8779006376862526,0.8779006376862526,0.8779006376862526
86.jpeg,0.9634283,11815298.230947364,1165310.7602779388,0.9766125604510308,0.9766125604510308,0.9766125604510308
6.jpeg,0.9631248,11700963.035892168,1200696.7468921472,0.9636770337820052,0.9636770337820052,0.9636770337820052
291.jpeg,0.96305436,11806114.630186828,2350005.3539584544,0.9109832793474196,0.9109832793474196,0.9109832793474196
191.jpeg,0.96301156,11818079.125519833,2424415.6950360327,0.9672514721751212,0.9672514721751212,0.9672514721751212
419.jpeg,0.9627651,11796710.510366865,2301470.2650203137,0.9533162415027618,0.9533162415027618,0.9533162415027618
941.jpeg,0.9626952,11757971.528805029,1172136.366117595,0.0,0.0,0.0
408.jpeg,0.96259797,11794681.092101444,2307410.8153657443,0.961783193051815,0.961783193051815,0.961783193051815
49.jpeg,0.96259785,11798738.627347006,1145908.6216763095,0.9499846771359444,0.95795189589262,0.9539682865142822
328.jpeg,0.9624421,11790593.104374137,2347357.468983118,0.9592541828751564,0.9592541828751564,0.9592541828751564
874.jpeg,0.9624311,11796726.759532228,2301486.681074097,0.9533162415027618,0.9533162415027618,0.9533162415027618
341.jpeg,0.96237475,11797413.772877373,2342867.748236021,0.9742850810289384,0.9742850810289384,0.9742850810289384
310.jpeg,0.9621862,11799316.909260036,2348881.753955795,0.9674048870801926,0.9674048870801926,0.9674048870801926
725.jpeg,0.9621753,11835489.526926547,1118565.15246721,0.959268979728222,0.959268979728222,0.959268979728222
724.jpeg,0.9620184,11838515.46904065,1116455.7736048603,0.9250663742423058,0.9250663742423058,0.9250663742423058
639.jpeg,0.9618801,11791188.982053485,2335142.0874907034,0.9258620738983154,0.9565943330526352,0.9412282034754753
300.jpeg,0.96187556,11808463.274764968,2348159.383007037,0.8259778991341591,0.8259778991341591,0.8259778991341591
207.jpeg,0.96184057,11821377.449464392,2424191.4719171063,0.0,0.0,0.0
8.jpeg,0.96169335,11705008.533707503,1197721.1866906,0.8288653716444969,0.8288653716444969,0.8288653716444969
705.jpeg,0.96138,11841391.510361595,1147751.8951873502,0.9557965248823166,0.9557965248823166,0.9557965248823166
773.jpeg,0.9612058,11817340.578763504,1165847.3693298255,0.966289073228836,0.966289073228836,0.966289073228836
517.jpeg,0.960972,11759000.83408005,1167173.5728699474,0.9686213508248328,0.9686213508248328,0.9686213508248328
219.jpeg,0.9609133,11814097.357827242,2380542.499547725,0.9640592634677888,0.9640592634677888,0.9640592634677888
897.jpeg,0.96086764,11791298.999900224,2290375.948458544,0.9671836495399476,0.9671836495399476,0.9671836495399476
64.jpeg,0.9608212,11839501.613520743,1160390.8471127737,0.9599797055125237,0.9599797055125237,0.9599797055125237
271.jpeg,0.96079654,11806450.210138736,2356328.334385381,0.9635191932320596,0.9635191932320596,0.9635191932320596
50.jpeg,0.960725,11835486.004787514,1118568.303342715,0.959268979728222,0.959268979728222,0.959268979728222
547.jpeg,0.96070886,11797667.277061224,1151166.8038889137,0.5041304379701614,0.9567285850644112,0.7304295115172863
500.jpeg,0.96056914,11753367.826868942,1173556.270004294,0.966983549296856,0.966983549296856,0.966983549296856
296.jpeg,0.96054727,11806506.924819527,2348800.6781716,0.7464167922735214,0.9621186181902884,0.854267705231905
997.jpeg,0.9605118,11796724.978498287,2438520.4565943,0.9623715728521348,0.9623715728521348,0.9623715728521348
301.jpeg,0.96048707,11808618.376726229,2348266.7622102564,0.9623313173651696,0.9623313173651696,0.9623313173651696
206.jpeg,0.9604762,11821310.84703607,2424174.4616176663,0.0,0.0,0.0
901.jpeg,0.9604421,11771482.275236338,1154039.1657925174,0.9555236548185349,0.9555236548185349,0.9555236548185349
692.jpeg,0.9603181,11841248.193213755,1144865.6260791314,0.9397891908884048,0.9397891908884048,0.9397891908884048
684.jpeg,0.9601444,11801417.20860134,1140746.3202638028,0.9635486900806428,0.9635486900806428,0.9635486900806428
413.jpeg,0.96012825,11792407.557784664,2307626.195805188,0.8627004399895668,0.9664666205644608,0.9145835302770138
215.jpeg,0.96007794,11813324.469730036,2384480.860799475,0.9640429988503456,0.9640429988503456,0.9640429988503456
125.jpeg,0.9600756,11798504.01659474,2433516.755902936,0.9522698521614076,0.9522698521614076,0.9522698521614076
853.jpeg,0.9600665,11875313.125212535,1160261.0473984145,0.9612713903188704,0.9612713903188704,0.9612713903188704
3.jpeg,0.9598263,11697887.676503051,1195333.2098595817,0.9570371210575104,0.9570371210575104,0.9570371210575104
428.jpeg,0.95979846,11792671.213613804,2301936.9126236085,0.9614417627453804,0.9614417627453804,0.9614417627453804
716.jpeg,0.95969546,11839819.963937834,1148194.9458812752,0.8815824240446091,0.8815824240446091,0.8815824240446091
567.jpeg,0.9594771,11801360.495342154,1137130.9271606691,0.9212476015090942,0.945980541408062,0.9336140714585781
101.jpeg,0.95947057,11837509.1763928,2326578.97036396,0.9554906785488128,0.9554906785488128,0.9554906785488128
710.jpeg,0.95932037,11843807.290833429,1142839.3772094776,0.9508212506771088,0.9508212506771088,0.9508212506771088
374.jpeg,0.9592394,11792414.640271207,2321668.56255256,0.9603298306465148,0.9603298306465148,0.9603298306465148
65.jpeg,0.95913655,11833933.378486143,1161376.548852565,0.9482127949595452,0.9482127949595452,0.9482127949595452
643.jpeg,0.95896417,11792949.999194622,2335702.1874675658,0.7557168677449226,0.9578128308057784,0.8567648492753506
891.jpeg,0.95894784,11788452.293311251,2291356.616249951,0.9696008116006852,0.9696008116006852,0.9696008116006852
513.jpeg,0.95885366,11757065.421467235,1170060.3058717195,0.9645442813634872,0.9645442813634872,0.9645442813634872
568.jpeg,0.9585862,11800146.936115468,1139633.1361674697,0.9692673832178116,0.9692673832178116,0.9692673832178116
43.jpeg,0.95853966,11795134.195770437,1145422.325379897,0.5991332828998566,0.9589361920952796,0.7790347374975681
427.jpeg,0.9583789,11792676.329060351,2301920.418170971,0.9614417627453804,0.9614417627453804,0.9614417627453804
394.jpeg,0.9583674,11791267.085373228,2329121.8068378177,0.9543858096003532,0.9543858096003532,0.9543858096003532
303.jpeg,0.9583414,11809647.823610565,2348990.074669364,0.965642176568508,0.965642176568508,0.965642176568508
367.jpeg,0.9582099,11796051.022526365,2330537.1655195025,0.9516992345452308,0.9516992345452308,0.9516992345452308
610.jpeg,0.9581615,11808846.00232681,1275331.7797595845,0.8146668747067451,0.9700766578316689,0.892371766269207
588.jpeg,0.9581139,11837376.48461512,1163401.3179103923,0.9595324620604516,0.9595324620604516,0.9595324620604516
706.jpeg,0.95809245,11841399.29639692,1147881.3173085875,0.8037249594926834,0.9557965248823166,0.8797607421875
612.jpeg,0.9579343,11814917.846214237,1279007.0797923263,0.9565404579043388,0.9565404579043388,0.9565404579043388
12.jpeg,0.957707,11738471.092181824,1160996.2619605132,0.9781912490725516,0.9781912490725516,0.9781912490725516
618.jpeg,0.9576846,11795292.915343136,2349954.3527122005,0.9647486284375192,0.9647486284375192,0.9647486284375192
609.jpeg,0.9574215,11810073.453096714,1271826.9687996043,0.9723468944430352,0.9723468944430352,0.9723468944430352
1000.jpeg,0.9569063,11821192.532177458,2425365.3526823176,0.0,0.0,0.0
94.jpeg,0.95671934,11812389.986003527,1266620.961360606,0.9512888416647912,0.9512888416647912,0.9512888416647912
736.jpeg,0.9566875,11837570.978988146,1114788.5953842823,0.9687076732516288,0.9727119281888008,0.9707098007202148
127.jpeg,0.9564029,11797143.52545064,2434905.369955688,0.733615156263113,0.733615156263113,0.733615156263113
787.jpeg,0.95623285,11834991.982556112,1156469.193535247,0.9442864432930946,0.9442864432930946,0.9442864432930946
999.jpeg,0.9562323,11821929.67260825,2425960.213197856,0.9476076439023018,0.9476076439023018,0.9476076439023018
960.jpeg,0.9561708,11702042.837699505,1193034.8179803672,0.8914976939558983,0.9630130156874656,0.927255354821682
539.jpeg,0.9560642,11785991.699219428,1123227.180191688,0.8528768718242645,0.9679680690169334,0.910422470420599
648.jpeg,0.9559932,11788446.661756268,1137969.059360639,0.9483409151434898,0.9483409151434898,0.9483409151434898
400.jpeg,0.95599264,11794304.302647324,2329066.395945734,0.0,0.0,0.0
756.jpeg,0.95597196,11837818.02553661,1110724.4930669966,0.8283921927213669,0.8283921927213669,0.8283921927213669
405.jpeg,0.9556519,11794029.68231021,2308353.033758136,0.9584093242883682,0.9584093242883682,0.9584093242883682
448.jpeg,0.95537084,11836245.71197068,2327464.33756,0.9557944908738136,0.9557944908738136,0.9557944908738136
59.jpeg,0.9551807,11841028.848966118,1158973.4261646003,0.9645687267184258,0.9645687267184258,0.9645687267184258
536.jpeg,0.9549645,11786307.67405,1119088.0952881563,0.960278019309044,0.961821399629116,0.96104970946908
877.jpeg,0.9549369,11798615.49506755,2302746.931022904,0.9600413516163826,0.9600413516163826,0.9600413516163826
458.jpeg,0.95474356,11841950.540905502,2328946.675185483,0.8564742207527161,0.9664316922426224,0.9114529564976692
465.jpeg,0.9547087,11701666.263048971,1199688.9413004124,0.6638528909534216,0.6638528909534216,0.6638528909534216
954.jpeg,0.9545727,11695593.681965418,1196171.8281861255,0.7956200316548347,0.7956200316548347,0.7956200316548347
662.jpeg,0.95451653,11795449.608182617,1147325.2460252442,0.9545869454741478,0.962442807853222,0.9585148766636848
116.jpeg,0.95436937,11797111.02670338,2303280.948654319,0.556567907333374,0.556567907333374,0.556567907333374
481.jpeg,0.9543534,11737270.191482536,1162961.745954658,0.9612547978758812,0.9612547978758812,0.9612547978758812
523.jpeg,0.9543533,11769791.722721806,1155248.8197331598,0.9648593664169312,0.9648593664169312,0.9648593664169312
265.jpeg,0.95433265,11798083.150266197,2380122.698857658,0.9595984667539595,0.9595984667539595,0.9595984667539595
225.jpeg,0.954263,11811285.34211468,2381848.541601303,0.9619439318776132,0.9619439318776132,0.9619439318776132
814.jpeg,0.9542583,11839380.224508004,1160298.638135728,0.9599797055125237,0.9599797055125237,0.9599797055125237
862.jpeg,0.9539948,11796767.6978632,2302753.8781401203,0.9220194146037102,0.9507616236805916,0.9363905191421509
251.jpeg,0.95397884,11803692.67529539,2377285.5475899023,0.9632476791739464,0.9632476791739464,0.9632476791739464
703.jpeg,0.9537062,11840640.689455634,1143895.1349782862,0.5351293347775936,0.9607638865709304,0.747946610674262
766.jpeg,0.9532543,11813655.945736516,1170783.2022689355,0.9583083167672156,0.9583083167672156,0.9583083167672156
297.jpeg,0.95323306,11806533.615428494,2348603.176520698,0.9621186181902884,0.9621186181902884,0.9621186181902884
23.jpeg,0.95290637,11778772.775190732,1126242.424641563,0.958717368543148,0.958717368543148,0.958717368543148
763.jpeg,0.9528374,11812471.945296563,1167898.1007906594,0.5801641885191202,0.9427027255296708,0.7614334570243955
317.jpeg,0.95261437,11803101.801783118,2346686.5151867066,0.9566950127482414,0.9566950127482414,0.9566950127482414
281.jpeg,0.95250213,11806615.577673256,2352453.79607054,0.9589121118187904,0.9589121118187904,0.9589121118187904
924.jpeg,0.95235515,11736817.100116877,1162816.6653642156,0.6268744729459286,0.6268744729459286,0.6268744729459286
825.jpeg,0.9523412,11842791.71325284,1158646.9987812012,0.5539521183818579,0.5539521183818579,0.5539521183818579
402.jpeg,0.9522748,11793086.906717718,2309970.247337837,0.9580939784646034,0.9580939784646034,0.9580939784646034
398.jpeg,0.9522522,11792119.018128855,2333191.041106607,0.5546294748783112,0.956136092543602,0.7553827837109566
62.jpeg,0.951914,11834989.648151657,1156472.1115403522,0.9442864432930946,0.9442864432930946,0.9442864432930946
389.jpeg,0.9518671,11791693.255706578,2322483.7642845414,0.9556402191519736,0.9556402191519736,0.9556402191519736
973.jpeg,0.9517725,11812967.96839141,1279702.2845842824,0.9547621086239816,0.9547621086239816,0.9547621086239816
126.jpeg,0.95175904,11797399.866964769,2433835.456577901,0.9479870796203612,0.9479870796203612,0.9479870796203612
512.jpeg,0.9515657,11757070.204951655,1170742.662083587,0.9735153019428252,0.9735153019428252,0.9735153019428252
397.jpeg,0.9514472,11791913.462508272,2332951.9442564994,0.956136092543602,0.956136092543602,0.956136092543602
185.jpeg,0.9513124,11802552.188702485,2433262.6705658576,0.8575306460261345,0.9595707952976228,0.9085507206618786
823.jpeg,0.9512268,11841028.848966025,1158974.5933667177,0.9645687267184258,0.9645687267184258,0.9645687267184258
497.jpeg,0.95114857,11755948.225805456,1168855.4602605486,0.8708760887384415,0.965467594563961,0.9181718416512012
777.jpeg,0.95107275,11818703.968303498,1163263.5243844478,0.9477425143122672,0.9477425143122672,0.9477425143122672
55.jpeg,0.9506562,11875651.389987191,1164108.1182722892,0.9516749531030656,0.9516749531030656,0.9516749531030656
263.jpeg,0.95058054,11797575.475902831,2379021.385483561,0.9545606300234796,0.9545606300234796,0.9545606300234796
366.jpeg,0.9503034,11796118.85422204,2330540.8854893805,0.9516992345452308,0.9516992345452308,0.9516992345452308
759.jpeg,0.9501056,11810413.623495787,1163012.964330294,0.8464166298508644,0.8464166298508644,0.8464166298508644
975.jpeg,0.9498872,11814049.075399388,1270465.0426014615,0.9657394140958786,0.9657394140958786,0.9657394140958786
363.jpeg,0.9494198,11797777.319104403,2333558.3370470754,0.9588202834129332,0.9588202834129332,0.9588202834129332
824.jpeg,0.9493396,11842005.310805377,1158933.157770241,0.764880046248436,0.764880046248436,0.764880046248436
358.jpeg,0.94909793,11798473.1868192,2336343.175056091,0.9462552443146706,0.9616085961461068,0.9539319202303886
970.jpeg,0.949096,11811783.101617957,1266296.3934450997,0.9620549157261848,0.9620549157261848,0.9620549157261848
608.jpeg,0.9490897,11810493.416862505,1271556.513544858,0.9579606428742408,0.9579606428742408,0.9579606428742408
277.jpeg,0.9481735,11805219.120856969,2353244.9038314256,0.9581276401877404,0.9581276401877404,0.9581276401877404
188.jpeg,0.9481273,11819558.245180843,2422340.641642668,0.9544539600610732,0.9544539600610732,0.9544539600610732
431.jpeg,0.94799495,11835601.414069315,2324791.1223094384,0.9584529250860214,0.9584529250860214,0.9584529250860214
443.jpeg,0.94792414,11839299.54379432,2325496.015807894,0.960424356162548,0.960424356162548,0.960424356162548
308.jpeg,0.9477382,11802167.338799823,2349463.945498828,0.9539394900202752,0.9539394900202752,0.9539394900202752
507.jpeg,0.9474527,11757020.91769876,1172927.9708790253,0.8276354297995567,0.9620511159300804,0.8948432728648186
918.jpeg,0.94706434,11732784.717949769,1160639.7326403237,0.965383656322956,0.965383656322956,0.965383656322956
885.jpeg,0.9463674,11786678.558301466,2295302.867352027,0.9633642211556436,0.9633642211556436,0.9633642211556436
272.jpeg,0.9462317,11806454.73836699,2356250.054450389,0.9635191932320596,0.9635191932320596,0.9635191932320596
286.jpeg,0.9461971,11805392.0595393,2350421.4467556733,0.6824000608175993,0.6824000608175993,0.6824000608175993
334.jpeg,0.9460175,11794971.756121278,2344854.9379271525,0.9649815559387208,0.9649815559387208,0.9649815559387208
223.jpeg,0.94544786,11810802.530459546,2379116.277239284,0.9609845280647278,0.9609845280647278,0.9609845280647278
170.jpeg,0.94536966,11796937.34564036,2423010.762193353,0.9586646631360054,0.9586646631360054,0.9586646631360054
563.jpeg,0.9452269,11793367.29982015,1144453.9372480914,0.904600977897644,0.9650478214025496,0.9348243996500969
107.jpeg,0.94488937,11808109.5677426,2387613.219441035,0.9617393314838408,0.9617393314838408,0.9617393314838408
154.jpeg,0.94461274,11793939.540978802,2426337.513275176,0.9574522376060486,0.9574522376060486,0.9574522376060486
651.jpeg,0.94450843,11791033.198463194,1148170.1054674948,0.0,0.0,0.0
518.jpeg,0.9442887,11762953.378293244,1165910.429605573,0.9574930518865584,0.9574930518865584,0.9574930518865584
148.jpeg,0.9442461,11793073.168775504,2433451.402135321,0.9504809603095056,0.9504809603095056,0.9504809603095056
250.jpeg,0.944197,11803216.724377926,2376806.185093667,0.9258094504475594,0.9258094504475594,0.9258094504475594
365.jpeg,0.9441932,11794774.022277389,2332116.2443324127,0.9493430033326148,0.9493430033326148,0.9493430033326148
496.jpeg,0.9433164,11757314.698182724,1166468.901404143,0.9488612115383148,0.9488612115383148,0.9488612115383148
876.jpeg,0.9432723,11796087.328165969,2304510.6599913216,0.955065242946148,0.955065242946148,0.955065242946148
278.jpeg,0.942761,11806777.45714297,2353139.9629573016,0.9633978828787804,0.9633978828787804,0.9633978828787804
864.jpeg,0.9424722,11795385.50438747,2306241.1180465072,0.9578423202037812,0.9578423202037812,0.9578423202037812
316.jpeg,0.9421167,11800839.261743344,2347514.589055621,0.0,0.0,0.0
314.jpeg,0.941592,11797322.518141732,2350656.778672333,0.964764691889286,0.964764691889286,0.964764691889286
899.jpeg,0.9408178,11794447.492952926,2288304.9876491874,0.9447069019079208,0.9447069019079208,0.9447069019079208
260.jpeg,0.9407476,11806043.916031664,2377317.515803632,0.0,0.0,0.0
339.jpeg,0.94069415,11798067.450637108,2345895.246464673,0.9616212844848632,0.9616212844848632,0.9616212844848632
571.jpeg,0.9406432,11840197.24555944,1116468.0278678522,0.9704183489084244,0.9704183489084244,0.9704183489084244
21.jpeg,0.9405405,11762518.949965758,1168168.7525632647,0.9636754244565964,0.9636754244565964,0.9636754244565964
307.jpeg,0.9403362,11802570.278493382,2352192.793734916,0.941586636006832,0.941586636006832,0.941586636006832
467.jpeg,0.94028974,11700989.38754524,1199900.9349380855,0.9751881584525108,0.9751881584525108,0.9751881584525108
266.jpeg,0.94007415,11803925.708691671,2381499.13304657,0.9617204070091248,0.9617204070091248,0.9617204070091248
421.jpeg,0.9399465,11794661.463545924,2299274.3913870654,0.9549261927604676,0.9549261927604676,0.9549261927604676
53.jpeg,0.93970746,11872267.585000535,1168302.560093922,0.938550904393196,0.9684939384460448,0.9535224214196204
916.jpeg,0.93940985,11773716.66009003,1152415.775904135,0.8740395978093147,0.8740395978093147,0.8740395978093147
247.jpeg,0.9382253,11802172.491745489,2378944.87591458,0.961286835372448,0.961286835372448,0.961286835372448
115.jpeg,0.9380754,11795307.10631763,2306209.09703906,0.9578423202037812,0.9578423202037812,0.9578423202037812
385.jpeg,0.9379222,11787807.120938832,2330012.6164068445,0.9557786509394646,0.9557786509394646,0.9557786509394646
995.jpeg,0.93773985,11798024.35478816,2434297.075759122,0.9585634469985962,0.9585634469985962,0.9585634469985962
387.jpeg,0.93763953,11788494.07684759,2332663.0347808334,0.948480524122715,0.9552729353308678,0.9518767297267914
348.jpeg,0.93748987,11790391.793251405,2338454.9704636885,0.9426116645336152,0.9426116645336152,0.9426116645336152
218.jpeg,0.9372519,11815200.45194638,2382114.190968204,0.9541797637939452,0.957933522760868,0.9560566432774066
360.jpeg,0.93719006,11797209.287876137,2339308.093684458,0.957517385482788,0.9600149914622308,0.9587661884725094
469.jpeg,0.9371375,11701990.132326877,1199137.2963022029,0.9562214389443398,0.9562214389443398,0.9562214389443398
886.jpeg,0.93679035,11785606.160310311,2291696.90793454,0.966649241745472,0.966649241745472,0.966649241745472
543.jpeg,0.93646353,11792791.466043675,1145399.912020592,0.9516594931483268,0.9516594931483268,0.9516594931483268
106.jpeg,0.9362641,11821795.855437968,2425011.327811695,0.9428202882409096,0.9428202882409096,0.9428202882409096
583.jpeg,0.9358776,11838120.35952382,1158805.7034486216,0.9554567560553552,0.9554567560553552,0.9554567560553552
47.jpeg,0.93571174,11796753.62031947,1147179.1378926558,0.9389770552515984,0.9389770552515984,0.9389770552515984
235.jpeg,0.93538153,11807581.37514268,2384917.6354935924,0.9606484398245811,0.9606484398245811,0.9606484398245811
912.jpeg,0.93537503,11774950.248829396,1150913.8734651916,0.9723565578460692,0.9723565578460692,0.9723565578460692
165.jpeg,0.9349698,11794553.54331242,2420361.6201512623,0.964701309800148,0.964701309800148,0.964701309800148
361.jpeg,0.93464065,11797212.285458649,2339310.7003756543,0.957517385482788,0.9600149914622308,0.9587661884725094
390.jpeg,0.9345771,11791376.861699363,2325907.707923485,0.9606876075267792,0.9606876075267792,0.9606876075267792
333.jpeg,0.93445,11794893.781206494,2344911.284886244,0.7674850262701511,0.9649815559387208,0.8662332911044359
515.jpeg,0.9339419,11759981.44912442,1167438.7721003152,0.90319262444973,0.963082879781723,0.9331377521157265
145.jpeg,0.9336889,11789726.30880627,2432475.867566213,0.942851424217224,0.942851424217224,0.942851424217224
875.jpeg,0.93318844,11796255.958250714,2303496.2366511,0.9596971645951272,0.9596971645951272,0.9596971645951272
140.jpeg,0.9330584,11793993.562838295,2436253.1412167875,0.9525977820158004,0.9525977820158004,0.9525977820158004
40.jpeg,0.93201226,11791971.693491291,1141557.2031293856,0.9479084983468056,0.9479084983468056,0.9479084983468056
382.jpeg,0.9314625,11788103.88302101,2327370.661349895,0.960953488945961,0.960953488945961,0.960953488945961
335.jpeg,0.9313871,11797661.569664344,2345523.9316138937,0.9641743078827858,0.9641743078827858,0.9641743078827858
956.jpeg,0.93055737,11697857.101626966,1195204.298134212,0.9570371210575104,0.9570371210575104,0.9570371210575104
925.jpeg,0.93032897,11737227.225135528,1162374.8712169996,0.9512627795338632,0.9512627795338632,0.9512627795338632
407.jpeg,0.93023497,11794274.156651288,2308024.450410132,0.9585885182023048,0.9585885182023048,0.9585885182023048
905.jpeg,0.93022263,11772755.47106135,1153874.9006196684,0.5063405334949493,0.8461748659610748,0.6762576997280121
678.jpeg,0.9298513,11798672.374559196,1145351.4435958536,0.822451040148735,0.9472055584192276,0.8837712208429972
898.jpeg,0.9284819,11790186.405746268,2291884.082651886,0.964069664478302,0.964069664478302,0.964069664478302
325.jpeg,0.9283536,11788983.221473144,2350171.9744676035,0.7810923606157303,0.96482253074646,0.8729574456810951
572.jpeg,0.928208,11840201.485557431,1116464.7995141856,0.9704183489084244,0.9704183489084244,0.9704183489084244
426.jpeg,0.92807674,11793649.553239755,2295821.430545398,0.9689061418175696,0.9689061418175696,0.9689061418175696
347.jpeg,0.92758024,11789798.436169064,2341087.644417765,0.9561861827969552,0.9561861827969552,0.9561861827969552
11.jpeg,0.9272937,11738276.185494555,1159502.4204072603,0.9598173275589944,0.9598173275589944,0.9598173275589944
909.jpeg,0.9271987,11773628.918180712,1151625.1278133248,0.9648871198296548,0.9648871198296548,0.9648871198296548
917.jpeg,0.9270355,11771229.343900103,1157047.9650739806,0.971174418926239,0.971174418926239,0.971174418926239
702.jpeg,0.92675763,11840272.17756327,1145357.1480095277,0.9630066826939584,0.9630066826939584,0.9630066826939584
892.jpeg,0.92628825,11786229.988517422,2289957.3620507694,0.9636431634426116,0.9636431634426116,0.9636431634426116
456.jpeg,0.9255662,11840450.623299932,2331664.9329775907,0.9579643905162812,0.9579643905162812,0.9579643905162812
457.jpeg,0.92530024,11840359.630696522,2331654.4531278578,0.9579643905162812,0.9579643905162812,0.9579643905162812
884.jpeg,0.9243307,11797592.810705224,2303397.193175232,0.9410795867443084,0.9410795867443084,0.9410795867443084
598.jpeg,0.92425597,11869643.608873066,1167058.3231728785,0.8302429802715778,0.8997152894735336,0.8649791348725557
192.jpeg,0.9242485,11818062.828387482,2423775.805755314,0.9600410088896753,0.9600410088896753,0.9600410088896753
425.jpeg,0.92356205,11793861.835378638,2296204.035380757,0.7104702927172184,0.7104702927172184,0.7104702927172184
44.jpeg,0.9224075,11796623.077044375,1147438.268845138,0.9389770552515984,0.9389770552515984,0.9389770552515984
976.jpeg,0.922271,11812752.484192085,1265675.1051582885,0.962104856967926,0.962104856967926,0.962104856967926
882.jpeg,0.9221831,11795321.251251284,2301010.1043290747,0.9571203142404556,0.9571203142404556,0.9571203142404556
123.jpeg,0.9221601,11798178.084217452,2434370.571557921,0.9585634469985962,0.9602661803364754,0.9594148136675358
386.jpeg,0.9220109,11788219.077671569,2332663.426674993,0.7820483967661858,0.948480524122715,0.889292744298776
856.jpeg,0.9218194,11875402.707945645,1160632.02314499,0.894592322409153,0.8993674516677856,0.8969798870384693
411.jpeg,0.9217814,11789715.925070465,2307748.536183615,0.9655130729079248,0.9655130729079248,0.9655130729079248
147.jpeg,0.92109334,11792982.963598317,2433416.721673532,0.9504809603095056,0.9504809603095056,0.9504809603095056
181.jpeg,0.92084944,11801751.893252237,2429277.143495138,0.9621339365839958,0.9621339365839958,0.9621339365839958
399.jpeg,0.9205658,11795124.830685908,2329175.235061286,0.93364779651165,0.93364779651165,0.93364779651165
134.jpeg,0.9203518,11799114.271156304,2439375.760035797,0.9667575731873512,0.9667575731873512,0.9667575731873512
393.jpeg,0.9195709,11790786.102815934,2329019.406214605,0.9509273171424866,0.9509273171424866,0.9509273171424866
942.jpeg,0.919428,11758429.25733156,1170366.0680123067,0.939535304903984,0.9673603400588036,0.9534478224813938
636.jpeg,0.9190937,11791392.495670944,2335319.080918385,0.9589802622795104,0.9589802622795104,0.9589802622795104
761.jpeg,0.91859907,11810314.880559877,1174747.15557426,0.977252222597599,0.9850139766931534,0.9811330996453762
395.jpeg,0.9183794,11789927.405241024,2332967.3016189407,0.9564620926976204,0.9564620926976204,0.9564620926976204
508.jpeg,0.917558,11757526.16259542,1172967.4473279836,0.9744496420025826,0.9744496420025826,0.9744496420025826
293.jpeg,0.91700953,11806504.385447964,2349660.271923481,0.9606916755437852,0.9606916755437852,0.9606916755437852
889.jpeg,0.9169502,11786228.855121816,2289958.1855446924,0.9636431634426116,0.9636431634426116,0.9636431634426116
184.jpeg,0.91640735,11799846.586625217,2434870.290412551,0.96109376847744,0.96109376847744,0.96109376847744
109.jpeg,0.9164023,11788914.120604914,2338878.2050667224,0.9562411233782768,0.9562411233782768,0.9562411233782768
672.jpeg,0.9160446,11797303.79069434,1148026.8708058477,0.9328741282224656,0.9328741282224656,0.9328741282224656
5.jpeg,0.9157847,11700169.13612262,1199690.9121392516,0.9564484059810638,0.9564484059810638,0.9564484059810638
984.jpeg,0.915717,11818887.011668878,1279033.3033816463,0.8533564060926437,0.8533564060926437,0.8533564060926437
585.jpeg,0.91564274,11836911.70222539,1158940.3853177114,0.9651900976896286,0.9651900976896286,0.9651900976896286
152.jpeg,0.91550356,11795573.175337048,2428211.2200523564,0.7272888571023941,0.7272888571023941,0.7272888571023941
810.jpeg,0.9137645,11838105.834234891,1161536.6504122308,0.9635523110628128,0.9635523110628128,0.9635523110628128
138.jpeg,0.9128294,11795196.439914849,2439002.0116912243,0.9552953019738196,0.9552953019738196,0.9552953019738196
381.jpeg,0.9126292,11788126.87101101,2327350.674638943,0.960953488945961,0.960953488945961,0.960953488945961
616.jpeg,0.9123507,11813942.514743043,1270356.7430055933,0.9548510760068892,0.9657394140958786,0.960295245051384
279.jpeg,0.9119531,11806907.586143931,2352930.2881163987,0.9633978828787804,0.9633978828787804,0.9633978828787804
519.jpeg,0.9104464,11763649.167302042,1167088.3373027905,0.9579475149512292,0.9579475149512292,0.9579475149512292
945.jpeg,0.9095025,11759220.758191554,1170221.8451724588,0.0,0.0,0.0
476.jpeg,0.9088851,11703894.627784535,1194931.3602879029,0.9679593294858932,0.9679593294858932,0.9679593294858932
230.jpeg,0.90814,11809273.384795684,2382240.4164482104,0.9598619639873504,0.9598619639873504,0.9598619639873504
599.jpeg,0.90730166,11871031.350956265,1170586.864325196,0.9635071381926535,0.9635071381926535,0.9635071381926535
146.jpeg,0.90729064,11793053.567495378,2432632.326479058,0.9542941600084304,0.9542941600084304,0.9542941600084304
429.jpeg,0.90568054,11785530.830986816,2291955.314175506,0.9655928313732148,0.9655928313732148,0.9655928313732148
861.jpeg,0.9056304,11796196.637393368,2303475.9705778263,0.9596971645951272,0.9596971645951272,0.9596971645951272
498.jpeg,0.9049127,11755002.675099105,1169831.3892161082,0.9616826921701432,0.9616826921701432,0.9616826921701432
867.jpeg,0.90479875,11796014.009011503,2303031.209908599,0.0,0.0,0.0
665.jpeg,0.90410453,11796395.68650864,1145901.426125973,0.8171250969171524,0.9613234400749208,0.8892242684960365
338.jpeg,0.90393585,11796558.28869068,2348808.7757003866,0.9633072018623352,0.9633072018623352,0.9633072018623352
412.jpeg,0.9021449,11792191.234424489,2307604.5896356725,0.9555792734026908,0.9555792734026908,0.9555792734026908
369.jpeg,0.89984435,11797039.631222213,2327366.2070116163,0.9229433983564376,0.9229433983564376,0.9229433983564376
487.jpeg,0.8990285,11734730.907577563,1159969.6045846196,0.964273288846016,0.964273288846016,0.964273288846016
628.jpeg,0.89637613,11788957.492177757,2338943.438733194,0.9562411233782768,0.9562411233782768,0.9562411233782768
626.jpeg,0.89632577,11804048.331233166,2374915.3981100777,0.9582441449165344,0.9582441449165344,0.9582441449165344
760.jpeg,0.8953979,11810308.478826055,1174747.475660438,0.977252222597599,0.9850139766931534,0.9811330996453762
324.jpeg,0.8947311,11793319.19779613,2351857.0261298227,0.964826099574566,0.9680544659495354,0.9664402827620506
858.jpeg,0.894723,11874492.290325196,1160267.2724101052,0.9625562950968742,0.9625562950968742,0.9625562950968742
48.jpeg,0.89413375,11798219.42261105,1147356.1614983098,0.9621905758976936,0.9621905758976936,0.9621905758976936
849.jpeg,0.89413357,11874904.896291628,1160025.078004248,0.9548889249563216,0.9548889249563216,0.9548889249563216
35.jpeg,0.89338803,11791032.542694231,1136954.3778489237,0.965534158051014,0.965534158051014,0.965534158051014
424.jpeg,0.89274627,11796599.877077056,2296492.644977198,0.9471767842769624,0.9471767842769624,0.9471767842769624
968.jpeg,0.8924484,11811547.891609516,1267731.6714246548,0.5020157806575298,0.9570399150252342,0.729527847841382
669.jpeg,0.8913361,11797058.27520565,1147789.4821290518,0.9496380016207696,0.9496380016207696,0.9496380016207696
84.jpeg,0.8911839,11813015.316859428,1164961.705742088,0.9403468742966652,0.9403468742966652,0.9403468742966652
36.jpeg,0.8876816,11793789.728175078,1136641.0137041423,0.9637367352843283,0.9637367352843283,0.9637367352843283
902.jpeg,0.88717645,11771476.550434869,1153976.0088475945,0.9555236548185349,0.9555236548185349,0.9555236548185349
921.jpeg,0.8869546,11735165.270966068,1163271.9883692036,0.9510190114378928,0.9510190114378928,0.9510190114378928
212.jpeg,0.885917,11805007.050032653,2384478.3983988147,0.97463808208704,0.97463808208704,0.97463808208704
383.jpeg,0.88485897,11788512.445093874,2329882.62578762,0.968895211815834,0.968895211815834,0.968895211815834
887.jpeg,0.884591,11790073.29355662,2291828.132372953,0.964069664478302,0.964069664478302,0.964069664478302
404.jpeg,0.88275325,11793955.134124655,2308331.752157813,0.9584093242883682,0.9584093242883682,0.9584093242883682
439.jpeg,0.8820416,11838515.087443303,2326031.5211785072,0.9543816596269608,0.9543816596269608,0.9543816596269608
816.jpeg,0.882033,11839609.579806233,1159245.432776999,0.9600068032741548,0.9600068032741548,0.9600068032741548
704.jpeg,0.88079596,11837688.794823457,1149133.5924863163,0.6238504536449909,0.9702317640185356,0.7970411088317633
479.jpeg,0.8762594,11733539.901815882,1166998.0728378354,0.8763246312737465,0.8763246312737465,0.8763246312737465
2.jpeg,0.874999,11693603.827179415,1194228.9003213013,0.5807092450559139,0.9637849405407906,0.7722470927983522
14.jpeg,0.87463886,11739551.053419355,1157887.3209547093,0.92165669798851,0.9423519298434258,0.9320043139159679
686.jpeg,0.8738208,11793549.62045443,1147111.0205761527,0.95756246894598,0.95756246894598,0.95756246894598
0.jpeg,0.8737586,11696660.957958722,1194928.718424968,0.9592353999614716,0.9592353999614716,0.9592353999614716
879.jpeg,0.8730445,11797514.8405636,2303192.8195377034,0.9217695742845536,0.9217695742845536,0.9217695742845536
847.jpeg,0.8723731,11873248.335384795,1168277.092019111,0.975482203066349,0.975482203066349,0.975482203066349
552.jpeg,0.87144226,11801240.012081694,1153132.134769121,0.9437215477228164,0.9437215477228164,0.9437215477228164
627.jpeg,0.87102425,11789187.760700583,2336774.4552249303,0.9572080448269844,0.9572080448269844,0.9572080448269844
720.jpeg,0.86989653,11837349.478490736,1110197.025874255,0.9762504324316978,0.9762504324316978,0.9762504324316978
103.jpeg,0.8691218,11821196.410936076,2425499.34615936,0.9445457085967064,0.9445457085967064,0.9445457085967064
770.jpeg,0.86805713,11817198.985243011,1171575.2570682324,0.96209916472435,0.96209916472435,0.96209916472435
621.jpeg,0.8661615,11808184.498305382,2387635.4341491074,0.9617393314838408,0.9617393314838408,0.9617393314838408
199.jpeg,0.86547244,11822911.134377116,2426764.6301610544,0.9641691148281096,0.9641691148281096,0.9641691148281096
524.jpeg,0.86500084,11770295.865739567,1155148.0006821873,0.9592596143484116,0.9592596143484116,0.9592596143484116
454.jpeg,0.8648137,11838555.794611784,2330600.300658479,0.901123471558094,0.901123471558094,0.901123471558094
516.jpeg,0.86365813,11759022.676961428,1167044.6260355455,0.9686213508248328,0.9686213508248328,0.9686213508248328
376.jpeg,0.86350113,11790222.714194736,2322755.556529947,0.9560793191194534,0.9560793191194534,0.9560793191194534
661.jpeg,0.8627632,11795475.367828978,1146956.5724918584,0.6591992396861315,0.958957314491272,0.8090782770887017
248.jpeg,0.8624309,11802227.155208943,2378816.38950597,0.961286835372448,0.961286835372448,0.961286835372448
673.jpeg,0.85993534,11797688.900222745,1146201.9740641357,0.955026239156723,0.955026239156723,0.955026239156723
553.jpeg,0.8591303,11800836.65025018,1150434.5381623297,0.79921043664217,0.79921043664217,0.79921043664217
104.jpeg,0.85674936,11822248.43603675,2424387.9055292606,0.936868980526924,0.936868980526924,0.936868980526924
435.jpeg,0.85548633,11836833.214371912,2324766.8669598214,0.0,0.0,0.0
631.jpeg,0.85542464,11790563.516462862,2337393.688784766,0.9566428139805794,0.9566428139805794,0.9566428139805794
698.jpeg,0.8535971,11837801.632207256,1149116.884042519,0.910869024693966,0.9702317640185356,0.9405503943562508
388.jpeg,0.85245943,11786906.24363956,2321565.136844457,0.9616177007555962,0.9616177007555962,0.9616177007555962
818.jpeg,0.85028833,11840161.034155084,1159463.6509839466,0.946468785405159,0.946468785405159,0.946468785405159
645.jpeg,0.847583,11790646.388783928,2337843.9161399147,0.9571567103266716,0.9571567103266716,0.9571567103266716
216.jpeg,0.8474473,11816076.74597584,2384369.952460694,0.9620606154203416,0.9670720845460892,0.9645663499832153
717.jpeg,0.84411764,11844976.47599766,1145676.9397475545,0.9647570997476578,0.9647570997476578,0.9647570997476578
890.jpeg,0.84367514,11789847.604620373,2291677.219538508,0.8990555331110954,0.9634540304541588,0.9312547817826271
974.jpeg,0.84362644,11812286.27379064,1266594.845402673,0.9512888416647912,0.9512888416647912,0.9512888416647912
38.jpeg,0.8434275,11792427.023540424,1139846.1729406011,0.9598203971982002,0.9598203971982002,0.9598203971982002
548.jpeg,0.8427495,11798832.566716276,1151160.5226573786,0.9251837208867072,0.9251837208867072,0.9251837208867072
490.jpeg,0.84131354,11732208.49163558,1161279.348851165,0.9439778849482536,0.971880592405796,0.9579292386770248
195.jpeg,0.8376849,11818711.306866908,2425433.401750705,0.9648630395531654,0.9648630395531654,0.9648630395531654
197.jpeg,0.8356644,11819123.334102483,2428200.225538456,0.951182685792446,0.951182685792446,0.951182685792446
177.jpeg,0.83492047,11796698.107861577,2426833.6565500773,0.9599166661500932,0.9599166661500932,0.9599166661500932
462.jpeg,0.8346827,11838438.669901758,2323033.6480521704,0.961897686123848,0.961897686123848,0.961897686123848
522.jpeg,0.8313502,11771865.007997742,1154634.5391376112,0.959088794887066,0.959088794887066,0.959088794887066
243.jpeg,0.8297115,11805259.582531374,2379246.348894711,0.6566890515387058,0.902158997952938,0.779424024745822
237.jpeg,0.82892025,11802836.053385586,2383895.247742411,0.9566052928566932,0.9566052928566932,0.9566052928566932
939.jpeg,0.826843,11735084.048702164,1164697.3573043777,0.9341073781251908,0.9341073781251908,0.9341073781251908
337.jpeg,0.8223407,11793882.581841445,2347691.5148734213,0.962616227567196,0.962616227567196,0.962616227567196
663.jpeg,0.8213057,11795670.093139704,1147382.3112694356,0.962442807853222,0.962442807853222,0.962442807853222
187.jpeg,0.8208041,11826591.857267767,2426050.8711259435,0.9465228244662284,0.9465228244662284,0.9465228244662284
249.jpeg,0.82029307,11803212.741932908,2376840.6835241187,0.9258094504475594,0.9258094504475594,0.9258094504475594
528.jpeg,0.81930876,11773635.465136671,1153232.6378429595,0.9600242301821708,0.9600242301821708,0.9600242301821708
597.jpeg,0.81905067,11811496.821068777,1161168.5544018014,0.9449055269360542,0.9449055269360542,0.9449055269360542
1.jpeg,0.8129151,11693606.257765992,1194226.1473003116,0.5807092450559139,0.9637849405407906,0.7722470927983522
600.jpeg,0.81032646,11873004.385400703,1168444.2106975734,0.7466975711286068,0.9361357986927032,0.841416684910655
410.jpeg,0.809296,11789867.302707065,2307802.35021308,0.6539210639894009,0.9655130729079248,0.8097170684486628
264.jpeg,0.80839944,11797698.926612632,2380157.381641229,0.9616169780492784,0.9616169780492784,0.9616169780492784
646.jpeg,0.80465,11790682.393483782,2337059.46207244,0.9380173087120056,0.9380173087120056,0.9380173087120056
888.jpeg,0.8042582,11791826.10054964,2292486.9810415725,0.9628818780183792,0.9628818780183792,0.9628818780183792
354.jpeg,0.80403936,11792955.200863142,2335825.4458731515,0.9578128308057784,0.9578128308057784,0.9578128308057784
441.jpeg,0.8028841,11838946.024110183,2325941.7840308063,0.9588083997368811,0.9588083997368811,0.9588083997368811
934.jpeg,0.79747885,11742694.068117429,1155879.8872347046,0.965934582054615,0.965934582054615,0.965934582054615
633.jpeg,0.7969505,11790618.625702957,2337849.218258889,0.9571567103266716,0.9571567103266716,0.9571567103266716
859.jpeg,0.79559433,11841955.180673271,2329056.281391333,0.9664316922426224,0.9664316922426224,0.9664316922426224
748.jpeg,0.7954115,11836886.345990391,1110973.6162619672,0.9599877148866652,0.9599877148866652,0.9599877148866652
52.jpeg,0.7894901,11838429.46900708,1148825.348248855,0.9631385430693626,0.9631385430693626,0.9631385430693626
650.jpeg,0.7877162,11790860.19552126,1146568.976636122,0.957665592432022,0.957665592432022,0.957665592432022
287.jpeg,0.7857071,11805563.566515686,2350034.648603688,0.0,0.0,0.0
993.jpeg,0.7851277,11795388.914661288,2427619.0876922086,0.9457543417811394,0.9457543417811394,0.9457543417811394
172.jpeg,0.7786464,11794439.97175877,2424291.462906076,0.9568339511752127,0.9568339511752127,0.9568339511752127
153.jpeg,0.77671534,11794974.499195866,2425841.928720858,0.9471124559640884,0.9471124559640884,0.9471124559640884
186.jpeg,0.77369225,11826468.36015245,2426096.7323668534,0.9465228244662284,0.9465228244662284,0.9465228244662284
775.jpeg,0.7640998,11819914.356894026,1163306.1273590352,0.9651006013154984,0.9651006013154984,0.9651006013154984
198.jpeg,0.76248217,11821850.232253088,2426794.2375704986,0.943261481821537,0.943261481821537,0.943261481821537
477.jpeg,0.76184887,11699544.257653993,1190449.1348180822,0.969949834048748,0.969949834048748,0.969949834048748
764.jpeg,0.7557998,11812724.01339374,1170087.17368608,0.9453658908605576,0.9453658908605576,0.9453658908605576
762.jpeg,0.7522374,11810311.199562935,1174747.3156173103,0.977252222597599,0.9850139766931534,0.9811330996453762
943.jpeg,0.7501259,11757662.864856113,1171521.022026732,0.9639196172356606,0.9639196172356606,0.9639196172356606
240.jpeg,0.74887663,11806052.764002014,2382087.823612408,0.9607709795236588,0.9607709795236588,0.9607709795236588
641.jpeg,0.74767876,11792194.155852702,2336765.657572993,0.9526259228587152,0.9526259228587152,0.9526259228587152
962.jpeg,0.7471791,11809261.05847996,1270180.3254780138,0.9638114050030708,0.9638114050030708,0.9638114050030708
409.jpeg,0.743554,11796978.051678777,2307584.1222629887,0.9609539657831192,0.9609539657831192,0.9609539657831192
227.jpeg,0.7308802,11812000.22743876,2382195.35846467,0.9608198031783104,0.9608198031783104,0.9608198031783104
120.jpeg,0.7305489,11787145.55561614,2294995.363161852,0.9530104845762252,0.9530104845762252,0.9530104845762252
488.jpeg,0.72184026,11734744.898505034,1161180.0035315803,0.9519328251481056,0.9519328251481056,0.9519328251481056
489.jpeg,0.7204442,11734746.315090748,1161177.500767662,0.9519328251481056,0.9519328251481056,0.9519328251481056
433.jpeg,0.7199895,11836285.202377072,2324467.8846267355,0.0,0.0,0.0
747.jpeg,0.7141225,11837706.377100969,1112002.5982716605,0.9598667472600936,0.9598667472600936,0.9598667472600936
178.jpeg,0.708421,11795636.512060251,2427032.9962692102,0.9530899077653884,0.9530899077653884,0.9530899077653884
668.jpeg,0.7019999,11797053.132070305,1147795.1948154103,0.9496380016207696,0.9496380016207696,0.9496380016207696
971.jpeg,0.70141184,11811902.333914155,1266334.0036325736,0.7043549828231335,0.9620549157261848,0.8332049492746592
860.jpeg,0.69795966,11836954.30609591,2325821.8052716195,0.9613792523741722,0.9613792523741722,0.9613792523741722
137.jpeg,0.69431216,11796794.710534552,2440522.3931411817,0.9497754722833632,0.9497754722833632,0.9497754722833632
533.jpeg,0.69046247,11784181.492024602,1126405.8459836878,0.929124541580677,0.929124541580677,0.929124541580677
66.jpeg,0.6903607,11834210.637607783,1161557.124769137,0.941698245704174,0.941698245704174,0.941698245704174
87.jpeg,0.68815196,11814355.735715011,1164984.2717781083,0.9677630886435508,0.9677630886435508,0.9677630886435508
691.jpeg,0.67967737,11841052.2044914,1142631.3332501785,0.7224477138370275,0.7224477138370275,0.7224477138370275
434.jpeg,0.67791194,11836809.93580757,2324928.149612097,0.0,0.0,0.0
318.jpeg,0.6747246,11798928.946534788,2352031.868128506,0.9650949463248252,0.9650949463248252,0.9650949463248252
822.jpeg,0.6733228,11841022.234831655,1158835.0154463244,0.9645687267184258,0.9645687267184258,0.9645687267184258
933.jpeg,0.6690394,11742691.436522532,1155881.919154005,0.965934582054615,0.965934582054615,0.965934582054615
241.jpeg,0.6669533,11806044.1020094,2382020.231398024,0.9607709795236588,0.9607709795236588,0.9607709795236588
213.jpeg,0.6663316,11809966.090803403,2385567.5547255534,0.9571287482976912,0.9571287482976912,0.9571287482976912
632.jpeg,0.66320086,11790681.72707635,2337056.8433170426,0.9380173087120056,0.9380173087120056,0.9380173087120056
582.jpeg,0.65835625,11839514.279561205,1159271.2176308583,0.9600068032741548,0.9600068032741548,0.9600068032741548
343.jpeg,0.65825135,11792243.153979553,2342315.429911821,0.9630085676908492,0.9630085676908492,0.9630085676908492
828.jpeg,0.6560668,11840895.899041526,1162593.374841928,0.5523362383246422,0.9677993878722192,0.7600678130984306
285.jpeg,0.65599954,11805993.311378617,2351981.724498863,0.9175936952233316,0.9507124647498132,0.9341530799865724
689.jpeg,0.65585834,11837691.275383364,1149133.37393891,0.6238504536449909,0.9702317640185356,0.7970411088317633
275.jpeg,0.65289825,11808787.171261778,2353857.2127260906,0.9380164369940758,0.9380164369940758,0.9380164369940758
896.jpeg,0.6464252,11791076.60875144,2291282.663105165,0.965262271463871,0.965262271463871,0.965262271463871
906.jpeg,0.6456459,11772946.954377389,1152172.1422034567,0.6784302592277527,0.9580886363983154,0.8182594478130341
189.jpeg,0.6450118,11819480.413208788,2422272.484257005,0.9544539600610732,0.9544539600610732,0.9544539600610732
329.jpeg,0.6385456,11791126.72927088,2346953.8008115487,0.9517549574375151,0.9517549574375151,0.9517549574375151
894.jpeg,0.6354908,11791014.640055472,2291245.728975431,0.965262271463871,0.965262271463871,0.965262271463871
102.jpeg,0.63488305,11837321.605585638,2326074.9938525776,0.9593721330165864,0.9593721330165864,0.9593721330165864
848.jpeg,0.6299157,11873981.542227222,1159073.321870553,0.8581620007753372,0.9646012708544732,0.9113816358149052
538.jpeg,0.6278366,11787355.581996389,1120448.8393511982,0.8760480433702469,0.8760480433702469,0.8760480433702469
377.jpeg,0.6269156,11789868.4418567,2319425.100786501,0.9387713968753816,0.9387713968753816,0.9387713968753816
391.jpeg,0.62586176,11791365.69117429,2325808.6646018378,0.9606876075267792,0.9606876075267792,0.9606876075267792
371.jpeg,0.61926454,11793388.090746762,2323495.085999265,0.9588949680328368,0.9588949680328368,0.9588949680328368
865.jpeg,0.61461854,11796164.829406098,2302675.955672513,0.9574323147535324,0.9574323147535324,0.9574323147535324
565.jpeg,0.6049598,11802491.154860822,1136152.5154764005,0.9555365890264512,0.9555365890264512,0.9555365890264512
670.jpeg,0.6029302,11797069.585296536,1147394.0380330223,0.0,0.0,0.0
699.jpeg,0.60225713,11840369.490854828,1146790.1516237317,0.9453809410333632,0.9453809410333632,0.9453809410333632
570.jpeg,0.59649235,11801149.349935737,1140713.2508868244,0.7756972759962082,0.7756972759962082,0.7756972759962082
353.jpeg,0.59528494,11796028.990603106,2338777.5639283964,0.9371759742498398,0.9371759742498398,0.9371759742498398
771.jpeg,0.5908545,11817199.305325108,1171634.1530192737,0.9252526164054872,0.96209916472435,0.9436758905649185
302.jpeg,0.5904447,11810565.094898265,2348045.4661156493,0.947643667459488,0.947643667459488,0.947643667459488
406.jpeg,0.5802848,11794207.081817884,2308268.905556599,0.9584093242883682,0.9584093242883682,0.9584093242883682
541.jpeg,0.57867205,11796643.168046232,1139527.934368928,0.962658978998661,0.962658978998661,0.962658978998661
647.jpeg,0.572952,11788334.69898906,1148811.428957372,0.8143258467316628,0.8143258467316628,0.8143258467316628
809.jpeg,0.5644413,11839004.093471592,1162273.1550205862,0.958801880478859,0.958801880478859,0.958801880478859
403.jpeg,0.5607632,11793289.642967,2309822.144726488,0.9607581272721292,0.9607581272721292,0.9607581272721292
22.jpeg,0.5528366,11772764.006579584,1151617.7645608366,0.9549952819943428,0.9549952819943428,0.9549952819943428
908.jpeg,0.5496607,11773375.14309239,1152318.1335257734,0.964733988046646,0.964733988046646,0.964733988046646
535.jpeg,0.54453975,11780040.110141857,1125923.8732906885,0.0,0.0,0.0
820.jpeg,0.54360396,11840695.7099897,1159475.6148487262,0.9584342762827872,0.9584342762827872,0.9584342762827872
284.jpeg,0.5426263,11805880.324952288,2351987.3406005744,0.9175936952233316,0.9175936952233316,0.9175936952233316
595.jpeg,0.54023683,11812265.425955417,1164697.340917854,0.9634497836232184,0.976694829761982,0.9700723066926003
208.jpeg,0.53754735,11821045.383245343,2424407.393167987,0.954427234828472,0.954427234828472,0.954427234828472
356.jpeg,0.5348229,11796398.40560094,2334736.8219441846,0.9564070403575896,0.9564070403575896,0.9564070403575896
660.jpeg,0.5266845,11795688.185538938,1147021.5969010862,0.958957314491272,0.958957314491272,0.958957314491272
630.jpeg,0.5201224,11790682.408133252,2337062.0845122,0.9380173087120056,0.9380173087120056,0.9380173087120056
550.jpeg,0.5193276,11799569.810975011,1150593.8714556096,0.957017846405506,0.957017846405506,0.957017846405506
171.jpeg,0.5191388,11796450.73533467,2422588.783591836,0.0,0.0,0.0
709.jpeg,0.51096165,11843752.517968524,1142867.084087719,0.9508212506771088,0.9508212506771088,0.9508212506771088
667.jpeg,0.5023024,11796690.898668028,1147374.207086922,0.9389770552515984,0.9389770552515984,0.9389770552515984
590.jpeg,0.49218953,11836161.667195352,1163645.4542562813,0.936947263777256,0.936947263777256,0.936947263777256
359.jpeg,0.49121886,11796381.847186493,2338154.2692403826,0.9107731878757476,0.9107731878757476,0.9107731878757476
210.jpeg,0.48801148,11804728.234226856,2384875.2828029376,0.95986919850111,0.95986919850111,0.95986919850111
695.jpeg,0.48445287,11842116.180566752,1145229.2764207995,0.6873886100947857,0.6873886100947857,0.6873886100947857
61.jpeg,0.47554368,11840884.79648772,1162595.157056098,0.5523362383246422,0.9677993878722192,0.7600678130984306
326.jpeg,0.47000557,11788964.574901711,2350104.9199331463,0.96482253074646,0.96482253074646,0.96482253074646
268.jpeg,0.46955976,11803190.9134015,2356407.262967811,0.9553184062242508,0.9553184062242508,0.9553184062242508
614.jpeg,0.46901417,11815707.93756987,1268242.937137168,0.6862355954945087,0.9636207967996596,0.836809062709411
928.jpeg,0.45282656,11738535.469081333,1161078.3251425568,0.976784773170948,0.9781912490725516,0.9774880111217499
806.jpeg,0.45140308,11837060.118339648,1162390.2641432143,0.9625581726431848,0.9625581726431848,0.9625581726431848
947.jpeg,0.4508755,11760404.26609411,1173165.4513410795,0.9713230654597282,0.9713230654597282,0.9713230654597282
922.jpeg,0.44885516,11834659.259375568,1157399.2609463749,0.7333381585776806,0.7333381585776806,0.7333381585776806
989.jpeg,0.44857135,11809477.571721358,1267127.1529388044,0.9712804406881332,0.9712804406881332,0.9712804406881332
930.jpeg,0.44851094,11741332.59986586,1157007.677894011,0.9715304151177406,0.9715304151177406,0.9715304151177406
311.jpeg,0.44382972,11798748.56932406,2349011.860635066,0.9433749988675116,0.9661530405282974,0.9563567191362381
714.jpeg,0.43571365,11839649.070834244,1144833.4744982729,0.6116812415421009,0.6116812415421009,0.6116812415421009
444.jpeg,0.4259456,11838310.2711843,2324345.4634785745,0.9483393803238868,0.9483393803238868,0.9483393803238868
866.jpeg,0.42394975,11799888.773915907,2299943.660591542,0.9609391167759896,0.9609391167759896,0.9609391167759896
196.jpeg,0.41149545,11819784.616724938,2427965.4284087503,0.9425950273871422,0.9614974930882454,0.9520462602376938
236.jpeg,0.40189257,11802696.538377767,2383815.333572627,0.9566052928566932,0.9566052928566932,0.9566052928566932
700.jpeg,0.39918762,11844780.582972726,1147298.9825524748,0.9600983038544656,0.9600983038544656,0.9600983038544656
735.jpeg,0.39841822,11837503.989344325,1111383.6405298382,0.9071044102311134,0.9764086827635764,0.941756546497345
779.jpeg,0.3933202,11820942.079253327,1168232.2719751813,0.797243170440197,0.979103147983551,0.888173159211874
683.jpeg,0.3918528,11800223.415225515,1141914.596287704,0.9004039242863655,0.9565652310848236,0.9284845776855946
664.jpeg,0.38931406,11796239.433105525,1143523.5677743617,0.955259434878826,0.955259434878826,0.955259434878826
584.jpeg,0.38493344,11836286.879809633,1158242.492901775,0.95731071382761,0.95731071382761,0.95731071382761
182.jpeg,0.3790191,11801428.496352054,2432531.8032269483,0.953058399260044,0.953058399260044,0.953058399260044
655.jpeg,0.37768438,11794430.286436366,1136931.9438575064,0.5306397415697575,0.9865048080682756,0.8308394489188989
972.jpeg,0.37663275,11811894.651826032,1273285.0266564065,0.7047080248594284,0.7892616018652916,0.74698481336236
482.jpeg,0.37469882,11736663.430787615,1162223.894911386,0.9773306995630264,0.9773306995630264,0.9773306995630264
453.jpeg,0.372792,11838646.867593369,2330439.34210313,0.901123471558094,0.901123471558094,0.901123471558094
276.jpeg,0.37199444,11805248.454424994,2353194.6188189434,0.9581276401877404,0.9581276401877404,0.9581276401877404
105.jpeg,0.37050477,11823273.838750258,2425056.8150717244,0.0,0.0,0.0
288.jpeg,0.35789555,11805560.950991029,2350033.915280789,0.0,0.0,0.0
969.jpeg,0.35401982,11811729.487095537,1266344.0863635724,0.9620549157261848,0.9805796518921852,0.971317283809185
169.jpeg,0.33852074,11797333.528641328,2422852.254549093,0.8935097008943558,0.8935097008943558,0.8935097008943558
254.jpeg,0.32939824,11802689.001193134,2375786.131883132,0.9535172954201698,0.9535172954201698,0.9535172954201698
491.jpeg,0.32848182,11731047.909845876,1161876.753169214,0.9573470279574394,0.9573470279574394,0.9573470279574394
253.jpeg,0.32773402,11802686.398661748,2375788.0270916936,0.9535172954201698,0.9535172954201698,0.9535172954201698
688.jpeg,0.32488102,11838918.883483157,1148665.0988657852,0.534683370962739,0.9569013714790344,0.7457923712208867
194.jpeg,0.3177296,11818649.881039938,2425458.534929221,0.9648630395531654,0.9648630395531654,0.9648630395531654
323.jpeg,0.31714043,11793355.678903624,2351844.0558568058,0.964826099574566,0.9680544659495354,0.9664402827620506
85.jpeg,0.3138849,11816779.11202715,1165184.9663275853,0.8467566147446632,0.9604815989732742,0.8936860784888268
946.jpeg,0.31005403,11759594.746526228,1170838.01006734,0.9481287226080894,0.9481287226080894,0.9481287226080894
545.jpeg,0.30548748,11792779.985841954,1148287.7277143276,0.956629142165184,0.956629142165184,0.956629142165184
540.jpeg,0.29847014,11784493.013527129,1123847.849648449,0.961577408015728,0.961577408015728,0.961577408015728
143.jpeg,0.29287595,11791349.786876066,2435526.1154871504,0.0,0.0,0.0
624.jpeg,0.28621924,11798259.989338009,2378676.030824756,0.7125580199062824,0.9604288712143898,0.8364934455603361
160.jpeg,0.27915934,11789671.371629337,2430823.0453098505,0.9473227262496948,0.9473227262496948,0.9473227262496948
998.jpeg,0.27397627,11800123.29207685,2425641.626064901,0.958161972463131,0.958161972463131,0.958161972463131
873.jpeg,0.2724645,11796767.524730347,2302591.317240788,0.9178846776485444,0.9507616236805916,0.934323150664568
384.jpeg,0.27187985,11788178.58718227,2329945.366009931,0.7981204837560654,0.7981204837560654,0.7981204837560654
658.jpeg,0.26950485,11794885.77112196,1144861.361839839,0.9015628397464752,0.9632354825735092,0.9389820421735445
566.jpeg,0.268425,11802490.638785329,1136157.604108806,0.9555365890264512,0.9555365890264512,0.9555365890264512
739.jpeg,0.26687348,11834624.61421551,1109275.1248191677,0.9668140783905984,0.9668140783905984,0.9668140783905984
141.jpeg,0.26676908,11793964.839715617,2436340.579868618,0.9525977820158004,0.9525977820158004,0.9525977820158004
990.jpeg,0.26546425,11809992.60247774,1268525.4184260345,0.9774258062243462,0.9774258062243462,0.9774258062243462
295.jpeg,0.25865436,11806593.670625675,2349093.664356448,0.9087135419249536,0.9087135419249536,0.9087135419249536
298.jpeg,0.25656563,11808730.653662652,2346914.451065569,0.9674815014004708,0.9674815014004708,0.9674815014004708
926.jpeg,0.25593174,11737545.449137462,1161728.510692494,0.9148551002144814,0.9148551002144814,0.9148551002144814
283.jpeg,0.25455478,11806572.587117892,2351807.582318417,0.7364794164896011,0.951305165886879,0.84389229118824
452.jpeg,0.2544143,11839575.169407437,2329119.320425576,0.9442015737295152,0.9442015737295152,0.9442015737295152
19.jpeg,0.25224426,11760047.239594596,1173576.6322770456,0.9561005532741548,0.9561005532741548,0.9561005532741548
378.jpeg,0.2503347,11791159.637656102,2318329.037234789,0.9418795257806778,0.9528114497661592,0.9473454877734184
620.jpeg,0.24517854,11794713.217243616,2342068.483973596,0.9629879668354988,0.9629879668354988,0.9629879668354988
537.jpeg,0.24505194,11785780.560279535,1118079.5022650652,0.6896736174821854,0.6896736174821854,0.6896736174821854
418.jpeg,0.24065523,11795367.27186376,2300862.591859988,0.9571203142404556,0.9571203142404556,0.9571203142404556
10.jpeg,0.23737065,11738343.022305757,1160081.5875469258,0.976211242377758,0.976211242377758,0.976211242377758
124.jpeg,0.23593904,11798308.857540311,2434376.668616176,0.9602661803364754,0.9602661803364754,0.9602661803364754
224.jpeg,0.23534197,11810763.144188706,2379092.4990483737,0.9609845280647278,0.9609845280647278,0.9609845280647278
509.jpeg,0.23516549,11757063.432029372,1174113.956044036,0.9657571762800216,0.9657571762800216,0.9657571762800216
313.jpeg,0.23492625,11798403.103828195,2351248.271958471,0.944717898964882,0.944717898964882,0.944717898964882
495.jpeg,0.22970751,11755693.864365697,1166894.751551333,0.9532613456249236,0.9532613456249236,0.9532613456249236
520.jpeg,0.22423273,11769183.783575166,1159956.6559914895,0.9720821231603622,0.9720821231603622,0.9720821231603622
327.jpeg,0.22092173,11788965.540476946,2350110.9175420823,0.96482253074646,0.96482253074646,0.96482253074646
772.jpeg,0.21948412,11818510.796413396,1162496.4780438258,0.8751770332455635,0.8751770332455635,0.8751770332455635
112.jpeg,0.21202451,11791705.091278013,2336261.0138118463,0.9574454724788666,0.9574454724788666,0.9574454724788666
98.jpeg,0.2095058,11812757.351341149,1278048.07651155,0.7515537142753601,0.9378873109817504,0.8447205126285553
693.jpeg,0.20864329,11841277.56375534,1145477.516106289,0.9514850452542304,0.9514850452542304,0.9514850452542304
959.jpeg,0.20314613,11701413.251875794,1198098.7586220163,0.6991542354226112,0.9697571098804474,0.8344556726515293
209.jpeg,0.19607078,11804657.166746223,2385240.55329966,0.9552737921476364,0.9552737921476364,0.9552737921476364
953.jpeg,0.19527131,11761399.103592282,1169241.138515732,0.9688533172011377,0.9688533172011377,0.9688533172011377
938.jpeg,0.19029307,11736855.660549227,1161646.2556097747,0.8965009897947311,0.8965009897947311,0.8965009897947311
514.jpeg,0.18820284,11758995.635803573,1168844.8067805043,0.9654369726777076,0.9654369726777076,0.9654369726777076
273.jpeg,0.18353759,11806697.055474916,2354557.4379876866,0.9574414044618608,0.9574414044618608,0.9574414044618608
173.jpeg,0.1816536,11794398.216258012,2424347.897504076,0.9568339511752127,0.9568339511752127,0.9568339511752127
342.jpeg,0.18158525,11796558.746575864,2340012.3470921223,0.9610202088952065,0.9610202088952065,0.9610202088952065
843.jpeg,0.17870913,11869829.637097117,1167969.6876733224,0.6420984752476215,0.9543322548270226,0.798215365037322
108.jpeg,0.17592065,11800375.6758179,2381555.12751012,0.9709914103150368,0.9709914103150368,0.9709914103150368
729.jpeg,0.17421609,11834525.617771637,1109262.003157874,0.9552652388811111,0.9552652388811111,0.9552652388811111
653.jpeg,0.17292479,11792039.28145553,1149039.5342429269,0.7692708373069763,0.7692708373069763,0.7692708373069763
985.jpeg,0.17227769,11809998.698281877,1268523.5567121836,0.9774258062243462,0.9774258062243462,0.9774258062243462
501.jpeg,0.16905227,11753723.195310926,1174100.6250663565,0.9619359001517296,0.9619359001517296,0.9619359001517296
447.jpeg,0.16729662,11836270.802450122,2327480.994134975,0.9557944908738136,0.9557944908738136,0.9557944908738136
321.jpeg,0.16441657,11791074.82878952,2349226.9127417905,0.957694336771965,0.957694336771965,0.957694336771965
346.jpeg,0.16207597,11789950.020004062,2341161.981377072,0.9561861827969552,0.9561861827969552,0.9561861827969552
245.jpeg,0.1616555,11803991.713037057,2378351.6642816057,0.9548952877521516,0.9548952877521516,0.9548952877521516
416.jpeg,0.16020195,11795735.73552014,2305206.595283652,0.9555353373289108,0.9555353373289108,0.9555353373289108
991.jpeg,0.1580984,11809909.69172086,1268125.9370562837,0.0,0.0,0.0
649.jpeg,0.15704197,11789602.140397012,1149225.407025754,0.9539589434862136,0.9539589434862136,0.9539589434862136
914.jpeg,0.15519997,11773369.701312875,1152322.032412377,0.964733988046646,0.964733988046646,0.964733988046646
996.jpeg,0.15373228,11800145.154170392,2425527.378995014,0.958161972463131,0.958161972463131,0.958161972463131
819.jpeg,0.15303162,11840365.683581345,1159607.0223271782,0.946468785405159,0.946468785405159,0.946468785405159
130.jpeg,0.15213002,11797028.23995584,2437931.3463194026,0.937968283891678,0.937968283891678,0.937968283891678
355.jpeg,0.15042101,11796415.468897875,2334786.577943236,0.9564070403575896,0.9564070403575896,0.9564070403575896
950.jpeg,0.15033852,11760109.421051744,1170708.3393012069,0.9655060172080994,0.9655060172080994,0.9655060172080994
826.jpeg,0.1452281,11833901.863953795,1162336.767125321,0.9605160653591156,0.9605160653591156,0.9605160653591156
119.jpeg,0.14262792,11788360.428129142,2290259.5209548543,0.9639600962400436,0.9639600962400436,0.9639600962400436
619.jpeg,0.14205831,11798258.402556594,2349545.319994258,0.8309942558407784,0.8309942558407784,0.8309942558407784
372.jpeg,0.13874914,11792663.020749224,2323244.873498276,0.9461969807744026,0.9461969807744026,0.9461969807744026
464.jpeg,0.13846672,11699164.511074226,1196055.0243307769,0.9684280678629876,0.9684280678629876,0.9684280678629876
151.jpeg,0.1368614,11794521.654186204,2429140.580285327,0.0,0.0,0.0
174.jpeg,0.1346345,11796987.749187708,2424410.593192521,0.668150532990694,0.668150532990694,0.668150532990694
261.jpeg,0.13283391,11800310.46589275,2378095.61951186,0.9400513917207718,0.9400513917207718,0.9400513917207718
682.jpeg,0.13060974,11799630.376917308,1148074.9133456291,0.9304822757840155,0.9362801015377044,0.93338118866086
731.jpeg,0.12981144,11838158.134155223,1108058.517531369,0.9746387153863908,0.9746387153863908,0.9746387153863908
830.jpeg,0.12887785,11835137.931355828,1157719.704715595,0.9588476195931436,0.9588476195931436,0.9588476195931436
758.jpeg,0.12681384,11837685.591381278,1111453.5984108222,0.9764086827635764,0.9764086827635764,0.9764086827635764
880.jpeg,0.12618007,11797009.208382284,2300166.7044719546,0.9572533071041108,0.9572533071041108,0.9572533071041108
370.jpeg,0.12590505,11795674.316691536,2324518.039184935,0.9506909549236298,0.9506909549236298,0.9506909549236298
211.jpeg,0.12501511,11804682.7225053,2384829.722289002,0.95986919850111,0.95986919850111,0.95986919850111
774.jpeg,0.12229985,11817720.795137266,1162209.540793015,0.963406577706337,0.963406577706337,0.963406577706337
252.jpeg,0.12215523,11803552.244378902,2377346.94930658,0.9632476791739464,0.9632476791739464,0.9632476791739464
904.jpeg,0.11890484,11772717.859446203,1151712.9742247986,0.9549952819943428,0.9549952819943428,0.9549952819943428
41.jpeg,0.11789423,11797918.954264708,1139288.191562238,0.964996725320816,0.964996725320816,0.964996725320816
294.jpeg,0.1177499,11806019.46674114,2349823.4554666844,0.9548304229974748,0.9548304229974748,0.9548304229974748
315.jpeg,0.11685138,11800942.544894388,2347632.6719975043,0.9653144925832748,0.9653144925832748,0.9653144925832748
139.jpeg,0.11664916,11795164.23115387,2439041.2741327533,0.9552953019738196,0.9552953019738196,0.9552953019738196
422.jpeg,0.11636981,11794597.964901391,2299553.1348990262,0.9448731243610382,0.9518043398857116,0.9483387321233749
871.jpeg,0.11560372,11796724.410379594,2304393.026919251,0.882277712225914,0.882277712225914,0.882277712225914
907.jpeg,0.11330975,11772950.097184652,1152174.2402880222,0.6784302592277527,0.9580886363983154,0.8182594478130341
827.jpeg,0.11213759,11840965.431032632,1158360.255980536,0.0,0.0,0.0
979.jpeg,0.11208863,11814073.321965383,1267500.0794867957,0.8250139504671097,0.8250139504671097,0.8250139504671097
262.jpeg,0.11201247,11798284.885040948,2378529.272462688,0.9604288712143898,0.9604288712143898,0.9604288712143898
697.jpeg,0.111967646,11842882.94938182,1145650.048854557,0.9521147310733796,0.9521147310733796,0.9521147310733796
502.jpeg,0.11147093,11753724.621563569,1174103.8389222145,0.9619359001517296,0.9619359001517296,0.9619359001517296
401.jpeg,0.11084309,11793412.149655089,2328597.3297192976,0.9409822300076484,0.9409822300076484,0.9409822300076484
955.jpeg,0.10680062,11696726.709581438,1194766.4458579822,0.9592353999614716,0.9592353999614716,0.9592353999614716
242.jpeg,0.106175095,11805543.490293715,2380249.703333335,0.9403581768274308,0.9403581768274308,0.9403581768274308
895.jpeg,0.105980396,11791118.9177317,2291455.6372615783,0.965262271463871,0.965262271463871,0.965262271463871
438.jpeg,0.10563807,11837072.061158072,2325921.626426565,0.9613792523741722,0.9613792523741722,0.9613792523741722
17.jpeg,0.10523505,11757799.514960788,1171786.5148747766,0.9188670963048936,0.9678778126835824,0.943372454494238
42.jpeg,0.10521784,11794952.512201548,1145054.317396148,0.7561884820461273,0.9632354825735092,0.8927034325897694
980.jpeg,0.1040662,11814270.87767615,1276731.3036840842,0.8701814785599709,0.9362372532486916,0.9032093659043312
128.jpeg,0.103762284,11796728.427200245,2435008.066094395,0.8660837039351463,0.8660837039351463,0.8660837039351463
964.jpeg,0.1024163,11809423.35912934,1267027.1388512058,0.9712804406881332,0.9712804406881332,0.9712804406881332
364.jpeg,0.102136165,11796022.90646854,2332604.0132716163,0.7926452681422234,0.9604721218347548,0.8765586949884892
18.jpeg,0.102028966,11760282.150649764,1173350.1691040697,0.9713230654597282,0.9713230654597282,0.9713230654597282
190.jpeg,0.100805126,11818083.441941028,2424340.3222327386,0.9672514721751212,0.9672514721751212,0.9672514721751212
829.jpeg,0.100101925,11840400.310589682,1159450.811779934,0.946468785405159,0.9584342762827872,0.9524515308439732
851.jpeg,0.09964657,11875196.27948542,1164413.4653857525,0.9730787053704262,0.9730787053704262,0.9730787053704262
179.jpeg,0.09802435,11799747.77433229,2427976.5879853764,0.9589289650321008,0.9589289650321008,0.9589289650321008
63.jpeg,0.09737366,11839966.208652567,1159669.3703414276,0.0,0.0,0.0
135.jpeg,0.09725989,11796403.622018244,2441928.3634932493,0.9588241428136826,0.9588241428136826,0.9588241428136826
711.jpeg,0.09682166,11841054.21105509,1142629.1396517404,0.7224477138370275,0.7224477138370275,0.7224477138370275
129.jpeg,0.09630106,11797020.15151153,2437868.6005497635,0.937968283891678,0.937968283891678,0.937968283891678
733.jpeg,0.0957272,11837683.114179509,1111454.0243249456,0.9764086827635764,0.9764086827635764,0.9764086827635764
530.jpeg,0.095225,11770289.150119148,1150328.4981620973,0.7005413398146629,0.7005413398146629,0.7005413398146629
471.jpeg,0.0941636,11702633.278970247,1197522.946657973,0.9543112143874168,0.9627444595098495,0.9585278369486332
744.jpeg,0.09386754,11834561.826499607,1109277.2453122446,0.9552652388811111,0.9552652388811111,0.9552652388811111
937.jpeg,0.092571475,11737357.478661904,1162558.7950862828,0.9512627795338632,0.9512627795338632,0.9512627795338632
932.jpeg,0.09249307,11742444.488412386,1156148.106956263,0.9673938751220704,0.9673938751220704,0.9673938751220704
221.jpeg,0.08968618,11812157.692522513,2380807.320683699,0.9616639092564584,0.9616639092564584,0.9616639092564584
574.jpeg,0.0896753,11836090.508077666,1113136.3718553807,0.9573012217879296,0.9573012217879296,0.9573012217879296
549.jpeg,0.08844799,11798992.03326968,1151441.5367902762,0.944622129201889,0.944622129201889,0.944622129201889
723.jpeg,0.08832049,11836915.852523783,1116720.5229240304,0.8920349031686783,0.8920349031686783,0.8920349031686783
949.jpeg,0.087757416,11760079.856184104,1169928.1285115655,0.966005489230156,0.966005489230156,0.966005489230156
246.jpeg,0.08762051,11803594.99218963,2378059.269134444,0.9614053517580032,0.9614053517580032,0.9614053517580032
414.jpeg,0.087589726,11794568.023590418,2307193.056225007,0.961783193051815,0.961783193051815,0.961783193051815
732.jpeg,0.085989,11834476.90340407,1110207.137899251,0.9683301076292992,0.9683301076292992,0.9683301076292992
274.jpeg,0.08533591,11808713.242115742,2353790.9135737624,0.9380164369940758,0.9380164369940758,0.9380164369940758
671.jpeg,0.08471356,11797235.04343802,1147494.896739807,0.0,0.0,0.0
33.jpeg,0.084472604,11788518.614071343,1137936.3022436758,0.9483409151434898,0.9483409151434898,0.9483409151434898
480.jpeg,0.08355995,11734764.276114486,1163939.6525536173,0.9068961888551712,0.9068961888551712,0.9068961888551712
852.jpeg,0.083339624,11875257.964993048,1159792.9204841843,0.9698835238814354,0.9698835238814354,0.9698835238814354
659.jpeg,0.082743116,11794923.989290597,1145574.2042651307,0.9589361920952796,0.9589361920952796,0.9589361920952796
931.jpeg,0.08272222,11742400.150599018,1156293.9499097408,0.9673938751220704,0.9673938751220704,0.9673938751220704
440.jpeg,0.07944624,11838565.54979854,2325962.542168103,0.9543816596269608,0.9543816596269608,0.9543816596269608
290.jpeg,0.07919782,11805732.035766251,2349727.4122996163,0.9548304229974748,0.9548304229974748,0.9548304229974748
352.jpeg,0.079156,11790888.375545038,2336514.1520913565,0.0,0.0,0.0
913.jpeg,0.07884638,11774154.361720731,1151432.045239783,0.0,0.0,0.0
715.jpeg,0.07736684,11840448.820294248,1146773.1635178423,0.9453809410333632,0.9453809410333632,0.9453809410333632
222.jpeg,0.07656842,11812049.743213767,2380892.062946764,0.9616639092564584,0.9616639092564584,0.9616639092564584
485.jpeg,0.076520726,11735645.724046389,1162748.695033654,0.9792788922786712,0.9792788922786712,0.9792788922786712
201.jpeg,0.07565396,11823974.08559646,2425341.781443603,0.959388367831707,0.959388367831707,0.959388367831707
749.jpeg,0.07558804,11838481.135452926,1114223.5693206738,0.9602382108569144,0.9680709019303322,0.9641545563936234
111.jpeg,0.07531265,11792252.373098323,2336802.6938525955,0.9526259228587152,0.9526259228587152,0.9526259228587152
726.jpeg,0.0752073,11833316.259586675,1109303.747305107,0.8950363472104073,0.8950363472104073,0.8950363472104073
46.jpeg,0.07416681,11796704.243946848,1147287.5967328034,0.9389770552515984,0.9389770552515984,0.9389770552515984
136.jpeg,0.074135825,11796795.232635504,2440527.335204936,0.9497754722833632,0.9497754722833632,0.9497754722833632
531.jpeg,0.07404213,11772697.34490564,1150805.0213732922,0.9588705748319626,0.9588705748319626,0.9588705748319626
161.jpeg,0.07375225,11789616.835388344,2430978.304033889,0.9473227262496948,0.9473227262496948,0.9473227262496948
57.jpeg,0.07301211,11875559.550826568,1159400.6249248015,0.9584865048527718,0.9584865048527718,0.9584865048527718
150.jpeg,0.072414234,11795132.596073477,2431197.0908165453,0.8889020457863808,0.8889020457863808,0.8889020457863808
392.jpeg,0.072255775,11790952.17546985,2326433.7536096936,0.0,0.0,0.0
436.jpeg,0.07093647,11836927.758702911,2325532.607452278,0.9603275135159492,0.9603275135159492,0.9603275135159492
652.jpeg,0.07082049,11791347.65473737,1137127.3544743515,0.8901790380477905,0.964048869907856,0.9271139539778233
175.jpeg,0.070674516,11800424.731686126,2424011.540074211,0.7847266420722008,0.7847266420722008,0.7847266420722008
350.jpeg,0.06966434,11789166.104327869,2337540.61019168,0.8227429986000061,0.9624656215310096,0.8926043100655079
701.jpeg,0.06912733,11840737.046358332,1147798.407315574,0.6681271530687809,0.9642633646726608,0.8161952588707209
460.jpeg,0.06903143,11842297.941764748,2324437.6334283887,0.960839368402958,0.960839368402958,0.960839368402958
30.jpeg,0.06865564,11781585.630231855,1123700.3558234684,0.8728375136852264,0.9527084678411484,0.9127729907631874
267.jpeg,0.0681116,11803894.252962982,2381429.8106092126,0.9617204070091248,0.9617204070091248,0.9617204070091248
737.jpeg,0.06807574,11837565.316114714,1112214.8979556223,0.935427375137806,0.9598667472600936,0.9476470611989498
29.jpeg,0.06742192,11780846.540944977,1128642.669355001,0.859518900513649,0.859518900513649,0.859518900513649
459.jpeg,0.067362085,11840202.462140229,2325037.428789031,0.9642024785280228,0.9642024785280228,0.9642024785280228
900.jpeg,0.06683539,11771474.141576452,1153939.5161118477,0.9555236548185349,0.9555236548185349,0.9555236548185349
1001.jpeg,0.06653607,11822283.52117079,2424287.234114286,0.936868980526924,0.936868980526924,0.936868980526924
870.jpeg,0.066456094,11794498.191495234,2305335.756153695,0.964427575469017,0.964427575469017,0.964427575469017
470.jpeg,0.06612461,11701453.782485742,1198082.953522056,0.6991542354226112,0.9697571098804474,0.8344556726515293
231.jpeg,0.06603631,11810278.703294108,2382606.9444165938,0.884889081120491,0.884889081120491,0.884889081120491
757.jpeg,0.065604135,11837826.671634844,1109686.315593623,0.964298740029335,0.964298740029335,0.964298740029335
289.jpeg,0.065538354,11805736.516004048,2349728.133433085,0.9548304229974748,0.9548304229974748,0.9548304229974748
26.jpeg,0.06479939,11777306.172823744,1126598.477576092,0.9649385213851928,0.9649385213851928,0.9649385213851928
821.jpeg,0.06474894,11840419.569396423,1159809.726432558,0.8624153211712837,0.8624153211712837,0.8624153211712837
330.jpeg,0.064730234,11792458.629909389,2344962.629369969,0.9608910530805588,0.9608910530805588,0.9608910530805588
676.jpeg,0.06413779,11797848.56569314,1147086.9372927782,0.9260850101709366,0.9260850101709366,0.9260850101709366
461.jpeg,0.06379019,11842485.70862908,2324490.3623944367,0.7991875186562538,0.960839368402958,0.8800134435296059
144.jpeg,0.06374045,11790000.046903243,2433394.548383316,0.9508832171559334,0.9508832171559334,0.9508832171559334
936.jpeg,0.06348103,11734743.611885216,1165482.5470390634,0.7051747431978583,0.7051747431978583,0.7051747431978583
961.jpeg,0.06307494,11702251.6650764,1198705.8183735216,0.7214615792036057,0.7214615792036057,0.7214615792036057
680.jpeg,0.062997155,11797960.608707342,1139358.2659215028,0.645355835556984,0.964996725320816,0.8511738032102585
133.jpeg,0.06234377,11799255.855841223,2439427.275401004,0.9667575731873512,0.9667575731873512,0.9667575731873512
100.jpeg,0.062050648,11837860.47154734,2326623.622458973,0.7792599871754646,0.7792599871754646,0.7792599871754646
336.jpeg,0.061759707,11793489.56706656,2346892.539825139,0.9674079865217208,0.9674079865217208,0.9674079865217208
957.jpeg,0.06130804,11700305.96906872,1198776.0874485946,0.965196967124939,0.965196967124939,0.965196967124939
351.jpeg,0.06083857,11789011.031577077,2337401.8115244783,0.9624656215310096,0.9624656215310096,0.9624656215310096
234.jpeg,0.0608158,11807167.102239238,2384262.0528848614,0.0,0.0,0.0
577.jpeg,0.06040616,11837722.832063183,1112212.9107324467,0.935427375137806,0.9598667472600936,0.9476470611989498
149.jpeg,0.06037764,11795232.243778031,2431626.1960409875,0.9379344061017036,0.9379344061017036,0.9379344061017036
121.jpeg,0.059914112,11798292.410618763,2302405.904181789,0.9530650228261948,0.9530650228261948,0.9530650228261948
743.jpeg,0.059563283,11838910.152651802,1111780.2407683209,0.887136735022068,0.9740975573658944,0.9306171461939812
988.jpeg,0.059489988,11812379.82669312,1271215.9038297173,0.9762157946825027,0.9762157946825027,0.9762157946825027
527.jpeg,0.05945999,11772818.48956469,1152645.126078888,0.958141103386879,0.958141103386879,0.958141103386879
183.jpeg,0.05939926,11801491.327378042,2432526.5084754527,0.953058399260044,0.953058399260044,0.953058399260044
656.jpeg,0.05935318,11794100.37637244,1148183.3405646265,0.9616629779338836,0.9616629779338836,0.9616629779338836
640.jpeg,0.05900005,11792226.2277865,2338669.104721271,0.9506681114435196,0.9506681114435196,0.9506681114435196
375.jpeg,0.058991708,11790299.011139996,2322679.079230754,0.9560793191194534,0.9560793191194534,0.9560793191194534
927.jpeg,0.058981624,11737873.46796418,1162100.7538416828,0.0,0.0,0.0
54.jpeg,0.05854424,11875070.106033456,1164256.4285187845,0.953084632754326,0.9730787053704262,0.963081669062376
27.jpeg,0.057957765,11779502.394447071,1126429.0462570426,0.96265659481287,0.96265659481287,0.96265659481287
753.jpeg,0.05793224,11837648.902865626,1111805.7368490875,0.539603341370821,0.9598667472600936,0.7693828878303369
499.jpeg,0.057551213,11753924.42740584,1171363.982779958,0.8411044701933861,0.9670335352420808,0.9040690027177334
982.jpeg,0.057299946,11815072.934601158,1266794.076572105,0.5843448210507631,0.7930509299039841,0.6886978754773736
987.jpeg,0.05727783,11810936.736473486,1267363.4530526395,0.9661308825016022,0.9661308825016022,0.9661308825016022
745.jpeg,0.056889728,11837444.276032766,1111857.749794889,0.808678574860096,0.808678574860096,0.808678574860096
623.jpeg,0.056804195,11798268.845184147,2378594.378737905,0.9604288712143898,0.9604288712143898,0.9604288712143898
625.jpeg,0.05676742,11800426.80490783,2381626.355621626,0.9709914103150368,0.9709914103150368,0.9709914103150368
642.jpeg,0.05649766,11792380.672899408,2338651.474000685,0.9506681114435196,0.9506681114435196,0.9506681114435196
258.jpeg,0.05633628,11806666.425310131,2376607.969601538,0.8860204070806503,0.8860204070806503,0.8860204070806503
344.jpeg,0.056152966,11792234.43851265,2342225.0988126565,0.9630085676908492,0.9630085676908492,0.9630085676908492
940.jpeg,0.056014784,11757703.85660774,1170461.7670962375,0.9619168862700462,0.9857328236103058,0.9710537021358808
521.jpeg,0.05587838,11770683.78333648,1157869.285685863,0.9584269374608994,0.9733999222517014,0.9659134298563004
255.jpeg,0.055736322,11803768.765317904,2375838.160604749,0.9623045846819878,0.9623045846819878,0.9623045846819878
542.jpeg,0.055730302,11791062.047486562,1144766.7360988832,0.9658608958125114,0.9658608958125114,0.9658608958125114
679.jpeg,0.055679496,11800168.717597572,1146768.670559022,0.9321321845054626,0.9321321845054626,0.9321321845054626
449.jpeg,0.055537336,11836723.446713507,2326890.738330742,0.9596704766154288,0.9596704766154288,0.9596704766154288
965.jpeg,0.05530958,11810718.78404322,1268380.3634803495,0.9435953050851822,0.9597026631236076,0.9516489841043949
554.jpeg,0.05522954,11800270.540882291,1149544.6871127714,0.6967269852757454,0.6967269852757454,0.6967269852757454
986.jpeg,0.054829746,11809987.39272477,1267040.466477203,0.9361787661910056,0.9685085490345956,0.9523436576128006
180.jpeg,0.05467489,11800732.310152443,2428869.184301601,0.8849072977900505,0.9620904698967934,0.9234988838434219
492.jpeg,0.05456972,11730854.501713598,1160870.7203580863,0.6031138487160206,0.6031138487160206,0.6031138487160206
24.jpeg,0.054503486,11778567.586361758,1126534.3480240027,0.9613071531057358,0.9613071531057358,0.9613071531057358
486.jpeg,0.05447102,11737934.306401651,1161524.0120727853,0.6464537661522627,0.7818739488720894,0.714163857512176
16.jpeg,0.054365452,11742327.567002935,1155175.8403393177,0.9660243168473244,0.9660243168473244,0.9660243168473244
722.jpeg,0.05435925,11837584.815871254,1112183.6291528298,0.935427375137806,0.9598667472600936,0.9476470611989498
345.jpeg,0.05408657,11793855.72556347,2341688.0531432545,0.9707887321710588,0.9707887321710588,0.9707887321710588
83.jpeg,0.05405719,11813392.61496848,1164640.238855739,0.9609899148344994,0.9609899148344994,0.9609899148344994
81.jpeg,0.05396638,11810469.454633744,1163395.4175621178,0.5722351055592299,0.5722351055592299,0.5722351055592299
742.jpeg,0.053880353,11834896.86279941,1108233.8879645471,0.9273686558008194,0.9273686558008194,0.9273686558008194
719.jpeg,0.053789448,11842057.769577842,1145788.6269520076,0.8922650888562202,0.8922650888562202,0.8922650888562202
992.jpeg,0.053764276,11811680.83391668,1265818.6640432673,0.9427811056375504,0.9427811056375504,0.9427811056375504
559.jpeg,0.053742073,11797997.111684848,1144194.198394478,0.8843039125204086,0.8843039125204086,0.8843039125204086
117.jpeg,0.053723328,11791965.30849504,2292410.817942572,0.0,0.0,0.0
690.jpeg,0.053550877,11837073.267085023,1146146.5928244612,0.5694614592939615,0.5694614592939615,0.5694614592939615
166.jpeg,0.05354863,11793715.661445672,2420092.7953451434,0.7887697275727987,0.7887697275727987,0.7887697275727987
34.jpeg,0.05340452,11790742.606884755,1137107.254171585,0.9707432463765144,0.9707432463765144,0.9707432463765144
746.jpeg,0.05336092,11836926.343300365,1110591.291543776,0.5819634199142456,0.5819634199142456,0.5819634199142456
752.jpeg,0.053351194,11838098.756287796,1106887.4855965024,0.9742684587836266,0.9755496084690094,0.974909033626318
638.jpeg,0.053045236,11790952.935893469,2334973.7998098424,0.9258620738983154,0.9258620738983154,0.9258620738983154
681.jpeg,0.052992295,11799503.410981037,1153865.005811015,0.9603891223669052,0.9603891223669052,0.9603891223669052
963.jpeg,0.052924983,11808990.26513051,1269688.192174529,0.9280296266078948,0.9635933041572572,0.945811465382576
677.jpeg,0.05279175,11797865.920402514,1147069.221978362,0.9260850101709366,0.9260850101709366,0.9260850101709366
551.jpeg,0.052641325,11799514.173771078,1153860.150679496,0.9603891223669052,0.9603891223669052,0.9603891223669052
167.jpeg,0.052633245,11796911.290450234,2418975.1202990087,0.9684062376618384,0.9684062376618384,0.9684062376618384
20.jpeg,0.05261982,11760631.23977125,1172395.2920503423,0.9650323390960692,0.9650323390960692,0.9650323390960692
575.jpeg,0.052598204,11836874.335308086,1112928.2718921057,0.950710102915764,0.950710102915764,0.950710102915764
727.jpeg,0.052595664,11838275.275308104,1112375.0319330415,0.0,0.0,0.0
506.jpeg,0.052565806,11754790.16334331,1172944.345171272,0.9604675993323326,0.9604675993323326,0.9604675993323326
815.jpeg,0.052490763,11836947.775414577,1158838.079023591,0.9651900976896286,0.9651900976896286,0.9651900976896286
379.jpeg,0.052215658,11789654.276072169,2322760.4609922306,0.0,0.0,0.0
95.jpeg,0.051852502,11812116.151830582,1266434.990986968,0.7043549828231335,0.7043549828231335,0.7043549828231335
617.jpeg,0.051791042,11811996.553336132,1271366.1605315786,0.9550705328583716,0.964605987071991,0.9598382599651814
560.jpeg,0.05134579,11797378.050751705,1144481.0302695234,0.877559520304203,0.9549036249518394,0.9162315726280212
740.jpeg,0.051235966,11838510.160054475,1114197.665800443,0.9602382108569144,0.9602382108569144,0.9602382108569144
839.jpeg,0.051001366,11843338.549220888,1161577.121776926,0.914602003991604,0.914602003991604,0.914602003991604
558.jpeg,0.05100101,11798222.09121499,1143588.0211352892,0.9569183140993118,0.9569183140993118,0.9569183140993118
634.jpeg,0.05092266,11790683.83666042,2337536.4196611,0.9566428139805794,0.9566428139805794,0.9566428139805794
929.jpeg,0.050908577,11739864.82879288,1158264.2332601442,0.9427499249577522,0.9650893658399582,0.9539196453988552
200.jpeg,0.05081376,11822776.680952182,2426717.0637120977,0.9641691148281096,0.9641691148281096,0.9641691148281096
155.jpeg,0.050651856,11792942.890396023,2427601.821113604,0.0,0.0,0.0
755.jpeg,0.05064359,11839177.128961124,1115569.285956543,0.9521055445075036,0.9784392341971396,0.9652723893523216
738.jpeg,0.05041439,11838082.190097682,1106876.949836231,0.9742684587836266,0.9755496084690094,0.974909033626318
844.jpeg,0.05034129,11871443.268219974,1167524.1771732229,0.8624724969267845,0.8624724969267845,0.8624724969267845
768.jpeg,0.050269905,11815349.040250557,1164608.530022015,0.5333515778183937,0.5333515778183937,0.5333515778183937
51.jpeg,0.05023472,11839159.188221538,1115577.4697964042,0.8737777471542358,0.9784392341971396,0.934774175286293
56.jpeg,0.050164275,11874564.993189989,1164717.0126284317,0.9207823872566224,0.9470112174749374,0.9338968023657799
579.jpeg,0.050141484,11839842.096583487,1149453.663422929,0.95591851323843,0.960969366133213,0.9584439396858215
855.jpeg,0.050133374,11877598.457030842,1161922.070424348,0.7021121382713318,0.7021121382713318,0.7021121382713318
967.jpeg,0.050065637,11811238.646064218,1267426.6294248344,0.5660501886159182,0.5660501886159182,0.5660501886159182
981.jpeg,0.04995769,11813201.085704986,1267978.1289748014,0.7080357410013676,0.9429619535803796,0.8254988472908735
232.jpeg,0.049899355,11810289.695917193,2382602.546894085,0.884889081120491,0.884889081120491,0.884889081120491
951.jpeg,0.04988842,11762642.38579224,1168110.132448464,0.9570403173565863,0.9636754244565964,0.9603578709065914
923.jpeg,0.04960923,11736154.575064084,1163739.777962349,0.9209609031677246,0.9209609031677246,0.9209609031677246
474.jpeg,0.04958791,11704853.21826998,1197894.984244562,0.8288653716444969,0.8288653716444969,0.8288653716444969
557.jpeg,0.049545914,11799589.325498125,1143534.6562088523,0.9317795932292938,0.9317795932292938,0.9317795932292938
983.jpeg,0.049345408,11816308.873330628,1272099.585255435,0.9033547341823578,0.9033547341823578,0.9033547341823578
863.jpeg,0.04922052,11797597.333639944,2302396.8854561867,0.0,0.0,0.0
721.jpeg,0.049212657,11838509.117036592,1114195.1747770102,0.9602382108569144,0.9602382108569144,0.9602382108569144
349.jpeg,0.049067717,11787390.298832158,2337570.097354505,0.962984412908554,0.962984412908554,0.962984412908554
754.jpeg,0.04904274,11839175.261163654,1115567.2141639509,0.8737777471542358,0.9784392341971396,0.934774175286293
868.jpeg,0.048961166,11797699.636222316,2303644.189056436,0.9410795867443084,0.9410795867443084,0.9410795867443084
217.jpeg,0.048909348,11815459.41841555,2382331.8244382795,0.7363068722188473,0.957933522760868,0.8471201974898577
319.jpeg,0.048861794,11792520.000002624,2349703.5252856663,0.9660082161426544,0.9660082161426544,0.9660082161426544
309.jpeg,0.048562538,11802229.196179269,2349253.744929525,0.95673006772995,0.95673006772995,0.95673006772995
948.jpeg,0.048255637,11759710.650547478,1170745.648802289,0.9481287226080894,0.9481287226080894,0.9481287226080894
529.jpeg,0.04811139,11773828.04996973,1152909.3815824063,0.7566438466310501,0.7566438466310501,0.7566438466310501
203.jpeg,0.048082273,11824556.794952434,2423582.2094487464,0.8746678084135056,0.8746678084135056,0.8746678084135056
606.jpeg,0.047854945,11811046.316259768,1267161.7038054334,0.5660501886159182,0.7532383427023888,0.6596442656591535
39.jpeg,0.047470316,11793203.850670628,1140975.6919894894,0.9597531035542488,0.9597531035542488,0.9597531035542488
734.jpeg,0.047432076,11838463.702597126,1114408.5009380938,0.9680709019303322,0.9680709019303322,0.9680709019303322
622.jpeg,0.04698653,11804744.215779783,2379281.117161084,0.9486145824193954,0.9486145824193954,0.9486145824193954
728.jpeg,0.046953317,11836864.71684405,1110937.108901926,0.9599877148866652,0.9599877148866652,0.9599877148866652
713.jpeg,0.046917852,11842671.857840752,1148522.6798572238,0.9221606627106668,0.9221606627106668,0.9221606627106668
994.jpeg,0.04669196,11795716.323722295,2433584.5956592364,0.607003977522254,0.607003977522254,0.607003977522254
615.jpeg,0.04668792,11812669.34163459,1268359.064815624,0.964185692369938,0.964185692369938,0.964185692369938
605.jpeg,0.046627693,11810863.661993608,1266790.4008281685,0.7532383427023888,0.8890759274363518,0.8211571350693703
483.jpeg,0.046422474,11736230.478435297,1162569.263374928,0.6209476664662361,0.9586947709321976,0.7898212186992168
99.jpeg,0.04623673,11838207.125444602,2326470.621015896,0.9405092746019365,0.9405092746019365,0.9405092746019365
442.jpeg,0.04623438,11838205.055294994,2326469.811168518,0.9405092746019365,0.9405092746019365,0.9405092746019365
919.jpeg,0.046210352,11734816.17551748,1162473.8204663126,0.9112463518977164,0.9793983697891236,0.94532236084342
503.jpeg,0.045788378,11751869.349193728,1175297.0442304837,0.72360510379076,0.979548804461956,0.851576954126358
451.jpeg,0.045689534,11839189.790148055,2327824.926050832,0.968358725309372,0.968358725309372,0.968358725309372
944.jpeg,0.04561973,11758703.10361972,1169320.3081136057,0.8092779144644737,0.8092779144644737,0.8092779144644737
750.jpeg,0.045607217,11836956.050478576,1110570.6612842572,0.5819634199142456,0.5819634199142456,0.5819634199142456
712.jpeg,0.04549247,11843063.118435375,1145698.2012506188,0.0,0.0,0.0
142.jpeg,0.045289963,11791132.201288337,2436003.4701090483,0.9630475044250488,0.9630475044250488,0.9630475044250488
534.jpeg,0.045232177,11781289.805502934,1127100.9022019987,0.8535835109651089,0.9172704070806504,0.8854269590228796
299.jpeg,0.045154184,11808709.445184637,2346865.07855576,0.9674815014004708,0.9674815014004708,0.9674815014004708
952.jpeg,0.045050353,11761395.381071322,1169240.314036077,0.9688533172011377,0.9688533172011377,0.9688533172011377
603.jpeg,0.044983175,11877971.407510951,1162015.7495586772,0.0,0.0,0.0
835.jpeg,0.044976987,11842613.228445146,1160571.034190269,0.9426111727952956,0.9426111727952956,0.9426111727952956
765.jpeg,0.044933688,11813289.189454583,1163757.75903607,0.9537300765514374,0.9537300765514374,0.9537300765514374
602.jpeg,0.044893596,11875814.37194218,1161366.290018323,0.8398507311940193,0.8398507311940193,0.8398507311940193
769.jpeg,0.04482241,11817070.566009823,1165816.6329857036,0.9654267951846124,0.9654267951846124,0.9654267951846124
45.jpeg,0.044817008,11796662.790102627,1147348.503397107,0.9389770552515984,0.9389770552515984,0.9389770552515984
484.jpeg,0.044811945,11735871.990981076,1162594.043337639,0.8984609320759773,0.8984609320759773,0.8984609320759773
37.jpeg,0.044704366,11792464.886055091,1138947.7661210983,0.0,0.0,0.0
415.jpeg,0.044656407,11795648.983961033,2307768.077759506,0.9684252142906188,0.9684252142906188,0.9684252142906188
613.jpeg,0.044638045,11818302.70949996,1273073.2844477424,0.8708852604031563,0.9231207296252252,0.8970029950141907
168.jpeg,0.04463691,11796597.293726828,2420535.629043043,0.9216027557849884,0.9216027557849884,0.9216027557849884
696.jpeg,0.044607293,11843064.437540444,1145698.4296613978,0.0,0.0,0.0
910.jpeg,0.044470627,11774728.753126374,1151667.9206326846,0.9660434052348136,0.9660434052348136,0.9660434052348136
576.jpeg,0.04445105,11837742.09604222,1112111.9715618738,0.9598667472600936,0.9598667472600936,0.9598667472600936
935.jpeg,0.044228207,11737888.147533022,1162104.6857275383,0.0,0.0,0.0
654.jpeg,0.04403369,11793245.547590995,1148321.0321938118,0.9597690105438232,0.9597690105438232,0.9597690105438232
417.jpeg,0.043999556,11794822.544874389,2301681.324034058,0.6916708424687386,0.6916708424687386,0.6916708424687386
833.jpeg,0.043942284,11838734.178215584,1159300.291205988,0.9633909240365028,0.9633909240365028,0.9633909240365028
666.jpeg,0.043864053,11796580.069030114,1146824.8848965573,0.8137022107839584,0.8137022107839584,0.8137022107839584
596.jpeg,0.043581218,11813495.166254276,1166005.124938686,0.9680094867944716,0.9680094867944716,0.9680094867944716
58.jpeg,0.043455973,11875520.255062897,1158881.2199798073,0.9603798612952232,0.9603798612952232,0.9603798612952232
157.jpeg,0.04329008,11792167.014696227,2429860.066083549,0.8245673179626465,0.9541042894124984,0.8893358036875725
781.jpeg,0.0432562,11813702.60467402,1161100.0175900736,0.950716957449913,0.950716957449913,0.950716957449913
840.jpeg,0.04324822,11845379.98395735,1158462.7755889955,0.7906493777409196,0.7906493777409196,0.7906493777409196
176.jpeg,0.043052297,11797628.01703236,2426748.881049571,0.9537218064069748,0.9537218064069748,0.9537218064069748
93.jpeg,0.043000054,11811945.562663233,1168820.750633326,0.9374862909317015,0.9374862909317015,0.9374862909317015
257.jpeg,0.042867973,11807021.107369136,2375220.7700121165,0.9628148972988128,0.9628148972988128,0.9628148972988128
113.jpeg,0.042690806,11791643.352135709,2336176.7937177084,0.9574454724788666,0.9574454724788666,0.9574454724788666
556.jpeg,0.042240452,11799769.060166828,1144231.4347248925,0.931671641767025,0.9612462893128396,0.9464589655399323
256.jpeg,0.042017404,11807129.090940973,2375227.564884836,0.9628148972988128,0.9628148972988128,0.9628148972988128
637.jpeg,0.04200157,11791150.465980085,2337250.71383236,0.8538844101130962,0.8538844101130962,0.8538844101130962
156.jpeg,0.04197765,11792509.237126706,2427471.937606449,0.9288063496351242,0.9288063496351242,0.9288063496351242
644.jpeg,0.041825105,11790754.190578217,2336973.533646029,0.9380173087120056,0.9380173087120056,0.9380173087120056
708.jpeg,0.04159105,11841984.195682667,1145796.852163608,0.8922650888562202,0.8922650888562202,0.8922650888562202
578.jpeg,0.041541807,11835903.782490846,1109950.005439405,0.9334910064935684,0.9334910064935684,0.9334910064935684
450.jpeg,0.04146618,11839219.602902314,2327735.8767149257,0.968358725309372,0.968358725309372,0.968358725309372
233.jpeg,0.0414342,11810041.85389468,2382999.443543233,0.963437557220459,0.963437557220459,0.963437557220459
846.jpeg,0.04135166,11873188.428347403,1159622.198601799,0.808073652908206,0.9333313778042792,0.8707025153562427
741.jpeg,0.041253973,11834665.874145469,1117291.9395422058,0.9165119975805284,0.9165119975805284,0.9165119975805284
504.jpeg,0.041200094,11754255.359577289,1175191.1149204797,0.0,0.0,0.0
162.jpeg,0.04114226,11791804.46191366,2426379.162190348,0.8283273875713348,0.8283273875713348,0.8283273875713348
473.jpeg,0.040791333,11703794.946713028,1198520.64921824,0.9136027246713638,0.9136027246713638,0.9136027246713638
581.jpeg,0.04074354,11840973.740688372,1159511.8063404695,0.8034430742263794,0.8034430742263794,0.8034430742263794
32.jpeg,0.04065996,11783946.726055998,1120179.8083660682,0.948235645890236,0.948235645890236,0.948235645890236
60.jpeg,0.039769683,11842844.334501611,1160090.5360039528,0.6050229519605637,0.7402326762676239,0.6726278141140938
437.jpeg,0.03969217,11836082.520351691,2325326.8861504816,0.0,0.0,0.0
9.jpeg,0.039590042,11737625.11425734,1161797.463435951,0.9148551002144814,0.9148551002144814,0.9148551002144814
604.jpeg,0.03957398,11871379.32771264,1163216.020076529,0.8683341220021248,0.970051534473896,0.9191928282380104
164.jpeg,0.039464764,11793471.020555137,2421449.413134573,0.952778197824955,0.952778197824955,0.952778197824955
305.jpeg,0.039160643,11808581.514184823,2350367.321546092,0.9075180739164352,0.9075180739164352,0.9075180739164352
707.jpeg,0.038951483,11838884.510124492,1145863.6518817637,0.8908029869198799,0.8908029869198799,0.8908029869198799
601.jpeg,0.03878244,11875791.002181765,1167429.0938386212,0.9030486792325974,0.9030486792325974,0.9030486792325974
966.jpeg,0.038640402,11810937.526845176,1273436.49615817,0.0,0.0,0.0
561.jpeg,0.038547594,11795675.97984721,1142215.8251690022,0.7800385057926178,0.8656515628099442,0.822845034301281
312.jpeg,0.03849704,11798486.264229476,2349548.168174241,0.946259431540966,0.946259431540966,0.946259431540966
629.jpeg,0.03807957,11789470.812454725,2336689.6128744786,0.9531247168779372,0.9531247168779372,0.9531247168779372
28.jpeg,0.038000647,11779374.989484968,1127107.1440961717,0.6992629792075604,0.9552293047308922,0.8272461419692263
569.jpeg,0.037891623,11797418.489369592,1137257.690551982,0.9656130373477936,0.9656130373477936,0.9656130373477936
532.jpeg,0.03786743,11783101.050103135,1128653.7701173036,0.7935096621513367,0.91591427475214,0.8547119684517384
526.jpeg,0.03780432,11772602.05812362,1152960.395284512,0.8300723880529404,0.8300723880529404,0.8300723880529404
31.jpeg,0.037668068,11781642.45370482,1121294.0492979777,0.9516737088561058,0.9604853466153144,0.9560795277357101
25.jpeg,0.037624534,11777407.473877707,1126563.5119659407,0.9649385213851928,0.9649385213851928,0.9649385213851928
193.jpeg,0.03739871,11815671.4284294,2424527.3655377068,0.955918051302433,0.955918051302433,0.955918051302433
607.jpeg,0.037349787,11808694.201818427,1268767.686149375,0.6817185617983341,0.9463815242052078,0.814050043001771
718.jpeg,0.037043165,11841231.807964342,1142788.3574426458,0.961572527885437,0.961572527885437,0.961572527885437
546.jpeg,0.037038088,11794600.839294525,1150444.605609872,0.9356653541326524,0.9356653541326524,0.9356653541326524
332.jpeg,0.036952246,11792464.975052431,2344963.7180079734,0.9608910530805588,0.9608910530805588,0.9608910530805588
494.jpeg,0.036035992,11755804.748692123,1167895.402680119,0.9668416753411292,0.9668416753411292,0.9668416753411292
869.jpeg,0.035612807,11796199.128099304,2303036.8305265373,0.0,0.0,0.0
159.jpeg,0.03558158,11787890.41654794,2431599.6869774647,0.67183518409729,0.9464344009757042,0.8091347925364971
131.jpeg,0.035409458,11800808.689656071,2438367.362182269,0.9476135522127151,0.9476135522127151,0.9476135522127151
455.jpeg,0.03490791,11837650.440896489,2331759.416067875,0.9612485840916634,0.9612485840916634,0.9612485840916634
205.jpeg,0.034730002,11823480.340490984,2422921.7649766454,0.9640714898705482,0.9640714898705482,0.9640714898705482
304.jpeg,0.03443455,11810360.077357836,2348644.445655873,0.9705662652850152,0.9705662652850152,0.9705662652850152
331.jpeg,0.034343183,11792461.614978489,2344962.9872306995,0.9608910530805588,0.9608910530805588,0.9608910530805588
694.jpeg,0.034281805,11841765.301114151,1145764.911484145,0.8922650888562202,0.8922650888562202,0.8922650888562202
611.jpeg,0.034251694,11812547.219516424,1280999.7038404015,0.9572148099541664,0.9572148099541664,0.9572148099541664
463.jpeg,0.03405088,11699515.859584184,1196983.3346115125,0.965765044093132,0.965765044093132,0.965765044093132
493.jpeg,0.033727653,11739377.368517052,1156238.3115404989,0.960511952638626,0.960511952638626,0.960511952638626
15.jpeg,0.03284881,11739651.320290094,1158204.4824443236,0.9650893658399582,0.9650893658399582,0.9650893658399582
214.jpeg,0.03260565,11809987.808160266,2385629.053749946,0.9571287482976912,0.9571287482976912,0.9571287482976912
204.jpeg,0.032503664,11823487.400534214,2422914.5537895625,0.9640714898705482,0.9640714898705482,0.9640714898705482
430.jpeg,0.030819457,11834957.61682053,2324667.8263809485,0.9634516090154648,0.9634516090154648,0.9634516090154648
132.jpeg,0.030331725,11800844.009394731,2438355.5964841708,0.9476135522127151,0.9476135522127151,0.9476135522127151
1002.jpeg,0.029854994,11822279.642412243,2424283.707970152,0.936868980526924,0.936868980526924,0.936868980526924
472.jpeg,0.027857728,11702723.849269545,1197426.3451005635,0.9627444595098495,0.9627444595098495,0.9627444595098495
163.jpeg,0.02745232,11791907.68215116,2423633.0420264504,0.9483891278505324,0.9483891278505324,0.9483891278505324
158.jpeg,0.025987212,11791187.163514692,2430870.9021996283,0.9242068156599998,0.9242068156599998,0.9242068156599998
79.jpeg,0.025584443,11815268.600774229,1162016.2713785386,0.9260922744870186,0.9260922744870186,0.9260922744870186
893.jpeg,0.024497682,11790022.91055426,2291589.2788288314,0.9526239335536956,0.9634540304541588,0.9580389820039272
842.jpeg,0.023700612,11869307.849999014,1166112.4978891483,0.8846647515892982,0.9205028489232064,0.9025838002562523
511.jpeg,0.02304554,11757909.240214052,1171276.238691947,0.96022879332304,0.96022879332304,0.96022879332304
