Unnamed: 0,image,pred,lat,lon,found_Anditi
0,Long Hồ District-1060.jpeg,0.9865048080682756,10.158032704563702N,105.95096377145056E,['655.jpeg']
1,Cao Lanh City-2651.jpeg,0.9857328236103058,10.454053539610552N,105.62216777975802E,['940.jpeg']
2,Long Xuyen City-1941.jpeg,0.9852674007415771,10.352923873106617N,105.44269687971922E,[]
3,Cai Lậy Town-6403.jpeg,0.9851657003164292,10.484131112418343N,106.11969041314218E,[]
4,Cai Lậy Town-6622.jpeg,0.9850139766931534,10.492215912995576N,106.09502888096684E,"['761.jpeg', '760.jpeg', '762.jpeg']"
5,Sa Đéc City-1282.jpeg,0.9846231490373611,10.307142672806073N,105.75729800817835E,[]
6,Go Cong Town-2540.jpeg,0.9844495132565498,10.408864074847378N,106.68133252539432E,[]
7,Trà Vinh City-493.jpeg,0.983071245253086,9.909539837730343N,106.31671709868672E,[]
8,Trà Vinh City-496.jpeg,0.9829334765672684,9.909539837730343N,106.32082124835837E,[]
9,Long Hồ District-1751.jpeg,0.9828661605715752,10.16611750514093N,106.00847207316117E,[]
10,Trà Vinh City-1331.jpeg,0.9828258827328682,9.944573973564998N,106.3495502960601E,[]
11,Phu Ly City-3939.jpeg,0.9824442118406296,20.580143746085835N,105.9631762706792E,[]
12,Cai Lậy Town-6075.jpeg,0.9823922142386436,10.476046311841102N,106.10187930657109E,[]
13,Trà Vinh City-498.jpeg,0.9820483326911926,9.909539837730343N,106.32355734813949E,[]
14,Trà Vinh City-1603.jpeg,0.981877826154232,9.95535370766797N,106.34407809649787E,[]
15,Trà Vinh City-1487.jpeg,0.9817251563072203,9.951311307379353N,106.34544614638844E,[]
16,Go Cong Town-3152.jpeg,0.9815599769353868,10.422338742476105N,106.63886207768692E,[]
17,Châu Thành District-1449.jpeg,0.9813289120793344,10.263744204593879N,106.2525996394792E,[]
19,Cai Lậy Town-6156.jpeg,0.9811561927199364,10.477393778603979N,106.12791092386735E,[]
21,Long Xuyen City-3913.jpeg,0.9810546264052392,10.394695342755663N,105.41256022382217E,[]
22,Trà Vinh City-450.jpeg,0.981029324233532,9.90819237096747N,106.31398099890559E,[]
23,Long Xuyen City-4533.jpeg,0.9809355512261392,10.409517477147261N,105.4276285517707E,[]
24,Vĩnh Long-929.jpeg,0.9809338971972466,10.24764993811426N,105.910355962458E,[]
25,Cai Lậy Town-4167.jpeg,0.9809116944670676,10.439664709243544N,106.17586390309722E,[]
26,Trà Vinh City-663.jpeg,0.9807515889406204,9.914929704781827N,106.32902954770172E,[]
27,Trà Vinh City-247.jpeg,0.9806922674179076,9.90010757039024N,106.34544614638844E,[]
28,Tây Ninh City-146.jpeg,0.9805796518921852,11.301661170503968N,106.10451156553712E,['969.jpeg']
30,Long Hồ District-6291.jpeg,0.9803739711642264,10.242923110624638N,106.00162584676706E,[]
31,Trà Vinh City-1110.jpeg,0.9801807925105096,9.932446772699157N,106.34818224616954E,[]
32,Long Xuyen City-4314.jpeg,0.9801547676324844,10.404127610095772N,105.42214915978941E,[]
33,Long Hồ District-1530.jpeg,0.9800406619906424,10.163422571615186N,106.00847207316117E,[]
34,Cai Lậy Town-4576.jpeg,0.9800120890140532,10.446402043057908N,106.19504509478917E,[]
35,Long Xuyen City-2301.jpeg,0.9797266125679016,10.361008673683854N,105.45091596769116E,[]
36,Cai Lậy Town-5376.jpeg,0.9797094091773032,10.461224177449507N,106.18682458406407E,[]
37,Trà Vinh City-429.jpeg,0.9796571880578996,9.906844904204599N,106.34134199671676E,[]
38,Trà Vinh City-1737.jpeg,0.9796514958143234,9.95939610795658N,106.35091834595066E,[]
39,Trà Vinh City-694.jpeg,0.979593813419342,9.916277171544703N,106.31808514857725E,[]
41,Cao Lanh City-4720.jpeg,0.979548804461956,10.49851994278535N,105.57009874080471E,['503.jpeg']
42,Long Xuyen City-3674.jpeg,0.9794953539967536,10.389305475704175N,105.41256022382217E,[]
44,Go Cong Town-2001.jpeg,0.9794260263442992,10.395389407218653N,106.68544256872082E,[]
45,Long Xuyen City-3418.jpeg,0.9793983697891236,10.383915608652682N,105.41529991981282E,['919.jpeg']
46,Long Xuyen City-2113.jpeg,0.9793728590011596,10.356966273395233N,105.43721748773795E,[]
47,Long Xuyen City-3280.jpeg,0.9793305471539496,10.381220675126938N,105.41393007181749E,[]
48,Long Xuyen City-3620.jpeg,0.9792788922786712,10.387958008941302N,105.42214915978941E,['485.jpeg']
49,Trà Vinh City-500.jpeg,0.9792258217930794,9.909539837730343N,106.32629344792062E,[]
50,Long Hồ District-1710.jpeg,0.9792244657874108,10.16611750514093N,105.95233301672941E,[]
51,Cao Lanh City-3749.jpeg,0.979162149131298,10.478307941342258N,105.63587015842995E,[]
52,Cai Lậy Town-3944.jpeg,0.979103147983551,10.435622308954924N,106.19093483942662E,['779.jpeg']
53,Cai Lậy Town-6338.jpeg,0.979095883667469,10.481436178892595N,106.15394254116356E,[]
54,Trà Vinh City-431.jpeg,0.9790632277727128,9.906844904204599N,106.34407809649787E,[]
55,Trà Vinh City-244.jpeg,0.9790169522166252,9.90010757039024N,106.34134199671676E,[]
56,Cai Lậy Town-6119.jpeg,0.9789982065558434,10.476046311841102N,106.16216305188868E,[]
57,Cai Lậy Town-4340.jpeg,0.9789830446243286,10.442359642769288N,106.19504509478917E,[]
58,Cai Lậy Town-3350.jpeg,0.9789033085107804,10.424842574851947N,106.14572203043844E,[]
60,Sa Đéc City-618.jpeg,0.9788318425416946,10.285583204600115N,105.72853570377463E,[]
61,Long Xuyen City-1772.jpeg,0.9788132011890412,10.348881472817999N,105.45639535967244E,[]
62,Sa Đéc City-1535.jpeg,0.9788034409284592,10.316574940146179N,105.73401423794677E,[]
63,Long Hồ District-3048.jpeg,0.978769339621067,10.182287106295396N,105.94274829977763E,[]
64,Long Xuyen City-3683.jpeg,0.9786791130900384,10.389305475704175N,105.42488885578004E,[]
65,Go Cong Town-1328.jpeg,0.9786255061626434,10.37787233930131N,106.65393223655084E,[]
66,Long Xuyen City-3488.jpeg,0.9786156117916108,10.385263075415558N,105.41803961580345E,[]
67,Long Xuyen City-4189.jpeg,0.9786153435707092,10.401432676570025N,105.40160143985962E,[]
68,Trà Vinh City-2074.jpeg,0.9784392341971396,9.968828375296683N,106.35365444573176E,"['755.jpeg', '51.jpeg', '754.jpeg']"
69,Cao Lanh City-4532.jpeg,0.9783087745308876,10.494477542496732N,105.59202254667983E,[]
71,Long Xuyen City-2835.jpeg,0.9781912490725516,10.371788407786832N,105.44954611969584E,"['12.jpeg', '928.jpeg']"
72,Vĩnh Long-1368.jpeg,0.9781610816717148,10.254387271928618N,105.94869725199236E,[]
73,Cai Lậy Town-4083.jpeg,0.9780609235167504,10.43831724248067N,106.17038356261381E,[]
74,Trà Vinh City-182.jpeg,0.9780344441533088,9.8974126368645N,106.34544614638844E,[]
75,Cai Lậy Town-5978.jpeg,0.9780326709151268,10.473351378315359N,106.14846220068013E,[]
76,Cai Lậy Town-5800.jpeg,0.9779986813664436,10.46930897802674N,106.18408441382235E,[]
77,Mỹ Hào District-2739.jpeg,0.9778418466448784,20.9460132112393N,106.14546448339627E,[]
78,Long Hồ District-2016.jpeg,0.9777428507804872,10.170159905429546N,105.91262490364353E,[]
79,Cai Lậy Town-4571.jpeg,0.9777238592505456,10.446402043057908N,106.1881946691849E,[]
80,Long Hồ District-2180.jpeg,0.977682538330555,10.171507372192416N,105.98245641286351E,[]
81,Binh Minh Town-2598.jpeg,0.9776695147156717,10.051763340932972N,105.8843741915594E,[]
84,Cao Lanh City-2072.jpeg,0.9775932058691978,10.443273805507571N,105.6249082554924E,[]
85,Duy Tiên District-5234.jpeg,0.9775077477097512,20.672597380789824N,105.94465447767993E,[]
86,Cai Lậy Town-5346.jpeg,0.9775052964687349,10.461224177449507N,106.14572203043844E,[]
87,Long Hồ District-1536.jpeg,0.9775029718875884,10.163422571615186N,106.01668754483413E,[]
88,Cai Lậy Town-3949.jpeg,0.977452114224434,10.435622308954924N,106.19778526503087E,[]
89,Tây Ninh City-800.jpeg,0.9774258062243462,11.320525705184215N,106.09076737156332E,"['990.jpeg', '985.jpeg']"
90,Long Xuyen City-3498.jpeg,0.9773306995630264,10.385263075415558N,105.43173809575667E,['482.jpeg']
91,Trà Vinh City-1017.jpeg,0.9772611632943152,9.92840437241054N,106.32355734813949E,[]
92,Cai Lậy Town-6680.jpeg,0.977252222597599,10.494910846521323N,106.09228871072513E,"['761.jpeg', '760.jpeg', '762.jpeg']"
93,Vĩnh Long-182.jpeg,0.97724000364542,10.231480336959795N,105.94869725199236E,['544.jpeg']
94,Cai Lậy Town-5372.jpeg,0.9772202745079994,10.461224177449507N,106.18134424358063E,[]
95,Trà Vinh City-1920.jpeg,0.9771985411643982,9.964785975008068N,106.34818224616954E,[]
96,Cai Lậy Town-6123.jpeg,0.9771291613578796,10.476046311841102N,106.16764339237213E,[]
97,Cao Lanh City-4499.jpeg,0.97707387059927,10.493130075733859N,105.64135110989872E,[]
98,Cao Lanh City-3560.jpeg,0.9770384430885316,10.474265541053642N,105.63449992056276E,[]
99,Long Hồ District-510.jpeg,0.9769886434078217,10.149947903986464N,106.02627226178588E,[]
101,Thanh Liêm District-6642.jpeg,0.9769255295395852,20.494911748646064N,105.92182538680898E,[]
102,Cai Lậy Town-5273.jpeg,0.9768949896097184,10.459876710686634N,106.14298186019671E,[]
103,Cai Lậy Town-6298.jpeg,0.9768482372164726,10.481436178892595N,106.0991391363294E,[]
104,Trà Vinh City-1667.jpeg,0.9768269136548042,9.958048641193713N,106.31534904879615E,[]
105,Tây Ninh City-1473.jpeg,0.9767915830016136,11.335347839575835N,106.12100459830566E,['978.jpeg']
106,Long Xuyen City-2965.jpeg,0.976784773170948,10.374483341312578N,105.44817627170053E,['928.jpeg']
107,Cai Lậy Town-5074.jpeg,0.976777158677578,10.455834310398014N,106.16353313700955E,[]
108,Trà Vinh City-1019.jpeg,0.9767734110355376,9.92840437241054N,106.32629344792062E,[]
109,Trà Vinh City-712.jpeg,0.9767560511827468,9.916277171544703N,106.34271004660732E,[]
110,Cai Lậy Town-2384.jpeg,0.976694829761982,10.405978040171728N,106.11283998753794E,['595.jpeg']
111,Cai Lậy Town-5563.jpeg,0.9766353294253348,10.465266577738122N,106.15120237092184E,[]
112,Cao Lanh City-3975.jpeg,0.9766195490956306,10.48369780839375N,105.5755796922735E,[]
113,Cai Lậy Town-2614.jpeg,0.9766125604510308,10.410020440460348N,106.13887160483415E,['86.jpeg']
114,Sa Đéc City-472.jpeg,0.9766095355153084,10.280193337548628N,105.76003727526444E,[]
115,Cai Lậy Town-3927.jpeg,0.9765922203660012,10.435622308954924N,106.16764339237213E,[]
116,Sa Đéc City-380.jpeg,0.9765372797846794,10.277498404022884N,105.76277654235054E,[]
117,Cai Lậy Town-4465.jpeg,0.9765028208494186,10.445054576295032N,106.14983228580098E,[]
118,Cai Lậy Town-5341.jpeg,0.9764765128493308,10.461224177449507N,106.13887160483415E,[]
119,Hiệp Hòa District-6255.jpeg,0.9764597490429878,21.342986148052496N,106.00642544439235E,[]
121,Trà Vinh City-1129.jpeg,0.9764086827635764,9.933794239462024N,106.33997394682622E,"['735.jpeg', '758.jpeg', '733.jpeg']"
122,Cai Lậy Town-3161.jpeg,0.9763187021017076,10.420800174563325N,106.18134424358063E,[]
123,Cai Lậy Town-5487.jpeg,0.9763186201453208,10.463919110975251N,106.14435194531758E,[]
124,Trà Vinh City-901.jpeg,0.9762504324316978,9.923014505359054N,106.33450174726396E,['720.jpeg']
126,Tây Ninh City-1833.jpeg,0.9762157946825027,11.343432640153088N,106.11413250131875E,['988.jpeg']
127,Long Xuyen City-2365.jpeg,0.976211242377758,10.362356140446725N,105.44817627170053E,['10.jpeg']
129,Trà Vinh City-407.jpeg,0.9761601015925409,9.906844904204599N,106.31124489912449E,[]
131,Trà Vinh City-595.jpeg,0.9760512411594392,9.912234771256085N,106.34407809649787E,[]
132,Sa Đéc City-2831.jpeg,0.9760405123233796,10.370473610661076N,105.71620900188731E,[]
133,Go Cong Town-2276.jpeg,0.976005494594574,10.402126741033015N,106.6964026842582E,[]
134,Binh Minh Town-3375.jpeg,0.9759906753897668,10.071975342376048N,105.85563672813252E,[]
135,Cai Lậy Town-3585.jpeg,0.9759144186973572,10.428884975140564N,106.1827143287015E,[]
136,Binh Minh Town-2311.jpeg,0.9759104028344154,10.046373473881486N,105.8679527838869E,[]
137,Trà Vinh City-583.jpeg,0.9758988246321678,9.912234771256085N,106.32766149781118E,[]
138,Cao Lanh City-4066.jpeg,0.9758018553256989,10.485045275156622N,105.6070951632189E,[]
141,Binh Minh Town-2157.jpeg,0.9757203683257104,10.043678540355744N,105.84332067237811E,[]
142,Long Hồ District-1161.jpeg,0.97566706687212,10.15938017132657N,105.94411754505647E,[]
143,Cao Lanh City-4838.jpeg,0.9756581708788872,10.499867409548223N,105.64135110989872E,[]
144,Cai Lậy Town-3240.jpeg,0.9756400808691978,10.422147641326202N,106.19230492454746E,[]
145,Cao Lanh City-2891.jpeg,0.9756226912140846,10.459443406662043N,105.6070951632189E,[]
146,Long Xuyen City-4026.jpeg,0.9756194725632668,10.397390276281406N,105.40982052783156E,[]
147,Trà Vinh City-1773.jpeg,0.9756081774830818,9.960743574719457N,106.33860589693562E,[]
148,Go Cong Town-2123.jpeg,0.9755868837237358,10.399431807507273N,106.6361220488026E,[]
150,Trà Vinh City-101.jpeg,0.9755496084690094,9.893370236575885N,106.34271004660732E,"['752.jpeg', '738.jpeg']"
151,Go Cong Town-3971.jpeg,0.975482203066349,10.435813410104826N,106.66078230876171E,['847.jpeg']
152,Cai Lậy Town-5722.jpeg,0.9754319861531258,10.467961511263871N,106.17449381797637E,[]
153,Go Cong Town-1448.jpeg,0.9754210337996484,10.380567272827056N,106.67722248206778E,[]
154,Cai Lậy Town-5980.jpeg,0.9754047766327858,10.473351378315359N,106.15120237092184E,[]
155,Long Hồ District-5754.jpeg,0.9753823056817056,10.229448442995913N,105.98382565814235E,[]
156,Long Hồ District-1274.jpeg,0.9753737971186638,10.16072763808944N,105.95233301672941E,['655.jpeg']
157,Cai Lậy Town-4792.jpeg,0.9752440601587296,10.450444443346525N,106.17860407333892E,[]
158,Chau Doc City-4675.jpeg,0.9751881584525108,10.715997010472476N,105.11384919810367E,"['466.jpeg', '467.jpeg']"
159,Tây Ninh City-1772.jpeg,0.9751169458031654,11.342085173390213N,106.11688134011352E,['97.jpeg']
161,Cai Lậy Town-4438.jpeg,0.9750948622822762,10.445054576295032N,106.11283998753794E,[]
162,Cai Lậy Town-3883.jpeg,0.9750934690237044,10.435622308954924N,106.10735964705452E,[]
163,Binh Minh Town-3421.jpeg,0.9749542251229286,10.073322809138919N,105.85153137621441E,[]
165,Cai Lậy Town-3598.jpeg,0.97488135099411,10.430232441903435N,106.10872973217536E,[]
167,Long Xuyen City-3758.jpeg,0.9748690947890282,10.390652942467048N,105.44406672771456E,[]
168,Cai Lậy Town-3582.jpeg,0.9748303890228271,10.428884975140564N,106.17860407333892E,[]
169,Trà Vinh City-1236.jpeg,0.9747484549880028,9.939184106513508N,106.35228639584123E,[]
170,Sa Đéc City-648.jpeg,0.9747383520007132,10.285583204600115N,105.76962471006567E,[]
172,Go Cong Town-2545.jpeg,0.974707804620266,10.408864074847378N,106.68818259760518E,[]
173,Phu Ly City-2876.jpeg,0.974688321352005,20.557236811116354N,105.92864076240751E,[]
174,Trà Vinh City-316.jpeg,0.9746387153863908,9.902802503915984N,106.34407809649787E,"['751.jpeg', '731.jpeg']"
175,Mỹ Hào District-2246.jpeg,0.97463808208704,20.93927587742473N,106.04592413713877E,['212.jpeg']
177,Long Xuyen City-2355.jpeg,0.9746254086494446,10.362356140446725N,105.43447779174731E,[]
178,Long Hồ District-4159.jpeg,0.9746115058660508,10.197109240686984N,106.00984131843998E,[]
179,Long Xuyen City-4855.jpeg,0.9746021628379822,10.417602277724498N,105.43995718372858E,[]
183,Sa Đéc City-583.jpeg,0.9745215624570848,10.284235737837246N,105.73401423794677E,[]
186,Cao Lanh City-3671.jpeg,0.9744496420025826,10.476960474579384N,105.61942730402366E,['508.jpeg']
187,Cao Lanh City-4196.jpeg,0.9744375422596931,10.487740208682368N,105.60161421175015E,['505.jpeg']
190,Long Xuyen City-2894.jpeg,0.9743482992053032,10.373135874549702N,105.4413270317239E,[]
191,Duy Tiên District-566.jpeg,0.9742850810289384,20.587706974726427N,105.97776998812962E,"['340.jpeg', '341.jpeg']"
192,Thái Bình-2764.jpeg,0.9742762297391891,20.47967184490432N,106.36658880665104E,[]
193,Long Hồ District-3995.jpeg,0.9742755368351936,10.194414307161237N,105.99888735620941E,[]
194,Cai Lậy Town-6333.jpeg,0.9742685556411744,10.481436178892595N,106.14709211555929E,[]
195,Trà Vinh City-103.jpeg,0.9742684587836266,9.893370236575885N,106.34544614638844E,"['752.jpeg', '738.jpeg']"
196,Trà Vinh City-1870.jpeg,0.974267452955246,9.963438508245199N,106.34544614638844E,[]
197,Trà Vinh City-300.jpeg,0.9742462709546088,9.902802503915984N,106.32218929824893E,[]
198,Long Hồ District-5054.jpeg,0.9741798937320708,10.21597377536719N,105.93727131866235E,[]
199,Tam Điệp-1630.jpeg,0.9741433560848236,20.14394987544917N,105.8464575965625E,[]
200,Châu Thành District-1277.jpeg,0.9741311892867088,10.262396737831006N,106.23479623056382E,[]
201,Trà Vinh City-235.jpeg,0.9741029068827628,9.90010757039024N,106.32902954770172E,[]
202,Trà Vinh City-1209.jpeg,0.9740975573658944,9.937836639750643N,106.3495502960601E,['743.jpeg']
204,Trà Vinh City-1327.jpeg,0.9740476310253144,9.944573973564998N,106.34407809649787E,[]
206,Cao Lanh City-4640.jpeg,0.9739927798509598,10.495825009259605N,105.64683206136746E,[]
209,Cai Lậy Town-6008.jpeg,0.9739227890968324,10.474698845078231N,106.0991391363294E,[]
210,Cao Lanh City-4415.jpeg,0.9739191830158234,10.491782608970986N,105.62079754189082E,[]
211,Long Hồ District-1516.jpeg,0.9738697037100792,10.163422571615186N,105.98930263925763E,[]
212,Cao Lanh City-4226.jpeg,0.9738537147641182,10.487740208682368N,105.6427213477659E,[]
213,Trà Vinh City-1517.jpeg,0.9738181829452516,9.952658774142225N,106.33450174726396E,[]
215,Long Xuyen City-2584.jpeg,0.9737268909811974,10.367746007498214N,105.37831402393917E,[]
217,Tây Ninh City-671.jpeg,0.9736375957727432,11.316483304895591N,106.13337437288207E,[]
218,Cai Lậy Town-6619.jpeg,0.9735966697335244,10.492215912995576N,106.09091862560427E,[]
219,Hung Yen City-1297.jpeg,0.9735786467790604,20.6394772085552N,106.07344409876902E,[]
220,Cai Lậy Town-3706.jpeg,0.973565898835659,10.43157990866631N,106.16353313700955E,[]
221,Phu Ly City-17.jpeg,0.9735629335045816,20.48851600620792N,105.90417811071508E,[]
222,Trà Vinh City-2887.jpeg,0.9735482931137084,9.990387843502628N,106.31671709868672E,[]
223,Trà Vinh City-179.jpeg,0.9735407829284668,9.8974126368645N,106.34134199671676E,[]
224,Cai Lậy Town-5648.jpeg,0.9735333472490312,10.466614044500997N,106.17038356261381E,[]
225,Cao Lanh City-2835.jpeg,0.9735153019428252,10.458095939899168N,105.61531659042207E,['512.jpeg']
226,Cao Lanh City-4964.jpeg,0.9734177142381668,10.50256234307397N,105.64957253710186E,[]
227,Sa Đéc City-2269.jpeg,0.9733999222517014,10.34621920892937N,105.73675350503285E,['521.jpeg']
228,Mỹ Hào District-1165.jpeg,0.9733906239271164,20.91771640921813N,106.08920254855506E,[]
229,Cao Lanh City-1075.jpeg,0.9733859598636628,10.427104204353101N,105.63724039629714E,[]
230,Long Hồ District-1058.jpeg,0.9733562394976616,10.158032704563702N,105.94822528089293E,[]
231,Long Xuyen City-1822.jpeg,0.9733288884162904,10.350228939580871N,105.44269687971922E,[]
232,Go Cong Town-2670.jpeg,0.9733178168535233,10.412906475136N,106.62242190438084E,[]
233,Cai Lậy Town-4899.jpeg,0.9732507318258286,10.45313937687227N,106.12380066850477E,[]
235,Go Cong Town-1250.jpeg,0.9732317253947258,10.375177405775567N,106.68544256872082E,[]
236,Go Cong Town-1227.jpeg,0.97321268171072,10.375177405775567N,106.65393223655084E,[]
237,Trà Vinh City-2451.jpeg,0.9731770157814026,9.978260642636783N,106.33450174726396E,[]
238,Cai Lậy Town-6174.jpeg,0.973175510764122,10.477393778603979N,106.1525724560427E,[]
239,Long Hồ District-5391.jpeg,0.9731613248586656,10.222711109181553N,105.94822528089293E,[]
240,Binh Minh Town-2447.jpeg,0.9731541946530342,10.04906840740723N,105.86658433324753E,[]
241,Long Xuyen City-4741.jpeg,0.973141573369503,10.414907344198749N,105.42351900778473E,[]
242,Cai Lậy Town-5277.jpeg,0.9731205776333808,10.459876710686634N,106.14846220068013E,[]
243,Long Hồ District-1310.jpeg,0.973102480173111,10.16072763808944N,106.00710282788233E,[]
244,Cai Lậy Town-5445.jpeg,0.9730998054146768,10.46257164421238N,106.18408441382235E,[]
245,Sa Đéc City-1998.jpeg,0.9730868488550186,10.33409200806352N,105.74223203920499E,[]
246,Trà Vinh City-977.jpeg,0.9730798155069352,9.925709438884796N,106.34271004660732E,[]
247,Go Cong Town-2207.jpeg,0.9730787053704262,10.40077927427014N,106.67722248206778E,"['851.jpeg', '54.jpeg']"
249,Thái Bình-707.jpeg,0.973065935075283,20.433857974965385N,106.33063558897192E,[]
250,Cao Lanh City-3892.jpeg,0.9729924872517586,10.481002874868004N,105.6482022992347E,[]
251,Cai Lậy Town-4211.jpeg,0.9729717969894408,10.441012176006414N,106.12654083874648E,[]
252,Duy Tiên District-3059.jpeg,0.972814217209816,20.640258178479957N,105.96625154971235E,[]
253,Go Cong Town-2498.jpeg,0.9727901667356492,10.408864074847378N,106.62379191882302E,[]
254,Long Hồ District-2807.jpeg,0.9727762266993524,10.17959217276965N,105.9153633942012E,[]
255,Trà Vinh City-512.jpeg,0.9727155342698096,9.909539837730343N,106.34271004660732E,[]
256,Trà Vinh City-1864.jpeg,0.9727119281888008,9.963438508245199N,106.3372378470451E,['736.jpeg']
257,Tây Ninh City-1393.jpeg,0.97265887260437,11.334000372812964N,106.09489062975544E,[]
258,Long Hồ District-3032.jpeg,0.9726575314998628,10.182287106295396N,105.92084037531647E,[]
259,Long Hồ District-3640.jpeg,0.9726562947034836,10.189024440109755N,106.0112105637188E,[]
260,Long Hồ District-1185.jpeg,0.9725662097334862,10.15938017132657N,105.98382565814235E,[]
261,Yên Mỹ District-3202.jpeg,0.9725545421242714,20.907088744464478N,106.03926103267437E,[]
262,Vĩnh Long-1517.jpeg,0.9725541025400162,10.257082205454365N,105.9185719530725E,[]
263,Phu Ly City-4222.jpeg,0.9725493714213372,20.59092348018912N,105.93583565996408E,[]
265,Sa Đéc City-2880.jpeg,0.972476601600647,10.373168544186822N,105.71346973480124E,[]
266,Go Cong Town-813.jpeg,0.9724398627877237,10.364397671672586N,106.65256222210868E,['845.jpeg']
267,Cai Lậy Town-5387.jpeg,0.9723691418766977,10.46257164421238N,106.10461947681281E,[]
268,Long Xuyen City-2490.jpeg,0.9723618179559708,10.365051073972468N,105.43310794375199E,[]
269,Sa Đéc City-530.jpeg,0.9723565578460692,10.2815408043115N,105.77647287778088E,['912.jpeg']
270,Tây Ninh City-2081.jpeg,0.9723468944430352,11.348822507204586N,106.09351621035809E,['609.jpeg']
271,Cao Lanh City-831.jpeg,0.9723221063613892,10.423061804064481N,105.65094277496904E,[]
272,Cai Lậy Town-2250.jpeg,0.9723007902503014,10.403283106645986N,106.12928100898819E,[]
273,Go Cong Town-3132.jpeg,0.9722909554839134,10.422338742476105N,106.61146178884346E,[]
274,Thái Bình-289.jpeg,0.9722895100712776,20.4217307740992N,106.32488307414329E,"['445.jpeg', '446.jpeg']"
275,Long Hồ District-3099.jpeg,0.9722334742546082,10.182287106295396N,106.01257980899764E,[]
278,Duy Tiên District-5357.jpeg,0.972156509757042,20.675292314315648N,105.93025642965834E,[]
279,Cai Lậy Town-5561.jpeg,0.9721425473690032,10.465266577738122N,106.14846220068013E,[]
280,Sa Đéc City-2662.jpeg,0.9720821231603622,10.362388810083837N,105.72442680314552E,['520.jpeg']
282,Cai Lậy Town-2171.jpeg,0.9720505848526956,10.401935639883115N,106.11969041314218E,[]
284,Tây Ninh City-2185.jpeg,0.9720373675227164,11.350169973967462N,106.14574414745852E,[]
285,Tây Ninh City-2041.jpeg,0.9720333740115166,11.347475040441713N,106.12925111468995E,[]
286,Cao Lanh City-2289.jpeg,0.9719988778233528,10.447316205796186N,105.60435468748452E,[]
287,Vĩnh Long-416.jpeg,0.971964880824089,10.236870204011284N,105.96649856499045E,[]
288,Cai Lậy Town-5230.jpeg,0.97192170470953,10.458529243923762N,106.18134424358063E,[]
289,Go Cong Town-2012.jpeg,0.97190111130476,10.396736873981526N,106.62790196214955E,[]
290,Long Xuyen City-2991.jpeg,0.971880592405796,10.375830808075445N,105.39201250389236E,['490.jpeg']
291,Cai Lậy Town-5575.jpeg,0.9718544781208038,10.465266577738122N,106.16764339237213E,[]
293,Cai Lậy Town-3727.jpeg,0.9718223884701728,10.43157990866631N,106.19230492454746E,[]
294,Chau Doc City-2281.jpeg,0.9718013629317284,10.671530607297658N,105.08231030937058E,[]
296,Go Cong Town-3309.jpeg,0.9717592820525168,10.425033676001851N,106.6306419910339E,[]
297,Long Hồ District-2249.jpeg,0.9717198833823204,10.172854838955288N,105.92220962059528E,[]
298,Chau Doc City-3360.jpeg,0.9716919660568236,10.687700208452133N,105.11384919810367E,[]
300,Tây Ninh City-387.jpeg,0.971666805446148,11.308398504318339N,106.13337437288207E,[]
301,Cai Lậy Town-5846.jpeg,0.9716638475656508,10.470656444789617N,106.1525724560427E,[]
303,Cao Lanh City-2067.jpeg,0.9716335907578468,10.443273805507571N,105.61805706615645E,[]
304,Cai Lậy Town-3482.jpeg,0.9715970978140832,10.427537508377691N,106.13339126435075E,[]
307,Cai Lậy Town-3188.jpeg,0.9715599790215492,10.422147641326202N,106.12106049826308E,[]
308,Long Xuyen City-1305.jpeg,0.9715304151177406,10.338101738715023N,105.4742033836116E,['930.jpeg']
309,Binh Minh Town-2362.jpeg,0.9714952707290648,10.047720940644355N,105.84332067237811E,[]
314,Cai Lậy Town-3932.jpeg,0.9713932648301123,10.435622308954924N,106.17449381797637E,[]
315,Phu Ly City-3808.jpeg,0.9713795110583304,20.577448812560007N,105.93439668045279E,[]
316,Long Hồ District-3264.jpeg,0.9713764488697052,10.184982039821136N,105.93727131866235E,[]
318,Cai Lậy Town-5617.jpeg,0.971362702548504,10.466614044500997N,106.12791092386735E,[]
319,Vĩnh Long-1235.jpeg,0.9713494330644608,10.251692338402876N,105.99662386391029E,[]
321,Go Cong Town-3712.jpeg,0.9713265970349312,10.431771009816211N,106.62927197659172E,[]
322,Cao Lanh City-3890.jpeg,0.9713230654597282,10.481002874868004N,105.6454618235003E,"['947.jpeg', '18.jpeg']"
324,Tây Ninh City-353.jpeg,0.9712804406881332,11.308398504318339N,106.08664411337115E,"['989.jpeg', '964.jpeg']"
327,Long Hồ District-4002.jpeg,0.9712237045168876,10.194414307161237N,106.00847207316117E,[]
329,Sa Đéc City-2059.jpeg,0.971174418926239,10.336786941589265N,105.74223203920499E,['917.jpeg']
330,Long Xuyen City-3845.jpeg,0.9711696282029152,10.393347875992792N,105.39886174386898E,[]
332,Go Cong Town-2711.jpeg,0.971147321164608,10.412906475136N,106.67859249650996E,[]
333,Binh Minh Town-1279.jpeg,0.9711067005991936,10.024814005675537N,105.86111053069003E,[]
334,Cai Lậy Town-5684.jpeg,0.9710517302155496,10.467961511263871N,106.1224305833839E,[]
335,Sa Đéc City-2799.jpeg,0.9710448086261748,10.3691261438982N,105.70936083417213E,[]
336,Cao Lanh City-1418.jpeg,0.9710418954491616,10.432494071404587N,105.64135110989872E,[]
337,Long Hồ District-1286.jpeg,0.9710218980908394,10.16072763808944N,105.97424094119057E,[]
338,Long Xuyen City-2826.jpeg,0.9710198044776917,10.371788407786832N,105.43721748773795E,[]
339,Yên Mỹ District-3472.jpeg,0.9709914103150368,20.912478611516125N,106.00608764113643E,"['108.jpeg', '625.jpeg']"
340,Long Hồ District-6430.jpeg,0.9709839969873428,10.249660444438993N,106.0112105637188E,[]
341,Trà Vinh City-376.jpeg,0.9709734544157982,9.905497437441726N,106.32218929824893E,[]
342,Hung Yen City-1453.jpeg,0.9709501937031746,20.643519608843928N,106.07776432369208E,[]
343,Cai Lậy Town-4482.jpeg,0.9709366634488106,10.445054576295032N,106.17312373285549E,[]
346,Long Hồ District-6183.jpeg,0.9709081575274467,10.240228177098889N,105.94274829977763E,[]
347,Sa Đéc City-1207.jpeg,0.970901109278202,10.30444773928033N,105.76003727526444E,[]
348,Chau Doc City-1539.jpeg,0.9708767235279084,10.6594034064318N,105.05077142063746E,['478.jpeg']
349,Go Cong Town-2608.jpeg,0.9708765968680382,10.411559008373121N,106.61831186105434E,[]
351,Thái Bình-1377.jpeg,0.9708671122789384,20.447332642594482N,106.32632120285044E,[]
352,Thái Bình-1437.jpeg,0.9708645418286324,20.44868010935739N,106.31481617319312E,[]
353,Cao Lanh City-2243.jpeg,0.9708316922187804,10.44596873903332N,105.64135110989872E,[]
356,Long Hồ District-4774.jpeg,0.9708034545183182,10.209236441552832N,105.99751811093057E,[]
357,Phu Ly City-3817.jpeg,0.9707887321710588,20.577448812560007N,105.94734749605469E,['345.jpeg']
358,Phu Ly City-57.jpeg,0.9707828238606452,20.492558406496656N,105.9142509672943E,[]
359,Cai Lậy Town-5056.jpeg,0.9707677364349364,10.455834310398014N,106.13887160483415E,[]
360,Cai Lậy Town-2025.jpeg,0.970745638012886,10.39924070635737N,106.1224305833839E,[]
361,Long Hồ District-1248.jpeg,0.9707432463765144,10.16072763808944N,105.91673263947999E,['34.jpeg']
363,Long Xuyen City-5054.jpeg,0.9707206785678864,10.422992144775987N,105.44543657570988E,[]
364,Cao Lanh City-4728.jpeg,0.970708891749382,10.49851994278535N,105.58106064374226E,[]
365,Trà Vinh City-820.jpeg,0.9706657975912094,9.920319571833314N,106.3303975975923E,[]
367,Cao Lanh City-1787.jpeg,0.9706148728728294,10.437883938456077N,105.68519872164887E,[]
370,Long Hồ District-4377.jpeg,0.9705945551395416,10.202499107738472N,105.9181018847588E,[]
371,Thanh Liêm District-6221.jpeg,0.9705843925476074,20.488174414831512N,105.90313064745148E,[]
372,Hung Yen City-1138.jpeg,0.9705662652850152,20.635434808266467N,106.09360514840996E,['304.jpeg']
375,Go Cong Town-1613.jpeg,0.9705225303769112,10.385957139878546N,106.63338201991824E,[]
376,Cai Lậy Town-4875.jpeg,0.9704958498477936,10.4517919101094N,106.19093483942662E,[]
377,Vĩnh Long-1650.jpeg,0.9704828783869744,10.258429672217233N,105.98293054621945E,[]
380,Binh Minh Town-1840.jpeg,0.9704699218273164,10.036941206541384N,105.86658433324753E,[]
381,Vĩnh Long-483.jpeg,0.970438152551651,10.238217670774157N,105.98156121445038E,[]
382,Trà Vinh City-2527.jpeg,0.9704183489084244,9.979608109399651N,106.36186274507514E,"['571.jpeg', '572.jpeg']"
384,Duy Tiên District-3437.jpeg,0.9703572243452072,20.645648045531594N,105.94321467287777E,[]
385,Thái Bình-714.jpeg,0.9703428447246552,20.433857974965385N,106.34070248992211E,[]
386,Phu Ly City-2171.jpeg,0.9703365415334702,20.545109610250154N,105.8782764795113E,[]
387,Tam Điệp-4597.jpeg,0.9703161343932152,20.187068811862233N,105.87660127839526E,[]
388,Cao Lanh City-1590.jpeg,0.970298707485199,10.435189004930333N,105.6440915856331E,[]
392,Cai Lậy Town-4696.jpeg,0.970232181251049,10.449096976583652N,106.14983228580098E,[]
393,Bến Tre City-3243.jpeg,0.9702317640185356,10.269101875094902N,106.34063090429568E,"['704.jpeg', '698.jpeg', '689.jpeg']"
394,Cai Lậy Town-5828.jpeg,0.970223106443882,10.470656444789617N,106.12791092386735E,[]
395,Cai Lậy Town-4593.jpeg,0.9702180698513984,10.447749509820778N,106.11283998753794E,[]
396,Long Hồ District-688.jpeg,0.97019524872303,10.15264283751221N,106.00847207316117E,[]
400,Trà Vinh City-710.jpeg,0.9701693877577782,9.916277171544703N,106.33997394682622E,[]
401,Go Cong Town-298.jpeg,0.9701639786362648,10.34957553728099N,106.66489235208824E,['857.jpeg']
402,Long Hồ District-6546.jpeg,0.9701540470123292,10.257745245016228N,106.00025660148823E,[]
403,Cai Lậy Town-5922.jpeg,0.9701022878289224,10.472003911552486N,106.16353313700955E,[]
404,Tây Ninh City-3899.jpeg,0.9700766578316689,11.379814242750715N,106.0797720163843E,['610.jpeg']
405,Go Cong Town-1819.jpeg,0.970051534473896,10.391347006930033N,106.64160210657127E,['604.jpeg']
407,Cao Lanh City-4501.jpeg,0.970027171075344,10.493130075733859N,105.6440915856331E,[]
410,Chau Doc City-428.jpeg,0.969949834048748,10.632454071174338N,105.09876538175307E,['477.jpeg']
412,Hoa Lư District-388.jpeg,0.9699338600039482,20.19664430755339N,105.94927148754331E,[]
413,Cai Lậy Town-4089.jpeg,0.9699205830693244,10.43831724248067N,106.17860407333892E,[]
414,Long Hồ District-1158.jpeg,0.9699198082089424,10.15938017132657N,105.94000980922003E,[]
415,Long Hồ District-6268.jpeg,0.9698969572782516,10.242923110624638N,105.92631735643175E,[]
416,Go Cong Town-723.jpeg,0.9698835238814354,10.361702738146843N,106.67722248206778E,['852.jpeg']
417,Cao Lanh City-3872.jpeg,0.969872072339058,10.481002874868004N,105.62079754189082E,[]
418,Go Cong Town-2080.jpeg,0.9698439836502076,10.398084340744397N,106.64845217878214E,[]
421,Long Hồ District-1291.jpeg,0.9697848111391068,10.16072763808944N,105.9810871675847E,[]
424,Go Cong Town-4481.jpeg,0.9697582945227624,10.447940610970683N,106.65256222210868E,[]
425,Chau Doc City-4148.jpeg,0.9697571098804474,10.70117487608087N,105.11659171016743E,"['959.jpeg', '470.jpeg']"
426,Tây Ninh City-193.jpeg,0.969747893512249,11.30300863726684N,106.11550692071616E,[]
427,Tam Điệp-3396.jpeg,0.969744898378849,20.16820427718152N,105.94406570916391E,[]
428,Tây Ninh City-1698.jpeg,0.9697360694408416,11.340737706627339N,106.10038830734497E,[]
430,Long Xuyen City-4473.jpeg,0.9697159975767136,10.40817001038439N,105.41803961580345E,[]
431,Long Xuyen City-2125.jpeg,0.9697077870368958,10.356966273395233N,105.4536556636818E,[]
432,Long Hồ District-3135.jpeg,0.9697002321481704,10.183634573058265N,105.91125565836468E,[]
433,Cao Lanh City-1424.jpeg,0.9696982428431512,10.432494071404587N,105.64957253710186E,[]
434,Cao Lanh City-2160.jpeg,0.9696592465043068,10.444621272270446N,105.63587015842995E,[]
435,Cao Lanh City-3483.jpeg,0.9696276262402534,10.47291807429077N,105.61257611468767E,[]
437,Tam Điệp-2416.jpeg,0.9696008116006852,20.156077076315338N,105.8966970662838E,['891.jpeg']
440,Thái Bình-2194.jpeg,0.969476044178009,20.46484971051231N,106.35076939087223E,[]
441,Mỹ Tho-2677.jpeg,0.969433568418026,10.37587180692561N,106.38617124067312E,[]
442,Tam Điệp-2166.jpeg,0.969413325190544,20.15203467602662N,105.92971157495782E,[]
443,Phu Ly City-2927.jpeg,0.9693003222346306,20.558584277879262N,105.89554423364714E,[]
444,Duy Tiên District-4921.jpeg,0.9692735746502876,20.66720751373818N,105.91729818643888E,[]
445,Long Hồ District-3202.jpeg,0.9692673832178116,10.183634573058265N,106.00299509204586E,['568.jpeg']
446,Cai Lậy Town-2804.jpeg,0.969231054186821,10.414062840748963N,106.11969041314218E,[]
447,Long Xuyen City-3962.jpeg,0.9692141264677048,10.396042809518535N,105.4002315918643E,[]
448,Cao Lanh City-1749.jpeg,0.9692033305764198,10.437883938456077N,105.63312968269553E,[]
449,Vĩnh Long-1542.jpeg,0.9691397920250892,10.257082205454365N,105.9528052472996E,[]
451,Cao Lanh City-3612.jpeg,0.9691230431199074,10.47561300781652N,105.62216777975802E,[]
453,Long Hồ District-3375.jpeg,0.9690096899867058,10.18632950658401N,105.94000980922003E,[]
454,Long Xuyen City-5368.jpeg,0.9689976647496223,10.433771878878964N,105.41666976780813E,[]
455,Cai Lậy Town-5432.jpeg,0.9689817130565644,10.46257164421238N,106.16627330725123E,[]
456,Cao Lanh City-1676.jpeg,0.9689815565943718,10.436536471693207N,105.64683206136746E,[]
457,Cao Lanh City-2547.jpeg,0.9689684957265854,10.45135860608481N,105.6660153915082E,[]
458,Cai Lậy Town-5048.jpeg,0.9689535871148108,10.455834310398014N,106.12791092386735E,[]
459,Trà Vinh City-757.jpeg,0.968936800956726,9.917624638307569N,106.35091834595066E,[]
460,Hoa Lư District-232.jpeg,0.9689061418175696,20.192601907264667N,105.94496277429069E,['426.jpeg']
461,Thanh Liêm District-5473.jpeg,0.968895211815834,20.47739468072824N,105.8973784199569E,['383.jpeg']
462,Binh Minh Town-2110.jpeg,0.9688876420259476,10.04233107359287N,105.87205813580505E,[]
463,Duy Tiên District-896.jpeg,0.9688798487186432,20.602529109118446N,105.95761272089936E,[]
464,Thái Bình-1849.jpeg,0.9688600972294809,20.45676490993485N,106.3565219057009E,[]
465,Cao Lanh City-2253.jpeg,0.9688533172011377,10.44596873903332N,105.65505348857066E,"['953.jpeg', '952.jpeg']"
466,Phu Ly City-50.jpeg,0.9688378870487212,20.492558406496656N,105.90417811071508E,[]
467,Thanh Liêm District-6477.jpeg,0.9688376784324646,20.492216815120244N,105.90456870432516E,[]
468,Go Cong Town-1296.jpeg,0.9688224494457244,10.37652487253844N,106.67996251095214E,[]
469,Duy Tiên District-1066.jpeg,0.9687863066792488,20.60791897617009N,105.93601564886697E,[]
471,Thái Bình-2349.jpeg,0.9687646329402924,20.468892110801047N,106.34070248992211E,[]
472,Vĩnh Long-1449.jpeg,0.9687576666474342,10.255734738691492N,105.94321992491601E,[]
473,Cai Lậy Town-3574.jpeg,0.9687492549419404,10.428884975140564N,106.16764339237213E,[]
475,Cai Lậy Town-3097.jpeg,0.9687249958515168,10.419452707800456N,106.18682458406407E,[]
476,Long Xuyen City-3292.jpeg,0.9687146916985512,10.381220675126938N,105.43036824776134E,[]
477,Long Xuyen City-1711.jpeg,0.9687137827277184,10.347534006055131N,105.45228581568648E,[]
478,Sa Đéc City-844.jpeg,0.9687126651406288,10.292320538414481N,105.77236397715177E,[]
479,Trà Vinh City-1866.jpeg,0.9687076732516288,9.963438508245199N,106.33997394682622E,['736.jpeg']
481,Go Cong Town-2478.jpeg,0.9686734601855278,10.407516608084503N,106.67311243874127E,[]
482,Go Cong Town-124.jpeg,0.9686730429530144,10.342838203466629N,106.66078230876171E,[]
483,Duy Tiên District-955.jpeg,0.96866487711668,20.60387657588136N,105.97920979293177E,[]
484,Mỹ Tho-13.jpeg,0.9686278477311134,10.320625669647844N,106.31494125018696E,[]
485,Cao Lanh City-988.jpeg,0.9686213508248328,10.42575673759023N,105.63312968269553E,"['517.jpeg', '516.jpeg']"
487,Long Hồ District-2914.jpeg,0.9685941189527512,10.18093963953252N,105.90988641308587E,[]
488,Duy Tiên District-1288.jpeg,0.968588039278984,20.61330884322173N,105.97345057372313E,[]
489,Go Cong Town-217.jpeg,0.9685781300067902,10.346880603755244N,106.65256222210868E,[]
491,Sa Đéc City-1707.jpeg,0.968553088605404,10.323312273960541N,105.71346973480124E,[]
492,Cai Lậy Town-5365.jpeg,0.9685249850153924,10.461224177449507N,106.17175364773465E,[]
493,Mỹ Hào District-3789.jpeg,0.9685127064585686,20.967572679445905N,106.08487470741343E,[]
494,Tây Ninh City-356.jpeg,0.9685085490345956,11.308398504318339N,106.09076737156332E,['986.jpeg']
495,Go Cong Town-4042.jpeg,0.9684939384460448,10.4371608768677N,106.64982219322431E,['53.jpeg']
496,Long Hồ District-858.jpeg,0.9684828147292136,10.155337771037951N,105.94959452617174E,[]
497,Long Hồ District-4393.jpeg,0.96847515553236,10.202499107738472N,105.94000980922003E,[]
500,Cao Lanh City-2210.jpeg,0.9684445038437844,10.44596873903332N,105.59613326028135E,[]
501,Trà Vinh City-1040.jpeg,0.9684317260980606,9.92975183917341N,106.32082124835837E,[]
502,Vĩnh Long-1268.jpeg,0.9684307500720024,10.253039805165749N,105.926787943687E,[]
505,Chau Doc City-2905.jpeg,0.9684280678629876,10.680962874637771N,105.09465161365743E,['464.jpeg']
506,Hoa Lư District-4102.jpeg,0.9684252142906188,20.29366191448283N,105.96076138955021E,['415.jpeg']
507,Hiệp Hòa District-33.jpeg,0.9684062376618384,21.22710400644183N,105.97460124466096E,['167.jpeg']
508,Go Cong Town-3256.jpeg,0.9683801904320716,10.423686209238976N,106.67174242429908E,[]
509,Thái Bình-2024.jpeg,0.968358725309372,20.460807310223583N,106.35220751957938E,"['451.jpeg', '450.jpeg']"
510,Trà Vinh City-615.jpeg,0.9683568403124808,9.913582238018956N,106.31671709868672E,[]
511,Cai Lậy Town-5046.jpeg,0.9683474600315094,10.455834310398014N,106.12517075362561E,[]
512,Thái Bình-1812.jpeg,0.9683321937918664,20.45676490993485N,106.30331114353582E,[]
513,Trà Vinh City-884.jpeg,0.9683301076292992,9.923014505359054N,106.31124489912449E,['732.jpeg']
514,Cai Lậy Town-5089.jpeg,0.9683210477232932,10.455834310398014N,106.18408441382235E,[]
515,Vĩnh Long-952.jpeg,0.9682837054133416,10.24764993811426N,105.94185059314692E,[]
519,Cai Lậy Town-6454.jpeg,0.9682143479585648,10.485478579181216N,106.13613143459246E,[]
520,Go Cong Town-3178.jpeg,0.9682071059942244,10.422338742476105N,106.67448245318344E,[]
521,Go Cong Town-4159.jpeg,0.9682052806019784,10.43985581039345N,106.61694184661216E,[]
522,Trà Vinh City-1387.jpeg,0.9681982919573784,9.94726890709074N,106.34818224616954E,[]
523,Go Cong Town-3205.jpeg,0.9681909531354904,10.423686209238976N,106.60187168774827E,[]
525,Tây Ninh City-1781.jpeg,0.96816685795784,11.342085173390213N,106.12925111468995E,[]
526,Cai Lậy Town-5114.jpeg,0.9681659191846848,10.45718177716089N,106.11969041314218E,[]
527,Cao Lanh City-3506.jpeg,0.9681640714406968,10.47291807429077N,105.6440915856331E,[]
530,Duy Tiên District-1499.jpeg,0.968158818781376,20.61735124351047N,106.01520491298577E,[]
531,Cai Lậy Town-5268.jpeg,0.9681518226861954,10.459876710686634N,106.13613143459246E,[]
532,Cai Lậy Town-6449.jpeg,0.9681071639060974,10.485478579181216N,106.12928100898819E,[]
533,Tây Ninh City-2415.jpeg,0.9680752232670784,11.354212374256086N,106.1581139220349E,[]
534,Trà Vinh City-1779.jpeg,0.9680709019303322,9.960743574719457N,106.346814196279E,"['749.jpeg', '734.jpeg']"
535,Duy Tiên District-4669.jpeg,0.9680544659495354,20.66316511344944N,105.94033506327347E,"['324.jpeg', '323.jpeg']"
540,Binh Minh Town-2719.jpeg,0.9680371358990668,10.054458274458714N,105.86932123452628E,[]
542,Bến Tre City-2690.jpeg,0.9680265188217164,10.255627207466182N,106.36253914363279E,[]
543,Cai Lậy Town-2931.jpeg,0.9680094867944716,10.416757774274714N,106.1224305833839E,['596.jpeg']
546,Cai Lậy Town-3681.jpeg,0.967988021671772,10.43157990866631N,106.12928100898819E,[]
547,Vĩnh Long-157.jpeg,0.9679728224873544,10.230132870196922N,105.98293054621945E,[]
548,Vĩnh Long-1779.jpeg,0.9679715633392334,10.26112460574298N,105.92131061661068E,[]
549,Binh Minh Town-1979.jpeg,0.9679680690169334,10.039636140067126N,105.87616348772315E,['539.jpeg']
550,Chau Doc City-2406.jpeg,0.9679593294858932,10.67287807406053N,105.13716055064552E,['476.jpeg']
551,Cai Lậy Town-3031.jpeg,0.9679490178823472,10.418105241037583N,106.17860407333892E,[]
552,Châu Thành District-6614.jpeg,0.9679306894540788,10.297430873665688N,106.3607895859649E,[]
553,Long Xuyen City-4077.jpeg,0.9679296389222144,10.398737743044281N,105.40160143985962E,[]
554,Châu Thành District-1589.jpeg,0.967929281294346,10.265091671356753N,106.21836231464192E,[]
555,Long Hồ District-2161.jpeg,0.9679282978177072,10.171507372192416N,105.95644075256588E,[]
556,Duy Tiên District-5149.jpeg,0.967923492193222,20.67124991402691N,105.92161760084535E,[]
557,Hung Yen City-3039.jpeg,0.967917501926422,20.694723345834557N,106.04320252430756E,[]
558,Sa Đéc City-355.jpeg,0.967916376888752,10.277498404022884N,105.72853570377463E,[]
559,Thái Bình-607.jpeg,0.9679081216454506,20.43116304143958N,106.35939816311522E,[]
560,Cai Lậy Town-2807.jpeg,0.9678928777575492,10.414062840748963N,106.12380066850477E,['82.jpeg']
562,Hung Yen City-2994.jpeg,0.9678904041647912,20.69337587907165N,106.03744222441014E,[]
563,Cao Lanh City-3201.jpeg,0.9678778126835824,10.466180740476403N,105.62353801762521E,['17.jpeg']
567,Go Cong Town-1800.jpeg,0.967842437326908,10.389999540167166N,106.68681258316299E,[]
568,Long Hồ District-6355.jpeg,0.9678376466035844,10.24561804415038N,106.0112105637188E,[]
569,Go Cong Town-227.jpeg,0.9678300768136978,10.346880603755244N,106.6662623665304E,[]
570,Phu Ly City-1778.jpeg,0.967824399471283,20.538372276435606N,105.8984221926698E,[]
571,Go Cong Town-2274.jpeg,0.9678181186318398,10.402126741033015N,106.69366265537386E,[]
572,Long Hồ District-4972.jpeg,0.9678025171160698,10.21327884184145N,106.0043643373247E,[]
574,Mỹ Tho-3194.jpeg,0.9677993878722192,10.385304074265717N,106.36836374305156E,"['828.jpeg', '61.jpeg']"
576,Binh Minh Town-3618.jpeg,0.9677877798676492,10.078712676190406N,105.85563672813252E,[]
577,Long Hồ District-3818.jpeg,0.9677762910723686,10.191719373635499N,105.99477962037295E,[]
578,Trà Vinh City-822.jpeg,0.967769518494606,9.920319571833314N,106.3331336973734E,[]
579,Cai Lậy Town-2467.jpeg,0.9677630886435508,10.407325506934605N,106.13065109410903E,['87.jpeg']
581,Yên Mỹ District-4304.jpeg,0.9677544683218002,20.932690612959814N,106.03926103267437E,[]
583,Cai Lậy Town-4154.jpeg,0.9677498117089272,10.439664709243544N,106.15805279652612E,[]
584,Cai Lậy Town-3716.jpeg,0.9677451923489572,10.43157990866631N,106.17723398821808E,[]
585,Binh Minh Town-3226.jpeg,0.9677418395876884,10.06793294208743N,105.85426827749315E,[]
587,Long Hồ District-4444.jpeg,0.9676856026053428,10.202499107738472N,106.00984131843998E,[]
590,Long Hồ District-3879.jpeg,0.9676669463515282,10.193066840398368N,105.95233301672941E,[]
594,Cai Lậy Town-3691.jpeg,0.9676249623298644,10.43157990866631N,106.14298186019671E,[]
595,Châu Thành District-1438.jpeg,0.9676206707954408,10.263744204593879N,106.2375352165508E,[]
596,Duy Tiên District-2375.jpeg,0.9676162749528884,20.630825911139574N,105.94033506327347E,[]
598,Sa Đéc City-642.jpeg,0.9676050767302512,10.285583204600115N,105.76140690880747E,[]
599,Go Cong Town-2728.jpeg,0.9675982743501664,10.414253941898867N,106.61694184661216E,[]
600,Thanh Liêm District-1047.jpeg,0.9675740003585817,20.408673875819822N,105.9060067611988E,[]
603,Long Hồ District-2755.jpeg,0.9675340801477432,10.178244706006778N,105.99751811093057E,[]
604,Cai Lậy Town-4256.jpeg,0.9675293788313866,10.441012176006414N,106.1881946691849E,['776.jpeg']
605,Cao Lanh City-3013.jpeg,0.9675104916095734,10.462138340187787N,105.60983563895327E,[]
606,Hung Yen City-483.jpeg,0.9674815014004708,20.621960140637352N,106.07920439866642E,"['298.jpeg', '299.jpeg']"
607,Cao Lanh City-659.jpeg,0.9674618691205978,10.420366870538738N,105.6454618235003E,[]
608,Duy Tiên District-2584.jpeg,0.9674508720636368,20.633520844665398N,105.96769135451449E,[]
609,Duy Tiên District-5395.jpeg,0.9674457609653472,20.675292314315648N,106.01376510818362E,[]
610,Go Cong Town-3117.jpeg,0.967427797615528,10.420991275713233N,106.68955261204736E,[]
614,Duy Tiên District-1714.jpeg,0.9674079865217208,20.621393643799195N,105.9417748680756E,['336.jpeg']
615,Vĩnh Long-2268.jpeg,0.9674062058329582,10.271904339845957N,105.92541861191793E,[]
616,Duy Tiên District-2980.jpeg,0.9674048870801926,20.638910711717042N,105.99504764575553E,['310.jpeg']
618,Long Xuyen City-876.jpeg,0.9673938751220704,10.328669471374916N,105.48379231957885E,"['932.jpeg', '931.jpeg']"
619,Cao Lanh City-491.jpeg,0.9673901423811913,10.417671937012992N,105.6440915856331E,[]
621,Cao Lanh City-3744.jpeg,0.9673698619008064,10.478307941342258N,105.629018969094E,[]
622,Trà Vinh City-919.jpeg,0.9673672989010812,9.924361972121927N,106.30577269956223E,[]
623,Cao Lanh City-2719.jpeg,0.9673603400588036,10.455401006373423N,105.629018969094E,['942.jpeg']
625,Long Hồ District-4964.jpeg,0.9673259481787682,10.21327884184145N,105.9934103750941E,[]
626,Trà Vinh City-2570.jpeg,0.9673115313053132,9.980955576162524N,106.34544614638844E,[]
632,Bac Giang City-1451.jpeg,0.9672514721751212,21.272614943430767N,106.16347291657819E,"['191.jpeg', '190.jpeg']"
633,Long Hồ District-6368.jpeg,0.9672476574778556,10.24696551091325N,105.99477962037295E,[]
637,Vĩnh Long-1781.jpeg,0.9672152921557426,10.26112460574298N,105.92404928014885E,[]
638,Sa Đéc City-1615.jpeg,0.967210292816162,10.319269873671924N,105.74086240566193E,[]
640,Vĩnh Long-6.jpeg,0.9671956077218056,10.222048069619692N,105.95006658376147E,[]
642,Long Hồ District-5482.jpeg,0.9671875089406968,10.224058575944424N,105.98793339397882E,[]
643,Tam Điệp-1836.jpeg,0.9671836495399476,20.146644808974987N,105.92253450785479E,['897.jpeg']
644,Hiệp Hòa District-5523.jpeg,0.9671629816293716,21.333553880712092N,106.0208909897248E,[]
645,Tam Điệp-1586.jpeg,0.9671570733189584,20.142602408686262N,105.89239082602198E,[]
646,Cao Lanh City-4166.jpeg,0.9671554639935492,10.486392741919497N,105.65231301283626E,[]
647,Tam Điệp-3267.jpeg,0.9671424627304076,20.166856810418608N,105.92253450785479E,[]
648,Thái Bình-298.jpeg,0.9670904278755188,20.4217307740992N,106.33782623250777E,[]
649,Trà Vinh City-1599.jpeg,0.9670731574296952,9.95535370766797N,106.33860589693562E,[]
650,Mỹ Hào District-2150.jpeg,0.9670720845460892,20.936580943898907N,106.14690709711016E,['216.jpeg']
651,Long Hồ District-3090.jpeg,0.9670695066452026,10.182287106295396N,106.00025660148823E,[]
652,Cao Lanh City-3056.jpeg,0.9670335352420808,10.46348580695066N,105.58791183307821E,['499.jpeg']
654,Duy Tiên District-2428.jpeg,0.9670111015439034,20.630825911139574N,106.01664471778795E,[]
657,Cao Lanh City-4101.jpeg,0.9669883027672768,10.485045275156622N,105.65505348857066E,[]
658,Cao Lanh City-3980.jpeg,0.966983549296856,10.48369780839375N,105.58243088160947E,['500.jpeg']
659,Long Hồ District-962.jpeg,0.9669788479804992,10.156685237800826N,105.97150245063291E,[]
661,Go Cong Town-823.jpeg,0.9669227674603462,10.364397671672586N,106.6662623665304E,[]
662,Cai Lậy Town-4245.jpeg,0.9668861776590348,10.441012176006414N,106.17312373285549E,[]
664,Binh Minh Town-1661.jpeg,0.966874897480011,10.032898806252769N,105.8843741915594E,[]
666,Long Hồ District-690.jpeg,0.9668424054980278,10.15264283751221N,106.0112105637188E,[]
667,Cao Lanh City-1476.jpeg,0.9668416753411292,10.433841538167465N,105.60435468748452E,['494.jpeg']
669,Duy Tiên District-1656.jpeg,0.966822385787964,20.62004617703629N,105.98928842654688E,[]
670,Trà Vinh City-691.jpeg,0.9668140783905984,9.916277171544703N,106.31398099890559E,['739.jpeg']
671,Cao Lanh City-4555.jpeg,0.9667797833681108,10.494477542496732N,105.62353801762521E,[]
672,Cai Lậy Town-4917.jpeg,0.9667794480919838,10.45313937687227N,106.14846220068013E,[]
673,Hiệp Hòa District-9242.jpeg,0.9667575731873512,21.398232285332025N,105.99485300812638E,"['134.jpeg', '133.jpeg']"
674,Trà Vinh City-1258.jpeg,0.9667493551969528,9.940531573276383N,106.34818224616954E,[]
675,Duy Tiên District-2043.jpeg,0.9667466357350348,20.625436044087937N,106.01376510818362E,[]
676,Long Hồ District-2387.jpeg,0.9667252153158188,10.174202305718163N,105.95644075256588E,[]
677,Cai Lậy Town-3723.jpeg,0.9667095765471458,10.43157990866631N,106.18682458406407E,[]
678,Hung Yen City-1350.jpeg,0.9666910842061044,20.64082467531811N,106.07632424871774E,[]
679,Hoa Lư District-1016.jpeg,0.9666870757937432,20.210118975182482N,105.95070772529417E,[]
680,Sa Đéc City-1156.jpeg,0.9666868671774864,10.303100272517458N,105.743601672748E,['525.jpeg']
682,Binh Minh Town-147.jpeg,0.9666705429553986,9.995169736892365N,105.88026883964129E,[]
683,Long Hồ District-4039.jpeg,0.9666620343923568,10.195761773924112N,105.94822528089293E,[]
684,Tam Điệp-2494.jpeg,0.966649241745472,20.15742454307825N,105.87229503813344E,['886.jpeg']
686,Hiệp Hòa District-8229.jpeg,0.9666173309087752,21.373977883599547N,105.98038746279394E,[]
687,Cai Lậy Town-5549.jpeg,0.9666148796677588,10.465266577738122N,106.1320211792299E,[]
688,Thái Bình-2247.jpeg,0.9665954038500786,20.466197177275223N,106.3478931334579E,[]
689,Trà Vinh City-27.jpeg,0.966595284640789,9.889327836287272N,106.34407809649787E,[]
690,Tây Ninh City-2114.jpeg,0.9665938839316368,11.348822507204586N,106.13887205047158E,[]
691,Trà Vinh City-753.jpeg,0.9665846675634384,9.917624638307569N,106.34544614638844E,[]
694,Châu Thành District-8823.jpeg,0.9665712267160416,10.313600474820154N,106.23205724457684E,[]
695,Long Hồ District-4568.jpeg,0.9665625393390656,10.205194041264217N,105.99067188453644E,[]
696,Sa Đéc City-377.jpeg,0.9665575996041298,10.277498404022884N,105.75866764172143E,[]
699,Cai Lậy Town-3825.jpeg,0.966549187898636,10.434274842192053N,106.12791092386735E,[]
704,Mỹ Hào District-191.jpeg,0.9664825350046158,20.889419607196963N,106.11661220911876E,[]
705,Hoa Lư District-3947.jpeg,0.9664666205644608,20.290966980957013N,105.93347287228377E,['413.jpeg']
707,Cai Lậy Town-4674.jpeg,0.966458223760128,10.449096976583652N,106.11969041314218E,[]
708,Cao Lanh City-1120.jpeg,0.9664572104811668,10.428451671115972N,105.58243088160947E,[]
709,Cai Lậy Town-3123.jpeg,0.96645225584507,10.420800174563325N,106.12928100898819E,[]
710,Thái Bình-2530.jpeg,0.9664316922426224,20.472934511089775N,106.3780938363084E,"['458.jpeg', '859.jpeg']"
714,Long Hồ District-793.jpeg,0.9663807302713394,10.153990304275084N,106.01668754483413E,[]
716,Long Hồ District-5172.jpeg,0.9663520008325576,10.218668708892936N,105.91673263947999E,[]
717,Go Cong Town-3316.jpeg,0.966333605349064,10.425033676001851N,106.64023209212911E,[]
718,Chau Doc City-4591.jpeg,0.9663314446806908,10.711954610183856N,105.11659171016743E,['468.jpeg']
720,Châu Thành District-10168.jpeg,0.9663046672940254,10.325727675686002N,106.36489806494536E,[]
721,Hiệp Hòa District-5032.jpeg,0.9663013592362404,21.328164013660434N,105.89938040893217E,[]
722,Duy Tiên District-1840.jpeg,0.9662987142801284,20.622741110562114N,105.99072823134907E,[]
724,Cai Lậy Town-2832.jpeg,0.966289073228836,10.414062840748963N,106.15805279652612E,['773.jpeg']
725,Binh Minh Town-438.jpeg,0.9662888422608376,10.004602004232465N,105.85974208005064E,[]
726,Trà Vinh City-1037.jpeg,0.9662868827581406,9.92840437241054N,106.35091834595066E,[]
727,Cao Lanh City-657.jpeg,0.9662451297044754,10.420366870538738N,105.6427213477659E,[]
728,Cao Lanh City-3334.jpeg,0.9662393182516098,10.46887567400215N,105.64683206136746E,[]
729,Mỹ Hào District-679.jpeg,0.9662281200289726,20.905589208351927N,106.09353038969671E,[]
734,Duy Tiên District-4387.jpeg,0.9661739394068718,20.65912271316071N,105.92593701525183E,[]
735,Duy Tiên District-3077.jpeg,0.9661530405282974,20.640258178479957N,105.99216803615124E,['311.jpeg']
736,Tây Ninh City-458.jpeg,0.9661308825016022,11.311093437844091N,106.0990138879476E,['987.jpeg']
737,Long Hồ District-4715.jpeg,0.9661224335432052,10.207888974789961N,106.00710282788233E,[]
738,Duy Tiên District-1168.jpeg,0.9661162793636322,20.610613909695914N,105.9417748680756E,[]
740,Hung Yen City-3149.jpeg,0.9661069065332412,20.698765746123286N,106.03312199948711E,[]
741,Tam Điệp-1476.jpeg,0.9661004915833472,20.141254941923357N,105.84502218314192E,[]
742,Cai Lậy Town-2602.jpeg,0.9660724848508836,10.410020440460348N,106.1224305833839E,[]
743,Vĩnh Long-388.jpeg,0.9660627618432044,10.236870204011284N,105.9117252942271E,[]
744,Sa Đéc City-767.jpeg,0.9660434052348136,10.289625604888732N,105.77373361069478E,['910.jpeg']
745,Châu Thành District-6365.jpeg,0.9660397544503212,10.296083406902813N,106.29916240125785E,[]
746,Long Xuyen City-528.jpeg,0.9660243168473244,10.320584670797679N,105.48379231957885E,['16.jpeg']
747,Hung Yen City-3566.jpeg,0.9660241156816484,20.712240413752408N,106.0619234989742E,[]
748,Duy Tiên District-3529.jpeg,0.9660082161426544,20.64699551229451N,105.93457584406481E,['319.jpeg']
750,Cao Lanh City-2530.jpeg,0.966005489230156,10.45135860608481N,105.6427213477659E,['949.jpeg']
752,Cai Lậy Town-3265.jpeg,0.9659767150878906,10.423495108089071N,106.12791092386735E,[]
754,Long Xuyen City-815.jpeg,0.965934582054615,10.327322004612043N,105.48653201556947E,"['934.jpeg', '933.jpeg']"
755,Duy Tiên District-1855.jpeg,0.9659268856048584,20.622741110562114N,106.01664471778795E,[]
756,Duy Tiên District-423.jpeg,0.9659143537282944,20.579622174148962N,105.96913115931666E,[]
757,Thái Bình-2039.jpeg,0.9659074172377586,20.460807310223583N,106.37377945018686E,[]
760,Phu Ly City-4242.jpeg,0.9658939763903618,20.592270946952027N,105.93295770094146E,[]
765,Tam Điệp-4266.jpeg,0.9658644124865532,20.18033147804769N,105.89956789312502E,[]
767,Go Cong Town-1365.jpeg,0.9658611565828324,10.379219806064183N,106.63338201991824E,[]
768,Long Hồ District-5637.jpeg,0.9658608958125114,10.22810097623304N,105.92084037531647E,['542.jpeg']
769,Long Hồ District-420.jpeg,0.9658428877592088,10.148600437223596N,106.01257980899764E,[]
770,Thái Bình-676.jpeg,0.9658380821347236,20.432510508202476N,106.37234132147972E,[]
771,Cai Lậy Town-4495.jpeg,0.965832956135273,10.445054576295032N,106.19093483942662E,[]
772,Vĩnh Long-592.jpeg,0.9658316671848296,10.2409126042999N,105.96786789675951E,[]
773,Tam Điệp-3622.jpeg,0.9658296257257462,20.17089921070733N,105.94406570916391E,[]
775,Duy Tiên District-1659.jpeg,0.9657940417528152,20.62004617703629N,106.00080686496418E,[]
777,Chau Doc City-3518.jpeg,0.965765044093132,10.690395141977882N,105.09876538175307E,['463.jpeg']
779,Cao Lanh City-4206.jpeg,0.9657571762800216,10.487740208682368N,105.61531659042207E,['509.jpeg']
781,Tây Ninh City-1597.jpeg,0.9657394140958786,11.338042773101586N,106.12787669529254E,"['975.jpeg', '616.jpeg']"
784,Duy Tiên District-1043.jpeg,0.9656922668218612,20.606571509407175N,105.97201076892097E,[]
785,Long Hồ District-4910.jpeg,0.9656556844711304,10.21327884184145N,105.91947113003765E,[]
787,Hung Yen City-1358.jpeg,0.965642176568508,20.64082467531811N,106.08784484851255E,['303.jpeg']
788,Cao Lanh City-4711.jpeg,0.965641751885414,10.497172476022477N,105.65094277496904E,[]
789,Duy Tiên District-3004.jpeg,0.9656295776367188,20.638910711717042N,106.0296029610074E,[]
790,Long Hồ District-3419.jpeg,0.9656172841787338,10.18632950658401N,106.00025660148823E,[]
792,Long Hồ District-1397.jpeg,0.9656130373477936,10.162075104852311N,105.97697943174823E,['569.jpeg']
793,Tam Điệp-2689.jpeg,0.9655928313732148,20.16011947660407N,105.87085962471284E,['429.jpeg']
795,Long Hồ District-6493.jpeg,0.9655561298131944,10.253702844727611N,106.00984131843998E,['555.jpeg']
796,Long Hồ District-4167.jpeg,0.9655383229255676,10.198456707449855N,105.92084037531647E,[]
797,Long Hồ District-1143.jpeg,0.965534158051014,10.15938017132657N,105.91947113003765E,['35.jpeg']
798,Tây Ninh City-92.jpeg,0.9655296579003334,11.298966236978218N,106.12100459830566E,[]
799,Hung Yen City-1316.jpeg,0.9655232280492784,20.6394772085552N,106.10080552328174E,[]
800,Cao Lanh City-4391.jpeg,0.9655230045318604,10.491782608970986N,105.58791183307821E,[]
801,Go Cong Town-3785.jpeg,0.9655207842588424,10.43311847657908N,106.62242190438084E,[]
804,Hoa Lư District-3999.jpeg,0.9655130729079248,20.29231444771992N,105.90905683051905E,"['411.jpeg', '410.jpeg']"
805,Cao Lanh City-2712.jpeg,0.9655113965272905,10.455401006373423N,105.61942730402366E,['940.jpeg']
806,Cao Lanh City-4000.jpeg,0.9655065163969994,10.48369780839375N,105.60983563895327E,[]
807,Cao Lanh City-2855.jpeg,0.9655060172080994,10.458095939899168N,105.6427213477659E,['950.jpeg']
809,Châu Thành District-1287.jpeg,0.9654724076390266,10.262396737831006N,106.24849116049872E,[]
810,Cao Lanh City-1976.jpeg,0.965467594563961,10.441926338744695N,105.60435468748452E,['497.jpeg']
811,Vĩnh Long-358.jpeg,0.965444803237915,10.23552273724841N,105.96375990145226E,[]
812,Cao Lanh City-1915.jpeg,0.9654369726777076,10.440578871981824N,105.63312968269553E,['514.jpeg']
813,Long Xuyen City-1935.jpeg,0.9654308632016182,10.352923873106617N,105.43447779174731E,[]
814,Cai Lậy Town-2894.jpeg,0.9654267951846124,10.415410307511838N,106.15394254116356E,['769.jpeg']
815,Yên Mỹ District-2020.jpeg,0.9654026180505751,20.886876743020792N,106.08108835243964E,[]
816,Long Xuyen City-2665.jpeg,0.965383656322956,10.369093474261087N,105.39749189587363E,['918.jpeg']
818,Long Xuyen City-4628.jpeg,0.965376652777195,10.412212410673003N,105.41256022382217E,[]
819,Sa Đéc City-1492.jpeg,0.9653668776154518,10.315227473383308N,105.72716607023159E,[]
820,Cai Lậy Town-2681.jpeg,0.965357095003128,10.41136790722322N,106.1347613494716E,[]
822,Duy Tiên District-2328.jpeg,0.9653144925832748,20.629478444376662N,106.00944569377715E,['315.jpeg']
824,Tây Ninh City-1124.jpeg,0.9652916863560675,11.327263038998591N,106.14711856685587E,[]
826,Long Hồ District-1488.jpeg,0.965282216668129,10.163422571615186N,105.95096377145056E,[]
827,Sa Đéc City-1384.jpeg,0.965278647840023,10.311185073094691N,105.73812313857589E,[]
828,Long Xuyen City-995.jpeg,0.9652773067355156,10.33136440490066N,105.47694307960226E,[]
830,Tam Điệp-2340.jpeg,0.965262271463871,20.15472960955243N,105.92109909443417E,"['896.jpeg', '894.jpeg', '895.jpeg']"
831,Cai Lậy Town-3016.jpeg,0.965237222611904,10.418105241037583N,106.15805279652612E,[]
834,Binh Minh Town-1541.jpeg,0.9651973843574524,10.030203872727025N,105.8912164447563E,[]
835,Chau Doc City-4347.jpeg,0.965196967124939,10.705217276369488N,105.10699291794428E,['957.jpeg']
836,Chau Doc City-4138.jpeg,0.9651930332183838,10.70117487608087N,105.10287914984868E,[]
837,Mỹ Tho-1298.jpeg,0.9651900976896286,10.352964871956782N,106.33274874780851E,"['585.jpeg', '815.jpeg']"
839,Trà Vinh City-2019.jpeg,0.9651773795485497,9.967480908533812N,106.34818224616954E,[]
840,Trà Vinh City-2115.jpeg,0.965149313211441,9.970175842059554N,106.3372378470451E,[]
842,Go Cong Town-188.jpeg,0.9651304483413696,10.345533136992373N,106.65941229431952E,[]
843,Cai Lậy Town-1667.jpeg,0.9651006013154984,10.392503372543006N,106.17997415845981E,['775.jpeg']
844,Duy Tiên District-4873.jpeg,0.9650949463248252,20.66586004697526N,105.99216803615124E,['318.jpeg']
846,Long Xuyen City-1716.jpeg,0.9650893658399582,10.347534006055131N,105.45913505566305E,"['929.jpeg', '15.jpeg']"
848,Bến Tre City-3181.jpeg,0.9650821015238762,10.266406941569157N,106.37486252825991E,[]
849,Vĩnh Long-1098.jpeg,0.9650752544403076,10.250344871640005N,105.92267994837975E,[]
851,Long Hồ District-5516.jpeg,0.9650478214025496,10.225406042707299N,105.94274829977763E,"['562.jpeg', '563.jpeg']"
852,Cao Lanh City-4397.jpeg,0.9650454074144365,10.491782608970986N,105.59613326028135E,[]
853,Cao Lanh City-3509.jpeg,0.9650323390960692,10.47291807429077N,105.6482022992347E,['20.jpeg']
854,Châu Thành District-8127.jpeg,0.9650131985545158,10.308210607768663N,106.27451152737501E,[]
855,Vĩnh Long-347.jpeg,0.965009056031704,10.23552273724841N,105.94869725199236E,[]
856,Tam Điệp-1094.jpeg,0.965008407831192,20.133170141345904N,105.91392202733114E,[]
858,Yên Mỹ District-919.jpeg,0.96499914675951,20.869359675102928N,105.98877978468185E,[]
859,Long Hồ District-2856.jpeg,0.964996725320816,10.17959217276965N,105.98245641286351E,"['41.jpeg', '680.jpeg']"
862,Duy Tiên District-985.jpeg,0.9649815559387208,20.605224042644267N,105.9561729160972E,"['334.jpeg', '333.jpeg']"
863,Châu Thành District-1442.jpeg,0.9649739041924476,10.263744204593879N,106.24301318852476E,[]
865,Binh Minh Town-3185.jpeg,0.9649385213851928,10.06793294208743N,105.79816180127872E,"['26.jpeg', '25.jpeg']"
866,Châu Thành District-6454.jpeg,0.9649332091212272,10.296083406902813N,106.42104727767847E,[]
868,Trà Vinh City-646.jpeg,0.9649053886532784,9.914929704781827N,106.30577269956223E,[]
872,Sa Đéc City-760.jpeg,0.9648871198296548,10.289625604888732N,105.76414617589354E,['909.jpeg']
874,Yên Mỹ District-1153.jpeg,0.964876189827919,20.873402075391663N,106.0205108548486E,[]
875,Hung Yen City-1560.jpeg,0.96487557888031,20.646214542369755N,106.08784484851255E,[]
876,Bac Giang City-1970.jpeg,0.9648630395531654,21.28204721077117N,106.16925674572272E,"['195.jpeg', '194.jpeg']"
877,Sa Đéc City-1682.jpeg,0.9648593664169312,10.321964807197668N,105.72990533731766E,['523.jpeg']
878,Long Hồ District-6463.jpeg,0.9648529812693596,10.25235537796474N,105.9934103750941E,[]
880,Sa Đéc City-1275.jpeg,0.9648304134607316,10.307142672806073N,105.74771057337713E,[]
882,Duy Tiên District-4850.jpeg,0.964826099574566,20.66586004697526N,105.9417748680756E,"['324.jpeg', '323.jpeg']"
883,Duy Tiên District-3702.jpeg,0.96482253074646,20.649690445820323N,105.90146033361509E,"['325.jpeg', '326.jpeg', '327.jpeg']"
885,Cai Lậy Town-4909.jpeg,0.9647895395755768,10.45313937687227N,106.1375015197133E,[]
886,Mỹ Hào District-1321.jpeg,0.9647652730345726,20.92041134274396N,106.13536618739911E,[]
887,Duy Tiên District-4047.jpeg,0.964764691889286,20.65373284610907N,105.97776998812962E,['314.jpeg']
888,Bến Tre City-1622.jpeg,0.9647570997476578,10.23676267278597N,106.40498635734843E,['717.jpeg']
890,Duy Tiên District-3644.jpeg,0.9647486284375192,20.64834297905743N,105.95905252570155E,['618.jpeg']
893,Sa Đéc City-964.jpeg,0.964733988046646,10.296362938703094N,105.76277654235054E,"['915.jpeg', '903.jpeg', '908.jpeg', '914.jpeg']"
895,Cai Lậy Town-196.jpeg,0.9647075682878494,10.362859103759812N,106.12106049826308E,[]
896,Hiệp Hòa District-291.jpeg,0.964701309800148,21.239231207308055N,105.95145637212903E,['165.jpeg']
899,Long Hồ District-2276.jpeg,0.9646869376301764,10.172854838955288N,105.95917924312353E,[]
900,Tây Ninh City-3441.jpeg,0.964679017663002,11.37172944217346N,106.13612321167683E,[]
901,Cai Lậy Town-4085.jpeg,0.9646715894341468,10.43831724248067N,106.17312373285549E,[]
902,Duy Tiên District-1953.jpeg,0.9646690636873244,20.624088577325022N,106.02096413219442E,[]
903,Long Hồ District-2647.jpeg,0.9646551087498664,10.176897239243907N,106.0043643373247E,[]
907,Hiệp Hòa District-4017.jpeg,0.9646211341023444,21.313341879268368N,105.90227351799868E,[]
908,Long Xuyen City-3869.jpeg,0.9646081998944284,10.393347875992792N,105.43173809575667E,[]
909,Tây Ninh City-1958.jpeg,0.964605987071991,11.346127573678837N,106.10726040433188E,['617.jpeg']
910,Go Cong Town-461.jpeg,0.9646012708544732,10.354965404332479N,106.66489235208824E,['848.jpeg']
911,Long Hồ District-3775.jpeg,0.9645887166261672,10.191719373635499N,105.93590207338352E,[]
912,Cao Lanh City-4441.jpeg,0.9645724892616272,10.491782608970986N,105.65642372643782E,[]
913,Mỹ Tho-1325.jpeg,0.9645687267184258,10.352964871956782N,106.36973355056092E,"['59.jpeg', '823.jpeg', '822.jpeg']"
914,Cao Lanh City-2579.jpeg,0.9645442813634872,10.452706072847676N,105.61531659042207E,['513.jpeg']
915,Long Hồ District-5092.jpeg,0.9645287320017816,10.21597377536719N,105.98930263925763E,[]
917,Long Hồ District-495.jpeg,0.9645099490880966,10.149947903986464N,106.00573358260351E,[]
918,Go Cong Town-3000.jpeg,0.9644991904497148,10.419643808950358N,106.62790196214955E,[]
919,Cao Lanh City-3966.jpeg,0.9644887670874596,10.48235034163088N,105.65642372643782E,[]
920,Trà Vinh City-1483.jpeg,0.9644619077444077,9.951311307379353N,106.33997394682622E,[]
921,Mỹ Tho-1197.jpeg,0.9644340947270392,10.350269938431039N,106.41493719836943E,[]
923,Ninh Bình-2104.jpeg,0.964427575469017,20.272519211026708N,105.95147386447422E,['870.jpeg']
924,Yên Mỹ District-4066.jpeg,0.9644068628549576,20.92460581238234N,106.04647263953045E,"['238.jpeg', '239.jpeg']"
925,Binh Minh Town-4290.jpeg,0.9644050821661948,10.097577210870606N,105.85837362941128E,[]
926,Hiệp Hòa District-5588.jpeg,0.9644048735499382,21.334901347475004N,105.963028808395E,[]
927,Tam Điệp-1294.jpeg,0.9644005298614502,20.13721254163463N,105.89813247970444E,[]
929,Long Hồ District-3685.jpeg,0.9643958806991576,10.190371906872624N,105.94000980922003E,[]
930,Binh Minh Town-3415.jpeg,0.9643900543451308,10.073322809138919N,105.84332067237811E,[]
931,Tây Ninh City-2029.jpeg,0.9643849730491638,11.347475040441713N,106.1127580819214E,[]
932,Long Hồ District-4933.jpeg,0.9643816575407982,10.21327884184145N,105.95096377145056E,['657.jpeg']
933,Go Cong Town-1076.jpeg,0.9643785506486892,10.371135005486948N,106.65393223655084E,[]
934,Phu Ly City-4167.jpeg,0.9643761441111564,20.588228546663295N,105.93295770094146E,[]
935,Hung Yen City-1497.jpeg,0.9643735885620116,20.64486707560684N,106.06912387384595E,[]
937,Thái Bình-1621.jpeg,0.9643544405698776,20.451375042883214N,106.39103699467285E,[]
940,Long Hồ District-1687.jpeg,0.9643051996827126,10.16611750514093N,105.92084037531647E,[]
941,Hung Yen City-2911.jpeg,0.9643035307526588,20.69068094554582N,106.03456207446143E,['270.jpeg']
943,Trà Vinh City-789.jpeg,0.964298740029335,9.918972105070441N,106.34134199671676E,['757.jpeg']
944,Long Hồ District-4445.jpeg,0.9642958268523216,10.203846574501345N,105.9153633942012E,[]
945,Long Hồ District-1706.jpeg,0.9642923474311828,10.16611750514093N,105.9468560356141E,[]
947,Vĩnh Long-512.jpeg,0.964277058839798,10.239565137537028N,105.9445892566851E,[]
948,Long Xuyen City-2340.jpeg,0.964273288846016,10.362356140446725N,105.41393007181749E,['487.jpeg']
949,Long Xuyen City-4999.jpeg,0.9642642587423323,10.421644678013113N,105.43584763974262E,[]
950,Bến Tre City-2693.jpeg,0.9642633646726608,10.255627207466182N,106.36664693850851E,['701.jpeg']
951,Mỹ Hào District-3717.jpeg,0.964263066649437,20.963530279157165N,106.09785823083833E,[]
952,Go Cong Town-2900.jpeg,0.9642593041062356,10.416948875424618N,106.6758524676256E,[]
953,Mỹ Tho-393.jpeg,0.9642334505915642,10.33544780403944N,106.35055624543003E,[]
954,Go Cong Town-1651.jpeg,0.964232511818409,10.385957139878546N,106.68544256872082E,[]
955,Cai Lậy Town-3366.jpeg,0.9642275795340538,10.424842574851947N,106.16764339237213E,[]
956,Châu Thành District-2313.jpeg,0.964224986732006,10.27048153840824N,106.24301318852476E,[]
957,Hoa Lư District-4822.jpeg,0.9642089530825616,20.311178982400655N,105.93060039678204E,[]
959,Thái Bình-929.jpeg,0.9642024785280228,20.437900375254113N,106.36371254923672E,['459.jpeg']
960,Cao Lanh City-4481.jpeg,0.9642017781734468,10.493130075733859N,105.61668682828926E,[]
962,Tây Ninh City-761.jpeg,0.964185692369938,11.31917823842134N,106.11413250131875E,['615.jpeg']
963,Tam Điệp-2234.jpeg,0.964178502559662,20.15338214278953N,105.89956789312502E,[]
965,Duy Tiên District-1195.jpeg,0.9641743078827858,20.610613909695914N,105.98064959773394E,['335.jpeg']
966,Long Hồ District-5224.jpeg,0.9641723856329918,10.218668708892936N,105.98793339397882E,[]
967,Go Cong Town-2268.jpeg,0.9641712009906768,10.402126741033015N,106.68544256872082E,[]
968,Bac Giang City-2505.jpeg,0.9641691148281096,21.291479478111572N,106.20540567787614E,"['199.jpeg', '200.jpeg']"
969,Thái Bình-2278.jpeg,0.9641457349061966,20.46754464403813N,106.31481617319312E,[]
971,Long Hồ District-2832.jpeg,0.9641314297914504,10.17959217276965N,105.94959452617174E,[]
972,Duy Tiên District-1576.jpeg,0.9641190096735954,20.618698710273378N,106.00944569377715E,[]
974,Trà Vinh City-1285.jpeg,0.9641107991337776,9.941879040039257N,106.35091834595066E,[]
975,Vĩnh Long-1100.jpeg,0.9641083851456642,10.250344871640005N,105.92541861191793E,[]
976,Trà Vinh City-1404.jpeg,0.964103139936924,9.948616373853612N,106.32766149781118E,[]
977,Tây Ninh City-653.jpeg,0.9641020521521568,11.316483304895591N,106.10863482372925E,[]
978,Tây Ninh City-2807.jpeg,0.9640912190079688,11.360949708070462N,106.15399066384279E,[]
979,Long Hồ District-2259.jpeg,0.9640871062874794,10.172854838955288N,105.93590207338352E,[]
980,Thái Bình-1407.jpeg,0.9640799835324289,20.447332642594482N,106.36946506406538E,[]
981,Bac Giang City-923.jpeg,0.9640714898705482,21.259140275801617N,106.21118950702068E,"['205.jpeg', '204.jpeg']"
982,Vĩnh Long-955.jpeg,0.9640713259577752,10.24764993811426N,105.94595858845419E,[]
983,Tam Điệp-2619.jpeg,0.964069664478302,20.158772009841154N,105.91248661391052E,"['898.jpeg', '887.jpeg']"
984,Mỹ Hào District-654.jpeg,0.9640592634677888,20.904241741589008N,106.12671050511588E,"['220.jpeg', '219.jpeg']"
985,Go Cong Town-680.jpeg,0.9640571475028992,10.36035527138397N,106.6922926409317E,['854.jpeg']
986,Cai Lậy Town-3755.jpeg,0.9640556946396828,10.432927375429179N,106.1320211792299E,[]
987,Long Hồ District-1253.jpeg,0.964048869907856,10.16072763808944N,105.9235788658741E,['652.jpeg']
988,Mỹ Hào District-3843.jpeg,0.9640445709228516,20.971615079734644N,106.06900595656079E,[]
989,Mỹ Hào District-2214.jpeg,0.9640429988503456,20.937928410661822N,106.12094005026037E,['215.jpeg']
990,Trà Vinh City-573.jpeg,0.9640343487262726,9.912234771256085N,106.31398099890559E,[]
991,Go Cong Town-2116.jpeg,0.9640316292643548,10.399431807507273N,106.62653194770735E,[]
992,Bến Tre City-2574.jpeg,0.9640306532382964,10.252932273940436N,106.39677076759702E,[]
993,Cai Lậy Town-2835.jpeg,0.9640290215611458,10.414062840748963N,106.16216305188868E,[]
995,Long Xuyen City-4835.jpeg,0.9639838710427284,10.417602277724498N,105.41256022382217E,[]
997,Cai Lậy Town-3378.jpeg,0.963963195681572,10.424842574851947N,106.18408441382235E,[]
998,Tam Điệp-1740.jpeg,0.9639600962400436,20.145297342212086N,105.89526165286318E,['119.jpeg']
1001,Mỹ Hào District-1318.jpeg,0.963927522301674,20.92041134274396N,106.1310383462575E,[]
1003,Cao Lanh City-3138.jpeg,0.9639196172356606,10.464833273713532N,105.61942730402366E,['943.jpeg']
1005,Long Hồ District-4844.jpeg,0.9639035388827324,10.210583908315703N,106.0043643373247E,[]
1007,Mỹ Hào District-2041.jpeg,0.9638912454247476,20.935233477136N,106.1065139131216E,[]
1008,Tam Điệp-960.jpeg,0.9638767316937448,20.130475207820087N,105.92971157495782E,[]
1011,Hoa Lư District-4097.jpeg,0.9638475030660628,20.29366191448283N,105.95358020079591E,[]
1014,Tây Ninh City-1446.jpeg,0.9638114050030708,11.335347839575835N,106.08389527457642E,['962.jpeg']
1015,Vĩnh Long-675.jpeg,0.963808000087738,10.242260071062768N,105.98840787329577E,[]
1016,Long Xuyen City-2498.jpeg,0.963801011443138,10.365051073972468N,105.44406672771456E,[]
1017,Mỹ Tho-2834.jpeg,0.9637894406914712,10.378566740451355N,106.39575989323852E,[]
1018,Chau Doc City-2006.jpeg,0.9637849405407906,10.66748820700904N,105.04665765254182E,"['2.jpeg', '1.jpeg']"
1019,Phu Ly City-3931.jpeg,0.9637688174843788,20.580143746085835N,105.95166443458864E,[]
1020,Hiệp Hòa District-4282.jpeg,0.9637676477432252,21.316036812794195N,106.01944443519157E,[]
1021,Duy Tiên District-3288.jpeg,0.963766947388649,20.642953112005777N,106.01232530338144E,[]
1022,Vĩnh Long-2010.jpeg,0.9637639299035072,10.265167006031596N,105.92267994837975E,[]
1024,Hung Yen City-1329.jpeg,0.9637456461787224,20.64082467531811N,106.04608267425627E,[]
1025,Long Hồ District-954.jpeg,0.9637367352843283,10.156685237800826N,105.94411754505647E,['36.jpeg']
1027,Cao Lanh City-2906.jpeg,0.9636801332235336,10.459443406662043N,105.62764873122678E,[]
1029,Chau Doc City-4764.jpeg,0.9636770337820052,10.72273434428684N,105.11110668603992E,"['7.jpeg', '6.jpeg']"
1030,Cao Lanh City-1605.jpeg,0.9636754244565964,10.435189004930333N,105.66464515364098E,"['21.jpeg', '951.jpeg']"
1031,Duy Tiên District-2605.jpeg,0.963669627904892,20.633520844665398N,105.99792725535985E,[]
1033,Cao Lanh City-1328.jpeg,0.9636598080396652,10.431146604641716N,105.63449992056276E,[]
1035,Tam Điệp-1576.jpeg,0.9636431634426116,20.142602408686262N,105.87803669181591E,"['892.jpeg', '889.jpeg']"
1037,Go Cong Town-199.jpeg,0.9636268019676208,10.345533136992373N,106.67448245318344E,[]
1039,Yên Mỹ District-4503.jpeg,0.9636228308081628,20.950207680877682N,106.03204942581829E,[]
1040,Tây Ninh City-730.jpeg,0.9636207967996596,11.317830771658468N,106.14299530866373E,['614.jpeg']
1041,Go Cong Town-423.jpeg,0.9636166095733644,10.35361793756961N,106.67037240985691E,[]
1042,Cai Lậy Town-3234.jpeg,0.9636053815484048,10.422147641326202N,106.18408441382235E,[]
1043,Binh Minh Town-3355.jpeg,0.9635959789156914,10.071975342376048N,105.828267715345E,[]
1044,Tây Ninh City-1322.jpeg,0.9635933041572572,11.332652906050088N,106.082520855179E,['963.jpeg']
1046,Cao Lanh City-2924.jpeg,0.9635730907320976,10.459443406662043N,105.65231301283626E,[]
1048,Thái Bình-1542.jpeg,0.9635562747716904,20.450027576120302N,106.37090319277254E,[]
1049,Mỹ Tho-2721.jpeg,0.9635523110628128,10.377219273688485N,106.34370720788327E,['810.jpeg']
1050,Long Hồ District-3924.jpeg,0.9635486900806428,10.193066840398368N,106.01394905427645E,['684.jpeg']
1052,Thanh Liêm District-3226.jpeg,0.9635245501995088,20.44505547841839N,105.9577768086503E,[]
1053,Hoa Lư District-3756.jpeg,0.963522493839264,20.286924580668288N,105.97943248031149E,[]
1054,Hung Yen City-3244.jpeg,0.9635191932320596,20.701460679649117N,106.05904334902549E,"['271.jpeg', '272.jpeg']"
1055,Go Cong Town-4663.jpeg,0.9635071381926535,10.457372878310792N,106.63886207768692E,['599.jpeg']
1056,Duy Tiên District-3033.jpeg,0.963504172861576,20.640258178479957N,105.92881662485615E,[]
1059,Tam Điệp-4178.jpeg,0.9634861648082732,20.178984011284783N,105.90530954680744E,[]
1060,Tam Điệp-2441.jpeg,0.9634842649102212,20.156077076315338N,105.93258240179902E,[]
1061,Thái Bình-2487.jpeg,0.9634815976023674,20.472934511089775N,106.31625430190032E,[]
1063,Tam Điệp-2425.jpeg,0.9634540304541588,20.156077076315338N,105.90961578706928E,"['890.jpeg', '893.jpeg']"
1064,Thái Bình-696.jpeg,0.9634516090154648,20.433857974965385N,106.31481617319312E,['430.jpeg']
1065,Cai Lậy Town-2382.jpeg,0.9634497836232184,10.405978040171728N,106.11009981729622E,['595.jpeg']
1066,Long Hồ District-4851.jpeg,0.9634413346648216,10.211931375078578N,105.92631735643175E,[]
1067,Tây Ninh City-138.jpeg,0.963441289961338,11.301661170503968N,106.09351621035809E,[]
1068,Vĩnh Long-410.jpeg,0.9634411185979844,10.236870204011284N,105.95828257437594E,[]
1069,Mỹ Hào District-1605.jpeg,0.963437557220459,20.92714867655852N,106.09064516226894E,['233.jpeg']
1070,Tam Điệp-2627.jpeg,0.9634369611740112,20.158772009841154N,105.9239699212754E,[]
1071,Phu Ly City-2135.jpeg,0.9634207114577292,20.543762143487246N,105.93871361898678E,[]
1072,Cai Lậy Town-1086.jpeg,0.963406577706337,10.383071105202898N,106.16079296676783E,['774.jpeg']
1074,Tây Ninh City-466.jpeg,0.963398665189743,11.311093437844091N,106.11000924312664E,[]
1075,Hung Yen City-2414.jpeg,0.9633978828787804,20.674511344390886N,106.0619234989742E,"['278.jpeg', '279.jpeg']"
1076,Mỹ Tho-1631.jpeg,0.9633909240365028,10.35835473900827N,106.35055624543003E,['833.jpeg']
1077,Long Xuyen City-4583.jpeg,0.9633725509047508,10.410864943910134N,105.42351900778473E,[]
1079,Tam Điệp-4652.jpeg,0.9633642211556436,20.188416278625144N,105.88234293207772E,['885.jpeg']
1080,Cai Lậy Town-3594.jpeg,0.96336130797863,10.430232441903435N,106.10324939169192E,[]
1082,Long Hồ District-3658.jpeg,0.963329330086708,10.190371906872624N,105.90304018669175E,[]
1083,Duy Tiên District-2963.jpeg,0.9633072018623352,20.638910711717042N,105.97057096411882E,['338.jpeg']
1085,Vĩnh Long-1148.jpeg,0.9632954150438308,10.250344871640005N,105.99114653683395E,[]
1086,Vĩnh Long-300.jpeg,0.9632948935031892,10.23417527048554N,105.96102123791414E,[]
1088,Go Cong Town-1702.jpeg,0.9632871076464652,10.387304606641418N,106.68955261204736E,[]
1089,Thái Bình-859.jpeg,0.9632840678095818,20.436552908491205N,106.35939816311522E,[]
1091,Duy Tiên District-2152.jpeg,0.9632774963974952,20.626783510850842N,106.0324825706117E,[]
1092,Trà Vinh City-1099.jpeg,0.9632540568709372,9.932446772699157N,106.3331336973734E,[]
1094,Yên Mỹ District-1400.jpeg,0.9632476791739464,20.877444475680402N,106.03493406856072E,"['251.jpeg', '252.jpeg']"
1095,Trà Vinh City-1453.jpeg,0.9632367566227912,9.94996384061648N,106.3495502960601E,[]
1096,Vĩnh Long-143.jpeg,0.9632354825735092,10.230132870196922N,105.95417457906869E,"['658.jpeg', '42.jpeg']"
1097,Cao Lanh City-2833.jpeg,0.963223822414875,10.458095939899168N,105.61257611468767E,[]
1100,Sa Đéc City-1876.jpeg,0.9632103592157364,10.328702141012029N,105.74771057337713E,[]
1101,Hoa Lư District-4292.jpeg,0.96319567412138,20.297704314771565N,105.95645267629762E,[]
1102,Long Xuyen City-2252.jpeg,0.9631851315498352,10.361008673683854N,105.37694417594385E,[]
1106,Bến Tre City-3112.jpeg,0.9631385430693626,10.265059474806286N,106.34747722908854E,['52.jpeg']
1107,Cao Lanh City-2070.jpeg,0.9631323888897896,10.443273805507571N,105.62216777975802E,[]
1108,Hoa Lư District-551.jpeg,0.9631312936544418,20.20068670784212N,105.92485544577856E,[]
1111,Tây Ninh City-3082.jpeg,0.9631210789084436,11.366339575121964N,106.09626504915283E,[]
1113,Cao Lanh City-1164.jpeg,0.963082879781723,10.428451671115972N,105.6427213477659E,['515.jpeg']
1114,Cao Lanh City-3025.jpeg,0.9630620926618576,10.462138340187787N,105.6262784933596E,['510.jpeg']
1117,Hiệp Hòa District-7979.jpeg,0.9630475044250488,21.369935483310798N,105.92107872693089E,['142.jpeg']
1118,Bac Giang City-1658.jpeg,0.9630473777651788,21.27665734371951N,106.16925674572272E,[]
1119,Trà Vinh City-1412.jpeg,0.963042952120304,9.948616373853612N,106.33860589693562E,[]
1120,Long Hồ District-1080.jpeg,0.963017739355564,10.158032704563702N,105.98793339397882E,[]
1121,Chau Doc City-1374.jpeg,0.9630130156874656,10.655361006143185N,105.12070547826302E,['960.jpeg']
1122,Go Cong Town-237.jpeg,0.9630104601383208,10.346880603755244N,106.67996251095214E,[]
1123,Phu Ly City-4056.jpeg,0.9630085676908492,20.58418614637456N,105.93151872143017E,"['343.jpeg', '344.jpeg']"
1124,Bến Tre City-1445.jpeg,0.9630066826939584,10.234067739260228N,106.36253914363279E,['702.jpeg']
1125,Binh Minh Town-3884.jpeg,0.9630057439208032,10.086797476767636N,105.82689926470562E,[]
1126,Cai Lậy Town-4558.jpeg,0.96299110352993,10.446402043057908N,106.17038356261381E,[]
1127,Phu Ly City-4031.jpeg,0.9629879668354988,20.582838679611655N,105.95454239361126E,['620.jpeg']
1128,Phu Ly City-2100.jpeg,0.962984412908554,20.543762143487246N,105.88834933609054E,['349.jpeg']
1132,Ninh Bình-291.jpeg,0.9629632383584976,20.21862054051035N,105.9859424731437E,[]
1133,Cai Lậy Town-4329.jpeg,0.962936982512474,10.442359642769288N,106.17997415845981E,[]
1134,Long Xuyen City-1422.jpeg,0.9629329293966292,10.340796672240765N,105.46598429563967E,[]
1136,Duy Tiên District-112.jpeg,0.9628995433449744,20.566147506519858N,105.9604923305037E,[]
1137,Mỹ Tho-2444.jpeg,0.9628966823220252,10.371829406636992N,106.38069201063568E,[]
1138,Tam Điệp-3158.jpeg,0.9628818780183792,20.165509343655707N,105.92827616153721E,['888.jpeg']
1142,Binh Minh Town-3004.jpeg,0.9628513231873512,10.062543075035945N,105.82553081406625E,[]
1143,Hoa Lư District-1365.jpeg,0.962843120098114,20.21820377575993N,105.95070772529417E,[]
1145,Yên Mỹ District-551.jpeg,0.9628148972988128,20.859927407762545N,106.06522281735626E,"['257.jpeg', '256.jpeg']"
1147,Go Cong Town-924.jpeg,0.9628018736839294,10.367092605198332N,106.65804227987738E,[]
1148,Cai Lậy Town-2699.jpeg,0.9628005549311638,10.41136790722322N,106.15942288164696E,[]
1149,Cai Lậy Town-5397.jpeg,0.9627896398305892,10.46257164421238N,106.11832032802134E,[]
1150,Chau Doc City-3844.jpeg,0.962776392698288,10.695785009029374N,105.10425040588055E,[]
1151,Tây Ninh City-494.jpeg,0.9627726823091508,11.312440904606968N,106.082520855179E,[]
1153,Long Xuyen City-4860.jpeg,0.9627662003040314,10.417602277724498N,105.4468064237052E,[]
1154,Vĩnh Long-46.jpeg,0.9627505242824554,10.226090469908309N,105.94732792022326E,[]
1155,Chau Doc City-3703.jpeg,0.9627444595098495,10.693090075503628N,105.12756175842237E,"['471.jpeg', '472.jpeg']"
1156,Hung Yen City-2500.jpeg,0.962731622159481,20.677206277916707N,106.0676837988716E,[]
1157,Thái Bình-2442.jpeg,0.9627265781164168,20.47158704432686N,106.32488307414329E,[]
1159,Long Hồ District-5600.jpeg,0.9627092555165292,10.226753509470168N,105.9701332053541E,[]
1161,Tam Điệp-2929.jpeg,0.962689682841301,20.162814410129887N,105.91822826759295E,[]
1164,Long Hồ District-3069.jpeg,0.962658978998661,10.182287106295396N,105.97150245063291E,['541.jpeg']
1165,Binh Minh Town-3149.jpeg,0.96265659481287,10.066585475324558N,105.81732011023E,['27.jpeg']
1168,Hiệp Hòa District-6131.jpeg,0.9626484215259552,21.34163868128958N,105.97894090826068E,[]
1169,Trà Vinh City-1896.jpeg,0.962638296186924,9.964785975008068N,106.31534904879615E,[]
1170,Tây Ninh City-2762.jpeg,0.9626170694828032,11.360949708070462N,106.0921417909607E,[]
1171,Duy Tiên District-2284.jpeg,0.962616227567196,20.629478444376662N,105.9460942824821E,['337.jpeg']
1173,Phu Ly City-4364.jpeg,0.9625588580965996,20.601703214292407N,105.93439668045279E,[]
1174,Mỹ Tho-3092.jpeg,0.9625581726431848,10.383956607502846N,106.33411855531787E,['806.jpeg']
1175,Go Cong Town-880.jpeg,0.9625562950968742,10.365745138435459N,106.67037240985691E,['858.jpeg']
1176,Go Cong Town-1383.jpeg,0.9625462293624878,10.379219806064183N,106.65804227987738E,[]
1177,Long Hồ District-3051.jpeg,0.9625340178608894,10.182287106295396N,105.9468560356141E,[]
1178,Hung Yen City-977.jpeg,0.962521843612194,20.632739874740647N,106.04608267425627E,[]
1179,Trà Vinh City-1993.jpeg,0.9624957591295242,9.967480908533812N,106.31261294901503E,[]
1181,Phu Ly City-2032.jpeg,0.9624656215310096,20.542414676724338N,105.90273913120375E,"['350.jpeg', '351.jpeg']"
1184,Tam Điệp-2057.jpeg,0.9624535962939262,20.150687209263705N,105.8966970662838E,[]
1187,Vĩnh Long-1210.jpeg,0.962442807853222,10.251692338402876N,105.9623905696832E,"['662.jpeg', '663.jpeg']"
1188,Chau Doc City-3749.jpeg,0.9624390602111816,10.694437542266506N,105.0809390533387E,[]
1190,Long Xuyen City-2492.jpeg,0.9624108150601388,10.365051073972468N,105.43584763974262E,[]
1191,Ninh Bình-1452.jpeg,0.962401494383812,20.250959742820164N,105.99599581733898E,[]
1192,Thái Bình-703.jpeg,0.962386354804039,20.433857974965385N,106.32488307414329E,['432.jpeg']
1193,Hiệp Hòa District-8967.jpeg,0.9623715728521348,21.391494951517444N,105.97170813559445E,['997.jpeg']
1196,Tây Ninh City-2124.jpeg,0.9623561501502992,11.348822507204586N,106.15261624444537E,[]
1197,Cai Lậy Town-2887.jpeg,0.9623492434620856,10.415410307511838N,106.14435194531758E,[]
1200,Hung Yen City-1064.jpeg,0.9623313173651696,20.63408734150355N,106.07920439866642E,['301.jpeg']
1201,Duy Tiên District-1702.jpeg,0.9623197019100188,20.621393643799195N,105.92449721044969E,[]
1202,Trà Vinh City-1688.jpeg,0.9623143002390862,9.958048641193713N,106.34407809649787E,[]
1203,Long Xuyen City-3862.jpeg,0.9623142257332802,10.393347875992792N,105.42214915978941E,[]
1205,Yên Mỹ District-745.jpeg,0.9623045846819878,20.86531727481419N,106.03493406856072E,['255.jpeg']
1206,Phu Ly City-2290.jpeg,0.9623044654726982,20.546457077013063N,105.93871361898678E,[]
1207,Tây Ninh City-1214.jpeg,0.9622983410954477,11.329957972524337N,106.10313714613972E,[]
1208,Hung Yen City-1647.jpeg,0.9622957780957222,20.64890947589557N,106.0705639488203E,[]
1210,Chau Doc City-3840.jpeg,0.9622668102383614,10.695785009029374N,105.09876538175307E,[]
1212,Mỹ Tho-3441.jpeg,0.9622380137443542,10.389346474554337N,106.3834316256544E,[]
1213,Hiệp Hòa District-4794.jpeg,0.9622321724891664,21.324121613371688N,105.97894090826068E,[]
1214,Binh Minh Town-1169.jpeg,0.9622251763939856,10.022119072149795N,105.87068968516567E,[]
1222,Thanh Liêm District-1418.jpeg,0.9622014090418816,20.416758676397286N,105.9060067611988E,[]
1223,Long Hồ District-5397.jpeg,0.962198242545128,10.222711109181553N,105.95644075256588E,[]
1224,Vĩnh Long-1227.jpeg,0.9621905758976936,10.251692338402876N,105.98566920975762E,['48.jpeg']
1226,Thái Bình-426.jpeg,0.9621503353118896,20.427120641150832N,106.33351184638626E,[]
1228,Thanh Liêm District-4636.jpeg,0.9621393457055092,20.46526747986205N,105.92182538680898E,[]
1229,Hiệp Hòa District-4005.jpeg,0.9621339365839958,21.311994412505456N,106.01799788065833E,['181.jpeg']
1230,Hung Yen City-1239.jpeg,0.9621186181902884,20.638129741792287N,106.0604834239998E,"['296.jpeg', '297.jpeg']"
1231,Tây Ninh City-37.jpeg,0.962104856967926,11.29627130345247N,106.11550692071616E,['976.jpeg']
1232,Cai Lậy Town-5566.jpeg,0.96209916472435,10.465266577738122N,106.15531262628441E,"['770.jpeg', '771.jpeg']"
1233,Hiệp Hòa District-3904.jpeg,0.9620904698967934,21.310646945742537N,106.00642544439235E,['180.jpeg']
1234,Long Hồ District-1691.jpeg,0.9620657935738564,10.16611750514093N,105.92631735643175E,[]
1236,Mỹ Hào District-2230.jpeg,0.9620606154203416,20.937928410661822N,106.1440218696824E,['216.jpeg']
1237,Tây Ninh City-148.jpeg,0.9620549157261848,11.301661170503968N,106.10726040433188E,"['970.jpeg', '971.jpeg', '969.jpeg']"
1238,Cao Lanh City-3733.jpeg,0.9620511159300804,10.478307941342258N,105.61394635255486E,['507.jpeg']
1239,Phu Ly City-367.jpeg,0.9620485678315164,20.51411787470322N,105.8984221926698E,[]
1240,Long Xuyen City-4187.jpeg,0.9620384126901628,10.401432676570025N,105.39886174386898E,[]
1242,Long Hồ District-6438.jpeg,0.9619850441813468,10.249660444438993N,106.02216452594939E,[]
1243,Hung Yen City-2969.jpeg,0.9619767665863036,20.692028412308737N,106.0604834239998E,[]
1245,Cao Lanh City-4654.jpeg,0.9619681462645532,10.497172476022477N,105.5728392165391E,[]
1246,Mỹ Hào District-1054.jpeg,0.9619439318776132,20.915021475692306N,106.10218607197996E,['225.jpeg']
1249,Cao Lanh City-4185.jpeg,0.9619359001517296,10.487740208682368N,105.58654159521102E,"['501.jpeg', '502.jpeg']"
1250,Cao Lanh City-2777.jpeg,0.9619168862700462,10.456748473136297N,105.62216777975802E,['940.jpeg']
1251,Cai Lậy Town-2809.jpeg,0.9619162678718568,10.414062840748963N,106.12654083874648E,[]
1252,Thái Bình-304.jpeg,0.961897686123848,20.4217307740992N,106.34645500475075E,['462.jpeg']
1255,Go Cong Town-219.jpeg,0.961856447160244,10.346880603755244N,106.65530225099302E,[]
1256,Cai Lậy Town-2185.jpeg,0.9618357643485068,10.401935639883115N,106.13887160483415E,[]
1257,Vĩnh Long-66.jpeg,0.9618225544691086,10.227437936671176N,105.95143591553051E,[]
1258,Binh Minh Town-359.jpeg,0.961821399629116,10.001907070706721N,105.88026883964129E,['536.jpeg']
1259,Yên Mỹ District-3887.jpeg,0.9618024155497552,20.920563412093603N,106.03060710444711E,[]
1260,Long Hồ District-3942.jpeg,0.9617969542741776,10.194414307161237N,105.92631735643175E,[]
1262,Hoa Lư District-3888.jpeg,0.961783193051815,20.2896195141941N,105.95358020079591E,"['408.jpeg', '414.jpeg']"
1267,Mỹ Hào District-3736.jpeg,0.9617393314838408,20.964877745920074N,106.07477641141628E,"['107.jpeg', '621.jpeg']"
1268,Tam Điệp-656.jpeg,0.9617338553071022,20.125085340768454N,105.9110512004899E,[]
1269,Tam Điệp-654.jpeg,0.9617316648364068,20.125085340768454N,105.90818037364869E,[]
1270,Cao Lanh City-4693.jpeg,0.961729608476162,10.497172476022477N,105.6262784933596E,[]
1271,Go Cong Town-259.jpeg,0.9617286399006844,10.348228070518116N,106.66215232320387E,[]
1273,Yên Mỹ District-3493.jpeg,0.9617204070091248,20.912478611516125N,106.03637638993193E,"['266.jpeg', '267.jpeg']"
1275,Cao Lanh City-2427.jpeg,0.9616826921701432,10.450011139321935N,105.59750349814857E,['498.jpeg']
1276,Go Cong Town-3831.jpeg,0.9616785645484924,10.43311847657908N,106.68544256872082E,[]
1277,Cao Lanh City-654.jpeg,0.9616732448339462,10.420366870538738N,105.63861063416432E,[]
1279,Binh Minh Town-2824.jpeg,0.9616655856370926,10.057153207984456N,105.8624789813294E,[]
1280,Mỹ Hào District-791.jpeg,0.9616639092564584,20.90828414187774N,106.10939914054937E,"['221.jpeg', '222.jpeg']"
1281,Vĩnh Long-1539.jpeg,0.9616629779338836,10.257082205454365N,105.94869725199236E,['656.jpeg']
1282,Tây Ninh City-1345.jpeg,0.961645632982254,11.332652906050088N,106.11413250131875E,[]
1283,Cai Lậy Town-5233.jpeg,0.9616410285234452,10.458529243923762N,106.1854544989432E,[]
1284,Hung Yen City-1362.jpeg,0.9616297632455826,20.64082467531811N,106.09360514840996E,[]
1286,Duy Tiên District-1295.jpeg,0.9616212844848632,20.61330884322173N,105.98352920733824E,['339.jpeg']
1288,Thanh Liêm District-1031.jpeg,0.9616177007555962,20.408673875819822N,105.88299785122038E,['388.jpeg']
1289,Yên Mỹ District-2775.jpeg,0.9616169780492784,20.900351410649918N,105.98012585645456E,['264.jpeg']
1290,Phu Ly City-1582.jpeg,0.9616085961461068,20.53432987614687N,105.98619994286031E,"['357.jpeg', '358.jpeg']"
1291,Long Xuyen City-2728.jpeg,0.9616038501262664,10.37044094102396N,105.3933823518877E,[]
1292,Thái Bình-600.jpeg,0.9615983441472054,20.43116304143958N,106.34933126216508E,[]
1294,Hiệp Hòa District-7226.jpeg,0.9615857154130936,21.356460815681647N,106.01510477159182E,[]
1295,Trà Vinh City-2225.jpeg,0.9615783393383026,9.972870775585298N,106.3358697971545E,[]
1296,Binh Minh Town-2171.jpeg,0.961577408015728,10.043678540355744N,105.8624789813294E,['540.jpeg']
1297,Long Xuyen City-1307.jpeg,0.9615735486149788,10.338101738715023N,105.47694307960226E,[]
1298,Bến Tre City-490.jpeg,0.961572527885437,10.211160804291403N,106.37212399834277E,['718.jpeg']
1300,Long Hồ District-3036.jpeg,0.9615516290068626,10.182287106295396N,105.92631735643175E,[]
1302,Long Xuyen City-4643.jpeg,0.9615035131573676,10.412212410673003N,105.43310794375199E,[]
1303,Long Hồ District-2131.jpeg,0.9615009725093842,10.171507372192416N,105.9153633942012E,[]
1304,Bac Giang City-2928.jpeg,0.9614974930882454,21.300911745451973N,106.17937844672568E,['196.jpeg']
1306,Mỹ Tho-2983.jpeg,0.9614910557866096,10.381261673977102N,106.39302027821981E,[]
1309,Sa Đéc City-106.jpeg,0.961460791528225,10.26941360344565N,105.73812313857589E,[]
1310,Go Cong Town-1815.jpeg,0.9614563956856728,10.391347006930033N,106.6361220488026E,[]
1311,Hung Yen City-2285.jpeg,0.9614522531628608,20.670468944102158N,106.05616319907675E,['282.jpeg']
1313,Long Hồ District-6048.jpeg,0.961450032889843,10.236185776810276N,105.99614886565175E,[]
1314,Mỹ Hào District-2802.jpeg,0.9614449590444564,20.947360678002212N,106.11228436797707E,[]
1315,Hoa Lư District-2307.jpeg,0.9614417627453804,20.2438056442552N,105.93490911003464E,"['428.jpeg', '427.jpeg']"
1316,Cai Lậy Town-3078.jpeg,0.9614386186003684,10.419452707800456N,106.16079296676783E,[]
1318,Cai Lậy Town-4644.jpeg,0.9614216014742852,10.447749509820778N,106.1827143287015E,[]
1319,Tây Ninh City-643.jpeg,0.961418479681015,11.316483304895591N,106.09489062975544E,[]
1321,Tây Ninh City-161.jpeg,0.9614096507430075,11.301661170503968N,106.1251278564978E,[]
1323,Yên Mỹ District-1817.jpeg,0.9614053517580032,20.884181809494965N,106.03349174718953E,['246.jpeg']
1324,Yên Mỹ District-1493.jpeg,0.9613906219601632,20.878791942443318N,106.05224192501532E,[]
1325,Long Hồ District-2762.jpeg,0.9613901302218436,10.178244706006778N,106.00710282788233E,[]
1326,Cai Lậy Town-4098.jpeg,0.9613873958587646,10.43831724248067N,106.19093483942662E,[]
1327,Tây Ninh City-1953.jpeg,0.961383894085884,11.346127573678837N,106.10038830734497E,[]
1328,Thái Bình-1314.jpeg,0.9613792523741722,20.445985175831574N,106.33351184638626E,"['860.jpeg', '438.jpeg']"
1329,Cai Lậy Town-2472.jpeg,0.9613772258162498,10.407325506934605N,106.1375015197133E,[]
1330,Bac Giang City-3223.jpeg,0.9613759741187096,21.310344012792378N,106.16491887386432E,[]
1331,Duy Tiên District-1299.jpeg,0.9613752514123916,20.61330884322173N,105.98928842654688E,[]
1334,Vĩnh Long-418.jpeg,0.9613234400749208,10.236870204011284N,105.96923722852861E,['665.jpeg']
1337,Binh Minh Town-3192.jpeg,0.9613071531057358,10.06793294208743N,105.8077409557544E,['24.jpeg']
1339,Yên Mỹ District-2234.jpeg,0.961286835372448,20.890919143309524N,106.0205108548486E,"['247.jpeg', '248.jpeg']"
1340,Go Cong Town-885.jpeg,0.9612713903188704,10.365745138435459N,106.67722248206778E,"['850.jpeg', '853.jpeg']"
1342,Long Xuyen City-3692.jpeg,0.9612547978758812,10.389305475704175N,105.43721748773795E,['481.jpeg']
1344,Thái Bình-3216.jpeg,0.9612485840916634,20.49584144605925N,106.33926436121493E,['455.jpeg']
1345,Long Hồ District-5489.jpeg,0.9612462893128396,10.224058575944424N,105.99751811093057E,['556.jpeg']
1347,Go Cong Town-3521.jpeg,0.9612245559692384,10.427728609527595N,106.69092262648952E,[]
1349,Long Hồ District-5690.jpeg,0.9612135142087936,10.22810097623304N,105.99888735620941E,[]
1350,Bac Giang City-576.jpeg,0.9612108841538428,21.251055475224135N,106.16636483115046E,[]
1352,Cao Lanh City-3269.jpeg,0.961160734295845,10.467528207239278N,105.63724039629714E,[]
1353,Phu Ly City-3229.jpeg,0.9611602947115898,20.56397414493091N,105.9113730082717E,[]
1354,Thái Bình-3204.jpeg,0.9611541107296944,20.49449397929634N,106.3680269353582E,[]
1357,Long Hồ District-1936.jpeg,0.9611299857497216,10.168812438666674N,105.95644075256588E,[]
1358,Hoa Lư District-393.jpeg,0.9611292779445648,20.19664430755339N,105.95645267629762E,[]
1359,Duy Tiên District-3353.jpeg,0.961122326552868,20.644300578768686N,105.96337194010802E,[]
1360,Yên Mỹ District-3880.jpeg,0.9611156806349754,20.920563412093603N,106.0205108548486E,[]
1362,Hiệp Hòa District-7397.jpeg,0.96109376847744,21.359155749207478N,105.99919267172614E,['184.jpeg']
1363,Phu Ly City-4224.jpeg,0.9610722064971924,20.59092348018912N,105.93871361898678E,[]
1364,Sa Đéc City-2572.jpeg,0.9610688015818596,10.358346409795221N,105.7312749708607E,[]
1365,Mỹ Hào District-3265.jpeg,0.9610682055354118,20.954098011816768N,106.14546448339627E,[]
1367,Tây Ninh City-3231.jpeg,0.9610635042190552,11.369034508647713N,106.07427433879477E,[]
1369,Mỹ Hào District-1742.jpeg,0.9610597044229507,20.929843610084347N,106.10507129940774E,[]
1370,Bến Tre City-2534.jpeg,0.961023822426796,10.252932273940436N,106.34200016925425E,[]
1371,Duy Tiên District-86.jpeg,0.9610202088952065,20.56480003975695N,105.97057096411882E,['342.jpeg']
1372,Go Cong Town-4541.jpeg,0.9610040411353112,10.450635544496429N,106.64434213545564E,[]
1373,Mỹ Hào District-2570.jpeg,0.9610010758042336,20.94331827771347N,106.14690709711016E,[]
1374,Cai Lậy Town-2391.jpeg,0.9609899148344994,10.405978040171728N,106.1224305833839E,['83.jpeg']
1375,Mỹ Hào District-270.jpeg,0.9609845280647278,20.89346200748571N,106.09785823083833E,"['223.jpeg', '224.jpeg']"
1378,Long Xuyen City-3018.jpeg,0.9609767571091652,10.375830808075445N,105.42899839976602E,[]
1379,Trà Vinh City-913.jpeg,0.9609720334410669,9.923014505359054N,106.35091834595066E,[]
1381,Bến Tre City-3295.jpeg,0.960969366133213,10.270449341857772N,106.35706208379852E,['579.jpeg']
1382,Mỹ Hào District-2991.jpeg,0.96096882969141,20.950055611528036N,106.1310383462575E,[]
1383,Long Xuyen City-2396.jpeg,0.9609685093164444,10.363703607209597N,105.39749189587363E,[]
1385,Hoa Lư District-3975.jpeg,0.9609539657831192,20.290966980957013N,105.97368752930801E,['409.jpeg']
1386,Thanh Liêm District-4150.jpeg,0.960953488945961,20.458530146047487N,105.8945023062096E,"['382.jpeg', '381.jpeg']"
1387,Tam Điệp-2164.jpeg,0.9609519243240356,20.15203467602662N,105.92684074811658E,[]
1390,Ninh Bình-501.jpeg,0.9609391167759896,20.226705341087808N,106.00174058545059E,['866.jpeg']
1391,Tây Ninh City-788.jpeg,0.9609369337558746,11.31917823842134N,106.15124182504802E,[]
1393,Mỹ Tho-1145.jpeg,0.9609306007623672,10.350269938431039N,106.34370720788327E,[]
1395,Vĩnh Long-169.jpeg,0.9609077274799348,10.231480336959795N,105.90624796715078E,[]
1396,Duy Tiên District-969.jpeg,0.9608910530805588,20.605224042644267N,105.93313603926266E,"['330.jpeg', '332.jpeg', '331.jpeg']"
1397,Duy Tiên District-880.jpeg,0.9608902260661124,20.602529109118446N,105.93457584406481E,[]
1398,Mỹ Hào District-2238.jpeg,0.9608865156769753,20.93927587742473N,106.03438322742775E,[]
1400,Cai Lậy Town-3057.jpeg,0.9608741775155069,10.419452707800456N,106.1320211792299E,[]
1401,Tây Ninh City-812.jpeg,0.9608660116791724,11.320525705184215N,106.10726040433188E,[]
1404,Thái Bình-742.jpeg,0.960839368402958,20.433857974965385N,106.38097009372268E,"['460.jpeg', '461.jpeg']"
1405,Cai Lậy Town-2666.jpeg,0.960820309817791,10.41136790722322N,106.1142100726588E,[]
1406,Mỹ Hào District-1241.jpeg,0.9608198031783104,20.919063875981042N,106.10939914054937E,"['226.jpeg', '227.jpeg']"
1407,Phu Ly City-2627.jpeg,0.9608168974518776,20.553194410827626N,105.88834933609054E,[]
1408,Hiệp Hòa District-2951.jpeg,0.9608107730746268,21.295824811350474N,106.0266772078578E,[]
1410,Long Hồ District-6486.jpeg,0.960799276828766,10.253702844727611N,106.00025660148823E,[]
1411,Cao Lanh City-3158.jpeg,0.9607914611697196,10.464833273713532N,105.64683206136746E,[]
1412,Tây Ninh City-3564.jpeg,0.9607861638069152,11.374424375699213N,106.07702317758954E,[]
1416,Yên Mỹ District-3777.jpeg,0.9607709795236588,20.917868478567776N,106.05512656775774E,"['240.jpeg', '241.jpeg']"
1417,Cao Lanh City-4355.jpeg,0.9607676938176156,10.490435142208117N,105.63312968269553E,[]
1418,Bến Tre City-894.jpeg,0.9607638865709304,10.22194053839438N,106.36664693850851E,['703.jpeg']
1420,Hoa Lư District-4780.jpeg,0.9607581272721292,20.309831515637743N,105.9406540610381E,['403.jpeg']
1421,Long Xuyen City-2884.jpeg,0.9607571512460708,10.373135874549702N,105.4276285517707E,[]
1422,Go Cong Town-266.jpeg,0.9607399106025696,10.348228070518116N,106.67174242429908E,[]
1426,Cao Lanh City-3266.jpeg,0.9607083052396774,10.467528207239278N,105.63312968269553E,[]
1428,Trà Vinh City-1383.jpeg,0.9607064574956894,9.94726890709074N,106.34271004660732E,[]
1429,Bac Giang City-2072.jpeg,0.9607060104608536,21.28339467753409N,106.20395972058999E,[]
1430,Sa Đéc City-465.jpeg,0.9607027322053908,10.280193337548628N,105.75044984046319E,[]
1431,Hung Yen City-3485.jpeg,0.9606943503022194,20.70954548022658N,106.03744222441014E,[]
1432,Hung Yen City-1541.jpeg,0.9606916755437852,20.646214542369755N,106.0604834239998E,['293.jpeg']
1433,Tam Điệp-2436.jpeg,0.9606912732124328,20.156077076315338N,105.925405334696E,[]
1434,Thanh Liêm District-3202.jpeg,0.9606876075267792,20.44505547841839N,105.92326344368263E,"['390.jpeg', '391.jpeg']"
1435,Cao Lanh City-4276.jpeg,0.9606612920761108,10.489087675445242N,105.61942730402366E,[]
1436,Tây Ninh City-989.jpeg,0.9606579840183258,11.324568105472839N,106.11963017890828E,[]
1438,Mỹ Hào District-2431.jpeg,0.9606484398245811,20.94197081095056N,106.06900595656079E,['235.jpeg']
1439,Binh Minh Town-3120.jpeg,0.9606291204690932,10.065238008561684N,105.8460575736569E,[]
1440,Long Hồ District-3702.jpeg,0.9606261029839516,10.190371906872624N,105.96328697896001E,[]
1442,Hung Yen City-819.jpeg,0.9606024324893953,20.628697474451904N,106.10368567323044E,[]
1443,Long Hồ District-2936.jpeg,0.9606011807918547,10.18093963953252N,105.94000980922003E,[]
1445,Long Hồ District-2364.jpeg,0.9605939984321594,10.174202305718163N,105.92494811115294E,[]
1448,Hung Yen City-3262.jpeg,0.9605651423335076,20.70280814641202N,106.02304147466661E,[]
1449,Long Xuyen City-426.jpeg,0.9605318307876588,10.317889737271937N,105.48379231957885E,[]
1452,Phu Ly City-2183.jpeg,0.960519589483738,20.545109610250154N,105.89554423364714E,[]
1453,Hiệp Hòa District-7954.jpeg,0.960517942905426,21.368588016547882N,105.98906678999342E,[]
1454,Mỹ Tho-2996.jpeg,0.9605160653591156,10.382609140739975N,106.30672240513088E,['826.jpeg']
1455,Long Xuyen City-918.jpeg,0.960511952638626,10.330016938137788N,105.45639535967244E,['493.jpeg']
1458,Chau Doc City-3754.jpeg,0.960486501455307,10.694437542266506N,105.08779533349806E,[]
1459,Binh Minh Town-1202.jpeg,0.9604853466153144,10.023466538912665N,105.83647841918126E,['31.jpeg']
1460,Cai Lậy Town-2694.jpeg,0.9604815989732742,10.41136790722322N,106.1525724560427E,['85.jpeg']
1462,Tam Điệp-2623.jpeg,0.9604734405875206,20.158772009841154N,105.91822826759295E,[]
1463,Thanh Liêm District-7080.jpeg,0.9604721218347548,20.501649082460613N,105.96640514989222E,['364.jpeg']
1464,Go Cong Town-116.jpeg,0.9604694843292236,10.341490736703756N,106.69092262648952E,[]
1465,Bến Tre City-3008.jpeg,0.9604690968990326,10.262364541280542N,106.3529542889228E,[]
1466,Cao Lanh City-3719.jpeg,0.9604675993323326,10.478307941342258N,105.59476302241417E,['506.jpeg']
1467,Go Cong Town-4109.jpeg,0.9604609236121178,10.438508343630575N,106.64160210657127E,[]
1469,Tây Ninh City-941.jpeg,0.9604341313242912,11.323220638709966N,106.13062553408732E,[]
1470,Yên Mỹ District-2039.jpeg,0.9604288712143898,20.888224209783697N,105.98589514193941E,"['624.jpeg', '262.jpeg', '623.jpeg']"
1471,Thái Bình-1124.jpeg,0.960424356162548,20.441942775542838N,106.35364564828656E,['443.jpeg']
1472,Cai Lậy Town-6661.jpeg,0.9604204520583152,10.493563379758449N,106.10461947681281E,[]
1473,Tây Ninh City-6082.jpeg,0.9604136124253272,11.417543312111215N,106.15399066384279E,[]
1475,Hiệp Hòa District-2543.jpeg,0.9604054912924768,21.289087477535897N,105.99919267172614E,[]
1479,Long Hồ District-9160.jpeg,0.9603891223669052,10.310296448768243N,105.99751811093057E,"['681.jpeg', '551.jpeg']"
1480,Go Cong Town-430.jpeg,0.9603798612952232,10.35361793756961N,106.67996251095214E,['58.jpeg']
1481,Tam Điệp-4132.jpeg,0.960369035601616,20.178984011284783N,105.83928052945947E,[]
1482,Yên Mỹ District-3005.jpeg,0.960354246199131,20.90439381093865N,105.9729142495985E,[]
1483,Cai Lậy Town-6713.jpeg,0.960341326892376,10.496258313284194N,106.10598956193365E,[]
1484,Duy Tiên District-466.jpeg,0.9603329226374626,20.582317107674786N,105.9748903785253E,[]
1485,Thanh Liêm District-1125.jpeg,0.9603298306465148,20.410021342582734N,105.93332984179821E,['374.jpeg']
1486,Thái Bình-1109.jpeg,0.9603275135159492,20.441942775542838N,106.33207371767911E,['436.jpeg']
1487,Phu Ly City-1386.jpeg,0.9603243470191956,20.531634942621054N,105.94734749605469E,[]
1488,Châu Thành District-2132.jpeg,0.9603140130639076,10.269134071645368N,106.24575217451175E,[]
1491,Tây Ninh City-910.jpeg,0.9602933153510094,11.323220638709966N,106.08801853276857E,[]
1493,Binh Minh Town-357.jpeg,0.960278019309044,10.001907070706721N,105.87753193836252E,['536.jpeg']
1494,Hiệp Hòa District-5679.jpeg,0.9602672308683396,21.336248814237923N,105.9413304903963E,[]
1495,Hiệp Hòa District-7206.jpeg,0.9602661803364754,21.356460815681647N,105.98617368092694E,"['123.jpeg', '124.jpeg']"
1496,Long Hồ District-6423.jpeg,0.9602636322379112,10.249660444438993N,106.00162584676706E,[]
1497,Go Cong Town-2724.jpeg,0.9602508544921876,10.414253941898867N,106.61146178884346E,[]
1498,Mỹ Tho-1344.jpeg,0.9602417275309564,10.352964871956782N,106.39575989323852E,[]
1500,Trà Vinh City-1691.jpeg,0.9602382108569144,9.958048641193713N,106.34818224616954E,"['749.jpeg', '740.jpeg', '721.jpeg']"
1501,Cai Lậy Town-6666.jpeg,0.9602351635694504,10.493563379758449N,106.11146990241708E,[]
1503,Cao Lanh City-3022.jpeg,0.96022879332304,10.462138340187787N,105.62216777975802E,['511.jpeg']
1506,Trà Vinh City-2186.jpeg,0.9602184891700744,9.971523308822425N,106.35775859540348E,[]
1507,Châu Thành District-8722.jpeg,0.960204653441906,10.31225300805728N,106.3347692190886E,[]
1509,Chau Doc City-4403.jpeg,0.9601874127984048,10.706564743132363N,105.09876538175307E,[]
1514,Tây Ninh City-32.jpeg,0.9601607248187064,11.29627130345247N,106.10863482372925E,[]
1515,Hiệp Hòa District-6944.jpeg,0.9601573944091796,21.3524184153929N,106.02233754425805E,[]
1516,Long Hồ District-1386.jpeg,0.9601489081978798,10.162075104852311N,105.95917924312353E,[]
1517,Long Hồ District-5094.jpeg,0.96013805270195,10.21597377536719N,105.99204112981529E,[]
1518,Cai Lậy Town-1704.jpeg,0.9601339176297188,10.393850839305879N,106.11969041314218E,[]
1519,Châu Thành District-6418.jpeg,0.9601311907172204,10.296083406902813N,106.37174552991279E,[]
1521,Mỹ Hào District-561.jpeg,0.9601233154535294,20.90154680806318N,106.12671050511588E,[]
1523,Châu Thành District-4101.jpeg,0.96010422706604,10.281261272511216N,106.43337271461985E,[]
1525,Bến Tre City-2506.jpeg,0.9600983038544656,10.251584807177563N,106.40361709238987E,['700.jpeg']
1526,Thái Bình-2438.jpeg,0.960086353123188,20.47158704432686N,106.31913055931464E,[]
1527,Cai Lậy Town-2487.jpeg,0.9600861221551896,10.407325506934605N,106.15805279652612E,[]
1528,Hiệp Hòa District-756.jpeg,0.9600733444094658,21.25540080846303N,105.95000981759576E,[]
1530,Trà Vinh City-1350.jpeg,0.9600543305277824,9.945921440327869N,106.33997394682622E,[]
1533,Ninh Bình-1446.jpeg,0.9600413516163826,20.250959742820164N,105.98737866517162E,['877.jpeg']
1534,Bac Giang City-1204.jpeg,0.9600410088896753,21.26722507637911N,106.16347291657819E,['192.jpeg']
1535,Tam Điệp-314.jpeg,0.9600316286087036,20.11834800695391N,105.90961578706928E,[]
1538,Sa Đéc City-1171.jpeg,0.9600242301821708,10.303100272517458N,105.76414617589354E,['528.jpeg']
1541,Duy Tiên District-8.jpeg,0.9600149914622308,20.559410172705306N,105.97776998812962E,"['360.jpeg', '361.jpeg']"
1543,Mỹ Tho-1555.jpeg,0.9600068032741548,10.3570072722454N,106.3560354754674E,"['816.jpeg', '582.jpeg']"
1545,Ninh Bình-1168.jpeg,0.9599949717521667,20.244222409005623N,106.01035773761795E,[]
1546,Trà Vinh City-1048.jpeg,0.9599877148866652,9.92975183917341N,106.33176564748287E,"['748.jpeg', '728.jpeg']"
1547,Long Hồ District-5942.jpeg,0.9599844440817832,10.233490843284528N,105.97971792230587E,[]
1548,Mỹ Tho-2192.jpeg,0.9599797055125237,10.367787006348378N,106.3560354754674E,"['64.jpeg', '814.jpeg']"
1550,Thái Bình-2511.jpeg,0.9599718078970908,20.472934511089775N,106.35076939087223E,[]
1552,Long Hồ District-9238.jpeg,0.9599649086594582,10.312991382293987N,105.97287169591176E,[]
1553,Long Xuyen City-4221.jpeg,0.9599600359797478,10.401432676570025N,105.44543657570988E,[]
1554,Cao Lanh City-3030.jpeg,0.9599600285291672,10.462138340187787N,105.63312968269553E,[]
1556,Trà Vinh City-2340.jpeg,0.9599290788173676,9.975565709111041N,106.3372378470451E,[]
1557,Châu Thành District-9387.jpeg,0.959921270608902,10.31764287510877N,106.32244378214718E,[]
1558,Hiệp Hòa District-2751.jpeg,0.9599166661500932,21.293129877824647N,105.97170813559445E,['177.jpeg']
1560,Thái Bình-2458.jpeg,0.9598942175507544,20.47158704432686N,106.3478931334579E,[]
1561,Go Cong Town-3033.jpeg,0.9598938524723052,10.419643808950358N,106.67311243874127E,[]
1562,Go Cong Town-3336.jpeg,0.959870733320713,10.425033676001851N,106.66763238097258E,[]
1563,Mỹ Hào District-2413.jpeg,0.95986919850111,20.94197081095056N,106.04303890971099E,"['210.jpeg', '211.jpeg']"
1564,Trà Vinh City-1227.jpeg,0.9598667472600936,9.939184106513508N,106.33997394682622E,"['747.jpeg', '737.jpeg', '577.jpeg', '753.jpeg', '722.jpeg', '576.jpeg']"
1566,Mỹ Hào District-1224.jpeg,0.9598619639873504,20.919063875981042N,106.08487470741343E,['230.jpeg']
1568,Bến Tre City-3020.jpeg,0.9598484113812448,10.262364541280542N,106.36938546842563E,[]
1571,Long Hồ District-3370.jpeg,0.9598203971982002,10.18632950658401N,105.93316358282588E,['38.jpeg']
1572,Long Xuyen City-2178.jpeg,0.9598173275589944,10.358313740158108N,105.4468064237052E,['11.jpeg']
1573,Mỹ Hào District-1176.jpeg,0.9597804397344588,20.91771640921813N,106.10507129940774E,[]
1574,Binh Minh Town-3997.jpeg,0.9597785472869872,10.089492410293376N,105.85016292557502E,[]
1575,Mỹ Hào District-1601.jpeg,0.959775261580944,20.92714867655852N,106.08487470741343E,['228.jpeg']
1576,Long Hồ District-4321.jpeg,0.9597732946276664,10.201151640975601N,105.93727131866235E,[]
1577,Vĩnh Long-1706.jpeg,0.9597690105438232,10.259777138980107N,105.94048126137785E,['654.jpeg']
1578,Long Hồ District-3952.jpeg,0.9597531035542488,10.194414307161237N,105.94000980922003E,['39.jpeg']
1579,Bac Giang City-2458.jpeg,0.959747776389122,21.290132011348653N,106.23721673817117E,[]
1580,Cao Lanh City-4029.jpeg,0.9597438052296638,10.48369780839375N,105.64957253710186E,[]
1581,Long Hồ District-7124.jpeg,0.9597370028495787,10.271219912644948N,105.96465622423881E,[]
1583,Châu Thành District-3131.jpeg,0.9597325026988984,10.275871405459727N,106.28957595030342E,[]
1584,Cao Lanh City-2395.jpeg,0.9597080871462822,10.448663672559062N,105.65094277496904E,[]
1585,Tây Ninh City-861.jpeg,0.9597026631236076,11.32187317194709N,106.09763946855021E,['965.jpeg']
1587,Ninh Bình-1679.jpeg,0.9596971645951272,20.257697076634713N,105.9672719767811E,"['875.jpeg', '861.jpeg']"
1588,Long Xuyen City-3867.jpeg,0.9596954211592674,10.393347875992792N,105.42899839976602E,[]
1590,Vĩnh Long-95.jpeg,0.9596849903464316,10.228785403434047N,105.91720262130343E,[]
1591,Hoa Lư District-794.jpeg,0.9596814811229706,20.206076574893753N,105.91480178152251E,[]
1592,Long Xuyen City-4524.jpeg,0.9596766009926796,10.409517477147261N,105.41529991981282E,[]
1593,Thái Bình-1710.jpeg,0.9596704766154288,20.454069976409034N,106.33207371767911E,['449.jpeg']
1594,Long Hồ District-6520.jpeg,0.959650121629238,10.256397778253358N,105.99477962037295E,[]
1597,Long Hồ District-6042.jpeg,0.959626778960228,10.236185776810276N,105.94411754505647E,[]
1598,Mỹ Tho-1341.jpeg,0.9596262872219086,10.352964871956782N,106.39165047071049E,[]
1599,Châu Thành District-1764.jpeg,0.9596149176359176,10.266439138119624N,106.22657927260288E,[]
1600,Thái Bình-2740.jpeg,0.9596111103892326,20.47967184490432N,106.33207371767911E,[]
1602,Yên Mỹ District-2857.jpeg,0.9595984667539595,20.901698877412823N,105.98445282056821E,['265.jpeg']
1604,Bến Tre City-3024.jpeg,0.9595850110054016,10.262364541280542N,106.37486252825991E,[]
1605,Tây Ninh City-2383.jpeg,0.9595764055848122,11.354212374256086N,106.11413250131875E,[]
1606,Cai Lậy Town-5044.jpeg,0.9595713019371032,10.455834310398014N,106.1224305833839E,[]
1607,Hiệp Hòa District-6470.jpeg,0.9595707952976228,21.345681081578324N,106.02378409879131E,['185.jpeg']
1609,Long Hồ District-4171.jpeg,0.9595650881528854,10.198456707449855N,105.92631735643175E,[]
1610,Tây Ninh City-1645.jpeg,0.9595599249005318,11.339390239864464N,106.111383662524E,[]
1611,Long Hồ District-3666.jpeg,0.9595589190721512,10.190371906872624N,105.91399414892234E,[]
1612,Cai Lậy Town-4036.jpeg,0.9595544189214706,10.43831724248067N,106.10598956193365E,[]
1613,Duy Tiên District-2976.jpeg,0.9595421180129052,20.638910711717042N,105.98928842654688E,['311.jpeg']
1614,Châu Thành District-7538.jpeg,0.9595410749316216,10.304168207480046N,106.25670811845967E,[]
1615,Mỹ Tho-3630.jpeg,0.9595324620604516,10.393388874842957N,106.33685817033654E,"['589.jpeg', '588.jpeg']"
1617,Mỹ Hào District-1014.jpeg,0.9595199897885324,20.91367400892939N,106.125267891402E,[]
1619,Sa Đéc City-1969.jpeg,0.959485560655594,10.332744541300645N,105.74497130629103E,[]
1621,Vĩnh Long-189.jpeg,0.9594798907637596,10.231480336959795N,105.95828257437594E,[]
1623,Long Hồ District-90.jpeg,0.9594680517911912,10.140515636646363N,106.02353377122823E,[]
1624,Cai Lậy Town-5934.jpeg,0.959432639181614,10.472003911552486N,106.17997415845981E,[]
1625,Cao Lanh City-2983.jpeg,0.9594308361411096,10.460790873424916N,105.64957253710186E,[]
1626,Cai Lậy Town-3084.jpeg,0.9594308212399484,10.419452707800456N,106.16901347749294E,[]
1627,Long Xuyen City-5023.jpeg,0.959430694580078,10.422992144775987N,105.40297128785494E,[]
1630,Bac Giang City-1923.jpeg,0.959388367831707,21.280699744008253N,106.21552737887913E,"['202.jpeg', '201.jpeg']"
1631,Trà Vinh City-2463.jpeg,0.959378845989704,9.978260642636783N,106.35091834595066E,[]
1632,Duy Tiên District-2873.jpeg,0.9593739062547684,20.63756324495413N,105.98208940253609E,[]
1633,Thái Bình-1384.jpeg,0.9593721330165864,20.447332642594482N,106.33638810380059E,['102.jpeg']
1634,Binh Minh Town-3139.jpeg,0.9593711644411088,10.066585475324558N,105.80363560383624E,[]
1637,Duy Tiên District-5353.jpeg,0.959306702017784,20.675292314315648N,105.92449721044969E,[]
1638,Sa Đéc City-296.jpeg,0.9593055471777916,10.274803470497138N,105.77784251132388E,[]
1641,Trà Vinh City-3085.jpeg,0.959268979728222,9.997125177316981N,106.31945319846783E,"['725.jpeg', '50.jpeg']"
1642,Sa Đéc City-1647.jpeg,0.9592596143484116,10.320617340434799N,105.73401423794677E,['524.jpeg']
1645,Duy Tiên District-2072.jpeg,0.9592541828751564,20.626783510850842N,105.91729818643888E,['328.jpeg']
1646,Ninh Bình-1956.jpeg,0.9592436477541924,20.26712934397508N,105.94860148041842E,['872.jpeg']
1647,Tây Ninh City-542.jpeg,0.9592419788241386,11.313788371369842N,106.08526969397381E,[]
1648,Chau Doc City-2274.jpeg,0.9592353999614716,10.671530607297658N,105.07271151714745E,"['0.jpeg', '955.jpeg']"
1649,Thanh Liêm District-4108.jpeg,0.9592246189713478,20.457182679284582N,105.9692812636395E,['368.jpeg']
1653,Hiệp Hòa District-6008.jpeg,0.959182158112526,21.340291214526662N,105.95434948119552E,[]
1654,Trà Vinh City-1013.jpeg,0.959172047674656,9.92840437241054N,106.31808514857725E,[]
1656,Go Cong Town-1769.jpeg,0.9591418728232384,10.389999540167166N,106.64434213545564E,[]
1657,Vĩnh Long-1836.jpeg,0.9591375142335892,10.262472072505853N,105.88570799061448E,[]
1659,Sa Đéc City-1546.jpeg,0.959088794887066,10.316574940146179N,105.74908020692013E,['522.jpeg']
1660,Long Xuyen City-2541.jpeg,0.9590881839394568,10.36639854073534N,105.41119037582685E,[]
1662,Long Xuyen City-4017.jpeg,0.959070160984993,10.397390276281406N,105.39749189587363E,[]
1663,Ninh Bình-2414.jpeg,0.9590450450778008,20.28868881218162N,105.9557824405579E,[]
1664,Long Hồ District-952.jpeg,0.959037072956562,10.156685237800826N,105.94137905449881E,[]
1665,Mỹ Tho-1349.jpeg,0.9590341076254844,10.352964871956782N,106.40260893078528E,[]
1666,Yên Mỹ District-2237.jpeg,0.9590314775705338,20.890919143309524N,106.02483781896224E,[]
1667,Trà Vinh City-2228.jpeg,0.9590305089950562,9.972870775585298N,106.33997394682622E,[]
1668,Vĩnh Long-863.jpeg,0.9590265080332756,10.246302471351386N,105.926787943687E,[]
1670,Trà Vinh City-50.jpeg,0.9590176865458488,9.890675303050141N,106.34134199671676E,[]
1672,Cai Lậy Town-5590.jpeg,0.9589967429637908,10.465266577738122N,106.1881946691849E,[]
1673,Thái Bình-1757.jpeg,0.9589930102229118,20.455417443171942N,106.31193991577881E,[]
1674,Phu Ly City-874.jpeg,0.9589802622795104,20.52355014204359N,105.92432382387354E,['636.jpeg']
1676,Vĩnh Long-1045.jpeg,0.958957314491272,10.24899740487713N,105.96102123791414E,"['661.jpeg', '660.jpeg']"
1677,Vĩnh Long-352.jpeg,0.9589361920952796,10.23552273724841N,105.95554391083778E,"['43.jpeg', '659.jpeg']"
1679,Hiệp Hòa District-3346.jpeg,0.9589289650321008,21.302562145165048N,105.99919267172614E,['179.jpeg']
1682,Hung Yen City-2247.jpeg,0.9589121118187904,20.66912147733924N,106.0604834239998E,"['280.jpeg', '281.jpeg']"
1684,Thanh Liêm District-1884.jpeg,0.9588949680328368,20.424843476974743N,105.94052012616646E,['371.jpeg']
1686,Go Cong Town-347.jpeg,0.958889327943325,10.350923004043862N,106.67859249650996E,[]
1687,Cao Lanh City-4361.jpeg,0.9588885456323624,10.490435142208117N,105.64135110989872E,[]
1689,Long Hồ District-2253.jpeg,0.958873689174652,10.172854838955288N,105.92768660171058E,[]
1690,Cao Lanh City-680.jpeg,0.9588731676340104,10.420366870538738N,105.67423681871132E,[]
1691,Sa Đéc City-558.jpeg,0.9588705748319626,10.282888271074373N,105.75592837463535E,['531.jpeg']
1693,Tam Điệp-1841.jpeg,0.9588598757982254,20.146644808974987N,105.92971157495782E,[]
1694,Mỹ Tho-741.jpeg,0.9588476195931436,10.343532604616676N,106.31631105769634E,['830.jpeg']
1696,Mỹ Tho-2012.jpeg,0.9588292986154556,10.365092072822634N,106.32589971026175E,['804.jpeg']
1697,Hiệp Hòa District-9780.jpeg,0.9588241428136826,21.41979175353867N,105.96736847199472E,['135.jpeg']
1698,Hung Yen City-529.jpeg,0.9588223472237588,20.623307607400267N,106.05616319907675E,[]
1699,Thanh Liêm District-7606.jpeg,0.9588202834129332,20.511081349800993N,105.98222377550239E,"['362.jpeg', '363.jpeg']"
1700,Mỹ Tho-1265.jpeg,0.9588146656751632,10.351617405193908N,106.39849950825723E,[]
1701,Duy Tiên District-1674.jpeg,0.9588120430707932,20.62004617703629N,106.0224039369966E,[]
1702,Thái Bình-1326.jpeg,0.9588083997368811,20.445985175831574N,106.35076939087223E,['441.jpeg']
1703,Mỹ Tho-3106.jpeg,0.958801880478859,10.383956607502846N,106.35329586044872E,['809.jpeg']
1708,Thanh Liêm District-6967.jpeg,0.9587483927607536,20.50030161569771N,105.92038732993534E,[]
1710,Cai Lậy Town-3831.jpeg,0.9587372243404388,10.434274842192053N,106.13613143459246E,[]
1712,Trà Vinh City-3260.jpeg,0.9587255716323853,10.00386251113134N,106.31671709868672E,[]
1713,Bac Giang City-2287.jpeg,0.9587216079235076,21.287437077822833N,106.18950014772867E,[]
1714,Binh Minh Town-3094.jpeg,0.958717368543148,10.065238008561684N,105.81047785703313E,['23.jpeg']
1715,Tây Ninh City-327.jpeg,0.9587024971842766,11.307051037555466N,106.11550692071616E,[]
1716,Long Xuyen City-3496.jpeg,0.9586947709321976,10.385263075415558N,105.42899839976602E,['483.jpeg']
1717,Châu Thành District-7729.jpeg,0.9586895704269408,10.305515674242919N,106.2525996394792E,[]
1720,Tây Ninh City-1277.jpeg,0.9586700797080994,11.331305439287211N,106.10588598493449E,[]
1721,Cao Lanh City-5176.jpeg,0.9586660489439964,10.509299676888332N,105.59476302241417E,[]
1722,Hiệp Hòa District-957.jpeg,0.9586646631360054,21.260790675514695N,105.97315469012771E,['170.jpeg']
1723,Cai Lậy Town-4940.jpeg,0.9586490616202354,10.45313937687227N,106.17997415845981E,[]
1724,Cao Lanh City-4109.jpeg,0.9586433097720146,10.486392741919497N,105.5742094544063E,[]
1728,Vĩnh Long-586.jpeg,0.958625704050064,10.2409126042999N,105.95965190614504E,[]
1729,Hiệp Hòa District-7412.jpeg,0.9586239084601402,21.359155749207478N,106.0208909897248E,[]
1730,Yên Mỹ District-1520.jpeg,0.9586179777979852,20.88013940920623N,105.97147192822725E,[]
1733,Go Cong Town-2962.jpeg,0.9586008414626122,10.418296342187489N,106.66900239541475E,[]
1734,Long Hồ District-1094.jpeg,0.9585952684283257,10.158032704563702N,106.00710282788233E,[]
1736,Hoa Lư District-4160.jpeg,0.9585885182023048,20.295009381245738N,105.94927148754331E,['407.jpeg']
1737,Yên Mỹ District-1799.jpeg,0.95858121663332,20.884181809494965N,106.0075299625076E,[]
1738,Cai Lậy Town-6419.jpeg,0.9585726261138916,10.484131112418343N,106.14161177507587E,[]
1739,Hung Yen City-937.jpeg,0.9585714936256408,20.631392407977735N,106.0835246235895E,[]
1741,Hiệp Hòa District-7110.jpeg,0.9585634469985962,21.355113348918735N,105.98328057186043E,"['995.jpeg', '123.jpeg']"
1745,Yên Mỹ District-3681.jpeg,0.9585297480225564,20.916521011804864N,106.00897228387889E,[]
1747,Long Hồ District-5323.jpeg,0.9585270509123802,10.22136364241868N,105.94411754505647E,[]
1749,Hoa Lư District-1262.jpeg,0.95850670337677,20.215508842234115N,105.95214396304503E,[]
1752,Mỹ Tho-2868.jpeg,0.9584983736276628,10.379914207214231N,106.33959778535524E,[]
1753,Go Cong Town-566.jpeg,0.9584865048527718,10.357660337858226N,106.67996251095214E,['57.jpeg']
1754,Long Hồ District-6242.jpeg,0.9584777280688286,10.241575643861761N,105.99614886565175E,[]
1756,Long Hồ District-5773.jpeg,0.9584578052163124,10.229448442995913N,106.00984131843998E,[]
1757,Go Cong Town-2985.jpeg,0.9584566131234168,10.419643808950358N,106.60735174551695E,[]
1758,Thái Bình-832.jpeg,0.9584529250860214,20.436552908491205N,106.3205686880218E,['431.jpeg']
1759,Mỹ Tho-1642.jpeg,0.9584342762827872,10.35835473900827N,106.36562412803286E,"['820.jpeg', '829.jpeg']"
1760,Châu Thành District-8594.jpeg,0.9584291502833366,10.310905541294407N,106.40598285475006E,[]
1761,Sa Đéc City-2207.jpeg,0.9584269374608994,10.343524275403626N,105.73812313857589E,['521.jpeg']
1762,Yên Mỹ District-3435.jpeg,0.9584225863218307,20.911131144753217N,106.05656888912895E,[]
1763,Hoa Lư District-4286.jpeg,0.9584093242883682,20.297704314771565N,105.94783524979243E,"['405.jpeg', '404.jpeg', '406.jpeg']"
1765,Go Cong Town-2537.jpeg,0.958400622010231,10.408864074847378N,106.67722248206778E,[]
1766,Long Xuyen City-4641.jpeg,0.9583937749266624,10.412212410673003N,105.43036824776134E,[]
1767,Cao Lanh City-3503.jpeg,0.9583826810121536,10.47291807429077N,105.63998087203153E,[]
1771,Long Xuyen City-2673.jpeg,0.9583688080310822,10.369093474261087N,105.4084506798362E,[]
1772,Trà Vinh City-229.jpeg,0.9583653137087822,9.90010757039024N,106.32082124835837E,[]
1774,Tây Ninh City-4354.jpeg,0.9583528712391852,11.386551576565088N,106.1182557595109E,[]
1776,Cai Lậy Town-3785.jpeg,0.9583365172147752,10.432927375429179N,106.17312373285549E,[]
1777,Long Xuyen City-4899.jpeg,0.958335906267166,10.418949744487366N,105.43173809575667E,[]
1780,Cai Lậy Town-5188.jpeg,0.9583083167672156,10.458529243923762N,106.12380066850477E,['766.jpeg']
1784,Go Cong Town-2828.jpeg,0.9582771211862564,10.415601408661741N,106.66763238097258E,[]
1785,Sa Đéc City-1750.jpeg,0.9582720920443536,10.324659740723416N,105.72168753605945E,[]
1787,Tây Ninh City-3842.jpeg,0.9582706391811372,11.378466775987837N,106.11688134011352E,[]
1788,Tây Ninh City-4618.jpeg,0.9582587629556656,11.390593976853712N,106.12100459830566E,[]
1789,Cai Lậy Town-4405.jpeg,0.9582522064447404,10.443707109532163N,106.17586390309722E,[]
1790,Ninh Bình-2037.jpeg,0.9582518339157104,20.26982427750089N,105.9600910166416E,[]
1792,Yên Mỹ District-437.jpeg,0.9582441449165344,20.857232474236717N,106.03781871130316E,['626.jpeg']
1794,Hiệp Hòa District-5994.jpeg,0.9581995159387589,21.340291214526662N,105.93409771773007E,[]
1795,Go Cong Town-1262.jpeg,0.958185002207756,10.375177405775567N,106.70188274202691E,[]
1796,Hung Yen City-778.jpeg,0.9581793248653412,20.628697474451904N,106.04464259928191E,[]
1797,Go Cong Town-3505.jpeg,0.9581724554300308,10.427728609527595N,106.66900239541475E,[]
1799,Hiệp Hòa District-2154.jpeg,0.958161972463131,21.28235014372133N,106.00208578079261E,"['998.jpeg', '996.jpeg']"
1800,Sa Đéc City-1044.jpeg,0.958141103386879,10.299057872228836N,105.75729800817835E,['527.jpeg']
1803,Hung Yen City-2445.jpeg,0.9581276401877404,20.675858811153795N,106.04752274923062E,"['277.jpeg', '276.jpeg']"
1804,Cao Lanh City-2639.jpeg,0.958123341202736,10.454053539610552N,105.60572492535172E,[]
1805,Duy Tiên District-1959.jpeg,0.9581206142902374,20.624088577325022N,106.0296029610074E,[]
1806,Hung Yen City-224.jpeg,0.9581183716654778,20.6152228068228N,106.0835246235895E,[]
1808,Mỹ Hào District-3286.jpeg,0.9580982699990273,20.955445478579687N,106.05313720570813E,[]
1809,Hoa Lư District-4875.jpeg,0.9580939784646034,20.312526449163567N,105.93921782328722E,['402.jpeg']
1810,Sa Đéc City-877.jpeg,0.9580886363983154,10.293668005177352N,105.75866764172143E,"['906.jpeg', '907.jpeg']"
1812,Cao Lanh City-1496.jpeg,0.9580808728933334,10.433841538167465N,105.63175944482836E,[]
1813,Vĩnh Long-1576.jpeg,0.9580774009227752,10.258429672217233N,105.88159999530724E,[]
1814,Trà Vinh City-272.jpeg,0.9580725058913232,9.901455037153116N,106.3331336973734E,[]
1816,Trà Vinh City-184.jpeg,0.9580604806542397,9.8974126368645N,106.34818224616954E,[]
1817,Tam Điệp-3754.jpeg,0.9580578804016112,20.173594144233146N,105.83640970261825E,[]
1818,Bến Tre City-2776.jpeg,0.958056665956974,10.256974674229053N,106.38581664792846E,[]
1820,Ninh Bình-918.jpeg,0.9580286666750908,20.238832541953983N,105.9916872412553E,['881.jpeg']
1821,Cao Lanh City-4131.jpeg,0.9580151364207268,10.486392741919497N,105.60435468748452E,[]
1823,Trà Vinh City-1545.jpeg,0.9580056816339492,9.954006240905096N,106.31945319846783E,['573.jpeg']
1824,Bac Giang City-3103.jpeg,0.9580037146806716,21.30630161250364N,106.16491887386432E,[]
1825,Cao Lanh City-1330.jpeg,0.957997828722,10.431146604641716N,105.63724039629714E,[]
1826,Ninh Bình-532.jpeg,0.9579781219363211,20.228052807850712N,105.99025104922738E,['420.jpeg']
1827,Tây Ninh City-4021.jpeg,0.9579766616225244,11.381161709513586N,106.13062553408732E,[]
1828,Long Hồ District-4672.jpeg,0.957976184785366,10.207888974789961N,105.94822528089293E,[]
1829,Cai Lậy Town-3435.jpeg,0.9579727575182916,10.426190041614822N,106.16353313700955E,[]
1830,Mỹ Hào District-3709.jpeg,0.957968570291996,20.963530279157165N,106.08631732112731E,[]
1831,Thái Bình-3201.jpeg,0.9579643905162812,20.49449397929634N,106.36371254923672E,"['456.jpeg', '457.jpeg']"
1832,Cai Lậy Town-5384.jpeg,0.957963839173317,10.46257164421238N,106.10050922145024E,[]
1833,Tây Ninh City-2017.jpeg,0.9579606428742408,11.347475040441713N,106.09626504915283E,['608.jpeg']
1834,Vĩnh Long-545.jpeg,0.95795189589262,10.239565137537028N,105.98977720506487E,['49.jpeg']
1835,Cao Lanh City-1101.jpeg,0.9579475149512292,10.427104204353101N,105.67286658084413E,['519.jpeg']
1837,Mỹ Hào District-1262.jpeg,0.957933522760868,20.919063875981042N,106.13969402854079E,"['218.jpeg', '217.jpeg']"
1838,Bến Tre City-3116.jpeg,0.9579310417175292,10.265059474806286N,106.3529542889228E,[]
1839,Go Cong Town-397.jpeg,0.9579284861683846,10.352270470806737N,106.6922926409317E,[]
1841,Bac Giang City-979.jpeg,0.957921139895916,21.26048774256453N,106.21986525073754E,[]
1843,Châu Thành District-4883.jpeg,0.9579138159751892,10.286651139562707N,106.29505392227735E,[]
1846,Cao Lanh City-5077.jpeg,0.957898698747158,10.506604743362585N,105.57009874080471E,[]
1849,Mỹ Tho-2031.jpeg,0.9578788727521896,10.365092072822634N,106.35192605293939E,['837.jpeg']
1851,Cai Lậy Town-983.jpeg,0.9578654915094376,10.381723638440027N,106.1224305833839E,[]
1852,Phu Ly City-3435.jpeg,0.9578595161437988,20.56801654521964N,105.93727463947543E,[]
1853,Go Cong Town-2496.jpeg,0.957857333123684,10.408864074847378N,106.62105188993868E,[]
1856,Ninh Bình-2308.jpeg,0.9578423202037812,20.28060401160416N,105.9600910166416E,"['864.jpeg', '115.jpeg']"
1857,Long Hồ District-5452.jpeg,0.9578406736254692,10.224058575944424N,105.94548679033528E,[]
1858,Long Hồ District-1617.jpeg,0.9578344449400902,10.16477003837806N,105.97697943174823E,[]
1862,Phu Ly City-1210.jpeg,0.9578128308057784,20.528940009095233N,105.93727463947543E,"['643.jpeg', '354.jpeg']"
1865,Mỹ Hào District-179.jpeg,0.9577796086668968,20.889419607196963N,106.09930084455222E,[]
1870,Long Xuyen City-2230.jpeg,0.9577376395463943,10.359661206920979N,105.43858733573327E,[]
1871,Ninh Bình-729.jpeg,0.9577263370156288,20.234790141665254N,105.94429290433473E,[]
1872,Trà Vinh City-1409.jpeg,0.957718886435032,9.948616373853612N,106.33450174726396E,[]
1873,Long Hồ District-4995.jpeg,0.9577131569385527,10.21462630860432N,105.9468560356141E,[]
1874,Mỹ Tho-293.jpeg,0.9577093347907066,10.332752870513698N,106.32863932528045E,['788.jpeg']
1875,Duy Tiên District-3127.jpeg,0.957694336771965,20.641605645242862N,105.92305740564751E,"['320.jpeg', '321.jpeg']"
1876,Mỹ Tho-1574.jpeg,0.9576919674873352,10.3570072722454N,106.38206181814505E,[]
1877,Vĩnh Long-778.jpeg,0.957665592432022,10.244955004588519N,105.9185719530725E,['650.jpeg']
1879,Cao Lanh City-5158.jpeg,0.9576386585831642,10.509299676888332N,105.57009874080471E,[]
1880,Long Hồ District-1911.jpeg,0.9576350674033164,10.168812438666674N,105.92220962059528E,[]
1883,Tam Điệp-1462.jpeg,0.9575708508491516,20.139907475160445N,105.93258240179902E,['118.jpeg']
1884,Go Cong Town-1294.jpeg,0.9575701206922532,10.37652487253844N,106.67722248206778E,[]
1885,Vĩnh Long-1113.jpeg,0.95756246894598,10.250344871640005N,105.94321992491601E,['686.jpeg']
1886,Go Cong Town-4023.jpeg,0.9575522467494012,10.4371608768677N,106.62379191882302E,[]
1888,Go Cong Town-2907.jpeg,0.9575206711888312,10.416948875424618N,106.68544256872082E,[]
1889,Phu Ly City-2983.jpeg,0.957517385482788,20.558584277879262N,105.97612708628108E,"['360.jpeg', '361.jpeg']"
1890,Cao Lanh City-426.jpeg,0.9574930518865584,10.41632447025012N,105.66875586724257E,['518.jpeg']
1891,Go Cong Town-177.jpeg,0.9574924185872078,10.344185670229502N,106.68955261204736E,[]
1892,Mỹ Tho-610.jpeg,0.9574833512306212,10.340837671090929N,106.3382279778459E,[]
1893,Go Cong Town-3173.jpeg,0.95748108625412,10.422338742476105N,106.66763238097258E,[]
1895,Cai Lậy Town-1769.jpeg,0.957472175359726,10.39519830606875N,106.09776905120856E,[]
1896,Cao Lanh City-2443.jpeg,0.9574624300003052,10.450011139321935N,105.61942730402366E,[]
1897,Hiệp Hòa District-2506.jpeg,0.9574522376060486,21.289087477535897N,105.94567015399605E,['154.jpeg']
1898,Phu Ly City-1371.jpeg,0.9574454724788666,20.531634942621054N,105.92576280338488E,"['112.jpeg', '113.jpeg']"
1899,Hung Yen City-2756.jpeg,0.9574414044618608,20.68529107849418N,106.0619234989742E,['273.jpeg']
1900,Hung Yen City-2759.jpeg,0.9574397653341292,20.68529107849418N,106.06624372389724E,[]
1901,Long Hồ District-2978.jpeg,0.9574380442500114,10.18093963953252N,105.99751811093057E,[]
1902,Long Hồ District-666.jpeg,0.9574360623955728,10.15264283751221N,105.97834867702704E,[]
1903,Long Hồ District-2093.jpeg,0.9574354663491248,10.170159905429546N,106.01805679011294E,[]
1904,Long Hồ District-5361.jpeg,0.9574329480528831,10.22136364241868N,105.99614886565175E,[]
1906,Ninh Bình-1432.jpeg,0.9574323147535324,20.250959742820164N,105.9672719767811E,['865.jpeg']
1907,Châu Thành District-4542.jpeg,0.957425594329834,10.283956206036958N,106.4320032216264E,[]
1908,Trà Vinh City-1121.jpeg,0.9573986306786536,9.933794239462024N,106.32902954770172E,[]
1910,Vĩnh Long-2122.jpeg,0.9573865160346032,10.26786193955734N,105.91720262130343E,[]
1912,Thanh Liêm District-5037.jpeg,0.9573681131005288,20.470657346913683N,105.9577768086503E,[]
1914,Long Xuyen City-3187.jpeg,0.9573470279574394,10.379873208364065N,105.38105371992982E,['491.jpeg']
1916,Duy Tiên District-1941.jpeg,0.9573391526937484,20.624088577325022N,106.00368647456851E,[]
1918,Duy Tiên District-951.jpeg,0.9573341608047484,20.60387657588136N,105.97345057372313E,[]
1919,Cao Lanh City-4826.jpeg,0.9573267847299576,10.499867409548223N,105.62216777975802E,[]
1920,Trà Vinh City-984.jpeg,0.9573263451457024,9.925709438884796N,106.35228639584123E,[]
1922,Mỹ Tho-976.jpeg,0.95731071382761,10.34757500490529N,106.3272695177711E,['584.jpeg']
1924,Trà Vinh City-1402.jpeg,0.9573012217879296,9.948616373853612N,106.32492539803008E,['574.jpeg']
1925,Cao Lanh City-4270.jpeg,0.9572985544800758,10.489087675445242N,105.6112058768205E,[]
1926,Cai Lậy Town-2413.jpeg,0.957295149564743,10.405978040171728N,106.1525724560427E,[]
1927,Thái Bình-2707.jpeg,0.957288071513176,20.478324378141412N,106.35220751957938E,[]
1929,Long Hồ District-3590.jpeg,0.9572697877883912,10.189024440109755N,105.94274829977763E,[]
1930,Cai Lậy Town-6019.jpeg,0.9572580829262732,10.474698845078231N,106.1142100726588E,[]
1931,Cao Lanh City-4343.jpeg,0.9572547525167464,10.490435142208117N,105.61668682828926E,[]
1933,Ninh Bình-563.jpeg,0.9572533071041108,20.229400274613628N,105.97445293692057E,['880.jpeg']
1934,Châu Thành District-1735.jpeg,0.9572487846016884,10.266439138119624N,106.18686397579167E,[]
1935,Tam Điệp-1767.jpeg,0.9572374373674392,20.145297342212086N,105.93401781521962E,[]
1936,Vĩnh Long-180.jpeg,0.9572293013334274,10.231480336959795N,105.94595858845419E,[]
1937,Tây Ninh City-6622.jpeg,0.9572148099541664,11.431017979739966N,106.11413250131875E,['611.jpeg']
1938,Sa Đéc City-2990.jpeg,0.9572144448757172,10.37990587800118N,105.71620900188731E,[]
1939,Phu Ly City-1695.jpeg,0.9572080448269844,20.537024809672698N,105.90273913120375E,"['110.jpeg', '627.jpeg']"
1940,Cai Lậy Town-4081.jpeg,0.9571889042854308,10.43831724248067N,106.16764339237213E,[]
1943,Duy Tiên District-1533.jpeg,0.9571730121970176,20.618698710273378N,105.93889525847129E,[]
1944,Châu Thành District-6406.jpeg,0.9571726843714714,10.296083406902813N,106.35531161399096E,[]
1946,Hiệp Hòa District-4428.jpeg,0.9571577161550522,21.318731746320022N,105.96736847199472E,[]
1947,Phu Ly City-2275.jpeg,0.9571567103266716,20.546457077013063N,105.91712892631695E,"['645.jpeg', '633.jpeg']"
1949,Mỹ Hào District-2787.jpeg,0.9571287482976912,20.947360678002212N,106.09064516226894E,"['213.jpeg', '214.jpeg']"
1951,Mỹ Tho-669.jpeg,0.9571222215890884,10.342185137853802N,106.32042048022436E,[]
1953,Ninh Bình-740.jpeg,0.9571203142404556,20.234790141665254N,105.9600910166416E,"['882.jpeg', '418.jpeg']"
1957,Trà Vinh City-948.jpeg,0.9570927172899246,9.924361972121927N,106.34544614638844E,[]
1958,Long Hồ District-5293.jpeg,0.9570887312293052,10.220016175655811N,105.99204112981529E,[]
1959,Hiệp Hòa District-8084.jpeg,0.9570837095379828,21.371282950073713N,105.97026158106122E,[]
1960,Binh Minh Town-3611.jpeg,0.9570790901780128,10.078712676190406N,105.8460575736569E,[]
1961,Cao Lanh City-2246.jpeg,0.9570699036121368,10.44596873903332N,105.6454618235003E,[]
1965,Cao Lanh City-1607.jpeg,0.9570403173565863,10.435189004930333N,105.66738562937537E,['951.jpeg']
1966,Tây Ninh City-511.jpeg,0.9570399150252342,11.312440904606968N,106.10588598493449E,['968.jpeg']
1967,Chau Doc City-2541.jpeg,0.9570371210575104,10.675573007586278N,105.0850528214343E,"['3.jpeg', '956.jpeg']"
1968,Long Hồ District-7651.jpeg,0.957017846405506,10.280652179985056N,105.99751811093057E,['550.jpeg']
1969,Cao Lanh City-2169.jpeg,0.9570126906037332,10.444621272270446N,105.6482022992347E,[]
1970,Duy Tiên District-5877.jpeg,0.9570120573043824,20.691461915470576N,106.00656608417283E,[]
1973,Cao Lanh City-3524.jpeg,0.9569807127118112,10.474265541053642N,105.58517135734382E,[]
1974,Hung Yen City-1193.jpeg,0.9569765329360962,20.636782275029375N,106.08208454861514E,[]
1981,Trà Vinh City-2012.jpeg,0.9569440931081772,9.967480908533812N,106.33860589693562E,[]
1982,Mỹ Hào District-1167.jpeg,0.956940308213234,20.91771640921813N,106.09208777598282E,[]
1985,Long Hồ District-5222.jpeg,0.9569183140993118,10.218668708892936N,105.98519490342119E,['558.jpeg']
1986,Duy Tiên District-1984.jpeg,0.9569132104516028,20.625436044087937N,105.927376820054E,[]
1988,Bến Tre City-3006.jpeg,0.9569013714790344,10.262364541280542N,106.35021575900566E,['688.jpeg']
1990,Vĩnh Long-1381.jpeg,0.9568536579608916,10.254387271928618N,105.96649856499045E,[]
1992,Hiệp Hòa District-1472.jpeg,0.9568339511752127,21.271570409618008N,105.95000981759576E,"['172.jpeg', '173.jpeg']"
1993,Cai Lậy Town-5154.jpeg,0.9568205326795578,10.45718177716089N,106.17449381797637E,[]
1995,Hoa Lư District-2343.jpeg,0.9568066000938416,20.24515311101811N,105.93203663453288E,[]
1996,Tam Điệp-2040.jpeg,0.9567980915308,20.150687209263705N,105.87229503813344E,[]
1997,Châu Thành District-5415.jpeg,0.9567807763814926,10.289346073088451N,106.4320032216264E,[]
2000,Long Xuyen City-4882.jpeg,0.9567625001072884,10.418949744487366N,105.4084506798362E,[]
2001,Bến Tre City-1481.jpeg,0.9567384272813796,10.234067739260228N,106.4118326821413E,[]
2003,Duy Tiên District-3195.jpeg,0.95673006772995,20.641605645242862N,106.02096413219442E,['309.jpeg']
2004,Long Hồ District-7946.jpeg,0.9567285850644112,10.286042047036544N,105.9810871675847E,['547.jpeg']
2005,Bac Giang City-1396.jpeg,0.9567157700657845,21.271267476667855N,106.17793248943954E,[]
2009,Bac Giang City-1974.jpeg,0.9566995278000832,21.28204721077117N,106.17504057486727E,[]
2010,Duy Tiên District-1679.jpeg,0.9566950127482414,20.62004617703629N,106.0296029610074E,['317.jpeg']
2011,Yên Mỹ District-2097.jpeg,0.9566842913627625,20.888224209783697N,106.06954978146989E,[]
2014,Cao Lanh City-3184.jpeg,0.9566537365317344,10.466180740476403N,105.60024397388295E,[]
2015,Châu Thành District-3129.jpeg,0.9566463530063628,10.275871405459727N,106.28683696431644E,[]
2016,Phu Ly City-2042.jpeg,0.9566428139805794,20.542414676724338N,105.91712892631695E,"['631.jpeg', '634.jpeg']"
2017,Vĩnh Long-1703.jpeg,0.956629142165184,10.259777138980107N,105.9363732660706E,['545.jpeg']
2020,Cao Lanh City-3937.jpeg,0.9566057324409484,10.48235034163088N,105.61668682828926E,[]
2021,Yên Mỹ District-4295.jpeg,0.9566052928566932,20.932690612959814N,106.02628014033344E,"['237.jpeg', '236.jpeg']"
2022,Long Xuyen City-575.jpeg,0.956601619720459,10.321932137560555N,105.47694307960226E,[]
2023,Phu Ly City-952.jpeg,0.9565943330526352,20.524897608806498N,105.9214458648509E,['639.jpeg']
2025,Châu Thành District-8307.jpeg,0.9565770998597144,10.309558074531536N,106.26355558342712E,[]
2027,Long Hồ District-4440.jpeg,0.9565652310848236,10.202499107738472N,106.0043643373247E,['683.jpeg']
2028,Sa Đéc City-682.jpeg,0.9565503522753716,10.286930671362994N,105.76414617589354E,[]
2030,Tây Ninh City-5889.jpeg,0.9565404579043388,11.41350091182259N,106.13474879227947E,['612.jpeg']
2031,Châu Thành District-1128.jpeg,0.9565377533435822,10.261049271068135N,106.24301318852476E,[]
2033,Tây Ninh City-2549.jpeg,0.9565070569515228,11.356907307781837N,106.1251278564978E,[]
2035,Phu Ly City-192.jpeg,0.9564620926976204,20.50468560736285N,105.90993402876035E,['395.jpeg']
2037,Chau Doc City-4642.jpeg,0.9564484059810638,10.714649543709605N,105.10425040588055E,['5.jpeg']
2038,Duy Tiên District-2588.jpeg,0.9564442783594131,20.633520844665398N,105.97345057372313E,[]
2040,Hoa Lư District-1249.jpeg,0.956432357430458,20.215508842234115N,105.93347287228377E,[]
2041,Tây Ninh City-784.jpeg,0.9564318135380744,11.31917823842134N,106.14574414745852E,[]
2043,Phu Ly City-750.jpeg,0.9564070403575896,20.52085520851777N,105.96893218872448E,"['356.jpeg', '355.jpeg']"
2045,Sa Đéc City-706.jpeg,0.9563963562250136,10.288278138125861N,105.743601672748E,[]
2048,Trà Vinh City-929.jpeg,0.9563665762543678,9.924361972121927N,106.31945319846783E,[]
2049,Duy Tiên District-2520.jpeg,0.9563586711883544,20.632173377902483N,106.01232530338144E,[]
2051,Châu Thành District-6028.jpeg,0.9563564658164978,10.293388473377066N,106.4032438687631E,[]
2052,Trà Vinh City-1470.jpeg,0.956346057355404,9.951311307379353N,106.32218929824893E,[]
2053,Long Xuyen City-2211.jpeg,0.9563455730676652,10.359661206920979N,105.41256022382217E,[]
2054,Cai Lậy Town-4537.jpeg,0.9563362896442412,10.446402043057908N,106.14161177507587E,[]
2057,Ninh Bình-2028.jpeg,0.9562899470329284,20.26982427750089N,105.94716528839054E,['114.jpeg']
2058,Vĩnh Long-577.jpeg,0.9562866687774658,10.2409126042999N,105.94732792022326E,[]
2059,Sa Đéc City-2093.jpeg,0.9562800452113152,10.338134408352138N,105.7463409398341E,[]
2060,Hiệp Hòa District-8469.jpeg,0.956278569996357,21.37936775065121N,106.02523065332454E,[]
2061,Duy Tiên District-3180.jpeg,0.9562647417187692,20.641605645242862N,105.99936706016202E,[]
2064,Go Cong Town-552.jpeg,0.9562548771500587,10.357660337858226N,106.66078230876171E,[]
2065,Phu Ly City-2784.jpeg,0.9562411233782768,20.55588934435344N,105.90130015169242E,"['109.jpeg', '628.jpeg']"
2067,Chau Doc City-4520.jpeg,0.9562214389443398,10.70925967665811N,105.12070547826302E,['469.jpeg']
2068,Mỹ Hào District-3215.jpeg,0.9562193378806114,20.954098011816768N,106.07333379770245E,[]
2073,Phu Ly City-3683.jpeg,0.9561861827969552,20.574753879034187N,105.90993402876035E,"['347.jpeg', '346.jpeg']"
2075,Tam Điệp-2050.jpeg,0.956160105764866,20.150687209263705N,105.88664917233955E,[]
2076,Duy Tiên District-1432.jpeg,0.9561546519398688,20.616003776747554N,106.0224039369966E,[]
2079,Cai Lậy Town-4379.jpeg,0.9561373740434648,10.443707109532163N,106.14024168995502E,[]
2080,Thanh Liêm District-7294.jpeg,0.956136092543602,20.505691482749345N,105.92901567117725E,"['398.jpeg', '397.jpeg']"
2081,Hoa Lư District-3421.jpeg,0.9561320841312408,20.280187246853743N,105.95358020079591E,[]
2082,Duy Tiên District-1522.jpeg,0.9561175107955932,20.618698710273378N,105.92305740564751E,[]
2084,Cao Lanh City-4024.jpeg,0.9561005532741548,10.48369780839375N,105.6427213477659E,['19.jpeg']
2085,Go Cong Town-3778.jpeg,0.9560806527733804,10.43311847657908N,106.61283180328563E,[]
2086,Thanh Liêm District-1561.jpeg,0.9560793191194534,20.419453609923103N,105.91319704556706E,"['376.jpeg', '375.jpeg']"
2088,Cao Lanh City-662.jpeg,0.956072561442852,10.420366870538738N,105.64957253710186E,[]
2091,Long Hồ District-4041.jpeg,0.956064999103546,10.195761773924112N,105.95096377145056E,[]
2093,Chau Doc City-4294.jpeg,0.9560455605387688,10.703869809606616N,105.12619050239051E,[]
2095,Châu Thành District-10472.jpeg,0.9560307636857032,10.331117542737495N,106.37448451589981E,[]
2096,Phu Ly City-3092.jpeg,0.9560110494494438,20.561279211405086N,105.91856790582827E,[]
2097,Ninh Bình-1684.jpeg,0.956001542508602,20.257697076634713N,105.97445293692057E,[]
2098,Long Hồ District-5363.jpeg,0.9560009762644768,10.22136364241868N,105.99888735620941E,[]
2100,Chau Doc City-4237.jpeg,0.9560002014040948,10.70252234284374N,105.14264557477303E,[]
2101,Cai Lậy Town-5218.jpeg,0.9559923186898232,10.458529243923762N,106.16490322213039E,[]
2103,Mỹ Tho-966.jpeg,0.9559552520513536,10.34757500490529N,106.31357144267761E,[]
2105,Bến Tre City-2239.jpeg,0.9559465274214743,10.24754240688895N,106.36664693850851E,[]
2107,Cai Lậy Town-2464.jpeg,0.955927699804306,10.407325506934605N,106.12654083874648E,['767.jpeg']
2108,Bến Tre City-3257.jpeg,0.95591851323843,10.269101875094902N,106.35980061371565E,['579.jpeg']
2109,Bac Giang City-1437.jpeg,0.955918051302433,21.272614943430767N,106.14322951457228E,['193.jpeg']
2110,Bến Tre City-2403.jpeg,0.95591302216053,10.25023734041469N,106.36664693850851E,[]
2111,Long Hồ District-2554.jpeg,0.9558854475617408,10.176897239243907N,105.87702452639412E,[]
2112,Cai Lậy Town-3856.jpeg,0.9558781161904336,10.434274842192053N,106.17038356261381E,[]
2113,Go Cong Town-2991.jpeg,0.9558780267834665,10.419643808950358N,106.61557183216999E,[]
2117,Hung Yen City-683.jpeg,0.95585797727108,20.626002540926088N,106.09504522338432E,[]
2119,Cai Lậy Town-3772.jpeg,0.9558416977524756,10.432927375429179N,106.15531262628441E,[]
2120,Tam Điệp-4118.jpeg,0.9558249190449716,20.177636544521878N,105.95411360310817E,[]
2121,Tây Ninh City-1091.jpeg,0.9558159783482552,11.327263038998591N,106.10176272674236E,[]
2122,Bến Tre City-2698.jpeg,0.9557965248823166,10.255627207466182N,106.37349326330134E,"['705.jpeg', '706.jpeg']"
2123,Thái Bình-1947.jpeg,0.9557944908738136,20.45945984346067N,106.32632120285044E,"['448.jpeg', '447.jpeg']"
2124,Thanh Liêm District-5661.jpeg,0.9557786509394646,20.48008961425405N,105.89162619246228E,['385.jpeg']
2125,Go Cong Town-4291.jpeg,0.9557653665542604,10.44255074391919N,106.6306419910339E,[]
2126,Long Xuyen City-4377.jpeg,0.9557460322976112,10.405475076858645N,105.43447779174731E,[]
2127,Long Hồ District-887.jpeg,0.9557457864284516,10.155337771037951N,106.00847207316117E,[]
2128,Hung Yen City-2949.jpeg,0.9557447135448456,20.692028412308737N,106.03168192451274E,[]
2129,Long Xuyen City-3305.jpeg,0.9557398706674576,10.381220675126938N,105.44817627170053E,[]
2130,Long Hồ District-3044.jpeg,0.9557390064001084,10.182287106295396N,105.93727131866235E,[]
2131,Ninh Bình-408.jpeg,0.9557256251573564,20.224010407561988N,105.97301674489265E,['883.jpeg']
2132,Cao Lanh City-4330.jpeg,0.9556845426559448,10.490435142208117N,105.59887373601575E,[]
2137,Hoa Lư District-1735.jpeg,0.955658346414566,20.22628857633739N,105.96507010280283E,[]
2138,Mỹ Hào District-1578.jpeg,0.9556486308574677,20.92580120979561N,106.1382514148269E,[]
2139,Thanh Liêm District-1432.jpeg,0.9556402191519736,20.416758676397286N,105.92613955742995E,['389.jpeg']
2141,Mỹ Tho-1416.jpeg,0.955608196556568,10.354312338719653N,106.38480143316373E,[]
2142,Châu Thành District-10639.jpeg,0.9556059688329696,10.336507409788982N,106.35120313501048E,[]
2144,Tây Ninh City-1440.jpeg,0.9556009620428084,11.335347839575835N,106.07564875819214E,[]
2145,Tây Ninh City-2290.jpeg,0.955593839287758,11.352864907493213N,106.09076737156332E,[]
2146,Hoa Lư District-3945.jpeg,0.9555792734026908,20.290966980957013N,105.93060039678204E,['412.jpeg']
2147,Sa Đéc City-1954.jpeg,0.955563597381115,10.332744541300645N,105.72442680314552E,[]
2148,Long Hồ District-3826.jpeg,0.955557107925415,10.191719373635499N,106.00573358260351E,[]
2149,Châu Thành District-4103.jpeg,0.9555529952049256,10.281261272511216N,106.43611170060682E,[]
2150,Long Hồ District-699.jpeg,0.9555365890264512,10.15264283751221N,106.02353377122823E,"['565.jpeg', '566.jpeg']"
2151,Ninh Bình-2076.jpeg,0.9555353373289108,20.2711717442638N,105.96439959272529E,['416.jpeg']
2152,Hoa Lư District-583.jpeg,0.9555330350995064,20.20068670784212N,105.97081505380626E,['423.jpeg']
2155,Sa Đéc City-1350.jpeg,0.9555236548185349,10.309837606331815N,105.74497130629103E,"['901.jpeg', '902.jpeg', '900.jpeg']"
2157,Vĩnh Long-705.jpeg,0.955517180263996,10.243607537825643N,105.92541861191793E,[]
2159,Long Hồ District-5589.jpeg,0.9554989635944366,10.226753509470168N,105.95507150728706E,[]
2160,Thái Bình-1584.jpeg,0.9554906785488128,20.451375042883214N,106.33782623250777E,['101.jpeg']
2162,Mỹ Tho-1306.jpeg,0.9554567560553552,10.352964871956782N,106.34370720788327E,['583.jpeg']
2163,Long Hồ District-2590.jpeg,0.955453671514988,10.176897239243907N,105.92631735643175E,[]
2164,Long Hồ District-5588.jpeg,0.9554519951343536,10.226753509470168N,105.94822528089293E,[]
2165,Cao Lanh City-4019.jpeg,0.9554418548941612,10.48369780839375N,105.63587015842995E,[]
2171,Go Cong Town-1033.jpeg,0.9553828835487366,10.369787538724077N,106.66489235208824E,[]
2172,Long Hồ District-3717.jpeg,0.9553796872496604,10.190371906872624N,105.98382565814235E,[]
2173,Bac Giang City-1871.jpeg,0.9553760811686516,21.27935227724534N,106.2545682256048E,[]
2174,Châu Thành District-5952.jpeg,0.9553747773170472,10.293388473377066N,106.29916240125785E,[]
2178,Long Hồ District-4056.jpeg,0.9553576782345772,10.195761773924112N,105.97150245063291E,[]
2179,Cao Lanh City-2536.jpeg,0.95535259693861,10.45135860608481N,105.65094277496904E,[]
2181,Cao Lanh City-3263.jpeg,0.9553431198000908,10.467528207239278N,105.629018969094E,[]
2182,Cai Lậy Town-5849.jpeg,0.9553408846259116,10.470656444789617N,106.15668271140524E,[]
2183,Hung Yen City-3223.jpeg,0.9553184062242508,20.701460679649117N,106.02880177456402E,"['269.jpeg', '268.jpeg']"
2185,Phu Ly City-1901.jpeg,0.9553088769316672,20.539719743198518N,105.95166443458864E,[]
2186,Hiệp Hòa District-7315.jpeg,0.9553034752607346,21.357808282444562N,106.0107651079921E,[]
2188,Hiệp Hòa District-9060.jpeg,0.9552953019738196,21.39418988504327N,105.95724259026198E,"['138.jpeg', '139.jpeg']"
2189,Thanh Liêm District-1438.jpeg,0.9552911520004272,20.416758676397286N,105.93476789867186E,['373.jpeg']
2190,Mỹ Hào District-2582.jpeg,0.9552737921476364,20.94466574447639N,106.04303890971099E,['209.jpeg']
2191,Phu Ly City-160.jpeg,0.9552729353308678,20.50333814059993N,105.8984221926698E,['387.jpeg']
2193,Trà Vinh City-649.jpeg,0.9552652388811111,9.914929704781827N,106.30987684923393E,"['729.jpeg', '744.jpeg']"
2195,Long Hồ District-5209.jpeg,0.955259434878826,10.218668708892936N,105.96739471479646E,['664.jpeg']
2198,Binh Minh Town-3395.jpeg,0.9552293047308922,10.073322809138919N,105.81595165959065E,['28.jpeg']
2199,Ninh Bình-920.jpeg,0.9551805108785628,20.238832541953983N,105.9945596253111E,[]
2201,Tây Ninh City-1195.jpeg,0.9551524594426156,11.329957972524337N,106.07702317758954E,[]
2202,Châu Thành District-6130.jpeg,0.9551308378577232,10.294735940139942N,106.25944710444665E,[]
2206,Hung Yen City-1037.jpeg,0.9551107734441756,20.63408734150355N,106.04032237435887E,[]
2207,Châu Thành District-2208.jpeg,0.9551031216979028,10.269134071645368N,106.38954893882818E,[]
2208,Thái Bình-1425.jpeg,0.9550982043147088,20.44868010935739N,106.29755862870716E,[]
2209,Cai Lậy Town-1214.jpeg,0.9550951421260834,10.385766038728642N,106.11695024290049E,[]
2212,Tam Điệp-1689.jpeg,0.9550749734044076,20.14394987544917N,105.93114698837846E,[]
2213,Phu Ly City-3329.jpeg,0.955073930323124,20.565321611693822N,105.96029831165657E,[]
2214,Bến Tre City-225.jpeg,0.9550717249512672,10.20307600371417N,106.38033958809419E,[]
2215,Tây Ninh City-1960.jpeg,0.9550705328583716,11.346127573678837N,106.11000924312664E,['617.jpeg']
2217,Ninh Bình-1930.jpeg,0.955065242946148,20.265781877212163N,105.96583578475317E,['876.jpeg']
2219,Long Xuyen City-4037.jpeg,0.9550603032112122,10.397390276281406N,105.42488885578004E,[]
2220,Duy Tiên District-1414.jpeg,0.9550543054938316,20.616003776747554N,105.98496901214044E,[]
2221,Mỹ Hào District-163.jpeg,0.9550536200404168,20.88807214043406N,106.11372698169097E,[]
2223,Cai Lậy Town-2689.jpeg,0.9550489634275436,10.41136790722322N,106.14572203043844E,[]
2226,Vĩnh Long-669.jpeg,0.955026239156723,10.242260071062768N,105.9801918826813E,"['675.jpeg', '674.jpeg', '673.jpeg']"
2227,Hoa Lư District-4463.jpeg,0.955018974840641,20.301746715060293N,105.94496277429069E,[]
2230,Cai Lậy Town-2635.jpeg,0.9550086408853532,10.410020440460348N,106.16764339237213E,[]
2231,Phu Ly City-821.jpeg,0.955007202923298,20.522202675280678N,105.96173729116788E,[]
2233,Sa Đéc City-754.jpeg,0.9549952819943428,10.289625604888732N,105.75592837463535E,"['22.jpeg', '904.jpeg']"
2236,Yên Mỹ District-1378.jpeg,0.9549663439393044,20.877444475680402N,106.00320299839402E,[]
2238,Sa Đéc City-246.jpeg,0.9549576044082642,10.273456003734271N,105.77373361069478E,[]
2241,Cao Lanh City-918.jpeg,0.9549468979239464,10.424409270827352N,105.65368325070345E,[]
2243,Hoa Lư District-1483.jpeg,0.9549261927604676,20.22089870928575N,105.95358020079591E,['421.jpeg']
2246,Long Hồ District-5538.jpeg,0.9549036249518394,10.225406042707299N,105.97697943174823E,['560.jpeg']
2247,Long Hồ District-6110.jpeg,0.954901322722435,10.237533243573147N,106.01668754483413E,[]
2248,Yên Mỹ District-1989.jpeg,0.9548952877521516,20.886876743020792N,106.03637638993193E,"['244.jpeg', '245.jpeg']"
2249,Go Cong Town-775.jpeg,0.9548889249563216,10.363050204909717N,106.67448245318344E,"['850.jpeg', '849.jpeg']"
2251,Tây Ninh City-645.jpeg,0.9548776224255562,11.316483304895591N,106.09763946855021E,[]
2252,Duy Tiên District-3613.jpeg,0.9548566937446594,20.64834297905743N,105.91441857683458E,['322.jpeg']
2253,Tây Ninh City-1595.jpeg,0.9548510760068892,11.338042773101586N,106.1251278564978E,['616.jpeg']
2255,Go Cong Town-3293.jpeg,0.9548479169607162,10.425033676001851N,106.60872175995914E,[]
2256,Hung Yen City-1536.jpeg,0.9548304229974748,20.646214542369755N,106.05328304912801E,"['294.jpeg', '290.jpeg', '289.jpeg']"
2258,Cao Lanh City-5047.jpeg,0.9548107087612152,10.505257276599714N,105.59339278454698E,[]
2259,Duy Tiên District-3135.jpeg,0.9548071175813676,20.641605645242862N,105.93457584406481E,[]
2261,Long Xuyen City-114.jpeg,0.9547854885458946,10.3098049366947N,105.43584763974262E,[]
2263,Tây Ninh City-6175.jpeg,0.9547621086239816,11.420238245636966N,106.11688134011352E,['973.jpeg']
2265,Cao Lanh City-3102.jpeg,0.9547148644924164,10.46348580695066N,105.65094277496904E,[]
2266,Cao Lanh City-2568.jpeg,0.9547041207551956,10.452706072847676N,105.60024397388295E,[]
2270,Chau Doc City-3447.jpeg,0.9546797275543212,10.689047675215011N,105.11659171016743E,[]
2271,Sa Đéc City-748.jpeg,0.9546788707375526,10.289625604888732N,105.74771057337713E,[]
2272,Go Cong Town-3635.jpeg,0.9546746984124184,10.430423543053335N,106.63201200547607E,[]
2274,Mỹ Tho-3062.jpeg,0.9546576887369156,10.382609140739975N,106.39712970074788E,[]
2276,Yên Mỹ District-328.jpeg,0.9546533897519112,20.853190073947978N,106.06378049598504E,[]
2279,Yên Mỹ District-1907.jpeg,0.9546089619398116,20.885529276257877N,106.04070335404559E,[]
2280,Cao Lanh City-5194.jpeg,0.9545891359448432,10.510647143651203N,105.58243088160947E,[]
2282,Vĩnh Long-1208.jpeg,0.9545869454741478,10.251692338402876N,105.95965190614504E,['662.jpeg']
2283,Long Hồ District-668.jpeg,0.9545853286981584,10.15264283751221N,105.9810871675847E,[]
2284,Long Hồ District-5431.jpeg,0.9545734524726868,10.224058575944424N,105.91673263947999E,[]
2286,Yên Mỹ District-2290.jpeg,0.9545606300234796,20.89226661007244N,105.97868353508333E,['263.jpeg']
2287,Duy Tiên District-2325.jpeg,0.9545579478144646,20.629478444376662N,106.00512627937064E,[]
2288,Tây Ninh City-1964.jpeg,0.9545558542013168,11.346127573678837N,106.11550692071616E,[]
2289,Binh Minh Town-3174.jpeg,0.954554833471775,10.066585475324558N,105.85153137621441E,[]
2293,Duy Tiên District-3732.jpeg,0.954527348279953,20.649690445820323N,105.94465447767993E,[]
2295,Cai Lậy Town-6446.jpeg,0.9544908553361892,10.485478579181216N,106.12517075362561E,[]
2299,Bac Giang City-741.jpeg,0.9544539600610732,21.25509787551288N,106.1764865321534E,"['188.jpeg', '189.jpeg']"
2300,Phu Ly City-3826.jpeg,0.9544440880417824,20.577448812560007N,105.96029831165657E,[]
2302,Bac Giang City-1470.jpeg,0.954427234828472,21.272614943430767N,106.19094610501479E,['208.jpeg']
2303,Mỹ Hào District-1705.jpeg,0.9544245228171347,20.928496143321432N,106.14690709711016E,[]
2306,Thanh Liêm District-5200.jpeg,0.9543858096003532,20.473352280439503N,105.92326344368263E,['394.jpeg']
2308,Thái Bình-1392.jpeg,0.9543816596269608,20.447332642594482N,106.3478931334579E,"['439.jpeg', '440.jpeg']"
2311,Ninh Bình-855.jpeg,0.9543392285704612,20.23748507519107N,105.97876151300423E,[]
2313,Go Cong Town-3868.jpeg,0.9543322548270226,10.434465943341957N,106.62790196214955E,"['841.jpeg', '843.jpeg']"
2314,Long Xuyen City-2627.jpeg,0.954325795173645,10.367746007498214N,105.43721748773795E,[]
2315,Long Hồ District-2730.jpeg,0.9543222039937972,10.178244706006778N,105.96328697896001E,[]
2316,Yên Mỹ District-1260.jpeg,0.9543208852410316,20.874749542154575N,106.0608958532426E,['259.jpeg']
2317,Cai Lậy Town-2168.jpeg,0.9543120115995408,10.401935639883115N,106.11558015777963E,[]
2318,Chau Doc City-3781.jpeg,0.9543112143874168,10.694437542266506N,105.12481924635865E,['471.jpeg']
2319,Châu Thành District-2907.jpeg,0.9543011486530304,10.274523938696857N,106.26218609043362E,[]
2320,Bac Giang City-2402.jpeg,0.9542947858572006,21.28878454458574N,106.25601418289094E,[]
2321,Hiệp Hòa District-6208.jpeg,0.9542941600084304,21.342986148052496N,105.93843738132982E,['146.jpeg']
2323,Long Xuyen City-3639.jpeg,0.9542800560593604,10.387958008941302N,105.44817627170053E,[]
2325,Sa Đéc City-65.jpeg,0.9542634636163712,10.266718669919909N,105.7394927721189E,[]
2327,Tây Ninh City-1174.jpeg,0.954239286482334,11.328610505761462N,106.13199995348471E,[]
2331,Tây Ninh City-1626.jpeg,0.954192228615284,11.339390239864464N,106.08526969397381E,[]
2332,Duy Tiên District-1672.jpeg,0.9541919231414796,20.62004617703629N,106.01952432739228E,[]
2333,Mỹ Hào District-1198.jpeg,0.9541797637939452,20.91771640921813N,106.136808801113E,['218.jpeg']
2334,Hung Yen City-1132.jpeg,0.9541739225387572,20.635434808266467N,106.08496469856384E,[]
2335,Chau Doc City-3210.jpeg,0.954168327152729,10.685005274926388N,105.1467593428686E,[]
2336,Cai Lậy Town-5353.jpeg,0.95416272431612,10.461224177449507N,106.15531262628441E,[]
2337,Châu Thành District-3447.jpeg,0.9541440382599832,10.277218872222601N,106.44022017958733E,[]
2340,Ninh Bình-873.jpeg,0.9541360437870026,20.23748507519107N,106.00461296950637E,['122.jpeg']
2342,Go Cong Town-1589.jpeg,0.9541171714663506,10.384609673115675N,106.66763238097258E,[]
2344,Hiệp Hòa District-4493.jpeg,0.9541042894124984,21.32007921308295N,105.93120460866358E,['157.jpeg']
2345,Go Cong Town-1989.jpeg,0.954098515212536,10.395389407218653N,106.66900239541475E,[]
2349,Go Cong Town-3815.jpeg,0.9540683776140212,10.43311847657908N,106.66352233764604E,[]
2350,Hiệp Hòa District-7961.jpeg,0.954042911529541,21.368588016547882N,105.99919267172614E,[]
2351,Cai Lậy Town-4063.jpeg,0.9540309980511664,10.43831724248067N,106.14298186019671E,[]
2354,Phu Ly City-1860.jpeg,0.9539977312088012,20.539719743198518N,105.8926662746245E,[]
2357,Cai Lậy Town-2550.jpeg,0.9539851173758508,10.40867297369747N,106.14709211555929E,[]
2363,Vĩnh Long-2115.jpeg,0.9539589434862136,10.26786193955734N,105.90761729891983E,['649.jpeg']
2365,Tây Ninh City-2411.jpeg,0.9539510235190392,11.354212374256086N,106.15261624444537E,[]
2366,Cao Lanh City-4180.jpeg,0.9539493843913078,10.487740208682368N,105.57969040587507E,[]
2367,Duy Tiên District-3393.jpeg,0.9539394900202752,20.644300578768686N,106.02096413219442E,['308.jpeg']
2369,Cai Lậy Town-4401.jpeg,0.9539132043719292,10.443707109532163N,106.17038356261381E,[]
2370,Châu Thành District-9682.jpeg,0.9539040476083755,10.320337808634513N,106.31422682418624E,[]
2371,Vĩnh Long-503.jpeg,0.9539021253585817,10.239565137537028N,105.91720262130343E,[]
2372,Cao Lanh City-4241.jpeg,0.9538974463939668,10.489087675445242N,105.57146897867192E,[]
2375,Long Xuyen City-4151.jpeg,0.9538737311959268,10.400085209807154N,105.42625870377537E,[]
2379,Cai Lậy Town-3580.jpeg,0.9538612738251686,10.428884975140564N,106.17586390309722E,[]
2380,Trà Vinh City-292.jpeg,0.9538550600409508,9.901455037153116N,106.36049469518458E,[]
2382,Cai Lậy Town-4271.jpeg,0.9538443312048912,10.442359642769288N,106.10050922145024E,[]
2385,Trà Vinh City-675.jpeg,0.9538290351629256,9.914929704781827N,106.34544614638844E,[]
2386,Hung Yen City-953.jpeg,0.9538270086050034,20.631392407977735N,106.10656582317917E,[]
2388,Mỹ Tho-1462.jpeg,0.953817717730999,10.355659805482526N,106.3382279778459E,[]
2392,Bac Giang City-864.jpeg,0.953763335943222,21.25779280903871N,106.20106780601776E,[]
2394,Chau Doc City-4679.jpeg,0.9537560641765594,10.715997010472476N,105.11933422223116E,[]
2395,Châu Thành District-4486.jpeg,0.9537537917494774,10.283956206036958N,106.35531161399096E,[]
2398,Cai Lậy Town-1867.jpeg,0.9537300765514374,10.39654577283162N,106.12106049826308E,['765.jpeg']
2399,Hiệp Hòa District-2757.jpeg,0.9537218064069748,21.293129877824647N,105.98038746279394E,['176.jpeg']
2400,Tam Điệp-3849.jpeg,0.9537146165966988,20.174941610996054N,105.83353887577705E,[]
2401,Châu Thành District-4742.jpeg,0.9536833688616752,10.28530367279983N,106.4032438687631E,[]
2403,Thanh Liêm District-6709.jpeg,0.9536775946617126,20.496259215408976N,105.89018813558863E,[]
2404,Long Hồ District-3895.jpeg,0.9536769315600396,10.193066840398368N,105.97424094119057E,[]
2405,Cao Lanh City-3803.jpeg,0.9536763727664948,10.479655408105131N,105.61805706615645E,[]
2406,Go Cong Town-3751.jpeg,0.9536760821938516,10.431771009816211N,106.68270253983648E,[]
2410,Duy Tiên District-1759.jpeg,0.953651562333107,20.621393643799195N,106.01232530338144E,[]
2412,Chau Doc City-4355.jpeg,0.953618325293064,10.705217276369488N,105.11796296619927E,[]
2413,Hoa Lư District-4409.jpeg,0.9536159485578536,20.30039924829738N,105.95070772529417E,[]
2415,Cai Lậy Town-2255.jpeg,0.9536032527685164,10.403283106645986N,106.13613143459246E,[]
2416,Châu Thành District-1755.jpeg,0.953597106039524,10.266439138119624N,106.21425383566148E,[]
2417,Cai Lậy Town-3296.jpeg,0.9535950496792792,10.423495108089071N,106.17038356261381E,[]
2418,Trà Vinh City-1033.jpeg,0.9535934701561928,9.92840437241054N,106.34544614638844E,[]
2419,Cao Lanh City-2520.jpeg,0.9535892978310584,10.45135860608481N,105.629018969094E,[]
2421,Hoa Lư District-1260.jpeg,0.9535519331693648,20.215508842234115N,105.94927148754331E,[]
2422,Yên Mỹ District-738.jpeg,0.9535172954201698,20.86531727481419N,106.02483781896224E,"['254.jpeg', '253.jpeg']"
2423,Thanh Liêm District-6526.jpeg,0.9535091072320938,20.492216815120244N,105.98509988924968E,[]
2425,Go Cong Town-837.jpeg,0.9534984529018402,10.364397671672586N,106.68544256872082E,[]
2426,Duy Tiên District-394.jpeg,0.9534963816404344,20.578274707386054N,105.9604923305037E,[]
2427,Bến Tre City-2955.jpeg,0.9534816592931749,10.26101707451767N,106.36116987867425E,[]
2428,Cao Lanh City-2469.jpeg,0.9534802585840224,10.450011139321935N,105.65505348857066E,[]
2430,Bac Giang City-3023.jpeg,0.9534522220492364,21.303606678977808N,106.17070270300889E,[]
2431,Cao Lanh City-2673.jpeg,0.953451320528984,10.454053539610552N,105.65231301283626E,[]
2432,Hiệp Hòa District-750.jpeg,0.9534436464309692,21.25540080846303N,105.9413304903963E,[]
2434,Go Cong Town-3589.jpeg,0.9534354656934738,10.429076076290466N,106.67722248206778E,[]
2437,Phu Ly City-2511.jpeg,0.9534195214509964,20.550499477301795N,105.93295770094146E,[]
2439,Long Hồ District-1682.jpeg,0.953394740819931,10.16611750514093N,105.91399414892234E,[]
2440,Tây Ninh City-3822.jpeg,0.9533946737647055,11.378466775987837N,106.08939295216592E,[]
2441,Cao Lanh City-1598.jpeg,0.9533888548612596,10.435189004930333N,105.65505348857066E,[]
2443,Long Hồ District-4310.jpeg,0.9533815011382104,10.201151640975601N,105.92220962059528E,[]
2444,Vĩnh Long-382.jpeg,0.9533603936433792,10.236870204011284N,105.9035093036126E,[]
2447,Ninh Bình-962.jpeg,0.9533162415027618,20.240180008716898N,105.97158055286475E,"['419.jpeg', '874.jpeg']"
2448,Long Hồ District-5732.jpeg,0.9533065184950829,10.229448442995913N,105.94822528089293E,[]
2449,Vĩnh Long-2156.jpeg,0.9532803595066072,10.269209406320215N,105.89529331299809E,[]
2451,Cao Lanh City-881.jpeg,0.9532613456249236,10.424409270827352N,105.60298444961734E,['495.jpeg']
2455,Mỹ Hào District-2852.jpeg,0.9532266780734062,20.948708144765128N,106.0574650468498E,[]
2456,Tây Ninh City-1468.jpeg,0.9532247856259346,11.335347839575835N,106.11413250131875E,[]
2457,Go Cong Town-3957.jpeg,0.9532218053936958,10.435813410104826N,106.64160210657127E,[]
2459,Go Cong Town-2388.jpeg,0.9532193467020988,10.406169141321634N,106.62516193326519E,[]
2460,Long Hồ District-5823.jpeg,0.9532016664743423,10.230795909758786N,105.9810871675847E,[]
2461,Cai Lậy Town-5438.jpeg,0.9531927779316902,10.46257164421238N,106.17449381797637E,[]
2462,Chau Doc City-4461.jpeg,0.9531908482313156,10.707912209895236N,105.10287914984868E,[]
2467,Mỹ Hào District-505.jpeg,0.9531649798154832,20.90019934130027N,106.11372698169097E,[]
2470,Binh Minh Town-2023.jpeg,0.9531312957406044,10.040983606829998N,105.84468912301752E,[]
2471,Phu Ly City-1698.jpeg,0.9531247168779372,20.537024809672698N,105.9070560697377E,['629.jpeg']
2472,Duy Tiên District-5825.jpeg,0.9531175494194032,20.688766981944756N,106.01664471778795E,[]
2473,Cai Lậy Town-5659.jpeg,0.9531173929572104,10.466614044500997N,106.1854544989432E,[]
2474,Ninh Bình-2268.jpeg,0.953106477856636,20.279256544841257N,105.94285671230685E,[]
2475,Cai Lậy Town-3797.jpeg,0.9530979841947556,10.432927375429179N,106.18956475430575E,[]
2477,Tây Ninh City-1587.jpeg,0.9530921280384064,11.338042773101586N,106.11413250131875E,[]
2478,Mỹ Tho-1869.jpeg,0.9530915841460228,10.362397139296887N,106.34781663041132E,[]
2479,Hiệp Hòa District-2825.jpeg,0.9530899077653884,21.29447734458756N,105.96158225386175E,['178.jpeg']
2480,Go Cong Town-2260.jpeg,0.953084632754326,10.402126741033015N,106.67448245318344E,['54.jpeg']
2481,Sa Đéc City-520.jpeg,0.9530815333127975,10.2815408043115N,105.76277654235054E,[]
2483,Long Hồ District-2630.jpeg,0.9530752599239348,10.176897239243907N,105.9810871675847E,[]
2484,Yên Mỹ District-4392.jpeg,0.9530701637268066,20.936733013248556N,106.043587996788E,[]
2485,Go Cong Town-1020.jpeg,0.9530652537941932,10.369787538724077N,106.64708216433996E,[]
2486,Ninh Bình-1327.jpeg,0.9530650228261948,20.248264809294348N,105.98450628111584E,['121.jpeg']
2487,Hiệp Hòa District-6049.jpeg,0.953058399260044,21.340291214526662N,106.01365821705858E,"['182.jpeg', '183.jpeg']"
2489,Sa Đéc City-867.jpeg,0.9530535936355592,10.293668005177352N,105.74497130629103E,[]
2490,Long Xuyen City-1118.jpeg,0.9530412554740906,10.334059338426403N,105.47557323160692E,[]
2493,Tam Điệp-4547.jpeg,0.9530104845762252,20.185721345099335N,105.88664917233955E,['120.jpeg']
2494,Binh Minh Town-1421.jpeg,0.9529997408390044,10.02750893920128N,105.89258489539569E,[]
2500,Vĩnh Long-2076.jpeg,0.9529216811060904,10.266514472794467N,105.92541861191793E,[]
2501,Hoa Lư District-4834.jpeg,0.9529038295149804,20.311178982400655N,105.94783524979243E,[]
2502,Châu Thành District-736.jpeg,0.9528659507632256,10.257006870779517N,106.23479623056382E,[]
2504,Go Cong Town-1046.jpeg,0.9528564885258676,10.369787538724077N,106.68270253983648E,[]
2506,Bac Giang City-2308.jpeg,0.952848881483078,21.287437077822833N,106.21986525073754E,[]
2508,Sa Đéc City-1936.jpeg,0.9528285041451454,10.331397074537776N,105.74223203920499E,[]
2510,Thanh Liêm District-308.jpeg,0.9528114497661592,20.38307200732454N,105.92182538680898E,['378.jpeg']
2513,Châu Thành District-3293.jpeg,0.9527890309691428,10.277218872222601N,106.22247079362242E,[]
2515,Mỹ Tho-3365.jpeg,0.9527854695916176,10.387999007791462N,106.38754104818243E,[]
2517,Hiệp Hòa District-518.jpeg,0.952778197824955,21.247316007885544N,105.94277704492954E,['164.jpeg']
2518,Tam Điệp-2496.jpeg,0.9527655988931656,20.15742454307825N,105.8751658649747E,[]
2520,Cai Lậy Town-3709.jpeg,0.95276340842247,10.43157990866631N,106.16764339237213E,[]
2522,Binh Minh Town-2083.jpeg,0.9527084678411484,10.04233107359287N,105.83510996854186E,['30.jpeg']
2523,Hoa Lư District-72.jpeg,0.9527045413851738,20.181822173161397N,105.95070772529417E,[]
2526,Hoa Lư District-444.jpeg,0.9526748731732368,20.197991774316304N,105.94496277429069E,[]
2531,Duy Tiên District-3185.jpeg,0.9526489675045012,20.641605645242862N,106.00656608417283E,[]
2532,Phu Ly City-1715.jpeg,0.9526259228587152,20.537024809672698N,105.93151872143017E,"['641.jpeg', '111.jpeg']"
2533,Tam Điệp-2427.jpeg,0.9526239335536956,20.156077076315338N,105.91248661391052E,['893.jpeg']
2535,Long Hồ District-5192.jpeg,0.9526073187589644,10.218668708892936N,105.94411754505647E,[]
2536,Tây Ninh City-1742.jpeg,0.952602706849575,11.340737706627339N,106.16086276082966E,[]
2537,Hiệp Hòa District-8139.jpeg,0.9525977820158004,21.37263041683663N,105.9471167085293E,"['140.jpeg', '141.jpeg']"
2538,Ninh Bình-1774.jpeg,0.95259777456522,20.26039201016052N,105.97588912894847E,[]
2539,Go Cong Town-2008.jpeg,0.9525937214493752,10.395389407218653N,106.69503266981602E,[]
2541,Trà Vinh City-585.jpeg,0.9525862708687782,9.912234771256085N,106.3303975975923E,[]
2548,Yên Mỹ District-3939.jpeg,0.9524993300437928,20.921910878856515N,106.01474156936374E,[]
2552,Tây Ninh City-319.jpeg,0.9524868726730348,11.307051037555466N,106.10451156553712E,[]
2557,Phu Ly City-1544.jpeg,0.952449195086956,20.53432987614687N,105.93151872143017E,[]
2564,Châu Thành District-263.jpeg,0.9524054750800132,10.25026953696516N,106.20466738470704E,[]
2565,Chau Doc City-4793.jpeg,0.9523983672261238,10.725429277812585N,105.11384919810367E,[]
2567,Vĩnh Long-2301.jpeg,0.9523798152804376,10.273251806608831N,105.91309462599618E,[]
2568,Cai Lậy Town-5790.jpeg,0.9523779079318048,10.46930897802674N,106.17038356261381E,[]
2572,Cai Lậy Town-4958.jpeg,0.9523481279611588,10.454486843635143N,106.10461947681281E,[]
2573,Hung Yen City-1210.jpeg,0.9523228406906128,20.636782275029375N,106.10800589815352E,[]
2574,Bến Tre City-1256.jpeg,0.9523217901587486,10.230025338971611N,106.38307811801135E,[]
2576,Hung Yen City-2684.jpeg,0.952313393354416,20.682596144968354N,106.08784484851255E,[]
2580,Châu Thành District-3772.jpeg,0.9522890076041222,10.279913805748345N,106.28546747132293E,[]
2582,Ninh Bình-2115.jpeg,0.9522818103432656,20.272519211026708N,105.9672719767811E,[]
2583,Mỹ Tho-3200.jpeg,0.9522801041603088,10.385304074265717N,106.37658258810765E,[]
2584,Hiệp Hòa District-6632.jpeg,0.9522698521614076,21.348376015104158N,105.98762023546017E,['125.jpeg']
2586,Tam Điệp-4692.jpeg,0.9522685334086418,20.189763745388053N,105.87947210523652E,[]
2588,Cao Lanh City-1353.jpeg,0.9522562399506568,10.431146604641716N,105.66875586724257E,[]
2590,Thanh Liêm District-5085.jpeg,0.9522020444273948,20.47200481367659N,105.89162619246228E,[]
2591,Sa Đéc City-947.jpeg,0.9521888345479964,10.296362938703094N,105.7394927721189E,[]
2592,Long Hồ District-3877.jpeg,0.9521830976009368,10.193066840398368N,105.94959452617174E,[]
2593,Cao Lanh City-3428.jpeg,0.9521765038371086,10.471570607527898N,105.61805706615645E,[]
2594,Cao Lanh City-5014.jpeg,0.9521650969982148,10.503909809836841N,105.63724039629714E,[]
2595,Long Hồ District-5733.jpeg,0.9521478042006492,10.229448442995913N,105.95507150728706E,"['658.jpeg', '42.jpeg']"
2597,Bến Tre City-1608.jpeg,0.9521147310733796,10.23676267278597N,106.38581664792846E,['697.jpeg']
2598,Trà Vinh City-2184.jpeg,0.9521055445075036,9.971523308822425N,106.35502249562234E,"['755.jpeg', '51.jpeg', '754.jpeg']"
2599,Bến Tre City-3004.jpeg,0.9521031379699708,10.262364541280542N,106.34747722908854E,[]
2600,Cai Lậy Town-5926.jpeg,0.9521015211939812,10.472003911552486N,106.16901347749294E,[]
2603,Go Cong Town-3953.jpeg,0.952066257596016,10.435813410104826N,106.6361220488026E,[]
2604,Long Xuyen City-4622.jpeg,0.952064260840416,10.412212410673003N,105.40434113585025E,[]
2606,Châu Thành District-6815.jpeg,0.9520523324608804,10.29877834042856N,106.35805059997791E,[]
2607,Binh Minh Town-2159.jpeg,0.9520426318049432,10.043678540355744N,105.8460575736569E,[]
2608,Yên Mỹ District-3837.jpeg,0.9519966319203376,20.919215945330688N,106.05079960364408E,[]
2609,Ninh Bình-1155.jpeg,0.9519898667931556,20.244222409005623N,105.9916872412553E,[]
2610,Sa Đéc City-164.jpeg,0.9519819095730782,10.272108536971395N,105.72442680314552E,[]
2612,Thanh Liêm District-5760.jpeg,0.9519736170768738,20.481437081016963N,105.8973784199569E,[]
2613,Cai Lậy Town-3069.jpeg,0.95197344571352,10.419452707800456N,106.14846220068013E,[]
2615,Sa Đéc City-2776.jpeg,0.9519657865166664,10.36777867713533N,105.71757863543034E,[]
2616,Trà Vinh City-1601.jpeg,0.9519622400403024,9.95535370766797N,106.34134199671676E,[]
2617,Cao Lanh City-3818.jpeg,0.9519478380680084,10.479655408105131N,105.63861063416432E,[]
2619,Long Xuyen City-3816.jpeg,0.9519442319869996,10.392000409229915N,105.4413270317239E,[]
2621,Long Hồ District-3103.jpeg,0.9519363567233086,10.182287106295396N,106.01805679011294E,[]
2623,Long Xuyen City-2875.jpeg,0.9519328251481056,10.373135874549702N,105.41529991981282E,"['488.jpeg', '489.jpeg']"
2624,Hiệp Hòa District-7567.jpeg,0.9519249275326728,21.361850682733312N,105.98906678999342E,[]
2626,Vĩnh Long-1139.jpeg,0.9519046247005464,10.250344871640005N,105.97882255091221E,[]
2627,Duy Tiên District-791.jpeg,0.9519012868404388,20.59848670882971N,105.97345057372313E,[]
2629,Cai Lậy Town-3545.jpeg,0.9518940076231956,10.428884975140564N,106.12791092386735E,[]
2631,Long Xuyen City-3967.jpeg,0.951874941587448,10.396042809518535N,105.40708083184089E,[]
2632,Tây Ninh City-5030.jpeg,0.9518737196922302,11.39733131066809N,106.12100459830566E,[]
2635,Bến Tre City-2810.jpeg,0.9518508389592172,10.258322140991927N,106.33926163933714E,[]
2636,Tây Ninh City-794.jpeg,0.951849602162838,11.320525705184215N,106.082520855179E,[]
2637,Long Xuyen City-3746.jpeg,0.9518422931432724,10.390652942467048N,105.4276285517707E,[]
2638,Hoa Lư District-1604.jpeg,0.9518043398857116,20.223593642811572N,105.95214396304503E,['422.jpeg']
2639,Mỹ Hào District-618.jpeg,0.95180281996727,20.904241741589008N,106.07477641141628E,[]
2641,Châu Thành District-9816.jpeg,0.9517747461795808,10.321685275397387N,106.32244378214718E,[]
2643,Châu Thành District-8471.jpeg,0.9517601132392884,10.310905541294407N,106.2375352165508E,[]
2644,Duy Tiên District-1792.jpeg,0.9517549574375151,20.622741110562114N,105.92161760084535E,['329.jpeg']
2645,Yên Mỹ District-1434.jpeg,0.9517417401075364,20.878791942443318N,105.96714496411361E,[]
2650,Châu Thành District-8545.jpeg,0.951707698404789,10.310905541294407N,106.33887769806907E,[]
2651,Sa Đéc City-2363.jpeg,0.9517042487859726,10.350261609217988N,105.72990533731766E,[]
2652,Thanh Liêm District-6086.jpeg,0.9516992345452308,20.48547948130569N,105.96640514989222E,"['367.jpeg', '366.jpeg']"
2654,Go Cong Town-2156.jpeg,0.9516749531030656,10.399431807507273N,106.68133252539432E,['55.jpeg']
2655,Binh Minh Town-1084.jpeg,0.9516737088561058,10.020771605386921N,105.83647841918126E,['31.jpeg']
2656,Long Hồ District-6036.jpeg,0.9516594931483268,10.236185776810276N,105.93590207338352E,['543.jpeg']
2657,Vĩnh Long-1652.jpeg,0.9516512155532836,10.258429672217233N,105.98566920975762E,[]
2659,Hung Yen City-2290.jpeg,0.9516399577260016,20.670468944102158N,106.06336357394854E,[]
2660,Mỹ Tho-1588.jpeg,0.9516219571232796,10.3570072722454N,106.40123912327594E,[]
2664,Sa Đéc City-372.jpeg,0.9516192376613616,10.277498404022884N,105.75181947400624E,[]
2665,Long Xuyen City-2345.jpeg,0.9516016393899918,10.362356140446725N,105.42077931179409E,[]
2666,Long Hồ District-3993.jpeg,0.9515944346785544,10.194414307161237N,105.99614886565175E,[]
2669,Cao Lanh City-3087.jpeg,0.9515560939908028,10.46348580695066N,105.63038920696117E,[]
2671,Long Hồ District-5099.jpeg,0.951542854309082,10.21597377536719N,105.99888735620941E,[]
2672,Long Hồ District-6527.jpeg,0.9515300616621972,10.256397778253358N,106.0043643373247E,[]
2673,Ninh Bình-211.jpeg,0.9515248760581017,20.215925606984534N,105.96870816880897E,[]
2674,Binh Minh Town-3598.jpeg,0.951517067849636,10.078712676190406N,105.828267715345E,[]
2676,Hiệp Hòa District-5422.jpeg,0.9515134915709496,21.332206413949176N,106.02523065332454E,[]
2677,Long Hồ District-7741.jpeg,0.9515099003911018,10.281999646747927N,106.01668754483413E,['685.jpeg']
2678,Sa Đéc City-410.jpeg,0.9514927864074708,10.278845870785757N,105.73812313857589E,[]
2680,Bến Tre City-1524.jpeg,0.9514850452542304,10.235415206023102N,106.37212399834277E,['693.jpeg']
2683,Long Hồ District-1914.jpeg,0.9514524266123772,10.168812438666674N,105.92631735643175E,[]
2684,Thanh Liêm District-5750.jpeg,0.951447769999504,20.481437081016963N,105.88299785122038E,[]
2685,Vĩnh Long-1451.jpeg,0.9514393880963326,10.255734738691492N,105.94595858845419E,[]
2687,Bến Tre City-2162.jpeg,0.951427422463894,10.246194940126077N,106.37760105817705E,[]
2689,Hiệp Hòa District-6547.jpeg,0.9514137506484984,21.347028548341235N,105.99919267172614E,[]
2690,Chau Doc City-2583.jpeg,0.9514135271310806,10.675573007586278N,105.14264557477303E,[]
2692,Long Hồ District-4259.jpeg,0.9514028280973434,10.19980417421273N,105.94822528089293E,[]
2694,Hung Yen City-1430.jpeg,0.9513849467039108,20.643519608843928N,106.04464259928191E,[]
2695,Long Xuyen City-3012.jpeg,0.9513671025633812,10.375830808075445N,105.42077931179409E,[]
2696,Cao Lanh City-2143.jpeg,0.9513653516769408,10.444621272270446N,105.61257611468767E,[]
2698,Long Xuyen City-4413.jpeg,0.951351523399353,10.406822543621512N,105.40982052783156E,[]
2699,Ninh Bình-1271.jpeg,0.9513511657714844,20.246917342531432N,105.9888148571995E,[]
2700,Binh Minh Town-3418.jpeg,0.9513508677482604,10.073322809138919N,105.84742602429628E,[]
2703,Long Hồ District-577.jpeg,0.9513315483927728,10.151295370749338N,105.98930263925763E,[]
2704,Long Hồ District-5953.jpeg,0.9513209462165833,10.233490843284528N,106.00025660148823E,[]
2706,Hung Yen City-2095.jpeg,0.951305165886879,20.6637316102876N,106.05904334902549E,['283.jpeg']
2707,Long Xuyen City-3725.jpeg,0.9512929767370224,10.390652942467048N,105.39886174386898E,[]
2708,Tây Ninh City-231.jpeg,0.9512888416647912,11.304356104029715N,106.1127580819214E,"['94.jpeg', '974.jpeg']"
2709,Cao Lanh City-3005.jpeg,0.9512818679213524,10.462138340187787N,105.59887373601575E,[]
2710,Long Xuyen City-4269.jpeg,0.9512708336114885,10.4027801433329N,105.43584763974262E,[]
2711,Mỹ Hào District-660.jpeg,0.9512666910886765,20.904241741589008N,106.13536618739911E,[]
2712,Thái Bình-719.jpeg,0.9512640461325644,20.433857974965385N,106.3478931334579E,[]
2713,Long Xuyen City-3502.jpeg,0.9512627795338632,10.385263075415558N,105.43721748773795E,"['925.jpeg', '937.jpeg']"
2718,Long Hồ District-6103.jpeg,0.9512231424450874,10.237533243573147N,106.00710282788233E,[]
2719,Sa Đéc City-2634.jpeg,0.9512133598327636,10.36104134332097N,105.72853570377463E,[]
2722,Thanh Liêm District-3822.jpeg,0.9511929154396056,20.45314027899585N,105.97359543426047E,[]
2724,Tây Ninh City-772.jpeg,0.9511852487921716,11.31917823842134N,106.12925111468995E,['96.jpeg']
2725,Bac Giang City-3025.jpeg,0.951182685792446,21.303606678977808N,106.17359461758113E,['197.jpeg']
2732,Ninh Bình-1332.jpeg,0.9511421620845796,20.248264809294348N,105.9916872412553E,[]
2733,Tam Điệp-3772.jpeg,0.9511324390769004,20.173594144233146N,105.86224714418918E,[]
2734,Mỹ Hào District-508.jpeg,0.9511301666498184,20.90019934130027N,106.11805482283262E,[]
2735,Phu Ly City-3886.jpeg,0.9511239603161812,20.580143746085835N,105.88691035657921E,[]
2736,Tây Ninh City-1448.jpeg,0.9511207193136216,11.335347839575835N,106.08664411337115E,[]
2737,Cao Lanh City-2377.jpeg,0.9511191248893738,10.448663672559062N,105.6262784933596E,[]
2741,Long Hồ District-6383.jpeg,0.9510583579540252,10.24696551091325N,106.01531829955528E,[]
2744,Long Xuyen City-3798.jpeg,0.9510190114378928,10.392000409229915N,105.41666976780813E,"['920.jpeg', '921.jpeg']"
2745,Long Xuyen City-4426.jpeg,0.9510160982608796,10.406822543621512N,105.4276285517707E,[]
2751,Tây Ninh City-5993.jpeg,0.9509446322917938,11.416195845348339N,106.1127580819214E,[]
2752,Cai Lậy Town-4206.jpeg,0.9509394466876984,10.441012176006414N,106.11969041314218E,[]
2753,Long Hồ District-2539.jpeg,0.950937271118164,10.175549772481036N,106.00984131843998E,[]
2754,Long Hồ District-4236.jpeg,0.9509366154670716,10.19980417421273N,105.91673263947999E,[]
2755,Thanh Liêm District-5103.jpeg,0.9509273171424866,20.47200481367659N,105.91751121618802E,['393.jpeg']
2758,Hiệp Hòa District-6487.jpeg,0.9508832171559334,21.347028548341235N,105.91239939973141E,['144.jpeg']
2760,Trà Vinh City-1076.jpeg,0.9508552700281144,9.931099305936286N,106.3358697971545E,[]
2762,Chau Doc City-2129.jpeg,0.950838029384613,10.668835673771909N,105.10287914984868E,[]
2765,Bến Tre City-553.jpeg,0.9508212506771088,10.212508271054272N,106.39540150263845E,"['710.jpeg', '709.jpeg']"
2766,Tây Ninh City-3763.jpeg,0.9508167952299118,11.377119309224963N,106.12237901770304E,[]
2768,Mỹ Hào District-2048.jpeg,0.950791634619236,20.935233477136N,106.11661220911876E,[]
2769,Hung Yen City-2001.jpeg,0.9507842808961868,20.659689209998866N,106.08496469856384E,[]
2770,Vĩnh Long-345.jpeg,0.9507803916931152,10.23552273724841N,105.94595858845419E,[]
2771,Thanh Liêm District-6433.jpeg,0.950777068734169,20.49086934835734N,105.9692812636395E,[]
2773,Cao Lanh City-4844.jpeg,0.9507628977298735,10.499867409548223N,105.64957253710186E,[]
2774,Ninh Bình-1436.jpeg,0.9507616236805916,20.250959742820164N,105.97301674489265E,"['862.jpeg', '873.jpeg']"
2778,Go Cong Town-3805.jpeg,0.9507385492324828,10.43311847657908N,106.64982219322431E,[]
2779,Yên Mỹ District-3288.jpeg,0.950734555721283,20.90843621122739N,106.05656888912895E,[]
2780,Cai Lậy Town-546.jpeg,0.950716957449913,10.373638837862787N,106.12380066850477E,['781.jpeg']
2781,Châu Thành District-2784.jpeg,0.9507125467061996,10.273176471933986N,106.38954893882818E,[]
2782,Hung Yen City-2093.jpeg,0.9507124647498132,20.6637316102876N,106.05616319907675E,['285.jpeg']
2784,Trà Vinh City-1375.jpeg,0.950710102915764,9.94726890709074N,106.33176564748287E,['575.jpeg']
2785,Tây Ninh City-3117.jpeg,0.9506982937455176,11.366339575121964N,106.14436972806111E,[]
2787,Thanh Liêm District-2501.jpeg,0.9506909549236298,20.434275744315112N,105.9606529223976E,['370.jpeg']
2789,Phu Ly City-2657.jpeg,0.9506681114435196,20.553194410827626N,105.93151872143017E,"['640.jpeg', '642.jpeg']"
2790,Hoa Lư District-1481.jpeg,0.9506679996848106,20.22089870928575N,105.95070772529417E,[]
2791,Cai Lậy Town-4552.jpeg,0.950662925839424,10.446402043057908N,106.16216305188868E,[]
2792,Yên Mỹ District-169.jpeg,0.9506550654768944,20.847800206896334N,106.04791496090166E,[]
2794,Ninh Bình-665.jpeg,0.950652241706848,20.232095208139437N,105.99025104922738E,[]
2804,Go Cong Town-3820.jpeg,0.9505375400185584,10.43311847657908N,106.67037240985691E,[]
2805,Ninh Bình-263.jpeg,0.9505365192890168,20.217273073747442N,105.9945596253111E,['878.jpeg']
2806,Trà Vinh City-1417.jpeg,0.9505246952176094,9.948616373853612N,106.34544614638844E,[]
2809,Long Xuyen City-2539.jpeg,0.9505132585763932,10.36639854073534N,105.4084506798362E,[]
2811,Hiệp Hòa District-6599.jpeg,0.9504809603095056,21.348376015104158N,105.93988393586307E,"['148.jpeg', '147.jpeg']"
2812,Trà Vinh City-186.jpeg,0.9504744410514832,9.8974126368645N,106.35091834595066E,[]
2813,Long Hồ District-8090.jpeg,0.9504657983779908,10.288736980562286N,105.97150245063291E,[]
2815,Sa Đéc City-1280.jpeg,0.9504613652825356,10.307142672806073N,105.75455874109232E,[]
2817,Vĩnh Long-367.jpeg,0.9504474997520448,10.23552273724841N,105.97608388737403E,[]
2818,Trà Vinh City-869.jpeg,0.950438655912876,9.921667038596183N,106.34407809649787E,[]
2821,Duy Tiên District-2857.jpeg,0.9504202455282212,20.63756324495413N,105.95905252570155E,[]
2822,Long Hồ District-3429.jpeg,0.9504183903336524,10.18632950658401N,106.01394905427645E,[]
2823,Long Xuyen City-4728.jpeg,0.9504032954573632,10.414907344198749N,105.40571098384557E,[]
2826,Yên Mỹ District-3261.jpeg,0.9503423273563384,20.90843621122739N,106.01762621210614E,[]
2827,Hiệp Hòa District-6697.jpeg,0.9503381997346878,21.349723481867073N,105.9442235994628E,[]
2830,Chau Doc City-3724.jpeg,0.9503302276134492,10.693090075503628N,105.15635813509175E,[]
2833,Tam Điệp-3708.jpeg,0.950316034257412,20.17224667747024N,105.91535744075173E,[]
2835,Cao Lanh City-1908.jpeg,0.9503055289387704,10.440578871981824N,105.62353801762521E,[]
2836,Bến Tre City-2920.jpeg,0.9503037557005882,10.259669607754798N,106.39950929751414E,[]
2837,Ninh Bình-1306.jpeg,0.950296714901924,20.248264809294348N,105.95434624853E,[]
2841,Cai Lậy Town-5200.jpeg,0.9502711817622184,10.458529243923762N,106.14024168995502E,[]
2843,Tam Điệp-1892.jpeg,0.9502675831317902,20.14799227573789N,105.89095541260134E,[]
2845,Tây Ninh City-452.jpeg,0.9502372965216636,11.311093437844091N,106.09076737156332E,[]
2846,Long Hồ District-5316.jpeg,0.9502307623624802,10.22136364241868N,105.9345328281047E,['564.jpeg']
2847,Go Cong Town-1901.jpeg,0.950190968811512,10.39269447369291N,106.68544256872082E,[]
2849,Cai Lậy Town-912.jpeg,0.9501707404851912,10.380376171677153N,106.12791092386735E,['80.jpeg']
2851,Go Cong Town-1220.jpeg,0.9501466229557992,10.375177405775567N,106.64434213545564E,[]
2855,Cai Lậy Town-3209.jpeg,0.950105182826519,10.422147641326202N,106.14983228580098E,[]
2856,Long Hồ District-4712.jpeg,0.9500930532813072,10.207888974789961N,106.00299509204586E,[]
2858,Bến Tre City-2886.jpeg,0.9500801935791968,10.259669607754798N,106.3529542889228E,[]
2859,Binh Minh Town-3519.jpeg,0.9500725716352464,10.076017742664664N,105.85153137621441E,[]
2861,Long Hồ District-6443.jpeg,0.9500306695699692,10.25100791120187N,105.99614886565175E,[]
2864,Long Hồ District-1934.jpeg,0.9500073567032814,10.168812438666674N,105.95370226200825E,[]
2867,Ninh Bình-1964.jpeg,0.9500000402331352,20.26712934397508N,105.9600910166416E,[]
2869,Long Hồ District-6140.jpeg,0.9499846771359444,10.23888071033602N,105.99067188453644E,['49.jpeg']
2870,Vĩnh Long-173.jpeg,0.94996926933527,10.231480336959795N,105.9117252942271E,[]
2874,Tây Ninh City-323.jpeg,0.9499391838908195,11.307051037555466N,106.11000924312664E,[]
2875,Binh Minh Town-2689.jpeg,0.9499267116189004,10.054458274458714N,105.828267715345E,[]
2881,Cai Lậy Town-2180.jpeg,0.9498473703861235,10.401935639883115N,106.1320211792299E,[]
2882,Long Hồ District-375.jpeg,0.949835330247879,10.148600437223596N,105.91947113003765E,[]
2885,Thanh Liêm District-5945.jpeg,0.9498230814933776,20.484132014542784N,105.89594036308324E,[]
2886,Long Hồ District-1855.jpeg,0.9497988745570184,10.167464971903803N,105.99888735620941E,[]
2888,Châu Thành District-7263.jpeg,0.9497798383235933,10.301473273954299N,106.42104727767847E,[]
2889,Hiệp Hòa District-9563.jpeg,0.9497754722833632,21.40766455267243N,105.97315469012771E,"['137.jpeg', '136.jpeg']"
2890,Vĩnh Long-2007.jpeg,0.949771784245968,10.265167006031596N,105.9185719530725E,[]
2892,Tam Điệp-2933.jpeg,0.9497542753815652,20.162814410129887N,105.9239699212754E,[]
2893,Cao Lanh City-2893.jpeg,0.949748806655407,10.459443406662043N,105.60983563895327E,[]
2894,Cao Lanh City-2034.jpeg,0.9497372806072236,10.441926338744695N,105.68382848378165E,[]
2899,Long Hồ District-1839.jpeg,0.9497216418385506,10.167464971903803N,105.97697943174823E,[]
2901,Cai Lậy Town-6327.jpeg,0.949715830385685,10.481436178892595N,106.13887160483415E,[]
2902,Cao Lanh City-4428.jpeg,0.9497054889798164,10.491782608970986N,105.63861063416432E,[]
2904,Phu Ly City-1309.jpeg,0.949694499373436,20.530287475858145N,105.95885933214524E,[]
2905,Duy Tiên District-5047.jpeg,0.949653372168541,20.66855498050109N,106.01376510818362E,[]
2906,Trà Vinh City-2010.jpeg,0.94964000582695,9.967480908533812N,106.3358697971545E,[]
2908,Vĩnh Long-1472.jpeg,0.9496380016207696,10.255734738691492N,105.97471455560493E,"['669.jpeg', '668.jpeg']"
2910,Long Hồ District-3916.jpeg,0.9496247917413712,10.193066840398368N,106.00299509204586E,[]
2913,Vĩnh Long-796.jpeg,0.9495794326066972,10.244955004588519N,105.94321992491601E,[]
2923,Tây Ninh City-4097.jpeg,0.9494130909442902,11.382509176276463N,106.1182557595109E,[]
2924,Cao Lanh City-2603.jpeg,0.9494012668728828,10.452706072847676N,105.6482022992347E,[]
2925,Bac Giang City-3225.jpeg,0.9493954926729202,21.310344012792378N,106.1678107884366E,[]
2928,Châu Thành District-1422.jpeg,0.9493730664253236,10.263744204593879N,106.21562332865496E,[]
2929,Duy Tiên District-4332.jpeg,0.9493711441755296,20.657775246397794N,105.98928842654688E,[]
2930,Thái Bình-1045.jpeg,0.9493526145815848,20.440595308779933N,106.33782623250777E,[]
2931,Trà Vinh City-1596.jpeg,0.9493499472737312,9.95535370766797N,106.33450174726396E,[]
2932,Thanh Liêm District-6909.jpeg,0.9493430033326148,20.498954148934796N,105.95346263802935E,['365.jpeg']
2933,Thái Bình-2116.jpeg,0.9493397548794746,20.463502243749414N,106.31913055931464E,[]
2935,Cai Lậy Town-4274.jpeg,0.9493381902575492,10.442359642769288N,106.10461947681281E,[]
2936,Long Hồ District-2639.jpeg,0.9493360072374344,10.176897239243907N,105.9934103750941E,[]
2937,Mỹ Tho-3466.jpeg,0.949333943426609,10.39069394131721N,106.31220163516828E,[]
2940,Go Cong Town-1607.jpeg,0.9492979496717452,10.384609673115675N,106.6922926409317E,[]
2945,Phu Ly City-1203.jpeg,0.949238419532776,20.528940009095233N,105.92720178289618E,[]
2948,Thái Bình-701.jpeg,0.9492229744791983,20.433857974965385N,106.32200681672894E,[]
2949,Hiệp Hòa District-807.jpeg,0.9492159709334372,21.25674827522595N,105.963028808395E,[]
2952,Sa Đéc City-265.jpeg,0.9491949751973152,10.274803470497138N,105.7353838714898E,[]
2954,Cai Lậy Town-3460.jpeg,0.9491866305470468,10.427537508377691N,106.10324939169192E,[]
2955,Vĩnh Long-314.jpeg,0.9491829127073288,10.23417527048554N,105.9801918826813E,[]
2959,Long Hồ District-2633.jpeg,0.9491202384233476,10.176897239243907N,105.98519490342119E,[]
2961,Châu Thành District-3298.jpeg,0.9490553438663484,10.277218872222601N,106.22931825858986E,[]
2965,Long Xuyen City-2603.jpeg,0.9490410834550858,10.367746007498214N,105.40434113585025E,[]
2966,Long Xuyen City-2332.jpeg,0.9490131139755248,10.362356140446725N,105.40297128785494E,[]
2969,Long Hồ District-4047.jpeg,0.9489876925945282,10.195761773924112N,105.95917924312353E,[]
2971,Long Xuyen City-3153.jpeg,0.9489798620343208,10.378525741601193N,105.42899839976602E,[]
2972,Go Cong Town-2615.jpeg,0.9489797651767732,10.411559008373121N,106.62790196214955E,[]
2973,Duy Tiên District-3721.jpeg,0.9489548206329346,20.649690445820323N,105.92881662485615E,[]
2975,Binh Minh Town-2568.jpeg,0.9489179626107216,10.051763340932972N,105.84332067237811E,[]
2976,Long Hồ District-2508.jpeg,0.9489054903388024,10.175549772481036N,105.96739471479646E,[]
2978,Yên Mỹ District-3061.jpeg,0.9488972872495652,20.90439381093865N,106.05368424638654E,[]
2979,Binh Minh Town-1543.jpeg,0.9488938301801682,10.030203872727025N,105.89395334603505E,[]
2981,Long Hồ District-6137.jpeg,0.9488910362124444,10.23888071033602N,105.94548679033528E,[]
2983,Long Xuyen City-2451.jpeg,0.9488880410790445,10.365051073972468N,105.37968387193449E,[]
2984,Châu Thành District-1508.jpeg,0.9488730430603028,10.263744204593879N,106.38954893882818E,[]
2986,Trà Vinh City-1682.jpeg,0.9488665834069252,9.958048641193713N,106.3358697971545E,[]
2988,Bac Giang City-1447.jpeg,0.9488614648580552,21.272614943430767N,106.1576890874336E,[]
2989,Cao Lanh City-639.jpeg,0.9488612115383148,10.420366870538738N,105.61805706615645E,['496.jpeg']
2991,Binh Minh Town-1472.jpeg,0.9488411396741868,10.028856405964154N,105.88026883964129E,[]
2996,Châu Thành District-5482.jpeg,0.94879200309515,10.290693539851324N,106.23205724457684E,[]
2999,Hiệp Hòa District-4486.jpeg,0.9487572759389876,21.32007921308295N,105.92107872693089E,[]
3000,Thái Bình-2351.jpeg,0.9487310349941254,20.468892110801047N,106.34357874733641E,[]
3003,Thái Bình-242.jpeg,0.9486811980605124,20.41903584057337N,106.32488307414329E,['446.jpeg']
3004,Hoa Lư District-623.jpeg,0.9486795514822006,20.202034174605032N,105.9406540610381E,[]
3008,Hoa Lư District-1316.jpeg,0.9486427828669548,20.216856308997016N,105.95645267629762E,[]
3011,Cao Lanh City-4403.jpeg,0.9486370086669922,10.491782608970986N,105.60435468748452E,[]
3013,Yên Mỹ District-2415.jpeg,0.9486145824193954,20.893614076835348N,106.04214567541679E,['622.jpeg']
3015,Ninh Bình-1151.jpeg,0.948573775589466,20.244222409005623N,105.9859424731437E,[]
3016,Mỹ Hào District-1270.jpeg,0.9485679790377616,20.919063875981042N,106.15123493825179E,[]
3017,Mỹ Hào District-2627.jpeg,0.9485533088445663,20.94466574447639N,106.10795652683545E,[]
3019,Binh Minh Town-3664.jpeg,0.9485153555870056,10.080060142953275N,105.8528998268538E,[]
3020,Cai Lậy Town-3158.jpeg,0.9485135227441788,10.420800174563325N,106.17723398821808E,[]
3021,Go Cong Town-1402.jpeg,0.9484993368387222,10.379219806064183N,106.68407255427864E,[]
3022,Cai Lậy Town-4712.jpeg,0.9484877586364746,10.449096976583652N,106.17175364773465E,[]
3023,Thanh Liêm District-7120.jpeg,0.948480524122715,20.50299654922353N,105.8973784199569E,"['387.jpeg', '386.jpeg']"
3024,Long Hồ District-599.jpeg,0.9484775066375732,10.151295370749338N,106.01942603539176E,[]
3025,Ninh Bình-1139.jpeg,0.9484642148017884,20.244222409005623N,105.96870816880897E,[]
3028,Hung Yen City-1028.jpeg,0.9484343826770782,20.632739874740647N,106.11952649794836E,[]
3029,Thái Bình-457.jpeg,0.9484308063983916,20.427120641150832N,106.3780938363084E,[]
3030,Go Cong Town-3967.jpeg,0.948425017297268,10.435813410104826N,106.65530225099302E,[]
3032,Long Hồ District-4643.jpeg,0.9484116584062576,10.206541508027088N,106.00025660148823E,[]
3034,Long Hồ District-4961.jpeg,0.9484054148197174,10.21327884184145N,105.98930263925763E,[]
3035,Hiệp Hòa District-1157.jpeg,0.9483891278505324,21.26618054256636N,105.9283114995971E,['163.jpeg']
3036,Chau Doc City-1184.jpeg,0.9483857229351996,10.652666072617436N,105.04528639650998E,[]
3037,Cao Lanh City-2241.jpeg,0.9483840316534042,10.44596873903332N,105.63861063416432E,[]
3038,Trà Vinh City-2763.jpeg,0.9483637660741806,9.986345443214013N,106.3331336973734E,[]
3039,Bac Giang City-2970.jpeg,0.9483462199568748,21.302259212214892N,106.16636483115046E,[]
3041,Long Hồ District-1893.jpeg,0.9483409151434898,10.168812438666674N,105.89756320557647E,"['648.jpeg', '33.jpeg']"
3042,Thái Bình-657.jpeg,0.9483393803238868,20.432510508202476N,106.34501687604359E,['444.jpeg']
3043,Long Xuyen City-1356.jpeg,0.9483372420072556,10.339449205477894N,105.45913505566305E,[]
3046,Yên Mỹ District-2070.jpeg,0.9483262747526168,20.888224209783697N,106.03060710444711E,[]
3050,Châu Thành District-723.jpeg,0.9483048319816588,10.257006870779517N,106.21699282164845E,[]
3051,Hiệp Hòa District-2394.jpeg,0.9482805207371712,21.286392544010077N,106.00353233532584E,[]
3053,Long Hồ District-6488.jpeg,0.9482392445206642,10.253702844727611N,106.00299509204586E,[]
3054,Binh Minh Town-692.jpeg,0.948235645890236,10.01133933804682N,105.8570051787719E,['32.jpeg']
3055,Cai Lậy Town-2987.jpeg,0.9482187777757644,10.418105241037583N,106.11832032802134E,[]
3056,Mỹ Tho-2619.jpeg,0.9482127949595452,10.37587180692561N,106.30672240513088E,['65.jpeg']
3058,Thái Bình-1167.jpeg,0.9481931179761888,20.443290242305753N,106.31769243060747E,[]
3059,Vĩnh Long-1316.jpeg,0.9481860473752022,10.253039805165749N,105.99251586860305E,[]
3060,Phu Ly City-4043.jpeg,0.9481795579195024,20.58418614637456N,105.91281198778299E,[]
3063,Hung Yen City-2967.jpeg,0.9481660798192024,20.692028412308737N,106.05760327405113E,[]
3064,Mỹ Hào District-1988.jpeg,0.948163777589798,20.93388601037309N,106.14546448339627E,[]
3065,Long Xuyen City-2956.jpeg,0.9481551945209504,10.374483341312578N,105.43584763974262E,[]
3069,Cao Lanh City-2914.jpeg,0.9481287226080894,10.459443406662043N,105.63861063416432E,"['946.jpeg', '948.jpeg']"
3070,Hoa Lư District-1149.jpeg,0.94812723249197,20.2128139087083N,105.94927148754331E,[]
3071,Sa Đéc City-2486.jpeg,0.9480967447161674,10.355651476269477N,105.70662156708606E,[]
3072,Long Xuyen City-4033.jpeg,0.9480963125824928,10.397390276281406N,105.41940946379876E,[]
3075,Trà Vinh City-3153.jpeg,0.9480922967195512,9.999820110842727N,106.31808514857725E,[]
3077,Trà Vinh City-661.jpeg,0.9480810090899467,9.914929704781827N,106.32629344792062E,[]
3080,Sa Đéc City-1641.jpeg,0.94805446267128,10.320617340434799N,105.72579643668855E,[]
3081,Thái Bình-372.jpeg,0.9480458572506903,20.425773174387924N,106.31481617319312E,[]
3082,Long Hồ District-2469.jpeg,0.948034092783928,10.175549772481036N,105.91399414892234E,[]
3084,Tây Ninh City-1318.jpeg,0.9480181634426116,11.332652906050088N,106.07702317758954E,[]
3085,Long Hồ District-7440.jpeg,0.948011428117752,10.276609779696438N,106.00984131843998E,[]
3087,Cao Lanh City-546.jpeg,0.948010303080082,10.419019403775863N,105.60572492535172E,[]
3090,Hiệp Hòa District-6816.jpeg,0.9479870796203612,21.351070948629985N,105.97749435372745E,['126.jpeg']
3091,Go Cong Town-2029.jpeg,0.9479861110448836,10.396736873981526N,106.65119220766648E,[]
3092,Mỹ Tho-2594.jpeg,0.9479617699980736,10.37452434016274N,106.37658258810765E,[]
3094,Châu Thành District-1124.jpeg,0.9479542225599288,10.261049271068135N,106.2375352165508E,[]
3098,Long Hồ District-4223.jpeg,0.9479112327098846,10.198456707449855N,105.99751811093057E,[]
3099,Long Hồ District-4245.jpeg,0.9479084983468056,10.19980417421273N,105.92905584698941E,['40.jpeg']
3101,Trà Vinh City-1320.jpeg,0.9478518515825272,9.944573973564998N,106.33450174726396E,[]
3102,Tây Ninh City-2790.jpeg,0.9478376358747482,11.360949708070462N,106.13062553408732E,[]
3103,Binh Minh Town-1722.jpeg,0.9478267952799796,10.03424627301564N,105.88163729028066E,[]
3105,Long Hồ District-596.jpeg,0.9478138014674188,10.151295370749338N,106.01531829955528E,[]
3107,Bac Giang City-1458.jpeg,0.9478070959448814,21.272614943430767N,106.17359461758113E,[]
3109,Mỹ Tho-3221.jpeg,0.947790928184986,10.385304074265717N,106.40534854580397E,[]
3110,Yên Mỹ District-3527.jpeg,0.9477686882019044,20.91382607827904N,105.98301049919701E,[]
3114,Long Hồ District-163.jpeg,0.9477466568350792,10.143210570172108N,106.00710282788233E,[]
3115,Cai Lậy Town-1659.jpeg,0.9477425143122672,10.392503372543006N,106.16901347749294E,['777.jpeg']
3116,Trà Vinh City-1247.jpeg,0.9477305710315704,9.940531573276383N,106.3331336973734E,[]
3118,Cai Lậy Town-2174.jpeg,0.9477278366684914,10.401935639883115N,106.12380066850477E,[]
3121,Hung Yen City-2168.jpeg,0.9477119222283364,20.666426543813415N,106.0619234989742E,[]
3123,Cai Lậy Town-5222.jpeg,0.9476949572563172,10.458529243923762N,106.17038356261381E,[]
3127,Binh Minh Town-3035.jpeg,0.9476639926433564,10.063890541798811N,105.79816180127872E,[]
3128,Long Xuyen City-4196.jpeg,0.9476618245244026,10.401432676570025N,105.41119037582685E,[]
3130,Hung Yen City-946.jpeg,0.947643667459488,20.631392407977735N,106.09648529835867E,['302.jpeg']
3133,Hiệp Hòa District-8884.jpeg,0.9476135522127151,21.388800017991613N,106.00931855345885E,"['131.jpeg', '132.jpeg']"
3134,Bac Giang City-2218.jpeg,0.9476076439023018,21.286089611059918N,106.19817589144547E,['999.jpeg']
3135,Chau Doc City-3346.jpeg,0.947607323527336,10.687700208452133N,105.09465161365743E,[]
3136,Mỹ Tho-1296.jpeg,0.9476052150130272,10.352964871956782N,106.33000913278981E,[]
3137,Long Hồ District-2829.jpeg,0.9476046860218048,10.17959217276965N,105.94548679033528E,[]
3138,Yên Mỹ District-4308.jpeg,0.9475854486227036,20.932690612959814N,106.04503031815923E,[]
3139,Cai Lậy Town-2913.jpeg,0.9475690647959708,10.415410307511838N,106.17997415845981E,[]
3142,Long Xuyen City-1603.jpeg,0.947557657957077,10.344839072529387N,105.46598429563967E,[]
3147,Long Hồ District-4185.jpeg,0.9475151300430298,10.198456707449855N,105.94548679033528E,[]
3148,Vĩnh Long-203.jpeg,0.9474900215864182,10.231480336959795N,105.97745321914311E,[]
3149,Cai Lậy Town-3410.jpeg,0.947488121688366,10.426190041614822N,106.12928100898819E,[]
3150,Yên Mỹ District-1665.jpeg,0.9474821239709854,20.881486875969138N,106.0594535318714E,[]
3152,Bến Tre City-2249.jpeg,0.9474580138921738,10.24754240688895N,106.38033958809419E,[]
3153,Cao Lanh City-782.jpeg,0.9474533647298812,10.423061804064481N,105.58380111947665E,[]
3155,Bến Tre City-1250.jpeg,0.9474359676241876,10.230025338971611N,106.37486252825991E,[]
3160,Hung Yen City-2818.jpeg,0.9473676681518556,20.686638545257086N,106.0864047735382E,[]
3161,Cao Lanh City-2193.jpeg,0.9473457261919976,10.444621272270446N,105.68108800804731E,[]
3162,Thanh Liêm District-5782.jpeg,0.9473429545760156,20.481437081016963N,105.92901567117725E,[]
3163,Thanh Liêm District-4563.jpeg,0.9473262131214142,20.463920013099127N,105.95058652428204E,[]
3164,Hiệp Hòa District-4940.jpeg,0.9473227262496948,21.32681654689752N,105.90805973613166E,"['160.jpeg', '161.jpeg']"
3166,Hiệp Hòa District-4615.jpeg,0.9473196864128112,21.321426679845857N,105.97749435372745E,[]
3167,Cai Lậy Town-4591.jpeg,0.9473140835762024,10.447749509820778N,106.11009981729622E,[]
3171,Thái Bình-2361.jpeg,0.9472718611359596,20.468892110801047N,106.35796003440808E,[]
3173,Go Cong Town-3529.jpeg,0.9472557753324508,10.429076076290466N,106.59502161553738E,[]
3176,Vĩnh Long-321.jpeg,0.9472055584192276,10.23417527048554N,105.98977720506487E,['678.jpeg']
3177,Mỹ Hào District-902.jpeg,0.947184570133686,20.91097907540357N,106.12094005026037E,[]
3178,Bac Giang City-3106.jpeg,0.9471821933984756,21.30630161250364N,106.16925674572272E,[]
3179,Hoa Lư District-461.jpeg,0.9471767842769624,20.197991774316304N,105.96937881605542E,['424.jpeg']
3180,Long Hồ District-273.jpeg,0.9471755623817444,10.145905503697852N,106.00710282788233E,[]
3182,Thanh Liêm District-2139.jpeg,0.9471648260951042,20.42888587726348N,105.94195818304013E,[]
3184,Bến Tre City-2830.jpeg,0.947157621383667,10.258322140991927N,106.36664693850851E,[]
3185,Vĩnh Long-58.jpeg,0.9471565708518028,10.227437936671176N,105.91446395776526E,[]
3186,Go Cong Town-15.jpeg,0.9471558034420012,10.33744833641514N,106.65256222210868E,[]
3187,Tây Ninh City-89.jpeg,0.947151705622673,11.298966236978218N,106.11688134011352E,[]
3190,Thanh Liêm District-4278.jpeg,0.9471190199255944,20.459877612810402N,105.94339623991378E,[]
3192,Hiệp Hòa District-2284.jpeg,0.9471124559640884,21.285045077247165N,105.95579603572877E,['153.jpeg']
3193,Châu Thành District-1041.jpeg,0.9470838084816932,10.259701804305262N,106.39913538978261E,[]
3194,Cao Lanh City-2779.jpeg,0.9470780044794084,10.456748473136297N,105.6249082554924E,[]
3196,Trà Vinh City-130.jpeg,0.947074130177498,9.894717703338756N,106.34818224616954E,[]
3197,Binh Minh Town-1036.jpeg,0.9470652118325232,10.019424138624053N,105.85153137621441E,[]
3200,Ninh Bình-1574.jpeg,0.9470231980085372,20.25500214310889N,105.9557824405579E,[]
3201,Go Cong Town-2314.jpeg,0.9470112174749374,10.403474207795886N,106.67174242429908E,['56.jpeg']
3202,Cai Lậy Town-4229.jpeg,0.9469941183924676,10.441012176006414N,106.15120237092184E,[]
3204,Tây Ninh City-6029.jpeg,0.9469650536775588,11.416195845348339N,106.16223718022705E,[]
3205,Bac Giang City-2450.jpeg,0.946956604719162,21.290132011348653N,106.22564907988206E,[]
3208,Cao Lanh City-4213.jpeg,0.9469168931245804,10.487740208682368N,105.6249082554924E,[]
3211,Tây Ninh City-4152.jpeg,0.9468933120369912,11.383856643039337N,106.07702317758954E,[]
3214,Chau Doc City-4596.jpeg,0.9468367621302604,10.711954610183856N,105.12344799032675E,[]
3215,Bến Tre City-3171.jpeg,0.9468218833208084,10.266406941569157N,106.36116987867425E,[]
3218,Long Xuyen City-5172.jpeg,0.9468082636594772,10.427034545064602N,105.42488885578004E,[]
3220,Long Hồ District-4573.jpeg,0.9468055069446564,10.205194041264217N,105.99751811093057E,[]
3221,Bến Tre City-2150.jpeg,0.9468032866716384,10.246194940126077N,106.36116987867425E,[]
3225,Yên Mỹ District-2759.jpeg,0.9467837512493134,20.899003943887N,106.0709921028411E,[]
3226,Binh Minh Town-2377.jpeg,0.9467810988426208,10.047720940644355N,105.86384743196876E,[]
3227,Vĩnh Long-184.jpeg,0.9467784613370896,10.231480336959795N,105.95143591553051E,[]
3228,Trà Vinh City-728.jpeg,0.9467736557126044,9.917624638307569N,106.31124489912449E,[]
3229,Cao Lanh City-497.jpeg,0.94673839956522,10.417671937012992N,105.65231301283626E,[]
3230,Hiệp Hòa District-5832.jpeg,0.9467336162924768,21.337596281000838N,106.00931855345885E,[]
3231,Vĩnh Long-716.jpeg,0.9467246383428574,10.243607537825643N,105.94048126137785E,[]
3232,Vĩnh Long-28.jpeg,0.9467211589217186,10.224743003145434N,105.91720262130343E,[]
3234,Long Hồ District-5422.jpeg,0.9467053860425948,10.222711109181553N,105.99067188453644E,[]
3237,Thái Bình-132.jpeg,0.9466738551855088,20.41229850675883N,106.31913055931464E,[]
3238,Bac Giang City-2330.jpeg,0.946664161980152,21.287437077822833N,106.25167631103253E,[]
3239,Long Hồ District-5307.jpeg,0.9466594085097312,10.22136364241868N,105.92220962059528E,[]
3241,Hiệp Hòa District-6409.jpeg,0.9466576129198074,21.345681081578324N,105.93554427226331E,[]
3243,Phu Ly City-3299.jpeg,0.946644365787506,20.565321611693822N,105.91712892631695E,[]
3245,Thanh Liêm District-6311.jpeg,0.946615681052208,20.48952188159442N,105.90744481807246E,[]
3247,Sa Đéc City-2933.jpeg,0.9465836882591248,10.375863477712564N,105.72031790251641E,[]
3250,Binh Minh Town-3079.jpeg,0.946548767387867,10.063890541798811N,105.85837362941128E,[]
3253,Bac Giang City-2247.jpeg,0.9465228244662284,21.286089611059918N,106.24010865274344E,"['187.jpeg', '186.jpeg']"
3255,Yên Mỹ District-889.jpeg,0.946512557566166,20.86801220834002N,106.04647263953045E,[]
3257,Mỹ Tho-1665.jpeg,0.9465096741914748,10.35835473900827N,106.39712970074788E,[]
3258,Cai Lậy Town-5716.jpeg,0.9465096592903136,10.467961511263871N,106.16627330725123E,[]
3259,Yên Mỹ District-1886.jpeg,0.9465054348111152,20.885529276257877N,106.01041460525009E,[]
3262,Tây Ninh City-2856.jpeg,0.946480467915535,11.362297174833339N,106.1127580819214E,[]
3263,Vĩnh Long-272.jpeg,0.9464726448059082,10.23417527048554N,105.90487863538168E,[]
3265,Mỹ Tho-1640.jpeg,0.946468785405159,10.35835473900827N,106.36288451301418E,"['818.jpeg', '819.jpeg', '829.jpeg']"
3269,Hiệp Hòa District-5435.jpeg,0.9464344009757042,21.333553880712092N,105.8935941907992E,['159.jpeg']
3270,Chau Doc City-3499.jpeg,0.9464310631155968,10.690395141977882N,105.07271151714745E,[]
3271,Trà Vinh City-2611.jpeg,0.9464271441102028,9.982303042925398N,106.32902954770172E,[]
3272,Duy Tiên District-904.jpeg,0.9463848769664764,20.602529109118446N,105.96913115931666E,[]
3273,Tây Ninh City-903.jpeg,0.9463815242052078,11.323220638709966N,106.07839759698689E,['607.jpeg']
3277,Yên Mỹ District-1357.jpeg,0.9463198110461236,20.877444475680402N,105.9729142495985E,[]
3279,Duy Tiên District-3468.jpeg,0.946259431540966,20.645648045531594N,105.98784862174475E,['312.jpeg']
3281,Phu Ly City-1584.jpeg,0.9462552443146706,20.53432987614687N,105.98907790188295E,"['357.jpeg', '358.jpeg']"
3283,Cai Lậy Town-6422.jpeg,0.9462349489331244,10.485478579181216N,106.09228871072513E,[]
3285,Mỹ Hào District-716.jpeg,0.9462090507149696,20.90693667511483N,106.07477641141628E,[]
3286,Thanh Liêm District-1798.jpeg,0.9461969807744026,20.423496010211835N,105.93476789867186E,['372.jpeg']
3288,Tam Điệp-1588.jpeg,0.9461962431669236,20.142602408686262N,105.89526165286318E,[]
3289,Hung Yen City-811.jpeg,0.9461929202079772,20.628697474451904N,106.09216507343562E,[]
3290,Mỹ Tho-3239.jpeg,0.9461476877331734,10.386651541028591N,106.32316009524305E,[]
3291,Châu Thành District-5031.jpeg,0.9461426064372064,10.28799860632558N,106.20055890572655E,[]
3292,Sa Đéc City-1160.jpeg,0.9461347535252572,10.303100272517458N,105.74908020692013E,[]
3293,Hoa Lư District-4026.jpeg,0.9461154341697692,20.29231444771992N,105.94783524979243E,[]
3295,Cai Lậy Town-3395.jpeg,0.946096196770668,10.426190041614822N,106.10872973217536E,[]
3296,Cao Lanh City-3725.jpeg,0.9460752978920935,10.478307941342258N,105.60298444961734E,[]
3297,Yên Mỹ District-1366.jpeg,0.946059599518776,20.877444475680402N,105.98589514193941E,[]
3300,Hung Yen City-3054.jpeg,0.9460375905036926,20.694723345834557N,106.06480364892289E,[]
3303,Long Hồ District-4072.jpeg,0.9460046887397766,10.195761773924112N,105.9934103750941E,[]
3304,Sa Đéc City-2682.jpeg,0.9459960982203484,10.363736276846712N,105.70936083417213E,[]
3306,Long Hồ District-1314.jpeg,0.945980541408062,10.16072763808944N,106.01257980899764E,['567.jpeg']
3309,Long Hồ District-5051.jpeg,0.9459517002105712,10.21597377536719N,105.93316358282588E,[]
3312,Go Cong Town-1890.jpeg,0.9459375664591788,10.39269447369291N,106.67037240985691E,[]
3314,Vĩnh Long-287.jpeg,0.9459203332662582,10.23417527048554N,105.94321992491601E,[]
3316,Mỹ Hào District-349.jpeg,0.9459057673811913,20.896156941011533N,106.09064516226894E,[]
3317,Phu Ly City-3478.jpeg,0.9458819478750228,20.569364011982547N,105.9200068853396E,[]
3318,Châu Thành District-6175.jpeg,0.9458456486463548,10.294735940139942N,106.32107428915369E,[]
3319,Cao Lanh City-2141.jpeg,0.945840410888195,10.444621272270446N,105.60983563895327E,[]
3320,Hiệp Hòa District-700.jpeg,0.9458168521523476,21.25270587493721N,105.98328057186043E,[]
3321,Long Hồ District-298.jpeg,0.945816233754158,10.147252970460721N,105.91399414892234E,[]
3323,Go Cong Town-3813.jpeg,0.9458035379648208,10.43311847657908N,106.66078230876171E,[]
3324,Long Hồ District-4303.jpeg,0.9458032548427582,10.19980417421273N,106.00847207316117E,[]
3326,Phu Ly City-4125.jpeg,0.9457767456769944,20.58688107990039N,105.91712892631695E,[]
3328,Hiệp Hòa District-3145.jpeg,0.9457543417811394,21.299867211639217N,105.96013569932848E,['993.jpeg']
3333,Tây Ninh City-1837.jpeg,0.9457031786441804,11.343432640153088N,106.11963017890828E,[]
3337,Tam Điệp-1478.jpeg,0.9456609711050988,20.141254941923357N,105.8478930099831E,[]
3340,Vĩnh Long-1358.jpeg,0.945615880191326,10.254387271928618N,105.93500393430152E,[]
3343,Tây Ninh City-5630.jpeg,0.94560194760561,11.40811104477109N,106.13887205047158E,[]
3349,Long Hồ District-5024.jpeg,0.9455544576048852,10.21462630860432N,105.9865641487E,[]
3351,Tây Ninh City-53.jpeg,0.9455270394682884,11.29761877021534N,106.10313714613972E,[]
3354,Trà Vinh City-1952.jpeg,0.9455073177814484,9.96613344177094N,106.32492539803008E,[]
3356,Long Xuyen City-5088.jpeg,0.9454927742481232,10.424339611538858N,105.4276285517707E,[]
3358,Vĩnh Long-135.jpeg,0.945459321141243,10.230132870196922N,105.94321992491601E,[]
3360,Long Xuyen City-5307.jpeg,0.9454129338264464,10.43107694535322N,105.43584763974262E,[]
3361,Ninh Bình-2258.jpeg,0.9454059675335884,20.27790907807834N,105.97301674489265E,[]
3362,Bến Tre City-2152.jpeg,0.9453809410333632,10.246194940126077N,106.36390840859136E,"['699.jpeg', '715.jpeg']"
3364,Tây Ninh City-5183.jpeg,0.9453674480319024,11.400026244193837N,106.11963017890828E,[]
3365,Cai Lậy Town-4893.jpeg,0.9453658908605576,10.45313937687227N,106.11558015777963E,['764.jpeg']
3368,Sa Đéc City-1840.jpeg,0.9453460797667504,10.327354674249158N,105.74497130629103E,[]
3370,Tây Ninh City-792.jpeg,0.945313222706318,11.320525705184215N,106.0797720163843E,[]
3371,Ninh Bình-2003.jpeg,0.9452880248427392,20.26847681073798N,105.96296340069738E,[]
3372,Cao Lanh City-1336.jpeg,0.9452632367610933,10.431146604641716N,105.6454618235003E,[]
3374,Long Hồ District-5255.jpeg,0.9452222213149072,10.220016175655811N,105.94000980922003E,[]
3376,Trà Vinh City-1875.jpeg,0.945194475352764,9.963438508245199N,106.35228639584123E,[]
3378,Cai Lậy Town-3452.jpeg,0.945157840847969,10.426190041614822N,106.18682458406407E,[]
3380,Vĩnh Long-4.jpeg,0.9451427534222604,10.222048069619692N,105.94732792022326E,[]
3382,Bến Tre City-70.jpeg,0.945134624838829,10.19768613666268N,106.37897032313563E,[]
3384,Duy Tiên District-1089.jpeg,0.9451215788722038,20.60791897617009N,105.96913115931666E,[]
3385,Trà Vinh City-2676.jpeg,0.9450826272368432,9.983650509688271N,106.346814196279E,[]
3386,Trà Vinh City-2434.jpeg,0.9450767338275908,9.978260642636783N,106.31124489912449E,[]
3391,Thái Bình-2553.jpeg,0.9450264647603036,20.47428197785268N,106.34070248992211E,[]
3397,Mỹ Tho-2659.jpeg,0.944983959197998,10.37587180692561N,106.36151470550483E,[]
3400,Bến Tre City-1277.jpeg,0.9449473768472672,10.230025338971611N,106.4118326821413E,[]
3401,Vĩnh Long-944.jpeg,0.9449424296617508,10.24764993811426N,105.93089593899424E,[]
3405,Cai Lậy Town-532.jpeg,0.9449055269360542,10.373638837862787N,106.10461947681281E,['597.jpeg']
3406,Cao Lanh City-4528.jpeg,0.9449012875556946,10.494477542496732N,105.58654159521102E,[]
3407,Sa Đéc City-1272.jpeg,0.9448940679430962,10.307142672806073N,105.743601672748E,[]
3410,Ninh Bình-394.jpeg,0.9448731243610382,20.224010407561988N,105.95147386447422E,['422.jpeg']
3412,Cao Lanh City-3798.jpeg,0.944855473935604,10.479655408105131N,105.6112058768205E,[]
3414,Go Cong Town-4751.jpeg,0.944831408560276,10.462762745362282N,106.64160210657127E,[]
3418,Binh Minh Town-4357.jpeg,0.9447838366031648,10.100272144396353N,105.82963616598438E,[]
3420,Long Hồ District-4650.jpeg,0.9447645545005798,10.207888974789961N,105.9181018847588E,[]
3425,Phu Ly City-2705.jpeg,0.9447388127446176,20.55454187759053N,105.89122729511318E,[]
3426,Hiệp Hòa District-1890.jpeg,0.9447201639413834,21.278307743432585N,105.97604779919419E,[]
3428,Duy Tiên District-4422.jpeg,0.944717898964882,20.65912271316071N,105.98640881694259E,['313.jpeg']
3430,Tam Điệp-904.jpeg,0.9447069019079208,20.12912774105718N,105.95124277626695E,['899.jpeg']
3431,Go Cong Town-588.jpeg,0.944704569876194,10.357660337858226N,106.71010282867995E,[]
3432,Thái Bình-2470.jpeg,0.9447024315595628,20.47158704432686N,106.36515067794389E,[]
3434,Cao Lanh City-2384.jpeg,0.9446901977062224,10.448663672559062N,105.63587015842995E,[]
3437,Tây Ninh City-1822.jpeg,0.9446721151471138,11.343432640153088N,106.0990138879476E,[]
3439,Bến Tre City-797.jpeg,0.9446496888995172,10.219245604868638N,106.38855517784562E,[]
3441,Duy Tiên District-799.jpeg,0.944633811712265,20.599834175592626N,105.93601564886697E,[]
3442,Cai Lậy Town-6250.jpeg,0.9446311593055724,10.480088712129726N,106.10324939169192E,[]
3443,Ninh Bình-1339.jpeg,0.9446266144514084,20.248264809294348N,106.00174058545059E,[]
3444,Long Hồ District-8030.jpeg,0.944622129201889,10.287389513799416N,105.99204112981529E,['549.jpeg']
3445,Long Hồ District-8070.jpeg,0.9446205049753188,10.288736980562286N,105.94411754505647E,[]
3446,Châu Thành District-8825.jpeg,0.944593533873558,10.313600474820154N,106.23479623056382E,[]
3447,Thái Bình-2416.jpeg,0.9445929378271104,20.470239577563955N,106.36227442052956E,[]
3451,Bac Giang City-2063.jpeg,0.9445457085967064,21.28339467753409N,106.19094610501479E,['103.jpeg']
3452,Duy Tiên District-2313.jpeg,0.9445295482873916,20.629478444376662N,105.98784862174475E,[]
3453,Mỹ Tho-3910.jpeg,0.9445223659276962,10.398778741894443N,106.37384297308895E,[]
3454,Cai Lậy Town-4364.jpeg,0.9445056021213531,10.443707109532163N,106.11969041314218E,[]
3458,Sa Đéc City-523.jpeg,0.9444606229662896,10.2815408043115N,105.76688544297964E,['911.jpeg']
3460,Cai Lậy Town-3543.jpeg,0.9443958848714828,10.428884975140564N,106.12517075362561E,[]
3465,Mỹ Tho-3270.jpeg,0.9443569704890252,10.386651541028591N,106.36562412803286E,[]
3466,Go Cong Town-2830.jpeg,0.9443372040987016,10.415601408661741N,106.67037240985691E,[]
3467,Duy Tiên District-3619.jpeg,0.9443242326378822,20.64834297905743N,105.92305740564751E,[]
3470,Mỹ Tho-283.jpeg,0.9442864432930946,10.332752870513698N,106.31494125018696E,"['787.jpeg', '62.jpeg']"
3471,Mỹ Tho-1843.jpeg,0.944282814860344,10.362397139296887N,106.31220163516828E,[]
3474,Sa Đéc City-2198.jpeg,0.944251611828804,10.343524275403626N,105.72579643668855E,[]
3478,Thái Bình-2515.jpeg,0.9442015737295152,20.472934511089775N,106.3565219057009E,['452.jpeg']
3480,Cai Lậy Town-1766.jpeg,0.944189727306366,10.39519830606875N,106.09365879584597E,[]
3483,Long Hồ District-192.jpeg,0.9441767111420633,10.14455803693498N,105.92768660171058E,[]
3484,Hiệp Hòa District-2151.jpeg,0.9441631212830544,21.28235014372133N,105.99774611719289E,[]
3488,Mỹ Tho-2570.jpeg,0.944142073392868,10.37452434016274N,106.34370720788327E,[]
3490,Sa Đéc City-553.jpeg,0.9441256672143936,10.282888271074373N,105.74908020692013E,[]
3492,Cao Lanh City-1356.jpeg,0.9441187456250192,10.431146604641716N,105.67286658084413E,[]
3494,Phu Ly City-4351.jpeg,0.9441031590104104,20.600355747529495N,105.93727463947543E,[]
3499,Tây Ninh City-1717.jpeg,0.9440709948539734,11.340737706627339N,106.12650227589519E,[]
3501,Tây Ninh City-1592.jpeg,0.9440539702773094,11.338042773101586N,106.12100459830566E,[]
3502,Duy Tiên District-4468.jpeg,0.944045789539814,20.66047017992362N,105.91009916242808E,[]
3503,Tây Ninh City-3011.jpeg,0.9440376460552216,11.364992108359088N,106.11000924312664E,[]
3504,Hiệp Hòa District-3629.jpeg,0.9440352767705916,21.306604545453805N,106.01221166252535E,[]
3505,Châu Thành District-6220.jpeg,0.9440151825547218,10.294735940139942N,106.38270147386073E,[]
3506,Bac Giang City-2511.jpeg,0.9440052434802056,21.291479478111572N,106.21408142159298E,[]
3508,Long Xuyen City-2858.jpeg,0.9439778849482536,10.373135874549702N,105.39201250389236E,['490.jpeg']
3509,Cai Lậy Town-5050.jpeg,0.9439778253436087,10.455834310398014N,106.13065109410903E,[]
3512,Go Cong Town-2340.jpeg,0.9439592808485032,10.404821674558763N,106.63338201991824E,[]
3514,Go Cong Town-455.jpeg,0.9439317956566812,10.354965404332479N,106.65667226543519E,[]
3516,Hiệp Hòa District-837.jpeg,0.9439269080758096,21.258095741988868N,105.9442235994628E,[]
3517,Tây Ninh City-675.jpeg,0.9439259096980096,11.316483304895591N,106.13887205047158E,[]
3518,Yên Mỹ District-1891.jpeg,0.9439138472080232,20.885529276257877N,106.01762621210614E,[]
3519,Long Hồ District-46.jpeg,0.943903386592865,10.137820703120617N,106.02353377122823E,[]
3520,Mỹ Tho-728.jpeg,0.9438525214791298,10.342185137853802N,106.40123912327594E,[]
3521,Long Hồ District-8437.jpeg,0.9438357129693032,10.295474314376653N,105.95096377145056E,[]
3522,Thanh Liêm District-3613.jpeg,0.9438306987285614,20.450445345470033N,105.954900694903E,[]
3523,Long Xuyen City-935.jpeg,0.9438184201717376,10.330016938137788N,105.47968277559288E,[]
3524,Trà Vinh City-173.jpeg,0.9437739923596382,9.8974126368645N,106.3331336973734E,[]
3526,Cao Lanh City-4077.jpeg,0.9437634646892548,10.485045275156622N,105.62216777975802E,[]
3528,Sa Đéc City-374.jpeg,0.943723052740097,10.277498404022884N,105.75455874109232E,[]
3529,Long Hồ District-8827.jpeg,0.9437215477228164,10.302211648191006N,106.01257980899764E,['552.jpeg']
3530,Hung Yen City-531.jpeg,0.94371597468853,20.623307607400267N,106.05904334902549E,[]
3531,Long Hồ District-4837.jpeg,0.9437154680490494,10.210583908315703N,105.99477962037295E,[]
3532,Thanh Liêm District-5006.jpeg,0.9437079206109048,20.470657346913683N,105.91319704556706E,[]
3533,Yên Mỹ District-316.jpeg,0.9437052756547928,20.853190073947978N,106.04647263953045E,[]
3535,Tam Điệp-3005.jpeg,0.9436744526028632,20.16416187689279N,105.86798879787163E,[]
3536,Cai Lậy Town-2891.jpeg,0.9436695128679276,10.415410307511838N,106.14983228580098E,[]
3538,Binh Minh Town-2531.jpeg,0.9436380043625832,10.050415874170099N,105.88711109283818E,[]
3544,Tây Ninh City-748.jpeg,0.9435953050851822,11.31917823842134N,106.09626504915283E,['965.jpeg']
3546,Long Hồ District-4396.jpeg,0.9435745999217032,10.202499107738472N,105.94411754505647E,[]
3548,Bến Tre City-1690.jpeg,0.943530574440956,10.238110139548848N,106.39540150263845E,[]
3549,Long Hồ District-5926.jpeg,0.9435299709439278,10.233490843284528N,105.93179433754707E,[]
3554,Tây Ninh City-2616.jpeg,0.943451315164566,11.358254774544713N,106.10863482372925E,[]
3555,Tây Ninh City-2151.jpeg,0.9434455558657646,11.350169973967462N,106.0990138879476E,[]
3556,Cai Lậy Town-3509.jpeg,0.9434439390897752,10.427537508377691N,106.17038356261381E,[]
3557,Cai Lậy Town-6636.jpeg,0.9434388652443886,10.492215912995576N,106.1142100726588E,[]
3560,Cao Lanh City-4802.jpeg,0.94341429322958,10.499867409548223N,105.58928207094542E,[]
3561,Long Xuyen City-4254.jpeg,0.9434041902422904,10.4027801433329N,105.41529991981282E,[]
3562,Duy Tiên District-3173.jpeg,0.9433749988675116,20.641605645242862N,105.98928842654688E,['311.jpeg']
3563,Cao Lanh City-1559.jpeg,0.9433645382523536,10.435189004930333N,105.60161421175015E,[]
3565,Tây Ninh City-183.jpeg,0.9433128088712692,11.30300863726684N,106.10176272674236E,[]
3568,Go Cong Town-122.jpeg,0.9432920292019844,10.342838203466629N,106.65804227987738E,[]
3571,Tam Điệp-593.jpeg,0.9432709962129592,20.123737874005545N,105.9239699212754E,[]
3572,Bac Giang City-2635.jpeg,0.943261481821537,21.2941744116374N,106.19817589144547E,['198.jpeg']
3575,Cai Lậy Town-6502.jpeg,0.943252958357334,10.488173512706958N,106.09228871072513E,[]
3576,Go Cong Town-3800.jpeg,0.943247139453888,10.43311847657908N,106.64297212101346E,[]
3578,Thanh Liêm District-2769.jpeg,0.9432352036237716,20.43831814460384N,105.96640514989222E,[]
3579,Hiệp Hòa District-9115.jpeg,0.94322619587183,21.39553735180619N,105.96158225386175E,[]
3580,Hiệp Hòa District-7104.jpeg,0.943220131099224,21.355113348918735N,105.97460124466096E,[]
3582,Sa Đéc City-2654.jpeg,0.943176068365574,10.362388810083837N,105.71346973480124E,[]
3583,Long Hồ District-3078.jpeg,0.9431688487529756,10.182287106295396N,105.98382565814235E,['680.jpeg']
3584,Cao Lanh City-3076.jpeg,0.9431623443961143,10.46348580695066N,105.61531659042207E,[]
3585,Cao Lanh City-619.jpeg,0.9431544542312622,10.420366870538738N,105.59065230881261E,[]
3586,Cai Lậy Town-3620.jpeg,0.9431409910321236,10.430232441903435N,106.13887160483415E,[]
3587,Ninh Bình-1146.jpeg,0.943130649626255,20.244222409005623N,105.97876151300423E,[]
3588,Trà Vinh City-2841.jpeg,0.9431104138493538,9.989040376739755N,106.31398099890559E,[]
3589,Go Cong Town-1334.jpeg,0.9431060403585434,10.37787233930131N,106.66215232320387E,[]
3592,Duy Tiên District-2884.jpeg,0.9430319666862488,20.63756324495413N,105.99792725535985E,[]
3598,Mỹ Tho-25.jpeg,0.9429691433906556,10.321973136410717N,106.3108318276589E,[]
3601,Tây Ninh City-613.jpeg,0.9429619535803796,11.315135838132713N,106.11963017890828E,['981.jpeg']
3603,Long Hồ District-4087.jpeg,0.9429580122232436,10.195761773924112N,106.01394905427645E,[]
3605,Duy Tiên District-928.jpeg,0.9429495334625244,20.60387657588136N,105.94033506327347E,[]
3607,Vĩnh Long-37.jpeg,0.9429038912057875,10.224743003145434N,105.95554391083778E,[]
3608,Long Hồ District-3563.jpeg,0.942890577018261,10.189024440109755N,105.9057786772494E,[]
3609,Cai Lậy Town-2697.jpeg,0.9428776279091836,10.41136790722322N,106.15668271140524E,[]
3611,Mỹ Hào District-3319.jpeg,0.9428581297397614,20.955445478579687N,106.10074345826607E,[]
3612,Hiệp Hòa District-6083.jpeg,0.942851424217224,21.34163868128958N,105.90950629066491E,['145.jpeg']
3615,Binh Minh Town-2014.jpeg,0.9428222477436066,10.040983606829998N,105.83237306726312E,[]
3617,Bac Giang City-1831.jpeg,0.9428202882409096,21.27935227724534N,106.19672993415931E,['106.jpeg']
3620,Hiệp Hòa District-3976.jpeg,0.9427983313798904,21.311994412505456N,105.97604779919419E,[]
3621,Go Cong Town-111.jpeg,0.9427982941269876,10.341490736703756N,106.68407255427864E,[]
3622,Long Hồ District-3840.jpeg,0.9427871778607368,10.193066840398368N,105.89893245085528E,[]
3623,Tây Ninh City-81.jpeg,0.9427811056375504,11.298966236978218N,106.10588598493449E,['992.jpeg']
3624,Long Hồ District-4770.jpeg,0.942776694893837,10.209236441552832N,105.99204112981529E,[]
3627,Long Xuyen City-1835.jpeg,0.9427499249577522,10.350228939580871N,105.4605049036584E,['929.jpeg']
3628,Mỹ Tho-2190.jpeg,0.9427478164434432,10.367787006348378N,106.35329586044872E,[]
3629,Tây Ninh City-2052.jpeg,0.942715235054493,11.347475040441713N,106.14436972806111E,[]
3630,Cai Lậy Town-3815.jpeg,0.9427027255296708,10.434274842192053N,106.1142100726588E,['763.jpeg']
3631,Long Hồ District-1365.jpeg,0.9426974430680276,10.162075104852311N,105.93042509226822E,[]
3632,Cai Lậy Town-2714.jpeg,0.9426709488034248,10.41136790722322N,106.17997415845981E,[]
3633,Bac Giang City-2155.jpeg,0.9426629170775414,21.284742144297002N,106.21552737887913E,[]
3635,Tam Điệp-3087.jpeg,0.9426465407013892,20.165509343655707N,105.82636180867401E,[]
3636,Vĩnh Long-1484.jpeg,0.9426393285393716,10.255734738691492N,105.99114653683395E,[]
3637,Vĩnh Long-510.jpeg,0.9426331743597984,10.239565137537028N,105.94185059314692E,[]
3639,Phu Ly City-2570.jpeg,0.9426116645336152,20.55184694406471N,105.9142509672943E,['348.jpeg']
3640,Mỹ Tho-2291.jpeg,0.9426111727952956,10.369134473111249N,106.3834316256544E,['835.jpeg']
3641,Thái Bình-817.jpeg,0.942601315677166,20.435205441728296N,106.39535138079431E,[]
3644,Bac Giang City-3029.jpeg,0.9425950273871422,21.303606678977808N,106.17937844672568E,['196.jpeg']
3645,Cao Lanh City-4508.jpeg,0.94259262830019,10.493130075733859N,105.65368325070345E,[]
3646,Cao Lanh City-2087.jpeg,0.9425686076283456,10.443273805507571N,105.6454618235003E,[]
3649,Long Hồ District-5769.jpeg,0.942547895014286,10.229448442995913N,106.0043643373247E,[]
3651,Hung Yen City-1264.jpeg,0.942511260509491,20.638129741792287N,106.09648529835867E,[]
3652,Cai Lậy Town-3551.jpeg,0.9425047487020493,10.428884975140564N,106.13613143459246E,[]
3653,Long Hồ District-5280.jpeg,0.9424992725253104,10.220016175655811N,105.97424094119057E,[]
3656,Mỹ Hào District-2408.jpeg,0.9424547627568244,20.94197081095056N,106.03582584114166E,[]
3659,Tam Điệp-3390.jpeg,0.9424316957592964,20.16820427718152N,105.93545322864026E,[]
3660,Hung Yen City-3100.jpeg,0.9424207955598832,20.696070812597466N,106.07488417374337E,[]
3661,Binh Minh Town-713.jpeg,0.9424141272902488,10.01133933804682N,105.88574264219878E,[]
3663,Binh Minh Town-3322.jpeg,0.9423762336373328,10.070627875613173N,105.85016292557502E,[]
3664,Long Xuyen City-1598.jpeg,0.9423519298434258,10.344839072529387N,105.45913505566305E,['14.jpeg']
3665,Ninh Bình-1218.jpeg,0.9423516169190408,20.24556987576853N,105.99743200936688E,[]
3667,Sa Đéc City-1830.jpeg,0.9423352181911469,10.327354674249158N,105.7312749708607E,[]
3668,Sa Đéc City-2210.jpeg,0.942322127521038,10.343524275403626N,105.74223203920499E,[]
3669,Chau Doc City-4140.jpeg,0.9422991499304773,10.70117487608087N,105.10562166191242E,[]
3670,Cai Lậy Town-3408.jpeg,0.942274421453476,10.426190041614822N,106.12654083874648E,[]
3671,Cao Lanh City-1307.jpeg,0.9422702193260192,10.431146604641716N,105.60572492535172E,[]
3674,Bac Giang City-666.jpeg,0.9422593712806702,21.252402941987047N,106.2227571653098E,[]
3675,Cai Lậy Town-6177.jpeg,0.9422452002763748,10.477393778603979N,106.15668271140524E,[]
3676,Long Xuyen City-2723.jpeg,0.9422256350517272,10.37044094102396N,105.3865331119111E,[]
3677,Binh Minh Town-389.jpeg,0.9422189965844154,10.003254537469592N,105.8570051787719E,[]
3678,Sa Đéc City-2828.jpeg,0.9421961158514024,10.370473610661076N,105.71210010125822E,[]
3684,Long Hồ District-8460.jpeg,0.942099556326866,10.295474314376653N,105.98245641286351E,[]
3685,Hiệp Hòa District-9660.jpeg,0.9420901611447334,21.411706952961175N,105.98038746279394E,[]
3686,Duy Tiên District-5763.jpeg,0.9420885890722276,20.686072048418932N,106.01520491298577E,['306.jpeg']
3688,Long Hồ District-6325.jpeg,0.9420520067214966,10.244270577387509N,106.00573358260351E,[]
3689,Vĩnh Long-127.jpeg,0.9420391768217088,10.230132870196922N,105.90898663068893E,[]
3691,Tây Ninh City-1419.jpeg,0.9420301765203476,11.334000372812964N,106.13062553408732E,[]
3693,Hiệp Hòa District-500.jpeg,0.942028060555458,21.24596854112263N,105.97170813559445E,[]
3695,Long Xuyen City-4986.jpeg,0.94201547652483,10.421644678013113N,105.41803961580345E,[]
3697,Hiệp Hòa District-2636.jpeg,0.9419971629977226,21.29043494429881N,106.02523065332454E,[]
3698,Cai Lậy Town-1934.jpeg,0.9419829919934272,10.397893239594495N,106.10461947681281E,[]
3699,Cai Lậy Town-5369.jpeg,0.9419789090752602,10.461224177449507N,106.17723398821808E,[]
3700,Cai Lậy Town-2787.jpeg,0.9419597238302232,10.414062840748963N,106.09639896608768E,[]
3701,Ninh Bình-2217.jpeg,0.9419441670179368,20.27656161131543N,105.9586548246137E,[]
3702,Long Hồ District-6199.jpeg,0.9419237673282624,10.240228177098889N,106.0043643373247E,[]
3703,Ninh Bình-845.jpeg,0.9419229477643968,20.23748507519107N,105.96439959272529E,[]
3705,Phu Ly City-35.jpeg,0.941882699728012,20.489863472970836N,105.9142509672943E,[]
3706,Thanh Liêm District-259.jpeg,0.9418795257806778,20.38037707379872N,105.92326344368263E,['378.jpeg']
3712,Sa Đéc City-415.jpeg,0.9418259933590888,10.278845870785757N,105.74497130629103E,[]
3713,Cai Lậy Town-3629.jpeg,0.941825732588768,10.430232441903435N,106.15120237092184E,[]
3714,Châu Thành District-1451.jpeg,0.9418245404958724,10.263744204593879N,106.25533862546617E,[]
3715,Ninh Bình-1932.jpeg,0.9418102279305458,20.265781877212163N,105.96870816880897E,[]
3717,Châu Thành District-2562.jpeg,0.9418026953935624,10.271829005171114N,106.35668110698441E,[]
3722,Yên Mỹ District-2440.jpeg,0.9417608305811882,20.893614076835348N,106.07820370969719E,[]
3723,Mỹ Tho-1292.jpeg,0.9417568519711494,10.352964871956782N,106.32452990275242E,[]
3726,Go Cong Town-1132.jpeg,0.9417422190308572,10.372482472249823N,106.66215232320387E,[]
3727,Cai Lậy Town-3257.jpeg,0.9417283311486244,10.423495108089071N,106.11695024290049E,[]
3728,Trà Vinh City-567.jpeg,0.941701464354992,9.912234771256085N,106.30577269956223E,[]
3730,Mỹ Tho-2771.jpeg,0.941698245704174,10.378566740451355N,106.30946202014958E,['66.jpeg']
3733,Vĩnh Long-1253.jpeg,0.9416765347123146,10.253039805165749N,105.90624796715078E,[]
3736,Thái Bình-535.jpeg,0.9416393861174585,20.429815574676653N,106.34070248992211E,[]
3739,Cao Lanh City-1239.jpeg,0.9415980279445648,10.429799137878842N,105.629018969094E,[]
3740,Duy Tiên District-4976.jpeg,0.941586636006832,20.66720751373818N,106.02384374179874E,['307.jpeg']
3742,Cai Lậy Town-5280.jpeg,0.9415698200464248,10.459876710686634N,106.1525724560427E,[]
3744,Ninh Bình-557.jpeg,0.941532664000988,20.229400274613628N,105.96583578475317E,[]
3748,Long Xuyen City-2161.jpeg,0.9414913579821588,10.358313740158108N,105.42351900778473E,[]
3750,Long Hồ District-2916.jpeg,0.9414799436926842,10.18093963953252N,105.91262490364353E,[]
3752,Go Cong Town-2371.jpeg,0.9414714649319648,10.404821674558763N,106.6758524676256E,[]
3754,Cai Lậy Town-2943.jpeg,0.941463589668274,10.416757774274714N,106.13887160483415E,[]
3757,Tây Ninh City-2592.jpeg,0.9414109140634536,11.358254774544713N,106.07564875819214E,[]
3760,Tây Ninh City-3320.jpeg,0.9413901716470718,11.370381975410586N,106.08389527457642E,[]
3764,Long Hồ District-5286.jpeg,0.9412992373108864,10.220016175655811N,105.98245641286351E,[]
3765,Duy Tiên District-476.jpeg,0.9412964582443236,20.583664574437694N,105.95473311129504E,[]
3766,Cao Lanh City-3991.jpeg,0.9412673860788344,10.48369780839375N,105.59750349814857E,[]
3767,Tây Ninh City-5485.jpeg,0.9412497952580452,11.405416111245337N,106.13337437288207E,[]
3770,Châu Thành District-56.jpeg,0.9412001147866248,10.243532203150798N,106.22247079362242E,[]
3771,Trà Vinh City-1891.jpeg,0.9411914199590684,9.964785975008068N,106.30850879934333E,[]
3773,Long Xuyen City-3253.jpeg,0.9411657601594924,10.381220675126938N,105.37694417594385E,[]
3774,Bac Giang City-401.jpeg,0.9411647617816924,21.245665608172477N,106.16925674572272E,[]
3779,Cai Lậy Town-1971.jpeg,0.9411257281899452,10.397893239594495N,106.15531262628441E,[]
3780,Tam Điệp-2229.jpeg,0.9411140084266664,20.15338214278953N,105.89239082602198E,[]
3783,Long Hồ District-2598.jpeg,0.9410945773124696,10.176897239243907N,105.93727131866235E,[]
3784,Phu Ly City-271.jpeg,0.9410850405693054,20.508728007651573N,105.91568994680563E,[]
3785,Ninh Bình-1688.jpeg,0.9410795867443084,20.257697076634713N,105.98019770503211E,"['884.jpeg', '868.jpeg']"
3786,Long Xuyen City-2704.jpeg,0.9410731941461564,10.369093474261087N,105.45091596769116E,[]
3790,Vĩnh Long-1015.jpeg,0.9410161599516867,10.24899740487713N,105.91994128484161E,[]
3794,Cai Lậy Town-6269.jpeg,0.9409823939204216,10.480088712129726N,106.12928100898819E,[]
3795,Thanh Liêm District-4932.jpeg,0.9409822300076484,20.46930988015077N,105.94195818304013E,['401.jpeg']
3797,Thái Bình-2907.jpeg,0.9409753307700156,20.483714245193053N,106.3680269353582E,[]
3800,Hiệp Hòa District-5839.jpeg,0.9409454390406607,21.337596281000838N,106.01944443519157E,[]
3802,Cai Lậy Town-5962.jpeg,0.9409187287092208,10.473351378315359N,106.12654083874648E,[]
3803,Hung Yen City-2666.jpeg,0.940918006002903,20.682596144968354N,106.0619234989742E,[]
3804,Bac Giang City-2361.jpeg,0.940915122628212,21.28878454458574N,106.19672993415931E,[]
3806,Hiệp Hòa District-7877.jpeg,0.9409054964780807,21.367240549784967N,105.9847271263937E,[]
3808,Trà Vinh City-484.jpeg,0.9409014135599136,9.909539837730343N,106.30440464967168E,[]
3809,Long Hồ District-897.jpeg,0.940899521112442,10.155337771037951N,106.02216452594939E,[]
3810,Yên Mỹ District-1692.jpeg,0.9408885985612868,20.882834342732053N,105.97579889234092E,[]
3811,Cai Lậy Town-4510.jpeg,0.9408859387040138,10.446402043057908N,106.10461947681281E,[]
3812,Thanh Liêm District-7426.jpeg,0.9408708289265632,20.508386416275172N,105.9160731593144E,[]
3816,Sa Đéc City-1336.jpeg,0.9408008456230164,10.309837606331815N,105.72579643668855E,[]
3819,Long Hồ District-5524.jpeg,0.9407776072621346,10.225406042707299N,105.95780999784469E,[]
3821,Chau Doc City-1748.jpeg,0.9407499954104424,10.662098339957547N,105.12893301445428E,[]
3822,Long Hồ District-7772.jpeg,0.9407481402158736,10.283347113510802N,105.95370226200825E,[]
3825,Ninh Bình-453.jpeg,0.940735474228859,20.2253578743249N,105.9859424731437E,[]
3826,Cai Lậy Town-4209.jpeg,0.940718412399292,10.441012176006414N,106.12380066850477E,[]
3827,Hiệp Hòa District-6047.jpeg,0.9406932964920998,21.340291214526662N,106.0107651079921E,[]
3829,Cai Lậy Town-5584.jpeg,0.9406821057200432,10.465266577738122N,106.17997415845981E,[]
3832,Phu Ly City-2028.jpeg,0.9406731873750688,20.542414676724338N,105.89698321315845E,[]
3833,Yên Mỹ District-2742.jpeg,0.9406626746058464,20.899003943887N,106.04647263953045E,[]
3834,Long Hồ District-5187.jpeg,0.9406557157635688,10.218668708892936N,105.93727131866235E,[]
3836,Long Hồ District-6278.jpeg,0.9406300112605096,10.242923110624638N,105.94274829977763E,[]
3837,Long Hồ District-5128.jpeg,0.9406021162867546,10.217321242130064N,105.94822528089293E,[]
3842,Thái Bình-1361.jpeg,0.9405566975474358,20.447332642594482N,106.30331114353582E,[]
3843,Duy Tiên District-4608.jpeg,0.9405496418476104,20.661817646686533N,105.99648745055771E,[]
3847,Thái Bình-1589.jpeg,0.9405092746019365,20.451375042883214N,106.34501687604359E,"['99.jpeg', '442.jpeg']"
3851,Sa Đéc City-1046.jpeg,0.940472736954689,10.299057872228836N,105.76003727526444E,[]
3852,Tây Ninh City-4451.jpeg,0.9404658302664756,11.387899043327963N,106.13199995348471E,[]
3853,Binh Minh Town-3521.jpeg,0.9404578432440758,10.076017742664664N,105.85426827749315E,[]
3855,Hiệp Hòa District-9074.jpeg,0.9404500424861908,21.39418988504327N,105.97749435372745E,[]
3857,Thái Bình-1610.jpeg,0.9404078125953674,20.451375042883214N,106.37521757889405E,[]
3858,Go Cong Town-3142.jpeg,0.9403977170586586,10.422338742476105N,106.62516193326519E,[]
3860,Yên Mỹ District-2903.jpeg,0.9403581768274308,20.901698877412823N,106.05079960364408E,['242.jpeg']
3861,Cai Lậy Town-2458.jpeg,0.9403468742966652,10.407325506934605N,106.11832032802134E,['84.jpeg']
3864,Hiệp Hòa District-9484.jpeg,0.9403382614254951,21.404969619146602N,105.98038746279394E,[]
3865,Châu Thành District-4540.jpeg,0.9403077960014344,10.283956206036958N,106.4292642356394E,[]
3867,Yên Mỹ District-2138.jpeg,0.9402717798948288,20.889571676546616N,106.00464531976523E,[]
3871,Cai Lậy Town-5484.jpeg,0.9402231052517892,10.463919110975251N,106.14024168995502E,[]
3872,Bến Tre City-1887.jpeg,0.9402150958776474,10.242152539837459N,106.34200016925425E,[]
3873,Hung Yen City-425.jpeg,0.9401826336979866,20.620612673874437N,106.0835246235895E,[]
3875,Thanh Liêm District-4106.jpeg,0.9401220455765724,20.457182679284582N,105.96640514989222E,[]
3876,Cai Lậy Town-5610.jpeg,0.940115973353386,10.466614044500997N,106.11832032802134E,[]
3880,Mỹ Tho-3687.jpeg,0.9400794431567192,10.394736341605826N,106.31905067271501E,[]
3881,Yên Mỹ District-1796.jpeg,0.9400513917207718,20.884181809494965N,106.00320299839402E,['261.jpeg']
3883,Tây Ninh City-6212.jpeg,0.9399780631065368,11.420238245636966N,106.16773485781654E,[]
3884,Long Xuyen City-1810.jpeg,0.9399511888623238,10.350228939580871N,105.42625870377537E,[]
3886,Binh Minh Town-2866.jpeg,0.9399386271834372,10.058500674747329N,105.84879447493567E,[]
3889,Cai Lậy Town-5615.jpeg,0.9399085268378258,10.466614044500997N,106.12517075362561E,[]
3891,Trà Vinh City-1274.jpeg,0.9398881420493126,9.941879040039257N,106.3358697971545E,[]
3892,Trà Vinh City-911.jpeg,0.939885824918747,9.923014505359054N,106.34818224616954E,[]
3893,Hoa Lư District-1298.jpeg,0.9398829340934752,20.216856308997016N,105.93060039678204E,[]
3894,Tam Điệp-769.jpeg,0.9398616030812263,20.127780274294267N,105.86368255760982E,[]
3895,Hiệp Hòa District-6918.jpeg,0.9398596063256264,21.3524184153929N,105.9847271263937E,[]
3896,Hiệp Hòa District-803.jpeg,0.9398336187005044,21.25674827522595N,105.95724259026198E,[]
3898,Phu Ly City-4101.jpeg,0.93980872631073,20.585533613137486N,105.93871361898678E,[]
3899,Cai Lậy Town-3761.jpeg,0.9398000314831734,10.432927375429179N,106.14024168995502E,[]
3900,Bến Tre City-1248.jpeg,0.9397891908884048,10.230025338971611N,106.37212399834277E,['692.jpeg']
3902,Trà Vinh City-1021.jpeg,0.9397822245955468,9.92840437241054N,106.32902954770172E,[]
3903,Yên Mỹ District-678.jpeg,0.93978151679039,20.863969808051277N,106.02916478307586E,[]
3904,Tây Ninh City-164.jpeg,0.939780592918396,11.30300863726684N,106.07564875819214E,[]
3905,Go Cong Town-3683.jpeg,0.939766950905323,10.431771009816211N,106.58954155776871E,[]
3907,Trà Vinh City-1972.jpeg,0.939744159579277,9.96613344177094N,106.35228639584123E,[]
3908,Vĩnh Long-275.jpeg,0.939742237329483,10.23417527048554N,105.90898663068893E,[]
3909,Mỹ Tho-3599.jpeg,0.9397305250167848,10.392041408080079N,106.39165047071049E,[]
3910,Cai Lậy Town-6527.jpeg,0.939724326133728,10.488173512706958N,106.12654083874648E,[]
3912,Cao Lanh City-4769.jpeg,0.9397046491503716,10.49851994278535N,105.63724039629714E,[]
3913,Yên Mỹ District-1874.jpeg,0.939698487520218,20.885529276257877N,105.9931067487955E,[]
3915,Hiệp Hòa District-3289.jpeg,0.9396914094686508,21.302562145165048N,105.91673906333112E,[]
3920,Tây Ninh City-34.jpeg,0.9396042302250862,11.29627130345247N,106.111383662524E,[]
3921,Long Xuyen City-5043.jpeg,0.9395595118403436,10.422992144775987N,105.43036824776134E,[]
3922,Cao Lanh City-2654.jpeg,0.939535304903984,10.454053539610552N,105.6262784933596E,['942.jpeg']
3923,Vĩnh Long-458.jpeg,0.939533643424511,10.238217670774157N,105.94732792022326E,[]
3924,Tam Điệp-752.jpeg,0.9395207837224008,20.12643280753136N,105.94406570916391E,[]
3925,Tây Ninh City-741.jpeg,0.9395126178860664,11.31917823842134N,106.08664411337115E,[]
3927,Hiệp Hòa District-370.jpeg,0.93948732316494,21.241926140833893N,105.95000981759576E,[]
3935,Cao Lanh City-842.jpeg,0.9394277781248092,10.423061804064481N,105.6660153915082E,[]
3936,Mỹ Tho-1128.jpeg,0.939361996948719,10.350269938431039N,106.32042048022436E,[]
3937,Tây Ninh City-303.jpeg,0.9393461048603058,11.307051037555466N,106.082520855179E,[]
3938,Tây Ninh City-6333.jpeg,0.9393272399902344,11.422933179162715N,106.16636043841919E,[]
3939,Cai Lậy Town-4759.jpeg,0.9392994716763496,10.450444443346525N,106.13339126435075E,[]
3941,Bến Tre City-2806.jpeg,0.9392730444669724,10.258322140991927N,106.33378457950285E,[]
3945,Long Hồ District-4133.jpeg,0.9391789585351944,10.197109240686984N,105.97424094119057E,[]
3946,Mỹ Hào District-2972.jpeg,0.9391587972640992,20.950055611528036N,106.10362868569383E,[]
3950,Tây Ninh City-5754.jpeg,0.9391367807984352,11.41080597829684N,106.12100459830566E,[]
3953,Mỹ Hào District-2336.jpeg,0.939101167023182,20.940623344187646N,106.05457981942202E,[]
3954,Trà Vinh City-1158.jpeg,0.939093954861164,9.935141706224899N,106.346814196279E,[]
3958,Hoa Lư District-1267.jpeg,0.9390589520335196,20.215508842234115N,105.95932515179935E,[]
3959,Cao Lanh City-4726.jpeg,0.9390470162034036,10.49851994278535N,105.57832016800789E,[]
3960,Binh Minh Town-1784.jpeg,0.9390359446406364,10.035593739778509N,105.87890038900191E,[]
3961,Tây Ninh City-1019.jpeg,0.9390101581811904,11.325915572235711N,106.08389527457642E,[]
3963,Vĩnh Long-1217.jpeg,0.9389770552515984,10.251692338402876N,105.97197589206677E,"['47.jpeg', '44.jpeg', '667.jpeg', '46.jpeg', '45.jpeg']"
3964,Trà Vinh City-2757.jpeg,0.9389765113592148,9.986345443214013N,106.32492539803008E,[]
3965,Cao Lanh City-1563.jpeg,0.9389640092849731,10.435189004930333N,105.6070951632189E,[]
3966,Cai Lậy Town-5192.jpeg,0.9389563947916032,10.458529243923762N,106.12928100898819E,[]
3967,Chau Doc City-3617.jpeg,0.9389349818229676,10.691742608740757N,105.12070547826302E,[]
3969,Vĩnh Long-421.jpeg,0.9389148056507112,10.236870204011284N,105.97334522383586E,[]
3970,Long Hồ District-972.jpeg,0.9389146491885184,10.156685237800826N,105.98519490342119E,[]
3973,Tây Ninh City-6296.jpeg,0.9388982951641084,11.422933179162715N,106.11550692071616E,[]
3976,Mỹ Tho-3152.jpeg,0.9388884752988816,10.385304074265717N,106.3108318276589E,[]
3977,Châu Thành District-1711.jpeg,0.9388853535056114,10.265091671356753N,106.43748119360033E,[]
3981,Tây Ninh City-6465.jpeg,0.9388326853513718,11.426975579451344N,106.10726040433188E,[]
3982,Vĩnh Long-1402.jpeg,0.9388233721256256,10.254387271928618N,105.9952545321412E,[]
3983,Tam Điệp-2500.jpeg,0.9388144612312316,20.15742454307825N,105.8809075186571E,[]
3985,Phu Ly City-4029.jpeg,0.9387829825282096,20.582838679611655N,105.95166443458864E,[]
3986,Mỹ Tho-1615.jpeg,0.938781127333641,10.35835473900827N,106.32863932528045E,[]
3987,Binh Minh Town-267.jpeg,0.9387729093432426,9.999212137180981N,105.87753193836252E,[]
3988,Thanh Liêm District-461.jpeg,0.9387713968753816,20.391156807901996N,105.90888287494612E,['377.jpeg']
3993,Vĩnh Long-565.jpeg,0.9387369379401208,10.2409126042999N,105.92541861191793E,[]
3995,Cao Lanh City-3422.jpeg,0.9386944770812988,10.471570607527898N,105.60983563895327E,[]
3996,Long Hồ District-2340.jpeg,0.938690423965454,10.174202305718163N,105.89208622446117E,[]
3999,Tây Ninh City-5250.jpeg,0.9386845678091048,11.401373710956712N,106.10863482372925E,[]
4000,Long Hồ District-2184.jpeg,0.9386833012104034,10.171507372192416N,105.98793339397882E,[]
4001,Sa Đéc City-1145.jpeg,0.9386742562055588,10.303100272517458N,105.72853570377463E,[]
4003,Mỹ Hào District-2838.jpeg,0.9386671707034112,20.948708144765128N,106.0372684548555E,[]
4004,Long Xuyen City-1364.jpeg,0.9386079162359238,10.339449205477894N,105.47009383962565E,[]
4007,Long Xuyen City-4484.jpeg,0.938571535050869,10.40817001038439N,105.43310794375199E,[]
4008,Go Cong Town-4044.jpeg,0.938550904393196,10.4371608768677N,106.65256222210868E,['53.jpeg']
4009,Go Cong Town-2502.jpeg,0.9385463297367096,10.408864074847378N,106.62927197659172E,[]
4011,Long Hồ District-3191.jpeg,0.9385432451963424,10.183634573058265N,105.98793339397882E,[]
4013,Cao Lanh City-5190.jpeg,0.9385410770773888,10.510647143651203N,105.57694993014067E,[]
4015,Go Cong Town-3035.jpeg,0.9385243877768517,10.419643808950358N,106.6758524676256E,[]
4016,Long Xuyen City-34.jpeg,0.9384823814034462,10.305762536406087N,105.44406672771456E,[]
4018,Long Hồ District-2337.jpeg,0.9384607225656508,10.174202305718163N,105.8879784886247E,[]
4023,Yên Mỹ District-2330.jpeg,0.9384160935878754,20.89226661007244N,106.03637638993193E,[]
4026,Tây Ninh City-4954.jpeg,0.9383754208683968,11.395983843905213N,106.12650227589519E,[]
4027,Cao Lanh City-3789.jpeg,0.9383709505200386,10.479655408105131N,105.59887373601575E,[]
4029,Phu Ly City-1650.jpeg,0.9383177384734154,20.535677342909782N,105.96173729116788E,[]
4030,Long Hồ District-5833.jpeg,0.9382946863770484,10.230795909758786N,105.99888735620941E,[]
4032,Cao Lanh City-1367.jpeg,0.9382723793387412,10.431146604641716N,105.68793919738322E,[]
4033,Go Cong Town-257.jpeg,0.9382513239979744,10.348228070518116N,106.65941229431952E,[]
4034,Go Cong Town-4899.jpeg,0.9382425174117088,10.472195012702391N,106.64845217878214E,[]
4038,Duy Tiên District-1391.jpeg,0.938215620815754,20.616003776747554N,105.95185350169072E,[]
4040,Duy Tiên District-5973.jpeg,0.9382093176245688,20.696851782522224N,106.00224666976634E,[]
4041,Cao Lanh City-3618.jpeg,0.9382077604532242,10.47561300781652N,105.63038920696117E,[]
4042,Thanh Liêm District-786.jpeg,0.938190720975399,20.40193654200528N,105.9275776143036E,[]
4047,Chau Doc City-2465.jpeg,0.9381237775087355,10.674225540823407N,105.10013663778491E,[]
4050,Thái Bình-1720.jpeg,0.9381121173501016,20.454069976409034N,106.34645500475075E,[]
4055,Long Hồ District-1152.jpeg,0.9380671456456184,10.15938017132657N,105.93179433754707E,[]
4058,Long Hồ District-2690.jpeg,0.9380401074886322,10.178244706006778N,105.90851716780709E,[]
4061,Phu Ly City-1878.jpeg,0.9380173087120056,20.539719743198518N,105.91856790582827E,"['646.jpeg', '632.jpeg', '630.jpeg', '644.jpeg']"
4063,Hung Yen City-2636.jpeg,0.9380164369940758,20.68124867820544N,106.08064447364077E,"['275.jpeg', '274.jpeg']"
4064,Châu Thành District-2401.jpeg,0.9380142837762832,10.27048153840824N,106.40050488277608E,[]
4069,Hiệp Hòa District-8743.jpeg,0.937968283891678,21.38610508446578N,105.97460124466096E,"['130.jpeg', '129.jpeg']"
4070,Hiệp Hòa District-5480.jpeg,0.9379344061017036,21.333553880712092N,105.95868914479524E,['149.jpeg']
4073,Mỹ Hào District-1778.jpeg,0.937891997396946,20.931191076847256N,106.06035027427752E,[]
4074,Tây Ninh City-5402.jpeg,0.9378873109817504,11.404068644482464N,106.11688134011352E,['98.jpeg']
4076,Cao Lanh City-2822.jpeg,0.9378715753555298,10.458095939899168N,105.59750349814857E,[]
4077,Cao Lanh City-4732.jpeg,0.937862753868103,10.49851994278535N,105.58654159521102E,[]
4078,Duy Tiên District-212.jpeg,0.9378345385193824,20.57018990680859N,105.95905252570155E,[]
4080,Go Cong Town-998.jpeg,0.9378304108977318,10.368440071961205N,106.68681258316299E,[]
4081,Yên Mỹ District-2113.jpeg,0.9378269612789154,20.889571676546616N,105.96858728548484E,[]
4082,Ninh Bình-1193.jpeg,0.9377635791897774,20.24556987576853N,105.96152720866948E,[]
4084,Hiệp Hòa District-4180.jpeg,0.9377567246556282,21.31468934603128N,106.00497888985912E,[]
4085,Go Cong Town-4856.jpeg,0.9377262070775032,10.469500079176646N,106.64434213545564E,[]
4089,Trà Vinh City-336.jpeg,0.937679387629032,9.904149970678857N,106.31945319846783E,[]
4097,Long Hồ District-6415.jpeg,0.9375777915120124,10.249660444438993N,105.99067188453644E,[]
4099,Go Cong Town-1610.jpeg,0.9375749006867408,10.384609673115675N,106.6964026842582E,[]
4103,Hoa Lư District-507.jpeg,0.9375343322753906,20.199339241079212N,105.94927148754331E,[]
4104,Vĩnh Long-1225.jpeg,0.9375263676047324,10.251692338402876N,105.98293054621945E,[]
4106,Thanh Liêm District-346.jpeg,0.9375033751130104,20.38576694085036N,105.9060067611988E,[]
4109,Cai Lậy Town-4198.jpeg,0.9374862909317015,10.441012176006414N,106.10872973217536E,['93.jpeg']
4110,Duy Tiên District-3506.jpeg,0.9374524727463722,20.64699551229451N,105.90146033361509E,[]
4111,Cai Lậy Town-3693.jpeg,0.937413215637207,10.43157990866631N,106.14572203043844E,[]
4112,Châu Thành District-1522.jpeg,0.9374035000801086,10.263744204593879N,106.40872184073706E,[]
4114,Sa Đéc City-482.jpeg,0.9374002143740654,10.280193337548628N,105.77373361069478E,[]
4117,Thanh Liêm District-7118.jpeg,0.9373493120074272,20.50299654922353N,105.8945023062096E,['386.jpeg']
4121,Long Hồ District-942.jpeg,0.9373245313763618,10.156685237800826N,105.92768660171058E,[]
4122,Go Cong Town-4596.jpeg,0.9373195990920068,10.453330478022172N,106.6457121498978E,[]
4129,Châu Thành District-7923.jpeg,0.9371926859021188,10.306863141005792N,106.25533862546617E,[]
4131,Cai Lậy Town-3967.jpeg,0.9371863082051276,10.436969775717799N,106.12106049826308E,[]
4132,Phu Ly City-2757.jpeg,0.9371759742498398,20.55454187759053N,105.96605422970185E,['353.jpeg']
4135,Châu Thành District-5504.jpeg,0.9371242001652718,10.290693539851324N,106.26218609043362E,[]
4137,Binh Minh Town-2123.jpeg,0.9370842799544334,10.04233107359287N,105.88984799411695E,[]
4139,Long Hồ District-3715.jpeg,0.937030591070652,10.190371906872624N,105.9810871675847E,[]
4141,Long Hồ District-650.jpeg,0.9370002821087836,10.15264283751221N,105.93042509226822E,[]
4142,Cao Lanh City-752.jpeg,0.9369937479496002,10.421714337301607N,105.65779396430501E,[]
4144,Châu Thành District-158.jpeg,0.936970092356205,10.247574603439418N,106.21562332865496E,[]
4145,Cao Lanh City-3440.jpeg,0.9369660764932632,10.471570607527898N,105.63449992056276E,[]
4147,Mỹ Tho-3692.jpeg,0.936947263777256,10.394736341605826N,106.32589971026175E,['590.jpeg']
4150,Mỹ Tho-2672.jpeg,0.93691735714674,10.37587180692561N,106.37932220312635E,[]
4151,Binh Minh Town-1093.jpeg,0.9369147047400476,10.020771605386921N,105.84879447493567E,[]
4155,Bac Giang City-1477.jpeg,0.936868980526924,21.272614943430767N,106.20106780601776E,"['104.jpeg', '1001.jpeg', '1002.jpeg']"
4156,Chau Doc City-2898.jpeg,0.936832658946514,10.680962874637771N,105.0850528214343E,[]
4161,Cao Lanh City-3311.jpeg,0.936805784702301,10.46887567400215N,105.61531659042207E,[]
4163,Cai Lậy Town-3190.jpeg,0.9367493614554404,10.422147641326202N,106.12380066850477E,[]
4165,Go Cong Town-2231.jpeg,0.9367466270923616,10.402126741033015N,106.6347520343604E,[]
4174,Hung Yen City-2177.jpeg,0.936678610742092,20.666426543813415N,106.07488417374337E,[]
4177,Cai Lậy Town-1382.jpeg,0.9366518929600716,10.38846097225439N,106.1224305833839E,[]
4185,Ninh Bình-1482.jpeg,0.9366008937358856,20.252307209583073N,105.95721863258582E,[]
4192,Yên Mỹ District-3933.jpeg,0.9365264177322388,20.921910878856515N,106.00608764113643E,[]
4193,Long Hồ District-4469.jpeg,0.9365104362368584,10.203846574501345N,105.94822528089293E,[]
4194,Binh Minh Town-94.jpeg,0.9364890605211258,9.992474803366619N,105.8843741915594E,[]
4195,Long Hồ District-6229.jpeg,0.9364732801914216,10.241575643861761N,105.93864056394118E,[]
4198,Cao Lanh City-3591.jpeg,0.9364585429430008,10.47561300781652N,105.59339278454698E,[]
4200,Cai Lậy Town-3033.jpeg,0.936454176902771,10.418105241037583N,106.18134424358063E,[]
4204,Châu Thành District-9529.jpeg,0.9364212602376938,10.318990341871643N,106.30600986622528E,[]
4205,Vĩnh Long-948.jpeg,0.9364140778779984,10.24764993811426N,105.9363732660706E,[]
4208,Tây Ninh City-2590.jpeg,0.9363749250769616,11.358254774544713N,106.0728999193974E,[]
4211,Tây Ninh City-6267.jpeg,0.9363533779978752,11.421585712399843N,106.15948834143228E,[]
4214,Hiệp Hòa District-8710.jpeg,0.9362850785255432,21.384757617702867N,106.01510477159182E,[]
4215,Long Hồ District-6522.jpeg,0.9362801015377044,10.256397778253358N,105.99751811093057E,['682.jpeg']
4216,Yên Mỹ District-514.jpeg,0.9362777546048164,20.859927407762545N,106.01185692662128E,[]
4217,Long Xuyen City-2369.jpeg,0.9362647160887718,10.362356140446725N,105.4536556636818E,[]
4218,Tây Ninh City-4875.jpeg,0.9362372532486916,11.39463637714234N,106.12925111468995E,['980.jpeg']
4219,Mỹ Tho-1930.jpeg,0.9362363666296004,10.36374460605976N,106.3217902877337E,[]
4220,Tam Điệp-512.jpeg,0.9362322241067886,20.122390407242634N,105.90961578706928E,[]
4223,Tây Ninh City-262.jpeg,0.9361787661910056,11.30570357079259N,106.09076737156332E,['986.jpeg']
4226,Go Cong Town-4121.jpeg,0.9361357986927032,10.438508343630575N,106.65804227987738E,['600.jpeg']
4227,Tây Ninh City-1316.jpeg,0.9361269176006316,11.332652906050088N,106.07427433879477E,[]
4229,Bến Tre City-2301.jpeg,0.9361205846071244,10.24888987365182N,106.33789237437855E,[]
4230,Long Hồ District-3224.jpeg,0.9361200854182244,10.184982039821136N,105.8825015075094E,[]
4235,Go Cong Town-2084.jpeg,0.9360701963305472,10.398084340744397N,106.65393223655084E,[]
4241,Go Cong Town-807.jpeg,0.935990370810032,10.364397671672586N,106.64434213545564E,[]
4242,Châu Thành District-9659.jpeg,0.935985878109932,10.320337808634513N,106.28272848533595E,[]
4243,Hiệp Hòa District-4559.jpeg,0.9359695464372636,21.32007921308295N,106.0266772078578E,[]
4244,Cao Lanh City-2458.jpeg,0.9359644427895546,10.450011139321935N,105.63998087203153E,[]
4246,Yên Mỹ District-1780.jpeg,0.9359493926167488,20.884181809494965N,105.98012585645456E,[]
4248,Binh Minh Town-3856.jpeg,0.9359192624688148,10.085450010004763N,105.85426827749315E,[]
4249,Yên Mỹ District-251.jpeg,0.9358897730708122,20.850495140422154N,106.06378049598504E,[]
4251,Tây Ninh City-175.jpeg,0.935887150466442,11.30300863726684N,106.09076737156332E,[]
4252,Duy Tiên District-1574.jpeg,0.9358799904584884,20.618698710273378N,106.00656608417283E,[]
4253,Duy Tiên District-130.jpeg,0.9358692318201064,20.566147506519858N,105.98640881694259E,[]
4256,Trà Vinh City-798.jpeg,0.9358160123229028,9.918972105070441N,106.35365444573176E,[]
4258,Tây Ninh City-285.jpeg,0.935768224298954,11.30570357079259N,106.12237901770304E,[]
4260,Sa Đéc City-120.jpeg,0.9357578754425048,10.26941360344565N,105.77510324423783E,[]
4261,Long Hồ District-4566.jpeg,0.935756541788578,10.205194041264217N,105.98793339397882E,[]
4262,Long Hồ District-5393.jpeg,0.9357504099607468,10.222711109181553N,105.95096377145056E,[]
4263,Go Cong Town-2486.jpeg,0.9357421845197678,10.407516608084503N,106.68407255427864E,[]
4264,Sa Đéc City-1597.jpeg,0.93568916618824,10.319269873671924N,105.71620900188731E,[]
4266,Phu Ly City-3657.jpeg,0.9356701746582984,20.573406412271282N,105.94878647556598E,[]
4267,Long Hồ District-7544.jpeg,0.9356653541326524,10.27930471322218N,105.95370226200825E,['546.jpeg']
4269,Cai Lậy Town-4901.jpeg,0.935635007917881,10.45313937687227N,106.12654083874648E,[]
4272,Vĩnh Long-399.jpeg,0.935624659061432,10.236870204011284N,105.94321992491601E,[]
4274,Duy Tiên District-4573.jpeg,0.9356075301766396,20.661817646686533N,105.93169623446049E,[]
4275,Yên Mỹ District-1162.jpeg,0.935599021613598,20.873402075391663N,106.03349174718953E,[]
4276,Cai Lậy Town-2199.jpeg,0.935572288930416,10.401935639883115N,106.15805279652612E,[]
4277,Tây Ninh City-5396.jpeg,0.9355713576078416,11.404068644482464N,106.10863482372925E,[]
4278,Cai Lậy Town-5630.jpeg,0.935564436018467,10.466614044500997N,106.14572203043844E,[]
4281,Bến Tre City-1519.jpeg,0.9355168119072914,10.235415206023102N,106.36527767354993E,[]
4282,Sa Đéc City-1269.jpeg,0.9355072155594826,10.307142672806073N,105.7394927721189E,[]
4283,Ninh Bình-1137.jpeg,0.9354980140924454,20.244222409005623N,105.96583578475317E,[]
4285,Tây Ninh City-2624.jpeg,0.935473084449768,11.358254774544713N,106.11963017890828E,[]
4286,Long Xuyen City-2419.jpeg,0.9354718700051308,10.363703607209597N,105.42899839976602E,[]
4288,Trà Vinh City-1276.jpeg,0.935427375137806,9.941879040039257N,106.33860589693562E,"['737.jpeg', '577.jpeg', '722.jpeg']"
4290,Cai Lậy Town-2985.jpeg,0.9354177191853524,10.418105241037583N,106.11558015777963E,[]
4296,Tây Ninh City-2752.jpeg,0.9353072568774224,11.360949708070462N,106.07839759698689E,[]
4297,Long Hồ District-5040.jpeg,0.9353040605783464,10.21597377536719N,105.9181018847588E,[]
4298,Hiệp Hòa District-4039.jpeg,0.9353009536862372,21.313341879268368N,105.93409771773007E,[]
4300,Long Xuyen City-2596.jpeg,0.9352771267294884,10.367746007498214N,105.39475219988303E,[]
4302,Cai Lậy Town-4356.jpeg,0.935260772705078,10.443707109532163N,106.10872973217536E,[]
4303,Long Hồ District-3838.jpeg,0.9352063089609146,10.191719373635499N,106.02216452594939E,[]
4306,Bến Tre City-2310.jpeg,0.9351649731397628,10.24888987365182N,106.35021575900566E,[]
4307,Cao Lanh City-1309.jpeg,0.935153141617775,10.431146604641716N,105.60846540108611E,[]
4311,Binh Minh Town-4090.jpeg,0.9350970238447188,10.09218734381912N,105.84468912301752E,[]
4314,Bến Tre City-1650.jpeg,0.9350753277540208,10.238110139548848N,106.34063090429568E,[]
4316,Cai Lậy Town-4522.jpeg,0.9350601732730864,10.446402043057908N,106.12106049826308E,[]
4318,Tam Điệp-106.jpeg,0.9350147917866708,20.111610673139374N,105.90530954680744E,[]
4319,Cao Lanh City-2561.jpeg,0.93499643355608,10.452706072847676N,105.59065230881261E,[]
4320,Cao Lanh City-849.jpeg,0.9349913075566292,10.423061804064481N,105.67560705657851E,[]
4321,Sa Đéc City-442.jpeg,0.9349628761410712,10.280193337548628N,105.71894826897338E,[]
4322,Cao Lanh City-2576.jpeg,0.9349594116210938,10.452706072847676N,105.6112058768205E,[]
4323,Long Hồ District-5763.jpeg,0.934889368712902,10.229448442995913N,105.99614886565175E,[]
4324,Vĩnh Long-100.jpeg,0.9348835051059724,10.228785403434047N,105.94869725199236E,[]
4325,Long Hồ District-5069.jpeg,0.934873528778553,10.21597377536719N,105.95780999784469E,[]
4327,Cao Lanh City-3066.jpeg,0.9348530620336531,10.46348580695066N,105.60161421175015E,[]
4328,Trà Vinh City-1060.jpeg,0.93483804166317,9.92975183917341N,106.34818224616954E,[]
4332,Tây Ninh City-4614.jpeg,0.9347806125879288,11.390593976853712N,106.11550692071616E,[]
4334,Cai Lậy Town-2523.jpeg,0.9347718805074692,10.40867297369747N,106.11009981729622E,[]
4335,Hung Yen City-2940.jpeg,0.9347712099552156,20.69068094554582N,106.07632424871774E,[]
4342,Cao Lanh City-1835.jpeg,0.934717871248722,10.439231405218955N,105.63724039629714E,[]
4347,Binh Minh Town-1165.jpeg,0.9346555098891258,10.022119072149795N,105.86521588260818E,[]
4349,Go Cong Town-3426.jpeg,0.9346121475100516,10.426381142764722N,106.6758524676256E,[]
4352,Cai Lậy Town-1644.jpeg,0.934562660753727,10.392503372543006N,106.14846220068013E,[]
4360,Vĩnh Long-625.jpeg,0.9345100447535516,10.242260071062768N,105.91994128484161E,[]
4361,Tây Ninh City-1470.jpeg,0.934505358338356,11.335347839575835N,106.11688134011352E,[]
4362,Go Cong Town-3624.jpeg,0.9344910904765128,10.430423543053335N,106.61694184661216E,[]
4363,Tây Ninh City-650.jpeg,0.9344757348299026,11.316483304895591N,106.10451156553712E,[]
4367,Tây Ninh City-6188.jpeg,0.934429995715618,11.420238245636966N,106.13474879227947E,[]
4368,Hiệp Hòa District-5163.jpeg,0.9344018250703812,21.329511480423346N,105.94567015399605E,[]
4369,Duy Tiên District-1710.jpeg,0.9344015195965768,20.621393643799195N,105.93601564886697E,[]
4373,Tây Ninh City-212.jpeg,0.9343914315104483,11.304356104029715N,106.08664411337115E,[]
4374,Cai Lậy Town-5419.jpeg,0.9343910589814186,10.46257164421238N,106.14846220068013E,[]
4380,Long Xuyen City-2234.jpeg,0.934319108724594,10.359661206920979N,105.44406672771456E,[]
4381,Hung Yen City-3527.jpeg,0.9342967942357064,20.710892946989492N,106.05040289917935E,[]
4382,Trà Vinh City-1198.jpeg,0.9342766106128692,9.937836639750643N,106.33450174726396E,[]
4387,Mỹ Hào District-1963.jpeg,0.9342007040977478,20.93388601037309N,106.10939914054937E,[]
4390,Duy Tiên District-5371.jpeg,0.9341698661446572,20.675292314315648N,105.97920979293177E,[]
4393,Mỹ Tho-1434.jpeg,0.9341237172484398,10.354312338719653N,106.40945796833202E,[]
4395,Long Xuyen City-4311.jpeg,0.9341073781251908,10.404127610095772N,105.41803961580345E,['939.jpeg']
4396,Sa Đéc City-2496.jpeg,0.934086911380291,10.355651476269477N,105.72031790251641E,[]
4397,Thanh Liêm District-7287.jpeg,0.9340851306915284,20.505691482749345N,105.91894927306168E,[]
4398,Binh Minh Town-4325.jpeg,0.934083305299282,10.09892467763348N,105.85016292557502E,[]
4400,Vĩnh Long-349.jpeg,0.9340695068240166,10.23552273724841N,105.95143591553051E,[]
4401,Go Cong Town-1593.jpeg,0.9340659826993942,10.384609673115675N,106.67311243874127E,[]
4403,Cao Lanh City-4244.jpeg,0.9340441450476646,10.489087675445242N,105.5755796922735E,[]
4404,Mỹ Tho-1414.jpeg,0.9340358152985572,10.354312338719653N,106.38206181814505E,[]
4405,Châu Thành District-2210.jpeg,0.9340330585837364,10.269134071645368N,106.39228792481515E,[]
4410,Tây Ninh City-2433.jpeg,0.9339847937226295,11.355559841018964N,106.07427433879477E,[]
4411,Cao Lanh City-3416.jpeg,0.9339636936783792,10.471570607527898N,105.60161421175015E,[]
4412,Ninh Bình-907.jpeg,0.9339629337191582,20.238832541953983N,105.97588912894847E,[]
4413,Thanh Liêm District-7909.jpeg,0.9339529424905776,20.523208550667178N,105.9764715480078E,[]
4414,Sa Đéc City-1650.jpeg,0.933946281671524,10.320617340434799N,105.73812313857589E,[]
4416,Long Hồ District-6385.jpeg,0.9339015036821364,10.24696551091325N,106.01805679011294E,[]
4420,Tây Ninh City-3772.jpeg,0.9338603690266608,11.377119309224963N,106.13474879227947E,[]
4424,Go Cong Town-741.jpeg,0.9338160753250122,10.361702738146843N,106.70188274202691E,[]
4425,Cai Lậy Town-5005.jpeg,0.933806374669075,10.454486843635143N,106.16901347749294E,[]
4428,Long Xuyen City-632.jpeg,0.9337566941976548,10.323279604323425N,105.48242247158353E,[]
4429,Tây Ninh City-2750.jpeg,0.9337557032704352,11.360949708070462N,106.07564875819214E,[]
4430,Trà Vinh City-746.jpeg,0.9337524622678756,9.917624638307569N,106.3358697971545E,[]
4433,Mỹ Hào District-2078.jpeg,0.9337035715579988,20.936580943898907N,106.04303890971099E,[]
4437,Thanh Liêm District-5223.jpeg,0.93364779651165,20.473352280439503N,105.95633875177664E,['399.jpeg']
4451,Cai Lậy Town-4091.jpeg,0.9334923699498175,10.43831724248067N,106.18134424358063E,[]
4452,Trà Vinh City-854.jpeg,0.9334910064935684,9.921667038596183N,106.32355734813949E,['578.jpeg']
4453,Long Hồ District-5338.jpeg,0.9334873706102372,10.22136364241868N,105.96465622423881E,[]
4456,Long Hồ District-4821.jpeg,0.9334407597780228,10.210583908315703N,105.97287169591176E,[]
4462,Hiệp Hòa District-4729.jpeg,0.9333884194493294,21.32277414660878N,106.01365821705858E,[]
4464,Go Cong Town-710.jpeg,0.9333313778042792,10.361702738146843N,106.65941229431952E,['846.jpeg']
4465,Cao Lanh City-2321.jpeg,0.9333280026912688,10.447316205796186N,105.6482022992347E,[]
4466,Vĩnh Long-1999.jpeg,0.9333243817090988,10.265167006031596N,105.90761729891983E,[]
4467,Cao Lanh City-3143.jpeg,0.9333111271262168,10.464833273713532N,105.6262784933596E,[]
4468,Vĩnh Long-1360.jpeg,0.9332811310887336,10.254387271928618N,105.93774259783969E,[]
4471,Châu Thành District-1618.jpeg,0.933272749185562,10.265091671356753N,106.25807761145315E,[]
4472,Cao Lanh City-4211.jpeg,0.933260314166546,10.487740208682368N,105.62216777975802E,[]
4473,Chau Doc City-2270.jpeg,0.9332222193479538,10.671530607297658N,105.06722649301996E,[]
4474,Long Hồ District-6034.jpeg,0.9332076534628868,10.236185776810276N,105.93316358282588E,[]
4475,Go Cong Town-2240.jpeg,0.9331984966993332,10.402126741033015N,106.64708216433996E,[]
4476,Tây Ninh City-2570.jpeg,0.9331968128681184,11.356907307781837N,106.15399066384279E,[]
4478,Mỹ Hào District-3907.jpeg,0.9331896528601646,20.975657480023383N,106.07333379770245E,[]
4479,Tây Ninh City-2294.jpeg,0.9331734851002692,11.352864907493213N,106.09626504915283E,[]
4480,Ninh Bình-1706.jpeg,0.9331694543361664,20.25904454339761N,105.94142052027895E,[]
4483,Go Cong Town-3156.jpeg,0.9331296384334564,10.422338742476105N,106.64434213545564E,[]
4484,Sa Đéc City-730.jpeg,0.9331291690468788,10.288278138125861N,105.77647287778088E,[]
4485,Châu Thành District-257.jpeg,0.9331202581524848,10.25026953696516N,106.1964504267461E,[]
4486,Sa Đéc City-150.jpeg,0.9331038668751716,10.270761070208524N,105.75592837463535E,[]
4488,Go Cong Town-2982.jpeg,0.9330957010388374,10.418296342187489N,106.6964026842582E,[]
4492,Vĩnh Long-1993.jpeg,0.933043636381626,10.265167006031596N,105.89940130830534E,[]
4495,Long Hồ District-2657.jpeg,0.9329774007201196,10.176897239243907N,106.01805679011294E,[]
4496,Long Hồ District-7115.jpeg,0.932977259159088,10.271219912644948N,105.95233301672941E,[]
4497,Long Hồ District-3094.jpeg,0.932967148721218,10.182287106295396N,106.00573358260351E,[]
4498,Thái Bình-1146.jpeg,0.9329570531845092,20.441942775542838N,106.38528447984417E,[]
4501,Cao Lanh City-4219.jpeg,0.9329234212636948,10.487740208682368N,105.63312968269553E,[]
4502,Go Cong Town-949.jpeg,0.9328831359744072,10.367092605198332N,106.6922926409317E,[]
4504,Vĩnh Long-1561.jpeg,0.9328741282224656,10.257082205454365N,105.97882255091221E,['672.jpeg']
4506,Tây Ninh City-1180.jpeg,0.9328389763832092,11.328610505761462N,106.14024646986898E,[]
4515,Cao Lanh City-2441.jpeg,0.9327144846320152,10.450011139321935N,105.61668682828926E,[]
4519,Châu Thành District-9807.jpeg,0.9326754435896872,10.321685275397387N,106.31011834520577E,[]
4520,Trà Vinh City-2975.jpeg,0.932665392756462,9.99308277702837N,106.32218929824893E,[]
4522,Cao Lanh City-2740.jpeg,0.9326161220669746,10.455401006373423N,105.65779396430501E,[]
4523,Trà Vinh City-1858.jpeg,0.9325912669301032,9.963438508245199N,106.32902954770172E,[]
4525,Duy Tiên District-194.jpeg,0.9325149059295654,20.568842440045678N,105.98064959773394E,[]
4529,Cao Lanh City-951.jpeg,0.9324737712740898,10.42575673759023N,105.58243088160947E,[]
4533,Vĩnh Long-534.jpeg,0.9324326440691948,10.239565137537028N,105.97471455560493E,[]
4536,Tây Ninh City-6200.jpeg,0.932367406785488,11.420238245636966N,106.15124182504802E,[]
4537,Thái Bình-1216.jpeg,0.9323634058237076,20.443290242305753N,106.38816073725849E,[]
4547,Vĩnh Long-720.jpeg,0.9321992173790932,10.243607537825643N,105.94595858845419E,[]
4548,Bến Tre City-3090.jpeg,0.9321985617280006,10.263712008043413N,106.38855517784562E,[]
4554,Long Hồ District-6374.jpeg,0.9321321845054626,10.24696551091325N,106.00299509204586E,['679.jpeg']
4557,Tây Ninh City-3838.jpeg,0.932104490697384,11.378466775987837N,106.111383662524E,[]
4559,Tam Điệp-2586.jpeg,0.9320906549692154,20.158772009841154N,105.86511797103043E,[]
4561,Long Hồ District-1757.jpeg,0.9320595636963844,10.16611750514093N,106.01668754483413E,[]
4563,Go Cong Town-1664.jpeg,0.9320273920893668,10.387304606641418N,106.63749206324476E,[]
4565,Long Hồ District-3642.jpeg,0.9319788292050362,10.189024440109755N,106.01394905427645E,[]
4566,Hiệp Hòa District-1286.jpeg,0.9319419115781784,21.26752800932926N,106.01365821705858E,[]
4569,Tam Điệp-2053.jpeg,0.931909054517746,20.150687209263705N,105.89095541260134E,[]
4570,Phu Ly City-1707.jpeg,0.9318940415978432,20.537024809672698N,105.9200068853396E,['635.jpeg']
4573,Hiệp Hòa District-6854.jpeg,0.9317974224686624,21.351070948629985N,106.03246342599076E,[]
4575,Long Hồ District-5232.jpeg,0.9317795932292938,10.218668708892936N,105.99888735620941E,['557.jpeg']
4577,Bến Tre City-1990.jpeg,0.9317416548728944,10.243500006600332N,106.37212399834277E,[]
4581,Thái Bình-1911.jpeg,0.931687094271183,20.458112376697763N,106.35939816311522E,[]
4582,Trà Vinh City-2361.jpeg,0.9316806495189668,9.975565709111041N,106.36596689474682E,[]
4583,Long Hồ District-5555.jpeg,0.931671641767025,10.225406042707299N,106.00025660148823E,['556.jpeg']
4586,Tây Ninh City-786.jpeg,0.93163151293993,11.31917823842134N,106.14849298625326E,[]
4587,Châu Thành District-7614.jpeg,0.9316187277436256,10.304168207480046N,106.3607895859649E,[]
4592,Duy Tiên District-4488.jpeg,0.9315410405397416,20.66047017992362N,105.93889525847129E,[]
4596,Vĩnh Long-1350.jpeg,0.9315195679664612,10.254387271928618N,105.92404928014885E,[]
4599,Mỹ Tho-2599.jpeg,0.9315008223056792,10.37452434016274N,106.3834316256544E,[]
4600,Cai Lậy Town-1774.jpeg,0.9314921721816064,10.39519830606875N,106.10461947681281E,[]
4605,Long Hồ District-2503.jpeg,0.9314531236886978,10.175549772481036N,105.96054848840235E,[]
4606,Go Cong Town-3896.jpeg,0.9314289689064026,10.434465943341957N,106.6662623665304E,[]
4609,Yên Mỹ District-3605.jpeg,0.9313805401325226,20.91517354504195N,105.99454907016673E,[]
4610,Bac Giang City-2363.jpeg,0.9313643500208856,21.28878454458574N,106.1996218487316E,[]
4611,Binh Minh Town-1700.jpeg,0.9313257783651352,10.03424627301564N,105.85153137621441E,[]
4614,Phu Ly City-3396.jpeg,0.9312985390424728,20.566669078456727N,105.98619994286031E,[]
4615,Bac Giang City-152.jpeg,0.9312938377261162,21.232190940543333N,106.21118950702068E,[]
4616,Cao Lanh City-1446.jpeg,0.9312879741191864,10.432494071404587N,105.67971777018008E,[]
4617,Ninh Bình-1428.jpeg,0.931281715631485,20.250959742820164N,105.96152720866948E,[]
4620,Trà Vinh City-1998.jpeg,0.9312256053090096,9.967480908533812N,106.31945319846783E,[]
4625,Go Cong Town-1450.jpeg,0.9311863481998444,10.380567272827056N,106.67996251095214E,[]
4628,Yên Mỹ District-878.jpeg,0.9311397299170494,20.86801220834002N,106.03060710444711E,[]
4631,Sa Đéc City-400.jpeg,0.9311173260211943,10.278845870785757N,105.72442680314552E,[]
4632,Duy Tiên District-3838.jpeg,0.9311092048883438,20.651037912583238N,105.95473311129504E,[]
4634,Vĩnh Long-911.jpeg,0.931061252951622,10.246302471351386N,105.99251586860305E,[]
4637,Yên Mỹ District-2998.jpeg,0.931030161678791,20.903046344175742N,106.07387674558356E,[]
4640,Cai Lậy Town-5506.jpeg,0.9310063421726228,10.463919110975251N,106.17038356261381E,[]
4644,Bến Tre City-2388.jpeg,0.9309553951025008,10.25023734041469N,106.34610796412997E,[]
4646,Cao Lanh City-2029.jpeg,0.9309441074728966,10.441926338744695N,105.6769772944457E,[]
4647,Go Cong Town-4018.jpeg,0.930927112698555,10.4371608768677N,106.61694184661216E,[]
4648,Cao Lanh City-3614.jpeg,0.9309107288718224,10.47561300781652N,105.6249082554924E,[]
4651,Thái Bình-2092.jpeg,0.930895134806633,20.462154776986495N,106.36658880665104E,[]
4652,Trà Vinh City-2223.jpeg,0.9308885857462884,9.972870775585298N,106.3331336973734E,[]
4653,Thanh Liêm District-1869.jpeg,0.930872917175293,20.424843476974743N,105.91894927306168E,[]
4656,Duy Tiên District-419.jpeg,0.9308082312345504,20.579622174148962N,105.96337194010802E,[]
4657,Mỹ Tho-3459.jpeg,0.93079424649477,10.389346474554337N,106.40808816082269E,[]
4658,Duy Tiên District-2941.jpeg,0.9307882338762284,20.638910711717042N,105.93889525847129E,[]
4659,Binh Minh Town-3716.jpeg,0.9307662770152092,10.081407609716146N,105.85837362941128E,[]
4660,Vĩnh Long-1122.jpeg,0.930762030184269,10.250344871640005N,105.95554391083778E,[]
4663,Cai Lậy Town-5976.jpeg,0.930721715092659,10.473351378315359N,106.14572203043844E,[]
4669,Tây Ninh City-1245.jpeg,0.9306768104434012,11.329957972524337N,106.14574414745852E,[]
4677,Thanh Liêm District-3773.jpeg,0.9305263683199884,20.45314027899585N,105.90313064745148E,[]
4681,Vĩnh Long-1660.jpeg,0.9304822757840155,10.258429672217233N,105.99662386391029E,['682.jpeg']
4684,Cai Lậy Town-4738.jpeg,0.9304440915584564,10.450444443346525N,106.10461947681281E,[]
4690,Long Hồ District-4691.jpeg,0.9302863106131554,10.207888974789961N,105.97424094119057E,[]
4692,Thái Bình-577.jpeg,0.93025940656662,20.43116304143958N,106.31625430190032E,[]
4694,Duy Tiên District-5367.jpeg,0.9302337318658828,20.675292314315648N,105.94465447767993E,[]
4699,Go Cong Town-1066.jpeg,0.9301514625549316,10.371135005486948N,106.64023209212911E,[]
4700,Long Hồ District-6473.jpeg,0.930117815732956,10.25235537796474N,106.00710282788233E,[]
4705,Yên Mỹ District-915.jpeg,0.930038183927536,20.869359675102928N,105.98301049919701E,[]
4708,Cao Lanh City-4489.jpeg,0.9300239011645316,10.493130075733859N,105.62764873122678E,[]
4709,Chau Doc City-3157.jpeg,0.9300206378102304,10.685005274926388N,105.0740827731793E,['4.jpeg']
4711,Binh Minh Town-537.jpeg,0.9299892112612724,10.007296937758207N,105.85974208005064E,[]
4713,Trà Vinh City-825.jpeg,0.929973877966404,9.920319571833314N,106.3372378470451E,[]
4714,Long Xuyen City-4790.jpeg,0.929973430931568,10.41625481096162N,105.42077931179409E,[]
4715,Tây Ninh City-3663.jpeg,0.9299653694033624,11.375771842462086N,106.0990138879476E,[]
4716,Tây Ninh City-5908.jpeg,0.9299629032611848,11.41350091182259N,106.16086276082966E,[]
4720,Bến Tre City-1687.jpeg,0.929925911128521,10.238110139548848N,106.39129370776274E,[]
4723,Bến Tre City-361.jpeg,0.9298814535140992,10.207118404002786N,106.38307811801135E,[]
4724,Sa Đéc City-2431.jpeg,0.929872453212738,10.352956542743732N,105.72716607023159E,[]
4727,Long Hồ District-8153.jpeg,0.929759345948696,10.290084447325158N,105.95644075256588E,[]
4728,Tây Ninh City-4025.jpeg,0.9297381341457368,11.381161709513586N,106.13612321167683E,[]
4730,Châu Thành District-7831.jpeg,0.9296995401382446,10.305515674242919N,106.39228792481515E,[]
4731,Duy Tiên District-1524.jpeg,0.9296785965561868,20.618698710273378N,105.92593701525183E,[]
4734,Binh Minh Town-1539.jpeg,0.9296452179551123,10.030203872727025N,105.88847954347752E,[]
4735,Tây Ninh City-86.jpeg,0.929625540971756,11.298966236978218N,106.1127580819214E,[]
4736,Long Hồ District-5729.jpeg,0.9296093806624413,10.229448442995913N,105.94411754505647E,[]
4739,Long Hồ District-4335.jpeg,0.9295608773827552,10.201151640975601N,105.95644075256588E,[]
4742,Vĩnh Long-1941.jpeg,0.9295578747987748,10.263819539268725N,105.92541861191793E,[]
4744,Tây Ninh City-2576.jpeg,0.9295476451516153,11.356907307781837N,106.16223718022705E,[]
4746,Hiệp Hòa District-8619.jpeg,0.9295342862606047,21.38341015093995N,105.97315469012771E,[]
4747,Trà Vinh City-2007.jpeg,0.9295286163687706,9.967480908533812N,106.33176564748287E,[]
4748,Hoa Lư District-1614.jpeg,0.9295267462730408,20.223593642811572N,105.96650634055369E,[]
4749,Vĩnh Long-1063.jpeg,0.9295178726315498,10.24899740487713N,105.98566920975762E,[]
4750,Duy Tiên District-762.jpeg,0.9295019209384918,20.597139242066802N,105.97920979293177E,[]
4755,Cai Lậy Town-927.jpeg,0.929452084004879,10.380376171677153N,106.14846220068013E,[]
4757,Mỹ Tho-1402.jpeg,0.9294455125927924,10.354312338719653N,106.36562412803286E,[]
4758,Bến Tre City-1591.jpeg,0.9294382557272912,10.23676267278597N,106.36253914363279E,[]
4760,Go Cong Town-1568.jpeg,0.929433822631836,10.384609673115675N,106.63886207768692E,[]
4764,Tây Ninh City-6612.jpeg,0.9293929934501648,11.429670512977088N,106.17185811600866E,[]
4765,Sa Đéc City-999.jpeg,0.9293432459235192,10.297710405465965N,105.75318910754926E,[]
4766,Cai Lậy Town-2674.jpeg,0.9293306469917296,10.41136790722322N,106.12517075362561E,[]
4767,Long Xuyen City-2046.jpeg,0.9293247833848,10.35561880663236N,105.42488885578004E,[]
4775,Long Hồ District-2464.jpeg,0.9292368516325952,10.175549772481036N,105.90714792252824E,[]
4777,Yên Mỹ District-3198.jpeg,0.9292213395237924,20.907088744464478N,106.03349174718953E,[]
4778,Sa Đéc City-369.jpeg,0.9292159304022788,10.277498404022884N,105.74771057337713E,[]
4780,Mỹ Tho-2393.jpeg,0.9291870966553688,10.371829406636992N,106.3108318276589E,[]
4781,Bến Tre City-2160.jpeg,0.9291760548949242,10.246194940126077N,106.37486252825991E,[]
4782,Long Hồ District-1312.jpeg,0.9291537776589394,10.16072763808944N,106.00984131843998E,[]
4783,Long Hồ District-551.jpeg,0.929140456020832,10.151295370749338N,105.92631735643175E,[]
4785,Binh Minh Town-3180.jpeg,0.929124541580677,10.066585475324558N,105.85974208005064E,['533.jpeg']
4786,Mỹ Hào District-256.jpeg,0.9291174188256264,20.89346200748571N,106.07766163884405E,[]
4788,Ninh Bình-204.jpeg,0.9291098043322564,20.215925606984534N,105.9586548246137E,[]
4798,Châu Thành District-8001.jpeg,0.928974650800228,10.306863141005792N,106.36215907895837E,[]
4800,Cao Lanh City-5196.jpeg,0.9289587661623956,10.510647143651203N,105.58517135734382E,[]
4802,Long Hồ District-6142.jpeg,0.9289548099040984,10.23888071033602N,105.9934103750941E,[]
4803,Long Hồ District-5336.jpeg,0.9289433062076567,10.22136364241868N,105.96191773368116E,[]
4804,Long Xuyen City-4733.jpeg,0.9289125129580498,10.414907344198749N,105.41256022382217E,[]
4805,Binh Minh Town-2300.jpeg,0.9288849085569382,10.046373473881486N,105.8528998268538E,[]
4806,Thái Bình-432.jpeg,0.9288740828633308,20.427120641150832N,106.34214061862926E,[]
4807,Mỹ Hào District-1590.jpeg,0.9288640096783638,20.92714867655852N,106.06900595656079E,[]
4808,Cao Lanh City-1005.jpeg,0.9288638532161712,10.42575673759023N,105.65642372643782E,[]
4809,Hiệp Hòa District-3046.jpeg,0.9288063496351242,21.2985197448763N,105.93265116319684E,['156.jpeg']
4814,Long Xuyen City-5409.jpeg,0.9286975413560868,10.435119345641839N,105.42214915978941E,[]
4816,Long Xuyen City-5284.jpeg,0.9286732599139214,10.43107694535322N,105.40434113585025E,[]
4817,Thái Bình-2410.jpeg,0.9286695867776872,20.470239577563955N,106.35364564828656E,[]
4818,Go Cong Town-3824.jpeg,0.9286647960543633,10.43311847657908N,106.6758524676256E,[]
4819,Vĩnh Long-917.jpeg,0.9286404624581336,10.24764993811426N,105.89392398122901E,[]
4820,Tây Ninh City-620.jpeg,0.928622618317604,11.315135838132713N,106.12925111468995E,[]
4824,Vĩnh Long-1373.jpeg,0.9285638108849524,10.254387271928618N,105.95554391083778E,[]
4825,Cao Lanh City-2171.jpeg,0.928551845252514,10.444621272270446N,105.65094277496904E,[]
4826,Bến Tre City-1694.jpeg,0.92853981256485,10.238110139548848N,106.40087856247274E,[]
4827,Tam Điệp-1085.jpeg,0.9285325035452844,20.133170141345904N,105.90100330654563E,[]
4831,Châu Thành District-3123.jpeg,0.9285105615854264,10.275871405459727N,106.27862000635551E,[]
4834,Hiệp Hòa District-9045.jpeg,0.9284922033548356,21.392842418280356N,106.0107651079921E,[]
4841,Hiệp Hòa District-4644.jpeg,0.9283776506781578,21.321426679845857N,106.01944443519157E,[]
4842,Phu Ly City-4063.jpeg,0.928368903696537,20.58418614637456N,105.94159157800942E,[]
4844,Sa Đéc City-1010.jpeg,0.9283410608768464,10.297710405465965N,105.76825507652265E,[]
4845,Mỹ Hào District-2691.jpeg,0.9283189699053764,20.9460132112393N,106.07621902513017E,[]
4847,Tây Ninh City-1165.jpeg,0.9282864257693292,11.328610505761462N,106.11963017890828E,[]
4848,Châu Thành District-6448.jpeg,0.928277850151062,10.296083406902813N,106.41283031971751E,[]
4849,Yên Mỹ District-1317.jpeg,0.9282731935381888,20.876097008917483N,106.02916478307586E,[]
4852,Duy Tiên District-1487.jpeg,0.9282576516270638,20.61735124351047N,105.98784862174475E,[]
4855,Duy Tiên District-6015.jpeg,0.928220123052597,20.699546716048047N,105.99936706016202E,[]
4857,Thái Bình-757.jpeg,0.9282048791646956,20.435205441728296N,106.30906365836448E,[]
4858,Sa Đéc City-2417.jpeg,0.9281754866242408,10.352956542743732N,105.70799120062911E,[]
4859,Cai Lậy Town-3389.jpeg,0.9281652718782424,10.426190041614822N,106.10050922145024E,[]
4860,Phu Ly City-782.jpeg,0.9281484633684158,20.522202675280678N,105.90561709022639E,[]
4863,Trà Vinh City-704.jpeg,0.9281219765543938,9.916277171544703N,106.33176564748287E,[]
4864,Go Cong Town-1164.jpeg,0.9280967339873314,10.373829939012698N,106.63749206324476E,[]
4865,Long Xuyen City-3490.jpeg,0.9280930086970328,10.385263075415558N,105.42077931179409E,[]
4867,Hiệp Hòa District-3019.jpeg,0.9280748665332794,21.297172278113386N,106.00931855345885E,[]
4868,Ninh Bình-383.jpeg,0.9280734360218048,20.222662940799086N,105.98737866517162E,[]
4869,Mỹ Hào District-2468.jpeg,0.9280650690197944,20.94197081095056N,106.12238266397425E,[]
4874,Châu Thành District-1837.jpeg,0.928037777543068,10.266439138119624N,106.37448451589981E,[]
4875,Tây Ninh City-1258.jpeg,0.9280296266078948,11.331305439287211N,106.0797720163843E,['963.jpeg']
4876,Duy Tiên District-4420.jpeg,0.9280280619859697,20.65912271316071N,105.98352920733824E,[]
4881,Binh Minh Town-831.jpeg,0.9279634803533554,10.014034271572568N,105.89258489539569E,[]
4882,Long Xuyen City-5080.jpeg,0.9279442876577376,10.424339611538858N,105.41666976780813E,[]
4883,Long Hồ District-6316.jpeg,0.9279219880700112,10.244270577387509N,105.9934103750941E,[]
4886,Yên Mỹ District-2921.jpeg,0.9278840497136116,20.901698877412823N,106.07676138832596E,[]
4887,Mỹ Tho-1548.jpeg,0.9278786033391953,10.3570072722454N,106.346446822902E,[]
4893,Chau Doc City-3679.jpeg,0.9277616441249849,10.693090075503628N,105.09465161365743E,[]
4894,Cao Lanh City-4930.jpeg,0.9277070611715316,10.50256234307397N,105.59065230881261E,[]
4898,Thanh Liêm District-3479.jpeg,0.927687905728817,20.449097878707118N,105.90313064745148E,[]
4902,Duy Tiên District-5590.jpeg,0.9276327714323996,20.68068218136729N,105.92881662485615E,[]
4903,Long Hồ District-4189.jpeg,0.9276283904910088,10.198456707449855N,105.95096377145056E,[]
4907,Sa Đéc City-1732.jpeg,0.9275537803769112,10.323312273960541N,105.74771057337713E,[]
4908,Long Hồ District-5108.jpeg,0.927551545202732,10.217321242130064N,105.92084037531647E,[]
4910,Ninh Bình-949.jpeg,0.92753267288208,20.240180008716898N,105.95291005650212E,[]
4912,Yên Mỹ District-3660.jpeg,0.9275250136852264,20.916521011804864N,105.97868353508333E,[]
4913,Cai Lậy Town-4715.jpeg,0.9275177642703056,10.449096976583652N,106.17586390309722E,[]
4914,Cai Lậy Town-3267.jpeg,0.9274990558624268,10.423495108089071N,106.13065109410903E,[]
4915,Tam Điệp-1262.jpeg,0.9274928644299508,20.13721254163463N,105.85219925024494E,[]
4924,Cao Lanh City-3859.jpeg,0.9273889288306236,10.481002874868004N,105.60298444961734E,[]
4925,Hiệp Hòa District-5631.jpeg,0.927372008562088,21.334901347475004N,106.02523065332454E,[]
4927,Trà Vinh City-371.jpeg,0.9273686558008194,9.905497437441726N,106.31534904879615E,['742.jpeg']
4935,Cai Lậy Town-4609.jpeg,0.9273145645856856,10.447749509820778N,106.1347613494716E,[]
4938,Cai Lậy Town-402.jpeg,0.9272684752941132,10.369596437574177N,106.16079296676783E,[]
4939,Tây Ninh City-4413.jpeg,0.9272448346018792,11.387899043327963N,106.0797720163843E,[]
4941,Bac Giang City-2176.jpeg,0.9272026717662812,21.284742144297002N,106.24589248188798E,[]
4942,Long Xuyen City-5535.jpeg,0.9271997958421708,10.439161745930459N,105.44406672771456E,[]
4943,Sa Đéc City-789.jpeg,0.9271893128752708,10.290973071651605N,105.75044984046319E,[]
4947,Tây Ninh City-1939.jpeg,0.9271372631192208,11.346127573678837N,106.08114643578168E,[]
4948,Long Hồ District-4518.jpeg,0.927133858203888,10.205194041264217N,105.92220962059528E,[]
4949,Chau Doc City-4088.jpeg,0.927125059068203,10.699827409317995N,105.13167552651802E,[]
4950,Go Cong Town-634.jpeg,0.9270958602428436,10.359007804621099N,106.70188274202691E,[]
4951,Tây Ninh City-6019.jpeg,0.9270858392119408,11.416195845348339N,106.14849298625326E,[]
4952,Long Hồ District-3629.jpeg,0.9270817935466766,10.189024440109755N,105.99614886565175E,[]
4957,Long Xuyen City-4658.jpeg,0.9269855171442032,10.412212410673003N,105.4536556636818E,[]
4961,Tây Ninh City-872.jpeg,0.9269231110811234,11.32187317194709N,106.1127580819214E,[]
4962,Binh Minh Town-2658.jpeg,0.9269139915704728,10.053110807695843N,105.87753193836252E,[]
4963,Binh Minh Town-2929.jpeg,0.9269076883792876,10.059848141510198N,105.86384743196876E,[]
4966,Binh Minh Town-541.jpeg,0.9268866181373596,10.007296937758207N,105.86521588260818E,[]
4967,Binh Minh Town-1243.jpeg,0.9268779829144478,10.023466538912665N,105.89258489539569E,[]
4969,Cai Lậy Town-4979.jpeg,0.926865704357624,10.454486843635143N,106.13339126435075E,[]
4974,Châu Thành District-4640.jpeg,0.9268432930111884,10.28530367279983N,106.26355558342712E,[]
4976,Cai Lậy Town-5248.jpeg,0.9268134087324142,10.459876710686634N,106.10872973217536E,[]
4978,Go Cong Town-2173.jpeg,0.9267679080367088,10.40077927427014N,106.6306419910339E,[]
4979,Trà Vinh City-833.jpeg,0.9267579689621924,9.920319571833314N,106.34818224616954E,[]
4980,Cai Lậy Town-5653.jpeg,0.926734521985054,10.466614044500997N,106.17723398821808E,[]
4984,Mỹ Tho-2466.jpeg,0.9266916438937188,10.373176873399867N,106.3053525976215E,['800.jpeg']
4985,Long Xuyen City-2554.jpeg,0.926675908267498,10.36639854073534N,105.42899839976602E,[]
4986,Ninh Bình-1162.jpeg,0.92662263661623,20.244222409005623N,106.00174058545059E,[]
4987,Go Cong Town-2062.jpeg,0.9265924394130708,10.398084340744397N,106.62379191882302E,[]
4989,Mỹ Hào District-811.jpeg,0.9265759885311128,20.90828414187774N,106.1382514148269E,[]
4992,Long Xuyen City-2939.jpeg,0.9265422597527504,10.374483341312578N,105.41256022382217E,[]
4994,Ninh Bình-2014.jpeg,0.9265374466776848,20.26847681073798N,105.97876151300423E,[]
4995,Bac Giang City-1400.jpeg,0.9265307188034058,21.271267476667855N,106.1837163185841E,[]
4996,Trà Vinh City-1979.jpeg,0.9265037775039672,9.96613344177094N,106.37691129387127E,[]
4997,Châu Thành District-4399.jpeg,0.9265009835362434,10.283956206036958N,106.23616572355732E,[]
5000,Trà Vinh City-1448.jpeg,0.9264566898345948,9.94996384061648N,106.34271004660732E,[]
5002,Hung Yen City-2958.jpeg,0.9264326617121696,20.692028412308737N,106.04464259928191E,[]
5004,Cai Lậy Town-6285.jpeg,0.9264246672391891,10.480088712129726N,106.15120237092184E,[]
5005,Bac Giang City-2178.jpeg,0.926413282752037,21.284742144297002N,106.24878439646025E,[]
5006,Mỹ Tho-3962.jpeg,0.9263618588447572,10.400126208657317N,106.40260893078528E,[]
5007,Long Hồ District-8823.jpeg,0.9263604432344436,10.302211648191006N,106.00710282788233E,[]
5010,Tây Ninh City-6365.jpeg,0.9263494163751602,11.42428064592559N,106.12925111468995E,[]
5013,Go Cong Town-4648.jpeg,0.92631196975708,10.456025411547918N,106.64982219322431E,[]
5014,Châu Thành District-2324.jpeg,0.9263114258646964,10.27048153840824N,106.25807761145315E,[]
5015,Trà Vinh City-2511.jpeg,0.9263058006763458,9.979608109399651N,106.33997394682622E,[]
5017,Vĩnh Long-162.jpeg,0.9262720867991447,10.230132870196922N,105.98977720506487E,[]
5018,Cai Lậy Town-4651.jpeg,0.9262557849287988,10.447749509820778N,106.19230492454746E,[]
5019,Thanh Liêm District-3248.jpeg,0.9262439459562302,20.44505547841839N,105.98941405987064E,[]
5021,Cao Lanh City-671.jpeg,0.9262346476316452,10.420366870538738N,105.66190467790662E,[]
5022,Long Hồ District-1615.jpeg,0.9262306541204453,10.16477003837806N,105.97424094119057E,[]
5023,Mỹ Tho-862.jpeg,0.9262286275625228,10.344880071379546N,106.37932220312635E,[]
5024,Phu Ly City-1870.jpeg,0.9262023419141768,20.539719743198518N,105.9070560697377E,[]
5025,Thái Bình-404.jpeg,0.9261938333511353,20.425773174387924N,106.36083629182238E,[]
5026,Duy Tiên District-4129.jpeg,0.926184557378292,20.655080312871977N,105.96193213530586E,[]
5028,Cai Lậy Town-2970.jpeg,0.9261803925037384,10.416757774274714N,106.17586390309722E,[]
5030,Go Cong Town-4028.jpeg,0.9261795952916144,10.4371608768677N,106.6306419910339E,[]
5031,Chau Doc City-4072.jpeg,0.9261642768979071,10.699827409317995N,105.10973543000804E,[]
5033,Mỹ Tho-4035.jpeg,0.9261438474059104,10.404168608945934N,106.37932220312635E,[]
5041,Cai Lậy Town-995.jpeg,0.9260922744870186,10.381723638440027N,106.13887160483415E,['79.jpeg']
5043,Duy Tiên District-5388.jpeg,0.9260873198509216,20.675292314315648N,106.00368647456851E,[]
5044,Vĩnh Long-1061.jpeg,0.9260850101709366,10.24899740487713N,105.98293054621945E,"['676.jpeg', '677.jpeg']"
5047,Long Hồ District-6300.jpeg,0.926042802631855,10.242923110624638N,106.01394905427645E,[]
5048,Mỹ Tho-2104.jpeg,0.9260171130299568,10.366439539585507N,106.34370720788327E,[]
5049,Go Cong Town-3471.jpeg,0.9260121956467628,10.427728609527595N,106.62242190438084E,[]
5050,Go Cong Town-1275.jpeg,0.925999365746975,10.37652487253844N,106.65119220766648E,[]
5051,Long Xuyen City-4758.jpeg,0.9259914457798004,10.414907344198749N,105.4468064237052E,[]
5053,Tam Điệp-781.jpeg,0.9259806498885156,20.127780274294267N,105.8809075186571E,[]
5055,Cai Lậy Town-6451.jpeg,0.9259499832987784,10.485478579181216N,106.1320211792299E,[]
5056,Hiệp Hòa District-3916.jpeg,0.9258936941623688,21.310646945742537N,106.02378409879131E,[]
5058,Phu Ly City-793.jpeg,0.9258620738983154,20.522202675280678N,105.9214458648509E,"['639.jpeg', '638.jpeg']"
5059,Phu Ly City-124.jpeg,0.9258307740092278,20.499295740311204N,105.91856790582827E,[]
5061,Châu Thành District-3311.jpeg,0.9258175939321518,10.277218872222601N,106.24712166750521E,[]
5062,Chau Doc City-2900.jpeg,0.9258142337203026,10.680962874637771N,105.08779533349806E,[]
5063,Yên Mỹ District-1159.jpeg,0.9258094504475594,20.873402075391663N,106.02916478307586E,"['250.jpeg', '249.jpeg']"
5066,Tam Điệp-1560.jpeg,0.9257546290755272,20.142602408686262N,105.8550700770862E,[]
5067,Long Hồ District-539.jpeg,0.9257263764739035,10.151295370749338N,105.90988641308587E,[]
5072,Long Hồ District-2125.jpeg,0.9256549328565598,10.171507372192416N,105.90714792252824E,[]
5076,Cai Lậy Town-5246.jpeg,0.9256109222769736,10.459876710686634N,106.10598956193365E,[]
5079,Trà Vinh City-1868.jpeg,0.9255516976118088,9.963438508245199N,106.34271004660732E,[]
5082,Mỹ Hào District-1264.jpeg,0.9255203977227212,20.919063875981042N,106.14257925596853E,[]
5083,Yên Mỹ District-1765.jpeg,0.92550291121006,20.882834342732053N,106.08108835243964E,[]
5084,Mỹ Hào District-3156.jpeg,0.925485908985138,20.952750545053863N,106.11516959540486E,[]
5086,Long Xuyen City-2385.jpeg,0.9254767149686812,10.363703607209597N,105.38242356792513E,[]
5094,Cai Lậy Town-3861.jpeg,0.9254055172204972,10.434274842192053N,106.17723398821808E,[]
5095,Thái Bình-1930.jpeg,0.9253789037466048,20.458112376697763N,106.38672260855135E,[]
5098,Cao Lanh City-2838.jpeg,0.9253697767853736,10.458095939899168N,105.61942730402366E,[]
5099,Yên Mỹ District-2885.jpeg,0.925355300307274,20.901698877412823N,106.02483781896224E,[]
5103,Long Hồ District-2878.jpeg,0.9253109097480774,10.17959217276965N,106.01257980899764E,[]
5105,Cai Lậy Town-5709.jpeg,0.9252526164054872,10.467961511263871N,106.15668271140524E,['771.jpeg']
5106,Long Hồ District-6280.jpeg,0.9252435863018036,10.242923110624638N,105.94548679033528E,[]
5107,Phu Ly City-519.jpeg,0.9252362698316574,20.51681280822904N,105.95454239361126E,[]
5108,Cai Lậy Town-5143.jpeg,0.9252285659313202,10.45718177716089N,106.15942288164696E,[]
5109,Hiệp Hòa District-6447.jpeg,0.9252251535654068,21.345681081578324N,105.99051334452666E,[]
5115,Long Hồ District-7876.jpeg,0.9251837208867072,10.284694580273671N,105.99067188453644E,['548.jpeg']
5117,Cao Lanh City-3691.jpeg,0.925155870616436,10.476960474579384N,105.64683206136746E,[]
5118,Mỹ Tho-3522.jpeg,0.925155222415924,10.39069394131721N,106.38891085569182E,[]
5120,Cai Lậy Town-2691.jpeg,0.9251390621066092,10.41136790722322N,106.14846220068013E,[]
5121,Bến Tre City-354.jpeg,0.9251142591238022,10.207118404002786N,106.37349326330134E,[]
5122,Vĩnh Long-671.jpeg,0.9251081869006156,10.242260071062768N,105.98293054621945E,[]
5123,Hiệp Hòa District-8157.jpeg,0.9251016452908516,21.37263041683663N,105.97315469012771E,[]
5125,Vĩnh Long-1546.jpeg,0.925093911588192,10.257082205454365N,105.95828257437594E,[]
5126,Sa Đéc City-991.jpeg,0.9250673800706865,10.297710405465965N,105.74223203920499E,[]
5127,Trà Vinh City-2460.jpeg,0.9250663742423058,9.978260642636783N,106.346814196279E,['724.jpeg']
5128,Vĩnh Long-15.jpeg,0.9250558018684388,10.223395536382561N,105.9445892566851E,[]
5135,Phu Ly City-3472.jpeg,0.924926057457924,20.569364011982547N,105.9113730082717E,[]
5136,Trà Vinh City-1239.jpeg,0.9249203354120256,9.940531573276383N,106.32218929824893E,[]
5137,Cai Lậy Town-4743.jpeg,0.9249183237552644,10.450444443346525N,106.11146990241708E,[]
5139,Châu Thành District-2702.jpeg,0.9249077588319778,10.273176471933986N,106.25396913247269E,[]
5141,Binh Minh Town-2921.jpeg,0.9248789995908736,10.059848141510198N,105.8528998268538E,[]
5147,Thanh Liêm District-2435.jpeg,0.9248151406645776,20.434275744315112N,105.86574116873652E,[]
5148,Go Cong Town-1257.jpeg,0.9248050153255464,10.375177405775567N,106.69503266981602E,[]
5152,Cao Lanh City-1602.jpeg,0.92472393065691,10.435189004930333N,105.6605344400394E,[]
5153,Tây Ninh City-4521.jpeg,0.924702875316143,11.38924651009084N,106.10726040433188E,[]
5155,Cai Lậy Town-4887.jpeg,0.924698442220688,10.45313937687227N,106.10735964705452E,[]
5157,Cao Lanh City-1358.jpeg,0.9246778711676598,10.431146604641716N,105.67560705657851E,[]
5158,Cai Lậy Town-3525.jpeg,0.9246729090809822,10.427537508377691N,106.19230492454746E,[]
5160,Ninh Bình-1041.jpeg,0.9246589690446854,20.241527475479803N,105.99886820139479E,[]
5165,Duy Tiên District-4012.jpeg,0.9246034920215608,20.65373284610907N,105.92449721044969E,[]
5168,Tây Ninh City-4839.jpeg,0.9245674535632132,11.39463637714234N,106.0797720163843E,[]
5171,Long Hồ District-5064.jpeg,0.9245005249977112,10.21597377536719N,105.95096377145056E,[]
5173,Hiệp Hòa District-3661.jpeg,0.9244997948408128,21.307952012216713N,105.92397183599734E,[]
5175,Tây Ninh City-5904.jpeg,0.9244697615504264,11.41350091182259N,106.15536508324013E,[]
5176,Mỹ Tho-2161.jpeg,0.924445815384388,10.367787006348378N,106.31357144267761E,[]
5178,Mỹ Hào District-2827.jpeg,0.9244163483381272,20.947360678002212N,106.14834971082404E,[]
5179,Long Hồ District-3729.jpeg,0.9244146421551704,10.190371906872624N,106.00025660148823E,[]
5182,Long Hồ District-5709.jpeg,0.924380086362362,10.229448442995913N,105.91673263947999E,[]
5193,Sa Đéc City-1347.jpeg,0.9242775067687036,10.309837606331815N,105.74086240566193E,[]
5199,Hiệp Hòa District-4950.jpeg,0.9242068156599998,21.32681654689752N,105.9225252814641E,['158.jpeg']
5200,Long Hồ District-1351.jpeg,0.9241929575800896,10.162075104852311N,105.91125565836468E,[]
5202,Chau Doc City-2664.jpeg,0.924173004925251,10.676920474349151N,105.1330467825499E,[]
5205,Sa Đéc City-2742.jpeg,0.9241325631737708,10.366431210372456N,105.71073046771518E,[]
5206,Bac Giang City-556.jpeg,0.9241209626197816,21.249708008461223N,106.20974354973457E,[]
5208,Thái Bình-2068.jpeg,0.9241166859865187,20.462154776986495N,106.33207371767911E,[]
5209,Binh Minh Town-2035.jpeg,0.9240985065698624,10.040983606829998N,105.86111053069003E,[]
5210,Long Hồ District-2412.jpeg,0.9240800067782402,10.174202305718163N,105.99067188453644E,[]
5213,Long Hồ District-1461.jpeg,0.9239349290728568,10.163422571615186N,105.91399414892234E,[]
5219,Cai Lậy Town-3961.jpeg,0.9237784370779992,10.436969775717799N,106.11283998753794E,[]
5222,Cai Lậy Town-19.jpeg,0.923734225332737,10.353426836419706N,106.12791092386735E,[]
5224,Cai Lậy Town-1547.jpeg,0.9237009808421136,10.391155905780133N,106.12654083874648E,[]
5227,Tây Ninh City-6331.jpeg,0.9236747846007348,11.422933179162715N,106.16361159962439E,[]
5230,Thái Bình-2502.jpeg,0.9236313700675964,20.472934511089775N,106.33782623250777E,[]
5232,Cai Lậy Town-1067.jpeg,0.9236181527376176,10.383071105202898N,106.1347613494716E,[]
5233,Long Xuyen City-3259.jpeg,0.9236137494444848,10.381220675126938N,105.38516326391577E,[]
5234,Châu Thành District-1517.jpeg,0.9235844984650612,10.263744204593879N,106.4018743757696E,[]
5237,Binh Minh Town-3081.jpeg,0.9235697612166404,10.063890541798811N,105.86111053069003E,[]
5239,Long Hồ District-3674.jpeg,0.92355814576149,10.190371906872624N,105.92494811115294E,[]
5240,Go Cong Town-1217.jpeg,0.9235200881958008,10.375177405775567N,106.64023209212911E,[]
5241,Mỹ Hào District-1133.jpeg,0.9235188961029052,20.916368942455218N,106.1310383462575E,[]
5243,Châu Thành District-2517.jpeg,0.9234732761979104,10.271829005171114N,106.26766406240756E,[]
5249,Long Hồ District-5439.jpeg,0.9234118983149529,10.224058575944424N,105.92768660171058E,[]
5257,Sa Đéc City-1723.jpeg,0.9233148470520972,10.323312273960541N,105.7353838714898E,[]
5259,Thái Bình-228.jpeg,0.9232608377933502,20.417688373810467N,106.33638810380059E,[]
5267,Tây Ninh City-1878.jpeg,0.9231325834989548,11.344780106915964N,106.08801853276857E,[]
5268,Tây Ninh City-2817.jpeg,0.9231207296252252,11.360949708070462N,106.16773485781654E,['613.jpeg']
5270,Phu Ly City-3128.jpeg,0.9231083318591118,20.561279211405086N,105.9703711682358E,[]
5273,Phu Ly City-1989.jpeg,0.9230912625789642,20.541067209961426N,105.95454239361126E,[]
5282,Thanh Liêm District-4205.jpeg,0.9229433983564376,20.458530146047487N,105.97359543426047E,['369.jpeg']
5283,Long Hồ District-5314.jpeg,0.92292370647192,10.22136364241868N,105.93179433754707E,[]
5285,Hiệp Hòa District-4968.jpeg,0.9228907972574234,21.32681654689752N,105.94856326306252E,[]
5289,Vĩnh Long-1424.jpeg,0.9228387996554376,10.255734738691492N,105.90898663068893E,[]
5293,Go Cong Town-1946.jpeg,0.9228135496377944,10.39404194045578N,106.67996251095214E,[]
5294,Trà Vinh City-2598.jpeg,0.9228064939379692,9.982303042925398N,106.31124489912449E,[]
5295,Duy Tiên District-3118.jpeg,0.9227785840630532,20.641605645242862N,105.91009916242808E,[]
5299,Tây Ninh City-1200.jpeg,0.9227434918284416,11.329957972524337N,106.08389527457642E,[]
5300,Long Hồ District-8122.jpeg,0.9227329790592194,10.288736980562286N,106.01531829955528E,[]
5304,Vĩnh Long-246.jpeg,0.9227078855037688,10.232827803722667N,105.96375990145226E,[]
5306,Cai Lậy Town-3100.jpeg,0.9226941019296646,10.419452707800456N,106.19093483942662E,[]
5308,Long Hồ District-872.jpeg,0.9226746186614035,10.155337771037951N,105.98793339397882E,[]
5310,Go Cong Town-3382.jpeg,0.922660268843174,10.426381142764722N,106.61557183216999E,[]
5312,Go Cong Town-57.jpeg,0.9226458370685576,10.33879580317801N,106.68681258316299E,[]
5318,Cai Lậy Town-1460.jpeg,0.922482706606388,10.38980843901726N,106.11832032802134E,[]
5320,Long Hồ District-6031.jpeg,0.9224708154797554,10.236185776810276N,105.92905584698941E,[]
5321,Yên Mỹ District-2732.jpeg,0.9224700778722764,20.899003943887N,106.03204942581829E,[]
5323,Cao Lanh City-495.jpeg,0.9224382489919662,10.417671937012992N,105.64957253710186E,[]
5326,Trà Vinh City-956.jpeg,0.9223766475915908,9.925709438884796N,106.30303659978111E,[]
5327,Long Xuyen City-2685.jpeg,0.922354944050312,10.369093474261087N,105.42488885578004E,[]
5330,Tây Ninh City-6454.jpeg,0.9223171547055244,11.425628112688466N,106.17048369661134E,[]
5336,Cai Lậy Town-5337.jpeg,0.922237664461136,10.461224177449507N,106.13339126435075E,[]
5338,Long Hồ District-1791.jpeg,0.9222267344594002,10.167464971903803N,105.91125565836468E,[]
5339,Hoa Lư District-2552.jpeg,0.922204241156578,20.251890444832654N,105.94496277429069E,[]
5343,Bến Tre City-3030.jpeg,0.9221606627106668,10.262364541280542N,106.38307811801135E,['713.jpeg']
5344,Long Xuyen City-5286.jpeg,0.922114074230194,10.43107694535322N,105.40708083184089E,[]
5346,Bac Giang City-1455.jpeg,0.9220989868044852,21.272614943430767N,106.16925674572272E,[]
5347,Trà Vinh City-972.jpeg,0.9220833778381348,9.925709438884796N,106.3358697971545E,[]
5348,Long Xuyen City-2997.jpeg,0.9220744743943214,10.375830808075445N,105.4002315918643E,[]
5349,Go Cong Town-292.jpeg,0.922071747481823,10.34957553728099N,106.65667226543519E,[]
5355,Ninh Bình-1434.jpeg,0.9220194146037102,20.250959742820164N,105.97014436083687E,['862.jpeg']
5361,Châu Thành District-3178.jpeg,0.9219619035720824,10.275871405459727N,106.36489806494536E,[]
5363,Sa Đéc City-1075.jpeg,0.921942174434662,10.300405338991713N,105.743601672748E,[]
5365,Mỹ Hào District-1610.jpeg,0.9219209626317024,20.92714867655852N,106.09785823083833E,[]
5366,Vĩnh Long-159.jpeg,0.9219018816947936,10.230132870196922N,105.98566920975762E,[]
5373,Sa Đéc City-1715.jpeg,0.9217974990606308,10.323312273960541N,105.72442680314552E,[]
5376,Cai Lậy Town-2572.jpeg,0.921769767999649,10.40867297369747N,106.17723398821808E,[]
5377,Ninh Bình-1542.jpeg,0.9217695742845536,20.253654676345977N,105.97876151300423E,['879.jpeg']
5378,Duy Tiên District-3101.jpeg,0.9217587560415268,20.640258178479957N,106.02672335140306E,[]
5382,Long Hồ District-2872.jpeg,0.9216936305165292,10.17959217276965N,106.0043643373247E,[]
5384,Go Cong Town-339.jpeg,0.9216865226626396,10.350923004043862N,106.66763238097258E,[]
5386,Trà Vinh City-547.jpeg,0.921668291091919,9.910887304493212N,106.33450174726396E,[]
5389,Long Xuyen City-1596.jpeg,0.92165669798851,10.344839072529387N,105.45639535967244E,['14.jpeg']
5391,Hiệp Hòa District-305.jpeg,0.9216027557849884,21.239231207308055N,105.97170813559445E,['168.jpeg']
5397,Phu Ly City-483.jpeg,0.9215297996997832,20.51681280822904N,105.90273913120375E,[]
5401,Châu Thành District-3608.jpeg,0.9215006306767464,10.278566338985474N,106.36215907895837E,[]
5409,Phu Ly City-1116.jpeg,0.9213442876935004,20.52759254233232N,105.92288484436223E,[]
5410,Bến Tre City-1326.jpeg,0.9213394522666932,10.231372805734486N,106.38992444280417E,[]
5412,Châu Thành District-9496.jpeg,0.9213235825300216,10.318990341871643N,106.26081659744013E,[]
5413,Long Hồ District-849.jpeg,0.9213194027543068,10.155337771037951N,105.93727131866235E,[]
5417,Phu Ly City-152.jpeg,0.9213027358055116,20.501990673837025N,105.91856790582827E,[]
5419,Cai Lậy Town-6727.jpeg,0.9212970659136772,10.497605780047069N,106.09776905120856E,[]
5420,Long Hồ District-3834.jpeg,0.9212938696146012,10.191719373635499N,106.01668754483413E,[]
5421,Châu Thành District-4274.jpeg,0.9212933108210564,10.28260873927409N,106.36763705093234E,[]
5424,Long Hồ District-1316.jpeg,0.9212476015090942,10.16072763808944N,106.01531829955528E,['567.jpeg']
5425,Tam Điệp-1995.jpeg,0.9212111905217172,20.149339742500807N,105.925405334696E,[]
5426,Duy Tiên District-1021.jpeg,0.9211999401450156,20.606571509407175N,105.94033506327347E,[]
5427,Sa Đéc City-546.jpeg,0.9211987927556038,10.282888271074373N,105.7394927721189E,[]
5429,Binh Minh Town-2514.jpeg,0.9211676269769667,10.050415874170099N,105.86384743196876E,[]
5432,Vĩnh Long-1869.jpeg,0.9211318790912628,10.262472072505853N,105.93089593899424E,[]
5437,Vĩnh Long-228.jpeg,0.9210652783513068,10.232827803722667N,105.91720262130343E,[]
5438,Tây Ninh City-1349.jpeg,0.921063795685768,11.332652906050088N,106.11963017890828E,[]
5441,Mỹ Tho-208.jpeg,0.921047754585743,10.330057936987952N,106.32452990275242E,[]
5445,Vĩnh Long-2002.jpeg,0.9209873005747796,10.265167006031596N,105.9117252942271E,[]
5447,Long Xuyen City-4039.jpeg,0.9209609031677246,10.397390276281406N,105.4276285517707E,['923.jpeg']
5450,Vĩnh Long-697.jpeg,0.9209231957793236,10.243607537825643N,105.91446395776526E,[]
5451,Mỹ Hào District-795.jpeg,0.92089631408453,20.90828414187774N,106.11516959540486E,[]
5452,Long Xuyen City-4149.jpeg,0.9208877086639404,10.400085209807154N,105.42351900778473E,[]
5453,Cao Lanh City-2731.jpeg,0.9208756908774376,10.455401006373423N,105.6454618235003E,[]
5454,Long Hồ District-9051.jpeg,0.920866809785366,10.307601515242501N,105.9934103750941E,[]
5460,Tây Ninh City-1390.jpeg,0.9207862168550492,11.334000372812964N,106.09076737156332E,[]
5461,Go Cong Town-2421.jpeg,0.9207823872566224,10.406169141321634N,106.67037240985691E,['56.jpeg']
5462,Trà Vinh City-1114.jpeg,0.9207693561911584,9.933794239462024N,106.31945319846783E,[]
5467,Binh Minh Town-539.jpeg,0.920693390071392,10.007296937758207N,105.8624789813294E,[]
5473,Châu Thành District-1340.jpeg,0.9206312224268912,10.262396737831006N,106.32107428915369E,[]
5477,Mỹ Hào District-1016.jpeg,0.9205332547426224,20.91367400892939N,106.12815311882974E,[]
5479,Mỹ Hào District-3394.jpeg,0.9205031543970108,20.9567929453426N,106.0877599348412E,[]
5480,Go Cong Town-2930.jpeg,0.9205028489232064,10.418296342187489N,106.62516193326519E,['842.jpeg']
5483,Cai Lậy Town-3852.jpeg,0.920449934899807,10.434274842192053N,106.16490322213039E,[]
5484,Cai Lậy Town-4724.jpeg,0.9204346761107444,10.449096976583652N,106.1881946691849E,[]
5487,Tây Ninh City-1809.jpeg,0.920370377600193,11.343432640153088N,106.08114643578168E,[]
5490,Bac Giang City-2934.jpeg,0.9203329235315324,21.300911745451973N,106.1880541904425E,[]
5496,Go Cong Town-702.jpeg,0.9201923683285712,10.361702738146843N,106.64845217878214E,[]
5498,Cai Lậy Town-2148.jpeg,0.920166864991188,10.400588173120237N,106.1881946691849E,[]
5499,Cao Lanh City-4418.jpeg,0.9201577678322792,10.491782608970986N,105.6249082554924E,[]
5500,Phu Ly City-1378.jpeg,0.9201443195343018,20.531634942621054N,105.93583565996408E,[]
5503,Bac Giang City-1762.jpeg,0.920106790959835,21.278004810482425N,106.21263546430684E,[]
5505,Duy Tiên District-3663.jpeg,0.9200902953743936,20.64834297905743N,105.98640881694259E,[]
5506,Mỹ Tho-3854.jpeg,0.9200856015086174,10.39743127513157N,106.36699393554221E,[]
5508,Mỹ Tho-1583.jpeg,0.9200568944215776,10.3570072722454N,106.3943900857292E,[]
5509,Thái Bình-712.jpeg,0.9200548231601716,20.433857974965385N,106.33782623250777E,[]
5510,Go Cong Town-4185.jpeg,0.9200534373521804,10.43985581039345N,106.65256222210868E,[]
5514,Cao Lanh City-4628.jpeg,0.9200035333633424,10.495825009259605N,105.63038920696117E,[]
5516,Long Xuyen City-249.jpeg,0.9199949502944946,10.31384733698332N,105.43995718372858E,[]
5517,Cai Lậy Town-3529.jpeg,0.9199943318963052,10.428884975140564N,106.10598956193365E,[]
5518,Cai Lậy Town-3657.jpeg,0.9199856594204904,10.430232441903435N,106.18956475430575E,[]
5519,Cao Lanh City-4674.jpeg,0.9199477508664132,10.497172476022477N,105.60024397388295E,[]
5521,Chau Doc City-4733.jpeg,0.919942542910576,10.720039410761098N,105.10973543000804E,[]
5523,Long Hồ District-450.jpeg,0.9199343100190164,10.149947903986464N,105.91399414892234E,[]
5524,Mỹ Tho-1729.jpeg,0.919927567243576,10.359702205771145N,106.37521278059832E,[]
5527,Hiệp Hòa District-2890.jpeg,0.9198542833328248,21.295824811350474N,105.93843738132982E,[]
5531,Cao Lanh City-2098.jpeg,0.919804036617279,10.443273805507571N,105.6605344400394E,[]
5532,Go Cong Town-1504.jpeg,0.919795349240303,10.381914739589927N,106.68544256872082E,[]
5536,Sa Đéc City-1620.jpeg,0.919742338359356,10.319269873671924N,105.74771057337713E,[]
5539,Thái Bình-311.jpeg,0.9197285771369934,20.423078240862104N,106.31625430190032E,[]
5545,Binh Minh Town-641.jpeg,0.91966612637043,10.00999187128395N,105.86111053069003E,[]
5546,Vĩnh Long-1346.jpeg,0.9196527898311616,10.254387271928618N,105.9185719530725E,[]
5549,Ninh Bình-1143.jpeg,0.919611893594265,20.244222409005623N,105.97445293692057E,[]
5551,Long Hồ District-5827.jpeg,0.9195679053664207,10.230795909758786N,105.99067188453644E,[]
5552,Hiệp Hòa District-2157.jpeg,0.9195616170763968,21.28235014372133N,106.00642544439235E,[]
5554,Hoa Lư District-3542.jpeg,0.9194893762469292,20.28288218037956N,105.95214396304503E,[]
5555,Long Hồ District-1295.jpeg,0.91946779191494,10.16072763808944N,105.9865641487E,[]
5557,Binh Minh Town-775.jpeg,0.9194518551230432,10.012686804809697N,105.89532179667444E,[]
5558,Tây Ninh City-2707.jpeg,0.9194270670413972,11.359602241307586N,106.1251278564978E,[]
5560,Trà Vinh City-1841.jpeg,0.9194057658314704,9.963438508245199N,106.30577269956223E,[]
5561,Tây Ninh City-157.jpeg,0.9193983897566796,11.301661170503968N,106.11963017890828E,[]
5562,Châu Thành District-8012.jpeg,0.9193920716643332,10.306863141005792N,106.37722350188677E,[]
5563,Cai Lậy Town-4678.jpeg,0.919337123632431,10.449096976583652N,106.12517075362561E,[]
5564,Bến Tre City-2459.jpeg,0.919321596622467,10.251584807177563N,106.33926163933714E,[]
5565,Tây Ninh City-1290.jpeg,0.919311635196209,11.331305439287211N,106.12375343710043E,[]
5567,Ninh Bình-2045.jpeg,0.9193045273423196,20.26982427750089N,105.97158055286475E,[]
5570,Chau Doc City-559.jpeg,0.9192883893847466,10.636496471462953N,105.1015078938168E,[]
5571,Vĩnh Long-1259.jpeg,0.9192775189876556,10.253039805165749N,105.91446395776526E,[]
5573,Phu Ly City-4196.jpeg,0.9192265942692756,20.58957601342621N,105.93007974191885E,[]
5574,Hiệp Hòa District-7017.jpeg,0.9192235171794892,21.353765882155816N,105.98762023546017E,[]
5575,Go Cong Town-3334.jpeg,0.9192004725337029,10.425033676001851N,106.66489235208824E,[]
5577,Hung Yen City-1971.jpeg,0.9191954284906388,20.659689209998866N,106.04176244933322E,[]
5578,Tây Ninh City-6738.jpeg,0.9191659688949584,11.436407846791464N,106.15124182504802E,[]
5579,Duy Tiên District-1824.jpeg,0.919153407216072,20.622741110562114N,105.96769135451449E,[]
5580,Tây Ninh City-5038.jpeg,0.9191383644938468,11.39733131066809N,106.13199995348471E,[]
5582,Vĩnh Long-755.jpeg,0.9191259667277336,10.243607537825643N,105.99388520037212E,[]
5593,Binh Minh Town-3033.jpeg,0.9189697951078416,10.062543075035945N,105.86521588260818E,[]
5598,Long Hồ District-4992.jpeg,0.9189330488443376,10.21462630860432N,105.94274829977763E,[]
5601,Châu Thành District-6009.jpeg,0.9188965409994124,10.293388473377066N,106.37722350188677E,[]
5602,Hiệp Hòa District-4920.jpeg,0.9188819006085396,21.325469080134603N,106.0208909897248E,[]
5603,Tam Điệp-338.jpeg,0.9188799858093262,20.11834800695391N,105.94406570916391E,[]
5604,Cao Lanh City-3316.jpeg,0.9188670963048936,10.46887567400215N,105.62216777975802E,['17.jpeg']
5606,Long Hồ District-6966.jpeg,0.918856866657734,10.267177512356332N,106.0276415070647E,[]
5610,Cao Lanh City-1241.jpeg,0.9188104942440988,10.429799137878842N,105.63175944482836E,[]
5611,Duy Tiên District-4124.jpeg,0.918790690600872,20.655080312871977N,105.94753408728424E,[]
5613,Long Hồ District-4408.jpeg,0.918773703277111,10.202499107738472N,105.96054848840235E,[]
5617,Binh Minh Town-258.jpeg,0.9186663031578064,9.999212137180981N,105.86521588260818E,[]
5619,Trà Vinh City-841.jpeg,0.9186303839087486,9.921667038596183N,106.30577269956223E,[]
5620,Tây Ninh City-1751.jpeg,0.918628603219986,11.342085173390213N,106.08801853276857E,[]
5622,Vĩnh Long-152.jpeg,0.9186081439256668,10.230132870196922N,105.96649856499045E,[]
5623,Long Hồ District-4670.jpeg,0.918593592941761,10.207888974789961N,105.94548679033528E,[]
5625,Chau Doc City-4695.jpeg,0.9185107126832008,10.717344477235345N,105.10973543000804E,[]
5626,Hoa Lư District-947.jpeg,0.9184848517179488,20.208771508419574N,105.94783524979243E,[]
5629,Cai Lậy Town-4761.jpeg,0.9184627532958984,10.450444443346525N,106.13613143459246E,[]
5631,Cai Lậy Town-3309.jpeg,0.9184591621160508,10.423495108089071N,106.1881946691849E,[]
5632,Thanh Liêm District-1605.jpeg,0.918424591422081,20.42080107668601N,105.87436950997845E,[]
5638,Long Hồ District-7580.jpeg,0.9183716773986816,10.27930471322218N,106.00299509204586E,[]
5641,Tam Điệp-515.jpeg,0.9183219373226166,20.122390407242634N,105.91392202733114E,[]
5642,Sa Đéc City-1892.jpeg,0.9183116033673286,10.3300496077749N,105.72579643668855E,[]
5645,Trà Vinh City-2620.jpeg,0.9182010516524316,9.982303042925398N,106.34134199671676E,[]
5649,Cai Lậy Town-3429.jpeg,0.9181282743811608,10.426190041614822N,106.15531262628441E,[]
5650,Tam Điệp-1113.jpeg,0.9181077554821968,20.133170141345904N,105.94119488232266E,[]
5651,Tây Ninh City-3568.jpeg,0.9180985242128372,11.374424375699213N,106.082520855179E,[]
5652,Go Cong Town-2365.jpeg,0.9180885702371596,10.404821674558763N,106.66763238097258E,[]
5654,Hiệp Hòa District-6459.jpeg,0.9180163964629172,21.345681081578324N,106.0078719989256E,[]
5655,Châu Thành District-5053.jpeg,0.918012373149395,10.28799860632558N,106.23068775158336E,[]
5657,Cai Lậy Town-2792.jpeg,0.917993888258934,10.414062840748963N,106.10324939169192E,[]
5660,Cai Lậy Town-2561.jpeg,0.9179718643426896,10.40867297369747N,106.16216305188868E,[]
5661,Long Hồ District-5409.jpeg,0.9179605171084404,10.222711109181553N,105.97287169591176E,[]
5662,Tam Điệp-96.jpeg,0.9179339185357094,20.110263206376466N,105.925405334696E,[]
5663,Tam Điệp-1961.jpeg,0.9179317504167556,20.149339742500807N,105.87660127839526E,[]
5664,Mỹ Tho-3942.jpeg,0.917928360402584,10.400126208657317N,106.36425432052353E,[]
5666,Long Hồ District-3325.jpeg,0.9178987070918084,10.184982039821136N,106.02079528067058E,[]
5668,Ninh Bình-1318.jpeg,0.9178846776485444,20.248264809294348N,105.97158055286475E,['873.jpeg']
5670,Cai Lậy Town-3918.jpeg,0.9178644344210624,10.435622308954924N,106.15531262628441E,[]
5672,Cai Lậy Town-6724.jpeg,0.9178428798913956,10.497605780047069N,106.09365879584597E,[]
5675,Cao Lanh City-2429.jpeg,0.9178289845585824,10.450011139321935N,105.60024397388295E,[]
5680,Long Xuyen City-3209.jpeg,0.917731337249279,10.379873208364065N,105.41119037582685E,[]
5682,Go Cong Town-289.jpeg,0.9177043735980988,10.34957553728099N,106.65256222210868E,[]
5683,Vĩnh Long-2117.jpeg,0.9177001491189004,10.26786193955734N,105.910355962458E,[]
5688,Thanh Liêm District-2640.jpeg,0.9176560565829276,20.436970677840932N,105.90744481807246E,[]
5689,Hung Yen City-3625.jpeg,0.917651191353798,20.71628281404114N,106.05616319907675E,[]
5690,Trà Vinh City-1802.jpeg,0.9176276475191116,9.962091041482322N,106.31671709868672E,[]
5692,Hung Yen City-2163.jpeg,0.9175936952233316,20.666426543813415N,106.0547231241024E,"['285.jpeg', '284.jpeg']"
5695,Binh Minh Town-2161.jpeg,0.917547047138214,10.043678540355744N,105.84879447493567E,[]
5704,Long Hồ District-5857.jpeg,0.9173846244812012,10.232143376521655N,105.92084037531647E,[]
5709,Long Hồ District-3672.jpeg,0.91732969135046,10.190371906872624N,105.92220962059528E,[]
5714,Mỹ Tho-3219.jpeg,0.9173015207052232,10.385304074265717N,106.40260893078528E,[]
5715,Cai Lậy Town-538.jpeg,0.9172996953129768,10.373638837862787N,106.11283998753794E,[]
5716,Mỹ Tho-2128.jpeg,0.917296439409256,10.366439539585507N,106.37658258810765E,[]
5717,Binh Minh Town-3407.jpeg,0.9172704070806504,10.073322809138919N,105.83237306726312E,['534.jpeg']
5718,Hung Yen City-1437.jpeg,0.917258344590664,20.643519608843928N,106.0547231241024E,[]
5720,Bến Tre City-3191.jpeg,0.9172366634011268,10.267754408332031N,106.32693825471E,[]
5722,Long Hồ District-3355.jpeg,0.9172154143452644,10.18632950658401N,105.91262490364353E,[]
5723,Cao Lanh City-4084.jpeg,0.9172129780054092,10.485045275156622N,105.63175944482836E,[]
5725,Cao Lanh City-985.jpeg,0.9171915575861932,10.42575673759023N,105.629018969094E,[]
5731,Long Hồ District-6366.jpeg,0.9171027913689612,10.24696551091325N,105.99204112981529E,[]
5733,Châu Thành District-1665.jpeg,0.9170246720314026,10.265091671356753N,106.32244378214718E,[]
5734,Tam Điệp-1306.jpeg,0.917021043598652,20.13721254163463N,105.91535744075173E,[]
5735,Long Xuyen City-2904.jpeg,0.9170114248991011,10.373135874549702N,105.45502551167712E,[]
5738,Long Hồ District-5081.jpeg,0.9169280007481576,10.21597377536719N,105.97424094119057E,[]
5739,Cao Lanh City-4135.jpeg,0.9169258251786232,10.486392741919497N,105.60983563895327E,[]
5742,Tây Ninh City-1414.jpeg,0.91687773168087,11.334000372812964N,106.12375343710043E,[]
5743,Mỹ Hào District-2036.jpeg,0.9168770238757132,20.935233477136N,106.09930084455222E,[]
5747,Thanh Liêm District-6753.jpeg,0.91679148375988,20.496259215408976N,105.96496709301853E,[]
5749,Long Hồ District-2816.jpeg,0.9167667478322984,10.17959217276965N,105.92768660171058E,[]
5752,Duy Tiên District-2182.jpeg,0.9167394042015076,20.62813097761375N,105.93745545366913E,[]
5753,Châu Thành District-9814.jpeg,0.9167141392827034,10.321685275397387N,106.31970479616021E,[]
5756,Long Hồ District-2778.jpeg,0.916608564555645,10.17959217276965N,105.8756552811153E,[]
5761,Trà Vinh City-2748.jpeg,0.9165119975805284,9.986345443214013N,106.31261294901503E,['741.jpeg']
5762,Châu Thành District-6301.jpeg,0.9165011644363404,10.296083406902813N,106.2115148496745E,[]
5763,Cai Lậy Town-3748.jpeg,0.9164764583110808,10.432927375429179N,106.1224305833839E,[]
5764,Tây Ninh City-2844.jpeg,0.916458286345005,11.362297174833339N,106.09626504915283E,[]
5765,Cai Lậy Town-4661.jpeg,0.916447214782238,10.449096976583652N,106.10187930657109E,[]
5766,Tây Ninh City-1824.jpeg,0.9164469614624976,11.343432640153088N,106.10176272674236E,[]
5770,Hiệp Hòa District-3226.jpeg,0.9163746535778046,21.301214678402133N,105.95290292666226E,[]
5772,Châu Thành District-2487.jpeg,0.9163087606430054,10.271829005171114N,106.22657927260288E,[]
5774,Ninh Bình-2137.jpeg,0.9162170886993408,20.27386667778962N,105.94572909636263E,[]
5775,Châu Thành District-6633.jpeg,0.9162129983305932,10.297430873665688N,106.3868099528412E,[]
5778,Cai Lậy Town-1591.jpeg,0.9161612764000892,10.391155905780133N,106.18682458406407E,[]
5781,Long Hồ District-1568.jpeg,0.916140392422676,10.16477003837806N,105.90988641308587E,[]
5785,Long Xuyen City-738.jpeg,0.916063904762268,10.325974537849172N,105.46598429563967E,[]
5787,Cai Lậy Town-3672.jpeg,0.9160323441028596,10.43157990866631N,106.11695024290049E,[]
5794,Tây Ninh City-1347.jpeg,0.9159523621201516,11.332652906050088N,106.11688134011352E,[]
5795,Bac Giang City-199.jpeg,0.9159420728683472,21.236233340832076N,106.20974354973457E,[]
5797,Châu Thành District-5220.jpeg,0.915931262075901,10.289346073088451N,106.16495208789583E,[]
5798,Cai Lậy Town-878.jpeg,0.9159241244196892,10.379028704914282N,106.1854544989432E,[]
5799,Binh Minh Town-3851.jpeg,0.91591427475214,10.085450010004763N,105.84742602429628E,['532.jpeg']
5800,Sa Đéc City-1329.jpeg,0.9159052222967148,10.309837606331815N,105.71620900188731E,[]
5803,Long Hồ District-1737.jpeg,0.9158923849463464,10.16611750514093N,105.98930263925763E,[]
5805,Châu Thành District-8188.jpeg,0.91587632894516,10.308210607768663N,106.35805059997791E,[]
5809,Long Hồ District-3472.jpeg,0.9158437475562096,10.18767697334688N,105.92494811115294E,[]
5812,Long Hồ District-5723.jpeg,0.9158104956150056,10.229448442995913N,105.93590207338352E,[]
5813,Thanh Liêm District-1914.jpeg,0.915799915790558,20.42619094373765N,105.86286505498923E,[]
5816,Binh Minh Town-2588.jpeg,0.9157581403851508,10.051763340932972N,105.87068968516567E,[]
5818,Ninh Bình-1175.jpeg,0.9157101139426232,20.244222409005623N,106.02041108181324E,[]
5822,Cao Lanh City-3093.jpeg,0.9156416803598404,10.46348580695066N,105.63861063416432E,[]
5823,Cai Lậy Town-3588.jpeg,0.9156366363167764,10.428884975140564N,106.18682458406407E,[]
5824,Cao Lanh City-821.jpeg,0.9156109914183616,10.423061804064481N,105.63724039629714E,[]
5826,Go Cong Town-4393.jpeg,0.9156023040413857,10.445245677444937N,106.64023209212911E,[]
5827,Long Xuyen City-3424.jpeg,0.9155878499150276,10.383915608652682N,105.42351900778473E,[]
5828,Cao Lanh City-3192.jpeg,0.9155840128660202,10.466180740476403N,105.6112058768205E,[]
5833,Binh Minh Town-3329.jpeg,0.915504276752472,10.070627875613173N,105.85974208005064E,[]
5834,Vĩnh Long-304.jpeg,0.9154982268810272,10.23417527048554N,105.96649856499045E,[]
5836,Long Xuyen City-371.jpeg,0.915480136871338,10.316542270509066N,105.47557323160692E,[]
5838,Go Cong Town-4953.jpeg,0.9154516011476516,10.47623741299101N,106.64434213545564E,[]
5840,Cai Lậy Town-3792.jpeg,0.915388748049736,10.432927375429179N,106.1827143287015E,[]
5842,Go Cong Town-4858.jpeg,0.9153479933738708,10.469500079176646N,106.64708216433996E,[]
5843,Cai Lậy Town-5124.jpeg,0.915342465043068,10.45718177716089N,106.13339126435075E,[]
5845,Go Cong Town-2277.jpeg,0.9153222069144248,10.403474207795886N,106.62105188993868E,[]
5847,Cai Lậy Town-2617.jpeg,0.9152859300374984,10.410020440460348N,106.14298186019671E,[]
5848,Cao Lanh City-4476.jpeg,0.915274791419506,10.493130075733859N,105.60983563895327E,[]
5854,Cai Lậy Town-4507.jpeg,0.9152035042643548,10.446402043057908N,106.10050922145024E,[]
5858,Cai Lậy Town-6092.jpeg,0.9151620343327522,10.476046311841102N,106.12517075362561E,[]
5861,Cai Lậy Town-3978.jpeg,0.9151471480727196,10.436969775717799N,106.13613143459246E,[]
5862,Hiệp Hòa District-4911.jpeg,0.9151354730129242,21.325469080134603N,106.0078719989256E,[]
5863,Binh Minh Town-825.jpeg,0.9151288643479348,10.014034271572568N,105.8843741915594E,[]
5866,Mỹ Hào District-2603.jpeg,0.9150498434901236,20.94466574447639N,106.07333379770245E,[]
5867,Mỹ Hào District-1018.jpeg,0.9150391146540642,20.91367400892939N,106.1310383462575E,[]
5869,Go Cong Town-2708.jpeg,0.9150014594197272,10.412906475136N,106.67448245318344E,[]
5873,Long Hồ District-417.jpeg,0.9149730876088142,10.148600437223596N,106.00847207316117E,[]
5882,Long Xuyen City-3161.jpeg,0.9148551002144814,10.378525741601193N,105.43995718372858E,"['926.jpeg', '9.jpeg']"
5885,Thái Bình-580.jpeg,0.9148207753896712,20.43116304143958N,106.3205686880218E,[]
5886,Go Cong Town-1605.jpeg,0.914815939962864,10.384609673115675N,106.68955261204736E,[]
5887,Sa Đéc City-2361.jpeg,0.9147793501615524,10.350261609217988N,105.72716607023159E,[]
5891,Thanh Liêm District-4187.jpeg,0.9147112742066384,20.458530146047487N,105.94771041053473E,[]
5892,Cao Lanh City-3489.jpeg,0.9146931543946266,10.47291807429077N,105.62079754189082E,[]
5895,Long Xuyen City-2625.jpeg,0.9146784469485284,10.367746007498214N,105.43447779174731E,[]
5897,Châu Thành District-1187.jpeg,0.914667971432209,10.261049271068135N,106.38954893882818E,[]
5899,Tây Ninh City-1858.jpeg,0.9146271646022796,11.343432640153088N,106.14849298625326E,[]
5901,Cao Lanh City-3248.jpeg,0.9146068543195724,10.467528207239278N,105.60846540108611E,[]
5902,Mỹ Tho-2755.jpeg,0.914602003991604,10.377219273688485N,106.39028066320114E,['839.jpeg']
5908,Long Hồ District-3101.jpeg,0.9144932776689528,10.182287106295396N,106.01531829955528E,[]
5909,Cao Lanh City-1736.jpeg,0.9144436046481133,10.437883938456077N,105.61531659042207E,[]
5913,Go Cong Town-2777.jpeg,0.9143789261579514,10.414253941898867N,106.68407255427864E,[]
5916,Long Xuyen City-1753.jpeg,0.9143461436033248,10.348881472817999N,105.43036824776134E,[]
5917,Cao Lanh City-5079.jpeg,0.9143433943390846,10.506604743362585N,105.5728392165391E,[]
5918,Long Hồ District-6297.jpeg,0.9143271893262864,10.242923110624638N,106.00984131843998E,[]
5924,Duy Tiên District-5289.jpeg,0.9142466932535172,20.67394484755273N,105.927376820054E,[]
5926,Long Hồ District-3286.jpeg,0.9142169505357742,10.184982039821136N,105.96739471479646E,[]
5929,Mỹ Hào District-3204.jpeg,0.9141157642006874,20.954098011816768N,106.0574650468498E,[]
5935,Bến Tre City-2912.jpeg,0.914054311811924,10.259669607754798N,106.38855517784562E,[]
5939,Long Xuyen City-2832.jpeg,0.9140280112624168,10.371788407786832N,105.44543657570988E,[]
5943,Binh Minh Town-1107.jpeg,0.913916938006878,10.020771605386921N,105.8679527838869E,[]
5944,Go Cong Town-4544.jpeg,0.9138927534222604,10.450635544496429N,106.64845217878214E,[]
5946,Hiệp Hòa District-9303.jpeg,0.9138839542865752,21.399579752094933N,106.00642544439235E,[]
5949,Cai Lậy Town-1706.jpeg,0.913808375597,10.393850839305879N,106.1224305833839E,[]
5950,Tây Ninh City-131.jpeg,0.9137901365756989,11.301661170503968N,106.082520855179E,[]
5951,Tây Ninh City-834.jpeg,0.9137793779373168,11.320525705184215N,106.13749763107424E,[]
5954,Vĩnh Long-1094.jpeg,0.9136809483170508,10.250344871640005N,105.91720262130343E,[]
5955,Cao Lanh City-4332.jpeg,0.913663312792778,10.490435142208117N,105.60161421175015E,[]
5956,Long Hồ District-70.jpeg,0.9136505648493768,10.140515636646363N,105.92631735643175E,[]
5958,Mỹ Tho-2875.jpeg,0.9136076122522354,10.379914207214231N,106.34918643792071E,[]
5961,Chau Doc City-4303.jpeg,0.9136027246713638,10.703869809606616N,105.13853180667738E,['473.jpeg']
5971,Cao Lanh City-2697.jpeg,0.9134498834609984,10.455401006373423N,105.59887373601575E,[]
5973,Tây Ninh City-338.jpeg,0.9134118407964706,11.307051037555466N,106.13062553408732E,[]
5974,Go Cong Town-1509.jpeg,0.9134011343121528,10.381914739589927N,106.6922926409317E,[]
5976,Long Xuyen City-1235.jpeg,0.9133932888507844,10.336754271952149N,105.46324459964906E,[]
5978,Vĩnh Long-1568.jpeg,0.9133774787187576,10.257082205454365N,105.98840787329577E,[]
5979,Long Hồ District-8821.jpeg,0.9133756831288338,10.302211648191006N,106.0043643373247E,[]
5984,Yên Mỹ District-4256.jpeg,0.9132997319102288,20.931343146196898N,106.02195317621977E,[]
5986,Châu Thành District-5480.jpeg,0.9132893458008766,10.290693539851324N,106.22931825858986E,[]
5987,Long Hồ District-8593.jpeg,0.9132860377430916,10.298169247902392N,105.97150245063291E,[]
5990,Cai Lậy Town-1326.jpeg,0.913242481648922,10.387113505491515N,106.15805279652612E,[]
5991,Ninh Bình-1643.jpeg,0.913236029446125,20.256349609871805N,105.98307008908792E,[]
5993,Thanh Liêm District-4989.jpeg,0.9131238758563996,20.470657346913683N,105.88875007871496E,[]
5998,Tây Ninh City-699.jpeg,0.9130444675683976,11.317830771658468N,106.10038830734497E,[]
6002,Tây Ninh City-3315.jpeg,0.9129303991794586,11.370381975410586N,106.07702317758954E,[]
6005,Long Xuyen City-4416.jpeg,0.9128846749663352,10.406822543621512N,105.41393007181749E,[]
6008,Cai Lậy Town-5703.jpeg,0.9128654226660728,10.467961511263871N,106.14846220068013E,[]
6014,Cai Lậy Town-4454.jpeg,0.9128012284636496,10.445054576295032N,106.1347613494716E,[]
6017,Tây Ninh City-1157.jpeg,0.9127140566706656,11.328610505761462N,106.10863482372925E,[]
6018,Cai Lậy Town-4397.jpeg,0.9127119556069374,10.443707109532163N,106.16490322213039E,[]
6019,Duy Tiên District-1469.jpeg,0.9126204401254654,20.61735124351047N,105.96193213530586E,[]
6021,Cai Lậy Town-4331.jpeg,0.9125805273652076,10.442359642769288N,106.1827143287015E,[]
6024,Go Cong Town-2921.jpeg,0.9125424474477768,10.418296342187489N,106.61283180328563E,[]
6025,Go Cong Town-1302.jpeg,0.9125358834862708,10.37652487253844N,106.68818259760518E,[]
6026,Long Hồ District-7667.jpeg,0.9125330224633216,10.280652179985056N,106.01942603539176E,[]
6028,Go Cong Town-1118.jpeg,0.91253113001585,10.372482472249823N,106.64297212101346E,[]
6029,Duy Tiên District-4936.jpeg,0.9125264436006546,20.66720751373818N,105.93889525847129E,[]
6030,Go Cong Town-2437.jpeg,0.9125246703624724,10.407516608084503N,106.61694184661216E,[]
6034,Yên Mỹ District-1327.jpeg,0.9124892428517342,20.876097008917483N,106.043587996788E,[]
6035,Trà Vinh City-356.jpeg,0.9124486818909644,9.904149970678857N,106.346814196279E,[]
6036,Long Hồ District-5629.jpeg,0.9124202579259872,10.226753509470168N,106.01531829955528E,[]
6038,Cao Lanh City-1664.jpeg,0.9124159440398216,10.436536471693207N,105.63038920696117E,[]
6044,Cai Lậy Town-5476.jpeg,0.912280298769474,10.463919110975251N,106.12928100898819E,[]
6046,Cai Lậy Town-3290.jpeg,0.9122766181826591,10.423495108089071N,106.16216305188868E,[]
6047,Ninh Bình-1545.jpeg,0.9122655838727952,20.253654676345977N,105.98307008908792E,[]
6048,Cao Lanh City-1344.jpeg,0.9122571274638176,10.431146604641716N,105.65642372643782E,[]
6051,Long Hồ District-4776.jpeg,0.9122302681207656,10.209236441552832N,106.00025660148823E,[]
6053,Cai Lậy Town-3375.jpeg,0.9122152626514436,10.424842574851947N,106.17997415845981E,[]
6057,Long Xuyen City-4547.jpeg,0.9121747836470604,10.409517477147261N,105.4468064237052E,[]
6060,Châu Thành District-4944.jpeg,0.9120965749025344,10.286651139562707N,106.37859299488026E,[]
6062,Duy Tiên District-698.jpeg,0.9120806604623796,20.594444308540986N,105.97633018332745E,[]
6065,Châu Thành District-2558.jpeg,0.9120230451226234,10.271829005171114N,106.32381327514065E,[]
6070,Châu Thành District-4801.jpeg,0.9119947478175164,10.286651139562707N,106.18275549681123E,[]
6071,Mỹ Hào District-158.jpeg,0.9119901284575462,20.88807214043406N,106.1065139131216E,[]
6072,Thái Bình-3329.jpeg,0.9119780510663986,20.501231313110896N,106.35939816311522E,[]
6073,Tây Ninh City-6034.jpeg,0.9119762107729912,11.416195845348339N,106.16910927721393E,[]
6074,Long Xuyen City-2321.jpeg,0.9119719043374062,10.362356140446725N,105.38790295990641E,[]
6075,Long Hồ District-7851.jpeg,0.9119710475206376,10.284694580273671N,105.95644075256588E,[]
6077,Phu Ly City-1478.jpeg,0.9119227305054664,20.53298240938396N,105.95742035263392E,[]
6080,Hiệp Hòa District-5166.jpeg,0.9118648394942284,21.329511480423346N,105.95000981759576E,[]
6085,Thanh Liêm District-2200.jpeg,0.9118016138672828,20.430233344026384N,105.9060067611988E,[]
6088,Bến Tre City-3345.jpeg,0.911760650575161,10.27314427538352N,106.32419972479286E,[]
6089,Cao Lanh City-4950.jpeg,0.9117471873760224,10.50256234307397N,105.629018969094E,[]
6091,Duy Tiên District-2570.jpeg,0.911730907857418,20.633520844665398N,105.94753408728424E,[]
6093,Tây Ninh City-2013.jpeg,0.9116971716284752,11.347475040441713N,106.09076737156332E,[]
6095,Trà Vinh City-726.jpeg,0.9116529375314713,9.917624638307569N,106.30850879934333E,[]
6097,Long Hồ District-5087.jpeg,0.9116417691111564,10.21597377536719N,105.98245641286351E,[]
6104,Hung Yen City-1014.jpeg,0.9115148633718492,20.632739874740647N,106.0993654483074E,[]
6108,Cao Lanh City-3491.jpeg,0.9114928096532822,10.47291807429077N,105.62353801762521E,[]
6111,Yên Mỹ District-4519.jpeg,0.911425106227398,20.955597547929333N,106.03060710444711E,[]
6112,Sa Đéc City-2119.jpeg,0.9114035442471504,10.33948187511501N,105.74086240566193E,[]
6115,Cao Lanh City-913.jpeg,0.9113556742668152,10.424409270827352N,105.64683206136746E,[]
6117,Châu Thành District-5413.jpeg,0.9113234356045724,10.289346073088451N,106.4292642356394E,[]
6118,Sa Đéc City-2720.jpeg,0.9113201722502708,10.365083743609583N,105.72031790251641E,[]
6119,Long Xuyen City-186.jpeg,0.91131691634655,10.311152403457575N,105.47694307960226E,[]
6120,Cai Lậy Town-2977.jpeg,0.9113058596849442,10.418105241037583N,106.10461947681281E,[]
6125,Phu Ly City-1375.jpeg,0.9112481698393822,20.531634942621054N,105.93151872143017E,[]
6126,Long Xuyen City-3552.jpeg,0.9112463518977164,10.38661054217843N,105.41393007181749E,['919.jpeg']
6128,Mỹ Hào District-2769.jpeg,0.9112110286951064,20.947360678002212N,106.06467811541916E,[]
6131,Phu Ly City-3859.jpeg,0.9111839011311532,20.57879627932292N,105.93007974191885E,[]
6133,Tây Ninh City-3924.jpeg,0.9111531674861908,11.379814242750715N,106.11413250131875E,[]
6134,Tây Ninh City-6279.jpeg,0.9111512526869774,11.421585712399843N,106.17598137420082E,[]
6137,Sa Đéc City-444.jpeg,0.91106828302145,10.280193337548628N,105.72168753605945E,[]
6139,Ninh Bình-388.jpeg,0.911047026515007,20.222662940799086N,105.9945596253111E,[]
6140,Mỹ Tho-2253.jpeg,0.9110267609357834,10.369134473111249N,106.33137894029916E,[]
6143,Long Hồ District-6855.jpeg,0.9110111221671104,10.26583004559346N,105.96602546951763E,[]
6144,Long Hồ District-8228.jpeg,0.9110064208507538,10.291431914088033N,105.95917924312353E,[]
6146,Cao Lanh City-3255.jpeg,0.9109976962208748,10.467528207239278N,105.61805706615645E,[]
6148,Hung Yen City-1637.jpeg,0.9109832793474196,20.64890947589557N,106.05616319907675E,"['292.jpeg', '291.jpeg']"
6150,Hiệp Hòa District-6251.jpeg,0.9109728634357452,21.342986148052496N,106.00063922625938E,[]
6155,Bến Tre City-3157.jpeg,0.910869024693966,10.266406941569157N,106.34200016925425E,['698.jpeg']
6157,Bac Giang City-1920.jpeg,0.9108432754874228,21.280699744008253N,106.21118950702068E,[]
6158,Bến Tre City-1182.jpeg,0.9108083993196489,10.228677872208738N,106.36664693850851E,[]
6160,Long Xuyen City-4449.jpeg,0.910796381533146,10.40817001038439N,105.38516326391577E,[]
6161,Bến Tre City-1369.jpeg,0.910774514079094,10.232720272497357N,106.35569281883996E,[]
6162,Phu Ly City-2462.jpeg,0.9107731878757476,20.54915201053889N,105.96893218872448E,['359.jpeg']
6163,Tam Điệp-647.jpeg,0.91075748950243,20.125085340768454N,105.89813247970444E,[]
6164,Cao Lanh City-380.jpeg,0.9107434824109076,10.41632447025012N,105.60572492535172E,[]
6166,Duy Tiên District-4523.jpeg,0.910740815103054,20.66047017992362N,106.00224666976634E,[]
6167,Cai Lậy Town-4366.jpeg,0.91072179377079,10.443707109532163N,106.1224305833839E,[]
6168,Binh Minh Town-1507.jpeg,0.9107130169868468,10.030203872727025N,105.84468912301752E,[]
6169,Long Hồ District-5880.jpeg,0.910671629011631,10.232143376521655N,105.97287169591176E,[]
6170,Cai Lậy Town-4539.jpeg,0.9106672927737236,10.446402043057908N,106.14435194531758E,[]
6172,Hiệp Hòa District-2553.jpeg,0.910625785589218,21.289087477535897N,106.01365821705858E,[]
6173,Thanh Liêm District-6419.jpeg,0.9106162935495375,20.49086934835734N,105.94914846740839E,[]
6183,Bac Giang City-3249.jpeg,0.9104636609554292,21.310344012792378N,106.20251376330387E,[]
6186,Trà Vinh City-593.jpeg,0.9104275777935982,9.912234771256085N,106.34134199671676E,[]
6188,Long Hồ District-4663.jpeg,0.9103900343179704,10.207888974789961N,105.93590207338352E,[]
6189,Hiệp Hòa District-6094.jpeg,0.910389170050621,21.34163868128958N,105.92541839053061E,[]
6190,Cao Lanh City-2474.jpeg,0.9103769212961196,10.450011139321935N,105.66190467790662E,[]
6192,Vĩnh Long-769.jpeg,0.9103564023971558,10.244955004588519N,105.90624796715078E,[]
6196,Mỹ Hào District-38.jpeg,0.910296119749546,20.87998733985658N,106.09641561712445E,[]
6204,Long Xuyen City-2357.jpeg,0.9102198854088784,10.362356140446725N,105.43721748773795E,[]
6206,Hoa Lư District-4145.jpeg,0.9102007150650024,20.295009381245738N,105.92772792128032E,[]
6207,Tây Ninh City-2657.jpeg,0.9101989716291428,11.358254774544713N,106.16498601902181E,[]
6208,Sa Đéc City-1449.jpeg,0.9101779013872148,10.313880006620439N,105.72168753605945E,[]
6209,Yên Mỹ District-2123.jpeg,0.910154789686203,20.889571676546616N,105.98301049919701E,[]
6210,Thái Bình-955.jpeg,0.9101226031780244,20.43924784201703N,106.30474927224299E,[]
6223,Cao Lanh City-1925.jpeg,0.9099086970090866,10.440578871981824N,105.64683206136746E,[]
6224,Cao Lanh City-5222.jpeg,0.9098818749189376,10.513342077176949N,105.58654159521102E,[]
6225,Châu Thành District-8031.jpeg,0.9098748341202736,10.306863141005792N,106.4032438687631E,[]
6228,Cao Lanh City-2257.jpeg,0.9098375141620636,10.44596873903332N,105.6605344400394E,[]
6233,Thái Bình-982.jpeg,0.9097092002630234,20.43924784201703N,106.34357874733641E,[]
6234,Tây Ninh City-2568.jpeg,0.9096636697649956,11.356907307781837N,106.15124182504802E,[]
6235,Bến Tre City-1987.jpeg,0.9096619188785552,10.243500006600332N,106.36801620346708E,[]
6236,Cai Lậy Town-2019.jpeg,0.909652903676033,10.39924070635737N,106.1142100726588E,[]
6239,Cai Lậy Town-3156.jpeg,0.9096225127577782,10.420800174563325N,106.17449381797637E,[]
6241,Yên Mỹ District-1023.jpeg,0.909576803445816,20.870707141865832N,106.03637638993193E,[]
6242,Sa Đéc City-2779.jpeg,0.9095595180988312,10.36777867713533N,105.72168753605945E,[]
6243,Ninh Bình-1531.jpeg,0.9095535799860954,20.253654676345977N,105.96296340069738E,[]
6246,Long Xuyen City-329.jpeg,0.909492090344429,10.315194803746191N,105.48516216757416E,[]
6248,Hung Yen City-1564.jpeg,0.9094819873571396,20.646214542369755N,106.09360514840996E,[]
6250,Thanh Liêm District-6165.jpeg,0.9094072356820108,20.4868269480686N,105.95202458115568E,[]
6251,Sa Đéc City-434.jpeg,0.9093858897686004,10.278845870785757N,105.77099434360873E,[]
6253,Long Hồ District-6187.jpeg,0.9093476980924606,10.240228177098889N,105.94822528089293E,[]
6254,Cao Lanh City-4977.jpeg,0.90934107452631,10.503909809836841N,105.5742094544063E,[]
6258,Go Cong Town-1941.jpeg,0.9092782288789748,10.39404194045578N,106.67311243874127E,[]
6259,Châu Thành District-956.jpeg,0.9092718213796616,10.259701804305262N,106.19781991973959E,[]
6265,Cai Lậy Town-1690.jpeg,0.9091370329260826,10.393850839305879N,106.10050922145024E,[]
6266,Long Hồ District-5304.jpeg,0.9091213792562484,10.22136364241868N,105.9181018847588E,[]
6269,Binh Minh Town-3228.jpeg,0.9090640693902968,10.06793294208743N,105.8570051787719E,[]
6271,Cao Lanh City-1173.jpeg,0.9090335220098495,10.428451671115972N,105.65505348857066E,[]
6273,Long Hồ District-1715.jpeg,0.908971980214119,10.16611750514093N,105.95917924312353E,[]
6274,Go Cong Town-3500.jpeg,0.908970981836319,10.427728609527595N,106.66215232320387E,[]
6275,Châu Thành District-6225.jpeg,0.9089708775281906,10.294735940139942N,106.38954893882818E,[]
6277,Mỹ Tho-3777.jpeg,0.9089429154992104,10.396083808368703N,106.35055624543003E,[]
6281,Long Hồ District-4761.jpeg,0.9088979214429856,10.209236441552832N,105.97971792230587E,[]
6282,Mỹ Tho-1442.jpeg,0.9088857769966124,10.355659805482526N,106.3108318276589E,[]
6283,Binh Minh Town-2295.jpeg,0.9088684767484664,10.046373473881486N,105.8460575736569E,[]
6284,Thanh Liêm District-4940.jpeg,0.9088497385382652,20.46930988015077N,105.95346263802935E,[]
6285,Sa Đéc City-2040.jpeg,0.9088183864951134,10.336786941589265N,105.71620900188731E,[]
6288,Châu Thành District-7836.jpeg,0.908784717321396,10.305515674242919N,106.39913538978261E,[]
6291,Trà Vinh City-325.jpeg,0.9087629839777946,9.902802503915984N,106.3563905455129E,[]
6293,Bến Tre City-2888.jpeg,0.9087408035993576,10.259669607754798N,106.35569281883996E,[]
6294,Mỹ Hào District-253.jpeg,0.9087171331048012,20.89211454072279N,106.13536618739911E,[]
6295,Hung Yen City-1339.jpeg,0.9087135419249536,20.64082467531811N,106.0604834239998E,['295.jpeg']
6301,Tây Ninh City-3510.jpeg,0.9086749479174614,11.373076908936339N,106.11688134011352E,[]
6313,Cai Lậy Town-6223.jpeg,0.9084081426262856,10.478741245366848N,106.14024168995502E,[]
6317,Châu Thành District-212.jpeg,0.9083515480160712,10.248922070202283N,106.21836231464192E,[]
6318,Yên Mỹ District-3405.jpeg,0.908346451818943,20.911131144753217N,106.01329924799252E,[]
6319,Tây Ninh City-228.jpeg,0.908331386744976,11.304356104029715N,106.10863482372925E,[]
6320,Long Xuyen City-3964.jpeg,0.9083304777741432,10.396042809518535N,105.40297128785494E,[]
6321,Cai Lậy Town-4013.jpeg,0.9083297327160836,10.436969775717799N,106.18408441382235E,[]
6322,Sa Đéc City-2555.jpeg,0.9083135351538658,10.358346409795221N,105.70799120062911E,[]
6324,Tây Ninh City-4692.jpeg,0.9083094969391824,11.39194144361659N,106.10726040433188E,[]
6325,Mỹ Tho-3312.jpeg,0.9082781374454498,10.387999007791462N,106.31494125018696E,[]
6326,Tây Ninh City-3769.jpeg,0.9082646444439888,11.377119309224963N,106.13062553408732E,[]
6327,Vĩnh Long-1406.jpeg,0.9082471132278442,10.255734738691492N,105.88433865884542E,[]
6331,Tam Điệp-2517.jpeg,0.9082328155636789,20.15742454307825N,105.90530954680744E,[]
6334,Hiệp Hòa District-4317.jpeg,0.9081426411867142,21.31738427955711N,105.93843738132982E,[]
6335,Cai Lậy Town-4912.jpeg,0.9081393033266068,10.45313937687227N,106.14161177507587E,[]
6336,Trà Vinh City-2330.jpeg,0.9081124439835548,9.975565709111041N,106.32355734813949E,[]
6337,Long Xuyen City-2948.jpeg,0.9081019312143326,10.374483341312578N,105.42488885578004E,[]
6338,Yên Mỹ District-1062.jpeg,0.9080951362848282,20.87205460862875N,105.99022210605307E,[]
6340,Cao Lanh City-5149.jpeg,0.9080413728952408,10.507952210125461N,105.63861063416432E,[]
6341,Ninh Bình-2348.jpeg,0.9080217629671096,20.283298945129978N,105.95291005650212E,[]
6342,Go Cong Town-4817.jpeg,0.9080138429999352,10.466805145650902N,106.6457121498978E,[]
6343,Châu Thành District-3634.jpeg,0.9080070853233336,10.278566338985474N,106.39776589678914E,[]
6352,Mỹ Tho-3988.jpeg,0.9078996777534484,10.40147367542019N,106.38206181814505E,[]
6353,Cao Lanh City-3535.jpeg,0.9078982546925544,10.474265541053642N,105.60024397388295E,[]
6356,Go Cong Town-276.jpeg,0.9078698381781578,10.348228070518116N,106.68544256872082E,[]
6357,Bến Tre City-1617.jpeg,0.9078623428940772,10.23676267278597N,106.3981400325556E,[]
6358,Vĩnh Long-694.jpeg,0.9078420996665956,10.243607537825643N,105.910355962458E,[]
6359,Bến Tre City-3094.jpeg,0.9078388884663582,10.265059474806286N,106.32283045983426E,[]
6364,Sa Đéc City-505.jpeg,0.9077971205115318,10.2815408043115N,105.74223203920499E,[]
6365,Thanh Liêm District-5413.jpeg,0.9077797308564186,20.476047213965323N,105.95058652428204E,[]
6366,Cai Lậy Town-6129.jpeg,0.9077796936035156,10.476046311841102N,106.17586390309722E,[]
6369,Cai Lậy Town-3053.jpeg,0.9077345356345176,10.419452707800456N,106.12654083874648E,[]
6372,Mỹ Tho-3307.jpeg,0.9076909348368644,10.387999007791462N,106.30809221264022E,[]
6374,Tam Điệp-452.jpeg,0.9076776057481766,20.12104294047973N,105.92253450785479E,[]
6376,Mỹ Tho-4039.jpeg,0.9076406732201576,10.404168608945934N,106.38617124067312E,[]
6379,Cai Lậy Town-2570.jpeg,0.9076184555888176,10.40867297369747N,106.17449381797637E,[]
6384,Cai Lậy Town-5772.jpeg,0.9075327664613724,10.46930897802674N,106.14572203043844E,[]
6386,Hung Yen City-1701.jpeg,0.9075180739164352,20.650256942658483N,106.07776432369208E,['305.jpeg']
6393,Cai Lậy Town-2599.jpeg,0.9074702709913254,10.410020440460348N,106.11832032802134E,[]
6394,Hiệp Hòa District-3738.jpeg,0.9074502810835838,21.30929947897962N,105.90082696346543E,[]
6395,Tây Ninh City-6156.jpeg,0.9074455872178078,11.418890778874088N,106.17323253540609E,[]
6397,Phu Ly City-1090.jpeg,0.9073906019330024,20.52759254233232N,105.8854713770679E,[]
6400,Cao Lanh City-1830.jpeg,0.907316192984581,10.439231405218955N,105.63038920696117E,[]
6402,Binh Minh Town-4455.jpeg,0.9072482362389565,10.10566201144784N,105.84879447493567E,[]
6403,Bac Giang City-301.jpeg,0.9072344079613686,21.241623207883734N,106.18082440401182E,[]
6409,Binh Minh Town-2163.jpeg,0.9071349576115608,10.043678540355744N,105.85153137621441E,[]
6412,Trà Vinh City-1151.jpeg,0.9071044102311134,9.935141706224899N,106.3372378470451E,['735.jpeg']
6413,Long Hồ District-4365.jpeg,0.9070692658424376,10.201151640975601N,105.99751811093057E,[]
6415,Châu Thành District-2728.jpeg,0.9070365577936172,10.273176471933986N,106.28957595030342E,[]
6416,Tây Ninh City-345.jpeg,0.907000832259655,11.308398504318339N,106.07564875819214E,[]
6417,Trà Vinh City-888.jpeg,0.9069573283195496,9.923014505359054N,106.31671709868672E,[]
6420,Châu Thành District-6292.jpeg,0.9069028794765472,10.296083406902813N,106.19918941273308E,[]
6421,Thanh Liêm District-6218.jpeg,0.906897284090519,20.488174414831512N,105.89881647683056E,[]
6422,Long Xuyen City-4087.jpeg,0.9068961888551712,10.398737743044281N,105.41529991981282E,['480.jpeg']
6423,Tây Ninh City-4431.jpeg,0.9068932980298996,11.387899043327963N,106.10451156553712E,[]
6424,Binh Minh Town-1111.jpeg,0.9068906009197236,10.020771605386921N,105.87342658644441E,[]
6429,Long Hồ District-5883.jpeg,0.906838357448578,10.232143376521655N,105.97697943174823E,[]
6431,Vĩnh Long-632.jpeg,0.9068346545100212,10.242260071062768N,105.92952660722517E,[]
6434,Mỹ Tho-3727.jpeg,0.906737744808197,10.394736341605826N,106.37384297308895E,[]
6452,Cai Lậy Town-2754.jpeg,0.906421296298504,10.41271537398609N,106.14298186019671E,[]
6453,Cai Lậy Town-6348.jpeg,0.9064169749617575,10.48278364565547N,106.10324939169192E,[]
6454,Cai Lậy Town-4232.jpeg,0.9063752070069312,10.441012176006414N,106.15531262628441E,[]
6458,Tây Ninh City-1110.jpeg,0.9063229262828828,11.327263038998591N,106.12787669529254E,[]
6460,Bac Giang City-1996.jpeg,0.9062735214829444,21.28204721077117N,106.20685163516228E,[]
6461,Phu Ly City-243.jpeg,0.9062724784016608,20.50738054088867N,105.9113730082717E,['396.jpeg']
6462,Go Cong Town-3439.jpeg,0.9062614217400552,10.426381142764722N,106.69366265537386E,[]
6463,Bến Tre City-2600.jpeg,0.9062502682209016,10.254279740703309N,106.33515384446142E,[]
6464,Tây Ninh City-2144.jpeg,0.9062461331486702,11.350169973967462N,106.08939295216592E,[]
6465,Cai Lậy Town-2360.jpeg,0.9062411040067672,10.404630573408856N,106.17997415845981E,[]
6466,Cai Lậy Town-5784.jpeg,0.9062335193157196,10.46930897802674N,106.16216305188868E,[]
6468,Cao Lanh City-3237.jpeg,0.9061801135540009,10.467528207239278N,105.59339278454698E,[]
6477,Cai Lậy Town-4096.jpeg,0.9059974402189256,10.43831724248067N,106.1881946691849E,[]
6481,Vĩnh Long-316.jpeg,0.905973754823208,10.23417527048554N,105.98293054621945E,[]
6485,Tây Ninh City-1072.jpeg,0.9058874994516372,11.327263038998591N,106.07564875819214E,[]
6487,Mỹ Hào District-1659.jpeg,0.9058467149734496,20.928496143321432N,106.08054686627182E,[]
6491,Long Hồ District-1481.jpeg,0.9058048203587532,10.163422571615186N,105.94137905449881E,[]
6492,Duy Tiên District-3471.jpeg,0.9058024808764458,20.645648045531594N,105.99216803615124E,[]
6493,Mỹ Hào District-3835.jpeg,0.9057890847325324,20.97026761297173N,106.0877599348412E,[]
6498,Cao Lanh City-4611.jpeg,0.9057320207357408,10.495825009259605N,105.6070951632189E,[]
6501,Tây Ninh City-2585.jpeg,0.905680686235428,11.356907307781837N,106.17460695480347E,[]
6502,Mỹ Tho-1246.jpeg,0.9056707546114922,10.351617405193908N,106.3724731655796E,[]
6504,Thanh Liêm District-6951.jpeg,0.9056570529937744,20.50030161569771N,105.88875007871496E,[]
6507,Long Hồ District-860.jpeg,0.9056239798665048,10.155337771037951N,105.95233301672941E,[]
6512,Binh Minh Town-1416.jpeg,0.905557319521904,10.02750893920128N,105.88574264219878E,[]
6516,Duy Tiên District-993.jpeg,0.9054777920246124,20.605224042644267N,105.96769135451449E,[]
6523,Sa Đéc City-148.jpeg,0.905365526676178,10.270761070208524N,105.75318910754926E,[]
6524,Cai Lậy Town-3095.jpeg,0.905341774225235,10.419452707800456N,106.18408441382235E,[]
6525,Trà Vinh City-2005.jpeg,0.9053240343928336,9.967480908533812N,106.32902954770172E,[]
6526,Tây Ninh City-1016.jpeg,0.9053191542625428,11.325915572235711N,106.0797720163843E,[]
6528,Tây Ninh City-3150.jpeg,0.9052935019135476,11.367687041884835N,106.07702317758954E,[]
6529,Long Hồ District-5399.jpeg,0.9052817076444626,10.222711109181553N,105.95917924312353E,[]
6530,Cai Lậy Town-5228.jpeg,0.905261717736721,10.458529243923762N,106.17860407333892E,[]
6532,Go Cong Town-1467.jpeg,0.9052144438028336,10.381914739589927N,106.6347520343604E,[]
6536,Cai Lậy Town-2157.jpeg,0.9051762223243712,10.401935639883115N,106.10050922145024E,[]
6537,Châu Thành District-3117.jpeg,0.9051361680030824,10.275871405459727N,106.27040304839456E,[]
6540,Cao Lanh City-4983.jpeg,0.9050560966134072,10.503909809836841N,105.58243088160947E,[]
6541,Go Cong Town-3740.jpeg,0.9050536081194878,10.431771009816211N,106.66763238097258E,[]
6546,Binh Minh Town-2591.jpeg,0.9050059020519255,10.051763340932972N,105.87479503708379E,[]
6547,Cai Lậy Town-3072.jpeg,0.9049719274044036,10.419452707800456N,106.1525724560427E,[]
6550,Cao Lanh City-2641.jpeg,0.9049109071493148,10.454053539610552N,105.60846540108611E,[]
6552,Long Xuyen City-3228.jpeg,0.9049000069499016,10.379873208364065N,105.43721748773795E,[]
6553,Cai Lậy Town-3269.jpeg,0.9048947542905807,10.423495108089071N,106.13339126435075E,[]
6554,Mỹ Hào District-1086.jpeg,0.904884360730648,20.915021475692306N,106.14834971082404E,[]
6555,Cai Lậy Town-5599.jpeg,0.9048816114664078,10.466614044500997N,106.10324939169192E,[]
6556,Cao Lanh City-3687.jpeg,0.9048677757382392,10.476960474579384N,105.64135110989872E,[]
6558,Cai Lậy Town-2790.jpeg,0.9048461988568306,10.414062840748963N,106.10050922145024E,[]
6561,Tam Điệp-2251.jpeg,0.9048094600439072,20.15338214278953N,105.9239699212754E,[]
6562,Cao Lanh City-2176.jpeg,0.9048055335879326,10.444621272270446N,105.65779396430501E,[]
6564,Go Cong Town-914.jpeg,0.9047667160630226,10.367092605198332N,106.64434213545564E,[]
6565,Cai Lậy Town-4632.jpeg,0.90475395321846,10.447749509820778N,106.16627330725123E,[]
6566,Cai Lậy Town-4563.jpeg,0.904739610850811,10.446402043057908N,106.17723398821808E,[]
6569,Binh Minh Town-2716.jpeg,0.9047153517603874,10.054458274458714N,105.86521588260818E,[]
6571,Go Cong Town-4502.jpeg,0.9047107771039008,10.449288077733554N,106.63338201991824E,[]
6576,Vĩnh Long-525.jpeg,0.9046219885349274,10.239565137537028N,105.9623905696832E,[]
6577,Hiệp Hòa District-645.jpeg,0.9046073257923126,21.25135840817429N,105.96013569932848E,[]
6578,Long Hồ District-5582.jpeg,0.904600977897644,10.226753509470168N,105.94000980922003E,['563.jpeg']
6579,Mỹ Hào District-2896.jpeg,0.9045866876840593,20.948708144765128N,106.12094005026037E,[]
6581,Long Xuyen City-4514.jpeg,0.904549777507782,10.409517477147261N,105.40160143985962E,[]
6582,Long Hồ District-6040.jpeg,0.9045427218079568,10.236185776810276N,105.94137905449881E,[]
6583,Tây Ninh City-6417.jpeg,0.9045412093400956,11.425628112688466N,106.11963017890828E,[]
6589,Trà Vinh City-2206.jpeg,0.9044734314084052,9.972870775585298N,106.30987684923393E,[]
6590,Tây Ninh City-4944.jpeg,0.9044708088040352,11.395983843905213N,106.1127580819214E,[]
6594,Cao Lanh City-712.jpeg,0.9044205024838448,10.421714337301607N,105.60298444961734E,[]
6598,Long Xuyen City-3147.jpeg,0.9043068885803224,10.378525741601193N,105.42077931179409E,[]
6601,Cai Lậy Town-2960.jpeg,0.9042650759220124,10.416757774274714N,106.16216305188868E,[]
6602,Tây Ninh City-1006.jpeg,0.9042224660515784,11.324568105472839N,106.14299530866373E,[]
6607,Bac Giang City-3217.jpeg,0.9041707813739776,21.310344012792378N,106.1562431301475E,[]
6608,Tây Ninh City-5482.jpeg,0.9041703566908836,11.405416111245337N,106.12925111468995E,[]
6609,Hiệp Hòa District-7659.jpeg,0.90414909273386,21.363198149496224N,106.00063922625938E,[]
6615,Long Xuyen City-4959.jpeg,0.9040424525737762,10.42029721125024N,105.4468064237052E,[]
6616,Châu Thành District-9045.jpeg,0.9040326774120332,10.314947941583023N,106.30190138724483E,[]
6618,Long Hồ District-6124.jpeg,0.903980940580368,10.23888071033602N,105.92768660171058E,[]
6619,Duy Tiên District-2330.jpeg,0.9039751663804054,20.629478444376662N,106.01232530338144E,[]
6621,Long Hồ District-4700.jpeg,0.9038987904787064,10.207888974789961N,105.9865641487E,[]
6624,Yên Mỹ District-3350.jpeg,0.9038327187299728,20.909783677990298N,106.03926103267437E,[]
6625,Go Cong Town-3488.jpeg,0.9038198292255402,10.427728609527595N,106.6457121498978E,[]
6626,Cao Lanh City-3581.jpeg,0.9038085713982582,10.47561300781652N,105.57969040587507E,[]
6630,Long Xuyen City-3169.jpeg,0.9037117958068848,10.378525741601193N,105.45091596769116E,[]
6635,Cai Lậy Town-933.jpeg,0.9035746082663536,10.380376171677153N,106.15668271140524E,[]
6636,Hung Yen City-555.jpeg,0.903547577559948,20.623307607400267N,106.09360514840996E,[]
6644,Phu Ly City-1358.jpeg,0.9034115076065063,20.531634942621054N,105.9070560697377E,[]
6646,Hiệp Hòa District-7586.jpeg,0.903382696211338,21.361850682733312N,106.01944443519157E,[]
6647,Mỹ Tho-3055.jpeg,0.9033782109618188,10.382609140739975N,106.38754104818243E,[]
6648,Tây Ninh City-2407.jpeg,0.9033547341823578,11.354212374256086N,106.14711856685587E,['983.jpeg']
6651,Go Cong Town-747.jpeg,0.9033125340938568,10.361702738146843N,106.71010282867995E,[]
6652,Yên Mỹ District-858.jpeg,0.9032905921339988,20.86801220834002N,106.0017606770228E,[]
6654,Vĩnh Long-1515.jpeg,0.9032685533165932,10.257082205454365N,105.91583328953435E,[]
6656,Long Hồ District-2896.jpeg,0.9032541960477828,10.18093963953252N,105.88523999806705E,[]
6660,Yên Mỹ District-1847.jpeg,0.903225027024746,20.884181809494965N,106.07676138832596E,[]
6661,Châu Thành District-440.jpeg,0.9032249376177788,10.252964470490902N,106.24438268151823E,[]
6663,Cao Lanh City-1162.jpeg,0.90319262444973,10.428451671115972N,105.63998087203153E,['515.jpeg']
6664,Châu Thành District-3047.jpeg,0.9031914174556732,10.275871405459727N,106.17453853885024E,[]
6666,Cao Lanh City-4861.jpeg,0.9031780287623404,10.501214876311098N,105.57969040587507E,[]
6668,Thanh Liêm District-4152.jpeg,0.903143271803856,20.458530146047487N,105.8973784199569E,[]
6674,Go Cong Town-3593.jpeg,0.9030486792325974,10.429076076290466N,106.68270253983648E,['601.jpeg']
6675,Tây Ninh City-5268.jpeg,0.9030365273356438,11.401373710956712N,106.13337437288207E,[]
6676,Go Cong Town-4245.jpeg,0.9030357971787452,10.441203277156319N,106.64434213545564E,[]
6677,Thanh Liêm District-6338.jpeg,0.9030345305800438,20.48952188159442N,105.95202458115568E,[]
6679,Cao Lanh City-2293.jpeg,0.9029829874634744,10.447316205796186N,105.60983563895327E,[]
6684,Long Hồ District-784.jpeg,0.9029031842947006,10.153990304275084N,106.0043643373247E,[]
6686,Vĩnh Long-2159.jpeg,0.9028556048870088,10.269209406320215N,105.89940130830534E,[]
6687,Trà Vinh City-2082.jpeg,0.9028552547097206,9.968828375296683N,106.37417519409016E,[]
6688,Ninh Bình-2337.jpeg,0.9028366655111312,20.281951478367073N,105.9672719767811E,[]
6693,Go Cong Town-660.jpeg,0.9027449637651443,10.36035527138397N,106.66489235208824E,[]
6696,Hiệp Hòa District-5709.jpeg,0.9026983007788658,21.336248814237923N,105.9847271263937E,[]
6697,Cai Lậy Town-3431.jpeg,0.9026950150728226,10.426190041614822N,106.15805279652612E,[]
6698,Long Xuyen City-5233.jpeg,0.9026669561862946,10.428382011827477N,105.44954611969584E,[]
6699,Tây Ninh City-2540.jpeg,0.9026602059602736,11.356907307781837N,106.1127580819214E,[]
6702,Long Hồ District-6314.jpeg,0.9026207327842712,10.244270577387509N,105.99067188453644E,[]
6703,Hiệp Hòa District-5057.jpeg,0.9026037827134132,21.328164013660434N,105.93554427226331E,[]
6706,Long Hồ District-6971.jpeg,0.9025240540504456,10.267177512356332N,106.0344877334588E,[]
6708,Long Hồ District-8223.jpeg,0.902388133108616,10.291431914088033N,105.95233301672941E,[]
6721,Sa Đéc City-2151.jpeg,0.9022484868764876,10.340829341877884N,105.743601672748E,[]
6722,Mỹ Tho-3746.jpeg,0.9021906778216362,10.394736341605826N,106.3998693157666E,[]
6723,Yên Mỹ District-2420.jpeg,0.902158997952938,20.893614076835348N,106.04935728227288E,['243.jpeg']
6725,Cai Lậy Town-4624.jpeg,0.9021454453468324,10.447749509820778N,106.15531262628441E,[]
6726,Vĩnh Long-980.jpeg,0.9021038711071014,10.24764993811426N,105.9801918826813E,[]
6727,Cao Lanh City-674.jpeg,0.9021011367440224,10.420366870538738N,105.6660153915082E,[]
6728,Cai Lậy Town-2574.jpeg,0.9020855203270912,10.40867297369747N,106.17997415845981E,[]
6731,Hiệp Hòa District-4331.jpeg,0.902046985924244,21.31738427955711N,105.95868914479524E,[]
6734,Tây Ninh City-5271.jpeg,0.9019677639007568,11.401373710956712N,106.13749763107424E,[]
6741,Phu Ly City-6.jpeg,0.90182476490736,20.485821072682107N,105.91568994680563E,[]
6744,Yên Mỹ District-1071.jpeg,0.9018172696232796,20.87205460862875N,106.00320299839402E,[]
6747,Tây Ninh City-1682.jpeg,0.9018035531044006,11.340737706627339N,106.07839759698689E,[]
6749,Mỹ Tho-3425.jpeg,0.9017337113618852,10.389346474554337N,106.36151470550483E,[]
6750,Mỹ Hào District-327.jpeg,0.901730552315712,20.894809474248618N,106.12238266397425E,[]
6751,Tây Ninh City-6683.jpeg,0.9017264172434808,11.43371291326572N,106.10588598493449E,[]
6755,Vĩnh Long-106.jpeg,0.9015628397464752,10.228785403434047N,105.95691324260686E,['658.jpeg']
6764,Tây Ninh City-2188.jpeg,0.9013047143816948,11.350169973967462N,106.14986740565064E,[]
6765,Long Hồ District-106.jpeg,0.9012957289814948,10.141863103409237N,105.94548679033528E,[]
6766,Châu Thành District-2364.jpeg,0.9012926891446114,10.27048153840824N,106.31285733119275E,[]
6768,Phu Ly City-3332.jpeg,0.901251085102558,20.565321611693822N,105.96461525019052E,[]
6769,Vĩnh Long-1313.jpeg,0.9012425914406776,10.253039805165749N,105.98840787329577E,[]
6770,Sa Đéc City-910.jpeg,0.901242196559906,10.295015471940223N,105.74771057337713E,[]
6771,Sa Đéc City-916.jpeg,0.9012390673160552,10.295015471940223N,105.75592837463535E,[]
6777,Binh Minh Town-2661.jpeg,0.9011621996760368,10.053110807695843N,105.88163729028066E,[]
6778,Binh Minh Town-803.jpeg,0.9011613354086876,10.014034271572568N,105.85426827749315E,[]
6780,Thái Bình-2934.jpeg,0.901123471558094,20.48506171195596N,106.3478931334579E,"['454.jpeg', '453.jpeg']"
6781,Long Hồ District-6456.jpeg,0.9011214450001716,10.25100791120187N,106.01394905427645E,[]
6782,Tây Ninh City-472.jpeg,0.9011208117008208,11.311093437844091N,106.1182557595109E,[]
6786,Go Cong Town-132.jpeg,0.9010974392294884,10.342838203466629N,106.67174242429908E,[]
6791,Tây Ninh City-3910.jpeg,0.9009801298379898,11.379814242750715N,106.09489062975544E,[]
6793,Bac Giang City-2115.jpeg,0.9009197354316713,21.284742144297002N,106.1576890874336E,[]
6797,Cao Lanh City-2439.jpeg,0.9008359611034392,10.450011139321935N,105.61394635255486E,[]
6798,Cao Lanh City-637.jpeg,0.9008344188332558,10.420366870538738N,105.61531659042207E,[]
6807,Cao Lanh City-700.jpeg,0.9006814509630203,10.421714337301607N,105.58654159521102E,[]
6808,Cao Lanh City-1576.jpeg,0.9006498754024506,10.435189004930333N,105.6249082554924E,[]
6811,Sa Đéc City-2174.jpeg,0.9006248116493225,10.342176808640756N,105.73401423794677E,[]
6812,Bac Giang City-2328.jpeg,0.900622271001339,21.287437077822833N,106.24878439646025E,[]
6813,Binh Minh Town-56.jpeg,0.9006177708506584,9.989779869840879N,105.88847954347752E,[]
6814,Hiệp Hòa District-4453.jpeg,0.9006027430295944,21.318731746320022N,106.00353233532584E,[]
6815,Cai Lậy Town-2352.jpeg,0.9005927592515945,10.404630573408856N,106.16901347749294E,[]
6817,Trà Vinh City-1477.jpeg,0.9005627259612083,9.951311307379353N,106.33176564748287E,[]
6820,Cai Lậy Town-2092.jpeg,0.9005052894353867,10.400588173120237N,106.11146990241708E,[]
6822,Cai Lậy Town-3565.jpeg,0.9004734009504318,10.428884975140564N,106.15531262628441E,[]
6823,Go Cong Town-1180.jpeg,0.9004700109362602,10.373829939012698N,106.65941229431952E,[]
6825,Cai Lậy Town-3731.jpeg,0.900461345911026,10.43157990866631N,106.19778526503087E,[]
6827,Cai Lậy Town-3486.jpeg,0.900451734662056,10.427537508377691N,106.13887160483415E,[]
6830,Cai Lậy Town-1708.jpeg,0.9004381000995636,10.393850839305879N,106.12517075362561E,[]
6831,Long Hồ District-4578.jpeg,0.9004039242863655,10.205194041264217N,106.0043643373247E,['683.jpeg']
6833,Bac Giang City-2899.jpeg,0.9003919214010239,21.29956427868906N,106.21552737887913E,[]
6834,Tây Ninh City-1237.jpeg,0.900356650352478,11.329957972524337N,106.13474879227947E,[]
6835,Sa Đéc City-1581.jpeg,0.900339737534523,10.31792240690905N,105.74497130629103E,[]
6837,Chau Doc City-4353.jpeg,0.9003224968910217,10.705217276369488N,105.11522045413554E,[]
6838,Cai Lậy Town-3445.jpeg,0.900321289896965,10.426190041614822N,106.17723398821808E,[]
6840,Cao Lanh City-824.jpeg,0.9003147855401039,10.423061804064481N,105.64135110989872E,[]
6843,Long Xuyen City-1219.jpeg,0.9002541825175285,10.336754271952149N,105.4413270317239E,[]
6846,Trà Vinh City-1473.jpeg,0.9002223685383797,9.951311307379353N,106.32629344792062E,[]
6849,Tây Ninh City-6062.jpeg,0.9001464545726776,11.417543312111215N,106.12650227589519E,[]
6850,Tây Ninh City-6050.jpeg,0.9001258462667465,11.417543312111215N,106.11000924312664E,[]
6852,Go Cong Town-341.jpeg,0.9000703021883965,10.350923004043862N,106.67037240985691E,[]
6854,Cao Lanh City-2847.jpeg,0.9000225067138672,10.458095939899168N,105.63175944482836E,[]
6856,Vĩnh Long-649.jpeg,0.8999262899160385,10.242260071062768N,105.9528052472996E,[]
6858,Cai Lậy Town-1489.jpeg,0.8999164551496506,10.38980843901726N,106.15805279652612E,[]
6859,Tây Ninh City-974.jpeg,0.899839773774147,11.324568105472839N,106.0990138879476E,[]
6862,Cai Lậy Town-4944.jpeg,0.8998002484440804,10.45313937687227N,106.1854544989432E,[]
6863,Duy Tiên District-1669.jpeg,0.899800069630146,20.62004617703629N,106.01520491298577E,[]
6868,Binh Minh Town-1829.jpeg,0.8997258543968201,10.036941206541384N,105.85153137621441E,[]
6869,Thái Bình-488.jpeg,0.8997240513563156,20.42846810791374N,106.35076939087223E,[]
6870,Go Cong Town-3475.jpeg,0.8997152894735336,10.427728609527595N,106.62790196214955E,['598.jpeg']
6872,Ninh Bình-1127.jpeg,0.8996938988566399,20.244222409005623N,105.95147386447422E,[]
6873,Go Cong Town-3431.jpeg,0.8996805772185326,10.426381142764722N,106.68270253983648E,[]
6874,Tây Ninh City-1599.jpeg,0.899619035422802,11.338042773101586N,106.13062553408732E,[]
6876,Long Hồ District-4029.jpeg,0.8995710611343384,10.195761773924112N,105.9345328281047E,[]
6877,Thái Bình-452.jpeg,0.8995172008872032,20.427120641150832N,106.37090319277254E,[]
6883,Ninh Bình-195.jpeg,0.8994747400283813,20.214578140221626N,105.9945596253111E,[]
6884,Long Hồ District-5244.jpeg,0.899461030960083,10.220016175655811N,105.92494811115294E,[]
6889,Vĩnh Long-765.jpeg,0.8994225859642029,10.244955004588519N,105.90077064007444E,[]
6891,Mỹ Tho-2003.jpeg,0.8993843644857407,10.365092072822634N,106.31357144267761E,[]
6892,Go Cong Town-992.jpeg,0.8993674516677856,10.368440071961205N,106.67859249650996E,['856.jpeg']
6893,Hiệp Hòa District-3617.jpeg,0.8993362784385681,21.306604545453805N,105.99485300812638E,[]
6895,Sa Đéc City-1511.jpeg,0.8993147388100624,10.315227473383308N,105.75318910754926E,[]
6896,Sa Đéc City-501.jpeg,0.8992854878306389,10.2815408043115N,105.73675350503285E,[]
6897,Duy Tiên District-4391.jpeg,0.8992767408490181,20.65912271316071N,105.93169623446049E,[]
6898,Long Hồ District-5810.jpeg,0.8992419615387917,10.230795909758786N,105.95780999784469E,['42.jpeg']
6902,Châu Thành District-8209.jpeg,0.8992037698626518,10.308210607768663N,106.3868099528412E,[]
6906,Tây Ninh City-5328.jpeg,0.8991049602627754,11.402721177719588N,106.11413250131875E,[]
6907,Cao Lanh City-2958.jpeg,0.899065688252449,10.460790873424916N,105.61531659042207E,[]
6908,Cai Lậy Town-4841.jpeg,0.899057075381279,10.4517919101094N,106.14435194531758E,[]
6909,Tam Điệp-2617.jpeg,0.8990555331110954,20.158772009841154N,105.90961578706928E,['890.jpeg']
6910,Cai Lậy Town-2633.jpeg,0.8990434929728508,10.410020440460348N,106.16490322213039E,[]
6911,Hung Yen City-2663.jpeg,0.8990368768572807,20.682596144968354N,106.05760327405113E,[]
6912,Sa Đéc City-539.jpeg,0.8990175947546959,10.282888271074373N,105.72990533731766E,[]
6913,Vĩnh Long-883.jpeg,0.8989585041999817,10.246302471351386N,105.95417457906869E,[]
6914,Mỹ Tho-3111.jpeg,0.8989323899149895,10.383956607502846N,106.36014489799547E,[]
6921,Cai Lậy Town-3383.jpeg,0.8987896516919136,10.424842574851947N,106.19093483942662E,[]
6922,Go Cong Town-2734.jpeg,0.8987598493695259,10.414253941898867N,106.62516193326519E,[]
6924,Long Xuyen City-3167.jpeg,0.8987509459257126,10.378525741601193N,105.44817627170053E,[]
6925,Tây Ninh City-5766.jpeg,0.89874267578125,11.41080597829684N,106.13749763107424E,[]
6926,Chau Doc City-2732.jpeg,0.8987354189157486,10.678267941112024N,105.10425040588055E,[]
6927,Cao Lanh City-3287.jpeg,0.8986969366669655,10.46887567400215N,105.58243088160947E,[]
6929,Long Hồ District-3001.jpeg,0.8985695540904999,10.182287106295396N,105.87839377167293E,[]
6930,Sa Đéc City-1415.jpeg,0.898518018424511,10.312532539857562N,105.72716607023159E,[]
6931,Yên Mỹ District-2577.jpeg,0.8985110148787498,20.89630901036118N,106.04214567541679E,[]
6936,Long Xuyen City-3494.jpeg,0.8984609320759773,10.385263075415558N,105.42625870377537E,['484.jpeg']
6939,Thanh Liêm District-6805.jpeg,0.8984446674585342,20.49760668217188N,105.92182538680898E,[]
6943,Binh Minh Town-2176.jpeg,0.8984012380242348,10.043678540355744N,105.86932123452628E,[]
6944,Long Xuyen City-607.jpeg,0.8983705341815948,10.323279604323425N,105.44817627170053E,[]
6945,Phu Ly City-2035.jpeg,0.8983442038297653,20.542414676724338N,105.9070560697377E,[]
6946,Yên Mỹ District-2257.jpeg,0.8983219489455223,20.890919143309524N,106.05368424638654E,[]
6948,Cai Lậy Town-4242.jpeg,0.8982984647154808,10.441012176006414N,106.16901347749294E,[]
6949,Go Cong Town-3180.jpeg,0.8982872292399406,10.422338742476105N,106.67722248206778E,[]
6951,Trà Vinh City-3151.jpeg,0.8982654511928558,9.999820110842727N,106.31534904879615E,[]
6954,Cao Lanh City-2287.jpeg,0.8982272446155548,10.447316205796186N,105.60161421175015E,[]
6958,Ninh Bình-1208.jpeg,0.8981421813368797,20.24556987576853N,105.98307008908792E,[]
6959,Mỹ Tho-3383.jpeg,0.8981324657797813,10.389346474554337N,106.30398279011217E,[]
6963,Trà Vinh City-2337.jpeg,0.8980604037642479,9.975565709111041N,106.3331336973734E,[]
6964,Châu Thành District-2009.jpeg,0.8980520963668823,10.267786604882494N,106.32244378214718E,[]
6966,Mỹ Hào District-3335.jpeg,0.8980375155806541,20.955445478579687N,106.12382527768811E,[]
6967,Long Hồ District-5878.jpeg,0.8980171158909798,10.232143376521655N,105.9701332053541E,[]
6968,Bến Tre City-3097.jpeg,0.8979666605591774,10.265059474806286N,106.32693825471E,[]
6969,Cao Lanh City-472.jpeg,0.8979627639055252,10.417671937012992N,105.61805706615645E,[]
6972,Yên Mỹ District-3379.jpeg,0.8979505747556686,20.911131144753217N,105.97579889234092E,[]
6975,Cai Lậy Town-5782.jpeg,0.8979024142026901,10.46930897802674N,106.15942288164696E,[]
6978,Duy Tiên District-5243.jpeg,0.8978847488760948,20.672597380789824N,105.98640881694259E,[]
6981,Mỹ Tho-3416.jpeg,0.8978457078337669,10.389346474554337N,106.34918643792071E,[]
6982,Hiệp Hòa District-7172.jpeg,0.8978011086583138,21.356460815681647N,105.93699082679657E,[]
6984,Bến Tre City-2425.jpeg,0.8977509140968323,10.25023734041469N,106.39677076759702E,[]
6985,Tây Ninh City-2004.jpeg,0.8977502956986427,11.347475040441713N,106.07839759698689E,[]
6987,Cao Lanh City-1622.jpeg,0.8977348133921623,10.435189004930333N,105.68793919738322E,[]
6989,Cao Lanh City-3010.jpeg,0.8976953774690628,10.462138340187787N,105.60572492535172E,[]
6993,Yên Mỹ District-4289.jpeg,0.8975683078169823,20.932690612959814N,106.01762621210614E,[]
6999,Vĩnh Long-957.jpeg,0.8974627554416656,10.24764993811426N,105.94869725199236E,[]
7000,Phu Ly City-4279.jpeg,0.8974569439888,20.594965880477854N,105.93295770094146E,[]
7001,Trà Vinh City-1053.jpeg,0.897455170750618,9.92975183917341N,106.33860589693562E,[]
7007,Go Cong Town-805.jpeg,0.8973194733262062,10.364397671672586N,106.64160210657127E,[]
7008,Cao Lanh City-2827.jpeg,0.8973076269030571,10.458095939899168N,105.60435468748452E,[]
7009,Duy Tiên District-2184.jpeg,0.8972804844379425,20.62813097761375N,105.94033506327347E,[]
7011,Duy Tiên District-325.jpeg,0.897219642996788,20.57423230709733N,105.97920979293177E,[]
7015,Thanh Liêm District-4910.jpeg,0.8971511423587799,20.46930988015077N,105.91032093181974E,[]
7016,Cao Lanh City-3640.jpeg,0.8971412777900696,10.476960474579384N,105.57694993014067E,[]
7017,Binh Minh Town-3517.jpeg,0.8971193358302116,10.076017742664664N,105.84879447493567E,[]
7021,Cai Lậy Town-3823.jpeg,0.8970450386404991,10.434274842192053N,106.12517075362561E,[]
7022,Long Xuyen City-3123.jpeg,0.8970443531870842,10.378525741601193N,105.38790295990641E,[]
7023,Cao Lanh City-5179.jpeg,0.8970202282071114,10.509299676888332N,105.59887373601575E,[]
7026,Long Hồ District-5169.jpeg,0.8969800695776939,10.217321242130064N,106.0043643373247E,[]
7027,Trà Vinh City-2609.jpeg,0.8969719484448433,9.982303042925398N,106.32629344792062E,[]
7033,Bac Giang City-173.jpeg,0.8968625068664551,21.234885874069157N,106.19383801958705E,[]
7039,Bac Giang City-851.jpeg,0.8967961445450783,21.25779280903871N,106.18227036129795E,[]
7040,Tây Ninh City-4324.jpeg,0.8967869654297829,11.386551576565088N,106.07702317758954E,[]
7041,Cao Lanh City-2815.jpeg,0.896780215203762,10.458095939899168N,105.58791183307821E,[]
7042,Thái Bình-2878.jpeg,0.8967597037553787,20.483714245193053N,106.32632120285044E,[]
7043,Long Hồ District-165.jpeg,0.8967587500810623,10.143210570172108N,106.00984131843998E,[]
7045,Cao Lanh City-3175.jpeg,0.8967390209436417,10.466180740476403N,105.58791183307821E,[]
7046,Long Hồ District-7687.jpeg,0.896704226732254,10.281999646747927N,105.94274829977763E,[]
7047,Tây Ninh City-4933.jpeg,0.8967020884156227,11.395983843905213N,106.09763946855021E,[]
7048,Long Xuyen City-2926.jpeg,0.8967004418373108,10.374483341312578N,105.39475219988303E,[]
7050,Go Cong Town-1080.jpeg,0.8966740816831589,10.371135005486948N,106.65941229431952E,[]
7054,Binh Minh Town-2533.jpeg,0.8966541886329651,10.050415874170099N,105.88984799411695E,[]
7055,Long Hồ District-7190.jpeg,0.8966540470719337,10.272567379407823N,105.95780999784469E,[]
7058,Tây Ninh City-3513.jpeg,0.8966268822550774,11.373076908936339N,106.12100459830566E,[]
7061,Long Hồ District-5045.jpeg,0.8965786844491959,10.21597377536719N,105.92494811115294E,[]
7062,Thanh Liêm District-6437.jpeg,0.8965312391519547,20.49086934835734N,105.97503349113417E,[]
7063,Long Xuyen City-1052.jpeg,0.8965258523821831,10.332711871663534N,105.47009383962565E,[]
7064,Thanh Liêm District-4376.jpeg,0.8965088501572609,20.461225079573314N,105.94914846740839E,[]
7065,Long Xuyen City-3157.jpeg,0.8965009897947311,10.378525741601193N,105.43447779174731E,['938.jpeg']
7071,Long Hồ District-2846.jpeg,0.8964190930128098,10.17959217276965N,105.9687639600753E,[]
7080,Cao Lanh City-4871.jpeg,0.8962099924683571,10.501214876311098N,105.59339278454698E,[]
7081,Sa Đéc City-438.jpeg,0.8961837589740753,10.278845870785757N,105.77647287778088E,[]
7082,Long Hồ District-622.jpeg,0.8961718827486038,10.15264283751221N,105.89208622446117E,[]
7085,Phu Ly City-1553.jpeg,0.8960804715752602,20.53432987614687N,105.94446953703205E,[]
7092,Long Hồ District-3898.jpeg,0.8960279002785683,10.193066840398368N,105.97834867702704E,[]
7095,Hiệp Hòa District-5045.jpeg,0.8959734365344048,21.328164013660434N,105.91818561786438E,[]
7097,Binh Minh Town-1977.jpeg,0.8959463685750961,10.039636140067126N,105.87342658644441E,[]
7099,Vĩnh Long-441.jpeg,0.8959276601672173,10.238217670774157N,105.90898663068893E,[]
7103,Hiệp Hòa District-3407.jpeg,0.8958731666207314,21.303909611927963N,105.95724259026198E,[]
7104,Long Xuyen City-3749.jpeg,0.8958698958158493,10.390652942467048N,105.43173809575667E,[]
7120,Long Xuyen City-1884.jpeg,0.8956234604120255,10.351576406343744N,105.44543657570988E,[]
7121,Trà Vinh City-1523.jpeg,0.8955957666039467,9.952658774142225N,106.34271004660732E,[]
7123,Long Hồ District-4389.jpeg,0.895555816590786,10.202499107738472N,105.9345328281047E,[]
7125,Sa Đéc City-1322.jpeg,0.8955539464950562,10.308490139568944N,105.76003727526444E,[]
7126,Long Xuyen City-5160.jpeg,0.8955479264259338,10.427034545064602N,105.4084506798362E,[]
7129,Tây Ninh City-2142.jpeg,0.8954681977629662,11.350169973967462N,106.08664411337115E,[]
7130,Cai Lậy Town-6034.jpeg,0.8954244330525398,10.474698845078231N,106.1347613494716E,[]
7131,Cao Lanh City-4756.jpeg,0.895419292151928,10.49851994278535N,105.61942730402366E,[]
7132,Tây Ninh City-2653.jpeg,0.8954079002141953,11.358254774544713N,106.15948834143228E,[]
7133,Yên Mỹ District-4403.jpeg,0.895381972193718,20.938080480011465N,106.02916478307586E,[]
7141,Tam Điệp-1485.jpeg,0.8952704966068268,20.141254941923357N,105.85794090392736E,[]
7142,Châu Thành District-2768.jpeg,0.8952690288424492,10.273176471933986N,106.36763705093234E,[]
7148,Thái Bình-1920.jpeg,0.8951815739274025,20.458112376697763N,106.37234132147972E,[]
7152,Trà Vinh City-1628.jpeg,0.8950419053435326,9.956701174430838N,106.32082124835837E,[]
7154,Trà Vinh City-643.jpeg,0.8950363472104073,9.914929704781827N,106.30166854989055E,['726.jpeg']
7158,Vĩnh Long-790.jpeg,0.8950075730681419,10.244955004588519N,105.93500393430152E,[]
7160,Long Hồ District-4437.jpeg,0.8949682116508484,10.202499107738472N,106.00025660148823E,[]
7161,Tây Ninh City-477.jpeg,0.894951581954956,11.311093437844091N,106.1251278564978E,[]
7162,Long Hồ District-5909.jpeg,0.894936241209507,10.232143376521655N,106.01805679011294E,[]
7163,Tây Ninh City-3246.jpeg,0.8949253559112549,11.369034508647713N,106.09489062975544E,[]
7171,Go Cong Town-907.jpeg,0.894813746213913,10.365745138435459N,106.70736279979558E,[]
7180,Long Hồ District-1463.jpeg,0.8946397230029106,10.163422571615186N,105.91673263947999E,[]
7182,Mỹ Tho-3680.jpeg,0.8945981562137604,10.394736341605826N,106.30946202014958E,[]
7183,Go Cong Town-1094.jpeg,0.894592322409153,10.371135005486948N,106.67859249650996E,['856.jpeg']
7184,Tây Ninh City-6336.jpeg,0.8945616260170937,11.422933179162715N,106.17048369661134E,[]
7187,Tây Ninh City-1924.jpeg,0.8945153057575226,11.344780106915964N,106.15124182504802E,[]
7188,Tam Điệp-1278.jpeg,0.8944886103272438,20.13721254163463N,105.8751658649747E,[]
7193,Tây Ninh City-3501.jpeg,0.8943453878164291,11.373076908936339N,106.10451156553712E,[]
7194,Mỹ Hào District-83.jpeg,0.8943431302905083,20.884029740145316N,106.08920254855506E,[]
7195,Long Hồ District-3292.jpeg,0.8943288996815681,10.184982039821136N,105.9756101864694E,[]
7199,Go Cong Town-1705.jpeg,0.8942074999213219,10.387304606641418N,106.69366265537386E,[]
7200,Duy Tiên District-221.jpeg,0.8942043706774712,20.57018990680859N,105.97201076892097E,[]
7202,Long Xuyen City-2283.jpeg,0.8941401988267899,10.361008673683854N,105.42625870377537E,[]
7203,Chau Doc City-673.jpeg,0.8941392228007317,10.640538871751573N,105.06037021286059E,[]
7204,Bến Tre City-260.jpeg,0.8941390886902809,10.204423470477042N,106.36801620346708E,[]
7207,Binh Minh Town-3951.jpeg,0.894114226102829,10.088144943530505N,105.8528998268538E,[]
7212,Vĩnh Long-500.jpeg,0.8940140157938004,10.239565137537028N,105.91309462599618E,[]
7216,Long Hồ District-5010.jpeg,0.8939920663833618,10.21462630860432N,105.96739471479646E,[]
7218,Mỹ Hào District-611.jpeg,0.8939712345600128,20.902894274826092N,106.1310383462575E,[]
7219,Chau Doc City-4935.jpeg,0.8939612433314323,10.744293812492817N,105.09876538175307E,['958.jpeg']
7220,Yên Mỹ District-3479.jpeg,0.8939532339572906,20.912478611516125N,106.01618389073495E,[]
7225,Tây Ninh City-3775.jpeg,0.8938996195793152,11.377119309224963N,106.13887205047158E,[]
7229,Long Hồ District-672.jpeg,0.8938687220215797,10.15264283751221N,105.9865641487E,[]
7231,Cao Lanh City-3821.jpeg,0.8938336297869682,10.479655408105131N,105.6427213477659E,[]
7236,Go Cong Town-2784.jpeg,0.8937479108572006,10.414253941898867N,106.69366265537386E,[]
7244,Cai Lậy Town-5212.jpeg,0.8936470821499825,10.458529243923762N,106.15668271140524E,[]
7248,Cao Lanh City-1134.jpeg,0.8935930579900742,10.428451671115972N,105.60161421175015E,[]
7251,Hiệp Hòa District-909.jpeg,0.8935097008943558,21.25944320875178N,105.97749435372745E,['169.jpeg']
7253,Tam Điệp-2796.jpeg,0.8934466987848282,20.16146694336698N,105.87803669181591E,[]
7254,Cai Lậy Town-109.jpeg,0.8934382051229477,10.358816703471197N,106.12928100898819E,[]
7255,Thái Bình-1066.jpeg,0.8934341594576836,20.440595308779933N,106.3680269353582E,[]
7257,Cai Lậy Town-5287.jpeg,0.8933973759412766,10.459876710686634N,106.16216305188868E,[]
7258,Thái Bình-2622.jpeg,0.8933865800499916,20.475629444615592N,106.3680269353582E,[]
7260,Long Hồ District-4442.jpeg,0.8933741673827171,10.202499107738472N,106.00710282788233E,[]
7261,Ninh Bình-1430.jpeg,0.8933668658137321,20.250959742820164N,105.96439959272529E,[]
7262,Cai Lậy Town-4107.jpeg,0.8933536931872368,10.439664709243544N,106.09365879584597E,[]
7267,Go Cong Town-1105.jpeg,0.8932710513472557,10.371135005486948N,106.69366265537386E,[]
7268,Cai Lậy Town-3511.jpeg,0.8932576701045036,10.427537508377691N,106.17312373285549E,[]
7269,Long Hồ District-5935.jpeg,0.8932448849081993,10.233490843284528N,105.94411754505647E,[]
7276,Tây Ninh City-5470.jpeg,0.893146850168705,11.405416111245337N,106.1127580819214E,[]
7281,Ninh Bình-509.jpeg,0.8930962458252907,20.228052807850712N,105.95721863258582E,[]
7288,Bac Giang City-913.jpeg,0.8930216431617737,21.259140275801617N,106.19672993415931E,[]
7296,Bến Tre City-2185.jpeg,0.8928797990083694,10.246194940126077N,106.40909415222414E,[]
7298,Tây Ninh City-633.jpeg,0.8928683549165726,11.316483304895591N,106.08114643578168E,[]
7301,Thanh Liêm District-5869.jpeg,0.8928269520401955,20.482784547779872N,105.91894927306168E,[]
7304,Go Cong Town-4088.jpeg,0.8927798196673393,10.438508343630575N,106.61283180328563E,[]
7307,Binh Minh Town-1162.jpeg,0.8927479013800621,10.022119072149795N,105.86111053069003E,[]
7309,Vĩnh Long-925.jpeg,0.8927313908934593,10.24764993811426N,105.90487863538168E,[]
7310,Mỹ Tho-2421.jpeg,0.8927302062511444,10.371829406636992N,106.34918643792071E,[]
7311,Cao Lanh City-2961.jpeg,0.8927214369177818,10.460790873424916N,105.61942730402366E,[]
7319,Hiệp Hòa District-7696.jpeg,0.8926348611712456,21.36454561625914N,105.9413304903963E,[]
7320,Châu Thành District-10336.jpeg,0.8925783857703209,10.328422609211742N,106.36489806494536E,[]
7323,Bac Giang City-1961.jpeg,0.8925335109233856,21.28204721077117N,106.1562431301475E,[]
7324,Vĩnh Long-464.jpeg,0.8925216421484947,10.238217670774157N,105.95554391083778E,[]
7326,Hiệp Hòa District-7585.jpeg,0.892480880022049,21.361850682733312N,106.01510477159182E,[]
7329,Go Cong Town-1264.jpeg,0.8924129381775856,10.37652487253844N,106.6361220488026E,[]
7332,Long Hồ District-7176.jpeg,0.8923441097140312,10.271219912644948N,106.03585697873764E,[]
7336,Hung Yen City-2199.jpeg,0.8922854065895081,20.66777401057633N,106.05040289917935E,[]
7337,Bến Tre City-1677.jpeg,0.8922650888562202,10.238110139548848N,106.37760105817705E,"['719.jpeg', '708.jpeg', '694.jpeg']"
7339,Vĩnh Long-1853.jpeg,0.8922361582517624,10.262472072505853N,105.90898663068893E,[]
7343,Long Xuyen City-2659.jpeg,0.8921426087617874,10.369093474261087N,105.38927280790173E,[]
7345,Châu Thành District-3567.jpeg,0.8921171724796295,10.278566338985474N,106.30327088023832E,[]
7350,Tây Ninh City-6768.jpeg,0.892068088054657,11.43910278031722N,106.16086276082966E,[]
7351,Trà Vinh City-2560.jpeg,0.8920349031686783,9.980955576162524N,106.33176564748287E,['723.jpeg']
7353,Binh Minh Town-1594.jpeg,0.892009325325489,10.031551339489894N,105.87890038900191E,[]
7357,Tây Ninh City-6566.jpeg,0.891893595457077,11.428323046214217N,106.17460695480347E,[]
7358,Long Hồ District-2812.jpeg,0.8918768092989922,10.17959217276965N,105.92220962059528E,[]
7362,Trà Vinh City-1143.jpeg,0.8917072266340256,9.935141706224899N,106.32629344792062E,[]
7366,Vĩnh Long-78.jpeg,0.891638495028019,10.227437936671176N,105.96786789675951E,[]
7367,Cao Lanh City-3478.jpeg,0.8916355445981026,10.47291807429077N,105.60572492535172E,[]
7370,Cai Lậy Town-5107.jpeg,0.8916049674153328,10.45718177716089N,106.11009981729622E,[]
7371,Sa Đéc City-2317.jpeg,0.8915954455733299,10.348914142455113N,105.71346973480124E,[]
7376,Tây Ninh City-4941.jpeg,0.8915106877684593,11.395983843905213N,106.10863482372925E,[]
7379,Chau Doc City-1376.jpeg,0.8914976939558983,10.655361006143185N,105.12344799032675E,['960.jpeg']
7382,Châu Thành District-2513.jpeg,0.8914852291345596,10.271829005171114N,106.26218609043362E,[]
7383,Vĩnh Long-198.jpeg,0.8914254829287529,10.231480336959795N,105.9706065602977E,[]
7384,Duy Tiên District-2468.jpeg,0.8914179280400276,20.632173377902483N,105.93745545366913E,[]
7386,Duy Tiên District-1883.jpeg,0.8913383781909943,20.624088577325022N,105.91729818643888E,[]
7392,Cai Lậy Town-5164.jpeg,0.891295351088047,10.45718177716089N,106.1881946691849E,[]
7394,Hiệp Hòa District-5036.jpeg,0.8912403509020805,21.328164013660434N,105.90516662706519E,[]
7399,Yên Mỹ District-1427.jpeg,0.8911402300000191,20.877444475680402N,106.07387674558356E,[]
7401,Go Cong Town-2249.jpeg,0.8910978361964226,10.402126741033015N,106.65941229431952E,[]
7402,Duy Tiên District-2275.jpeg,0.8910875990986824,20.629478444376662N,105.93313603926266E,[]
7403,Châu Thành District-9494.jpeg,0.8910809457302094,10.318990341871643N,106.25807761145315E,[]
7407,Go Cong Town-1372.jpeg,0.8910454884171486,10.379219806064183N,106.64297212101346E,[]
7408,Go Cong Town-2336.jpeg,0.8910126239061356,10.404821674558763N,106.62790196214955E,[]
7411,Mỹ Tho-1172.jpeg,0.8909732401371002,10.350269938431039N,106.38069201063568E,[]
7412,Long Hồ District-5756.jpeg,0.8909668177366257,10.229448442995913N,105.9865641487E,[]
7419,Cai Lậy Town-6179.jpeg,0.8908987268805504,10.477393778603979N,106.15942288164696E,[]
7422,Trà Vinh City-1528.jpeg,0.8908083215355873,9.952658774142225N,106.3495502960601E,[]
7423,Bến Tre City-1657.jpeg,0.8908029869198799,10.238110139548848N,106.35021575900566E,['707.jpeg']
7432,Cao Lanh City-2133.jpeg,0.89051653444767,10.444621272270446N,105.59887373601575E,[]
7433,Cai Lậy Town-1029.jpeg,0.8904884606599808,10.381723638440027N,106.1854544989432E,[]
7435,Ninh Bình-1072.jpeg,0.890455923974514,20.24287494224271N,105.95721863258582E,[]
7437,Yên Mỹ District-2293.jpeg,0.890436626970768,20.89226661007244N,105.98301049919701E,[]
7442,Châu Thành District-2116.jpeg,0.8903118148446083,10.269134071645368N,106.2238402866159E,[]
7443,Trà Vinh City-1481.jpeg,0.8903025910258293,9.951311307379353N,106.3372378470451E,[]
7444,Long Hồ District-6969.jpeg,0.8902885690331459,10.267177512356332N,106.03174924290117E,[]
7449,Long Hồ District-4154.jpeg,0.8901861682534218,10.197109240686984N,106.00299509204586E,[]
7450,Long Hồ District-1468.jpeg,0.8901790380477905,10.163422571615186N,105.9235788658741E,['652.jpeg']
7451,Bến Tre City-516.jpeg,0.8901679739356041,10.211160804291403N,106.40772488726557E,[]
7454,Bến Tre City-2918.jpeg,0.890136331319809,10.259669607754798N,106.39677076759702E,[]
7455,Tam Điệp-803.jpeg,0.890106812119484,20.127780274294267N,105.91248661391052E,[]
7458,Binh Minh Town-3849.jpeg,0.890031173825264,10.085450010004763N,105.84468912301752E,[]
7465,Cai Lậy Town-4653.jpeg,0.8899000287055969,10.449096976583652N,106.09091862560427E,[]
7469,Mỹ Tho-2224.jpeg,0.8898669928312302,10.367787006348378N,106.3998693157666E,[]
7472,Long Hồ District-1321.jpeg,0.8898307085037231,10.16072763808944N,106.02216452594939E,[]
7475,Tây Ninh City-6631.jpeg,0.8898067325353622,11.431017979739966N,106.12650227589519E,[]
7477,Yên Mỹ District-3347.jpeg,0.8897639140486717,20.909783677990298N,106.03493406856072E,[]
7478,Trà Vinh City-1771.jpeg,0.889743834733963,9.960743574719457N,106.3358697971545E,[]
7483,Cai Lậy Town-1567.jpeg,0.8896789401769638,10.391155905780133N,106.15394254116356E,[]
7487,Sa Đéc City-997.jpeg,0.8896119222044945,10.297710405465965N,105.75044984046319E,[]
7489,Long Hồ District-7519.jpeg,0.8895859569311142,10.277957246459307N,106.01942603539176E,[]
7491,Châu Thành District-5012.jpeg,0.889492467045784,10.28799860632558N,106.17453853885024E,[]
7494,Cai Lậy Town-4519.jpeg,0.8894338607788086,10.446402043057908N,106.11695024290049E,[]
7504,Phu Ly City-3811.jpeg,0.8892581388354301,20.577448812560007N,105.93871361898678E,[]
7505,Bac Giang City-2221.jpeg,0.8892470002174377,21.286089611059918N,106.20251376330387E,[]
7506,Sa Đéc City-2331.jpeg,0.8892050981521606,10.348914142455113N,105.73264460440373E,[]
7507,Binh Minh Town-4185.jpeg,0.8892002105712891,10.094882277344865N,105.84058377109939E,[]
7514,Long Xuyen City-1241.jpeg,0.8891229182481766,10.336754271952149N,105.47146368762097E,[]
7516,Ninh Bình-168.jpeg,0.8890868201851845,20.213230673458717N,106.00317677747847E,[]
7517,Tây Ninh City-220.jpeg,0.8890759274363518,11.304356104029715N,106.09763946855021E,['605.jpeg']
7523,Go Cong Town-2427.jpeg,0.8889545202255249,10.406169141321634N,106.67859249650996E,[]
7530,Hiệp Hòa District-5172.jpeg,0.8889020457863808,21.329511480423346N,105.95868914479524E,['150.jpeg']
7532,Vĩnh Long-1529.jpeg,0.888836644589901,10.257082205454365N,105.93500393430152E,[]
7533,Yên Mỹ District-1330.jpeg,0.888836033642292,20.876097008917483N,106.04791496090166E,[]
7535,Bến Tre City-1976.jpeg,0.8888115137815475,10.243500006600332N,106.3529542889228E,[]
7536,Duy Tiên District-3417.jpeg,0.8887591660022736,20.645648045531594N,105.91441857683458E,[]
7539,Vĩnh Long-550.jpeg,0.8886786326766014,10.2409126042999N,105.90487863538168E,[]
7540,Châu Thành District-10064.jpeg,0.8886783644556999,10.324380208923131N,106.35668110698441E,[]
7541,Bến Tre City-2515.jpeg,0.8886652886867523,10.251584807177563N,106.41594047701699E,[]
7543,Châu Thành District-3026.jpeg,0.8886125981807709,10.274523938696857N,106.4429591655743E,[]
7556,Yên Mỹ District-4471.jpeg,0.888431005179882,20.94481781382603N,106.03060710444711E,[]
7564,Cai Lậy Town-3557.jpeg,0.8882288411259651,10.428884975140564N,106.14435194531758E,[]
7566,Cai Lậy Town-3969.jpeg,0.8881664052605629,10.436969775717799N,106.12380066850477E,[]
7570,Hiệp Hòa District-4341.jpeg,0.8881153166294098,21.31738427955711N,105.97315469012771E,[]
7572,Yên Mỹ District-3971.jpeg,0.8880553618073463,20.921910878856515N,106.0608958532426E,[]
7588,Vĩnh Long-853.jpeg,0.8878024965524673,10.246302471351386N,105.91309462599618E,[]
7593,Long Xuyen City-4545.jpeg,0.8877436444163322,10.409517477147261N,105.44406672771456E,[]
7594,Chau Doc City-562.jpeg,0.8877285495400429,10.636496471462953N,105.10562166191242E,[]
7601,Ninh Bình-1833.jpeg,0.8875621780753136,20.263086943686346N,105.93998432825107E,[]
7602,Cai Lậy Town-3768.jpeg,0.8875440508127213,10.432927375429179N,106.14983228580098E,[]
7606,Mỹ Hào District-2005.jpeg,0.8875223621726036,20.935233477136N,106.05457981942202E,[]
7610,Thái Bình-366.jpeg,0.8874895349144936,20.424425707625012N,106.35220751957938E,[]
7612,Tây Ninh City-5102.jpeg,0.8874692469835281,11.398678777430964N,106.1127580819214E,[]
7613,Thanh Liêm District-5039.jpeg,0.8874455764889717,20.470657346913683N,105.9606529223976E,[]
7615,Hung Yen City-3020.jpeg,0.887437529861927,20.69337587907165N,106.07488417374337E,[]
7619,Go Cong Town-927.jpeg,0.8873525112867355,10.367092605198332N,106.66215232320387E,[]
7622,Sa Đéc City-2786.jpeg,0.8872903734445572,10.36777867713533N,105.7312749708607E,[]
7628,Sa Đéc City-1417.jpeg,0.887201339006424,10.312532539857562N,105.72990533731766E,[]
7629,Go Cong Town-1579.jpeg,0.8871968016028404,10.384609673115675N,106.65393223655084E,[]
7632,Cao Lanh City-1011.jpeg,0.8871412500739098,10.42575673759023N,105.66464515364098E,[]
7633,Trà Vinh City-1186.jpeg,0.887136735022068,9.936489172987768N,106.35228639584123E,['743.jpeg']
7634,Duy Tiên District-3390.jpeg,0.8871082440018654,20.644300578768686N,106.01664471778795E,[]
7637,Thanh Liêm District-3874.jpeg,0.8869943916797638,20.45448774575876N,105.90744481807246E,[]
7638,Trà Vinh City-283.jpeg,0.8869870826601982,9.901455037153116N,106.34818224616954E,[]
7640,Cai Lậy Town-2005.jpeg,0.8869650289416313,10.39924070635737N,106.09502888096684E,[]
7641,Sa Đéc City-2774.jpeg,0.8869250416755676,10.36777867713533N,105.71483936834429E,[]
7647,Mỹ Hào District-3071.jpeg,0.8868398144841194,20.95140307829095N,106.11949743654648E,[]
7648,Cai Lậy Town-1959.jpeg,0.8868212923407555,10.397893239594495N,106.13887160483415E,[]
7654,Hiệp Hòa District-29.jpeg,0.8867825120687485,21.22710400644183N,105.96881502652796E,[]
7658,Cao Lanh City-4594.jpeg,0.8866899758577347,10.495825009259605N,105.58380111947665E,[]
7660,Châu Thành District-10686.jpeg,0.8866843283176422,10.337854876551855N,106.36900654392583E,[]
7661,Thanh Liêm District-745.jpeg,0.8866700977087021,20.40058907524236N,105.94195818304013E,[]
7662,Cai Lậy Town-2963.jpeg,0.8866633549332619,10.416757774274714N,106.16627330725123E,[]
7664,Mỹ Tho-2364.jpeg,0.8866435661911964,10.37048193987412N,106.37658258810765E,[]
7665,Tây Ninh City-3355.jpeg,0.8866399377584457,11.370381975410586N,106.13199995348471E,[]
7666,Cai Lậy Town-4279.jpeg,0.8866066262125969,10.442359642769288N,106.11146990241708E,[]
7667,Binh Minh Town-4393.jpeg,0.886595107614994,10.101619611159222N,105.84742602429628E,[]
7669,Bến Tre City-3188.jpeg,0.8865439966320992,10.267754408332031N,106.32283045983426E,[]
7672,Long Hồ District-3711.jpeg,0.8865156099200249,10.190371906872624N,105.9756101864694E,[]
7676,Cai Lậy Town-1862.jpeg,0.886462964117527,10.39654577283162N,106.1142100726588E,[]
7678,Hiệp Hòa District-7702.jpeg,0.8864257484674454,21.36454561625914N,105.95000981759576E,[]
7680,Trà Vinh City-1241.jpeg,0.8864255100488663,9.940531573276383N,106.32492539803008E,[]
7683,Cao Lanh City-1840.jpeg,0.8864148780703545,10.439231405218955N,105.6440915856331E,[]
7685,Tây Ninh City-3087.jpeg,0.8864063918590546,11.366339575121964N,106.10313714613972E,[]
7686,Binh Minh Town-2054.jpeg,0.8863808959722519,10.040983606829998N,105.88711109283818E,[]
7690,Châu Thành District-1060.jpeg,0.8862880542874336,10.259701804305262N,106.42515575665892E,[]
7691,Mỹ Tho-2095.jpeg,0.886238731443882,10.366439539585507N,106.33137894029916E,[]
7693,Cao Lanh City-3309.jpeg,0.8862375095486641,10.46887567400215N,105.61257611468767E,[]
7695,Sa Đéc City-452.jpeg,0.8862323015928268,10.280193337548628N,105.73264460440373E,[]
7697,Long Hồ District-3469.jpeg,0.8862080946564674,10.18767697334688N,105.92084037531647E,[]
7700,Cai Lậy Town-3686.jpeg,0.8861935958266258,10.43157990866631N,106.13613143459246E,[]
7705,Châu Thành District-4048.jpeg,0.8861052319407463,10.281261272511216N,106.3607895859649E,[]
7706,Ninh Bình-2253.jpeg,0.88607008010149,20.27790907807834N,105.96583578475317E,[]
7708,Trà Vinh City-1588.jpeg,0.8860611692070961,9.95535370766797N,106.32355734813949E,[]
7712,Yên Mỹ District-1112.jpeg,0.8860204070806503,20.87205460862875N,106.0623381746138E,['258.jpeg']
7713,Cai Lậy Town-1535.jpeg,0.8859871923923492,10.391155905780133N,106.11009981729622E,[]
7719,Hoa Lư District-2204.jpeg,0.8859104737639427,20.239763243966472N,105.94209029878895E,[]
7723,Phu Ly City-2484.jpeg,0.8858467265963554,20.550499477301795N,105.89410525413581E,[]
7725,Châu Thành District-1579.jpeg,0.8857460394501686,10.265091671356753N,106.20466738470704E,[]
7726,Go Cong Town-921.jpeg,0.8856822475790977,10.367092605198332N,106.65393223655084E,[]
7728,Mỹ Tho-2777.jpeg,0.8856212645769119,10.378566740451355N,106.31768086520566E,[]
7729,Duy Tiên District-1753.jpeg,0.8855991438031197,20.621393643799195N,106.00368647456851E,[]
7732,Cai Lậy Town-1657.jpeg,0.8855899944901466,10.392503372543006N,106.16627330725123E,[]
7733,Binh Minh Town-586.jpeg,0.8855622708797455,10.008644404521078N,105.8570051787719E,[]
7735,Tây Ninh City-533.jpeg,0.8855546116828918,11.312440904606968N,106.13612321167683E,[]
7736,Long Hồ District-1810.jpeg,0.8855262026190758,10.167464971903803N,105.93727131866235E,[]
7737,Binh Minh Town-2168.jpeg,0.885526143014431,10.043678540355744N,105.85837362941128E,[]
7738,Long Hồ District-2662.jpeg,0.8855260387063026,10.176897239243907N,106.02490301650705E,[]
7739,Long Hồ District-1050.jpeg,0.8855182752013206,10.158032704563702N,105.93727131866235E,[]
7740,Cao Lanh City-2139.jpeg,0.8854760304093361,10.444621272270446N,105.6070951632189E,[]
7742,Trà Vinh City-1713.jpeg,0.8854700401425362,9.95939610795658N,106.31808514857725E,[]
7743,Long Hồ District-2370.jpeg,0.8854688033461571,10.174202305718163N,105.93316358282588E,[]
7744,Go Cong Town-1341.jpeg,0.8854651972651482,10.37787233930131N,106.67174242429908E,[]
7750,Cai Lậy Town-5003.jpeg,0.8853498697280884,10.454486843635143N,106.16627330725123E,[]
7752,Cai Lậy Town-2915.jpeg,0.885296031832695,10.415410307511838N,106.1827143287015E,[]
7754,Long Hồ District-7237.jpeg,0.8852799832820892,10.272567379407823N,106.02216452594939E,[]
7758,Châu Thành District-5612.jpeg,0.8852413892745972,10.290693539851324N,106.41009133373053E,[]
7760,Long Hồ District-5586.jpeg,0.8852260634303093,10.226753509470168N,105.94548679033528E,[]
7761,Cao Lanh City-5059.jpeg,0.885225422680378,10.505257276599714N,105.6112058768205E,[]
7764,Trà Vinh City-2097.jpeg,0.8851771652698517,9.970175842059554N,106.31261294901503E,[]
7766,Tây Ninh City-3252.jpeg,0.8851096034049988,11.369034508647713N,106.10313714613972E,[]
7767,Phu Ly City-1970.jpeg,0.8851036950945854,20.541067209961426N,105.92720178289618E,[]
7768,Duy Tiên District-2656.jpeg,0.8850671350955963,20.63486831142831N,105.93601564886697E,[]
7769,Cao Lanh City-1396.jpeg,0.8850556761026382,10.432494071404587N,105.6112058768205E,[]
7771,Duy Tiên District-1642.jpeg,0.8849784880876541,20.62004617703629N,105.96913115931666E,[]
7774,Mỹ Tho-856.jpeg,0.8849253877997398,10.344880071379546N,106.37110335807027E,[]
7775,Hiệp Hòa District-3906.jpeg,0.8849072977900505,21.310646945742537N,106.00931855345885E,['180.jpeg']
7779,Mỹ Hào District-1420.jpeg,0.884889081120491,20.923106276269785N,106.0949730034106E,"['231.jpeg', '232.jpeg']"
7783,Cai Lậy Town-6294.jpeg,0.8848661705851555,10.481436178892595N,106.09365879584597E,[]
7786,Hiệp Hòa District-2680.jpeg,0.8848522007465363,21.291782411061728N,105.98328057186043E,[]
7788,Go Cong Town-2590.jpeg,0.8848069980740547,10.410211541610249N,106.67311243874127E,[]
7790,Trà Vinh City-1775.jpeg,0.88480094820261,9.960743574719457N,106.34134199671676E,[]
7792,Cao Lanh City-4122.jpeg,0.8847796842455864,10.486392741919497N,105.59202254667983E,[]
7796,Long Hồ District-4263.jpeg,0.8847087100148201,10.19980417421273N,105.95370226200825E,[]
7797,Tây Ninh City-3034.jpeg,0.8846756964921951,11.364992108359088N,106.14162088926633E,[]
7798,Go Cong Town-2928.jpeg,0.8846647515892982,10.418296342187489N,106.62242190438084E,['842.jpeg']
7800,Cai Lậy Town-3912.jpeg,0.8846630305051804,10.435622308954924N,106.14709211555929E,[]
7809,Long Hồ District-4420.jpeg,0.8845062330365181,10.202499107738472N,105.97697943174823E,[]
7817,Ninh Bình-1522.jpeg,0.884340450167656,20.253654676345977N,105.95003767244633E,[]
7818,Long Hồ District-5543.jpeg,0.8843039125204086,10.225406042707299N,105.98382565814235E,['559.jpeg']
7819,Hung Yen City-1493.jpeg,0.8842895552515984,20.64486707560684N,106.06336357394854E,[]
7823,Tây Ninh City-577.jpeg,0.8842272982001305,11.313788371369842N,106.13337437288207E,[]
7831,Vĩnh Long-1038.jpeg,0.8840653076767921,10.24899740487713N,105.95143591553051E,[]
7833,Yên Mỹ District-1562.jpeg,0.8840563669800758,20.88013940920623N,106.03204942581829E,[]
7837,Duy Tiên District-841.jpeg,0.8839651197195053,20.601181642355538N,105.9417748680756E,[]
7849,Trà Vinh City-177.jpeg,0.8837873637676239,9.8974126368645N,106.33860589693562E,[]
7851,Yên Mỹ District-4423.jpeg,0.8837805241346359,20.93942794677438N,106.03204942581829E,[]
7852,Tây Ninh City-2938.jpeg,0.8837778940796852,11.363644641596215N,106.1182557595109E,[]
7853,Cao Lanh City-3127.jpeg,0.8837333619594574,10.464833273713532N,105.60435468748452E,[]
7858,Tây Ninh City-3607.jpeg,0.883656457066536,11.374424375699213N,106.13612321167683E,[]
7859,Cao Lanh City-3665.jpeg,0.8836530148983002,10.476960474579384N,105.6112058768205E,[]
7860,Cao Lanh City-4521.jpeg,0.8836421370506287,10.494477542496732N,105.57694993014067E,[]
7861,Long Xuyen City-2571.jpeg,0.88362056016922,10.36639854073534N,105.45228581568648E,[]
7863,Cai Lậy Town-446.jpeg,0.8836074694991112,10.370943904337045N,106.14846220068013E,[]
7864,Cai Lậy Town-3900.jpeg,0.8836061581969261,10.435622308954924N,106.13065109410903E,[]
7873,Ninh Bình-764.jpeg,0.8833746910095215,20.234790141665254N,105.9945596253111E,[]
7879,Thanh Liêm District-4458.jpeg,0.8831880390644073,20.46257254633622N,105.93332984179821E,[]
7880,Cai Lậy Town-6500.jpeg,0.883147768676281,10.486826045944085N,106.14435194531758E,[]
7882,Châu Thành District-10394.jpeg,0.8831379041075706,10.329770075974622N,106.34846414902348E,[]
7884,Hung Yen City-2875.jpeg,0.8830788917839527,20.689333478782913N,106.03888229938451E,[]
7888,Long Hồ District-5742.jpeg,0.8830347508192062,10.229448442995913N,105.96739471479646E,[]
7891,Châu Thành District-3104.jpeg,0.8828703016042709,10.275871405459727N,106.2525996394792E,[]
7892,Hiệp Hòa District-3564.jpeg,0.8828357383608818,21.306604545453805N,105.91818561786438E,[]
7894,Cao Lanh City-223.jpeg,0.8827842697501183,10.413629536724375N,105.6112058768205E,[]
7897,Trà Vinh City-2580.jpeg,0.8827753067016602,9.980955576162524N,106.359126645294E,[]
7898,Chau Doc City-2133.jpeg,0.8827425688505173,10.668835673771909N,105.10836417397618E,[]
7899,Phu Ly City-4344.jpeg,0.8827396929264069,20.600355747529495N,105.92720178289618E,[]
7900,Hiệp Hòa District-1629.jpeg,0.8827345594763756,21.27426534314384N,105.95000981759576E,[]
7902,Ninh Bình-1367.jpeg,0.8827153369784355,20.249612276057256N,105.95721863258582E,[]
7905,Go Cong Town-1405.jpeg,0.8826173543930054,10.379219806064183N,106.68818259760518E,[]
7908,Hoa Lư District-4033.jpeg,0.8825979009270668,20.29231444771992N,105.95788891404847E,[]
7913,Hung Yen City-128.jpeg,0.8824256137013435,20.611180406534064N,106.08208454861514E,[]
7915,Mỹ Hào District-1804.jpeg,0.8824063763022423,20.931191076847256N,106.09785823083833E,[]
7918,Sa Đéc City-2117.jpeg,0.8823072984814644,10.33948187511501N,105.73812313857589E,[]
7919,Long Hồ District-5365.jpeg,0.8822892308235168,10.22136364241868N,106.00162584676706E,[]
7920,Ninh Bình-1896.jpeg,0.882277712225914,20.264434410449255N,105.97301674489265E,['871.jpeg']
7921,Tây Ninh City-2959.jpeg,0.8822372555732727,11.363644641596215N,106.14711856685587E,[]
7924,Long Hồ District-463.jpeg,0.8821882754564285,10.149947903986464N,105.93179433754707E,[]
7930,Tây Ninh City-2250.jpeg,0.8821018561720848,11.351517440730339N,106.13887205047158E,[]
7932,Tây Ninh City-5112.jpeg,0.882032223045826,11.398678777430964N,106.12650227589519E,[]
7935,Cai Lậy Town-2226.jpeg,0.8820030391216278,10.403283106645986N,106.09639896608768E,[]
7938,Yên Mỹ District-3469.jpeg,0.8819237276911736,20.912478611516125N,106.0017606770228E,[]
7939,Châu Thành District-4348.jpeg,0.8819101080298424,10.283956206036958N,106.16632158088929E,[]
7940,Trà Vinh City-1676.jpeg,0.8819075301289558,9.958048641193713N,106.32766149781118E,[]
7946,Thái Bình-485.jpeg,0.8818395286798477,20.42846810791374N,106.34645500475075E,[]
7947,Binh Minh Town-2246.jpeg,0.8818339183926582,10.045026007118615N,105.87205813580505E,[]
7948,Cai Lậy Town-1839.jpeg,0.8818254470825195,10.39519830606875N,106.19367500966834E,[]
7950,Trà Vinh City-3011.jpeg,0.8818022385239601,9.99443024379124N,106.31808514857725E,[]
7951,Cai Lậy Town-1677.jpeg,0.8817803636193275,10.392503372543006N,106.19367500966834E,[]
7952,Long Xuyen City-2217.jpeg,0.881733126938343,10.359661206920979N,105.42077931179409E,[]
7957,Long Hồ District-5946.jpeg,0.881657063961029,10.233490843284528N,105.99067188453644E,['678.jpeg']
7960,Tây Ninh City-3920.jpeg,0.8816473260521889,11.379814242750715N,106.10863482372925E,[]
7962,Ninh Bình-2086.jpeg,0.8816221207380295,20.2711717442638N,105.97876151300423E,[]
7963,Tây Ninh City-336.jpeg,0.8816175535321236,11.307051037555466N,106.12787669529254E,[]
7964,Go Cong Town-1157.jpeg,0.8816074803471565,10.372482472249823N,106.6964026842582E,[]
7965,Bến Tre City-3286.jpeg,0.8816021904349327,10.270449341857772N,106.3447386991714E,[]
7966,Tây Ninh City-4773.jpeg,0.8816020265221596,11.393288910379463N,106.10313714613972E,[]
7968,Bến Tre City-2890.jpeg,0.8815824240446091,10.259669607754798N,106.3584313487571E,['716.jpeg']
7971,Duy Tiên District-878.jpeg,0.8815153241157532,20.602529109118446N,105.93169623446049E,[]
7974,Cai Lậy Town-2516.jpeg,0.8814433291554451,10.40867297369747N,106.10050922145024E,[]
7979,Cao Lanh City-3002.jpeg,0.88133255392313,10.462138340187787N,105.59476302241417E,[]
7981,Cai Lậy Town-5255.jpeg,0.8812806531786919,10.459876710686634N,106.11832032802134E,[]
7982,Duy Tiên District-848.jpeg,0.8812715634703636,20.601181642355538N,105.95185350169072E,[]
7984,Sa Đéc City-568.jpeg,0.8812009915709496,10.282888271074373N,105.76962471006567E,[]
7986,Tam Điệp-659.jpeg,0.8811751380562782,20.125085340768454N,105.91535744075173E,[]
7988,Long Xuyen City-2107.jpeg,0.8811256587505341,10.356966273395233N,105.42899839976602E,[]
7992,Mỹ Tho-4023.jpeg,0.8811123892664909,10.402821142183061N,106.40260893078528E,[]
7994,Châu Thành District-7444.jpeg,0.8810679316520691,10.302820740717173N,106.39639640379563E,[]
7998,Cai Lậy Town-5033.jpeg,0.8810068815946579,10.455834310398014N,106.10735964705452E,[]
8002,Tây Ninh City-5618.jpeg,0.8809230551123619,11.40811104477109N,106.12237901770304E,[]
8003,Bến Tre City-2963.jpeg,0.8809113726019859,10.26101707451767N,106.37212399834277E,[]
8004,Cai Lậy Town-2589.jpeg,0.8809012845158577,10.410020440460348N,106.10461947681281E,[]
8007,Go Cong Town-900.jpeg,0.8808808699250221,10.365745138435459N,106.69777269870038E,[]
8008,Châu Thành District-2746.jpeg,0.8808549866080284,10.273176471933986N,106.31422682418624E,[]
8010,Bến Tre City-2924.jpeg,0.8808509483933449,10.26101707451767N,106.31872266495857E,[]
8016,Cao Lanh City-1845.jpeg,0.8807334899902344,10.439231405218955N,105.65094277496904E,[]
8018,Tây Ninh City-2379.jpeg,0.8806953132152557,11.354212374256086N,106.10863482372925E,[]
8019,Tây Ninh City-6282.jpeg,0.8806899785995483,11.421585712399843N,106.18010463239294E,[]
8020,Cai Lậy Town-2372.jpeg,0.8806850016117096,10.405978040171728N,106.09639896608768E,[]
8024,Bac Giang City-2893.jpeg,0.8806458786129951,21.29956427868906N,106.20685163516228E,[]
8027,Binh Minh Town-2903.jpeg,0.8806357309222221,10.059848141510198N,105.828267715345E,[]
8028,Cai Lậy Town-1328.jpeg,0.8806115761399269,10.387113505491515N,106.16079296676783E,[]
8037,Tây Ninh City-1252.jpeg,0.8804706633090973,11.329957972524337N,106.15536508324013E,[]
8038,Bến Tre City-2640.jpeg,0.8804041594266891,10.254279740703309N,106.38992444280417E,[]
8040,Thái Bình-2355.jpeg,0.8803694695234299,20.468892110801047N,106.34933126216508E,[]
8043,Duy Tiên District-1173.jpeg,0.8803228810429573,20.610613909695914N,105.94897389208641E,[]
8047,Long Hồ District-9005.jpeg,0.8802553713321686,10.306254048479625N,106.00710282788233E,[]
8049,Ninh Bình-646.jpeg,0.8801986575126648,20.232095208139437N,105.96296340069738E,[]
8051,Go Cong Town-1734.jpeg,0.8801613450050354,10.38865207340429N,106.6662623665304E,[]
8052,Duy Tiên District-1380.jpeg,0.8801390081644058,20.616003776747554N,105.93601564886697E,[]
8053,Bac Giang City-2502.jpeg,0.8801331333816051,21.291479478111572N,106.20106780601776E,[]
8054,Cai Lậy Town-3371.jpeg,0.8801139071583748,10.424842574851947N,106.17449381797637E,[]
8058,Cai Lậy Town-3387.jpeg,0.8800433427095413,10.426190041614822N,106.09776905120856E,[]
8060,Tây Ninh City-6240.jpeg,0.8799831196665764,11.421585712399843N,106.12237901770304E,[]
8064,Go Cong Town-2836.jpeg,0.8799272105097771,10.415601408661741N,106.67859249650996E,[]
8069,Tây Ninh City-1994.jpeg,0.8798081949353218,11.346127573678837N,106.15673950263752E,[]
8070,Hiệp Hòa District-2391.jpeg,0.8797943592071533,21.286392544010077N,105.99919267172614E,[]
8077,Cao Lanh City-1217.jpeg,0.8796602860093117,10.429799137878842N,105.59887373601575E,[]
8079,Long Xuyen City-2855.jpeg,0.8796365782618523,10.373135874549702N,105.38790295990641E,[]
8080,Vĩnh Long-253.jpeg,0.879620149731636,10.232827803722667N,105.97334522383586E,[]
8081,Long Hồ District-3772.jpeg,0.8796126767992973,10.191719373635499N,105.93179433754707E,[]
8086,Long Xuyen City-1660.jpeg,0.8795324042439461,10.346186539292255N,105.46324459964906E,[]
8089,Cao Lanh City-1776.jpeg,0.8794730082154274,10.437883938456077N,105.67012610510976E,[]
8090,Go Cong Town-4164.jpeg,0.8794708326458931,10.43985581039345N,106.62379191882302E,[]
8092,Trà Vinh City-2943.jpeg,0.8794403821229935,9.991735310265497N,106.33450174726396E,[]
8095,Tây Ninh City-6173.jpeg,0.879398487508297,11.420238245636966N,106.11413250131875E,[]
8096,Châu Thành District-9239.jpeg,0.8793955072760582,10.316295408345898N,106.34024719106255E,[]
8097,Thái Bình-2923.jpeg,0.8793899640440941,20.48506171195596N,106.33207371767911E,[]
8099,Phu Ly City-1101.jpeg,0.8793561831116676,20.52759254233232N,105.90130015169242E,[]
8100,Long Hồ District-5527.jpeg,0.8793465048074722,10.225406042707299N,105.96191773368116E,[]
8101,Go Cong Town-4601.jpeg,0.8793297484517097,10.453330478022172N,106.65256222210868E,[]
8108,Go Cong Town-1008.jpeg,0.8792153149843216,10.368440071961205N,106.70051272758474E,[]
8109,Tây Ninh City-5751.jpeg,0.8792115747928619,11.41080597829684N,106.11688134011352E,[]
8110,Sa Đéc City-82.jpeg,0.8791899681091309,10.26806613668278N,105.7353838714898E,[]
8111,Cai Lậy Town-4526.jpeg,0.879162423312664,10.446402043057908N,106.12654083874648E,[]
8112,Châu Thành District-1037.jpeg,0.8791488409042358,10.259701804305262N,106.39365741780868E,[]
8113,Cai Lậy Town-855.jpeg,0.8791443854570389,10.379028704914282N,106.15394254116356E,[]
8115,Sa Đéc City-2553.jpeg,0.8791178911924362,10.358346409795221N,105.70525193354302E,[]
8119,Long Xuyen City-5323.jpeg,0.8790499269962311,10.43107694535322N,105.45776520766776E,[]
8128,Yên Mỹ District-1107.jpeg,0.8789160177111626,20.87205460862875N,106.05512656775774E,[]
8131,Tây Ninh City-6204.jpeg,0.8788315206766129,11.420238245636966N,106.15673950263752E,[]
8133,Cao Lanh City-2013.jpeg,0.8788283839821815,10.441926338744695N,105.65505348857066E,[]
8138,Duy Tiên District-4288.jpeg,0.8787914663553238,20.657775246397794N,105.91585838163671E,[]
8139,Long Hồ District-16.jpeg,0.8787776976823807,10.136473236357746N,106.00710282788233E,[]
8140,Hiệp Hòa District-4980.jpeg,0.878762811422348,21.32681654689752N,105.96592191746147E,[]
8142,Bến Tre City-2016.jpeg,0.8787622973322868,10.243500006600332N,106.40772488726557E,[]
8143,Hung Yen City-1445.jpeg,0.8786779567599297,20.643519608843928N,106.06624372389724E,[]
8144,Tây Ninh City-3349.jpeg,0.8786364421248436,11.370381975410586N,106.12375343710043E,[]
8146,Phu Ly City-4319.jpeg,0.8786120936274529,20.59766081400367N,105.93439668045279E,[]
8147,Phu Ly City-3776.jpeg,0.8786094710230827,20.577448812560007N,105.88834933609054E,[]
8149,Yên Mỹ District-3268.jpeg,0.8785708248615265,20.90843621122739N,106.02772246170464E,[]
8153,Tây Ninh City-522.jpeg,0.8784744367003441,11.312440904606968N,106.12100459830566E,[]
8154,Long Xuyen City-3923.jpeg,0.8784285485744476,10.394695342755663N,105.42625870377537E,[]
8155,Hiệp Hòa District-3367.jpeg,0.8784252852201462,21.303909611927963N,105.89938040893217E,[]
8156,Hiệp Hòa District-7503.jpeg,0.8784117624163628,21.360503215970393N,106.02378409879131E,[]
8160,Phu Ly City-605.jpeg,0.8782786577939987,20.518160274991946N,105.97468810676976E,[]
8162,Go Cong Town-931.jpeg,0.8782497942447662,10.367092605198332N,106.66763238097258E,[]
8164,Châu Thành District-7216.jpeg,0.8781831413507462,10.301473273954299N,106.35668110698441E,[]
8165,Long Hồ District-4253.jpeg,0.8781807497143745,10.19980417421273N,105.94000980922003E,[]
8167,Hiệp Hòa District-3272.jpeg,0.8780860081315041,21.301214678402133N,106.01944443519157E,[]
8170,Go Cong Town-1178.jpeg,0.8780220225453377,10.373829939012698N,106.65667226543519E,[]
8171,Chau Doc City-3829.jpeg,0.8779854997992516,10.695785009029374N,105.08368156540244E,[]
8172,Long Hồ District-4162.jpeg,0.8779720440506935,10.198456707449855N,105.91399414892234E,[]
8175,Mỹ Tho-1329.jpeg,0.8779006376862526,10.352964871956782N,106.37521278059832E,['580.jpeg']
8176,Cao Lanh City-2228.jpeg,0.8778577744960785,10.44596873903332N,105.62079754189082E,[]
8179,Long Hồ District-3156.jpeg,0.8778113722801208,10.183634573058265N,105.94000980922003E,[]
8182,Long Hồ District-2497.jpeg,0.8777576014399529,10.175549772481036N,105.95233301672941E,[]
8184,Binh Minh Town-3909.jpeg,0.8777339234948158,10.086797476767636N,105.86111053069003E,[]
8185,Cao Lanh City-1167.jpeg,0.8777049630880356,10.428451671115972N,105.64683206136746E,[]
8190,Long Hồ District-6061.jpeg,0.8776043877005577,10.236185776810276N,106.01394905427645E,[]
8192,Hung Yen City-3181.jpeg,0.8775685802102089,20.700113212886198N,106.02592162461532E,[]
8193,Long Hồ District-5675.jpeg,0.877559520304203,10.22810097623304N,105.97834867702704E,['560.jpeg']
8194,Tây Ninh City-491.jpeg,0.8775300607085228,11.312440904606968N,106.07839759698689E,[]
8195,Duy Tiên District-3563.jpeg,0.8775044530630112,20.64699551229451N,105.98352920733824E,[]
8196,Mỹ Tho-3103.jpeg,0.8774914219975471,10.383956607502846N,106.34918643792071E,[]
8198,Vĩnh Long-34.jpeg,0.877456933259964,10.224743003145434N,105.95143591553051E,[]
8203,Thanh Liêm District-1100.jpeg,0.8773809224367142,20.410021342582734N,105.8973784199569E,[]
8204,Long Hồ District-2732.jpeg,0.8773246183991432,10.178244706006778N,105.96602546951763E,[]
8208,Tây Ninh City-5912.jpeg,0.8772717490792274,11.41350091182259N,106.16636043841919E,[]
8213,Hung Yen City-3094.jpeg,0.8772407621145248,20.696070812597466N,106.0619234989742E,[]
8215,Cao Lanh City-4061.jpeg,0.8772199228405952,10.485045275156622N,105.60024397388295E,[]
8224,Mỹ Tho-2975.jpeg,0.8770234286785126,10.381261673977102N,106.38206181814505E,[]
8227,Phu Ly City-4152.jpeg,0.8769695982336998,20.58688107990039N,105.95598137312261E,[]
8229,Mỹ Hào District-146.jpeg,0.8769497573375702,20.88807214043406N,106.08920254855506E,[]
8234,Long Hồ District-5267.jpeg,0.8768757656216621,10.220016175655811N,105.95644075256588E,[]
8235,Long Hồ District-1812.jpeg,0.8768689706921577,10.167464971903803N,105.94000980922003E,[]
8245,Tây Ninh City-5316.jpeg,0.8767172396183014,11.402721177719588N,106.09076737156332E,[]
8249,Cao Lanh City-3766.jpeg,0.8766448870301247,10.478307941342258N,105.6591642021722E,[]
8252,Mỹ Hào District-1799.jpeg,0.8765964433550835,20.931191076847256N,106.09064516226894E,[]
8258,Long Xuyen City-2156.jpeg,0.8764554932713509,10.358313740158108N,105.41666976780813E,[]
8264,Long Xuyen City-5115.jpeg,0.8763246312737465,10.425687078301731N,105.40571098384557E,['479.jpeg']
8266,Cao Lanh City-2766.jpeg,0.8763095587491989,10.456748473136297N,105.6070951632189E,[]
8267,Hiệp Hòa District-4918.jpeg,0.8762816339731216,21.325469080134603N,106.01799788065833E,[]
8269,Duy Tiên District-3757.jpeg,0.8762635067105293,20.649690445820323N,105.98064959773394E,[]
8272,Phu Ly City-3918.jpeg,0.8762077763676643,20.580143746085835N,105.93295770094146E,[]
8277,Go Cong Town-1279.jpeg,0.8760918378829956,10.37652487253844N,106.65667226543519E,[]
8281,Binh Minh Town-885.jpeg,0.8760480433702469,10.015381738335437N,105.88711109283818E,['538.jpeg']
8285,Bến Tre City-3306.jpeg,0.8760109394788742,10.271796808620646N,106.32009192991714E,[]
8288,Châu Thành District-2905.jpeg,0.8759717717766762,10.274523938696857N,106.25944710444665E,[]
8292,Long Xuyen City-4645.jpeg,0.8759321048855782,10.412212410673003N,105.43584763974262E,[]
8293,Mỹ Tho-3673.jpeg,0.8759193792939186,10.393388874842957N,106.39575989323852E,[]
8295,Long Xuyen City-1237.jpeg,0.8758983388543129,10.336754271952149N,105.46598429563967E,[]
8297,Long Hồ District-5415.jpeg,0.8758827894926071,10.222711109181553N,105.9810871675847E,[]
8305,Hung Yen City-2718.jpeg,0.8756377026438713,20.683943611731266N,106.07200402379468E,[]
8306,Tây Ninh City-1382.jpeg,0.8756305202841759,11.334000372812964N,106.0797720163843E,[]
8307,Mỹ Hào District-2399.jpeg,0.8755566030740738,20.940623344187646N,106.14546448339627E,[]
8308,Mỹ Tho-3797.jpeg,0.8755549117922783,10.396083808368703N,106.377952395617E,[]
8309,Go Cong Town-4716.jpeg,0.875532977283001,10.460067811836536N,106.65119220766648E,[]
8310,Long Hồ District-3336.jpeg,0.8754638954997063,10.18632950658401N,105.88660924334586E,[]
8311,Yên Mỹ District-925.jpeg,0.8754593282938004,20.869359675102928N,105.99743371290913E,[]
8313,Cai Lậy Town-3061.jpeg,0.8753881826996803,10.419452707800456N,106.1375015197133E,[]
8314,Tam Điệp-260.jpeg,0.8753686025738716,20.117000540191N,105.91679285417236E,[]
8320,Tây Ninh City-4180.jpeg,0.8752782791852951,11.383856643039337N,106.11550692071616E,[]
8323,Cai Lậy Town-3801.jpeg,0.8752521872520447,10.432927375429179N,106.19504509478917E,[]
8326,Yên Mỹ District-2644.jpeg,0.8752178102731705,20.897656477124087N,106.02195317621977E,[]
8327,Cai Lậy Town-3007.jpeg,0.8752091228961945,10.418105241037583N,106.14572203043844E,[]
8328,Cai Lậy Town-1169.jpeg,0.8751770332455635,10.38441857196577N,106.16764339237213E,['772.jpeg']
8335,Phu Ly City-3502.jpeg,0.874992623925209,20.569364011982547N,105.95454239361126E,[]
8337,Binh Minh Town-1851.jpeg,0.8749273121356964,10.036941206541384N,105.88163729028066E,[]
8338,Cao Lanh City-4724.jpeg,0.8749205619096756,10.49851994278535N,105.5755796922735E,[]
8345,Yên Mỹ District-3095.jpeg,0.874804176390171,20.90574127770157N,105.9931067487955E,[]
8346,Long Hồ District-3323.jpeg,0.8747971504926682,10.184982039821136N,106.01805679011294E,[]
8347,Binh Minh Town-2030.jpeg,0.8747942447662354,10.040983606829998N,105.85426827749315E,[]
8350,Long Hồ District-4721.jpeg,0.87472103536129,10.209236441552832N,105.92494811115294E,[]
8355,Bac Giang City-1135.jpeg,0.8746678084135056,21.26453014285328N,106.22131120802365E,['203.jpeg']
8356,Mỹ Hào District-1573.jpeg,0.8746592029929161,20.92580120979561N,106.1310383462575E,[]
8359,Duy Tiên District-4913.jpeg,0.8746456131339073,20.66720751373818N,105.9057797480216E,[]
8361,Duy Tiên District-1578.jpeg,0.874611146748066,20.618698710273378N,106.01232530338144E,[]
8365,Long Hồ District-3290.jpeg,0.8745531439781189,10.184982039821136N,105.97287169591176E,[]
8371,Tây Ninh City-682.jpeg,0.874465599656105,11.317830771658468N,106.07702317758954E,[]
8372,Duy Tiên District-551.jpeg,0.8744625225663185,20.587706974726427N,105.9561729160972E,[]
8373,Châu Thành District-2696.jpeg,0.8744461238384247,10.273176471933986N,106.24575217451175E,[]
8374,Trà Vinh City-530.jpeg,0.8744383454322815,9.910887304493212N,106.31124489912449E,[]
8375,Cao Lanh City-1817.jpeg,0.8744283393025398,10.439231405218955N,105.61257611468767E,[]
8379,Thái Bình-891.jpeg,0.8743473663926125,20.437900375254113N,106.30906365836448E,[]
8382,Cao Lanh City-3493.jpeg,0.874311089515686,10.47291807429077N,105.6262784933596E,[]
8385,Châu Thành District-3661.jpeg,0.8742512613534927,10.278566338985474N,106.43474220761335E,[]
8388,Cai Lậy Town-5553.jpeg,0.874159149825573,10.465266577738122N,106.1375015197133E,[]
8391,Cao Lanh City-750.jpeg,0.8741214349865913,10.421714337301607N,105.65505348857066E,[]
8392,Go Cong Town-591.jpeg,0.8740901947021484,10.357660337858226N,106.71421287200647E,[]
8394,Sa Đéc City-966.jpeg,0.8740395978093147,10.296362938703094N,105.76551580943658E,"['915.jpeg', '903.jpeg', '916.jpeg']"
8396,Long Hồ District-1524.jpeg,0.8740343973040581,10.163422571615186N,106.00025660148823E,[]
8400,Phu Ly City-2122.jpeg,0.87400733679533,20.543762143487246N,105.9200068853396E,[]
8401,Trà Vinh City-404.jpeg,0.8739781975746155,9.906844904204599N,106.30303659978111E,[]
8402,Yên Mỹ District-1684.jpeg,0.8739437758922577,20.882834342732053N,105.96426032137117E,[]
8403,Long Hồ District-5720.jpeg,0.8739313036203384,10.229448442995913N,105.93179433754707E,[]
8408,Châu Thành District-728.jpeg,0.873828336596489,10.257006870779517N,106.2238402866159E,[]
8410,Cai Lậy Town-2555.jpeg,0.8738200217485428,10.40867297369747N,106.15394254116356E,['85.jpeg']
8412,Trà Vinh City-2125.jpeg,0.8737777471542358,9.970175842059554N,106.35091834595066E,"['51.jpeg', '754.jpeg']"
8413,Hiệp Hòa District-8848.jpeg,0.8737689703702927,21.388800017991613N,105.95724259026198E,[]
8424,Bến Tre City-1626.jpeg,0.8735457956790924,10.23676267278597N,106.41046341718273E,[]
8428,Go Cong Town-4299.jpeg,0.873474046587944,10.44255074391919N,106.64160210657127E,[]
8431,Cai Lậy Town-1512.jpeg,0.8734331354498863,10.38980843901726N,106.18956475430575E,[]
8435,Mỹ Hào District-3686.jpeg,0.8733674958348274,20.963530279157165N,106.05313720570813E,[]
8440,Trà Vinh City-740.jpeg,0.8732760772109032,9.917624638307569N,106.32766149781118E,[]
8446,Bến Tre City-487.jpeg,0.8731879815459251,10.211160804291403N,106.36801620346708E,[]
8449,Cai Lậy Town-5460.jpeg,0.873151384294033,10.463919110975251N,106.10735964705452E,[]
8450,Vĩnh Long-1497.jpeg,0.8731478676199913,10.257082205454365N,105.89118531769084E,[]
8452,Long Xuyen City-2677.jpeg,0.8731104657053947,10.369093474261087N,105.41393007181749E,[]
8454,Cao Lanh City-4215.jpeg,0.873076856136322,10.487740208682368N,105.62764873122678E,[]
8458,Cao Lanh City-1175.jpeg,0.8730032593011856,10.428451671115972N,105.65779396430501E,[]
8459,Mỹ Tho-3985.jpeg,0.8729970157146454,10.40147367542019N,106.377952395617E,[]
8460,Cao Lanh City-2859.jpeg,0.8729527443647385,10.458095939899168N,105.6482022992347E,[]
8461,Long Hồ District-8692.jpeg,0.8729516416788101,10.299516714665266N,106.0112105637188E,[]
8465,Binh Minh Town-2085.jpeg,0.8728375136852264,10.04233107359287N,105.83784686982062E,['30.jpeg']
8469,Tây Ninh City-3219.jpeg,0.8727691620588303,11.367687041884835N,106.17185811600866E,[]
8470,Bến Tre City-1855.jpeg,0.8727687448263168,10.240805073074588N,106.40772488726557E,[]
8471,Bac Giang City-2272.jpeg,0.8727636262774467,21.287437077822833N,106.1678107884366E,[]
8476,Châu Thành District-3144.jpeg,0.8726238682866096,10.275871405459727N,106.30737935921879E,[]
8479,Tây Ninh City-2445.jpeg,0.8725759834051132,11.355559841018964N,106.09076737156332E,[]
8480,Binh Minh Town-2506.jpeg,0.8725729361176491,10.050415874170099N,105.8528998268538E,[]
8481,Cai Lậy Town-1289.jpeg,0.8725684881210327,10.387113505491515N,106.10735964705452E,[]
8482,Ninh Bình-1859.jpeg,0.8725514709949493,20.263086943686346N,105.97732532097633E,[]
8483,Phu Ly City-2799.jpeg,0.8724725097417831,20.55588934435344N,105.92288484436223E,[]
8485,Cai Lậy Town-2089.jpeg,0.8724581673741341,10.400588173120237N,106.10735964705452E,[]
8492,Binh Minh Town-2508.jpeg,0.8723397552967072,10.050415874170099N,105.85563672813252E,[]
8497,Thanh Liêm District-5744.jpeg,0.8722516819834709,20.481437081016963N,105.87436950997845E,[]
8498,Trà Vinh City-2513.jpeg,0.8722422644495964,9.979608109399651N,106.34271004660732E,[]
8500,Vĩnh Long-284.jpeg,0.8722193017601967,10.23417527048554N,105.92131061661068E,[]
8502,Mỹ Hào District-3011.jpeg,0.8722016960382462,20.95140307829095N,106.03294061371386E,[]
8505,Long Hồ District-2724.jpeg,0.8721541240811348,10.178244706006778N,105.95507150728706E,[]
8517,Go Cong Town-1358.jpeg,0.8718346580862999,10.37787233930131N,106.69503266981602E,[]
8524,Cai Lậy Town-6121.jpeg,0.8717592656612396,10.476046311841102N,106.16490322213039E,[]
8526,Cai Lậy Town-6265.jpeg,0.8717383593320847,10.480088712129726N,106.12380066850477E,[]
8528,Binh Minh Town-1396.jpeg,0.871685154736042,10.02750893920128N,105.85837362941128E,[]
8530,Binh Minh Town-1283.jpeg,0.8716797828674316,10.024814005675537N,105.86658433324753E,[]
8531,Go Cong Town-4470.jpeg,0.8716594874858856,10.447940610970683N,106.63749206324476E,[]
8532,Cao Lanh City-452.jpeg,0.8716332316398621,10.417671937012992N,105.59065230881261E,[]
8534,Tây Ninh City-1679.jpeg,0.8716076239943504,11.339390239864464N,106.1581139220349E,[]
8539,Tây Ninh City-2164.jpeg,0.8715591877698898,11.350169973967462N,106.11688134011352E,[]
8542,Cao Lanh City-2297.jpeg,0.8715500459074974,10.447316205796186N,105.61531659042207E,[]
8545,Hiệp Hòa District-2224.jpeg,0.8714623302221298,21.28369761048424N,105.98617368092694E,[]
8546,Châu Thành District-2515.jpeg,0.8714607954025269,10.271829005171114N,106.26492507642061E,[]
8547,Vĩnh Long-1531.jpeg,0.871430829167366,10.257082205454365N,105.93774259783969E,[]
8548,Bac Giang City-829.jpeg,0.8714264631271362,21.256445342275793N,106.22564907988206E,[]
8552,Hiệp Hòa District-7324.jpeg,0.8713949620723724,21.357808282444562N,106.02378409879131E,[]
8557,Long Hồ District-5869.jpeg,0.8713516518473625,10.232143376521655N,105.93727131866235E,[]
8561,Hiệp Hòa District-7741.jpeg,0.8711819127202034,21.36454561625914N,106.00642544439235E,[]
8562,Cai Lậy Town-1793.jpeg,0.8711681365966797,10.39519830606875N,106.13065109410903E,[]
8565,Tam Điệp-3054.jpeg,0.8711223229765892,20.16416187689279N,105.93832405548146E,[]
8568,Tây Ninh City-5488.jpeg,0.8710662871599197,11.405416111245337N,106.13749763107424E,[]
8573,Cao Lanh City-1702.jpeg,0.8709520176053047,10.436536471693207N,105.68245824591448E,[]
8580,Tây Ninh City-994.jpeg,0.8709186837077141,11.324568105472839N,106.12650227589519E,[]
8582,Tây Ninh City-2815.jpeg,0.8708852604031563,11.360949708070462N,106.16498601902181E,['613.jpeg']
8584,Binh Minh Town-3812.jpeg,0.8708787634968758,10.084102543241892N,105.85974208005064E,[]
8586,Cao Lanh City-1978.jpeg,0.8708760887384415,10.441926338744695N,105.6070951632189E,['497.jpeg']
8588,Long Hồ District-569.jpeg,0.8708208352327347,10.151295370749338N,105.95096377145056E,[]
8592,Mỹ Hào District-1557.jpeg,0.8707386627793312,20.92580120979561N,106.10795652683545E,[]
8593,Châu Thành District-2118.jpeg,0.8707097843289375,10.269134071645368N,106.22657927260288E,[]
8596,Long Hồ District-1684.jpeg,0.870682068169117,10.16611750514093N,105.91673263947999E,[]
8597,Tây Ninh City-6736.jpeg,0.8706746995449066,11.436407846791464N,106.11688134011352E,[]
8598,Duy Tiên District-5282.jpeg,0.8706584833562374,20.67394484755273N,105.91729818643888E,[]
8599,Bến Tre City-819.jpeg,0.870646670460701,10.219245604868638N,106.41867900693413E,[]
8600,Sa Đéc City-1466.jpeg,0.8706356808543205,10.313880006620439N,105.74497130629103E,[]
8602,Long Hồ District-2405.jpeg,0.8706042692065239,10.174202305718163N,105.9810871675847E,[]
8607,Mỹ Tho-3456.jpeg,0.8705048188567162,10.389346474554337N,106.40397873829461E,[]
8608,Long Hồ District-6258.jpeg,0.8705028593540192,10.241575643861761N,106.01805679011294E,[]
8610,Tây Ninh City-1749.jpeg,0.870463915169239,11.342085173390213N,106.08526969397381E,[]
8611,Long Xuyen City-2062.jpeg,0.8704607337713242,10.35561880663236N,105.4468064237052E,[]
8614,Long Hồ District-6289.jpeg,0.8703752681612968,10.242923110624638N,105.99888735620941E,[]
8616,Duy Tiên District-2015.jpeg,0.8703405857086182,20.625436044087937N,105.97201076892097E,[]
8625,Duy Tiên District-4301.jpeg,0.8702425062656403,20.657775246397794N,105.93457584406481E,[]
8627,Cai Lậy Town-3971.jpeg,0.8701977357268333,10.436969775717799N,106.12654083874648E,[]
8628,Tây Ninh City-4708.jpeg,0.8701814785599709,11.39194144361659N,106.12925111468995E,['980.jpeg']
8629,Duy Tiên District-654.jpeg,0.8701799735426903,20.593096841778074N,105.95329330649288E,[]
8632,Yên Mỹ District-3454.jpeg,0.8700542524456978,20.912478611516125N,105.98012585645456E,[]
8633,Hiệp Hòa District-3979.jpeg,0.8700251504778862,21.311994412505456N,105.98038746279394E,[]
8636,Cao Lanh City-2338.jpeg,0.8699939399957657,10.447316205796186N,105.67149634297695E,[]
8639,Binh Minh Town-1553.jpeg,0.8699292913079262,10.031551339489894N,105.82279391278752E,[]
8643,Vĩnh Long-1146.jpeg,0.8698383048176765,10.250344871640005N,105.98840787329577E,[]
8646,Go Cong Town-4537.jpeg,0.8697389513254166,10.450635544496429N,106.63886207768692E,[]
8647,Cao Lanh City-1657.jpeg,0.8697388246655464,10.436536471693207N,105.62079754189082E,[]
8651,Tây Ninh City-2782.jpeg,0.8696912303566933,11.360949708070462N,106.11963017890828E,[]
8653,Tây Ninh City-2621.jpeg,0.8696574568748474,11.358254774544713N,106.11550692071616E,[]
8654,Go Cong Town-279.jpeg,0.8696489930152893,10.348228070518116N,106.68955261204736E,[]
8657,Châu Thành District-1791.jpeg,0.8696006387472153,10.266439138119624N,106.26355558342712E,[]
8658,Thanh Liêm District-1342.jpeg,0.8695868477225304,20.415411209634375N,105.89306424933591E,[]
8659,Tây Ninh City-5734.jpeg,0.8695344030857086,11.41080597829684N,106.07564875819214E,[]
8660,Ninh Bình-1039.jpeg,0.8695066869258881,20.241527475479803N,105.99599581733898E,[]
8662,Thái Bình-544.jpeg,0.8694838136434555,20.429815574676653N,106.35364564828656E,[]
8663,Long Hồ District-6388.jpeg,0.8694634586572647,10.24696551091325N,106.02216452594939E,[]
8664,Sa Đéc City-596.jpeg,0.8694305494427681,10.284235737837246N,105.75181947400624E,[]
8666,Hung Yen City-308.jpeg,0.8693971857428551,20.61791774034862N,106.08064447364077E,[]
8671,Trà Vinh City-1797.jpeg,0.8693198189139366,9.962091041482322N,106.30987684923393E,[]
8673,Long Xuyen City-549.jpeg,0.8692705109715462,10.321932137560555N,105.4413270317239E,[]
8676,Cao Lanh City-1827.jpeg,0.8691994473338127,10.439231405218955N,105.6262784933596E,[]
8680,Cai Lậy Town-4935.jpeg,0.8690698966383934,10.45313937687227N,106.17312373285549E,[]
8682,Cao Lanh City-2335.jpeg,0.86904077231884,10.447316205796186N,105.66738562937537E,[]
8684,Cai Lậy Town-6427.jpeg,0.8690178021788597,10.485478579181216N,106.0991391363294E,[]
8685,Cao Lanh City-5160.jpeg,0.868948683142662,10.509299676888332N,105.5728392165391E,[]
8686,Cao Lanh City-485.jpeg,0.8689011260867119,10.417671937012992N,105.63587015842995E,[]
8692,Long Hồ District-5976.jpeg,0.8687866553664207,10.234838310047401N,105.91947113003765E,[]
8693,Cai Lậy Town-1717.jpeg,0.8687802627682686,10.393850839305879N,106.1375015197133E,[]
8695,Duy Tiên District-2199.jpeg,0.8687720373272896,20.62813097761375N,105.96193213530586E,[]
8697,Cai Lậy Town-1258.jpeg,0.8687481731176376,10.385766038728642N,106.17723398821808E,[]
8698,Go Cong Town-1022.jpeg,0.8687261939048767,10.369787538724077N,106.64982219322431E,[]
8699,Binh Minh Town-3073.jpeg,0.8687202855944633,10.063890541798811N,105.85016292557502E,[]
8701,Cao Lanh City-2949.jpeg,0.8686804547905922,10.460790873424916N,105.60298444961734E,[]
8702,Vĩnh Long-800.jpeg,0.8686707317829132,10.244955004588519N,105.94869725199236E,[]
8705,Tam Điệp-783.jpeg,0.8686520159244537,20.127780274294267N,105.88377834549836E,[]
8706,Bến Tre City-3353.jpeg,0.8686421141028404,10.27314427538352N,106.33515384446142E,[]
8710,Vĩnh Long-1507.jpeg,0.8685669973492622,10.257082205454365N,105.90487863538168E,[]
8711,Vĩnh Long-2174.jpeg,0.8685472533106804,10.269209406320215N,105.91994128484161E,[]
8716,Tây Ninh City-725.jpeg,0.8684316053986549,11.317830771658468N,106.13612321167683E,[]
8719,Long Hồ District-122.jpeg,0.8683853670954704,10.141863103409237N,106.01394905427645E,[]
8720,Go Cong Town-1871.jpeg,0.8683341220021248,10.39269447369291N,106.64434213545564E,['604.jpeg']
8724,Bến Tre City-2922.jpeg,0.8682664334774017,10.259669607754798N,106.4022478274313E,[]
8726,Tam Điệp-821.jpeg,0.8682488650083542,20.127780274294267N,105.93832405548146E,[]
8727,Tây Ninh City-5248.jpeg,0.8682177737355232,11.401373710956712N,106.10588598493449E,[]
8730,Cao Lanh City-1052.jpeg,0.8681198209524155,10.427104204353101N,105.60572492535172E,[]
8731,Cai Lậy Town-2889.jpeg,0.8680840283632278,10.415410307511838N,106.14709211555929E,[]
8733,Cao Lanh City-2505.jpeg,0.868035227060318,10.45135860608481N,105.60846540108611E,[]
8734,Long Hồ District-1070.jpeg,0.8679772838950157,10.158032704563702N,105.97424094119057E,[]
8737,Châu Thành District-3126.jpeg,0.8679358586668968,10.275871405459727N,106.28272848533595E,[]
8742,Tam Điệp-2889.jpeg,0.8678814209997654,20.162814410129887N,105.86081173076859E,[]
8744,Long Hồ District-1150.jpeg,0.8678559064865112,10.15938017132657N,105.92905584698941E,[]
8749,Binh Minh Town-2979.jpeg,0.8677628636360168,10.061195608273072N,105.86111053069003E,[]
8751,Tây Ninh City-4604.jpeg,0.8677463755011559,11.390593976853712N,106.10176272674236E,[]
8752,Cao Lanh City-482.jpeg,0.8677437379956245,10.417671937012992N,105.63175944482836E,[]
8753,Go Cong Town-675.jpeg,0.8677146285772324,10.36035527138397N,106.68544256872082E,[]
8754,Thái Bình-1203.jpeg,0.867687463760376,20.443290242305753N,106.36946506406538E,[]
8756,Long Xuyen City-2630.jpeg,0.8676626533269882,10.367746007498214N,105.4413270317239E,[]
8758,Mỹ Tho-800.jpeg,0.8676119521260262,10.343532604616676N,106.39712970074788E,[]
8760,Mỹ Hào District-2192.jpeg,0.8675354942679405,20.937928410661822N,106.08920254855506E,[]
8764,Hiệp Hòa District-5284.jpeg,0.8674841448664665,21.33085894718627N,105.97460124466096E,[]
8766,Cai Lậy Town-4995.jpeg,0.8673762828111649,10.454486843635143N,106.15531262628441E,[]
8767,Binh Minh Town-3476.jpeg,0.8673715367913246,10.074670275901788N,105.85974208005064E,[]
8770,Long Hồ District-5355.jpeg,0.867290772497654,10.22136364241868N,105.98793339397882E,[]
8771,Cai Lậy Town-2506.jpeg,0.867268405854702,10.407325506934605N,106.18408441382235E,[]
8774,Duy Tiên District-4010.jpeg,0.8672154173254967,20.65373284610907N,105.92161760084535E,[]
8776,Tam Điệp-638.jpeg,0.8671572506427765,20.125085340768454N,105.88521375891894E,[]
8777,Tây Ninh City-3576.jpeg,0.8671518862247467,11.374424375699213N,106.09351621035809E,[]
8778,Long Xuyen City-3525.jpeg,0.8671259433031082,10.38661054217843N,105.37694417594385E,[]
8781,Cai Lậy Town-4646.jpeg,0.8670445829629898,10.447749509820778N,106.1854544989432E,[]
8787,Bac Giang City-2659.jpeg,0.8669711090624332,21.2941744116374N,106.23287886631276E,[]
8789,Cai Lậy Town-1811.jpeg,0.8669522032141685,10.39519830606875N,106.15531262628441E,[]
8793,Duy Tiên District-5094.jpeg,0.8668951243162155,20.669902447263993N,105.94465447767993E,[]
8795,Tây Ninh City-2104.jpeg,0.866849772632122,11.348822507204586N,106.1251278564978E,[]
8796,Trà Vinh City-921.jpeg,0.8668296709656715,9.924361972121927N,106.30850879934333E,[]
8797,Binh Minh Town-1663.jpeg,0.8668238371610641,10.032898806252769N,105.88711109283818E,[]
8801,Long Hồ District-4299.jpeg,0.8667127266526222,10.19980417421273N,106.00299509204586E,[]
8808,Go Cong Town-1793.jpeg,0.8665898144245148,10.389999540167166N,106.67722248206778E,[]
8810,Long Hồ District-4521.jpeg,0.8665829449892044,10.205194041264217N,105.92631735643175E,[]
8811,Cao Lanh City-4893.jpeg,0.8665458709001541,10.501214876311098N,105.63175944482836E,[]
8814,Bến Tre City-2787.jpeg,0.8664536252617836,10.256974674229053N,106.40087856247274E,[]
8819,Chau Doc City-2708.jpeg,0.8663195967674255,10.678267941112024N,105.07134026111558E,[]
8821,Tam Điệp-1074.jpeg,0.8662909716367722,20.133170141345904N,105.88521375891894E,[]
8824,Tây Ninh City-2109.jpeg,0.866208128631115,11.348822507204586N,106.13199995348471E,[]
8829,Mỹ Hào District-2144.jpeg,0.8661730736494064,20.936580943898907N,106.1382514148269E,[]
8831,Thanh Liêm District-6359.jpeg,0.8661476746201515,20.48952188159442N,105.98222377550239E,[]
8835,Hiệp Hòa District-7555.jpeg,0.8660837039351463,21.361850682733312N,105.97170813559445E,['128.jpeg']
8848,Go Cong Town-2859.jpeg,0.865769125521183,10.416948875424618N,106.61968187549651E,[]
8849,Hoa Lư District-3959.jpeg,0.8657350540161133,20.290966980957013N,105.95070772529417E,[]
8850,Cao Lanh City-5224.jpeg,0.8657280951738358,10.513342077176949N,105.58928207094542E,[]
8852,Tây Ninh City-2342.jpeg,0.8657242208719254,11.352864907493213N,106.16223718022705E,[]
8853,Duy Tiên District-4929.jpeg,0.8657043054699898,20.66720751373818N,105.92881662485615E,[]
8856,Tây Ninh City-2871.jpeg,0.8656794652342796,11.362297174833339N,106.13337437288207E,[]
8858,Long Hồ District-4546.jpeg,0.8656515628099442,10.205194041264217N,105.96054848840235E,['561.jpeg']
8859,Tam Điệp-493.jpeg,0.8656432777643204,20.122390407242634N,105.88234293207772E,[]
8861,Bến Tre City-1862.jpeg,0.8655958026647568,10.240805073074588N,106.41730974197556E,[]
8862,Trà Vinh City-1295.jpeg,0.8655899912118912,9.943226506802128N,106.33176564748287E,[]
8867,Long Hồ District-1609.jpeg,0.8655033186078072,10.16477003837806N,105.96602546951763E,[]
8870,Thanh Liêm District-3388.jpeg,0.8654342517256737,20.44775041194421N,105.91319704556706E,[]
8871,Châu Thành District-5087.jpeg,0.8654311373829842,10.28799860632558N,106.27725051336202E,[]
8874,Sa Đéc City-2781.jpeg,0.8654062449932098,10.36777867713533N,105.72442680314552E,[]
8876,Mỹ Hào District-2509.jpeg,0.8653894439339638,20.94331827771347N,106.05890766056366E,[]
8878,Vĩnh Long-1656.jpeg,0.8653744831681252,10.258429672217233N,105.99114653683395E,[]
8879,Thái Bình-874.jpeg,0.8653716072440147,20.436552908491205N,106.38097009372268E,[]
8881,Cao Lanh City-5154.jpeg,0.8653655424714088,10.509299676888332N,105.56461778933597E,[]
8882,Long Hồ District-304.jpeg,0.8653275817632675,10.147252970460721N,105.92220962059528E,[]
8885,Phu Ly City-2561.jpeg,0.8652899190783501,20.55184694406471N,105.90130015169242E,[]
8887,Phu Ly City-4076.jpeg,0.8652645200490952,20.58418614637456N,105.96029831165657E,[]
8888,Go Cong Town-3110.jpeg,0.8652623221278191,10.420991275713233N,106.67996251095214E,[]
8890,Binh Minh Town-3505.jpeg,0.8652281388640404,10.076017742664664N,105.83237306726312E,[]
8894,Duy Tiên District-2787.jpeg,0.8651946857571602,20.63621577819122N,105.99072823134907E,[]
8906,Cai Lậy Town-2866.jpeg,0.8649998009204865,10.415410307511838N,106.11558015777963E,[]
8909,Thanh Liêm District-4180.jpeg,0.8649700284004211,20.458530146047487N,105.93764401241917E,[]
8911,Tây Ninh City-635.jpeg,0.8649555593729019,11.316483304895591N,106.08389527457642E,[]
8913,Binh Minh Town-4094.jpeg,0.8649341873824596,10.09218734381912N,105.85016292557502E,[]
8915,Cai Lậy Town-4254.jpeg,0.864881619811058,10.441012176006414N,106.1854544989432E,[]
8917,Long Hồ District-5269.jpeg,0.8647879958152771,10.220016175655811N,105.95917924312353E,[]
8918,Long Xuyen City-2821.jpeg,0.864743284881115,10.371788407786832N,105.43036824776134E,[]
8921,Duy Tiên District-5578.jpeg,0.8646946921944618,20.67933471460438N,106.02096413219442E,[]
8924,Thái Bình-564.jpeg,0.8646088689565659,20.429815574676653N,106.38240822242985E,[]
8929,Hung Yen City-1602.jpeg,0.8645613491535187,20.647562009132667N,106.07632424871774E,[]
8930,Cai Lậy Town-1646.jpeg,0.8645598441362381,10.392503372543006N,106.15120237092184E,[]
8933,Long Hồ District-2319.jpeg,0.864537388086319,10.172854838955288N,106.01805679011294E,[]
8935,Phu Ly City-1396.jpeg,0.8645318746566772,20.531634942621054N,105.96173729116788E,[]
8936,Cai Lậy Town-416.jpeg,0.8645131886005402,10.370943904337045N,106.10598956193365E,[]
8937,Cao Lanh City-2981.jpeg,0.8645059764385223,10.460790873424916N,105.64683206136746E,[]
8938,Châu Thành District-2724.jpeg,0.8644657358527184,10.273176471933986N,106.28409797832946E,[]
8939,Thanh Liêm District-4720.jpeg,0.8644401207566261,20.466614946624954N,105.90744481807246E,[]
8942,Hiệp Hòa District-4864.jpeg,0.8643747568130493,21.325469080134603N,105.93988393586307E,[]
8943,Yên Mỹ District-3147.jpeg,0.8643404021859169,20.90574127770157N,106.06810746009869E,[]
8945,Long Xuyen City-1989.jpeg,0.8643051385879517,10.354271339869493N,105.4276285517707E,[]
8954,Bến Tre City-480.jpeg,0.864183247089386,10.211160804291403N,106.3584313487571E,[]
8959,Chau Doc City-3937.jpeg,0.8640579655766487,10.69713247579225N,105.12756175842237E,[]
8961,Binh Minh Town-2241.jpeg,0.8640485554933548,10.045026007118615N,105.86521588260818E,[]
8965,Phu Ly City-1437.jpeg,0.8639396876096725,20.53298240938396N,105.8984221926698E,[]
8969,Tây Ninh City-1008.jpeg,0.8638268038630486,11.324568105472839N,106.14574414745852E,[]
8974,Binh Minh Town-4004.jpeg,0.86374132335186,10.089492410293376N,105.85974208005064E,[]
8977,Cai Lậy Town-3286.jpeg,0.8636011406779289,10.423495108089071N,106.15668271140524E,[]
8978,Trà Vinh City-1665.jpeg,0.8635775744915009,9.958048641193713N,106.31261294901503E,[]
8985,Sa Đéc City-92.jpeg,0.8634568005800247,10.26941360344565N,105.71894826897338E,[]
8990,Duy Tiên District-931.jpeg,0.8633816912770271,20.60387657588136N,105.94465447767993E,[]
8991,Hiệp Hòa District-5214.jpeg,0.8633312433958054,21.329511480423346N,106.01944443519157E,[]
8992,Châu Thành District-4176.jpeg,0.8633100762963295,10.28260873927409N,106.23342673757034E,[]
8994,Trà Vinh City-417.jpeg,0.8632818311452866,9.906844904204599N,106.32492539803008E,[]
8997,Binh Minh Town-1882.jpeg,0.8631955161690712,10.038288673304255N,105.83374151790251E,[]
8998,Thái Bình-2154.jpeg,0.8631406724452972,20.463502243749414N,106.37377945018686E,[]
9001,Tam Điệp-1158.jpeg,0.8630819916725159,20.134517608108812N,105.90387413338686E,[]
9002,Tây Ninh City-6743.jpeg,0.8630629777908325,11.436407846791464N,106.1581139220349E,[]
9009,Cai Lậy Town-490.jpeg,0.8629618361592293,10.372291371099921N,106.1320211792299E,[]
9013,Cao Lanh City-732.jpeg,0.8629344999790192,10.421714337301607N,105.63038920696117E,[]
9016,Go Cong Town-1123.jpeg,0.8628953248262405,10.372482472249823N,106.64982219322431E,[]
9017,Bac Giang City-2776.jpeg,0.8628925606608391,21.296869345163234N,106.21552737887913E,[]
9019,Châu Thành District-3181.jpeg,0.8628709428012371,10.275871405459727N,106.36900654392583E,[]
9023,Tam Điệp-2403.jpeg,0.8628041669726372,20.156077076315338N,105.87803669181591E,[]
9024,Châu Thành District-636.jpeg,0.8627606257796288,10.255659404016646N,106.24849116049872E,[]
9030,Hoa Lư District-4083.jpeg,0.8627004399895668,20.29366191448283N,105.93347287228377E,['413.jpeg']
9032,Châu Thành District-8562.jpeg,0.8626538664102554,10.310905541294407N,106.36215907895837E,[]
9033,Long Xuyen City-2044.jpeg,0.862653024494648,10.35561880663236N,105.42214915978941E,[]
9037,Go Cong Town-787.jpeg,0.862560547888279,10.363050204909717N,106.69092262648952E,[]
9040,Long Hồ District-7121.jpeg,0.8625297024846077,10.271219912644948N,105.96054848840235E,[]
9041,Long Hồ District-1262.jpeg,0.8625181168317795,10.16072763808944N,105.93590207338352E,[]
9042,Tây Ninh City-5478.jpeg,0.8625050336122513,11.405416111245337N,106.12375343710043E,[]
9044,Go Cong Town-3643.jpeg,0.8624724969267845,10.430423543053335N,106.64297212101346E,['844.jpeg']
9045,Chau Doc City-2017.jpeg,0.8624625131487846,10.66748820700904N,105.06174146889246E,[]
9046,Mỹ Tho-1881.jpeg,0.8624153211712837,10.362397139296887N,106.36425432052353E,['821.jpeg']
9050,Tây Ninh City-3665.jpeg,0.862347848713398,11.375771842462086N,106.10176272674236E,[]
9054,Cao Lanh City-714.jpeg,0.8621847033500671,10.421714337301607N,105.60572492535172E,[]
9056,Châu Thành District-4085.jpeg,0.8621592074632645,10.281261272511216N,106.41146082672401E,[]
9057,Long Hồ District-4141.jpeg,0.862153172492981,10.197109240686984N,105.98519490342119E,[]
9061,Tây Ninh City-2962.jpeg,0.862068310379982,11.363644641596215N,106.15124182504802E,[]
9062,Châu Thành District-2319.jpeg,0.8620569184422493,10.27048153840824N,106.2512301464857E,[]
9063,Cai Lậy Town-4764.jpeg,0.8620314225554466,10.450444443346525N,106.14024168995502E,[]
9064,Long Hồ District-7335.jpeg,0.8620209768414497,10.275262312933569N,105.96191773368116E,[]
9065,Go Cong Town-3773.jpeg,0.8620148524641991,10.43311847657908N,106.60598173107476E,[]
9067,Vĩnh Long-1324.jpeg,0.8619889989495277,10.254387271928618N,105.88844665415267E,[]
9079,Thái Bình-1575.jpeg,0.861810602247715,20.451375042883214N,106.32488307414329E,[]
9081,Cao Lanh City-1228.jpeg,0.8617915883660316,10.429799137878842N,105.61394635255486E,[]
9083,Trà Vinh City-70.jpeg,0.8617369458079338,9.892022769813014N,106.33450174726396E,[]
9091,Tây Ninh City-1108.jpeg,0.8616432026028633,11.327263038998591N,106.1251278564978E,[]
9095,Long Hồ District-53.jpeg,0.861527644097805,10.139168169883492N,106.00573358260351E,[]
9097,Tây Ninh City-6449.jpeg,0.8615185022354126,11.425628112688466N,106.16361159962439E,[]
9098,Binh Minh Town-3604.jpeg,0.86151222884655,10.078712676190406N,105.83647841918126E,[]
9099,Tam Điệp-360.jpeg,0.8615110591053963,20.119695473716817N,105.88664917233955E,[]
9105,Go Cong Town-1446.jpeg,0.8613064214587212,10.380567272827056N,106.67448245318344E,[]
9106,Cao Lanh City-2259.jpeg,0.8612822145223618,10.44596873903332N,105.6632749157738E,[]
9107,Mỹ Tho-2244.jpeg,0.8612254597246647,10.369134473111249N,106.31905067271501E,[]
9110,Châu Thành District-6299.jpeg,0.8611993342638016,10.296083406902813N,106.20877586368749E,[]
9113,Cai Lậy Town-6365.jpeg,0.8611638844013214,10.48278364565547N,106.12654083874648E,[]
9115,Hoa Lư District-4289.jpeg,0.8611049354076385,20.297704314771565N,105.95214396304503E,[]
9119,Cao Lanh City-2734.jpeg,0.861034095287323,10.455401006373423N,105.64957253710186E,[]
9122,Yên Mỹ District-3226.jpeg,0.8609956279397011,20.907088744464478N,106.07387674558356E,[]
9124,Long Hồ District-5418.jpeg,0.8609687685966492,10.222711109181553N,105.98519490342119E,[]
9131,Long Xuyen City-4639.jpeg,0.860837996006012,10.412212410673003N,105.4276285517707E,[]
9141,Long Hồ District-4317.jpeg,0.8606835454702377,10.201151640975601N,105.93179433754707E,[]
9142,Hiệp Hòa District-8990.jpeg,0.8605930060148239,21.391494951517444N,106.00497888985912E,[]
9143,Tây Ninh City-780.jpeg,0.8605707958340645,11.31917823842134N,106.14024646986898E,['614.jpeg']
9144,Cao Lanh City-1180.jpeg,0.860544241964817,10.428451671115972N,105.66464515364098E,[]
9148,Thái Bình-368.jpeg,0.8604578897356987,20.424425707625012N,106.35508377699372E,[]
9151,Tam Điệp-179.jpeg,0.8604210168123245,20.114305606665184N,105.92109909443417E,[]
9154,Châu Thành District-2495.jpeg,0.8603478148579597,10.271829005171114N,106.2375352165508E,[]
9157,Cai Lậy Town-1560.jpeg,0.8602595627307892,10.391155905780133N,106.14435194531758E,[]
9158,Long Xuyen City-234.jpeg,0.8602417334914207,10.312499870220446N,105.48242247158353E,[]
9161,Binh Minh Town-2234.jpeg,0.8601911962032318,10.045026007118615N,105.85563672813252E,[]
9163,Duy Tiên District-589.jpeg,0.8601829782128334,20.589054441489335N,105.97345057372313E,[]
9164,Bến Tre City-3375.jpeg,0.8601787686347961,10.27314427538352N,106.36527767354993E,[]
9167,Mỹ Hào District-3161.jpeg,0.8601756915450096,20.952750545053863N,106.12238266397425E,[]
9169,Binh Minh Town-2306.jpeg,0.8601740375161171,10.046373473881486N,105.86111053069003E,[]
9177,Mỹ Hào District-2172.jpeg,0.8599687293171883,20.937928410661822N,106.06035027427752E,[]
9180,Long Hồ District-2585.jpeg,0.8599477857351303,10.176897239243907N,105.91947113003765E,[]
9184,Cai Lậy Town-5579.jpeg,0.8597814813256264,10.465266577738122N,106.17312373285549E,[]
9185,Cao Lanh City-1169.jpeg,0.859741598367691,10.428451671115972N,105.64957253710186E,[]
9186,Go Cong Town-1031.jpeg,0.8597342520952225,10.369787538724077N,106.66215232320387E,[]
9194,Binh Minh Town-2396.jpeg,0.8596736267209053,10.047720940644355N,105.88984799411695E,[]
9198,Trà Vinh City-313.jpeg,0.859602764248848,9.902802503915984N,106.33997394682622E,[]
9206,Binh Minh Town-3886.jpeg,0.859518900513649,10.086797476767636N,105.82963616598438E,['29.jpeg']
9208,Long Xuyen City-683.jpeg,0.8594565019011497,10.324627071086296N,105.4742033836116E,[]
9210,Sa Đéc City-280.jpeg,0.8594064638018608,10.274803470497138N,105.75592837463535E,[]
9212,Trà Vinh City-2978.jpeg,0.8593578785657883,9.99308277702837N,106.32629344792062E,[]
9216,Châu Thành District-1926.jpeg,0.8592982292175293,10.267786604882494N,106.20877586368749E,[]
9221,Yên Mỹ District-3093.jpeg,0.8591983467340469,20.90574127770157N,105.99022210605307E,[]
9222,Cai Lậy Town-3495.jpeg,0.8591896072030067,10.427537508377691N,106.15120237092184E,[]
9224,Bến Tre City-359.jpeg,0.8591617122292519,10.207118404002786N,106.38033958809419E,[]
9225,Long Hồ District-2003.jpeg,0.8591175302863121,10.170159905429546N,105.89482471501881E,[]
9227,Long Hồ District-4195.jpeg,0.8590830788016319,10.198456707449855N,105.95917924312353E,[]
9230,Cao Lanh City-1837.jpeg,0.8589721322059631,10.439231405218955N,105.63998087203153E,[]
9233,Mỹ Tho-3469.jpeg,0.8589485287666321,10.39069394131721N,106.31631105769634E,[]
9234,Mỹ Hào District-3490.jpeg,0.8589085340499878,20.958140412105514N,106.11372698169097E,[]
9235,Cai Lậy Town-5474.jpeg,0.8589042648673058,10.463919110975251N,106.12654083874648E,[]
9242,Long Hồ District-3963.jpeg,0.8587711676955223,10.194414307161237N,105.95507150728706E,[]
9245,Long Xuyen City-3025.jpeg,0.8587384819984436,10.375830808075445N,105.43858733573327E,[]
9246,Thái Bình-2188.jpeg,0.8587297648191452,20.46484971051231N,106.34214061862926E,[]
9247,Tây Ninh City-2850.jpeg,0.8587233945727348,11.362297174833339N,106.10451156553712E,[]
9252,Phu Ly City-126.jpeg,0.858607105910778,20.500643207074113N,105.90273913120375E,[]
9255,Cao Lanh City-1995.jpeg,0.8584991246461868,10.441926338744695N,105.63038920696117E,[]
9256,Long Hồ District-7096.jpeg,0.8584940806031227,10.269872445882076N,106.02079528067058E,[]
9259,Thái Bình-356.jpeg,0.8584294244647026,20.424425707625012N,106.33782623250777E,[]
9260,Cai Lậy Town-2745.jpeg,0.858424074947834,10.41271537398609N,106.13065109410903E,[]
9266,Mỹ Tho-1945.jpeg,0.8583631217479706,10.36374460605976N,106.34233740037392E,[]
9270,Vĩnh Long-1522.jpeg,0.8583158180117607,10.257082205454365N,105.92541861191793E,[]
9274,Cao Lanh City-3996.jpeg,0.8582245707511902,10.48369780839375N,105.60435468748452E,[]
9275,Bac Giang City-1362.jpeg,0.8582073301076889,21.269920009904936N,106.21986525073754E,[]
9279,Go Cong Town-507.jpeg,0.8581620007753372,10.356312871095353N,106.66763238097258E,['848.jpeg']
9281,Trà Vinh City-1551.jpeg,0.8581303209066391,9.954006240905096N,106.32766149781118E,[]
9282,Bến Tre City-1465.jpeg,0.858093187212944,10.234067739260228N,106.38992444280417E,[]
9284,Duy Tiên District-2532.jpeg,0.8580420836806297,20.632173377902483N,106.0296029610074E,[]
9287,Cao Lanh City-4045.jpeg,0.8579656034708023,10.485045275156622N,105.57832016800789E,[]
9291,Go Cong Town-1797.jpeg,0.8579399064183235,10.389999540167166N,106.68270253983648E,[]
9298,Long Hồ District-3413.jpeg,0.8578123524785042,10.18632950658401N,105.99204112981529E,[]
9301,Bến Tre City-1499.jpeg,0.857764832675457,10.235415206023102N,106.33789237437855E,[]
9308,Long Hồ District-5662.jpeg,0.8576059564948082,10.22810097623304N,105.96054848840235E,[]
9311,Long Hồ District-6345.jpeg,0.8575617000460625,10.24561804415038N,105.99751811093057E,[]
9314,Hiệp Hòa District-6657.jpeg,0.8575306460261345,21.348376015104158N,106.02378409879131E,['185.jpeg']
9315,Bac Giang City-1103.jpeg,0.8575306460261345,21.26453014285328N,106.17504057486727E,[]
9316,Chau Doc City-869.jpeg,0.8574816808104515,10.644581272040195N,105.11110668603992E,[]
9321,Cai Lậy Town-5936.jpeg,0.8573186174035072,10.472003911552486N,106.1827143287015E,[]
9323,Hiệp Hòa District-3203.jpeg,0.8572341352701187,21.301214678402133N,105.91963217239763E,[]
9324,Long Hồ District-3122.jpeg,0.8572279661893845,10.183634573058265N,105.89345546974E,[]
9326,Vĩnh Long-922.jpeg,0.8572141006588936,10.24764993811426N,105.90077064007444E,[]
9328,Go Cong Town-4181.jpeg,0.8571680262684822,10.43985581039345N,106.64708216433996E,[]
9329,Bến Tre City-1112.jpeg,0.8571440503001213,10.227330405445867N,106.35158502396425E,[]
9330,Cai Lậy Town-2568.jpeg,0.8571368232369423,10.40867297369747N,106.17175364773465E,[]
9339,Phu Ly City-2415.jpeg,0.8570030629634857,20.54915201053889N,105.90130015169242E,[]
9340,Long Hồ District-2954.jpeg,0.8570030033588409,10.18093963953252N,105.96465622423881E,[]
9342,Binh Minh Town-4445.jpeg,0.8569934815168381,10.10431454468497N,105.85563672813252E,[]
9343,Mỹ Tho-3448.jpeg,0.8569773808121681,10.389346474554337N,106.39302027821981E,[]
9358,Yên Mỹ District-3858.jpeg,0.856606975197792,20.920563412093603N,105.98877978468185E,[]
9360,Mỹ Tho-2397.jpeg,0.8564985394477844,10.371829406636992N,106.31631105769634E,[]
9362,Thái Bình-2426.jpeg,0.8564742207527161,20.470239577563955N,106.3766557076012E,['458.jpeg']
9364,Thái Bình-2986.jpeg,0.8564250841736794,20.486409178718876N,106.36515067794389E,[]
9365,Bến Tre City-3011.jpeg,0.8564195409417152,10.262364541280542N,106.35706208379852E,[]
9368,Mỹ Hào District-1836.jpeg,0.8563708588480949,20.931191076847256N,106.1440218696824E,[]
9374,Cai Lậy Town-4414.jpeg,0.8562868684530258,10.443707109532163N,106.1881946691849E,[]
9375,Châu Thành District-5556.jpeg,0.8562639206647873,10.290693539851324N,106.33339972609507E,[]
9381,Cao Lanh City-1614.jpeg,0.8561914041638374,10.435189004930333N,105.6769772944457E,[]
9384,Hoa Lư District-5156.jpeg,0.856156975030899,20.323306183266826N,105.92916415903117E,[]
9388,Tây Ninh City-6445.jpeg,0.8560651987791061,11.425628112688466N,106.1581139220349E,[]
9389,Phu Ly City-3584.jpeg,0.856050930917263,20.57205894550837N,105.9214458648509E,[]
9390,Go Cong Town-1577.jpeg,0.8560319915413857,10.384609673115675N,106.65119220766648E,[]
9391,Cai Lậy Town-4747.jpeg,0.8560117483139038,10.450444443346525N,106.11695024290049E,[]
9393,Thanh Liêm District-5181.jpeg,0.8559885248541832,20.473352280439503N,105.89594036308324E,[]
9394,Bến Tre City-2602.jpeg,0.8559773415327072,10.254279740703309N,106.33789237437855E,[]
9396,Trà Vinh City-1302.jpeg,0.8559695929288864,9.943226506802128N,106.34134199671676E,[]
9398,Sa Đéc City-592.jpeg,0.855964332818985,10.284235737837246N,105.7463409398341E,[]
9402,Cai Lậy Town-2774.jpeg,0.855893149971962,10.41271537398609N,106.17038356261381E,[]
9404,Binh Minh Town-2298.jpeg,0.8558665290474892,10.046373473881486N,105.85016292557502E,[]
9409,Châu Thành District-2273.jpeg,0.8558120839297771,10.27048153840824N,106.18823346878519E,[]
9410,Hiệp Hòa District-6277.jpeg,0.8557915091514587,21.344333614815408N,105.8878079726662E,[]
9411,Binh Minh Town-347.jpeg,0.8557651713490486,10.001907070706721N,105.86384743196876E,[]
9412,Cai Lậy Town-3533.jpeg,0.855738952755928,10.428884975140564N,106.11146990241708E,[]
9413,Châu Thành District-1856.jpeg,0.8557325229048729,10.266439138119624N,106.40050488277608E,[]
9414,Go Cong Town-1483.jpeg,0.8557251542806625,10.381914739589927N,106.65667226543519E,[]
9418,Tây Ninh City-5043.jpeg,0.8556216657161713,11.39733131066809N,106.13887205047158E,[]
9420,Cai Lậy Town-1161.jpeg,0.855574369430542,10.38441857196577N,106.15668271140524E,[]
9421,Bến Tre City-2412.jpeg,0.855542004108429,10.25023734041469N,106.37897032313563E,[]
9425,Duy Tiên District-1297.jpeg,0.8554911464452744,20.61330884322173N,105.98640881694259E,[]
9426,Long Hồ District-2672.jpeg,0.8554730042815208,10.178244706006778N,105.88387075278825E,[]
9429,Mỹ Tho-3923.jpeg,0.8554172813892365,10.398778741894443N,106.39849950825723E,[]
9431,Cao Lanh City-976.jpeg,0.8554148748517036,10.42575673759023N,105.61668682828926E,[]
9434,Trà Vinh City-3326.jpeg,0.8552770838141441,10.006557444657087N,106.31261294901503E,[]
9442,Mỹ Tho-3309.jpeg,0.8552062436938286,10.387999007791462N,106.3108318276589E,[]
9443,Cai Lậy Town-4710.jpeg,0.8551657609641552,10.449096976583652N,106.16901347749294E,[]
9445,Long Hồ District-5487.jpeg,0.8551461547613144,10.224058575944424N,105.99477962037295E,[]
9447,Châu Thành District-8820.jpeg,0.8551234602928162,10.313600474820154N,106.22794876559634E,[]
9449,Hiệp Hòa District-6532.jpeg,0.8551159128546715,21.347028548341235N,105.97749435372745E,[]
9450,Binh Minh Town-1845.jpeg,0.8551109805703163,10.036941206541384N,105.87342658644441E,[]
9456,Cai Lậy Town-666.jpeg,0.854997418820858,10.376333771388534N,106.09502888096684E,[]
9458,Sa Đéc City-1419.jpeg,0.8549718037247658,10.312532539857562N,105.73264460440373E,[]
9465,Mỹ Tho-2362.jpeg,0.854827344417572,10.37048193987412N,106.37384297308895E,[]
9470,Long Hồ District-5576.jpeg,0.8547473847866058,10.226753509470168N,105.93179433754707E,[]
9474,Go Cong Town-1113.jpeg,0.8546962141990662,10.371135005486948N,106.70462277091124E,[]
9475,Thái Bình-2611.jpeg,0.8546837791800499,20.475629444615592N,106.35220751957938E,[]
9476,Long Hồ District-5035.jpeg,0.8546362444758415,10.21462630860432N,106.00162584676706E,[]
9483,Cai Lậy Town-6709.jpeg,0.8545282632112503,10.496258313284194N,106.10050922145024E,[]
9485,Duy Tiên District-331.jpeg,0.8545227721333504,20.57423230709733N,105.98784862174475E,[]
9487,Phu Ly City-622.jpeg,0.8544895127415657,20.51950774175486N,105.89410525413581E,[]
9490,Châu Thành District-4042.jpeg,0.8544691428542137,10.281261272511216N,106.35257262800394E,[]
9491,Cai Lậy Town-2729.jpeg,0.8544363453984261,10.41271537398609N,106.10872973217536E,[]
9492,Bến Tre City-2115.jpeg,0.8544325157999992,10.244847473363206N,106.42963312660268E,[]
9495,Hiệp Hòa District-8589.jpeg,0.8543903008103371,21.38206268417704N,106.01944443519157E,[]
9496,Yên Mỹ District-3243.jpeg,0.8543368950486183,20.90843621122739N,105.99166442742427E,[]
9501,Châu Thành District-8181.jpeg,0.8542704433202744,10.308210607768663N,106.34846414902348E,[]
9502,Tam Điệp-1894.jpeg,0.8542354255914688,20.14799227573789N,105.8938262394426E,[]
9503,Vĩnh Long-1776.jpeg,0.8542228639125824,10.26112460574298N,105.91720262130343E,[]
9510,Thanh Liêm District-7922.jpeg,0.8541262596845627,20.52455601743009N,105.97934766175511E,[]
9513,Long Xuyen City-3077.jpeg,0.8540178909897804,10.377178274838322N,105.41803961580345E,[]
9515,Tây Ninh City-5623.jpeg,0.8539837524294853,11.40811104477109N,106.12925111468995E,[]
9517,Phu Ly City-1966.jpeg,0.8538844101130962,20.541067209961426N,105.9214458648509E,['637.jpeg']
9522,Long Hồ District-3789.jpeg,0.8537645936012268,10.191719373635499N,105.95507150728706E,[]
9523,Cai Lậy Town-1212.jpeg,0.8537523522973061,10.385766038728642N,106.1142100726588E,[]
9524,Duy Tiên District-4717.jpeg,0.8537409827113152,20.66316511344944N,106.02384374179874E,[]
9526,Thanh Liêm District-3189.jpeg,0.8536362126469612,20.44505547841839N,105.90456870432516E,[]
9530,Tây Ninh City-1421.jpeg,0.8535976111888885,11.334000372812964N,106.13337437288207E,[]
9531,Binh Minh Town-3409.jpeg,0.8535835109651089,10.073322809138919N,105.83510996854186E,['534.jpeg']
9532,Cai Lậy Town-5741.jpeg,0.8535590395331383,10.46930897802674N,106.10324939169192E,[]
9537,Trà Vinh City-380.jpeg,0.8534670099616051,9.905497437441726N,106.32766149781118E,[]
9538,Go Cong Town-3679.jpeg,0.8534258380532265,10.430423543053335N,106.6922926409317E,[]
9540,Châu Thành District-3433.jpeg,0.8534042332321405,10.277218872222601N,106.42104727767847E,[]
9542,Tây Ninh City-2801.jpeg,0.853383906185627,11.360949708070462N,106.14574414745852E,[]
9543,Trà Vinh City-3115.jpeg,0.8533725067973137,9.998472644079856N,106.31261294901503E,[]
9545,Tây Ninh City-5915.jpeg,0.8533564060926437,11.41350091182259N,106.17048369661134E,['984.jpeg']
9550,Hiệp Hòa District-7177.jpeg,0.8532481864094734,21.356460815681647N,105.9442235994628E,[]
9551,Duy Tiên District-2823.jpeg,0.853223405778408,20.63756324495413N,105.91009916242808E,[]
9553,Hiệp Hòa District-4321.jpeg,0.8531416766345501,21.31738427955711N,105.9442235994628E,[]
9554,Châu Thành District-3544.jpeg,0.8531315475702286,10.278566338985474N,106.27177254138806E,[]
9555,Sa Đéc City-637.jpeg,0.8531121984124184,10.285583204600115N,105.75455874109232E,[]
9556,Trà Vinh City-2382.jpeg,0.8531007170677185,9.976913175873909N,106.31671709868672E,[]
9557,Tây Ninh City-1428.jpeg,0.8530658632516861,11.334000372812964N,106.14299530866373E,[]
9558,Châu Thành District-1977.jpeg,0.8530477769672871,10.267786604882494N,106.27862000635551E,[]
9560,Duy Tiên District-5065.jpeg,0.8528847955167294,20.669902447263993N,105.89570111440646E,[]
9561,Cai Lậy Town-6497.jpeg,0.8528834283351898,10.486826045944085N,106.14024168995502E,[]
9562,Binh Minh Town-1847.jpeg,0.8528768718242645,10.036941206541384N,105.87616348772315E,['539.jpeg']
9563,Yên Mỹ District-118.jpeg,0.8528666868805885,20.846452740133422N,106.0205108548486E,[]
9566,Mỹ Tho-2525.jpeg,0.8527939170598984,10.373176873399867N,106.38617124067312E,[]
9568,Long Hồ District-240.jpeg,0.8527776822447777,10.145905503697852N,105.9181018847588E,[]
9573,Tây Ninh City-6632.jpeg,0.8527184277772903,11.431017979739966N,106.14299530866373E,[]
9576,Cao Lanh City-2632.jpeg,0.8526312932372093,10.454053539610552N,105.59613326028135E,[]
9578,Cai Lậy Town-1888.jpeg,0.8525315076112747,10.39654577283162N,106.14983228580098E,[]
9582,Cao Lanh City-1433.jpeg,0.8524446189403534,10.432494071404587N,105.66190467790662E,[]
9584,Cao Lanh City-2555.jpeg,0.8524385765194893,10.452706072847676N,105.58243088160947E,[]
9585,Cai Lậy Town-2086.jpeg,0.852431945502758,10.400588173120237N,106.10324939169192E,[]
9586,Sa Đéc City-135.jpeg,0.8524147346615791,10.270761070208524N,105.7353838714898E,[]
9587,Sa Đéc City-1563.jpeg,0.8524019941687584,10.31792240690905N,105.72031790251641E,[]
9588,Châu Thành District-7318.jpeg,0.8523943275213242,10.302820740717173N,106.2238402866159E,[]
9590,Thanh Liêm District-5189.jpeg,0.8523653075098991,20.473352280439503N,105.90744481807246E,[]
9591,Cai Lậy Town-4139.jpeg,0.8523436263203621,10.439664709243544N,106.1375015197133E,[]
9592,Châu Thành District-380.jpeg,0.8523053228855133,10.25161700372803N,106.41556930570448E,[]
9596,Cao Lanh City-2699.jpeg,0.8522665277123451,10.455401006373423N,105.60161421175015E,[]
9597,Châu Thành District-3490.jpeg,0.8522598966956139,10.278566338985474N,106.19781991973959E,[]
9598,Trà Vinh City-3227.jpeg,0.8522285148501396,10.002515044368469N,106.32218929824893E,[]
9600,Châu Thành District-3431.jpeg,0.8522107899188995,10.277218872222601N,106.41830829169147E,[]
9609,Cai Lậy Town-1974.jpeg,0.852073073387146,10.397893239594495N,106.15942288164696E,[]
9612,Mỹ Tho-3250.jpeg,0.8520433157682419,10.386651541028591N,106.3382279778459E,[]
9614,Long Hồ District-933.jpeg,0.8519770950078964,10.156685237800826N,105.9153633942012E,[]
9619,Long Hồ District-4274.jpeg,0.8518824502825737,10.19980417421273N,105.9687639600753E,[]
9622,Vĩnh Long-1741.jpeg,0.8518603071570396,10.259777138980107N,105.98840787329577E,[]
9627,Vĩnh Long-1871.jpeg,0.851778082549572,10.262472072505853N,105.93363460253244E,[]
9628,Thanh Liêm District-6396.jpeg,0.8517741784453392,20.49086934835734N,105.9160731593144E,[]
9630,Mỹ Hào District-1841.jpeg,0.8517625406384468,20.931191076847256N,106.15123493825179E,[]
9631,Châu Thành District-498.jpeg,0.8517533391714096,10.254311937253775N,106.19918941273308E,[]
9632,Trà Vinh City-1322.jpeg,0.8517252951860428,9.944573973564998N,106.3372378470451E,[]
9633,Mỹ Hào District-2677.jpeg,0.8516941219568253,20.9460132112393N,106.05602243313591E,[]
9634,Thanh Liêm District-7055.jpeg,0.8516901060938835,20.501649082460613N,105.93045372805089E,[]
9635,Tây Ninh City-152.jpeg,0.8516858816146851,11.301661170503968N,106.1127580819214E,[]
9636,Long Hồ District-433.jpeg,0.8516660556197166,10.148600437223596N,106.03037999762233E,[]
9637,Sa Đéc City-757.jpeg,0.8516656160354614,10.289625604888732N,105.76003727526444E,[]
9639,Long Hồ District-2098.jpeg,0.8516217954456806,10.170159905429546N,106.02490301650705E,[]
9643,Cao Lanh City-3663.jpeg,0.8515630513429642,10.476960474579384N,105.60846540108611E,[]
9646,Sa Đéc City-1895.jpeg,0.8515086844563484,10.3300496077749N,105.72990533731766E,[]
9650,Thanh Liêm District-6559.jpeg,0.8514466360211372,20.49356428188315N,105.91751121618802E,[]
9653,Cai Lậy Town-2009.jpeg,0.8513920456171036,10.39924070635737N,106.10050922145024E,[]
9657,Cai Lậy Town-5929.jpeg,0.8513212502002716,10.472003911552486N,106.17312373285549E,[]
9659,Go Cong Town-1694.jpeg,0.851304579526186,10.387304606641418N,106.67859249650996E,[]
9661,Tây Ninh City-638.jpeg,0.8512614816427231,11.316483304895591N,106.08801853276857E,[]
9662,Binh Minh Town-2721.jpeg,0.8512543141841888,10.054458274458714N,105.88574264219878E,[]
9663,Tây Ninh City-1978.jpeg,0.8512192443013191,11.346127573678837N,106.13474879227947E,[]
9666,Phu Ly City-2326.jpeg,0.8511782959103584,20.54780454377598N,105.88115443853394E,[]
9667,Long Hồ District-8298.jpeg,0.8511727154254913,10.292779380850904N,105.95644075256588E,[]
9669,Trà Vinh City-401.jpeg,0.8511605262756348,9.905497437441726N,106.3563905455129E,[]
9680,Châu Thành District-75.jpeg,0.8509444296360016,10.24487966991367N,106.20877586368749E,[]
9681,Châu Thành District-1620.jpeg,0.8509395495057106,10.265091671356753N,106.26081659744013E,[]
9688,Cao Lanh City-2559.jpeg,0.850864090025425,10.452706072847676N,105.58791183307821E,[]
9691,Chau Doc City-657.jpeg,0.8507928401231766,10.639191404988702N,105.10699291794428E,[]
9702,Sa Đéc City-339.jpeg,0.8505942523479462,10.276150937260013N,105.77099434360873E,[]
9703,Cai Lậy Town-1416.jpeg,0.8505720570683479,10.38846097225439N,106.16901347749294E,[]
9704,Hiệp Hòa District-5220.jpeg,0.8505463302135468,21.329511480423346N,106.02812376239105E,[]
9706,Bến Tre City-2096.jpeg,0.8505022451281548,10.244847473363206N,106.40361709238987E,[]
9707,Tây Ninh City-2317.jpeg,0.8504815548658371,11.352864907493213N,106.12787669529254E,[]
9710,Long Xuyen City-315.jpeg,0.8504472151398659,10.315194803746191N,105.46598429563967E,[]
9712,Vĩnh Long-1622.jpeg,0.8504232093691826,10.258429672217233N,105.9445892566851E,[]
9713,Hung Yen City-2722.jpeg,0.8503851592540741,20.683943611731266N,106.07776432369208E,[]
9714,Thanh Liêm District-1017.jpeg,0.8503596112132072,20.407326409056914N,105.94627235366109E,[]
9716,Châu Thành District-8883.jpeg,0.8503417894244194,10.313600474820154N,106.31422682418624E,[]
9720,Hung Yen City-975.jpeg,0.8502942323684692,20.632739874740647N,106.04320252430756E,[]
9721,Vĩnh Long-384.jpeg,0.8502941131591797,10.236870204011284N,105.90624796715078E,[]
9722,Binh Minh Town-1151.jpeg,0.8502903133630753,10.022119072149795N,105.8460575736569E,[]
9727,Sa Đéc City-1435.jpeg,0.850189633667469,10.312532539857562N,105.75455874109232E,[]
9729,Long Xuyen City-2174.jpeg,0.8501578196883202,10.358313740158108N,105.4413270317239E,[]
9733,Phu Ly City-2133.jpeg,0.8500765264034271,20.543762143487246N,105.93583565996408E,[]
9735,Long Hồ District-44.jpeg,0.8500479757785797,10.137820703120617N,106.02079528067058E,[]
9736,Cai Lậy Town-3674.jpeg,0.8500448986887932,10.43157990866631N,106.11969041314218E,[]
9738,Long Hồ District-452.jpeg,0.8500438258051872,10.149947903986464N,105.91673263947999E,[]
9740,Binh Minh Town-2041.jpeg,0.8500047773122787,10.040983606829998N,105.86932123452628E,[]
9741,Mỹ Tho-3907.jpeg,0.8499985188245773,10.398778741894443N,106.36973355056092E,[]
9742,Long Hồ District-1973.jpeg,0.8499838039278984,10.168812438666674N,106.00710282788233E,[]
9744,Châu Thành District-2766.jpeg,0.849915899336338,10.273176471933986N,106.36489806494536E,[]
9745,Sa Đéc City-1898.jpeg,0.8498939275741577,10.3300496077749N,105.73401423794677E,[]
9749,Phu Ly City-130.jpeg,0.8498358875513077,20.500643207074113N,105.90849504924903E,[]
9751,Tây Ninh City-2456.jpeg,0.849816806614399,11.355559841018964N,106.10588598493449E,[]
9763,Long Xuyen City-2763.jpeg,0.8496490158140659,10.37044094102396N,105.4413270317239E,[]
9764,Long Hồ District-4862.jpeg,0.8496462926268578,10.211931375078578N,105.94137905449881E,[]
9765,Mỹ Tho-1818.jpeg,0.8496138900518417,10.361049672534014N,106.38754104818243E,[]
9768,Cao Lanh City-2295.jpeg,0.849590353667736,10.447316205796186N,105.61257611468767E,[]
9776,Thanh Liêm District-2465.jpeg,0.8493555262684822,20.434275744315112N,105.90888287494612E,[]
9780,Go Cong Town-4755.jpeg,0.8493047431111336,10.462762745362282N,106.64708216433996E,[]
9784,Bac Giang City-879.jpeg,0.8492717780172825,21.25779280903871N,106.2227571653098E,[]
9786,Thanh Liêm District-2874.jpeg,0.8492438569664955,20.441013078129664N,105.85711282749462E,[]
9792,Vĩnh Long-1995.jpeg,0.8491331711411476,10.265167006031596N,105.9021399718435E,[]
9796,Chau Doc City-2031.jpeg,0.8490676581859589,10.66748820700904N,105.0809390533387E,[]
9798,Vĩnh Long-1393.jpeg,0.8489629700779915,10.254387271928618N,105.98293054621945E,[]
9803,Hung Yen City-1281.jpeg,0.8488121926784515,20.6394772085552N,106.05040289917935E,[]
9805,Cao Lanh City-4897.jpeg,0.8488043993711472,10.501214876311098N,105.63724039629714E,[]
9809,Long Hồ District-4415.jpeg,0.8487502411007881,10.202499107738472N,105.9701332053541E,[]
9817,Binh Minh Town-4391.jpeg,0.8485744968056679,10.101619611159222N,105.84468912301752E,[]
9819,Cai Lậy Town-2211.jpeg,0.8485531210899353,10.401935639883115N,106.17449381797637E,[]
9821,Cai Lậy Town-2450.jpeg,0.84853096306324,10.407325506934605N,106.10735964705452E,[]
9824,Tây Ninh City-6010.jpeg,0.8485031500458717,11.416195845348339N,106.13612321167683E,[]
9825,Mỹ Tho-746.jpeg,0.8484989479184151,10.343532604616676N,106.32316009524305E,[]
9826,Long Hồ District-6058.jpeg,0.8484892547130585,10.236185776810276N,106.00984131843998E,[]
9828,Thanh Liêm District-4157.jpeg,0.8484055548906326,20.458530146047487N,105.90456870432516E,[]
9832,Cai Lậy Town-915.jpeg,0.8483577892184258,10.380376171677153N,106.1320211792299E,[]
9834,Yên Mỹ District-479.jpeg,0.8483413979411125,20.858579940999633N,106.03060710444711E,[]
9838,Thái Bình-944.jpeg,0.8482687398791313,20.437900375254113N,106.38528447984417E,[]
9840,Cao Lanh City-5192.jpeg,0.8482044488191605,10.510647143651203N,105.57969040587507E,[]
9841,Châu Thành District-2192.jpeg,0.8481701463460922,10.269134071645368N,106.36763705093234E,[]
9842,Long Hồ District-5283.jpeg,0.8481611534953117,10.220016175655811N,105.97834867702704E,[]
9845,Long Xuyen City-1981.jpeg,0.8480949178338051,10.354271339869493N,105.41666976780813E,[]
9846,Thanh Liêm District-703.jpeg,0.848085954785347,20.40058907524236N,105.8815597943467E,[]
9850,Yên Mỹ District-4379.jpeg,0.8479610159993172,20.936733013248556N,106.02483781896224E,[]
9851,Tây Ninh City-5256.jpeg,0.8478823006153107,11.401373710956712N,106.11688134011352E,[]
9852,Yên Mỹ District-3686.jpeg,0.8478755429387093,20.916521011804864N,106.01618389073495E,[]
9856,Vĩnh Long-1154.jpeg,0.8478155583143234,10.251692338402876N,105.88570799061448E,[]
9859,Cao Lanh City-2926.jpeg,0.8477537631988525,10.459443406662043N,105.65505348857066E,[]
9861,Hung Yen City-2971.jpeg,0.8477439135313034,20.692028412308737N,106.06336357394854E,[]
9866,Cao Lanh City-3129.jpeg,0.8477117419242859,10.464833273713532N,105.6070951632189E,[]
9867,Go Cong Town-2201.jpeg,0.8477072268724442,10.40077927427014N,106.66900239541475E,[]
9870,Cao Lanh City-4161.jpeg,0.8476946130394936,10.486392741919497N,105.6454618235003E,[]
9875,Bến Tre City-999.jpeg,0.8475475460290909,10.224635471920122N,106.3529542889228E,[]
9876,Binh Minh Town-2857.jpeg,0.8475379012525082,10.058500674747329N,105.83647841918126E,[]
9878,Cai Lậy Town-2146.jpeg,0.8474936336278915,10.400588173120237N,106.1854544989432E,[]
9882,Vĩnh Long-1348.jpeg,0.847453311085701,10.254387271928618N,105.92131061661068E,[]
9884,Long Hồ District-4527.jpeg,0.847401887178421,10.205194041264217N,105.9345328281047E,[]
9885,Go Cong Town-2640.jpeg,0.8473745733499527,10.411559008373121N,106.66215232320387E,[]
9887,Cai Lậy Town-4734.jpeg,0.8473525121808052,10.450444443346525N,106.0991391363294E,[]
9889,Mỹ Tho-288.jpeg,0.8473403677344322,10.332752870513698N,106.3217902877337E,[]
9890,Cao Lanh City-2424.jpeg,0.8473269045352936,10.450011139321935N,105.59339278454698E,[]
9891,Vĩnh Long-753.jpeg,0.8473004773259163,10.243607537825643N,105.99114653683395E,[]
9902,Yên Mỹ District-3630.jpeg,0.8469211906194687,20.91517354504195N,106.03060710444711E,[]
9903,Long Xuyen City-3694.jpeg,0.8468810692429543,10.389305475704175N,105.43995718372858E,[]
9904,Long Hồ District-4461.jpeg,0.8468389362096786,10.203846574501345N,105.93727131866235E,[]
9907,Long Hồ District-5246.jpeg,0.846787728369236,10.220016175655811N,105.92768660171058E,[]
9912,Cai Lậy Town-2552.jpeg,0.8467566147446632,10.40867297369747N,106.14983228580098E,['85.jpeg']
9913,Trà Vinh City-424.jpeg,0.8467554673552513,9.906844904204599N,106.33450174726396E,[]
9916,Long Hồ District-3928.jpeg,0.8466652184724808,10.193066840398368N,106.01942603539176E,[]
9917,Tây Ninh City-4439.jpeg,0.8466582745313644,11.387899043327963N,106.11550692071616E,[]
9920,Thanh Liêm District-4751.jpeg,0.8466108217835426,20.466614946624954N,105.95202458115568E,[]
9923,Cai Lậy Town-442.jpeg,0.8465560078620911,10.370943904337045N,106.14161177507587E,[]
9926,Tây Ninh City-1439.jpeg,0.8465131670236588,11.334000372812964N,106.1581139220349E,[]
9928,Binh Minh Town-3649.jpeg,0.8464975580573082,10.080060142953275N,105.83237306726312E,[]
9930,Trà Vinh City-1860.jpeg,0.8464796021580696,9.963438508245199N,106.33176564748287E,[]
9931,Long Xuyen City-2008.jpeg,0.8464450910687447,10.354271339869493N,105.4536556636818E,[]
9933,Châu Thành District-4993.jpeg,0.8464228734374046,10.286651139562707N,106.44569815156127E,[]
9934,Cai Lậy Town-1443.jpeg,0.8464166298508644,10.38980843901726N,106.09502888096684E,['759.jpeg']
9935,Phu Ly City-3280.jpeg,0.8463913276791573,20.565321611693822N,105.88978831560186E,[]
9936,Bến Tre City-1418.jpeg,0.846347488462925,10.232720272497357N,106.42278680180985E,[]
9944,Duy Tiên District-1467.jpeg,0.8461970090866089,20.61735124351047N,105.95905252570155E,[]
9948,Sa Đéc City-1359.jpeg,0.8461748659610748,10.309837606331815N,105.75729800817835E,['905.jpeg']
9963,Long Hồ District-1470.jpeg,0.8459237664937973,10.163422571615186N,105.92631735643175E,[]
9966,Long Hồ District-2466.jpeg,0.8458528444170952,10.175549772481036N,105.90988641308587E,[]
9967,Hung Yen City-939.jpeg,0.8458265960216522,20.631392407977735N,106.0864047735382E,[]
9973,Long Hồ District-5385.jpeg,0.8456899970769882,10.222711109181553N,105.94000980922003E,[]
9976,Long Xuyen City-4802.jpeg,0.8456665426492691,10.41625481096162N,105.43721748773795E,[]
9977,Long Hồ District-2764.jpeg,0.8456258699297905,10.178244706006778N,106.00984131843998E,[]
9979,Bến Tre City-2394.jpeg,0.845588743686676,10.25023734041469N,106.35432355388139E,[]
9982,Tây Ninh City-561.jpeg,0.8454930856823921,11.313788371369842N,106.111383662524E,[]
9983,Trà Vinh City-233.jpeg,0.8454728499054909,9.90010757039024N,106.32629344792062E,[]
9987,Phu Ly City-1632.jpeg,0.8454255685210228,20.535677342909782N,105.93583565996408E,[]
9988,Chau Doc City-1895.jpeg,0.845410130918026,10.66479327348329N,105.11522045413554E,[]
9989,Vĩnh Long-781.jpeg,0.8453931882977486,10.244955004588519N,105.92267994837975E,[]
9991,Cao Lanh City-1289.jpeg,0.845385380089283,10.431146604641716N,105.58106064374226E,[]
9995,Go Cong Town-2049.jpeg,0.8452900797128677,10.396736873981526N,106.67859249650996E,[]
9998,Cao Lanh City-3948.jpeg,0.8451994508504868,10.48235034163088N,105.63175944482836E,[]
10000,Long Hồ District-95.jpeg,0.8451730310916901,10.141863103409237N,105.92084037531647E,[]
10001,Tây Ninh City-6303.jpeg,0.8451406583189964,11.422933179162715N,106.1251278564978E,[]
10004,Cao Lanh City-3989.jpeg,0.8450392708182335,10.48369780839375N,105.59476302241417E,[]
10005,Bến Tre City-1827.jpeg,0.84503123909235,10.240805073074588N,106.36938546842563E,[]
10006,Bac Giang City-1005.jpeg,0.8450039997696877,21.261835209327447N,106.18516227587025E,[]
10008,Trà Vinh City-2657.jpeg,0.8449764028191566,9.983650509688271N,106.32082124835837E,[]
10011,Yên Mỹ District-3390.jpeg,0.8449351415038109,20.911131144753217N,105.99166442742427E,[]
10013,Vĩnh Long-2209.jpeg,0.8449176922440529,10.270556873083086N,105.90487863538168E,[]
10016,Châu Thành District-6227.jpeg,0.8448424339294434,10.294735940139942N,106.39228792481515E,[]
10021,Cai Lậy Town-5335.jpeg,0.8448011949658394,10.461224177449507N,106.13065109410903E,[]
10024,Cai Lậy Town-1076.jpeg,0.8446465730667114,10.383071105202898N,106.14709211555929E,[]
10025,Long Hồ District-5859.jpeg,0.8446284979581833,10.232143376521655N,105.9235788658741E,[]
10026,Binh Minh Town-1961.jpeg,0.8445913046598434,10.039636140067126N,105.85153137621441E,[]
10031,Long Hồ District-7596.jpeg,0.8445018529891968,10.27930471322218N,106.02490301650705E,[]
10037,Yên Mỹ District-2785.jpeg,0.8442773818969727,20.900351410649918N,105.99454907016673E,[]
10042,Ninh Bình-1065.jpeg,0.8441701978445053,20.24287494224271N,105.94716528839054E,[]
10050,Cao Lanh City-2281.jpeg,0.844071514904499,10.447316205796186N,105.59339278454698E,[]
10054,Cai Lậy Town-6530.jpeg,0.8440358862280846,10.488173512706958N,106.13065109410903E,[]
10060,Trà Vinh City-2779.jpeg,0.843881256878376,9.986345443214013N,106.35502249562234E,[]
10062,Long Xuyen City-1481.jpeg,0.8438781350851059,10.342144139003638N,105.46324459964906E,[]
10067,Long Xuyen City-2655.jpeg,0.8437488004565239,10.369093474261087N,105.38379341592045E,[]
10069,Duy Tiên District-4931.jpeg,0.8437322154641151,20.66720751373818N,105.93169623446049E,[]
10071,Binh Minh Town-1267.jpeg,0.8436712101101875,10.024814005675537N,105.84468912301752E,[]
10074,Binh Minh Town-1915.jpeg,0.8436199277639389,10.038288673304255N,105.87890038900191E,[]
10077,Cai Lậy Town-5291.jpeg,0.8435864225029945,10.459876710686634N,106.16764339237213E,[]
10079,Mỹ Tho-2481.jpeg,0.8435230515897274,10.373176873399867N,106.32589971026175E,[]
10082,Trà Vinh City-677.jpeg,0.8434714823961258,9.914929704781827N,106.34818224616954E,[]
10083,Châu Thành District-1126.jpeg,0.8434571996331215,10.261049271068135N,106.24027420253778E,[]
10084,Tây Ninh City-3197.jpeg,0.843382753431797,11.367687041884835N,106.14162088926633E,[]
10085,Bến Tre City-2305.jpeg,0.8433713093400002,10.24888987365182N,106.34336943421283E,[]
10086,Yên Mỹ District-1682.jpeg,0.8433712646365166,20.881486875969138N,106.08397299518204E,[]
10089,Long Xuyen City-2014.jpeg,0.8433214798569679,10.354271339869493N,105.46187475165372E,[]
10092,Bến Tre City-330.jpeg,0.8432023003697395,10.205770937239915N,106.4022478274313E,[]
10093,Phu Ly City-1937.jpeg,0.8431944996118546,20.541067209961426N,105.87971545902262E,[]
10095,Mỹ Tho-1940.jpeg,0.8431278467178345,10.36374460605976N,106.33548836282719E,[]
10096,Tây Ninh City-5824.jpeg,0.8431182727217674,11.412153445059715N,106.12925111468995E,[]
10097,Tây Ninh City-4342.jpeg,0.8431035280227661,11.386551576565088N,106.10176272674236E,[]
10099,Cao Lanh City-2706.jpeg,0.8430476561188698,10.455401006373423N,105.6112058768205E,[]
10100,Tam Điệp-4368.jpeg,0.8430187702178955,20.181678944810603N,105.9239699212754E,[]
10102,Tây Ninh City-814.jpeg,0.8430061787366867,11.320525705184215N,106.11000924312664E,[]
10106,Trà Vinh City-770.jpeg,0.8429049775004387,9.918972105070441N,106.31534904879615E,[]
10107,Cai Lậy Town-2027.jpeg,0.8428939580917358,10.39924070635737N,106.12517075362561E,[]
10110,Hung Yen City-1985.jpeg,0.8428575843572617,20.659689209998866N,106.0619234989742E,[]
10113,Cai Lậy Town-5029.jpeg,0.8428145870566368,10.455834310398014N,106.10187930657109E,[]
10125,Mỹ Tho-321.jpeg,0.8424603715538979,10.334100337276565N,106.30946202014958E,[]
10130,Cai Lậy Town-4425.jpeg,0.8423653095960617,10.445054576295032N,106.09502888096684E,[]
10132,Bac Giang City-1748.jpeg,0.8423328250646591,21.278004810482425N,106.1923920623009E,[]
10136,Long Hồ District-5727.jpeg,0.8422544896602631,10.229448442995913N,105.94137905449881E,[]
10138,Trà Vinh City-838.jpeg,0.8422142341732979,9.921667038596183N,106.30166854989055E,[]
10143,Long Hồ District-2063.jpeg,0.8420377001166344,10.170159905429546N,105.97697943174823E,[]
10146,Cai Lậy Town-734.jpeg,0.8419364765286446,10.377681238151407N,106.09091862560427E,[]
10148,Binh Minh Town-2938.jpeg,0.8419025987386703,10.061195608273072N,105.80500405447562E,[]
10159,Chau Doc City-1107.jpeg,0.8416413329541683,10.649971139091688N,105.11522045413554E,[]
10163,Long Hồ District-3816.jpeg,0.841568686068058,10.191719373635499N,105.99204112981529E,[]
10165,Long Hồ District-59.jpeg,0.8415601402521133,10.139168169883492N,106.01394905427645E,[]
10169,Mỹ Tho-89.jpeg,0.8414294645190239,10.326015536699332N,106.30809221264022E,[]
10170,Cao Lanh City-3784.jpeg,0.8414050862193108,10.479655408105131N,105.59202254667983E,[]
10171,Mỹ Tho-4043.jpeg,0.8413766399025917,10.405516075708809N,106.37658258810765E,[]
10175,Bến Tre City-2079.jpeg,0.8413112908601761,10.244847473363206N,106.38033958809419E,[]
10177,Duy Tiên District-901.jpeg,0.8412971422076225,20.602529109118446N,105.96481174491018E,[]
10179,Bến Tre City-142.jpeg,0.8412535563111305,10.200381070188428N,106.38033958809419E,[]
10180,Tây Ninh City-1310.jpeg,0.8412439525127411,11.331305439287211N,106.15124182504802E,[]
10181,Go Cong Town-1669.jpeg,0.8412420153617859,10.387304606641418N,106.64434213545564E,[]
10182,Cao Lanh City-1533.jpeg,0.8412279635667801,10.433841538167465N,105.68245824591448E,[]
10183,Go Cong Town-695.jpeg,0.8412232920527458,10.36035527138397N,106.71284285756427E,[]
10184,Cao Lanh City-2303.jpeg,0.8412225916981697,10.447316205796186N,105.62353801762521E,[]
10187,Ninh Bình-138.jpeg,0.8411822319030762,20.213230673458717N,105.9600910166416E,[]
10191,Cao Lanh City-3054.jpeg,0.8411044701933861,10.46348580695066N,105.58517135734382E,['499.jpeg']
10193,Hiệp Hòa District-2712.jpeg,0.8410590067505836,21.291782411061728N,106.02957031692426E,[]
10194,Tây Ninh City-2009.jpeg,0.8410484492778778,11.347475040441713N,106.08526969397381E,[]
10196,Long Hồ District-7073.jpeg,0.8409485146403313,10.269872445882076N,105.98930263925763E,[]
10197,Châu Thành District-1039.jpeg,0.840931124985218,10.259701804305262N,106.39639640379563E,[]
10201,Phu Ly City-3926.jpeg,0.8408154174685478,20.580143746085835N,105.94446953703205E,[]
10202,Mỹ Tho-2828.jpeg,0.8408070057630539,10.378566740451355N,106.38754104818243E,[]
10203,Long Hồ District-2883.jpeg,0.8408048748970032,10.17959217276965N,106.01942603539176E,[]
10208,Vĩnh Long-634.jpeg,0.8407360911369324,10.242260071062768N,105.93226527076335E,[]
10210,Long Hồ District-4912.jpeg,0.8406740799546242,10.21327884184145N,105.92220962059528E,[]
10211,Long Hồ District-7811.jpeg,0.8406591936945915,10.283347113510802N,106.00710282788233E,[]
10213,Long Hồ District-2722.jpeg,0.8406473025679588,10.178244706006778N,105.95233301672941E,[]
10218,Bac Giang City-2044.jpeg,0.8405783846974373,21.28339467753409N,106.16347291657819E,[]
10220,Tây Ninh City-2643.jpeg,0.8405529111623764,11.358254774544713N,106.14574414745852E,[]
10226,Tây Ninh City-4503.jpeg,0.8403803110122681,11.38924651009084N,106.082520855179E,[]
10228,Go Cong Town-1987.jpeg,0.8403735756874084,10.395389407218653N,106.6662623665304E,[]
10241,Thanh Liêm District-956.jpeg,0.840167224407196,20.405978942294002N,105.94052012616646E,[]
10242,Cai Lậy Town-6040.jpeg,0.8401512876152992,10.474698845078231N,106.14298186019671E,[]
10244,Long Xuyen City-3741.jpeg,0.8400905802845955,10.390652942467048N,105.42077931179409E,[]
10248,Thanh Liêm District-1609.jpeg,0.8399912491440773,20.42080107668601N,105.88012173747305E,[]
10250,Châu Thành District-1798.jpeg,0.8399742655456066,10.266439138119624N,106.27314203438154E,[]
10252,Go Cong Town-1197.jpeg,0.8398507311940193,10.373829939012698N,106.68270253983648E,['602.jpeg']
10253,Tam Điệp-2866.jpeg,0.8398448675870895,20.162814410129887N,105.8277972220946E,[]
10263,Hung Yen City-3318.jpeg,0.8397552780807018,20.704155613174933N,106.04176244933322E,[]
10272,Tây Ninh City-553.jpeg,0.8395102247595787,11.313788371369842N,106.10038830734497E,[]
10276,Tây Ninh City-2848.jpeg,0.8393685594201088,11.362297174833339N,106.10176272674236E,[]
10278,Cai Lậy Town-4337.jpeg,0.8393464237451553,10.442359642769288N,106.19093483942662E,[]
10280,Tây Ninh City-2822.jpeg,0.8393222242593765,11.360949708070462N,106.17460695480347E,[]
10283,Sa Đéc City-2560.jpeg,0.8392734006047249,10.358346409795221N,105.71483936834429E,[]
10287,Cai Lậy Town-2860.jpeg,0.8391649574041367,10.415410307511838N,106.10735964705452E,[]
10290,Cai Lậy Town-2492.jpeg,0.8391103968024254,10.407325506934605N,106.16490322213039E,[]
10292,Mỹ Tho-1290.jpeg,0.8389836847782135,10.352964871956782N,106.3217902877337E,[]
10294,Tây Ninh City-2725.jpeg,0.8389418050646782,11.359602241307586N,106.14986740565064E,[]
10296,Ninh Bình-644.jpeg,0.8388629034161568,20.232095208139437N,105.9600910166416E,[]
10298,Cai Lậy Town-4579.jpeg,0.8388441354036331,10.447749509820778N,106.09365879584597E,[]
10301,Duy Tiên District-685.jpeg,0.8388287909328938,20.594444308540986N,105.95761272089936E,[]
10306,Phu Ly City-4265.jpeg,0.8386650383472443,20.59361841371494N,105.93871361898678E,[]
10307,Cai Lậy Town-1471.jpeg,0.8386127650737762,10.38980843901726N,106.13339126435075E,[]
10309,Thái Bình-1573.jpeg,0.8385278359055519,20.451375042883214N,106.32200681672894E,[]
10311,Long Xuyen City-3796.jpeg,0.8385102152824402,10.392000409229915N,105.41393007181749E,[]
10317,Mỹ Tho-3049.jpeg,0.8383451029658318,10.382609140739975N,106.37932220312635E,[]
10321,Mỹ Tho-2928.jpeg,0.8382100388407707,10.381261673977102N,106.31768086520566E,[]
10325,Thái Bình-1763.jpeg,0.8381499648094177,20.455417443171942N,106.3205686880218E,[]
10327,Châu Thành District-2164.jpeg,0.8381328731775284,10.269134071645368N,106.28957595030342E,[]
10330,Cai Lậy Town-6615.jpeg,0.8380166888237,10.490868446232705N,106.1347613494716E,[]
10332,Cao Lanh City-4341.jpeg,0.8379771113395691,10.490435142208117N,105.61394635255486E,[]
10334,Go Cong Town-114.jpeg,0.8379611074924469,10.341490736703756N,106.68818259760518E,[]
10338,Cao Lanh City-1937.jpeg,0.837865561246872,10.440578871981824N,105.6632749157738E,[]
10339,Duy Tiên District-5624.jpeg,0.8378453180193901,20.68068218136729N,106.01376510818362E,[]
10340,Cao Lanh City-4530.jpeg,0.8378172889351845,10.494477542496732N,105.58928207094542E,[]
10344,Cao Lanh City-423.jpeg,0.8377498015761375,10.41632447025012N,105.66464515364098E,[]
10348,Hiệp Hòa District-1842.jpeg,0.8376361280679703,21.276960276669666N,106.02523065332454E,[]
10349,Cai Lậy Town-3547.jpeg,0.8376201130449772,10.428884975140564N,106.13065109410903E,[]
10350,Tây Ninh City-1790.jpeg,0.8376196026802063,11.342085173390213N,106.14162088926633E,[]
10354,Bến Tre City-3176.jpeg,0.8375415503978729,10.266406941569157N,106.36801620346708E,[]
10359,Tây Ninh City-2858.jpeg,0.837426945567131,11.362297174833339N,106.11550692071616E,[]
10360,Go Cong Town-1687.jpeg,0.8374154195189476,10.387304606641418N,106.66900239541475E,[]
10365,Duy Tiên District-1300.jpeg,0.8373410254716873,20.61330884322173N,106.01376510818362E,[]
10371,Châu Thành District-1783.jpeg,0.8372044935822487,10.266439138119624N,106.2525996394792E,[]
10372,Trà Vinh City-2306.jpeg,0.8372026011347771,9.974218242348169N,106.36870299452794E,[]
10391,Châu Thành District-6743.jpeg,0.8367050513625145,10.29877834042856N,106.25944710444665E,[]
10397,Mỹ Tho-1685.jpeg,0.8366262167692184,10.359702205771145N,106.31494125018696E,[]
10398,Tây Ninh City-5910.jpeg,0.8365629315376282,11.41350091182259N,106.16361159962439E,[]
10399,Long Hồ District-4917.jpeg,0.836559347808361,10.21327884184145N,105.92905584698941E,[]
10401,Mỹ Hào District-2555.jpeg,0.8365192860364914,20.94331827771347N,106.125267891402E,[]
10403,Yên Mỹ District-4192.jpeg,0.8365111649036407,20.928648212671078N,106.03637638993193E,[]
10407,Phu Ly City-650.jpeg,0.836310975253582,20.51950774175486N,105.93439668045279E,[]
10411,Long Hồ District-5696.jpeg,0.8362754732370377,10.22810097623304N,106.00710282788233E,[]
10413,Cai Lậy Town-1870.jpeg,0.8362529501318932,10.39654577283162N,106.12517075362561E,[]
10415,Ninh Bình-1629.jpeg,0.8362134546041489,20.256349609871805N,105.96296340069738E,[]
10416,Bac Giang City-2066.jpeg,0.8362056128680706,21.28339467753409N,106.19528397687321E,[]
10420,Hiệp Hòa District-8850.jpeg,0.8361175358295441,21.388800017991613N,105.96013569932848E,[]
10421,Thanh Liêm District-302.jpeg,0.8360808938741684,20.38307200732454N,105.91319704556706E,[]
10424,Mỹ Tho-3732.jpeg,0.835995078086853,10.394736341605826N,106.38069201063568E,[]
10425,Bac Giang City-1770.jpeg,0.8359785974025726,21.278004810482425N,106.22420312259592E,[]
10433,Cai Lậy Town-3736.jpeg,0.8358729183673859,10.432927375429179N,106.10598956193365E,[]
10436,Tam Điệp-188.jpeg,0.8358290791511536,20.114305606665184N,105.94406570916391E,[]
10437,Sa Đéc City-1528.jpeg,0.8358234316110611,10.316574940146179N,105.72442680314552E,[]
10439,Bến Tre City-3455.jpeg,0.8358047381043434,10.279881609197878N,106.31872266495857E,[]
10440,Phu Ly City-4188.jpeg,0.8358023427426815,20.588228546663295N,105.9631762706792E,[]
10441,Vĩnh Long-430.jpeg,0.8358003199100494,10.236870204011284N,105.98566920975762E,[]
10443,Tây Ninh City-1267.jpeg,0.8357905447483063,11.331305439287211N,106.0921417909607E,[]
10444,Ninh Bình-1681.jpeg,0.8357767760753632,20.257697076634713N,105.97014436083687E,[]
10450,Thanh Liêm District-5765.jpeg,0.8356652334332466,20.481437081016963N,105.90456870432516E,[]
10451,Cai Lậy Town-2527.jpeg,0.8356470093131065,10.40867297369747N,106.11558015777963E,[]
10457,Yên Mỹ District-3039.jpeg,0.8355899080634117,20.90439381093865N,106.02195317621977E,[]
10458,Hung Yen City-813.jpeg,0.8355780616402626,20.628697474451904N,106.09504522338432E,[]
10462,Vĩnh Long-462.jpeg,0.8354929834604263,10.238217670774157N,105.9528052472996E,[]
10465,Trà Vinh City-2799.jpeg,0.8353652954101562,9.987692909976882N,106.31808514857725E,[]
10468,Mỹ Hào District-1701.jpeg,0.8352979719638824,20.928496143321432N,106.14113664225464E,[]
10471,Cao Lanh City-818.jpeg,0.8352539390325546,10.423061804064481N,105.63312968269553E,[]
10475,Hiệp Hòa District-692.jpeg,0.8351076245307922,21.25270587493721N,105.97170813559445E,[]
10484,Bac Giang City-1096.jpeg,0.8349248915910721,21.26453014285328N,106.16491887386432E,[]
10487,Thanh Liêm District-3666.jpeg,0.8349029198288918,20.45179281223294N,105.89018813558863E,[]
10489,Yên Mỹ District-4374.jpeg,0.8348534479737282,20.936733013248556N,106.01762621210614E,[]
10494,Long Xuyen City-2935.jpeg,0.8347781151533127,10.374483341312578N,105.40708083184089E,[]
10497,Long Hồ District-3638.jpeg,0.8347553052008152,10.189024440109755N,106.00847207316117E,[]
10498,Thái Bình-905.jpeg,0.8347494378685951,20.437900375254113N,106.32919746026477E,[]
10499,Tây Ninh City-1478.jpeg,0.834747813642025,11.335347839575835N,106.12787669529254E,[]
10500,Duy Tiên District-303.jpeg,0.8346986398100853,20.57288484033442N,105.99504764575553E,[]
10502,Mỹ Tho-2437.jpeg,0.8346316069364548,10.371829406636992N,106.37110335807027E,[]
10506,Hiệp Hòa District-2171.jpeg,0.8345083370804787,21.28235014372133N,106.0266772078578E,[]
10508,Cao Lanh City-1104.jpeg,0.834499791264534,10.427104204353101N,105.6769772944457E,[]
10515,Long Hồ District-5444.jpeg,0.8344091325998306,10.224058575944424N,105.9345328281047E,['564.jpeg']
10520,Phu Ly City-1139.jpeg,0.8343822360038757,20.52759254233232N,105.95598137312261E,[]
10524,Thanh Liêm District-596.jpeg,0.83433036506176,20.39654667495364N,105.92038732993534E,[]
10526,Cai Lậy Town-1173.jpeg,0.8343028575181961,10.38441857196577N,106.17312373285549E,[]
10529,Long Hồ District-234.jpeg,0.8341725990176201,10.14455803693498N,106.03174924290117E,[]
10534,Bac Giang City-3320.jpeg,0.8340753801167011,21.314386413081127N,106.1576890874336E,[]
10536,Long Xuyen City-3219.jpeg,0.8340362310409546,10.379873208364065N,105.42488885578004E,[]
10537,Phu Ly City-2805.jpeg,0.8340192437171936,20.55588934435344N,105.93151872143017E,[]
10539,Châu Thành District-4685.jpeg,0.8339373245835304,10.28530367279983N,106.32518276813416E,[]
10540,Cao Lanh City-355.jpeg,0.8339309245347977,10.414977003487248N,105.68245824591448E,[]
10543,Hoa Lư District-5104.jpeg,0.8338478319346905,20.32061124974102N,105.92341920802768E,[]
10544,Bến Tre City-2353.jpeg,0.8338186368346214,10.24888987365182N,106.40909415222414E,[]
10545,Mỹ Tho-1787.jpeg,0.8337797671556473,10.361049672534014N,106.34507701539263E,[]
10547,Mỹ Hào District-3174.jpeg,0.8337485268712044,20.952750545053863N,106.14113664225464E,[]
10549,Hiệp Hòa District-928.jpeg,0.8337076008319855,21.260790675514695N,105.93120460866358E,[]
10551,Long Xuyen City-4782.jpeg,0.8336601555347443,10.41625481096162N,105.40982052783156E,[]
10553,Thái Bình-163.jpeg,0.8336408212780952,20.413645973521735N,106.33782623250777E,[]
10554,Ninh Bình-1342.jpeg,0.8336121067404747,20.248264809294348N,106.00604916153425E,[]
10557,Tây Ninh City-3250.jpeg,0.8335445448756218,11.369034508647713N,106.10038830734497E,[]
10566,Ninh Bình-371.jpeg,0.833413228392601,20.222662940799086N,105.97014436083687E,[]
10571,Hung Yen City-1914.jpeg,0.8333228379487991,20.656994276473046N,106.07488417374337E,[]
10573,Cao Lanh City-3527.jpeg,0.8333132788538933,10.474265541053642N,105.58928207094542E,[]
10575,Cai Lậy Town-2234.jpeg,0.8332524672150612,10.403283106645986N,106.10735964705452E,[]
10577,Cai Lậy Town-2076.jpeg,0.8332080021500587,10.39924070635737N,106.19230492454746E,[]
10581,Bac Giang City-110.jpeg,0.8330275192856789,21.229496007017502N,106.20395972058999E,[]
10582,Tây Ninh City-716.jpeg,0.8330274373292923,11.317830771658468N,106.12375343710043E,[]
10583,Long Hồ District-3288.jpeg,0.8330074474215508,10.184982039821136N,105.9701332053541E,[]
10584,Duy Tiên District-561.jpeg,0.8330006748437881,20.587706974726427N,105.97057096411882E,[]
10587,Thái Bình-2062.jpeg,0.8329337388277054,20.462154776986495N,106.3234449454361E,[]
10588,Trà Vinh City-170.jpeg,0.8329277113080025,9.8974126368645N,106.32902954770172E,[]
10604,Sa Đéc City-1103.jpeg,0.8326503187417984,10.301752805754587N,105.72579643668855E,[]
10605,Vĩnh Long-1495.jpeg,0.8326417505741119,10.257082205454365N,105.88844665415267E,[]
10609,Binh Minh Town-2585.jpeg,0.8326032161712646,10.051763340932972N,105.86658433324753E,[]
10611,Cao Lanh City-371.jpeg,0.8325273916125298,10.41632447025012N,105.59339278454698E,[]
10616,Châu Thành District-2555.jpeg,0.8324232995510101,10.271829005171114N,106.31970479616021E,[]
10618,Hung Yen City-3015.jpeg,0.8324150964617729,20.69337587907165N,106.0676837988716E,[]
10620,Go Cong Town-179.jpeg,0.8323016166687012,10.344185670229502N,106.6922926409317E,[]
10624,Cao Lanh City-3954.jpeg,0.832262858748436,10.48235034163088N,105.63998087203153E,[]
10627,Go Cong Town-436.jpeg,0.8321804776787758,10.35361793756961N,106.68818259760518E,[]
10632,Long Hồ District-1176.jpeg,0.8320351913571358,10.15938017132657N,105.97150245063291E,[]
10637,Cao Lanh City-4637.jpeg,0.8319250717759132,10.495825009259605N,105.6427213477659E,[]
10643,Tây Ninh City-1167.jpeg,0.8318688720464706,11.328610505761462N,106.12237901770304E,[]
10650,Tây Ninh City-3106.jpeg,0.8317733556032181,11.366339575121964N,106.12925111468995E,[]
10651,Bac Giang City-984.jpeg,0.8317664861679077,21.26048774256453N,106.22709503716821E,[]
10652,Tam Điệp-1469.jpeg,0.8317642658948898,20.139907475160445N,105.94263029574329E,[]
10654,Duy Tiên District-502.jpeg,0.8317265957593918,20.585012041200606N,105.96193213530586E,[]
10655,Cai Lậy Town-3200.jpeg,0.8317229822278023,10.422147641326202N,106.1375015197133E,[]
10660,Bến Tre City-2485.jpeg,0.8316619172692299,10.251584807177563N,106.37486252825991E,[]
10663,Tây Ninh City-4254.jpeg,0.8315661400556564,11.385204109802213N,106.0990138879476E,[]
10664,Long Hồ District-2908.jpeg,0.8315660804510117,10.18093963953252N,105.90167094141292E,[]
10666,Duy Tiên District-3257.jpeg,0.8315376788377762,20.642953112005777N,105.96769135451449E,[]
10676,Cai Lậy Town-307.jpeg,0.8313854187726974,10.366901504048426N,106.12928100898819E,[]
10685,Châu Thành District-2336.jpeg,0.8313052877783775,10.27048153840824N,106.27451152737501E,[]
10689,Bac Giang City-2484.jpeg,0.8312027715146542,21.291479478111572N,106.17504057486727E,[]
10690,Tây Ninh City-753.jpeg,0.8311798572540283,11.31917823842134N,106.10313714613972E,[]
10691,Long Hồ District-4060.jpeg,0.8311773464083672,10.195761773924112N,105.97697943174823E,[]
10692,Châu Thành District-8479.jpeg,0.8311685770750046,10.310905541294407N,106.24849116049872E,[]
10697,Thanh Liêm District-1596.jpeg,0.8310448080301285,20.42080107668601N,105.86142699811558E,[]
10698,Thanh Liêm District-4820.jpeg,0.8310359939932823,20.467962413387863N,105.9160731593144E,[]
10699,Long Xuyen City-1046.jpeg,0.831035353243351,10.332711871663534N,105.46187475165372E,[]
10702,Long Xuyen City-2363.jpeg,0.8309943079948425,10.362356140446725N,105.44543657570988E,[]
10703,Duy Tiên District-3368.jpeg,0.8309942558407784,20.644300578768686N,105.98496901214044E,['619.jpeg']
10704,Long Hồ District-7820.jpeg,0.8309941217303276,10.283347113510802N,106.01942603539176E,[]
10706,Cai Lậy Town-2541.jpeg,0.8309256061911583,10.40867297369747N,106.1347613494716E,[]
10708,Tây Ninh City-3602.jpeg,0.8308613896369934,11.374424375699213N,106.12925111468995E,[]
10713,Tây Ninh City-981.jpeg,0.8307899385690689,11.324568105472839N,106.10863482372925E,[]
10714,Tây Ninh City-5872.jpeg,0.8307605609297752,11.41350091182259N,106.111383662524E,[]
10717,Long Xuyen City-2688.jpeg,0.8307498469948769,10.369093474261087N,105.42899839976602E,[]
10718,Cai Lậy Town-5958.jpeg,0.8307490944862366,10.473351378315359N,106.12106049826308E,[]
10719,Duy Tiên District-4466.jpeg,0.830741822719574,20.66047017992362N,105.90721955282376E,[]
10722,Hung Yen City-3585.jpeg,0.8307074308395386,20.713587880515316N,106.05040289917935E,[]
10724,Tây Ninh City-2913.jpeg,0.8306262195110321,11.363644641596215N,106.08389527457642E,[]
10726,Vĩnh Long-278.jpeg,0.8305904567241669,10.23417527048554N,105.91309462599618E,[]
10727,Châu Thành District-994.jpeg,0.8305716440081596,10.259701804305262N,106.24986065349223E,[]
10730,Vĩnh Long-205.jpeg,0.8304940909147263,10.231480336959795N,105.9801918826813E,[]
10732,Go Cong Town-4646.jpeg,0.8304691314697266,10.456025411547918N,106.64708216433996E,[]
10735,Chau Doc City-3176.jpeg,0.8303413465619087,10.685005274926388N,105.10013663778491E,[]
10737,Phu Ly City-12.jpeg,0.8302807882428169,20.48716853944501N,105.91281198778299E,[]
10740,Go Cong Town-3306.jpeg,0.8302429802715778,10.425033676001851N,106.62653194770735E,['598.jpeg']
10743,Mỹ Tho-1286.jpeg,0.8300937414169312,10.352964871956782N,106.31631105769634E,[]
10744,Sa Đéc City-1083.jpeg,0.8300723880529404,10.300405338991713N,105.75455874109232E,['526.jpeg']
10750,Trà Vinh City-1765.jpeg,0.8299909830093384,9.960743574719457N,106.32766149781118E,[]
10759,Long Xuyen City-2989.jpeg,0.8298183158040047,10.375830808075445N,105.38927280790173E,[]
10760,Duy Tiên District-2214.jpeg,0.8297997489571571,20.62813097761375N,105.98352920733824E,[]
10761,Tây Ninh City-2368.jpeg,0.8297170996665955,11.354212374256086N,106.09351621035809E,[]
10762,Go Cong Town-1895.jpeg,0.8297165110707283,10.39269447369291N,106.67722248206778E,[]
10764,Vĩnh Long-175.jpeg,0.8296754434704781,10.231480336959795N,105.91446395776526E,[]
10768,Mỹ Hào District-2894.jpeg,0.8295977488160133,20.948708144765128N,106.11805482283262E,[]
10769,Châu Thành District-2714.jpeg,0.8295885697007179,10.273176471933986N,106.27040304839456E,[]
10771,Phu Ly City-1121.jpeg,0.8295735269784927,20.52759254233232N,105.93007974191885E,[]
10779,Go Cong Town-497.jpeg,0.8293890729546547,10.356312871095353N,106.65393223655084E,[]
10784,Long Xuyen City-5213.jpeg,0.8292769938707352,10.428382011827477N,105.42214915978941E,[]
10789,Cai Lậy Town-834.jpeg,0.8292195722460747,10.379028704914282N,106.12517075362561E,['80.jpeg']
10792,Cai Lậy Town-1695.jpeg,0.8291573897004128,10.393850839305879N,106.10735964705452E,[]
10794,Yên Mỹ District-684.jpeg,0.8290811702609062,20.863969808051277N,106.03781871130316E,[]
10801,Go Cong Town-2599.jpeg,0.8289250358939171,10.410211541610249N,106.68544256872082E,[]
10802,Vĩnh Long-2022.jpeg,0.8289171755313873,10.265167006031596N,105.93911192960879E,[]
10803,Châu Thành District-3755.jpeg,0.8289027959108353,10.279913805748345N,106.26218609043362E,[]
10805,Cai Lậy Town-3172.jpeg,0.8288752660155296,10.422147641326202N,106.0991391363294E,[]
10807,Chau Doc City-3952.jpeg,0.8288653716444969,10.69713247579225N,105.14813059890051E,"['8.jpeg', '474.jpeg']"
10809,Binh Minh Town-4371.jpeg,0.8288520574569702,10.100272144396353N,105.85974208005064E,[]
10814,Go Cong Town-543.jpeg,0.8287355825304985,10.357660337858226N,106.64845217878214E,[]
10815,Binh Minh Town-3091.jpeg,0.8287240415811539,10.065238008561684N,105.80637250511501E,['687.jpeg']
10821,Go Cong Town-3690.jpeg,0.8286129385232925,10.431771009816211N,106.59913165886393E,[]
10822,Cai Lậy Town-6363.jpeg,0.8286118358373642,10.48278364565547N,106.12380066850477E,[]
10824,Go Cong Town-1847.jpeg,0.828557550907135,10.391347006930033N,106.67996251095214E,[]
10826,Thái Bình-554.jpeg,0.8285233154892921,20.429815574676653N,106.3680269353582E,[]
10834,Châu Thành District-1766.jpeg,0.8284440636634827,10.266439138119624N,106.22931825858986E,[]
10837,Vĩnh Long-2154.jpeg,0.8284197375178337,10.269209406320215N,105.89255464945992E,[]
10838,Trà Vinh City-1030.jpeg,0.8283921927213669,9.92840437241054N,106.34134199671676E,['756.jpeg']
10839,Cai Lậy Town-1754.jpeg,0.8283895999193192,10.393850839305879N,106.1881946691849E,[]
10841,Hiệp Hòa District-2494.jpeg,0.8283273875713348,21.289087477535897N,105.9283114995971E,['162.jpeg']
10842,Vĩnh Long-934.jpeg,0.8283231779932976,10.24764993811426N,105.91720262130343E,[]
10844,Vĩnh Long-1377.jpeg,0.8283184096217155,10.254387271928618N,105.96102123791414E,[]
10846,Tây Ninh City-2231.jpeg,0.8282642960548401,11.351517440730339N,106.1127580819214E,[]
10848,Long Hồ District-1929.jpeg,0.8282306417822838,10.168812438666674N,105.9468560356141E,[]
10851,Long Xuyen City-5066.jpeg,0.8282097354531288,10.424339611538858N,105.39749189587363E,[]
10855,Long Xuyen City-2242.jpeg,0.8281280137598515,10.359661206920979N,105.45502551167712E,[]
10856,Go Cong Town-851.jpeg,0.828087791800499,10.364397671672586N,106.70462277091124E,[]
10857,Binh Minh Town-169.jpeg,0.8280640915036201,9.996517203655236N,105.85974208005064E,[]
10858,Cai Lậy Town-2238.jpeg,0.828048087656498,10.403283106645986N,106.11283998753794E,[]
10861,Cai Lậy Town-2105.jpeg,0.8279601708054543,10.400588173120237N,106.12928100898819E,[]
10864,Vĩnh Long-1599.jpeg,0.8278829976916313,10.258429672217233N,105.91309462599618E,[]
10865,Go Cong Town-1477.jpeg,0.8277980238199234,10.381914739589927N,106.64845217878214E,[]
10866,Ninh Bình-476.jpeg,0.8277086839079857,20.226705341087808N,105.96583578475317E,[]
10871,Tây Ninh City-2758.jpeg,0.8276405856013298,11.360949708070462N,106.08664411337115E,[]
10872,Cao Lanh City-3607.jpeg,0.8276354297995567,10.47561300781652N,105.61531659042207E,['507.jpeg']
10873,Long Hồ District-6313.jpeg,0.8276322111487389,10.244270577387509N,105.94822528089293E,[]
10878,Mỹ Tho-2238.jpeg,0.82738396525383,10.369134473111249N,106.3108318276589E,[]
10882,Châu Thành District-9518.jpeg,0.8272500149905682,10.318990341871643N,106.29094544329693E,[]
10884,Long Hồ District-769.jpeg,0.8272031769156456,10.153990304275084N,105.98382565814235E,[]
10887,Cao Lanh City-2074.jpeg,0.8271362259984016,10.443273805507571N,105.62764873122678E,[]
10889,Long Hồ District-2827.jpeg,0.8271189257502556,10.17959217276965N,105.94274829977763E,[]
10896,Go Cong Town-1813.jpeg,0.8270152807235718,10.391347006930033N,106.63338201991824E,[]
10903,Long Xuyen City-2582.jpeg,0.8268802016973495,10.367746007498214N,105.37557432794853E,[]
10904,Long Hồ District-4702.jpeg,0.826863519847393,10.207888974789961N,105.98930263925763E,[]
10910,Cai Lậy Town-5551.jpeg,0.8267907947301865,10.465266577738122N,106.1347613494716E,[]
10911,Châu Thành District-2660.jpeg,0.8267832472920418,10.273176471933986N,106.1964504267461E,[]
10915,Cai Lậy Town-831.jpeg,0.8266910687088966,10.379028704914282N,106.12106049826308E,[]
10917,Sa Đéc City-1906.jpeg,0.8266604915261269,10.3300496077749N,105.74497130629103E,[]
10918,Long Hồ District-8376.jpeg,0.826646201312542,10.294126847613777N,105.96465622423881E,[]
10920,Cao Lanh City-5081.jpeg,0.8265950605273247,10.506604743362585N,105.5755796922735E,[]
10922,Cai Lậy Town-379.jpeg,0.8265789300203323,10.369596437574177N,106.11558015777963E,[]
10923,Go Cong Town-4476.jpeg,0.8265705853700638,10.447940610970683N,106.6457121498978E,[]
10924,Châu Thành District-2903.jpeg,0.826563373208046,10.274523938696857N,106.25670811845967E,[]
10931,Tây Ninh City-3591.jpeg,0.8263972029089928,11.374424375699213N,106.11413250131875E,[]
10932,Trà Vinh City-774.jpeg,0.8263440057635307,9.918972105070441N,106.32082124835837E,[]
10933,Long Hồ District-6205.jpeg,0.8263163343071938,10.240228177098889N,106.01257980899764E,[]
10934,Cao Lanh City-3882.jpeg,0.8262743577361107,10.481002874868004N,105.63449992056276E,[]
10939,Bac Giang City-1720.jpeg,0.8261979073286057,21.278004810482425N,106.15190525828908E,[]
10940,Mỹ Tho-2289.jpeg,0.8261810019612312,10.369134473111249N,106.38069201063568E,[]
10941,Go Cong Town-1551.jpeg,0.8261792361736298,10.383262206352802N,106.68270253983648E,[]
10945,Tây Ninh City-4002.jpeg,0.8260939866304398,11.381161709513586N,106.10451156553712E,[]
10948,Long Xuyen City-2381.jpeg,0.8260347917675972,10.363703607209597N,105.37694417594385E,[]
10950,Cai Lậy Town-3890.jpeg,0.8259804993867874,10.435622308954924N,106.11695024290049E,[]
10951,Hung Yen City-932.jpeg,0.8259778991341591,20.631392407977735N,106.07632424871774E,['300.jpeg']
10953,Cai Lậy Town-2814.jpeg,0.8259364515542984,10.414062840748963N,106.13339126435075E,[]
10955,Mỹ Hào District-2446.jpeg,0.8258710131049156,20.94197081095056N,106.09064516226894E,[]
10963,Vĩnh Long-1986.jpeg,0.825726144015789,10.265167006031596N,105.88981598592174E,[]
10965,Sa Đéc City-1239.jpeg,0.8256509676575661,10.3057952060432N,105.75044984046319E,[]
10966,Thanh Liêm District-5866.jpeg,0.8256456851959229,20.482784547779872N,105.91463510244073E,[]
10967,Go Cong Town-80.jpeg,0.8256384879350662,10.340143269940887N,106.68133252539432E,[]
10969,Tây Ninh City-2916.jpeg,0.8255941197276115,11.363644641596215N,106.08801853276857E,[]
10973,Tây Ninh City-581.jpeg,0.8255342990159988,11.313788371369842N,106.13887205047158E,[]
10974,Long Hồ District-5949.jpeg,0.8255198262631893,10.233490843284528N,105.99477962037295E,[]
10978,Tây Ninh City-6710.jpeg,0.8254834040999413,11.43371291326572N,106.16498601902181E,[]
10981,Go Cong Town-3477.jpeg,0.8254336416721344,10.427728609527595N,106.6306419910339E,[]
10985,Mỹ Tho-732.jpeg,0.8253111466765404,10.342185137853802N,106.40671835331334E,[]
10986,Long Hồ District-7211.jpeg,0.8253055736422539,10.272567379407823N,105.9865641487E,[]
10988,Hoa Lư District-3806.jpeg,0.8252992630004883,20.288272047431196N,105.94352653653984E,[]
10993,Vĩnh Long-731.jpeg,0.8252333626151085,10.243607537825643N,105.96102123791414E,[]
10994,Go Cong Town-4939.jpeg,0.8252322524785995,10.474889946228133N,106.64982219322431E,[]
10995,Yên Mỹ District-3538.jpeg,0.8251989791169763,20.91382607827904N,105.99887603428036E,[]
10996,Sa Đéc City-2562.jpeg,0.82517921179533,10.358346409795221N,105.71757863543034E,[]
11002,Mỹ Tho-3548.jpeg,0.8250405490398407,10.392041408080079N,106.3217902877337E,[]
11004,Tây Ninh City-527.jpeg,0.8250139504671097,11.312440904606968N,106.12787669529254E,['979.jpeg']
11012,Tây Ninh City-3235.jpeg,0.8249642327427864,11.369034508647713N,106.0797720163843E,[]
11016,Tây Ninh City-6311.jpeg,0.8248977139592171,11.422933179162715N,106.13612321167683E,[]
11017,Cai Lậy Town-5965.jpeg,0.824893169105053,10.473351378315359N,106.13065109410903E,[]
11022,Phu Ly City-3735.jpeg,0.8247963041067123,20.5761013457971N,105.9070560697377E,[]
11023,Thanh Liêm District-1286.jpeg,0.8247793838381767,20.414063742871466N,105.9060067611988E,['380.jpeg']
11024,Cai Lậy Town-4412.jpeg,0.824778139591217,10.443707109532163N,106.1854544989432E,[]
11028,Châu Thành District-726.jpeg,0.824618972837925,10.257006870779517N,106.2211013006289E,[]
11032,Hiệp Hòa District-4312.jpeg,0.8245673179626465,21.31738427955711N,105.93120460866358E,['157.jpeg']
11033,Long Hồ District-5958.jpeg,0.8245651125907898,10.233490843284528N,106.00710282788233E,[]
11036,Hiệp Hòa District-6680.jpeg,0.8244869438931346,21.349723481867073N,105.91963217239763E,[]
11039,Châu Thành District-3636.jpeg,0.8244089260697365,10.278566338985474N,106.40050488277608E,[]
11045,Duy Tiên District-610.jpeg,0.8242325484752655,20.59040190825225N,105.96625154971235E,[]
11046,Mỹ Tho-3818.jpeg,0.8242320492863655,10.39743127513157N,106.31220163516828E,[]
11047,Tây Ninh City-888.jpeg,0.8241981044411659,11.32187317194709N,106.13474879227947E,[]
11055,Go Cong Town-1078.jpeg,0.8240727260708809,10.371135005486948N,106.65667226543519E,[]
11060,Hiệp Hòa District-484.jpeg,0.8239699825644493,21.24596854112263N,105.94856326306252E,[]
11062,Hiệp Hòa District-4936.jpeg,0.8239244148135185,21.32681654689752N,105.90227351799868E,[]
11063,Binh Minh Town-2112.jpeg,0.8239140659570694,10.04233107359287N,105.87479503708379E,[]
11069,Binh Minh Town-941.jpeg,0.8236837834119797,10.016729205098311N,105.88300574092003E,[]
11070,Long Xuyen City-2800.jpeg,0.8236546441912651,10.371788407786832N,105.40160143985962E,[]
11073,Bac Giang City-1253.jpeg,0.8236267119646072,21.268572543142028N,106.15045930100294E,[]
11077,Phu Ly City-3600.jpeg,0.8235346376895905,20.57205894550837N,105.94446953703205E,[]
11079,Duy Tiên District-1717.jpeg,0.8235127553343773,20.621393643799195N,105.9460942824821E,[]
11081,Chau Doc City-3331.jpeg,0.8234882950782776,10.687700208452133N,105.0740827731793E,[]
11085,Long Hồ District-1039.jpeg,0.823431983590126,10.158032704563702N,105.92220962059528E,[]
11086,Long Hồ District-3848.jpeg,0.8234203904867172,10.193066840398368N,105.90988641308587E,[]
11087,Chau Doc City-3423.jpeg,0.8233236807864159,10.689047675215011N,105.08368156540244E,[]
11090,Châu Thành District-1365.jpeg,0.8232907578349113,10.262396737831006N,106.416938798698E,[]
11092,Trà Vinh City-2267.jpeg,0.8232749253511429,9.974218242348169N,106.31534904879615E,[]
11099,Cai Lậy Town-167.jpeg,0.823184534907341,10.361511636996939N,106.12654083874648E,[]
11102,Phu Ly City-2715.jpeg,0.8231269121170044,20.55454187759053N,105.90561709022639E,[]
11104,Ninh Bình-830.jpeg,0.823038786649704,20.23748507519107N,105.94285671230685E,[]
11111,Long Hồ District-8075.jpeg,0.8229262083768845,10.288736980562286N,105.95096377145056E,[]
11113,Long Hồ District-7616.jpeg,0.8228961750864983,10.280652179985056N,105.94959452617174E,[]
11118,Mỹ Tho-3678.jpeg,0.8227851390838623,10.393388874842957N,106.40260893078528E,[]
11120,Phu Ly City-2188.jpeg,0.8227429986000061,20.545109610250154N,105.90273913120375E,['350.jpeg']
11122,Chau Doc City-1934.jpeg,0.8227219432592392,10.666140740246163N,105.05899895682869E,[]
11124,Tây Ninh City-5715.jpeg,0.8227077201008797,11.409458511533964N,106.16086276082966E,[]
11126,Yên Mỹ District-4169.jpeg,0.8226971626281738,20.927300745908166N,106.0608958532426E,[]
11128,Phu Ly City-2719.jpeg,0.8226140961050987,20.55454187759053N,105.9113730082717E,[]
11136,Vĩnh Long-319.jpeg,0.822451040148735,10.23417527048554N,105.9870385415267E,['678.jpeg']
11139,Châu Thành District-2947.jpeg,0.8223721981048584,10.274523938696857N,106.31696581017323E,[]
11140,Hiệp Hòa District-8164.jpeg,0.8223583437502384,21.37263041683663N,105.98328057186043E,[]
11141,Sa Đéc City-2498.jpeg,0.8223359361290932,10.355651476269477N,105.72305716960248E,[]
11148,Châu Thành District-2669.jpeg,0.8221960067749023,10.273176471933986N,106.20877586368749E,[]
11151,Long Xuyen City-137.jpeg,0.8221603855490685,10.3098049366947N,105.46735414363499E,[]
11158,Tây Ninh City-1876.jpeg,0.8220894634723663,11.344780106915964N,106.08526969397381E,[]
11164,Tây Ninh City-3750.jpeg,0.8219828754663467,11.377119309224963N,106.10451156553712E,[]
11166,Binh Minh Town-3020.jpeg,0.8219121024012566,10.062543075035945N,105.84742602429628E,[]
11167,Bến Tre City-2492.jpeg,0.8219004422426224,10.251584807177563N,106.3844473829699E,[]
11169,Cao Lanh City-1781.jpeg,0.8218884468078613,10.437883938456077N,105.6769772944457E,[]
11171,Tây Ninh City-5198.jpeg,0.8218081220984459,11.400026244193837N,106.14024646986898E,[]
11176,Long Hồ District-3315.jpeg,0.8217336237430573,10.184982039821136N,106.00710282788233E,[]
11183,Vĩnh Long-26.jpeg,0.8214943408966064,10.224743003145434N,105.91446395776526E,[]
11187,Châu Thành District-8310.jpeg,0.821427971124649,10.309558074531536N,106.26766406240756E,[]
11188,Tam Điệp-263.jpeg,0.8214137181639671,20.117000540191N,105.92109909443417E,[]
11189,Yên Mỹ District-1220.jpeg,0.8214064538478851,20.874749542154575N,106.00320299839402E,[]
11190,Tây Ninh City-2056.jpeg,0.8214059099555016,11.347475040441713N,106.14986740565064E,[]
11191,Long Hồ District-2127.jpeg,0.8213903605937958,10.171507372192416N,105.90988641308587E,[]
11192,Mỹ Tho-3065.jpeg,0.8213824778795242,10.382609140739975N,106.40123912327594E,[]
11193,Tây Ninh City-5978.jpeg,0.8213334307074547,11.414848378585464N,106.17460695480347E,[]
11195,Mỹ Tho-1134.jpeg,0.8213067799806595,10.350269938431039N,106.32863932528045E,[]
11198,Cao Lanh City-1054.jpeg,0.8212781846523285,10.427104204353101N,105.60846540108611E,[]
11203,Bến Tre City-3341.jpeg,0.8212162852287292,10.271796808620646N,106.36801620346708E,[]
11209,Tây Ninh City-5333.jpeg,0.8210653066635132,11.402721177719588N,106.12100459830566E,[]
11210,Long Hồ District-5395.jpeg,0.8210365176200867,10.222711109181553N,105.95370226200825E,[]
11211,Phu Ly City-3824.jpeg,0.8210112154483795,20.577448812560007N,105.95742035263392E,[]
11212,Long Xuyen City-4159.jpeg,0.8209994435310364,10.400085209807154N,105.43721748773795E,[]
11221,Mỹ Tho-3640.jpeg,0.8208571374416351,10.393388874842957N,106.35055624543003E,[]
11224,Trà Vinh City-3411.jpeg,0.8207869827747345,10.010599844945697N,106.31261294901503E,[]
11227,Bến Tre City-2916.jpeg,0.8207302466034889,10.259669607754798N,106.39403223767988E,[]
11230,Cao Lanh City-4182.jpeg,0.8204581514000893,10.487740208682368N,105.58243088160947E,[]
11236,Thanh Liêm District-1977.jpeg,0.8202899023890495,20.42619094373765N,105.95346263802935E,[]
11241,Cai Lậy Town-2377.jpeg,0.8202172219753265,10.405978040171728N,106.10324939169192E,[]
11243,Duy Tiên District-5.jpeg,0.8201829269528389,20.559410172705306N,105.97345057372313E,[]
11244,Thái Bình-420.jpeg,0.8201730102300644,20.427120641150832N,106.32488307414329E,[]
11249,Hiệp Hòa District-6258.jpeg,0.82004873175174,21.342986148052496N,106.0107651079921E,[]
11250,Go Cong Town-3290.jpeg,0.820029690861702,10.425033676001851N,106.60461171663259E,[]
11251,Châu Thành District-10155.jpeg,0.820007398724556,10.325727675686002N,106.34709465603E,[]
11253,Mỹ Hào District-3872.jpeg,0.8199867457151413,20.97296254649756N,106.07910425255794E,[]
11262,Binh Minh Town-1519.jpeg,0.8198540285229683,10.030203872727025N,105.86111053069003E,[]
11267,Sa Đéc City-2716.jpeg,0.81972636282444,10.365083743609583N,105.71483936834429E,[]
11268,Long Xuyen City-3081.jpeg,0.8197248950600624,10.377178274838322N,105.42351900778473E,[]
11279,Phu Ly City-3557.jpeg,0.81952253729105,20.57071147874546N,105.95885933214524E,[]
11282,Chau Doc City-1899.jpeg,0.8194899260997772,10.66479327348329N,105.12070547826302E,[]
11287,Go Cong Town-417.jpeg,0.8194193579256535,10.35361793756961N,106.66215232320387E,[]
11289,Long Xuyen City-5185.jpeg,0.8193816244602203,10.427034545064602N,105.44269687971922E,[]
11290,Sa Đéc City-202.jpeg,0.8193690180778503,10.272108536971395N,105.77647287778088E,[]
11295,Cao Lanh City-306.jpeg,0.8193104416131973,10.414977003487248N,105.61531659042207E,[]
11296,Long Hồ District-2859.jpeg,0.8193032592535019,10.17959217276965N,105.9865641487E,[]
11297,Mỹ Tho-810.jpeg,0.8192961979657412,10.343532604616676N,106.41082777584135E,[]
11299,Tây Ninh City-1712.jpeg,0.8192208856344223,11.340737706627339N,106.11963017890828E,[]
11300,Go Cong Town-310.jpeg,0.8191930130124092,10.34957553728099N,106.68133252539432E,[]
11303,Trà Vinh City-2.jpeg,0.8191683664917946,9.8879803695244N,106.3372378470451E,[]
11307,Go Cong Town-911.jpeg,0.8190920576453209,10.367092605198332N,106.64023209212911E,[]
11312,Long Hồ District-8722.jpeg,0.8190390169620514,10.300864181428137N,105.95917924312353E,[]
11318,Tây Ninh City-2438.jpeg,0.8189626187086105,11.355559841018964N,106.08114643578168E,[]
11321,Cao Lanh City-4051.jpeg,0.818864744156599,10.485045275156622N,105.58654159521102E,[]
11325,Tam Điệp-2223.jpeg,0.8187829628586769,20.15338214278953N,105.88377834549836E,[]
11334,Long Xuyen City-868.jpeg,0.8185994401574135,10.328669471374916N,105.47283353561627E,[]
11335,Mỹ Tho-2547.jpeg,0.8185683563351631,10.37452434016274N,106.31220163516828E,[]
11337,Vĩnh Long-1173.jpeg,0.8185463473200798,10.251692338402876N,105.9117252942271E,[]
11338,Sa Đéc City-1691.jpeg,0.818533256649971,10.321964807197668N,105.74223203920499E,[]
11348,Vĩnh Long-682.jpeg,0.818206749856472,10.243607537825643N,105.89255464945992E,[]
11354,Chau Doc City-467.jpeg,0.8180858939886093,10.63380153793721N,105.0960228696893E,[]
11356,Hung Yen City-1604.jpeg,0.8180699832737446,20.647562009132667N,106.07920439866642E,[]
11358,Duy Tiên District-3729.jpeg,0.8180365189909935,20.649690445820323N,105.94033506327347E,[]
11360,Cao Lanh City-3698.jpeg,0.8180345445871353,10.476960474579384N,105.65642372643782E,[]
11366,Cai Lậy Town-6752.jpeg,0.8179427236318588,10.500300713572814N,106.0991391363294E,[]
11368,Vĩnh Long-1848.jpeg,0.8178987205028534,10.262472072505853N,105.9021399718435E,[]
11370,Cai Lậy Town-2357.jpeg,0.8178635314106941,10.404630573408856N,106.17586390309722E,[]
11374,Long Hồ District-9383.jpeg,0.8178318813443184,10.317033782582604N,105.99477962037295E,[]
11376,Go Cong Town-343.jpeg,0.8177639581263065,10.350923004043862N,106.67311243874127E,[]
11377,Tây Ninh City-4525.jpeg,0.8176868706941605,11.38924651009084N,106.1127580819214E,[]
11379,Binh Minh Town-771.jpeg,0.817643478512764,10.012686804809697N,105.88984799411695E,[]
11380,Long Xuyen City-2745.jpeg,0.8176348209381104,10.37044094102396N,105.41666976780813E,[]
11381,Chau Doc City-4220.jpeg,0.8176224455237389,10.70252234284374N,105.11933422223116E,[]
11383,Cao Lanh City-4902.jpeg,0.8175819516181946,10.501214876311098N,105.6454618235003E,[]
11386,Hiệp Hòa District-6939.jpeg,0.8174974173307419,21.3524184153929N,106.01510477159182E,[]
11390,Duy Tiên District-393.jpeg,0.8173982128500938,20.57692724062314N,105.99360784095339E,[]
11392,Tam Điệp-1890.jpeg,0.8173369318246841,20.14799227573789N,105.88808458576018E,[]
11396,Binh Minh Town-219.jpeg,0.8172809928655624,9.997864670418105N,105.87068968516567E,[]
11398,Thanh Liêm District-6303.jpeg,0.8172167241573334,20.48952188159442N,105.89594036308324E,[]
11399,Ninh Bình-2260.jpeg,0.8172018602490425,20.27790907807834N,105.97588912894847E,[]
11404,Vĩnh Long-531.jpeg,0.8171250969171524,10.239565137537028N,105.9706065602977E,['665.jpeg']
11407,Cai Lậy Town-5087.jpeg,0.8170699402689934,10.455834310398014N,106.18134424358063E,[]
11411,Long Hồ District-6071.jpeg,0.8170463070273399,10.236185776810276N,106.0276415070647E,[]
11412,Thái Bình-584.jpeg,0.8170356899499893,20.43116304143958N,106.32632120285044E,[]
11413,Sa Đéc City-762.jpeg,0.8169948980212212,10.289625604888732N,105.76688544297964E,[]
11420,Cai Lậy Town-4859.jpeg,0.8168034479022026,10.4517919101094N,106.16901347749294E,[]
11429,Cai Lậy Town-5244.jpeg,0.8165702968835831,10.459876710686634N,106.10324939169192E,[]
11430,Thái Bình-1714.jpeg,0.8165369778871536,20.454069976409034N,106.33782623250777E,[]
11431,Mỹ Tho-3816.jpeg,0.8165212795138359,10.396083808368703N,106.40397873829461E,[]
11433,Ninh Bình-247.jpeg,0.8165028933435678,20.217273073747442N,105.97158055286475E,[]
11434,Tây Ninh City-4285.jpeg,0.8165006041526794,11.385204109802213N,106.14162088926633E,[]
11441,Tây Ninh City-1856.jpeg,0.8163370415568352,11.343432640153088N,106.14574414745852E,[]
11442,Long Hồ District-2039.jpeg,0.8163148611783981,10.170159905429546N,105.94411754505647E,[]
11444,Châu Thành District-5313.jpeg,0.8162986487150192,10.289346073088451N,106.2923149362904E,[]
11447,Duy Tiên District-1129.jpeg,0.8162364959716797,20.609266442933002N,105.9561729160972E,[]
11451,Long Hồ District-4881.jpeg,0.8161476626992226,10.211931375078578N,105.96739471479646E,[]
11453,Duy Tiên District-3115.jpeg,0.816142875701189,20.641605645242862N,105.9057797480216E,[]
11458,Châu Thành District-6642.jpeg,0.8160753287374973,10.297430873665688N,106.39913538978261E,[]
11468,Mỹ Tho-3214.jpeg,0.8159129992127419,10.385304074265717N,106.39575989323852E,[]
11472,Go Cong Town-4402.jpeg,0.815816156566143,10.445245677444937N,106.65256222210868E,[]
11475,Long Hồ District-369.jpeg,0.8157417327165604,10.148600437223596N,105.91125565836468E,[]
11476,Long Xuyen City-2623.jpeg,0.8157364912331104,10.367746007498214N,105.43173809575667E,[]
11480,Tam Điệp-383.jpeg,0.8156111985445023,20.119695473716817N,105.91966368101353E,[]
11483,Châu Thành District-2241.jpeg,0.8155911639332771,10.269134071645368N,106.43474220761335E,[]
11484,Long Hồ District-3403.jpeg,0.815581738948822,10.18632950658401N,105.97834867702704E,[]
11487,Long Hồ District-1501.jpeg,0.8155022524297237,10.163422571615186N,105.9687639600753E,[]
11488,Bến Tre City-1408.jpeg,0.8154666945338249,10.232720272497357N,106.40909415222414E,[]
11494,Bến Tre City-223.jpeg,0.8153410702943802,10.20307600371417N,106.37760105817705E,[]
11495,Long Hồ District-2200.jpeg,0.8153316602110863,10.171507372192416N,106.00984131843998E,[]
11496,Bac Giang City-1270.jpeg,0.8152622282505035,21.268572543142028N,106.17504057486727E,[]
11498,Tây Ninh City-3483.jpeg,0.8152036666870117,11.373076908936339N,106.0797720163843E,[]
11499,Duy Tiên District-3426.jpeg,0.8151961173862219,20.645648045531594N,105.927376820054E,[]
11503,Long Hồ District-4199.jpeg,0.8151118159294128,10.198456707449855N,105.96465622423881E,[]
11507,Hiệp Hòa District-7139.jpeg,0.8150753420777619,21.355113348918735N,106.02523065332454E,[]
11510,Cai Lậy Town-1345.jpeg,0.8150420859456062,10.387113505491515N,106.18408441382235E,[]
11512,Tam Điệp-1266.jpeg,0.8150314800441265,20.13721254163463N,105.85794090392736E,[]
11521,Thanh Liêm District-1949.jpeg,0.8149055317044258,20.42619094373765N,105.91319704556706E,[]
11524,Mỹ Hào District-3089.jpeg,0.8148731514811516,20.95140307829095N,106.14546448339627E,[]
11525,Long Hồ District-8232.jpeg,0.8148652538657188,10.291431914088033N,105.96465622423881E,[]
11526,Long Hồ District-4411.jpeg,0.8148428276181221,10.202499107738472N,105.96465622423881E,[]
11527,Hiệp Hòa District-5303.jpeg,0.8148241564631462,21.33085894718627N,106.00208578079261E,[]
11531,Vĩnh Long-1107.jpeg,0.8147500157356262,10.250344871640005N,105.93500393430152E,[]
11532,Châu Thành District-9532.jpeg,0.8147463425993919,10.318990341871643N,106.31011834520577E,[]
11535,Tây Ninh City-3986.jpeg,0.8146668747067451,11.381161709513586N,106.082520855179E,['610.jpeg']
11537,Cao Lanh City-3385.jpeg,0.8146607838571072,10.470223140765023N,105.63861063416432E,[]
11539,Vĩnh Long-1751.jpeg,0.8146298602223396,10.26112460574298N,105.88296932707634E,[]
11541,Phu Ly City-4362.jpeg,0.8146058320999146,20.601703214292407N,105.93151872143017E,[]
11543,Cao Lanh City-4394.jpeg,0.814558882266283,10.491782608970986N,105.59202254667983E,[]
11546,Thanh Liêm District-2561.jpeg,0.8145182617008686,20.435623211078017N,105.92038732993534E,[]
11547,Châu Thành District-9662.jpeg,0.8144714459776878,10.320337808634513N,106.28683696431644E,[]
11554,Vĩnh Long-1844.jpeg,0.8143258467316628,10.262472072505853N,105.8966626447672E,['647.jpeg']
11555,Châu Thành District-357.jpeg,0.8143233358860016,10.25161700372803N,106.2375352165508E,[]
11558,Binh Minh Town-3317.jpeg,0.8142596259713173,10.070627875613173N,105.84332067237811E,[]
11559,Thanh Liêm District-4801.jpeg,0.8142582699656487,20.467962413387863N,105.88875007871496E,[]
11562,Mỹ Tho-3804.jpeg,0.814217384904623,10.396083808368703N,106.38754104818243E,[]
11563,Sa Đéc City-1264.jpeg,0.814191959798336,10.307142672806073N,105.73264460440373E,[]
11565,Tây Ninh City-3499.jpeg,0.8141591548919678,11.373076908936339N,106.10176272674236E,[]
11566,Go Cong Town-45.jpeg,0.8141403794288635,10.33879580317801N,106.66900239541475E,[]
11570,Thanh Liêm District-7335.jpeg,0.8140815570950508,20.505691482749345N,105.987976002997E,[]
11572,Hiệp Hòa District-8015.jpeg,0.8140357434749603,21.369935483310798N,105.97315469012771E,[]
11573,Bến Tre City-2188.jpeg,0.814034029841423,10.246194940126077N,106.41320194709985E,[]
11581,Cai Lậy Town-3352.jpeg,0.8138362318277359,10.424842574851947N,106.14846220068013E,[]
11583,Long Hồ District-3607.jpeg,0.8137956783175468,10.189024440109755N,105.96602546951763E,[]
11584,Châu Thành District-1503.jpeg,0.8137907572090626,10.263744204593879N,106.38270147386073E,[]
11587,Tam Điệp-1384.jpeg,0.8137614652514458,20.138560008397537N,105.92253450785479E,[]
11588,Duy Tiên District-3883.jpeg,0.8137391582131386,20.651037912583238N,106.01952432739228E,[]
11590,Vĩnh Long-894.jpeg,0.8137022107839584,10.246302471351386N,105.96923722852861E,['666.jpeg']
11593,Long Hồ District-4810.jpeg,0.81360924243927,10.210583908315703N,105.95780999784469E,[]
11595,Sa Đéc City-213.jpeg,0.8135911673307419,10.273456003734271N,105.72853570377463E,[]
11596,Cai Lậy Town-234.jpeg,0.8135848343372345,10.364206570522683N,106.12654083874648E,[]
11602,Sa Đéc City-2170.jpeg,0.8134773150086403,10.342176808640756N,105.72853570377463E,[]
11603,Yên Mỹ District-3798.jpeg,0.8134288787841797,20.919215945330688N,105.99454907016673E,[]
11604,Bến Tre City-1460.jpeg,0.8134235590696335,10.234067739260228N,106.38307811801135E,[]
11608,Mỹ Hào District-1248.jpeg,0.8132690414786339,20.919063875981042N,106.11949743654648E,[]
11612,Mỹ Tho-2992.jpeg,0.8131773620843887,10.381261673977102N,106.40534854580397E,[]
11616,Trà Vinh City-2384.jpeg,0.813119001686573,9.976913175873909N,106.31945319846783E,[]
11617,Long Hồ District-9482.jpeg,0.8131182640790939,10.321076182871224N,105.98245641286351E,[]
11622,Binh Minh Town-1746.jpeg,0.813030056655407,10.035593739778509N,105.82689926470562E,[]
11624,Bến Tre City-1761.jpeg,0.8130017444491386,10.239457606311715N,106.38718591288703E,[]
11625,Mỹ Tho-1021.jpeg,0.8130007386207581,10.34757500490529N,106.38891085569182E,[]
11628,Long Hồ District-3474.jpeg,0.8129562586545944,10.18767697334688N,105.92768660171058E,[]
11630,Chau Doc City-1450.jpeg,0.812897328287363,10.658055939668927N,105.03020258015935E,[]
11632,Mỹ Tho-1651.jpeg,0.8128105625510216,10.35835473900827N,106.377952395617E,[]
11633,Trà Vinh City-3322.jpeg,0.8127653673291206,10.006557444657087N,106.30714074945278E,[]
11635,Binh Minh Town-9.jpeg,0.8127536624670029,9.985737469552264N,105.88847954347752E,[]
11636,Binh Minh Town-1418.jpeg,0.8127530142664909,10.02750893920128N,105.88847954347752E,[]
11642,Châu Thành District-5050.jpeg,0.8126472532749176,10.28799860632558N,106.22657927260288E,[]
11646,Bac Giang City-1356.jpeg,0.812500849366188,21.269920009904936N,106.21118950702068E,[]
11648,Cao Lanh City-3170.jpeg,0.8124982267618179,10.466180740476403N,105.58106064374226E,[]
11649,Cai Lậy Town-1633.jpeg,0.8124980255961418,10.392503372543006N,106.13339126435075E,[]
11655,Tây Ninh City-1043.jpeg,0.8123133629560471,11.325915572235711N,106.11688134011352E,[]
11656,Bến Tre City-2510.jpeg,0.8122883215546608,10.251584807177563N,106.40909415222414E,[]
11658,Châu Thành District-282.jpeg,0.8122569173574448,10.25026953696516N,106.23068775158336E,[]
11666,Phu Ly City-122.jpeg,0.8121405690908432,20.499295740311204N,105.91568994680563E,[]
11670,Long Hồ District-5229.jpeg,0.812017947435379,10.218668708892936N,105.99477962037295E,[]
11673,Bến Tre City-2907.jpeg,0.8119754940271378,10.259669607754798N,106.38170885305276E,[]
11674,Trà Vinh City-2722.jpeg,0.8119748905301094,9.98499797645114N,106.34271004660732E,[]
11684,Cai Lậy Town-311.jpeg,0.8117767497897148,10.366901504048426N,106.1347613494716E,[]
11687,Tam Điệp-2014.jpeg,0.8117520734667778,20.150687209263705N,105.83497428919765E,[]
11690,Long Hồ District-791.jpeg,0.8117094114422798,10.153990304275084N,106.01394905427645E,[]
11693,Long Hồ District-967.jpeg,0.8116690889000893,10.156685237800826N,105.97834867702704E,[]
11694,Thanh Liêm District-1406.jpeg,0.811664417386055,20.416758676397286N,105.88875007871496E,[]
11702,Hiệp Hòa District-8829.jpeg,0.8115152306854725,21.387452551228694N,106.01365821705858E,[]
11703,Duy Tiên District-5530.jpeg,0.8115143105387688,20.677987247841468N,106.03104276580953E,[]
11704,Phu Ly City-1106.jpeg,0.8115021735429764,20.52759254233232N,105.90849504924903E,[]
11710,Long Hồ District-1048.jpeg,0.8114490881562233,10.158032704563702N,105.9345328281047E,[]
11712,Cai Lậy Town-3711.jpeg,0.8114237412810326,10.43157990866631N,106.17038356261381E,[]
11716,Tây Ninh City-616.jpeg,0.8113367706537247,11.315135838132713N,106.12375343710043E,[]
11717,Long Hồ District-5436.jpeg,0.8112914711236954,10.224058575944424N,105.9235788658741E,[]
11721,Long Hồ District-5366.jpeg,0.8112334907054901,10.222711109181553N,105.91399414892234E,[]
11722,Châu Thành District-1135.jpeg,0.8112172707915306,10.261049271068135N,106.2525996394792E,[]
11730,Sa Đéc City-2435.jpeg,0.8111575618386269,10.352956542743732N,105.73264460440373E,[]
11736,Cao Lanh City-1857.jpeg,0.8109416738152504,10.439231405218955N,105.66738562937537E,[]
11737,Thanh Liêm District-7280.jpeg,0.810927540063858,20.505691482749345N,105.89162619246228E,[]
11746,Tây Ninh City-4712.jpeg,0.810834102332592,11.39194144361659N,106.13474879227947E,[]
11749,Tây Ninh City-2337.jpeg,0.8107131198048592,11.352864907493213N,106.15536508324013E,[]
11757,Hiệp Hòa District-3506.jpeg,0.8105772435665131,21.305257078690875N,105.96881502652796E,[]
11758,Long Xuyen City-3133.jpeg,0.8105434998869896,10.378525741601193N,105.40160143985962E,[]
11760,Châu Thành District-5405.jpeg,0.8105195686221123,10.289346073088451N,106.41830829169147E,[]
11764,Go Cong Town-3822.jpeg,0.8104685619473457,10.43311847657908N,106.67311243874127E,[]
11774,Long Xuyen City-3353.jpeg,0.8101967312395573,10.38256814188981N,105.41940946379876E,[]
11777,Cao Lanh City-5156.jpeg,0.810115285217762,10.509299676888332N,105.56735826507033E,[]
11778,Tây Ninh City-483.jpeg,0.8101033270359039,11.311093437844091N,106.13337437288207E,[]
11783,Long Hồ District-7158.jpeg,0.8099652677774429,10.271219912644948N,106.0112105637188E,[]
11789,Cao Lanh City-2801.jpeg,0.809857927262783,10.456748473136297N,105.65505348857066E,[]
11791,Long Hồ District-2198.jpeg,0.8098195269703865,10.171507372192416N,106.00710282788233E,[]
11793,Long Hồ District-1062.jpeg,0.8097752928733826,10.158032704563702N,105.95370226200825E,[]
11794,Châu Thành District-10566.jpeg,0.8096591904759407,10.333812476263239N,106.36489806494536E,[]
11795,Hung Yen City-3499.jpeg,0.8096523210406303,20.70954548022658N,106.05760327405113E,[]
11798,Vĩnh Long-651.jpeg,0.8096175715327263,10.242260071062768N,105.95554391083778E,[]
11803,Tây Ninh City-545.jpeg,0.809490330517292,11.313788371369842N,106.08939295216592E,[]
11806,Bến Tre City-1867.jpeg,0.8094187825918198,10.240805073074588N,106.4241560667684E,[]
11811,Cao Lanh City-2307.jpeg,0.8092779144644737,10.447316205796186N,105.629018969094E,['944.jpeg']
11812,Châu Thành District-7833.jpeg,0.8092717230319977,10.305515674242919N,106.39502691080214E,[]
11813,Long Hồ District-1172.jpeg,0.8092561438679695,10.15938017132657N,105.95917924312353E,[]
11816,Phu Ly City-4226.jpeg,0.8091141656041145,20.59092348018912N,105.94159157800942E,[]
11819,Mỹ Tho-1830.jpeg,0.8089592307806015,10.361049672534014N,106.40397873829461E,[]
11823,Duy Tiên District-4191.jpeg,0.8089133501052856,20.656427779634885N,105.91009916242808E,[]
11827,Cao Lanh City-220.jpeg,0.8088282346725464,10.413629536724375N,105.6070951632189E,[]
11834,Phu Ly City-3751.jpeg,0.8087098747491837,20.5761013457971N,105.93007974191885E,[]
11835,Cao Lanh City-3194.jpeg,0.8087015971541405,10.466180740476403N,105.61394635255486E,[]
11837,Trà Vinh City-1200.jpeg,0.808678574860096,9.937836639750643N,106.3372378470451E,"['753.jpeg', '745.jpeg']"
11843,Cai Lậy Town-1681.jpeg,0.808502621948719,10.393850839305879N,106.08817845536257E,[]
11846,Cai Lậy Town-341.jpeg,0.8084252551198006,10.368248970811303N,106.11969041314218E,[]
11853,Mỹ Tho-2000.jpeg,0.8080945983529091,10.365092072822634N,106.30946202014958E,[]
11855,Mỹ Tho-1427.jpeg,0.808092013001442,10.354312338719653N,106.3998693157666E,[]
11856,Go Cong Town-654.jpeg,0.808073652908206,10.36035527138397N,106.65667226543519E,['846.jpeg']
11867,Long Hồ District-7661.jpeg,0.8078706860542297,10.280652179985056N,106.0112105637188E,[]
11870,Go Cong Town-495.jpeg,0.807832159101963,10.356312871095353N,106.65119220766648E,[]
11871,Mỹ Tho-3873.jpeg,0.8078247606754303,10.39743127513157N,106.39302027821981E,[]
11874,Long Hồ District-6.jpeg,0.8077569380402565,10.135125769594875N,106.0112105637188E,[]
11877,Tây Ninh City-2599.jpeg,0.8077298328280449,11.358254774544713N,106.08526969397381E,[]
11880,Mỹ Hào District-250.jpeg,0.8076738603413105,20.89211454072279N,106.12094005026037E,[]
11881,Long Hồ District-4432.jpeg,0.8076029047369957,10.202499107738472N,105.9934103750941E,[]
11882,Chau Doc City-2705.jpeg,0.8075859770178795,10.678267941112024N,105.06722649301996E,[]
11883,Cai Lậy Town-17.jpeg,0.8075452446937561,10.353426836419706N,106.12517075362561E,[]
11890,Go Cong Town-1861.jpeg,0.8073504455387592,10.39269447369291N,106.6306419910339E,[]
11892,Go Cong Town-738.jpeg,0.8073238804936409,10.361702738146843N,106.69777269870038E,[]
11893,Sa Đéc City-2928.jpeg,0.8073168247938156,10.375863477712564N,105.71346973480124E,[]
11896,Hiệp Hòa District-6377.jpeg,0.8072771281003952,21.344333614815408N,106.03246342599076E,[]
11897,Cai Lậy Town-5707.jpeg,0.8072510436177254,10.467961511263871N,106.15394254116356E,[]
11900,Go Cong Town-1142.jpeg,0.8071449659764767,10.372482472249823N,106.6758524676256E,[]
11903,Châu Thành District-5335.jpeg,0.8070839494466782,10.289346073088451N,106.32244378214718E,[]
11905,Châu Thành District-9829.jpeg,0.8070650994777679,10.321685275397387N,106.34024719106255E,[]
11906,Tam Điệp-554.jpeg,0.8070183992385864,20.123737874005545N,105.86798879787163E,[]
11910,Cao Lanh City-1494.jpeg,0.8069435283541679,10.433841538167465N,105.629018969094E,[]
11912,Duy Tiên District-115.jpeg,0.8068923056125641,20.566147506519858N,105.96481174491018E,[]
11914,Cai Lậy Town-4565.jpeg,0.8068598136305809,10.446402043057908N,106.17997415845981E,[]
11915,Mỹ Tho-1623.jpeg,0.8068433031439781,10.35835473900827N,106.33959778535524E,[]
11916,Cao Lanh City-428.jpeg,0.8068397715687752,10.41632447025012N,105.67149634297695E,[]
11918,Tây Ninh City-3656.jpeg,0.8068273738026619,11.375771842462086N,106.08939295216592E,[]
11924,Cai Lậy Town-3175.jpeg,0.8066503256559372,10.422147641326202N,106.10324939169192E,[]
11932,Trà Vinh City-1212.jpeg,0.8065077885985374,9.939184106513508N,106.31945319846783E,[]
11933,Cai Lậy Town-4864.jpeg,0.8064890131354332,10.4517919101094N,106.17586390309722E,[]
11934,Trà Vinh City-2815.jpeg,0.8064841255545616,9.987692909976882N,106.33997394682622E,[]
11936,Hiệp Hòa District-7744.jpeg,0.8064665794372559,21.36454561625914N,106.0107651079921E,[]
11938,Tây Ninh City-2863.jpeg,0.8064418584108353,11.362297174833339N,106.12237901770304E,[]
11940,Hiệp Hòa District-4159.jpeg,0.8063481748104095,21.31468934603128N,105.97460124466096E,[]
11946,Cao Lanh City-2085.jpeg,0.806269958615303,10.443273805507571N,105.6427213477659E,[]
11950,Cao Lanh City-4301.jpeg,0.8062343746423721,10.489087675445242N,105.65368325070345E,[]
11955,Tây Ninh City-4870.jpeg,0.806088887155056,11.39463637714234N,106.12237901770304E,[]
11957,Châu Thành District-10282.jpeg,0.8060583099722862,10.327075142448873N,106.39913538978261E,[]
11960,Cai Lậy Town-3936.jpeg,0.8059864602982998,10.435622308954924N,106.17997415845981E,[]
11962,Go Cong Town-2622.jpeg,0.8059479370713234,10.411559008373121N,106.63749206324476E,[]
11964,Trà Vinh City-3258.jpeg,0.8058875650167465,10.00386251113134N,106.31398099890559E,[]
11965,Long Hồ District-3731.jpeg,0.8058783710002899,10.190371906872624N,106.00299509204586E,[]
11966,Tây Ninh City-6290.jpeg,0.8058682829141617,11.422933179162715N,106.10726040433188E,[]
11968,Cai Lậy Town-1088.jpeg,0.8058555349707603,10.383071105202898N,106.16353313700955E,[]
11969,Sa Đéc City-1837.jpeg,0.8058509454131126,10.327354674249158N,105.74086240566193E,[]
11972,Cai Lậy Town-4512.jpeg,0.8057296723127365,10.446402043057908N,106.10735964705452E,[]
11975,Mỹ Tho-2573.jpeg,0.8056924864649773,10.37452434016274N,106.34781663041132E,[]
11977,Cai Lậy Town-2224.jpeg,0.8056555986404419,10.403283106645986N,106.09365879584597E,[]
11978,Mỹ Tho-3086.jpeg,0.8056550249457359,10.383956607502846N,106.32589971026175E,[]
11982,Châu Thành District-4695.jpeg,0.8056249842047691,10.28530367279983N,106.33887769806907E,[]
11983,Tam Điệp-2759.jpeg,0.8056180402636528,20.16146694336698N,105.82492639525337E,[]
11984,Bến Tre City-3223.jpeg,0.8055608496069908,10.267754408332031N,106.3707547333842E,[]
11986,Phu Ly City-237.jpeg,0.8054896965622902,20.50738054088867N,105.90273913120375E,[]
11990,Long Xuyen City-5166.jpeg,0.8054247349500656,10.427034545064602N,105.41666976780813E,[]
11991,Long Xuyen City-500.jpeg,0.805399514734745,10.320584670797679N,105.44543657570988E,[]
11996,Hiệp Hòa District-5528.jpeg,0.8053540140390396,21.333553880712092N,106.02812376239105E,[]
11997,Long Xuyen City-4201.jpeg,0.805338628590107,10.401432676570025N,105.41803961580345E,[]
11998,Long Xuyen City-3678.jpeg,0.8053352758288383,10.389305475704175N,105.41803961580345E,[]
11999,Châu Thành District-3326.jpeg,0.8053182885050774,10.277218872222601N,106.26766406240756E,[]
12000,Long Hồ District-4908.jpeg,0.8052988499403,10.21327884184145N,105.91673263947999E,[]
12006,Binh Minh Town-2208.jpeg,0.8052572384476662,10.045026007118615N,105.82005701150875E,[]
12008,Chau Doc City-1115.jpeg,0.8051759675145149,10.65131860585456N,105.03980137238248E,[]
12019,Long Hồ District-4611.jpeg,0.8049323111772537,10.206541508027088N,105.95644075256588E,[]
12022,Chau Doc City-1369.jpeg,0.804863452911377,10.655361006143185N,105.11384919810367E,[]
12023,Cai Lậy Town-2975.jpeg,0.804855227470398,10.418105241037583N,106.10187930657109E,[]
12026,Cao Lanh City-684.jpeg,0.8048351407051086,10.420366870538738N,105.67971777018008E,[]
12028,Hiệp Hòa District-7746.jpeg,0.8047634214162827,21.36454561625914N,106.01365821705858E,[]
12029,Vĩnh Long-813.jpeg,0.8047543615102768,10.244955004588519N,105.96649856499045E,[]
12030,Trà Vinh City-1395.jpeg,0.8047469034790993,9.948616373853612N,106.31534904879615E,[]
12031,Long Hồ District-4570.jpeg,0.8047431781888008,10.205194041264217N,105.9934103750941E,[]
12033,Ninh Bình-1913.jpeg,0.8047299906611443,20.265781877212163N,105.94142052027895E,[]
12034,Cai Lậy Town-206.jpeg,0.8046808317303658,10.362859103759812N,106.1347613494716E,[]
12036,Thanh Liêm District-5767.jpeg,0.8046332746744156,20.481437081016963N,105.90744481807246E,[]
12038,Tây Ninh City-4916.jpeg,0.8045698404312134,11.395983843905213N,106.0728999193974E,[]
12039,Binh Minh Town-3609.jpeg,0.8045624643564224,10.078712676190406N,105.84332067237811E,[]
12040,Hung Yen City-2977.jpeg,0.8045485243201256,20.692028412308737N,106.07200402379468E,[]
12053,Trà Vinh City-2442.jpeg,0.804310068488121,9.978260642636783N,106.32218929824893E,[]
12055,Chau Doc City-1811.jpeg,0.8043016418814659,10.663445806720416N,105.10836417397618E,[]
12061,Tây Ninh City-4541.jpeg,0.8042317219078541,11.38924651009084N,106.13474879227947E,[]
12062,Cao Lanh City-3497.jpeg,0.8042094558477402,10.47291807429077N,105.63175944482836E,[]
12065,Binh Minh Town-2032.jpeg,0.8041784316301346,10.040983606829998N,105.8570051787719E,[]
12066,Cai Lậy Town-5875.jpeg,0.8041256219148636,10.472003911552486N,106.0991391363294E,[]
12067,Duy Tiên District-2115.jpeg,0.8041043058037758,20.626783510850842N,105.97920979293177E,[]
12070,Tây Ninh City-5833.jpeg,0.8040283173322678,11.412153445059715N,106.14162088926633E,[]
12071,Chau Doc City-1044.jpeg,0.8040233142673969,10.648623672328812N,105.11247794207179E,[]
12075,Long Hồ District-9286.jpeg,0.8039392530918121,10.314338849056863N,105.97697943174823E,[]
12078,Cai Lậy Town-1338.jpeg,0.8038566410541534,10.387113505491515N,106.17449381797637E,[]
12080,Long Hồ District-7614.jpeg,0.8038403242826462,10.280652179985056N,105.9468560356141E,[]
12083,Binh Minh Town-355.jpeg,0.8037973344326019,10.001907070706721N,105.87479503708379E,[]
12085,Bến Tre City-2834.jpeg,0.8037249594926834,10.258322140991927N,106.37212399834277E,['706.jpeg']
12095,Duy Tiên District-4742.jpeg,0.8035406097769737,20.66451258021235N,105.91585838163671E,[]
12097,Thái Bình-2658.jpeg,0.8034874913282692,20.476976911378504N,106.34933126216508E,[]
12099,Mỹ Tho-1725.jpeg,0.8034430742263794,10.359702205771145N,106.36973355056092E,['581.jpeg']
12100,Thái Bình-663.jpeg,0.803420715034008,20.432510508202476N,106.35364564828656E,[]
12101,Thái Bình-2202.jpeg,0.8033796548843384,20.46484971051231N,106.36227442052956E,[]
12105,Châu Thành District-2012.jpeg,0.803281307220459,10.267786604882494N,106.37037603691932E,[]
12109,Cai Lậy Town-1065.jpeg,0.8032342046499252,10.383071105202898N,106.1320211792299E,[]
12111,Trà Vinh City-1553.jpeg,0.8031941577792168,9.954006240905096N,106.3303975975923E,[]
12116,Hung Yen City-1242.jpeg,0.8030529096722603,20.638129741792287N,106.06480364892289E,[]
12117,Phu Ly City-3485.jpeg,0.8029965050518513,20.569364011982547N,105.93007974191885E,[]
12119,Cai Lậy Town-739.jpeg,0.8029278889298439,10.377681238151407N,106.09776905120856E,[]
12128,Thái Bình-2864.jpeg,0.8026959151029587,20.482366778430144N,106.37234132147972E,[]
12130,Binh Minh Town-2417.jpeg,0.8026535883545876,10.04906840740723N,105.82553081406625E,[]
12133,Sa Đéc City-993.jpeg,0.8025937750935555,10.297710405465965N,105.74497130629103E,[]
12134,Duy Tiên District-3349.jpeg,0.8025840148329735,20.644300578768686N,105.95761272089936E,[]
12141,Tây Ninh City-265.jpeg,0.802436426281929,11.30570357079259N,106.09489062975544E,[]
12143,Tây Ninh City-1423.jpeg,0.8023768961429596,11.334000372812964N,106.13612321167683E,[]
12144,Trà Vinh City-1008.jpeg,0.8023148626089096,9.92705690564767N,106.34818224616954E,[]
12148,Long Hồ District-3028.jpeg,0.8022357001900673,10.182287106295396N,105.9153633942012E,[]
12149,Phu Ly City-3240.jpeg,0.8022243157029152,20.56397414493091N,105.92720178289618E,[]
12155,Long Hồ District-795.jpeg,0.8021139800548553,10.153990304275084N,106.01942603539176E,[]
12157,Châu Thành District-1854.jpeg,0.8020968362689018,10.266439138119624N,106.39776589678914E,[]
12158,Chau Doc City-1172.jpeg,0.8020746521651745,10.65131860585456N,105.11796296619927E,[]
12159,Tây Ninh City-3897.jpeg,0.8020620420575142,11.379814242750715N,106.07702317758954E,[]
12162,Long Xuyen City-4654.jpeg,0.8019714504480362,10.412212410673003N,105.44817627170053E,[]
12163,Tây Ninh City-4113.jpeg,0.8019698187708855,11.382509176276463N,106.14024646986898E,[]
12164,Tam Điệp-2098.jpeg,0.8019622266292572,20.15203467602662N,105.83210346235643E,[]
12166,Hiệp Hòa District-8432.jpeg,0.8018775656819344,21.37936775065121N,105.97170813559445E,[]
12167,Phu Ly City-1467.jpeg,0.8018539398908615,20.53298240938396N,105.94159157800942E,[]
12168,Sa Đéc City-28.jpeg,0.8018446490168571,10.265371203157034N,105.71757863543034E,[]
12171,Hiệp Hòa District-1613.jpeg,0.8017750196158886,21.27426534314384N,105.92686494506385E,[]
12178,Cao Lanh City-3632.jpeg,0.8016927763819695,10.47561300781652N,105.64957253710186E,[]
12180,Cai Lậy Town-6022.jpeg,0.8016811460256577,10.474698845078231N,106.11832032802134E,[]
12181,Thái Bình-410.jpeg,0.8016560487449169,20.425773174387924N,106.37521757889405E,[]
12185,Trà Vinh City-1398.jpeg,0.8014856427907944,9.948616373853612N,106.31945319846783E,[]
12196,Long Hồ District-8869.jpeg,0.8011972084641457,10.303559114953883N,105.98382565814235E,[]
12197,Cao Lanh City-3713.jpeg,0.8010929226875305,10.478307941342258N,105.58654159521102E,[]
12199,Vĩnh Long-1953.jpeg,0.801055446267128,10.263819539268725N,105.94185059314692E,[]
12200,Cai Lậy Town-6163.jpeg,0.8010387942194939,10.477393778603979N,106.1375015197133E,[]
12204,Ninh Bình-1669.jpeg,0.8009584173560143,20.257697076634713N,105.95291005650212E,[]
12207,Thanh Liêm District-408.jpeg,0.8009367026388645,20.38846187437618N,105.91751121618802E,[]
12209,Cai Lậy Town-1824.jpeg,0.8008108288049698,10.39519830606875N,106.17312373285549E,[]
12210,Hung Yen City-1567.jpeg,0.8008053824305534,20.646214542369755N,106.09792537333303E,[]
12216,Hoa Lư District-4474.jpeg,0.8007036671042442,20.301746715060293N,105.96076138955021E,[]
12217,Binh Minh Town-3714.jpeg,0.8006743118166924,10.081407609716146N,105.85563672813252E,[]
12219,Hiệp Hòa District-9656.jpeg,0.8006462156772614,21.411706952961175N,105.97460124466096E,[]
12222,Long Hồ District-4904.jpeg,0.8006021156907082,10.211931375078578N,105.99888735620941E,[]
12223,Tây Ninh City-6698.jpeg,0.8005536422133446,11.43371291326572N,106.14849298625326E,[]
12226,Châu Thành District-251.jpeg,0.8005330637097359,10.248922070202283N,106.43474220761335E,[]
12240,Châu Thành District-3757.jpeg,0.8002063632011414,10.279913805748345N,106.26492507642061E,[]
12242,Phu Ly City-4174.jpeg,0.8001551032066345,20.588228546663295N,105.94303055752071E,[]
12243,Phu Ly City-708.jpeg,0.8001264445483685,20.52085520851777N,105.90849504924903E,[]
12245,Go Cong Town-2704.jpeg,0.8000935465097427,10.412906475136N,106.66900239541475E,[]
12247,Thanh Liêm District-2793.jpeg,0.8000685572624207,20.439665611366756N,105.8729314531048E,[]
12248,Mỹ Tho-2219.jpeg,0.8000643253326416,10.367787006348378N,106.39302027821981E,[]
12256,Trà Vinh City-1898.jpeg,0.7999194338917732,9.964785975008068N,106.31808514857725E,[]
12257,Duy Tiên District-744.jpeg,0.7998600378632545,20.597139242066802N,105.95329330649288E,[]
12263,Mỹ Tho-3203.jpeg,0.7997307777404785,10.385304074265717N,106.38069201063568E,[]
12267,Cai Lậy Town-1858.jpeg,0.7996634915471077,10.39654577283162N,106.10872973217536E,[]
12269,Long Hồ District-4665.jpeg,0.7996099293231964,10.207888974789961N,105.93864056394118E,[]
12274,Trà Vinh City-1618.jpeg,0.7994569167494774,9.95535370766797N,106.39059179277687E,[]
12275,Thanh Liêm District-4724.jpeg,0.7994516547769308,20.466614946624954N,105.91319704556706E,[]
12281,Long Hồ District-7584.jpeg,0.79921043664217,10.27930471322218N,106.00847207316117E,['553.jpeg']
12282,Thái Bình-744.jpeg,0.7991875186562538,20.433857974965385N,106.38384635113702E,['461.jpeg']
12283,Ninh Bình-923.jpeg,0.7991810515522957,20.238832541953983N,105.99886820139479E,[]
12284,Hoa Lư District-1093.jpeg,0.7991524748504162,20.21146644194539N,105.96507010280283E,[]
12285,Cao Lanh City-634.jpeg,0.799151211977005,10.420366870538738N,105.6112058768205E,[]
12289,Long Xuyen City-2254.jpeg,0.7990654967725277,10.361008673683854N,105.37968387193449E,[]
12295,Trà Vinh City-1220.jpeg,0.7988637387752533,9.939184106513508N,106.3303975975923E,[]
12296,Long Hồ District-3219.jpeg,0.7988397255539894,10.184982039821136N,105.8756552811153E,[]
12301,Hiệp Hòa District-9198.jpeg,0.7987872734665871,21.396884818569102N,106.00642544439235E,[]
12304,Trà Vinh City-2149.jpeg,0.7986446768045425,9.971523308822425N,106.30714074945278E,[]
12309,Tam Điệp-676.jpeg,0.7985258102416992,20.125085340768454N,105.93975946890208E,[]
12310,Ninh Bình-1216.jpeg,0.798508059233427,20.24556987576853N,105.9945596253111E,[]
12316,Cao Lanh City-2158.jpeg,0.7983253970742226,10.444621272270446N,105.63312968269553E,[]
12317,Long Xuyen City-4522.jpeg,0.7983209043741226,10.409517477147261N,105.41256022382217E,[]
12319,Châu Thành District-4433.jpeg,0.7982976958155632,10.283956206036958N,106.28272848533595E,[]
12320,Tây Ninh City-6067.jpeg,0.798293050378561,11.417543312111215N,106.13337437288207E,[]
12321,Vĩnh Long-627.jpeg,0.7982738986611366,10.242260071062768N,105.92267994837975E,[]
12327,Mỹ Hào District-2719.jpeg,0.7981992810964584,20.9460132112393N,106.11661220911876E,[]
12329,Vĩnh Long-1334.jpeg,0.7981954291462898,10.254387271928618N,105.9021399718435E,[]
12331,Tây Ninh City-6470.jpeg,0.798163078725338,11.426975579451344N,106.11413250131875E,[]
12332,Phu Ly City-1607.jpeg,0.798161506652832,20.535677342909782N,105.89986117218109E,['110.jpeg']
12334,Cao Lanh City-1321.jpeg,0.7981340512633324,10.431146604641716N,105.6249082554924E,[]
12335,Thanh Liêm District-5567.jpeg,0.7981204837560654,20.478742147491147N,105.8945023062096E,['384.jpeg']
12336,Duy Tiên District-962.jpeg,0.7981076389551163,20.605224042644267N,105.92305740564751E,[]
12343,Cao Lanh City-810.jpeg,0.7979077845811844,10.423061804064481N,105.62216777975802E,[]
12347,Cai Lậy Town-1321.jpeg,0.7978374436497688,10.387113505491515N,106.15120237092184E,[]
12348,Châu Thành District-5788.jpeg,0.797822542488575,10.292041006614197N,106.3607895859649E,[]
12350,Cai Lậy Town-5572.jpeg,0.7978123724460602,10.465266577738122N,106.16353313700955E,[]
12353,Long Hồ District-485.jpeg,0.797738753259182,10.149947903986464N,105.99204112981529E,[]
12354,Long Hồ District-3008.jpeg,0.7977313436567783,10.182287106295396N,105.8879784886247E,[]
12355,Hiệp Hòa District-3450.jpeg,0.7977132946252823,21.303909611927963N,106.01944443519157E,[]
12364,Tây Ninh City-6456.jpeg,0.7975736707448959,11.425628112688466N,106.17323253540609E,[]
12365,Cai Lậy Town-4111.jpeg,0.7975590378046036,10.439664709243544N,106.0991391363294E,[]
12368,Thanh Liêm District-2929.jpeg,0.7975199725478888,20.441013078129664N,105.93620595554552E,[]
12369,Mỹ Tho-1148.jpeg,0.7975006923079491,10.350269938431039N,106.34781663041132E,[]
12371,Thanh Liêm District-6473.jpeg,0.7974928542971611,20.492216815120244N,105.89881647683056E,[]
12373,Long Hồ District-3547.jpeg,0.7974786311388016,10.189024440109755N,105.87839377167293E,[]
12378,Cai Lậy Town-842.jpeg,0.7974282875657082,10.379028704914282N,106.13613143459246E,[]
12386,Go Cong Town-1375.jpeg,0.7973057813942432,10.379219806064183N,106.64708216433996E,[]
12387,Long Hồ District-3793.jpeg,0.7973034866154194,10.191719373635499N,105.96054848840235E,[]
12390,Cai Lậy Town-3942.jpeg,0.797243170440197,10.435622308954924N,106.1881946691849E,['779.jpeg']
12395,Châu Thành District-2184.jpeg,0.7971806451678276,10.269134071645368N,106.31696581017323E,[]
12403,Châu Thành District-3546.jpeg,0.797026552259922,10.278566338985474N,106.27451152737501E,[]
12406,Bến Tre City-1837.jpeg,0.7969174236059189,10.240805073074588N,106.38307811801135E,[]
12408,Trà Vinh City-482.jpeg,0.7969019711017609,9.909539837730343N,106.30166854989055E,[]
12414,Cai Lậy Town-960.jpeg,0.7967523038387299,10.381723638440027N,106.09091862560427E,[]
12415,Long Xuyen City-577.jpeg,0.7967366799712181,10.321932137560555N,105.47968277559288E,[]
12416,Duy Tiên District-568.jpeg,0.7966918721795082,20.587706974726427N,105.98064959773394E,['340.jpeg']
12421,Tây Ninh City-3599.jpeg,0.7965566962957382,11.374424375699213N,106.1251278564978E,[]
12425,Cao Lanh City-3650.jpeg,0.7964762151241302,10.476960474579384N,105.59065230881261E,[]
12427,Thanh Liêm District-2174.jpeg,0.7964567095041275,20.430233344026384N,105.86861728248384E,[]
12428,Cai Lậy Town-2652.jpeg,0.7964530810713768,10.41136790722322N,106.09502888096684E,[]
12430,Cai Lậy Town-2375.jpeg,0.7964111268520355,10.405978040171728N,106.10050922145024E,[]
12433,Long Xuyen City-373.jpeg,0.7963827922940254,10.316542270509066N,105.47831292759756E,[]
12436,Tây Ninh City-1708.jpeg,0.796347126364708,11.340737706627339N,106.11413250131875E,[]
12439,Mỹ Tho-882.jpeg,0.7963059432804585,10.344880071379546N,106.40671835331334E,[]
12440,Cai Lậy Town-6267.jpeg,0.796299934387207,10.480088712129726N,106.12654083874648E,[]
12441,Binh Minh Town-4322.jpeg,0.7962671592831612,10.09892467763348N,105.8460575736569E,[]
12446,Long Hồ District-3743.jpeg,0.7961735054850578,10.190371906872624N,106.01942603539176E,[]
12448,Cao Lanh City-1461.jpeg,0.7961610332131386,10.433841538167465N,105.58380111947665E,[]
12450,Tây Ninh City-5088.jpeg,0.7961102202534676,11.398678777430964N,106.08939295216592E,[]
12452,Go Cong Town-3185.jpeg,0.7960284138098359,10.422338742476105N,106.68407255427864E,[]
12459,Long Xuyen City-5174.jpeg,0.7959485091269016,10.427034545064602N,105.4276285517707E,[]
12460,Go Cong Town-2531.jpeg,0.795936331152916,10.408864074847378N,106.66900239541475E,[]
12463,Trà Vinh City-64.jpeg,0.795755997300148,9.890675303050141N,106.36049469518458E,[]
12464,Cai Lậy Town-3608.jpeg,0.7957526221871376,10.430232441903435N,106.1224305833839E,[]
12465,Yên Mỹ District-2369.jpeg,0.7957238033413887,20.893614076835348N,105.97579889234092E,[]
12468,Chau Doc City-2972.jpeg,0.7956200316548347,10.682310341400646N,105.06311272492431E,['954.jpeg']
12472,Long Xuyen City-556.jpeg,0.7955582439899445,10.321932137560555N,105.45091596769116E,[]
12475,Hiệp Hòa District-6756.jpeg,0.7955281920731068,21.349723481867073N,106.02957031692426E,[]
12478,Tam Điệp-3524.jpeg,0.7955098859965801,20.17089921070733N,105.800524367103E,[]
12483,Cai Lậy Town-3183.jpeg,0.7954008281230927,10.422147641326202N,106.1142100726588E,[]
12484,Tam Điệp-926.jpeg,0.7953901588916779,20.130475207820087N,105.8809075186571E,[]
12486,Binh Minh Town-1097.jpeg,0.7953658029437065,10.020771605386921N,105.85426827749315E,[]
12487,Cai Lậy Town-5190.jpeg,0.7953399941325188,10.458529243923762N,106.12654083874648E,[]
12488,Trà Vinh City-2296.jpeg,0.7953144386410713,9.974218242348169N,106.35502249562234E,[]
12489,Hiệp Hòa District-6296.jpeg,0.7952957712113857,21.344333614815408N,105.91529250879789E,[]
12490,Tây Ninh City-6650.jpeg,0.7952941581606865,11.431017979739966N,106.16773485781654E,[]
12491,Long Hồ District-5862.jpeg,0.7952800914645195,10.232143376521655N,105.92768660171058E,[]
12492,Thái Bình-1054.jpeg,0.795269675552845,20.440595308779933N,106.35076939087223E,[]
12493,Hiệp Hòa District-2949.jpeg,0.7952649667859077,21.295824811350474N,106.02378409879131E,[]
12494,Chau Doc City-2718.jpeg,0.7952391877770424,10.678267941112024N,105.0850528214343E,[]
12495,Bến Tre City-1819.jpeg,0.7952018156647682,10.240805073074588N,106.3584313487571E,[]
12500,Vĩnh Long-939.jpeg,0.7951789051294327,10.24764993811426N,105.92404928014885E,[]
12503,Long Hồ District-6853.jpeg,0.7951090112328529,10.26583004559346N,105.96328697896001E,[]
12506,Châu Thành District-2086.jpeg,0.7950838655233383,10.269134071645368N,106.18275549681123E,[]
12508,Duy Tiên District-5194.jpeg,0.7950461059808731,20.67124991402691N,106.01520491298577E,[]
12510,Cao Lanh City-3000.jpeg,0.7950333133339882,10.462138340187787N,105.59202254667983E,[]
12517,Chau Doc City-4546.jpeg,0.7949597835540771,10.710607143420983N,105.10287914984868E,[]
12522,Hiệp Hòa District-1736.jpeg,0.7947989329695702,21.27561280990675N,105.98906678999342E,[]
12524,Go Cong Town-4692.jpeg,0.7947506457567215,10.458720345073662N,106.64845217878214E,[]
12528,Hiệp Hòa District-5593.jpeg,0.7946305945515633,21.334901347475004N,105.97026158106122E,[]
12529,Long Xuyen City-429.jpeg,0.7946167588233948,10.319237204034808N,105.41803961580345E,[]
12532,Trà Vinh City-738.jpeg,0.7945734933018684,9.917624638307569N,106.32492539803008E,[]
12533,Tây Ninh City-1766.jpeg,0.7945613712072372,11.342085173390213N,106.10863482372925E,[]
12535,Thái Bình-1940.jpeg,0.7945262491703033,20.45945984346067N,106.31625430190032E,[]
12536,Hiệp Hòa District-6691.jpeg,0.7945132292807102,21.349723481867073N,105.93554427226331E,[]
12539,Trà Vinh City-2053.jpeg,0.7944441363215446,9.968828375296683N,106.32492539803008E,[]
12541,Châu Thành District-3703.jpeg,0.7943598031997681,10.279913805748345N,106.19097245477215E,[]
12542,Tây Ninh City-565.jpeg,0.7943410575389862,11.313788371369842N,106.11688134011352E,[]
12543,Duy Tiên District-3925.jpeg,0.794312059879303,20.652385379346146N,105.93889525847129E,[]
12544,Châu Thành District-8173.jpeg,0.7942297868430614,10.308210607768663N,106.33750820507557E,[]
12546,Ninh Bình-822.jpeg,0.7942086458206177,20.236137608428162N,106.00748535356213E,[]
12551,Sa Đéc City-1823.jpeg,0.7941513210535049,10.327354674249158N,105.72168753605945E,[]
12552,Go Cong Town-196.jpeg,0.7941401675343513,10.345533136992373N,106.67037240985691E,[]
12566,Cai Lậy Town-1500.jpeg,0.7939666137099266,10.38980843901726N,106.17312373285549E,[]
12569,Cao Lanh City-787.jpeg,0.7938895672559738,10.423061804064481N,105.59065230881261E,[]
12572,Long Hồ District-4016.jpeg,0.7938708886504173,10.195761773924112N,105.91673263947999E,[]
12575,Trà Vinh City-1650.jpeg,0.7938446775078773,9.956701174430838N,106.35091834595066E,[]
12586,Tây Ninh City-4358.jpeg,0.7935964837670326,11.386551576565088N,106.12375343710043E,[]
12587,Tây Ninh City-823.jpeg,0.7935883030295372,11.320525705184215N,106.12237901770304E,[]
12590,Tây Ninh City-300.jpeg,0.7935265228152275,11.307051037555466N,106.07839759698689E,[]
12593,Binh Minh Town-3853.jpeg,0.7935096621513367,10.085450010004763N,105.85016292557502E,['532.jpeg']
12594,Chau Doc City-4720.jpeg,0.7935041636228561,10.71869194399822N,105.11659171016743E,[]
12596,Mỹ Hào District-32.jpeg,0.7934676930308342,20.87998733985658N,106.0877599348412E,[]
12601,Duy Tiên District-2479.jpeg,0.7934191152453423,20.632173377902483N,105.95329330649288E,[]
12603,Cai Lậy Town-171.jpeg,0.7933439239859581,10.361511636996939N,106.1320211792299E,[]
12606,Long Hồ District-8660.jpeg,0.7932379320263863,10.299516714665266N,105.96739471479646E,[]
12608,Trà Vinh City-617.jpeg,0.793180413544178,9.913582238018956N,106.31945319846783E,[]
12609,Long Hồ District-2323.jpeg,0.7931719794869423,10.172854838955288N,106.02353377122823E,[]
12611,Long Hồ District-4782.jpeg,0.7931534349918365,10.210583908315703N,105.91947113003765E,[]
12617,Tây Ninh City-249.jpeg,0.7930509299039841,11.304356104029715N,106.13749763107424E,['982.jpeg']
12620,Long Xuyen City-3984.jpeg,0.7930089607834816,10.396042809518535N,105.43036824776134E,[]
12621,Go Cong Town-2866.jpeg,0.7929841428995132,10.416948875424618N,106.62927197659172E,[]
12622,Cai Lậy Town-4282.jpeg,0.792977511882782,10.442359642769288N,106.11558015777963E,[]
12628,Tây Ninh City-4348.jpeg,0.7928242087364197,11.386551576565088N,106.11000924312664E,[]
12629,Châu Thành District-4811.jpeg,0.7928177416324615,10.286651139562707N,106.1964504267461E,[]
12630,Bến Tre City-3212.jpeg,0.7928122580051422,10.267754408332031N,106.35569281883996E,[]
12631,Cao Lanh City-4877.jpeg,0.7928064614534378,10.501214876311098N,105.60161421175015E,[]
12632,Thái Bình-1699.jpeg,0.7928005307912827,20.454069976409034N,106.31625430190032E,[]
12633,Tam Điệp-1004.jpeg,0.7927988693118095,20.131822674582992N,105.88951999918079E,[]
12634,Long Xuyen City-2092.jpeg,0.7927785851061344,10.356966273395233N,105.4084506798362E,[]
12635,Mỹ Hào District-2115.jpeg,0.7926816642284393,20.936580943898907N,106.09641561712445E,[]
12638,Thanh Liêm District-7078.jpeg,0.7926452681422234,20.501649082460613N,105.96352903614492E,['364.jpeg']
12640,Thanh Liêm District-2127.jpeg,0.7926226481795311,20.42888587726348N,105.9247015005563E,[]
12642,Châu Thành District-5152.jpeg,0.7925699651241302,10.28799860632558N,106.36626755793885E,[]
12645,Duy Tiên District-2953.jpeg,0.7924058884382248,20.638910711717042N,105.9561729160972E,[]
12646,Duy Tiên District-2930.jpeg,0.7923762612044811,20.638910711717042N,105.92305740564751E,[]
12647,Trà Vinh City-629.jpeg,0.7923720590770245,9.913582238018956N,106.3358697971545E,[]
12652,Long Hồ District-5047.jpeg,0.7922466993331909,10.21597377536719N,105.92768660171058E,[]
12654,Binh Minh Town-443.jpeg,0.7922447100281715,10.004602004232465N,105.86658433324753E,[]
12659,Bac Giang City-105.jpeg,0.7921082228422165,21.229496007017502N,106.19672993415931E,[]
12660,Phu Ly City-2931.jpeg,0.7920376658439636,20.558584277879262N,105.90130015169242E,[]
12664,Thái Bình-1320.jpeg,0.7919388115406036,20.445985175831574N,106.34214061862926E,[]
12665,Sa Đéc City-2938.jpeg,0.7919378951191902,10.375863477712564N,105.72716607023159E,[]
12683,Hoa Lư District-1007.jpeg,0.7916103079915047,20.210118975182482N,105.93778158553636E,[]
12686,Go Cong Town-1086.jpeg,0.7915819436311722,10.371135005486948N,106.66763238097258E,[]
12687,Long Xuyen City-4972.jpeg,0.7915664836764336,10.421644678013113N,105.39886174386898E,[]
12688,Cai Lậy Town-2664.jpeg,0.7915574759244919,10.41136790722322N,106.11146990241708E,[]
12689,Hoa Lư District-376.jpeg,0.791497603058815,20.19664430755339N,105.93203663453288E,[]
12695,Vĩnh Long-1049.jpeg,0.7914234176278114,10.24899740487713N,105.96649856499045E,[]
12697,Hiệp Hòa District-5398.jpeg,0.7913936302065849,21.332206413949176N,105.99051334452666E,[]
12701,Sa Đéc City-1126.jpeg,0.7912670252844691,10.301752805754587N,105.75729800817835E,[]
12709,Mỹ Tho-2965.jpeg,0.7911502122879028,10.381261673977102N,106.36836374305156E,[]
12715,Cai Lậy Town-1336.jpeg,0.7910390943288803,10.387113505491515N,106.17175364773465E,[]
12730,Go Cong Town-4020.jpeg,0.7907196655869484,10.4371608768677N,106.61968187549651E,[]
12732,Mỹ Tho-1113.jpeg,0.7906493777409196,10.348922471668164N,106.40945796833202E,['840.jpeg']
12733,Ninh Bình-1177.jpeg,0.7906444109976292,20.244222409005623N,106.02328346586901E,[]
12736,Long Hồ District-5441.jpeg,0.7905784696340561,10.224058575944424N,105.93042509226822E,[]
12738,Mỹ Tho-2563.jpeg,0.7905760183930397,10.37452434016274N,106.33411855531787E,[]
12742,Vĩnh Long-1613.jpeg,0.7905629053711891,10.258429672217233N,105.93226527076335E,[]
12752,Bac Giang City-752.jpeg,0.7903632074594498,21.25509787551288N,106.1923920623009E,[]
12753,Hiệp Hòa District-8460.jpeg,0.7903580367565155,21.37936775065121N,106.01221166252535E,[]
12755,Long Hồ District-5855.jpeg,0.7902719229459763,10.232143376521655N,105.9181018847588E,[]
12761,Go Cong Town-3267.jpeg,0.7901525795459747,10.423686209238976N,106.68681258316299E,[]
12763,Trà Vinh City-2659.jpeg,0.7900783233344555,9.983650509688271N,106.32355734813949E,[]
12766,Mỹ Tho-3037.jpeg,0.7900386080145836,10.382609140739975N,106.36288451301418E,[]
12767,Cao Lanh City-5114.jpeg,0.790022149682045,10.507952210125461N,105.56187731360156E,[]
12768,Go Cong Town-637.jpeg,0.7900082170963287,10.359007804621099N,106.70599278535342E,[]
12770,Tây Ninh City-6689.jpeg,0.7899852693080902,11.43371291326572N,106.11413250131875E,[]
12771,Long Hồ District-5978.jpeg,0.7899817898869514,10.234838310047401N,105.92220962059528E,[]
12773,Thanh Liêm District-7011.jpeg,0.7899645939469337,20.50030161569771N,105.98366183237607E,[]
12775,Go Cong Town-3040.jpeg,0.7898520268499851,10.419643808950358N,106.68270253983648E,[]
12776,Long Xuyen City-366.jpeg,0.7898203805088997,10.316542270509066N,105.46872399163031E,[]
12777,Châu Thành District-1795.jpeg,0.7898043394088745,10.266439138119624N,106.26903355540104E,[]
12778,Trà Vinh City-1965.jpeg,0.7897943928837776,9.96613344177094N,106.34271004660732E,[]
12779,Cai Lậy Town-981.jpeg,0.7897880971431732,10.381723638440027N,106.11969041314218E,[]
12788,Cai Lậy Town-778.jpeg,0.7895916104316711,10.377681238151407N,106.15120237092184E,[]
12789,Thanh Liêm District-560.jpeg,0.7895497232675552,20.395199208190725N,105.9160731593144E,[]
12790,Mỹ Hào District-166.jpeg,0.7895464524626732,20.889419607196963N,106.08054686627182E,[]
12793,Duy Tiên District-5491.jpeg,0.789453998208046,20.677987247841468N,105.94321467287777E,[]
12797,Cao Lanh City-761.jpeg,0.7894301041960716,10.421714337301607N,105.67012610510976E,[]
12798,Go Cong Town-700.jpeg,0.7893551960587502,10.361702738146843N,106.6457121498978E,[]
12801,Chau Doc City-3779.jpeg,0.7893018573522568,10.694437542266506N,105.12207673429492E,[]
12804,Binh Minh Town-4320.jpeg,0.7892923429608345,10.09892467763348N,105.84332067237811E,[]
12805,Tây Ninh City-2854.jpeg,0.7892616018652916,11.362297174833339N,106.11000924312664E,['972.jpeg']
12806,Binh Minh Town-4240.jpeg,0.7892054542899132,10.096229744107738N,105.85016292557502E,[]
12808,Mỹ Tho-3008.jpeg,0.7891185432672501,10.382609140739975N,106.32316009524305E,[]
12812,Yên Mỹ District-3980.jpeg,0.7890285048633814,20.92325834561943N,105.98301049919701E,[]
12814,Tây Ninh City-6561.jpeg,0.7890243083238602,11.428323046214217N,106.16773485781654E,[]
12823,Châu Thành District-5319.jpeg,0.7889409139752388,10.289346073088451N,106.30053189425135E,[]
12825,Cai Lậy Town-3283.jpeg,0.7887795343995094,10.423495108089071N,106.1525724560427E,[]
12826,Hiệp Hòa District-167.jpeg,0.7887697275727987,21.23518880701932N,105.94567015399605E,['166.jpeg']
12828,Ninh Bình-1671.jpeg,0.7886662278324366,20.257697076634713N,105.9557824405579E,[]
12832,Châu Thành District-3601.jpeg,0.7885492071509361,10.278566338985474N,106.35257262800394E,[]
12846,Go Cong Town-4167.jpeg,0.7882124558091164,10.43985581039345N,106.62790196214955E,[]
12848,Long Hồ District-653.jpeg,0.7881681844592094,10.15264283751221N,105.9345328281047E,[]
12850,Cai Lậy Town-1198.jpeg,0.7881560549139977,10.385766038728642N,106.09502888096684E,[]
12852,Duy Tiên District-4705.jpeg,0.7881542593240738,20.66316511344944N,106.00656608417283E,[]
12855,Duy Tiên District-5999.jpeg,0.7880518063902855,20.698199249285135N,106.00656608417283E,[]
12859,Long Hồ District-5579.jpeg,0.7879977598786354,10.226753509470168N,105.93590207338352E,[]
12860,Châu Thành District-2684.jpeg,0.7879638522863388,10.273176471933986N,106.22931825858986E,[]
12861,Long Hồ District-2600.jpeg,0.7879617363214493,10.176897239243907N,105.94000980922003E,[]
12862,Thái Bình-1792.jpeg,0.7879545241594315,20.455417443171942N,106.36227442052956E,[]
12863,Long Hồ District-7148.jpeg,0.7879506647586823,10.271219912644948N,105.99751811093057E,[]
12864,Trà Vinh City-35.jpeg,0.787920393049717,9.889327836287272N,106.35502249562234E,[]
12865,Cao Lanh City-2875.jpeg,0.7878904715180397,10.459443406662043N,105.58517135734382E,[]
12872,Tây Ninh City-2288.jpeg,0.7877428904175758,11.352864907493213N,106.08801853276857E,[]
12873,Tây Ninh City-1649.jpeg,0.7877154499292374,11.339390239864464N,106.11688134011352E,[]
12874,Chau Doc City-3993.jpeg,0.7877011708915234,10.698479942555121N,105.1015078938168E,[]
12878,Cao Lanh City-1210.jpeg,0.7876196876168251,10.429799137878842N,105.58928207094542E,[]
12879,Châu Thành District-5905.jpeg,0.7875684797763824,10.293388473377066N,106.23479623056382E,[]
12880,Sa Đéc City-2940.jpeg,0.7875532507896423,10.375863477712564N,105.72990533731766E,[]
12882,Cao Lanh City-3177.jpeg,0.7875307723879814,10.466180740476403N,105.59065230881261E,[]
12890,Duy Tiên District-3207.jpeg,0.7873729690909386,20.642953112005777N,105.89570111440646E,[]
12893,Hiệp Hòa District-7031.jpeg,0.7872897163033485,21.353765882155816N,106.0078719989256E,[]
12896,Long Hồ District-3507.jpeg,0.787248507142067,10.18767697334688N,105.97287169591176E,[]
12898,Duy Tiên District-5480.jpeg,0.7872200198471546,20.677987247841468N,105.927376820054E,[]
12899,Cai Lậy Town-2778.jpeg,0.7872172892093658,10.41271537398609N,106.17586390309722E,[]
12907,Châu Thành District-5329.jpeg,0.7870701849460602,10.289346073088451N,106.31422682418624E,[]
12908,Binh Minh Town-1959.jpeg,0.7870518043637276,10.039636140067126N,105.84879447493567E,[]
12916,Cao Lanh City-4619.jpeg,0.7868716195225716,10.495825009259605N,105.61805706615645E,[]
12917,Cao Lanh City-2630.jpeg,0.7867912501096725,10.454053539610552N,105.59339278454698E,[]
12919,Long Hồ District-1107.jpeg,0.786659263074398,10.158032704563702N,106.02490301650705E,[]
12927,Chau Doc City-2910.jpeg,0.7864898666739464,10.680962874637771N,105.1015078938168E,[]
12928,Go Cong Town-3276.jpeg,0.7864327877759933,10.423686209238976N,106.69914271314256E,[]
12931,Cai Lậy Town-817.jpeg,0.7862907275557518,10.379028704914282N,106.10187930657109E,[]
12932,Mỹ Tho-3990.jpeg,0.7862560749053955,10.40147367542019N,106.38480143316373E,[]
12934,Long Hồ District-1814.jpeg,0.7862272933125496,10.167464971903803N,105.94274829977763E,[]
12937,Thái Bình-281.jpeg,0.7861356064677238,20.420383307336287N,106.34933126216508E,[]
12938,Thanh Liêm District-1746.jpeg,0.7861344441771507,20.423496010211835N,105.85998894124191E,[]
12940,Long Hồ District-836.jpeg,0.7861264869570732,10.155337771037951N,105.91947113003765E,[]
12941,Long Xuyen City-424.jpeg,0.7861150428652763,10.317889737271937N,105.4810526235882E,[]
12944,Duy Tiên District-3582.jpeg,0.7860360071063042,20.64699551229451N,106.01088549857933E,[]
12945,Long Hồ District-7631.jpeg,0.7860179021954536,10.280652179985056N,105.9701332053541E,[]
12946,Hoa Lư District-650.jpeg,0.7860134216025472,20.202034174605032N,105.97943248031149E,[]
12949,Thanh Liêm District-4434.jpeg,0.7859450131654739,20.46257254633622N,105.89881647683056E,[]
12954,Tây Ninh City-2473.jpeg,0.7858560457825661,11.355559841018964N,106.12925111468995E,[]
12955,Thái Bình-1268.jpeg,0.785848893225193,20.444637709068665N,106.36515067794389E,[]
12956,Trà Vinh City-2761.jpeg,0.7858479730784893,9.986345443214013N,106.3303975975923E,[]
12959,Go Cong Town-4922.jpeg,0.7858316525816917,10.473542479465264N,106.65256222210868E,[]
12966,Binh Minh Town-2702.jpeg,0.7857189700007439,10.054458274458714N,105.8460575736569E,[]
12968,Bac Giang City-242.jpeg,0.78566724807024,21.238928274357896N,106.1996218487316E,[]
12982,Long Hồ District-2894.jpeg,0.7854871302843094,10.18093963953252N,105.8825015075094E,[]
12985,Long Hồ District-8488.jpeg,0.7854451686143875,10.295474314376653N,106.02079528067058E,[]
12986,Cai Lậy Town-124.jpeg,0.7854127585887909,10.36016417023407N,106.11009981729622E,[]
12987,Hung Yen City-1460.jpeg,0.7853946574032307,20.643519608843928N,106.08784484851255E,[]
12989,Hiệp Hòa District-5730.jpeg,0.7853506878018379,21.336248814237923N,106.01510477159182E,[]
12990,Châu Thành District-634.jpeg,0.7853160053491592,10.255659404016646N,106.24575217451175E,[]
12995,Hiệp Hòa District-6910.jpeg,0.7852301467210054,21.3524184153929N,105.97315469012771E,[]
13000,Trà Vinh City-1171.jpeg,0.7850644513964653,9.936489172987768N,106.33176564748287E,[]
13003,Vĩnh Long-542.jpeg,0.7850118577480316,10.239565137537028N,105.98566920975762E,[]
13005,Châu Thành District-347.jpeg,0.7850045934319496,10.25161700372803N,106.2238402866159E,[]
13006,Hiệp Hòa District-7370.jpeg,0.7849918641149998,21.359155749207478N,105.96013569932848E,[]
13007,Tây Ninh City-6323.jpeg,0.7849858403205872,11.422933179162715N,106.15261624444537E,[]
13008,Cai Lậy Town-3050.jpeg,0.7849453464150429,10.419452707800456N,106.1224305833839E,[]
13010,Hiệp Hòa District-3707.jpeg,0.7849194444715977,21.307952012216713N,105.99051334452666E,[]
13011,Long Hồ District-9058.jpeg,0.7849193066358566,10.307601515242501N,106.00299509204586E,[]
13019,Cai Lậy Town-6067.jpeg,0.7847470305860043,10.474698845078231N,106.17997415845981E,[]
13020,Hoa Lư District-5011.jpeg,0.7847384959459305,20.316568849452285N,105.94496277429069E,[]
13021,Hiệp Hòa District-1356.jpeg,0.7847266420722008,21.268875476092177N,106.00497888985912E,['175.jpeg']
13024,Yên Mỹ District-2305.jpeg,0.784676231443882,20.89226661007244N,106.00031835565159E,[]
13026,Thái Bình-3261.jpeg,0.78462690487504,20.497188912822157N,106.35796003440808E,[]
13027,Châu Thành District-8390.jpeg,0.7846201322972775,10.309558074531536N,106.37722350188677E,[]
13028,Long Xuyen City-17.jpeg,0.7845721617341042,10.304415069643213N,105.44817627170053E,[]
13029,Mỹ Hào District-3340.jpeg,0.7845439650118351,20.955445478579687N,106.1310383462575E,[]
13033,Cai Lậy Town-629.jpeg,0.7844231054186821,10.374986304625663N,106.14161177507587E,[]
13043,Phu Ly City-3691.jpeg,0.7841847948729992,20.574753879034187N,105.9214458648509E,[]
13052,Hoa Lư District-1191.jpeg,0.7840117327868938,20.214161375471203N,105.93060039678204E,[]
13055,Thanh Liêm District-5679.jpeg,0.7839585691690445,20.48008961425405N,105.91751121618802E,[]
13058,Mỹ Tho-2634.jpeg,0.7838447764515877,10.37587180692561N,106.3272695177711E,[]
13061,Cao Lanh City-2182.jpeg,0.7837501391768456,10.444621272270446N,105.6660153915082E,[]
13064,Mỹ Tho-3302.jpeg,0.7836173847317696,10.386651541028591N,106.40945796833202E,[]
13069,Thái Bình-2619.jpeg,0.7834561914205551,20.475629444615592N,106.36371254923672E,[]
13075,Thanh Liêm District-26.jpeg,0.7833961416035891,20.366902406169626N,105.92613955742995E,[]
13078,Duy Tiên District-2653.jpeg,0.7832994908094406,20.63486831142831N,105.93169623446049E,[]
13080,Mỹ Tho-1926.jpeg,0.7832947969436646,10.36374460605976N,106.31631105769634E,[]
13084,Go Cong Town-4.jpeg,0.7832568883895874,10.336100869652268N,106.65530225099302E,[]
13087,Chau Doc City-4997.jpeg,0.7832028418779373,10.755073546595801N,105.10013663778491E,[]
13096,Tây Ninh City-2756.jpeg,0.7829155027866364,11.360949708070462N,106.08389527457642E,[]
13100,Binh Minh Town-2811.jpeg,0.7828338071703911,10.057153207984456N,105.84468912301752E,[]
13112,Cai Lậy Town-6051.jpeg,0.7825218513607979,10.474698845078231N,106.15805279652612E,[]
13118,Vĩnh Long-341.jpeg,0.782445877790451,10.23552273724841N,105.92404928014885E,[]
13126,Cai Lậy Town-2657.jpeg,0.7822918482124805,10.41136790722322N,106.10187930657109E,[]
13129,Ninh Bình-1030.jpeg,0.7822102420032024,20.241527475479803N,105.98307008908792E,[]
13130,Yên Mỹ District-1053.jpeg,0.7821740582585335,20.87205460862875N,105.97724121371212E,[]
13133,Long Hồ District-3842.jpeg,0.7821550518274307,10.193066840398368N,105.90167094141292E,[]
13134,Bến Tre City-2928.jpeg,0.7821432054042816,10.26101707451767N,106.32419972479286E,[]
13139,Long Hồ District-4313.jpeg,0.7820882350206375,10.201151640975601N,105.92631735643175E,[]
13140,Long Xuyen City-2343.jpeg,0.7820691242814064,10.362356140446725N,105.41803961580345E,[]
13141,Phu Ly City-158.jpeg,0.7820483967661858,20.50333814059993N,105.89554423364714E,['386.jpeg']
13142,Châu Thành District-3102.jpeg,0.7820134460926056,10.275871405459727N,106.24986065349223E,[]
13144,Châu Thành District-7919.jpeg,0.7819506302475929,10.306863141005792N,106.24986065349223E,[]
13146,Long Xuyen City-2263.jpeg,0.7819173559546471,10.361008673683854N,105.39886174386898E,[]
13148,Long Xuyen City-3097.jpeg,0.7818739488720894,10.377178274838322N,105.44543657570988E,['486.jpeg']
13152,Long Xuyen City-1886.jpeg,0.7818134874105453,10.351576406343744N,105.44817627170053E,[]
13153,Vĩnh Long-1104.jpeg,0.7817737758159637,10.250344871640005N,105.93089593899424E,[]
13159,Thanh Liêm District-4050.jpeg,0.7816896736621857,20.457182679284582N,105.88587396496767E,[]
13162,Mỹ Hào District-3527.jpeg,0.7816741783171892,20.959487878868423N,106.05890766056366E,[]
13165,Long Hồ District-4026.jpeg,0.7816025093197823,10.195761773924112N,105.93042509226822E,[]
13167,Cai Lậy Town-3704.jpeg,0.7815865874290466,10.43157990866631N,106.16079296676783E,[]
13168,Bac Giang City-1952.jpeg,0.7815861105918884,21.28204721077117N,106.14322951457228E,[]
13169,Sa Đéc City-270.jpeg,0.7815776392817497,10.274803470497138N,105.74223203920499E,[]
13172,Bến Tre City-416.jpeg,0.7815703898668289,10.208465870765659N,106.39540150263845E,[]
13173,Cai Lậy Town-5058.jpeg,0.7815641909837723,10.455834310398014N,106.14161177507587E,[]
13176,Vĩnh Long-1672.jpeg,0.7815057188272476,10.259777138980107N,105.89392398122901E,[]
13177,Duy Tiên District-5844.jpeg,0.7814862839877605,20.69011444870766N,106.00080686496418E,[]
13179,Cao Lanh City-476.jpeg,0.7814822047948837,10.417671937012992N,105.62353801762521E,[]
13181,Cao Lanh City-2431.jpeg,0.7813906967639923,10.450011139321935N,105.60298444961734E,[]
13185,Go Cong Town-4039.jpeg,0.7812657430768013,10.4371608768677N,106.6457121498978E,[]
13192,Duy Tiên District-3704.jpeg,0.7810923606157303,20.649690445820323N,105.90433994321943E,['325.jpeg']
13195,Trà Vinh City-1760.jpeg,0.7810793444514275,9.960743574719457N,106.32082124835837E,[]
13201,Hoa Lư District-3191.jpeg,0.7809831202030182,20.274797379802106N,105.92772792128032E,[]
13202,Trà Vinh City-915.jpeg,0.7809219136834145,9.923014505359054N,106.35365444573176E,[]
13204,Tây Ninh City-4083.jpeg,0.7808870859444141,11.382509176276463N,106.0990138879476E,[]
13209,Tây Ninh City-1982.jpeg,0.7807833030819893,11.346127573678837N,106.14024646986898E,[]
13210,Hiệp Hòa District-6750.jpeg,0.780771654099226,21.349723481867073N,106.0208909897248E,[]
13214,Cai Lậy Town-4992.jpeg,0.78070118278265,10.454486843635143N,106.15120237092184E,[]
13215,Tây Ninh City-3090.jpeg,0.780674159526825,11.366339575121964N,106.10726040433188E,[]
13219,Duy Tiên District-2658.jpeg,0.7805351912975311,20.63486831142831N,105.93889525847129E,[]
13224,Long Xuyen City-343.jpeg,0.7803969085216522,10.316542270509066N,105.43721748773795E,[]
13226,Sa Đéc City-1721.jpeg,0.780360758304596,10.323312273960541N,105.73264460440373E,[]
13228,Cai Lậy Town-686.jpeg,0.7803276628255844,10.376333771388534N,106.1224305833839E,[]
13231,Long Xuyen City-418.jpeg,0.7803014144301414,10.317889737271937N,105.47283353561627E,[]
13235,Yên Mỹ District-715.jpeg,0.780193641781807,20.86531727481419N,105.98301049919701E,[]
13239,Long Hồ District-228.jpeg,0.7801405414938927,10.14455803693498N,106.02353377122823E,[]
13240,Tây Ninh City-2319.jpeg,0.7801098376512527,11.352864907493213N,106.13062553408732E,[]
13241,Long Hồ District-731.jpeg,0.7801019847393036,10.153990304275084N,105.90988641308587E,[]
13246,Long Hồ District-4682.jpeg,0.7800385057926178,10.207888974789961N,105.96191773368116E,['561.jpeg']
13248,Trà Vinh City-965.jpeg,0.780022457242012,9.925709438884796N,106.32629344792062E,[]
13249,Duy Tiên District-2846.jpeg,0.7799949645996094,20.63756324495413N,105.94321467287777E,[]
13254,Long Hồ District-6177.jpeg,0.7798939868807793,10.240228177098889N,105.9345328281047E,[]
13256,Thanh Liêm District-2691.jpeg,0.7798159271478653,20.43831814460384N,105.8542367137473E,[]
13259,Long Hồ District-2054.jpeg,0.779687225818634,10.170159905429546N,105.96465622423881E,[]
13260,Sa Đéc City-2600.jpeg,0.7796764373779297,10.359693876558092N,105.72442680314552E,[]
13275,Duy Tiên District-1630.jpeg,0.7793814837932587,20.62004617703629N,105.95185350169072E,[]
13276,Hiệp Hòa District-5218.jpeg,0.7793389074504375,21.329511480423346N,106.02523065332454E,[]
13282,Thái Bình-1586.jpeg,0.7792599871754646,20.451375042883214N,106.34070248992211E,['100.jpeg']
13286,Châu Thành District-4501.jpeg,0.7792244032025337,10.283956206036958N,106.37585400889328E,[]
13289,Duy Tiên District-1903.jpeg,0.7791653573513031,20.624088577325022N,105.9460942824821E,[]
13290,Duy Tiên District-5092.jpeg,0.7791594341397285,20.669902447263993N,105.9417748680756E,[]
13295,Cai Lậy Town-2936.jpeg,0.7790271118283272,10.416757774274714N,106.12928100898819E,[]
13296,Thanh Liêm District-2549.jpeg,0.779004842042923,20.435623211078017N,105.90313064745148E,[]
13299,Thanh Liêm District-1120.jpeg,0.7790002599358559,20.410021342582734N,105.92613955742995E,[]
13300,Long Xuyen City-2646.jpeg,0.7789768874645233,10.369093474261087N,105.37146478396255E,[]
13301,Long Xuyen City-3626.jpeg,0.7789019346237183,10.387958008941302N,105.43036824776134E,[]
13307,Go Cong Town-3170.jpeg,0.7787358164787292,10.422338742476105N,106.66352233764604E,[]
13310,Duy Tiên District-5115.jpeg,0.7786429710686207,20.669902447263993N,106.00368647456851E,[]
13311,Hiệp Hòa District-7935.jpeg,0.7786422744393349,21.368588016547882N,105.96158225386175E,[]
13314,Tam Điệp-1269.jpeg,0.778627036139369,20.13721254163463N,105.86224714418918E,[]
13316,Hoa Lư District-4734.jpeg,0.7786046341061592,20.308484048874835N,105.94639901204157E,[]
13320,Long Xuyen City-3676.jpeg,0.7785486429929733,10.389305475704175N,105.41529991981282E,[]
13330,Mỹ Tho-1983.jpeg,0.7784248515963554,10.36374460605976N,106.3943900857292E,[]
13332,Bến Tre City-2959.jpeg,0.7783862873911858,10.26101707451767N,106.36664693850851E,[]
13338,Trà Vinh City-1662.jpeg,0.7782514430582523,9.958048641193713N,106.30850879934333E,[]
13348,Chau Doc City-4752.jpeg,0.7780422493815422,10.721386877523969N,105.11384919810367E,[]
13350,Bến Tre City-580.jpeg,0.7779876813292503,10.213855737817145N,106.36664693850851E,[]
13359,Long Xuyen City-396.jpeg,0.7777846679091454,10.317889737271937N,105.44269687971922E,[]
13368,Tây Ninh City-6532.jpeg,0.7774849608540535,11.428323046214217N,106.12237901770304E,[]
13371,Châu Thành District-7632.jpeg,0.7774039879441261,10.304168207480046N,106.38544045984771E,[]
13373,Chau Doc City-1675.jpeg,0.7773539125919342,10.662098339957547N,105.0288313241275E,[]
13375,Thanh Liêm District-6138.jpeg,0.7773089781403542,20.4868269480686N,105.91319704556706E,[]
13387,Mỹ Tho-2325.jpeg,0.7770829200744629,10.37048193987412N,106.32316009524305E,[]
13390,Cai Lậy Town-1752.jpeg,0.7770346328616142,10.393850839305879N,106.1854544989432E,[]
13391,Cao Lanh City-2518.jpeg,0.7770261690020561,10.45135860608481N,105.6262784933596E,[]
13395,Long Hồ District-5898.jpeg,0.7769216299057007,10.232143376521655N,106.00299509204586E,[]
13396,Long Hồ District-4106.jpeg,0.7769191488623619,10.197109240686984N,105.93727131866235E,[]
13405,Long Hồ District-1280.jpeg,0.776652954518795,10.16072763808944N,105.96602546951763E,[]
13406,Ninh Bình-1035.jpeg,0.7766509018838406,20.241527475479803N,105.99025104922738E,[]
13409,Duy Tiên District-5231.jpeg,0.7765428423881531,20.672597380789824N,105.94033506327347E,[]
13410,Cai Lậy Town-4043.jpeg,0.7765343114733696,10.43831724248067N,106.11558015777963E,[]
13411,Cai Lậy Town-675.jpeg,0.7765163369476795,10.376333771388534N,106.10735964705452E,[]
13413,Châu Thành District-6148.jpeg,0.7764766365289688,10.294735940139942N,106.28409797832946E,[]
13414,Tây Ninh City-1232.jpeg,0.7764544859528542,11.329957972524337N,106.12787669529254E,[]
13421,Thanh Liêm District-3680.jpeg,0.7763641178607941,20.45179281223294N,105.91032093181974E,[]
13425,Vĩnh Long-1307.jpeg,0.7763268277049065,10.253039805165749N,105.9801918826813E,[]
13426,Long Hồ District-1960.jpeg,0.7762920074164867,10.168812438666674N,105.98930263925763E,[]
13428,Chau Doc City-986.jpeg,0.7761699669063091,10.64727620556594N,105.11522045413554E,[]
13430,Tây Ninh City-2907.jpeg,0.7761476933956146,11.363644641596215N,106.07564875819214E,[]
13432,Long Xuyen City-1116.jpeg,0.7761019319295883,10.334059338426403N,105.47283353561627E,[]
13437,Go Cong Town-1259.jpeg,0.7760457843542099,10.375177405775567N,106.69777269870038E,[]
13446,Vĩnh Long-1375.jpeg,0.775877583771944,10.254387271928618N,105.95828257437594E,[]
13447,Duy Tiên District-2465.jpeg,0.7758564129471779,20.632173377902483N,105.93313603926266E,[]
13448,Cao Lanh City-2956.jpeg,0.7758150920271873,10.460790873424916N,105.61257611468767E,[]
13450,Tây Ninh City-517.jpeg,0.7757539227604866,11.312440904606968N,106.11413250131875E,[]
13456,Trà Vinh City-599.jpeg,0.7757167220115662,9.912234771256085N,106.3495502960601E,[]
13457,Long Hồ District-3830.jpeg,0.7756972759962082,10.191719373635499N,106.0112105637188E,['570.jpeg']
13463,Bến Tre City-1345.jpeg,0.7755337953567505,10.231372805734486N,106.41594047701699E,[]
13476,Tây Ninh City-859.jpeg,0.7752135396003723,11.32187317194709N,106.09489062975544E,[]
13477,Phu Ly City-4088.jpeg,0.7751547619700432,20.585533613137486N,105.9200068853396E,[]
13480,Cai Lậy Town-4078.jpeg,0.7751189731061459,10.43831724248067N,106.16353313700955E,[]
13483,Châu Thành District-734.jpeg,0.7750736325979233,10.257006870779517N,106.23205724457684E,[]
13484,Long Xuyen City-3456.jpeg,0.775039916858077,10.385263075415558N,105.37420447995319E,[]
13486,Tây Ninh City-6161.jpeg,0.7750158533453941,11.418890778874088N,106.18010463239294E,[]
13491,Tây Ninh City-4258.jpeg,0.7749031707644463,11.385204109802213N,106.10451156553712E,[]
13493,Hiệp Hòa District-9606.jpeg,0.7748556938022375,21.40901201943534N,105.9847271263937E,[]
13494,Long Hồ District-6401.jpeg,0.7748454660177231,10.248312977676123N,106.00573358260351E,[]
13503,Go Cong Town-363.jpeg,0.7746288925409317,10.350923004043862N,106.70051272758474E,[]
13517,Long Hồ District-2242.jpeg,0.774298831820488,10.172854838955288N,105.91262490364353E,[]
13519,Cao Lanh City-1944.jpeg,0.7742806151509285,10.440578871981824N,105.67286658084413E,[]
13525,Long Hồ District-6916.jpeg,0.7740995585918427,10.267177512356332N,105.95917924312353E,[]
13526,Long Hồ District-6484.jpeg,0.7740826904773712,10.253702844727611N,105.99751811093057E,[]
13527,Cai Lậy Town-770.jpeg,0.774049662053585,10.377681238151407N,106.14024168995502E,[]
13530,Yên Mỹ District-568.jpeg,0.7739347964525223,20.861274874525453N,106.01906853347737E,[]
13533,Châu Thành District-7121.jpeg,0.7739116698503494,10.301473273954299N,106.22657927260288E,[]
13535,Long Hồ District-7451.jpeg,0.7738607376813889,10.276609779696438N,106.02490301650705E,[]
13536,Duy Tiên District-674.jpeg,0.7738569732755423,20.593096841778074N,105.98208940253609E,[]
13538,Cao Lanh City-2145.jpeg,0.7738427966833115,10.444621272270446N,105.61531659042207E,[]
13540,Châu Thành District-503.jpeg,0.7738161608576775,10.254311937253775N,106.20603687770056E,[]
13546,Cao Lanh City-4053.jpeg,0.7737323343753815,10.485045275156622N,105.58928207094542E,[]
13549,Châu Thành District-8656.jpeg,0.7737106308341026,10.31225300805728N,106.24438268151823E,[]
13552,Châu Thành District-9864.jpeg,0.7736282795667648,10.321685275397387N,106.38817944583468E,[]
13553,Tam Điệp-1719.jpeg,0.7735759764909744,20.145297342212086N,105.86511797103043E,[]
13554,Chau Doc City-2530.jpeg,0.7735724523663521,10.675573007586278N,105.06996900508369E,[]
13561,Long Xuyen City-1044.jpeg,0.7734764218330383,10.332711871663534N,105.45913505566305E,[]
13563,Châu Thành District-3279.jpeg,0.7734267115592957,10.277218872222601N,106.20329789171355E,[]
13569,Bến Tre City-2773.jpeg,0.7733608409762383,10.256974674229053N,106.38170885305276E,[]
13573,Châu Thành District-4650.jpeg,0.7732029929757118,10.28530367279983N,106.27725051336202E,[]
13576,Hiệp Hòa District-5885.jpeg,0.7731455899775028,21.33894374776375N,105.93120460866358E,[]
13577,Sa Đéc City-2842.jpeg,0.7731378227472305,10.370473610661076N,105.7312749708607E,[]
13578,Go Cong Town-270.jpeg,0.7731127869337797,10.348228070518116N,106.67722248206778E,[]
13583,Yên Mỹ District-2851.jpeg,0.7728827688843012,20.901698877412823N,105.97579889234092E,[]
13587,Hoa Lư District-1492.jpeg,0.7727224323898554,20.22089870928575N,105.96650634055369E,[]
13588,Hiệp Hòa District-9346.jpeg,0.7727000787854195,21.400927218857852N,105.99195989905994E,[]
13593,Binh Minh Town-3474.jpeg,0.7725647166371346,10.074670275901788N,105.8570051787719E,[]
13596,Long Hồ District-7099.jpeg,0.7725445926189423,10.269872445882076N,106.02490301650705E,[]
13598,Ninh Bình-1975.jpeg,0.7724989801645279,20.26712934397508N,105.97588912894847E,[]
13604,Mỹ Tho-1968.jpeg,0.7723706960678101,10.36374460605976N,106.37384297308895E,[]
13607,Duy Tiên District-1931.jpeg,0.7723076939582825,20.624088577325022N,105.98640881694259E,[]
13609,Binh Minh Town-3833.jpeg,0.7722577601671219,10.085450010004763N,105.82279391278752E,[]
13610,Long Xuyen City-3974.jpeg,0.7722562924027443,10.396042809518535N,105.41666976780813E,[]
13611,Binh Minh Town-3380.jpeg,0.77225162088871,10.071975342376048N,105.8624789813294E,[]
13613,Tây Ninh City-6620.jpeg,0.7722167894244194,11.431017979739966N,106.111383662524E,[]
13614,Cao Lanh City-2601.jpeg,0.772212777286768,10.452706072847676N,105.6454618235003E,[]
13616,Vĩnh Long-1247.jpeg,0.7722037509083748,10.253039805165749N,105.89803197653627E,[]
13622,Long Xuyen City-319.jpeg,0.7720886841416359,10.315194803746191N,105.47146368762097E,[]
13624,Bac Giang City-309.jpeg,0.7720346748828888,21.241623207883734N,106.20251376330387E,[]
13625,Cao Lanh City-2471.jpeg,0.7720216289162636,10.450011139321935N,105.65779396430501E,[]
13633,Cao Lanh City-1024.jpeg,0.7719698697328568,10.42575673759023N,105.68245824591448E,[]
13634,Châu Thành District-2581.jpeg,0.771885596215725,10.271829005171114N,106.38270147386073E,[]
13637,Long Hồ District-3954.jpeg,0.7718577459454536,10.194414307161237N,105.94274829977763E,[]
13638,Long Hồ District-6207.jpeg,0.7718529477715492,10.240228177098889N,106.01531829955528E,[]
13640,Chau Doc City-4400.jpeg,0.7718465402722359,10.706564743132363N,105.09465161365743E,[]
13649,Bến Tre City-851.jpeg,0.7717372924089432,10.220593071631507N,106.38581664792846E,[]
13651,Long Hồ District-2758.jpeg,0.7716680020093918,10.178244706006778N,106.00162584676706E,[]
13656,Mỹ Tho-2807.jpeg,0.7714413926005363,10.378566740451355N,106.35877509048612E,[]
13660,Long Hồ District-5264.jpeg,0.7712814658880234,10.220016175655811N,105.95233301672941E,[]
13663,Cai Lậy Town-6598.jpeg,0.7711387202143669,10.490868446232705N,106.11146990241708E,[]
13668,Long Hồ District-8044.jpeg,0.771009162068367,10.287389513799416N,106.0112105637188E,[]
13674,Cai Lậy Town-6562.jpeg,0.7709524109959602,10.489520979469832N,106.11832032802134E,[]
13675,Go Cong Town-651.jpeg,0.7709356509149075,10.36035527138397N,106.65256222210868E,[]
13677,Cao Lanh City-532.jpeg,0.7708724215626717,10.419019403775863N,105.58654159521102E,[]
13678,Sa Đéc City-384.jpeg,0.7708646357059479,10.277498404022884N,105.76825507652265E,[]
13681,Thái Bình-1566.jpeg,0.7708437852561474,20.451375042883214N,106.31193991577881E,[]
13687,Tây Ninh City-5946.jpeg,0.7707306370139122,11.414848378585464N,106.13062553408732E,[]
13689,Go Cong Town-2433.jpeg,0.7706936523318291,10.406169141321634N,106.68681258316299E,[]
13698,Duy Tiên District-3331.jpeg,0.7703917063772678,20.644300578768686N,105.93169623446049E,[]
13700,Long Hồ District-8352.jpeg,0.7703583464026451,10.292779380850904N,106.03037999762233E,[]
13705,Tây Ninh City-1866.jpeg,0.7702561244368553,11.343432640153088N,106.15948834143228E,[]
13708,Tam Điệp-1580.jpeg,0.7701958939433098,20.142602408686262N,105.88377834549836E,[]
13710,Long Hồ District-7260.jpeg,0.7701326012611389,10.273914846170692N,105.95507150728706E,[]
13713,Long Hồ District-4955.jpeg,0.7700650990009308,10.21327884184145N,105.9810871675847E,[]
13718,Go Cong Town-13.jpeg,0.7700443267822266,10.336100869652268N,106.68270253983648E,[]
13720,Cao Lanh City-1458.jpeg,0.7700220271945,10.433841538167465N,105.57969040587507E,[]
13721,Tam Điệp-771.jpeg,0.7700113207101822,20.127780274294267N,105.86655338445102E,[]
13724,Long Xuyen City-2806.jpeg,0.7698644548654556,10.371788407786832N,105.40982052783156E,[]
13730,Tây Ninh City-1296.jpeg,0.7697507590055466,11.331305439287211N,106.13199995348471E,[]
13733,Cai Lậy Town-6395.jpeg,0.7696835547685623,10.484131112418343N,106.10872973217536E,[]
13735,Thanh Liêm District-940.jpeg,0.7696460708975792,20.405978942294002N,105.91751121618802E,[]
13736,Cai Lậy Town-2123.jpeg,0.7696272507309914,10.400588173120237N,106.15394254116356E,[]
13738,Cao Lanh City-2993.jpeg,0.7695602998137474,10.462138340187787N,105.58243088160947E,[]
13742,Cao Lanh City-592.jpeg,0.76950653642416,10.419019403775863N,105.66875586724257E,[]
13745,Thanh Liêm District-3317.jpeg,0.7694877460598946,20.4464029451813N,105.95058652428204E,[]
13747,Cai Lậy Town-3080.jpeg,0.7693378776311874,10.419452707800456N,106.16353313700955E,[]
13750,Vĩnh Long-2079.jpeg,0.7692708373069763,10.266514472794467N,105.92952660722517E,['653.jpeg']
13753,Go Cong Town-2527.jpeg,0.769176185131073,10.408864074847378N,106.66352233764604E,[]
13754,Go Cong Town-815.jpeg,0.7691361159086227,10.364397671672586N,106.65530225099302E,['845.jpeg']
13757,Cai Lậy Town-438.jpeg,0.7690818905830383,10.370943904337045N,106.13613143459246E,[]
13764,Long Xuyen City-3761.jpeg,0.7689808830618858,10.390652942467048N,105.44817627170053E,[]
13765,Mỹ Tho-2614.jpeg,0.768972622230649,10.37452434016274N,106.40397873829461E,[]
13766,Phu Ly City-3326.jpeg,0.7689634561538696,20.565321611693822N,105.95598137312261E,[]
13768,Cao Lanh City-1738.jpeg,0.7688676044344902,10.437883938456077N,105.61805706615645E,[]
13775,Cao Lanh City-309.jpeg,0.7687955424189568,10.414977003487248N,105.61942730402366E,[]
13780,Thanh Liêm District-4263.jpeg,0.7686809785664082,20.459877612810402N,105.92182538680898E,[]
13794,Châu Thành District-8017.jpeg,0.7683774903416634,10.306863141005792N,106.38407096685422E,[]
13798,Tây Ninh City-1564.jpeg,0.768275760114193,11.338042773101586N,106.082520855179E,[]
13803,Trà Vinh City-2342.jpeg,0.7682220339775085,9.975565709111041N,106.33997394682622E,[]
13805,Long Hồ District-4674.jpeg,0.7681955695152283,10.207888974789961N,105.95096377145056E,[]
13813,Go Cong Town-4254.jpeg,0.7680870816111565,10.441203277156319N,106.65667226543519E,[]
13821,Cai Lậy Town-1458.jpeg,0.7679365128278732,10.38980843901726N,106.11558015777963E,[]
13825,Chau Doc City-554.jpeg,0.767882414162159,10.636496471462953N,105.09465161365743E,[]
13833,Cai Lậy Town-922.jpeg,0.7677572518587112,10.380376171677153N,106.14161177507587E,[]
13834,Long Hồ District-7578.jpeg,0.7677183225750923,10.27930471322218N,106.00025660148823E,[]
13836,Trà Vinh City-2648.jpeg,0.7676928639411926,9.983650509688271N,106.30850879934333E,[]
13839,Mỹ Hào District-1971.jpeg,0.767598170787096,20.93388601037309N,106.12094005026037E,[]
13840,Long Hồ District-8519.jpeg,0.7675849050283432,10.296821781139522N,105.96602546951763E,[]
13841,Tam Điệp-1407.jpeg,0.7675814628601074,20.139907475160445N,105.85363466366555E,[]
13845,Thái Bình-1208.jpeg,0.76748988032341,20.443290242305753N,106.3766557076012E,[]
13847,Duy Tiên District-983.jpeg,0.7674850262701511,20.605224042644267N,105.95329330649288E,['333.jpeg']
13848,Mỹ Hào District-2303.jpeg,0.7674477770924568,20.93927587742473N,106.12815311882974E,[]
13853,Long Hồ District-1819.jpeg,0.7673330679535866,10.167464971903803N,105.94959452617174E,[]
13857,Tây Ninh City-3085.jpeg,0.7673194110393524,11.366339575121964N,106.10038830734497E,[]
13858,Chau Doc City-4553.jpeg,0.7672845497727394,10.710607143420983N,105.11247794207179E,[]
13866,Tây Ninh City-3742.jpeg,0.7670535184442997,11.377119309224963N,106.09351621035809E,[]
13874,Hoa Lư District-2130.jpeg,0.7668540477752686,20.237068310440655N,105.94352653653984E,[]
13876,Cai Lậy Town-6241.jpeg,0.7668375447392464,10.478741245366848N,106.16490322213039E,[]
13882,Vĩnh Long-1160.jpeg,0.7667098864912987,10.251692338402876N,105.89392398122901E,[]
13884,Hoa Lư District-3594.jpeg,0.7666261121630669,20.284229647142467N,105.93778158553636E,[]
13886,Cai Lậy Town-1843.jpeg,0.7665699645876884,10.39654577283162N,106.08817845536257E,[]
13893,Cao Lanh City-1778.jpeg,0.7664443552494049,10.437883938456077N,105.67286658084413E,[]
13903,Tây Ninh City-3141.jpeg,0.7662043645977974,11.366339575121964N,106.1773557935982E,[]
13904,Binh Minh Town-2554.jpeg,0.7661742120981216,10.051763340932972N,105.82416236342688E,[]
13911,Cai Lậy Town-1149.jpeg,0.7660269215703011,10.38441857196577N,106.14024168995502E,[]
13912,Cao Lanh City-1515.jpeg,0.7659311667084694,10.433841538167465N,105.65779396430501E,[]
13915,Vĩnh Long-680.jpeg,0.7658997997641563,10.243607537825643N,105.88981598592174E,[]
13921,Bến Tre City-3350.jpeg,0.7657316327095032,10.27314427538352N,106.3310460495857E,[]
13922,Hiệp Hòa District-5400.jpeg,0.7656688317656517,21.332206413949176N,105.99340645359317E,[]
13927,Châu Thành District-2855.jpeg,0.7655148953199387,10.274523938696857N,106.19097245477215E,[]
13929,Tây Ninh City-3589.jpeg,0.7654828727245331,11.374424375699213N,106.111383662524E,[]
13931,Long Xuyen City-1704.jpeg,0.765443678945303,10.347534006055131N,105.44269687971922E,[]
13934,Thanh Liêm District-6785.jpeg,0.7653464525938034,20.49760668217188N,105.88443590809402E,[]
13936,Long Hồ District-7307.jpeg,0.7653058171272278,10.273914846170692N,106.01942603539176E,[]
13938,Long Hồ District-9545.jpeg,0.7652681767940521,10.32377111639697N,105.98793339397882E,[]
13939,Châu Thành District-2482.jpeg,0.7652488574385643,10.271829005171114N,106.21973180763543E,[]
13941,Duy Tiên District-3421.jpeg,0.7651831433176994,20.645648045531594N,105.92017779604318E,[]
13949,Cao Lanh City-4259.jpeg,0.7650034725666046,10.489087675445242N,105.59613326028135E,[]
13952,Long Hồ District-8921.jpeg,0.7649509906768799,10.304906581716757N,105.97150245063291E,[]
13956,Long Hồ District-7062.jpeg,0.7649068385362625,10.269872445882076N,105.97424094119057E,[]
13958,Mỹ Tho-1491.jpeg,0.764880046248436,10.355659805482526N,106.377952395617E,['824.jpeg']
13966,Chau Doc City-2165.jpeg,0.7647346928715706,10.670183140534787N,105.03843011635064E,[]
13967,Long Hồ District-4120.jpeg,0.7647016197443008,10.197109240686984N,105.95644075256588E,[]
13968,Long Hồ District-92.jpeg,0.7646452151238918,10.140515636646363N,106.02627226178588E,[]
13971,Trà Vinh City-1293.jpeg,0.7645861059427261,9.943226506802128N,106.32902954770172E,[]
13974,Mỹ Hào District-2949.jpeg,0.7645428776741028,20.950055611528036N,106.07044857027465E,[]
13980,Long Xuyen City-666.jpeg,0.7644946649670601,10.324627071086296N,105.45091596769116E,[]
13984,Long Xuyen City-1953.jpeg,0.7644390724599361,10.352923873106617N,105.45913505566305E,['13.jpeg']
13988,Long Hồ District-7288.jpeg,0.7643506601452827,10.273914846170692N,105.9934103750941E,[]
13989,Hung Yen City-3050.jpeg,0.7643407732248306,20.694723345834557N,106.05904334902549E,[]
13991,Chau Doc City-3426.jpeg,0.764251597225666,10.689047675215011N,105.08779533349806E,[]
13994,Bến Tre City-3263.jpeg,0.7642088048160076,10.269101875094902N,106.36801620346708E,[]
13998,Tây Ninh City-1137.jpeg,0.764077577739954,11.328610505761462N,106.08114643578168E,[]
14002,Thái Bình-2291.jpeg,0.7640583422034979,20.46754464403813N,106.33351184638626E,[]
14004,Long Hồ District-6126.jpeg,0.7639854252338409,10.23888071033602N,105.93042509226822E,[]
14005,Bac Giang City-2007.jpeg,0.7639490533620119,21.28204721077117N,106.2227571653098E,[]
14013,Long Hồ District-2530.jpeg,0.7636970207095146,10.175549772481036N,105.99751811093057E,[]
14018,Chau Doc City-2337.jpeg,0.7635435163974762,10.67287807406053N,105.04254388444622E,[]
14022,Châu Thành District-8559.jpeg,0.7634324133396149,10.310905541294407N,106.35805059997791E,[]
14026,Cai Lậy Town-4103.jpeg,0.7633416801691055,10.43831724248067N,106.19778526503087E,[]
14032,Go Cong Town-3052.jpeg,0.7632641047239304,10.420991275713233N,106.60050167330607E,[]
14034,Trà Vinh City-2147.jpeg,0.7632273882627487,9.971523308822425N,106.30440464967168E,[]
14039,Phu Ly City-4317.jpeg,0.7631537914276123,20.59766081400367N,105.93151872143017E,[]
14041,Long Hồ District-8291.jpeg,0.7631429024040699,10.292779380850904N,105.9468560356141E,[]
14047,Long Hồ District-7423.jpeg,0.7630378380417824,10.276609779696438N,105.9865641487E,[]
14053,Trà Vinh City-3449.jpeg,0.7629851028323174,10.01329477847144N,106.30440464967168E,[]
14055,Mỹ Tho-2824.jpeg,0.7629326954483986,10.378566740451355N,106.38206181814505E,[]
14057,Mỹ Tho-2142.jpeg,0.7628651708364487,10.366439539585507N,106.39575989323852E,[]
14059,Cai Lậy Town-4987.jpeg,0.7628553360700607,10.454486843635143N,106.14435194531758E,[]
14061,Mỹ Tho-3575.jpeg,0.7627947181463242,10.392041408080079N,106.35877509048612E,[]
14063,Binh Minh Town-681.jpeg,0.7627147659659386,10.01133933804682N,105.84195222173878E,[]
14071,Chau Doc City-2915.jpeg,0.7624092362821102,10.680962874637771N,105.10836417397618E,[]
14072,Châu Thành District-1949.jpeg,0.762401208281517,10.267786604882494N,106.24027420253778E,[]
14073,Binh Minh Town-189.jpeg,0.7623961046338081,9.996517203655236N,105.88711109283818E,[]
14074,Binh Minh Town-31.jpeg,0.7623956501483917,9.988432403078006N,105.87890038900191E,[]
14082,Vĩnh Long-336.jpeg,0.7622422426939011,10.23552273724841N,105.91720262130343E,[]
14086,Mỹ Tho-348.jpeg,0.7621912211179733,10.334100337276565N,106.346446822902E,[]
14089,Thanh Liêm District-4537.jpeg,0.7621024325489998,20.463920013099127N,105.91319704556706E,[]
14095,Tây Ninh City-5732.jpeg,0.7619042694568634,11.41080597829684N,106.0728999193974E,[]
14105,Long Hồ District-3257.jpeg,0.7617496475577354,10.184982039821136N,105.92768660171058E,[]
14109,Tam Điệp-4866.jpeg,0.7616931609809399,20.196501079202594N,105.87229503813344E,[]
14118,Cai Lậy Town-3206.jpeg,0.7614469975233078,10.422147641326202N,106.14572203043844E,[]
14119,Châu Thành District-2147.jpeg,0.7614400014281273,10.269134071645368N,106.26629456941409E,[]
14130,Trà Vinh City-397.jpeg,0.761139303445816,9.905497437441726N,106.35091834595066E,[]
14138,Vĩnh Long-554.jpeg,0.7609859257936478,10.2409126042999N,105.910355962458E,[]
14139,Thanh Liêm District-4900.jpeg,0.7609803378582001,20.46930988015077N,105.89594036308324E,[]
14142,Tây Ninh City-6388.jpeg,0.7609530165791512,11.42428064592559N,106.16086276082966E,[]
14148,Tây Ninh City-2128.jpeg,0.7608880400657654,11.348822507204586N,106.1581139220349E,[]
14151,Long Hồ District-4652.jpeg,0.7607211023569107,10.207888974789961N,105.92084037531647E,[]
14152,Trà Vinh City-2502.jpeg,0.7607142925262451,9.979608109399651N,106.32766149781118E,[]
14153,Mỹ Hào District-3247.jpeg,0.7607022449374199,20.954098011816768N,106.11949743654648E,[]
14161,Mỹ Tho-2147.jpeg,0.7605100944638252,10.366439539585507N,106.40260893078528E,[]
14163,Go Cong Town-1708.jpeg,0.7604188825935125,10.387304606641418N,106.69777269870038E,[]
14165,Trà Vinh City-107.jpeg,0.760408028960228,9.893370236575885N,106.35091834595066E,[]
14166,Trà Vinh City-807.jpeg,0.7604061104357243,9.920319571833314N,106.31261294901503E,[]
14167,Tam Điệp-73.jpeg,0.7603926360607147,20.108915739613558N,105.92253450785479E,[]
14170,Ninh Bình-243.jpeg,0.7603525817394257,20.217273073747442N,105.96583578475317E,[]
14173,Long Hồ District-8791.jpeg,0.7603119537234306,10.302211648191006N,105.96328697896001E,[]
14177,Long Hồ District-9137.jpeg,0.7602875456213951,10.310296448768243N,105.96602546951763E,[]
14179,Go Cong Town-117.jpeg,0.7602673284709454,10.342838203466629N,106.65119220766648E,[]
14183,Thái Bình-415.jpeg,0.7601422667503357,20.427120641150832N,106.31769243060747E,[]
14187,Tây Ninh City-1426.jpeg,0.760120265185833,11.334000372812964N,106.14024646986898E,[]
14188,Tây Ninh City-5252.jpeg,0.7601126655936241,11.401373710956712N,106.111383662524E,[]
14195,Thái Bình-2136.jpeg,0.7599697299301624,20.463502243749414N,106.3478931334579E,[]
14196,Mỹ Hào District-2974.jpeg,0.7599583566188812,20.950055611528036N,106.1065139131216E,[]
14201,Go Cong Town-835.jpeg,0.7598696127533913,10.364397671672586N,106.68270253983648E,[]
14204,Cao Lanh City-1056.jpeg,0.7598210275173187,10.427104204353101N,105.6112058768205E,[]
14205,Long Hồ District-5717.jpeg,0.7598179057240486,10.229448442995913N,105.92768660171058E,[]
14207,Mỹ Tho-3551.jpeg,0.759765274822712,10.392041408080079N,106.32589971026175E,[]
14208,Cai Lậy Town-2784.jpeg,0.7597474455833435,10.41271537398609N,106.18408441382235E,[]
14209,Châu Thành District-9673.jpeg,0.7597186844795942,10.320337808634513N,106.30190138724483E,[]
14214,Long Hồ District-2865.jpeg,0.759543888270855,10.17959217276965N,105.99477962037295E,[]
14216,Phu Ly City-389.jpeg,0.759483627974987,20.51411787470322N,105.94159157800942E,[]
14219,Long Hồ District-754.jpeg,0.759450227022171,10.153990304275084N,105.94137905449881E,[]
14224,Tây Ninh City-6421.jpeg,0.7592972628772259,11.425628112688466N,106.1251278564978E,[]
14225,Go Cong Town-1240.jpeg,0.7592422813177109,10.375177405775567N,106.67174242429908E,[]
14229,Cai Lậy Town-2348.jpeg,0.7591962441802025,10.404630573408856N,106.16353313700955E,[]
14232,Long Hồ District-3664.jpeg,0.7591804377734661,10.190371906872624N,105.91125565836468E,[]
14241,Cai Lậy Town-1802.jpeg,0.7588557526469231,10.39519830606875N,106.14298186019671E,[]
14243,Sa Đéc City-2234.jpeg,0.7588488608598709,10.3448717421665N,105.73264460440373E,[]
14244,Hoa Lư District-502.jpeg,0.7588263601064682,20.199339241079212N,105.94209029878895E,[]
14246,Long Hồ District-253.jpeg,0.7587799243628979,10.145905503697852N,105.93590207338352E,[]
14257,Duy Tiên District-667.jpeg,0.7585236206650734,20.593096841778074N,105.97201076892097E,[]
14263,Tây Ninh City-5983.jpeg,0.7584145367145538,11.414848378585464N,106.18147905179035E,[]
14275,Sa Đéc City-2726.jpeg,0.7582753784954548,10.365083743609583N,105.72853570377463E,[]
14283,Hiệp Hòa District-6629.jpeg,0.7580828368663788,21.348376015104158N,105.98328057186043E,[]
14284,Thái Bình-2673.jpeg,0.7580594196915627,20.476976911378504N,106.37090319277254E,[]
14285,Cai Lậy Town-6507.jpeg,0.7580175250768661,10.488173512706958N,106.0991391363294E,[]
14286,Thái Bình-195.jpeg,0.7579930759966373,20.41634090704756N,106.32200681672894E,[]
14291,Cao Lanh City-5074.jpeg,0.7579275071620941,10.506604743362585N,105.56598802720316E,[]
14298,Tây Ninh City-4672.jpeg,0.7577911019325256,11.39194144361659N,106.0797720163843E,[]
14299,Cao Lanh City-1013.jpeg,0.7577600255608559,10.42575673759023N,105.66738562937537E,[]
14301,Long Hồ District-8.jpeg,0.757710225880146,10.135125769594875N,106.01394905427645E,[]
14302,Long Hồ District-7739.jpeg,0.7576805092394352,10.281999646747927N,106.01394905427645E,['685.jpeg']
14309,Châu Thành District-6942.jpeg,0.7576011493802071,10.30012580719143N,106.25533862546617E,[]
14310,Long Xuyen City-1488.jpeg,0.7575971484184265,10.342144139003638N,105.47283353561627E,[]
14312,Yên Mỹ District-3789.jpeg,0.7575422078371048,20.919215945330688N,105.98156817782578E,[]
14314,Trà Vinh City-2040.jpeg,0.7575032338500023,9.968828375296683N,106.30714074945278E,[]
14315,Yên Mỹ District-3547.jpeg,0.7574955448508263,20.91382607827904N,106.01185692662128E,[]
14316,Long Hồ District-140.jpeg,0.7574817910790443,10.143210570172108N,105.9235788658741E,[]
14320,Long Hồ District-1297.jpeg,0.7573567926883698,10.16072763808944N,105.98930263925763E,[]
14327,Long Hồ District-8651.jpeg,0.7572430968284607,10.299516714665266N,105.95507150728706E,[]
14331,Bến Tre City-1306.jpeg,0.7570518366992474,10.231372805734486N,106.36253914363279E,[]
14334,Hoa Lư District-1005.jpeg,0.7569485511630774,20.210118975182482N,105.93490911003464E,[]
14335,Go Cong Town-4860.jpeg,0.7569387555122375,10.469500079176646N,106.64982219322431E,[]
14338,Sa Đéc City-655.jpeg,0.7568696215748787,10.285583204600115N,105.77921214486693E,[]
14341,Go Cong Town-3473.jpeg,0.7568095475435257,10.427728609527595N,106.62516193326519E,[]
14343,Cao Lanh City-4082.jpeg,0.7567867487668991,10.485045275156622N,105.629018969094E,[]
14347,Tam Điệp-174.jpeg,0.7566894814372063,20.114305606665184N,105.91392202733114E,[]
14349,Sa Đéc City-1091.jpeg,0.7566438466310501,10.300405338991713N,105.76551580943658E,['529.jpeg']
14352,Cao Lanh City-4266.jpeg,0.7565995752811432,10.489087675445242N,105.60572492535172E,[]
14357,Yên Mỹ District-1699.jpeg,0.7565138153731823,20.882834342732053N,105.98589514193941E,[]
14359,Ninh Bình-901.jpeg,0.7565044537186623,20.238832541953983N,105.9672719767811E,[]
14362,Go Cong Town-2717.jpeg,0.7564794197678566,10.412906475136N,106.68681258316299E,[]
14363,Cao Lanh City-2082.jpeg,0.7564608454704285,10.443273805507571N,105.63861063416432E,[]
14364,Sa Đéc City-320.jpeg,0.7563876956701279,10.276150937260013N,105.74497130629103E,[]
14373,Vĩnh Long-239.jpeg,0.7561884820461273,10.232827803722667N,105.95417457906869E,['42.jpeg']
14374,Cai Lậy Town-5333.jpeg,0.7561828196048737,10.461224177449507N,106.12791092386735E,[]
14376,Long Hồ District-9451.jpeg,0.756098598241806,10.319728716108353N,105.98519490342119E,[]
14388,Phu Ly City-1043.jpeg,0.7557168677449226,20.526245075569413N,105.93727463947543E,['643.jpeg']
14391,Thái Bình-2697.jpeg,0.7556792870163918,20.478324378141412N,106.33782623250777E,[]
14396,Bến Tre City-2043.jpeg,0.7556057721376419,10.244847473363206N,106.3310460495857E,[]
14403,Hiệp Hòa District-7333.jpeg,0.7554502114653587,21.359155749207478N,105.9066131815984E,[]
14405,Cai Lậy Town-5542.jpeg,0.7553980275988579,10.465266577738122N,106.1224305833839E,[]
14407,Cai Lậy Town-704.jpeg,0.7553554177284241,10.376333771388534N,106.14709211555929E,[]
14411,Hiệp Hòa District-841.jpeg,0.7551187202334404,21.258095741988868N,105.95000981759576E,[]
14413,Vĩnh Long-1683.jpeg,0.7550709322094917,10.259777138980107N,105.90898663068893E,[]
14417,Mỹ Hào District-1806.jpeg,0.7550272718071938,20.931191076847256N,106.10074345826607E,[]
14418,Cai Lậy Town-753.jpeg,0.7550182268023491,10.377681238151407N,106.11695024290049E,[]
14419,Cao Lanh City-1970.jpeg,0.7549818679690361,10.441926338744695N,105.59613326028135E,[]
14424,Duy Tiên District-4368.jpeg,0.7548334375023842,20.65912271316071N,105.89858072401081E,[]
14426,Hiệp Hòa District-8645.jpeg,0.7548241391777992,21.38341015093995N,106.0107651079921E,[]
14427,Long Hồ District-1808.jpeg,0.754809457808733,10.167464971903803N,105.9345328281047E,[]
14429,Mỹ Tho-2837.jpeg,0.7546936944127083,10.378566740451355N,106.3998693157666E,[]
14432,Cai Lậy Town-4295.jpeg,0.7546816989779472,10.442359642769288N,106.13339126435075E,[]
14434,Mỹ Tho-4013.jpeg,0.7546362355351448,10.402821142183061N,106.37521278059832E,[]
14441,Long Hồ District-6238.jpeg,0.754527784883976,10.241575643861761N,105.99067188453644E,[]
14444,Mỹ Hào District-2102.jpeg,0.7544825524091721,20.936580943898907N,106.07766163884405E,[]
14446,Trà Vinh City-886.jpeg,0.7544614002108574,9.923014505359054N,106.31398099890559E,[]
14449,Tây Ninh City-3154.jpeg,0.7544059157371521,11.367687041884835N,106.082520855179E,[]
14450,Cai Lậy Town-1969.jpeg,0.754361055791378,10.397893239594495N,106.1525724560427E,[]
14453,Binh Minh Town-1655.jpeg,0.7542531006038189,10.032898806252769N,105.87616348772315E,[]
14454,Hung Yen City-1457.jpeg,0.7542225867509842,20.643519608843928N,106.0835246235895E,[]
14455,Go Cong Town-2003.jpeg,0.7541964277625084,10.395389407218653N,106.68818259760518E,[]
14456,Vĩnh Long-999.jpeg,0.7541955187916756,10.24899740487713N,105.89803197653627E,[]
14458,Mỹ Hào District-1096.jpeg,0.7541442457586527,20.916368942455218N,106.07766163884405E,[]
14466,Tây Ninh City-416.jpeg,0.7539106085896492,11.309745971081217N,106.10726040433188E,[]
14467,Tây Ninh City-6530.jpeg,0.7539050653576851,11.428323046214217N,106.11963017890828E,[]
14469,Cai Lậy Town-2965.jpeg,0.7538536265492439,10.416757774274714N,106.16901347749294E,[]
14473,Tây Ninh City-4753.jpeg,0.753703236579895,11.393288910379463N,106.07564875819214E,[]
14474,Long Hồ District-3901.jpeg,0.7536998093128204,10.193066840398368N,105.98245641286351E,[]
14477,Mỹ Tho-3605.jpeg,0.7536343112587929,10.392041408080079N,106.3998693157666E,[]
14484,Hiệp Hòa District-5463.jpeg,0.7534085959196091,21.333553880712092N,105.93409771773007E,[]
14486,Long Hồ District-7466.jpeg,0.7533979751169682,10.277957246459307N,105.9468560356141E,[]
14491,Bến Tre City-2898.jpeg,0.7533193007111549,10.259669607754798N,106.36938546842563E,[]
14496,Chau Doc City-2425.jpeg,0.7532440647482872,10.674225540823407N,105.04528639650998E,[]
14498,Tây Ninh City-316.jpeg,0.7532383427023888,11.307051037555466N,106.10038830734497E,"['606.jpeg', '605.jpeg']"
14500,Cai Lậy Town-427.jpeg,0.7531229332089424,10.370943904337045N,106.12106049826308E,[]
14508,Thanh Liêm District-1234.jpeg,0.7529584020376205,20.41271627610855N,105.92038732993534E,[]
14509,Binh Minh Town-3840.jpeg,0.7529476918280125,10.085450010004763N,105.83237306726312E,[]
14515,Tây Ninh City-2350.jpeg,0.7528468444943428,11.352864907493213N,106.17323253540609E,[]
14516,Bac Giang City-1439.jpeg,0.752823006361723,21.272614943430767N,106.14612142914456E,[]
14517,Binh Minh Town-3574.jpeg,0.7527734488248825,10.077365209427533N,105.86111053069003E,[]
14519,Long Hồ District-2321.jpeg,0.7527471072971821,10.172854838955288N,106.02079528067058E,[]
14520,Cao Lanh City-954.jpeg,0.7527139186859131,10.42575673759023N,105.58654159521102E,[]
14521,Long Hồ District-3989.jpeg,0.7526576742529869,10.194414307161237N,105.99067188453644E,[]
14522,Bac Giang City-424.jpeg,0.7526141032576561,21.245665608172477N,106.21118950702068E,[]
14525,Long Hồ District-4966.jpeg,0.752520427107811,10.21327884184145N,105.99614886565175E,[]
14528,Binh Minh Town-1399.jpeg,0.7524430304765701,10.02750893920128N,105.8624789813294E,[]
14531,Tây Ninh City-3609.jpeg,0.752410002052784,11.374424375699213N,106.13887205047158E,[]
14534,Long Hồ District-7766.jpeg,0.7523295432329178,10.283347113510802N,105.94548679033528E,[]
14536,Thanh Liêm District-5123.jpeg,0.752308614552021,20.47200481367659N,105.94627235366109E,[]
14537,Mỹ Hào District-1394.jpeg,0.7522940039634705,20.921758809506876N,106.1497923245379E,[]
14538,Mỹ Tho-970.jpeg,0.7522673159837723,10.34757500490529N,106.31905067271501E,[]
14539,Bến Tre City-1066.jpeg,0.7522574476897717,10.225982938682996N,106.36664693850851E,[]
14543,Ninh Bình-2062.jpeg,0.7521694600582123,20.2711717442638N,105.94429290433473E,[]
14544,Mỹ Tho-1100.jpeg,0.7521686255931854,10.348922471668164N,106.39165047071049E,[]
14547,Bến Tre City-121.jpeg,0.7521211355924606,10.199033603425557N,106.406355622307E,[]
14555,Mỹ Hào District-2441.jpeg,0.7518477365374565,20.94197081095056N,106.08343209369957E,[]
14556,Long Hồ District-662.jpeg,0.7518414035439491,10.15264283751221N,105.9468560356141E,[]
14560,Cao Lanh City-4538.jpeg,0.7517608255147934,10.494477542496732N,105.60024397388295E,[]
14563,Binh Minh Town-1698.jpeg,0.7517324537038803,10.03424627301564N,105.84879447493567E,[]
14564,Cao Lanh City-4730.jpeg,0.7517291307449341,10.49851994278535N,105.58380111947665E,[]
14567,Hiệp Hòa District-8946.jpeg,0.7516963239759207,21.39014748475452N,106.02378409879131E,[]
14568,Hung Yen City-1190.jpeg,0.7516876757144928,20.636782275029375N,106.07776432369208E,[]
14569,Thái Bình-2539.jpeg,0.75167366117239,20.47428197785268N,106.3205686880218E,[]
14570,Long Xuyen City-1693.jpeg,0.7516667544841766,10.347534006055131N,105.4276285517707E,[]
14572,Go Cong Town-2386.jpeg,0.7516387850046158,10.406169141321634N,106.62242190438084E,[]
14577,Long Hồ District-5598.jpeg,0.7515779361128807,10.226753509470168N,105.96739471479646E,[]
14579,Tây Ninh City-5543.jpeg,0.7515537142753601,11.406763578008213N,106.11550692071616E,['98.jpeg']
14587,Thanh Liêm District-2167.jpeg,0.7513287290930748,20.430233344026384N,105.85855088436827E,[]
14588,Binh Minh Town-1666.jpeg,0.7513189986348152,10.032898806252769N,105.8912164447563E,[]
14592,Mỹ Tho-3146.jpeg,0.7512678131461143,10.383956607502846N,106.40808816082269E,[]
14596,Thái Bình-301.jpeg,0.7511429116129875,20.4217307740992N,106.34214061862926E,[]
14597,Go Cong Town-2020.jpeg,0.7511426508426666,10.396736873981526N,106.63886207768692E,[]
14598,Mỹ Hào District-2210.jpeg,0.7511374242603779,20.937928410661822N,106.11516959540486E,[]
14601,Cai Lậy Town-6632.jpeg,0.7510127052664757,10.492215912995576N,106.10872973217536E,[]
14603,Long Hồ District-5602.jpeg,0.7509510479867458,10.226753509470168N,105.97287169591176E,[]
14605,Cai Lậy Town-1502.jpeg,0.750936958938837,10.38980843901726N,106.17586390309722E,[]
14607,Tây Ninh City-5091.jpeg,0.7508420571684837,11.398678777430964N,106.09351621035809E,[]
14611,Mỹ Tho-2661.jpeg,0.7507337108254433,10.37587180692561N,106.36425432052353E,[]
14614,Cao Lanh City-2522.jpeg,0.7506620287895203,10.45135860608481N,105.63175944482836E,[]
14617,Go Cong Town-4917.jpeg,0.7506405487656593,10.473542479465264N,106.6457121498978E,[]
14620,Tây Ninh City-6567.jpeg,0.7505952641367912,11.429670512977088N,106.10176272674236E,[]
14622,Hiệp Hòa District-2795.jpeg,0.7505742684006691,21.29447734458756N,105.91818561786438E,[]
14625,Sa Đéc City-1394.jpeg,0.7505377288907766,10.311185073094691N,105.75181947400624E,[]
14626,Hiệp Hòa District-54.jpeg,0.750525776296854,21.228451473204746N,105.98038746279394E,[]
14627,Vĩnh Long-1763.jpeg,0.750521332025528,10.26112460574298N,105.89940130830534E,[]
14630,Cai Lậy Town-1343.jpeg,0.7503478080034256,10.387113505491515N,106.18134424358063E,[]
14631,Châu Thành District-840.jpeg,0.7503300309181213,10.258354337542391N,106.21288434266796E,[]
14632,Ninh Bình-1043.jpeg,0.7503272667527199,20.241527475479803N,106.00174058545059E,[]
14634,Bến Tre City-2326.jpeg,0.7502549067139626,10.24888987365182N,106.37212399834277E,[]
14636,Ninh Bình-611.jpeg,0.7502407692372799,20.230747741376536N,105.97876151300423E,[]
14637,Bến Tre City-1064.jpeg,0.7502130605280399,10.225982938682996N,106.36390840859136E,[]
14638,Cao Lanh City-651.jpeg,0.7501884698867798,10.420366870538738N,105.63449992056276E,[]
14645,Châu Thành District-219.jpeg,0.7501285970211029,10.248922070202283N,106.22794876559634E,[]
14648,Châu Thành District-9655.jpeg,0.7500211447477341,10.320337808634513N,106.27725051336202E,[]
14656,Binh Minh Town-2739.jpeg,0.749891858547926,10.055805741221587N,105.81868856086938E,[]
14657,Go Cong Town-246.jpeg,0.7498580664396286,10.346880603755244N,106.6922926409317E,[]
14658,Cao Lanh City-3910.jpeg,0.7498505860567093,10.48235034163088N,105.57969040587507E,[]
14659,Vĩnh Long-1415.jpeg,0.7498351559042931,10.255734738691492N,105.8966626447672E,[]
14661,Cao Lanh City-1293.jpeg,0.7497870251536369,10.431146604641716N,105.58654159521102E,[]
14662,Tây Ninh City-2999.jpeg,0.7497659213840961,11.364992108359088N,106.09351621035809E,[]
14664,Bac Giang City-2681.jpeg,0.7496997267007828,21.295521878400315N,106.16925674572272E,[]
14668,Yên Mỹ District-4409.jpeg,0.749520555138588,20.938080480011465N,106.03781871130316E,[]
14669,Tam Điệp-1784.jpeg,0.7494813501834869,20.146644808974987N,105.8478930099831E,[]
14670,Long Hồ District-6170.jpeg,0.7494672387838364,10.240228177098889N,105.92494811115294E,[]
14671,Duy Tiên District-3336.jpeg,0.7494442798197269,20.644300578768686N,105.93889525847129E,[]
14672,Bac Giang City-1040.jpeg,0.7493908107280731,21.263182676090366N,106.16202695929204E,[]
14673,Go Cong Town-3130.jpeg,0.7493792474269867,10.422338742476105N,106.60872175995914E,[]
14680,Cai Lậy Town-2035.jpeg,0.7492122203111649,10.39924070635737N,106.13613143459246E,[]
14683,Cai Lậy Town-5919.jpeg,0.7491207867860794,10.472003911552486N,106.15942288164696E,[]
14687,Cai Lậy Town-3668.jpeg,0.7490819096565247,10.43157990866631N,106.11146990241708E,[]
14691,Hoa Lư District-743.jpeg,0.7490549627691507,20.20472910813085N,105.93347287228377E,[]
14693,Long Hồ District-9098.jpeg,0.7490342855453491,10.308948982005372N,105.98382565814235E,[]
14695,Tây Ninh City-4093.jpeg,0.7489317059516907,11.382509176276463N,106.1127580819214E,[]
14696,Bến Tre City-2335.jpeg,0.7488753944635391,10.24888987365182N,106.3844473829699E,[]
14702,Vĩnh Long-435.jpeg,0.7486541569232941,10.238217670774157N,105.90077064007444E,[]
14704,Châu Thành District-3591.jpeg,0.7485998049378395,10.278566338985474N,106.33887769806907E,[]
14705,Vĩnh Long-10.jpeg,0.7485947012901306,10.223395536382561N,105.9117252942271E,[]
14714,Long Hồ District-9295.jpeg,0.7484509199857712,10.314338849056863N,105.98930263925763E,[]
14723,Châu Thành District-10398.jpeg,0.7481903433799744,10.329770075974622N,106.35394212099744E,[]
14726,Hung Yen City-3156.jpeg,0.7480862513184547,20.698765746123286N,106.04320252430756E,[]
14733,Cao Lanh City-852.jpeg,0.7480272054672241,10.423061804064481N,105.67971777018008E,[]
14736,Phu Ly City-2954.jpeg,0.7479014694690704,20.558584277879262N,105.93439668045279E,[]
14739,Binh Minh Town-1926.jpeg,0.7478640601038933,10.038288673304255N,105.89395334603505E,[]
14741,Yên Mỹ District-3310.jpeg,0.7478233799338341,20.909783677990298N,105.98156817782578E,[]
14743,Long Xuyen City-94.jpeg,0.7478002607822418,10.308457469931831N,105.45502551167712E,[]
14747,Châu Thành District-4156.jpeg,0.7477459087967873,10.28260873927409N,106.20603687770056E,[]
14755,Phu Ly City-1178.jpeg,0.7476192116737366,20.528940009095233N,105.89122729511318E,[]
14756,Cai Lậy Town-4056.jpeg,0.747597798705101,10.43831724248067N,106.13339126435075E,[]
14757,Trà Vinh City-2684.jpeg,0.7475909069180489,9.983650509688271N,106.35775859540348E,[]
14761,Long Xuyen City-2543.jpeg,0.74744663387537,10.36639854073534N,105.41393007181749E,[]
14762,Vĩnh Long-761.jpeg,0.7474425062537193,10.244955004588519N,105.89529331299809E,[]
14763,Hiệp Hòa District-1335.jpeg,0.7474362626671791,21.268875476092177N,105.97460124466096E,[]
14764,Go Cong Town-2617.jpeg,0.7474211230874062,10.411559008373121N,106.6306419910339E,[]
14769,Long Hồ District-5665.jpeg,0.7472971230745316,10.22810097623304N,105.96465622423881E,[]
14770,Long Hồ District-4935.jpeg,0.7472920194268227,10.21327884184145N,105.95370226200825E,[]
14774,Tây Ninh City-6118.jpeg,0.747198224067688,11.418890778874088N,106.12100459830566E,[]
14777,Long Hồ District-4219.jpeg,0.7471806779503822,10.198456707449855N,105.99204112981529E,[]
14781,Châu Thành District-7055.jpeg,0.7471180334687233,10.30012580719143N,106.41009133373053E,[]
14784,Châu Thành District-749.jpeg,0.747013732790947,10.257006870779517N,106.2525996394792E,[]
14791,Binh Minh Town-3987.jpeg,0.7468722462654114,10.089492410293376N,105.83647841918126E,[]
14795,Go Cong Town-4119.jpeg,0.7466975711286068,10.438508343630575N,106.65530225099302E,['600.jpeg']
14803,Go Cong Town-3866.jpeg,0.7465114668011665,10.434465943341957N,106.62516193326519E,[]
14804,Mỹ Tho-3882.jpeg,0.7465095296502113,10.398778741894443N,106.31631105769634E,[]
14807,Tây Ninh City-2639.jpeg,0.7464423775672913,11.358254774544713N,106.14024646986898E,[]
14808,Cai Lậy Town-6465.jpeg,0.7464182712137699,10.486826045944085N,106.09639896608768E,[]
14809,Hung Yen City-1237.jpeg,0.7464167922735214,20.638129741792287N,106.05760327405113E,['296.jpeg']
14812,Tây Ninh City-210.jpeg,0.746376596391201,11.304356104029715N,106.08389527457642E,[]
14813,Cao Lanh City-3849.jpeg,0.7463501468300819,10.481002874868004N,105.58928207094542E,[]
14817,Cai Lậy Town-2477.jpeg,0.7462915033102036,10.407325506934605N,106.14435194531758E,[]
14821,Tam Điệp-1289.jpeg,0.7460732087492943,20.13721254163463N,105.89095541260134E,[]
14824,Hiệp Hòa District-3531.jpeg,0.7460488304495811,21.305257078690875N,106.00497888985912E,[]
14828,Mỹ Hào District-1664.jpeg,0.7459621354937553,20.928496143321432N,106.0877599348412E,[]
14830,Long Xuyen City-2209.jpeg,0.7459330894052982,10.359661206920979N,105.40982052783156E,[]
14833,Hung Yen City-3554.jpeg,0.7459217607975006,20.712240413752408N,106.04464259928191E,[]
14838,Phu Ly City-3433.jpeg,0.7458955869078636,20.56801654521964N,105.93439668045279E,[]
14842,Mỹ Tho-1780.jpeg,0.7458239011466503,10.361049672534014N,106.33548836282719E,[]
14844,Tây Ninh City-4696.jpeg,0.7457457892596722,11.39194144361659N,106.1127580819214E,[]
14853,Binh Minh Town-3398.jpeg,0.7456140443682671,10.073322809138919N,105.82005701150875E,[]
14854,Châu Thành District-1592.jpeg,0.7456099390983582,10.265091671356753N,106.22247079362242E,[]
14855,Tây Ninh City-5596.jpeg,0.7455893903970718,11.40811104477109N,106.07702317758954E,[]
14858,Cai Lậy Town-1837.jpeg,0.7455666959285736,10.39519830606875N,106.19093483942662E,[]
14863,Vĩnh Long-1670.jpeg,0.7453226521611214,10.259777138980107N,105.89118531769084E,[]
14868,Châu Thành District-1199.jpeg,0.7452755123376846,10.261049271068135N,106.40598285475006E,[]
14871,Mỹ Hào District-1066.jpeg,0.7452222816646099,20.915021475692306N,106.11949743654648E,[]
14874,Thanh Liêm District-1290.jpeg,0.7451591640710831,20.414063742871466N,105.91175898869342E,[]
14883,Châu Thành District-77.jpeg,0.7449469938874245,10.24487966991367N,106.2115148496745E,[]
14886,Châu Thành District-3320.jpeg,0.7448947504162788,10.277218872222601N,106.25944710444665E,[]
14887,Châu Thành District-2716.jpeg,0.744877777993679,10.273176471933986N,106.27314203438154E,[]
14889,Go Cong Town-3781.jpeg,0.7448453530669212,10.43311847657908N,106.61694184661216E,[]
14895,Cao Lanh City-2422.jpeg,0.7447577305138111,10.450011139321935N,105.59065230881261E,[]
14896,Tây Ninh City-6700.jpeg,0.7447454258799553,11.43371291326572N,106.15124182504802E,[]
14898,Hung Yen City-1216.jpeg,0.7447129786014557,20.636782275029375N,106.11664634799966E,[]
14901,Vĩnh Long-1179.jpeg,0.744697280228138,10.251692338402876N,105.91994128484161E,[]
14904,Cao Lanh City-2570.jpeg,0.7446663975715637,10.452706072847676N,105.60298444961734E,[]
14907,Mỹ Hào District-489.jpeg,0.744611456990242,20.90019934130027N,106.09064516226894E,[]
14909,Phu Ly City-4026.jpeg,0.7444864511489868,20.582838679611655N,105.94734749605469E,[]
14910,Long Hồ District-3149.jpeg,0.7444858178496361,10.183634573058265N,105.93042509226822E,[]
14914,Yên Mỹ District-913.jpeg,0.7444072850048542,20.869359675102928N,105.98012585645456E,[]
14915,Châu Thành District-1176.jpeg,0.7444038838148117,10.261049271068135N,106.30874885221228E,[]
14918,Thanh Liêm District-5674.jpeg,0.744365744292736,20.48008961425405N,105.91032093181974E,[]
14920,Binh Minh Town-574.jpeg,0.7443158105015755,10.008644404521078N,105.84058377109939E,[]
14922,Cao Lanh City-3471.jpeg,0.7442798465490341,10.47291807429077N,105.59613326028135E,[]
14924,Yên Mỹ District-4088.jpeg,0.7441969886422157,20.925953279145254N,106.01041460525009E,[]
14933,Long Hồ District-6217.jpeg,0.7439700961112976,10.240228177098889N,106.02901075234352E,[]
14936,Cao Lanh City-1158.jpeg,0.7439244985580444,10.428451671115972N,105.63449992056276E,[]
14952,Duy Tiên District-556.jpeg,0.743562825024128,20.587706974726427N,105.96337194010802E,[]
14957,Cai Lậy Town-2262.jpeg,0.7434147074818611,10.403283106645986N,106.14572203043844E,[]
14958,Binh Minh Town-1204.jpeg,0.7434055209159851,10.023466538912665N,105.83921532046E,[]
14959,Long Hồ District-222.jpeg,0.743394136428833,10.14455803693498N,106.01531829955528E,[]
14962,Long Xuyen City-5199.jpeg,0.7433075606822968,10.428382011827477N,105.40297128785494E,[]
14970,Thái Bình-181.jpeg,0.7432103231549263,20.414993440284647N,106.33351184638626E,[]
14971,Duy Tiên District-3358.jpeg,0.7432096600532532,20.644300578768686N,105.97057096411882E,[]
14972,Cao Lanh City-5064.jpeg,0.7432091906666756,10.505257276599714N,105.63312968269553E,[]
14973,Thái Bình-1992.jpeg,0.7432032600045204,20.460807310223583N,106.30618740095012E,[]
14976,Hung Yen City-2810.jpeg,0.7430279199033976,20.686638545257086N,106.07488417374337E,[]
14983,Chau Doc City-60.jpeg,0.7428912073373795,10.61628447001986N,105.07956779730678E,[]
14986,Bến Tre City-1515.jpeg,0.7428106553852558,10.235415206023102N,106.35980061371565E,[]
14990,Binh Minh Town-857.jpeg,0.7427304312586784,10.015381738335437N,105.84879447493567E,[]
14991,Go Cong Town-1546.jpeg,0.7427257150411606,10.383262206352802N,106.6758524676256E,[]
14995,Yên Mỹ District-1688.jpeg,0.7426691614091396,20.882834342732053N,105.97002960685604E,[]
14999,Ninh Bình-2344.jpeg,0.7424587346613407,20.283298945129978N,105.93711194419525E,[]
15001,Cai Lậy Town-4889.jpeg,0.7423753328621387,10.45313937687227N,106.11009981729622E,[]
15002,Cai Lậy Town-3570.jpeg,0.7423727437853813,10.428884975140564N,106.16216305188868E,[]
15008,Bến Tre City-2147.jpeg,0.74220409989357,10.246194940126077N,106.35706208379852E,[]
15012,Duy Tiên District-3266.jpeg,0.7421603500843048,20.642953112005777N,105.98064959773394E,[]
15021,Go Cong Town-1292.jpeg,0.7419904172420502,10.37652487253844N,106.67448245318344E,[]
15024,Hung Yen City-343.jpeg,0.741876408457756,20.619265207111535N,106.05040289917935E,[]
15025,Châu Thành District-4313.jpeg,0.7418576255440712,10.28260873927409N,106.42104727767847E,[]
15031,Sa Đéc City-561.jpeg,0.7416996322572231,10.282888271074373N,105.76003727526444E,[]
15034,Chau Doc City-2932.jpeg,0.7416533157229424,10.680962874637771N,105.13167552651802E,[]
15035,Duy Tiên District-1975.jpeg,0.7416370920836926,20.625436044087937N,105.91441857683458E,[]
15038,Cao Lanh City-1385.jpeg,0.7416238114237785,10.432494071404587N,105.59613326028135E,[]
15048,Bến Tre City-1491.jpeg,0.7413568124175072,10.234067739260228N,106.42552533172696E,[]
15049,Tây Ninh City-5611.jpeg,0.7413154169917107,11.40811104477109N,106.1127580819214E,[]
15051,Tây Ninh City-6644.jpeg,0.7412519231438637,11.431017979739966N,106.15948834143228E,[]
15056,Long Hồ District-8939.jpeg,0.7411087080836296,10.304906581716757N,105.99614886565175E,[]
15059,Thanh Liêm District-976.jpeg,0.7410849034786224,20.407326409056914N,105.88731202184132E,[]
15062,Vĩnh Long-1867.jpeg,0.7410310804843903,10.262472072505853N,105.9281572754561E,[]
15064,Cai Lậy Town-5863.jpeg,0.741003692150116,10.470656444789617N,106.17586390309722E,[]
15065,Mỹ Hào District-2288.jpeg,0.7409819811582565,20.93927587742473N,106.1065139131216E,[]
15067,Cai Lậy Town-3812.jpeg,0.740934282541275,10.434274842192053N,106.11009981729622E,[]
15078,Cao Lanh City-2405.jpeg,0.7406114637851715,10.448663672559062N,105.66464515364098E,[]
15079,Cai Lậy Town-964.jpeg,0.7405937798321247,10.381723638440027N,106.09639896608768E,[]
15091,Duy Tiên District-4566.jpeg,0.7403387501835823,20.661817646686533N,105.92161760084535E,[]
15093,Mỹ Tho-3914.jpeg,0.7402456626296043,10.398778741894443N,106.37932220312635E,[]
15094,Mỹ Tho-1978.jpeg,0.7402326762676239,10.36374460605976N,106.38754104818243E,['60.jpeg']
15097,Long Hồ District-3250.jpeg,0.7401204481720924,10.184982039821136N,105.9181018847588E,[]
15104,Tây Ninh City-6054.jpeg,0.7399858832359314,11.417543312111215N,106.11550692071616E,[]
15106,Cai Lậy Town-5054.jpeg,0.7399496212601662,10.455834310398014N,106.13613143459246E,[]
15111,Binh Minh Town-797.jpeg,0.7397396713495255,10.014034271572568N,105.8460575736569E,[]
15113,Cai Lậy Town-4302.jpeg,0.73973548412323,10.442359642769288N,106.14298186019671E,[]
15115,Ninh Bình-932.jpeg,0.7397094182670116,20.238832541953983N,106.01179392964585E,[]
15122,Long Hồ District-8335.jpeg,0.7396035715937614,10.292779380850904N,106.00710282788233E,[]
15123,Chau Doc City-1616.jpeg,0.7395698055624962,10.660750873194672N,105.05351393270121E,['478.jpeg']
15125,Cai Lậy Town-6720.jpeg,0.7395380809903145,10.496258313284194N,106.11558015777963E,[]
15127,Cai Lậy Town-2646.jpeg,0.739484004676342,10.410020440460348N,106.1827143287015E,[]
15133,Long Xuyen City-173.jpeg,0.7393758818507195,10.311152403457575N,105.45913505566305E,[]
15136,Tam Điệp-3203.jpeg,0.7393518760800362,20.166856810418608N,105.83066804893582E,[]
15138,Cao Lanh City-1305.jpeg,0.7392911612987518,10.431146604641716N,105.60298444961734E,[]
15139,Long Hồ District-2532.jpeg,0.7392791658639908,10.175549772481036N,106.00025660148823E,[]
15143,Go Cong Town-3855.jpeg,0.7391972951591015,10.434465943341957N,106.6100917744013E,[]
15144,Tây Ninh City-5891.jpeg,0.7391967661678791,11.41350091182259N,106.13749763107424E,[]
15145,Mỹ Tho-2205.jpeg,0.7391808182001114,10.367787006348378N,106.37384297308895E,[]
15147,Cao Lanh City-4457.jpeg,0.7391738966107368,10.493130075733859N,105.58380111947665E,[]
15148,Hung Yen City-2081.jpeg,0.7391599863767624,20.6637316102876N,106.03888229938451E,[]
15153,Duy Tiên District-16.jpeg,0.7390494868159294,20.560757639468214N,105.97057096411882E,[]
15155,Yên Mỹ District-2550.jpeg,0.7390193715691566,20.89630901036118N,106.00320299839402E,[]
15156,Long Hồ District-3489.jpeg,0.7389751188457012,10.18767697334688N,105.94822528089293E,[]
15167,Châu Thành District-6161.jpeg,0.7387067265808582,10.294735940139942N,106.30190138724483E,[]
15170,Go Cong Town-1585.jpeg,0.7386671602725983,10.384609673115675N,106.66215232320387E,[]
15173,Tây Ninh City-4716.jpeg,0.7386252880096436,11.39194144361659N,106.14024646986898E,[]
15175,Trà Vinh City-387.jpeg,0.7385879084467888,9.905497437441726N,106.3372378470451E,[]
15179,Duy Tiên District-5723.jpeg,0.7384701892733574,20.684724581656024N,106.00224666976634E,[]
15184,Hiệp Hòa District-3728.jpeg,0.7382039595395327,21.307952012216713N,106.0208909897248E,[]
15188,Bến Tre City-660.jpeg,0.7381502315402031,10.215203204580018N,106.41046341718273E,[]
15191,Tây Ninh City-6740.jpeg,0.7380941435694695,11.436407846791464N,106.15399066384279E,[]
15198,Cao Lanh City-3747.jpeg,0.7379334643483162,10.478307941342258N,105.63312968269553E,[]
15202,Thanh Liêm District-2694.jpeg,0.7378836497664452,20.43831814460384N,105.85855088436827E,[]
15204,Cai Lậy Town-2370.jpeg,0.7378698065876961,10.405978040171728N,106.09365879584597E,[]
15205,Châu Thành District-1732.jpeg,0.737844780087471,10.266439138119624N,106.18275549681123E,[]
15208,Long Hồ District-4668.jpeg,0.7377677336335182,10.207888974789961N,105.94274829977763E,[]
15213,Trà Vinh City-20.jpeg,0.7376596331596375,9.889327836287272N,106.33450174726396E,[]
15216,Cai Lậy Town-1400.jpeg,0.737535335123539,10.38846097225439N,106.14709211555929E,[]
15217,Bac Giang City-1879.jpeg,0.7375202942639589,21.280699744008253N,106.15190525828908E,[]
15220,Binh Minh Town-2058.jpeg,0.7373985834419727,10.040983606829998N,105.89258489539569E,[]
15226,Hiệp Hòa District-4506.jpeg,0.7373275086283684,21.32007921308295N,105.95000981759576E,[]
15232,Cao Lanh City-2446.jpeg,0.7371761798858643,10.450011139321935N,105.62353801762521E,[]
15237,Phu Ly City-3483.jpeg,0.7370897382497787,20.569364011982547N,105.92720178289618E,[]
15243,Long Hồ District-7198.jpeg,0.7368996441364288,10.272567379407823N,105.9687639600753E,[]
15245,Hung Yen City-2461.jpeg,0.7368767522275448,20.675858811153795N,106.0705639488203E,[]
15248,Mỹ Hào District-2662.jpeg,0.7368211448192596,20.9460132112393N,106.03438322742775E,[]
15257,Go Cong Town-2845.jpeg,0.7366384156048298,10.415601408661741N,106.69092262648952E,[]
15260,Long Xuyen City-1239.jpeg,0.736523449420929,10.336754271952149N,105.46872399163031E,[]
15261,Hung Yen City-2060.jpeg,0.7364794164896011,20.662384143524683N,106.0619234989742E,['283.jpeg']
15267,Mỹ Hào District-1388.jpeg,0.7363068722188473,20.921758809506876N,106.14113664225464E,['217.jpeg']
15270,Châu Thành District-1296.jpeg,0.7361657172441483,10.262396737831006N,106.26081659744013E,[]
15272,Ninh Bình-2303.jpeg,0.7361372448503971,20.28060401160416N,105.95291005650212E,[]
15277,Long Hồ District-5747.jpeg,0.7359767220914364,10.229448442995913N,105.97424094119057E,[]
15278,Thanh Liêm District-2582.jpeg,0.7359539493918419,20.435623211078017N,105.95058652428204E,[]
15282,Thanh Liêm District-6750.jpeg,0.7358923219144344,20.496259215408976N,105.9606529223976E,[]
15283,Bến Tre City-912.jpeg,0.7358851805329323,10.22194053839438N,106.39129370776274E,[]
15284,Duy Tiên District-894.jpeg,0.7358810231089592,20.602529109118446N,105.95473311129504E,[]
15285,Mỹ Hào District-526.jpeg,0.7358575612306595,20.90154680806318N,106.07621902513017E,[]
15286,Long Hồ District-8082.jpeg,0.7358573749661446,10.288736980562286N,105.96054848840235E,[]
15292,Bến Tre City-1672.jpeg,0.7357767857611179,10.238110139548848N,106.3707547333842E,[]
15301,Bến Tre City-2143.jpeg,0.7355717495083809,10.246194940126077N,106.35158502396425E,[]
15304,Go Cong Town-119.jpeg,0.7355099394917488,10.342838203466629N,106.65393223655084E,[]
15306,Sa Đéc City-2667.jpeg,0.7354627847671509,10.362388810083837N,105.7312749708607E,[]
15307,Binh Minh Town-2248.jpeg,0.7354338094592094,10.045026007118615N,105.87479503708379E,[]
15310,Yên Mỹ District-3365.jpeg,0.7353211939334869,20.909783677990298N,106.0608958532426E,[]
15311,Hiệp Hòa District-6054.jpeg,0.7352932989597321,21.340291214526662N,106.0208909897248E,[]
15317,Long Hồ District-86.jpeg,0.735086627304554,10.140515636646363N,106.01805679011294E,[]
15323,Tây Ninh City-1685.jpeg,0.7348972260951996,11.340737706627339N,106.082520855179E,[]
15329,Go Cong Town-4489.jpeg,0.734833225607872,10.449288077733554N,106.61557183216999E,[]
15330,Sa Đéc City-2026.jpeg,0.7347997948527336,10.335439474826392N,105.7394927721189E,[]
15331,Châu Thành District-6436.jpeg,0.7347453683614731,10.296083406902813N,106.39639640379563E,[]
15332,Chau Doc City-3413.jpeg,0.7347443327307701,10.689047675215011N,105.06996900508369E,[]
15334,Chau Doc City-654.jpeg,0.7346822172403336,10.639191404988702N,105.10287914984868E,[]
15336,Long Hồ District-5013.jpeg,0.7346503138542175,10.21462630860432N,105.97150245063291E,[]
15339,Tây Ninh City-2400.jpeg,0.7346175834536552,11.354212374256086N,106.13749763107424E,[]
15341,Duy Tiên District-2597.jpeg,0.7346087470650673,20.633520844665398N,105.98640881694259E,[]
15342,Mỹ Tho-3637.jpeg,0.7345858998596668,10.393388874842957N,106.346446822902E,[]
15348,Binh Minh Town-1498.jpeg,0.7344968244433403,10.030203872727025N,105.83237306726312E,[]
15350,Châu Thành District-265.jpeg,0.7344618588685989,10.25026953696516N,106.20740637069402E,[]
15351,Cai Lậy Town-1988.jpeg,0.7344477400183678,10.397893239594495N,106.17860407333892E,[]
15355,Châu Thành District-8312.jpeg,0.7343930080533028,10.309558074531536N,106.27040304839456E,[]
15357,Long Hồ District-7702.jpeg,0.7343849278986454,10.281999646747927N,105.96328697896001E,[]
15364,Châu Thành District-2938.jpeg,0.7342176698148251,10.274523938696857N,106.3046403732318E,[]
15367,Châu Thành District-3449.jpeg,0.7341737449169159,10.277218872222601N,106.4429591655743E,[]
15377,Long Hồ District-7879.jpeg,0.7339731194078922,10.284694580273671N,105.99477962037295E,[]
15385,Hiệp Hòa District-6634.jpeg,0.7337186932563782,21.348376015104158N,105.99051334452666E,[]
15386,Hung Yen City-613.jpeg,0.7337086126208305,20.624655074163172N,106.0864047735382E,[]
15390,Hiệp Hòa District-7469.jpeg,0.733615156263113,21.360503215970393N,105.97460124466096E,['127.jpeg']
15392,Mỹ Tho-3615.jpeg,0.7335528060793877,10.393388874842957N,106.31631105769634E,[]
15399,Long Xuyen City-4967.jpeg,0.7334120683372021,10.421644678013113N,105.39201250389236E,[]
15402,Mỹ Tho-592.jpeg,0.7333381585776806,10.340837671090929N,106.31357144267761E,['922.jpeg']
15409,Mỹ Tho-2612.jpeg,0.7332291528582573,10.37452434016274N,106.40123912327594E,[]
15410,Long Xuyen City-2485.jpeg,0.7332238778471947,10.365051073972468N,105.42625870377537E,[]
15411,Binh Minh Town-1160.jpeg,0.7332146316766739,10.022119072149795N,105.85837362941128E,[]
15415,Mỹ Hào District-2263.jpeg,0.73305294662714,20.93927587742473N,106.07044857027465E,[]
15419,Thanh Liêm District-889.jpeg,0.7330188676714897,20.404631475531097N,105.92182538680898E,[]
15420,Cai Lậy Town-1303.jpeg,0.7329929992556572,10.387113505491515N,106.12654083874648E,[]
15422,Long Xuyen City-4648.jpeg,0.732970368117094,10.412212410673003N,105.43995718372858E,[]
15427,Long Xuyen City-4543.jpeg,0.7329100370407104,10.409517477147261N,105.4413270317239E,[]
15428,Long Xuyen City-2933.jpeg,0.7328654825687408,10.374483341312578N,105.40434113585025E,[]
15432,Hiệp Hòa District-643.jpeg,0.7327586095780134,21.25135840817429N,105.95724259026198E,[]
15436,Châu Thành District-5707.jpeg,0.7327104359865189,10.292041006614197N,106.24986065349223E,[]
15437,Tây Ninh City-6360.jpeg,0.7326981350779533,11.42428064592559N,106.12237901770304E,[]
15438,Long Hồ District-2839.jpeg,0.7326963096857071,10.17959217276965N,105.95917924312353E,[]
15440,Hung Yen City-759.jpeg,0.7326361387968063,20.627350007688996N,106.1108860481022E,[]
15446,Hiệp Hòa District-8436.jpeg,0.7325557246804237,21.37936775065121N,105.97749435372745E,[]
15450,Long Xuyen City-2878.jpeg,0.7324618361890316,10.373135874549702N,105.41940946379876E,[]
15452,Châu Thành District-4842.jpeg,0.732453003525734,10.286651139562707N,106.23890470954429E,[]
15453,Cai Lậy Town-4020.jpeg,0.7324049845337868,10.436969775717799N,106.19367500966834E,[]
15457,Tây Ninh City-3649.jpeg,0.732372984290123,11.375771842462086N,106.0797720163843E,[]
15459,Châu Thành District-10396.jpeg,0.7322277128696442,10.329770075974622N,106.35120313501048E,[]
15461,Cai Lậy Town-3555.jpeg,0.7321281284093857,10.428884975140564N,106.14161177507587E,[]
15468,Cao Lanh City-353.jpeg,0.7320418581366539,10.414977003487248N,105.67971777018008E,[]
15475,Cao Lanh City-2186.jpeg,0.731923796236515,10.444621272270446N,105.67149634297695E,[]
15480,Long Xuyen City-3395.jpeg,0.7318493351340294,10.383915608652682N,105.38379341592045E,[]
15481,Go Cong Town-1906.jpeg,0.731784887611866,10.39404194045578N,106.62516193326519E,[]
15482,Cai Lậy Town-1314.jpeg,0.731780681759119,10.387113505491515N,106.14161177507587E,[]
15483,Long Hồ District-8326.jpeg,0.7317612767219543,10.292779380850904N,105.99477962037295E,[]
15486,Châu Thành District-97.jpeg,0.7317043915390968,10.24487966991367N,106.43063372863288E,[]
15487,Long Hồ District-8764.jpeg,0.7316935658454895,10.300864181428137N,106.01668754483413E,[]
15488,Sa Đéc City-470.jpeg,0.7316674590110779,10.280193337548628N,105.75729800817835E,[]
15496,Sa Đéc City-2260.jpeg,0.7314426079392433,10.34621920892937N,105.72442680314552E,[]
15501,Tây Ninh City-5745.jpeg,0.7313880166038871,11.41080597829684N,106.10863482372925E,[]
15511,Long Xuyen City-5435.jpeg,0.7311526238918304,10.435119345641839N,105.45776520766776E,[]
15513,Hiệp Hòa District-6877.jpeg,0.7310152985155582,21.3524184153929N,105.92541839053061E,[]
15514,Sa Đéc City-1971.jpeg,0.7309999838471413,10.332744541300645N,105.74771057337713E,[]
15516,Phu Ly City-3761.jpeg,0.7309432327747345,20.5761013457971N,105.94446953703205E,[]
15520,Hung Yen City-606.jpeg,0.7307646945118904,20.624655074163172N,106.07632424871774E,[]
15523,Long Hồ District-7594.jpeg,0.7307565957307816,10.27930471322218N,106.02216452594939E,[]
15525,Bến Tre City-2700.jpeg,0.7307204976677895,10.255627207466182N,106.3762317932185E,[]
15527,Mỹ Tho-2278.jpeg,0.7307007983326912,10.369134473111249N,106.36562412803286E,[]
15528,Long Hồ District-4427.jpeg,0.730696938931942,10.202499107738472N,105.9865641487E,[]
15529,Hoa Lư District-4280.jpeg,0.7306939586997032,20.297704314771565N,105.93921782328722E,[]
15531,Ninh Bình-889.jpeg,0.7305482439696789,20.238832541953983N,105.95003767244633E,[]
15533,Tam Điệp-4420.jpeg,0.7304434385150671,20.183026411573508N,105.88951999918079E,[]
15540,Vĩnh Long-1587.jpeg,0.7302537113428116,10.258429672217233N,105.8966626447672E,[]
15545,Vĩnh Long-80.jpeg,0.7301846630871296,10.227437936671176N,105.98429987798852E,[]
15546,Long Hồ District-4831.jpeg,0.7301666662096977,10.210583908315703N,105.9865641487E,[]
15547,Long Hồ District-2255.jpeg,0.7301474660634995,10.172854838955288N,105.93042509226822E,[]
15548,Cao Lanh City-3593.jpeg,0.7301346808671951,10.47561300781652N,105.59613326028135E,[]
15558,Cao Lanh City-1099.jpeg,0.7298891097307205,10.427104204353101N,105.67012610510976E,[]
15559,Yên Mỹ District-4244.jpeg,0.7298554331064224,20.929995679433993N,106.05656888912895E,[]
15565,Yên Mỹ District-3008.jpeg,0.7297300547361374,20.90439381093865N,105.97724121371212E,[]
15566,Tây Ninh City-1405.jpeg,0.7296556457877159,11.334000372812964N,106.111383662524E,[]
15568,Vĩnh Long-85.jpeg,0.7296264301985502,10.227437936671176N,105.99114653683395E,[]
15569,Hiệp Hòa District-4836.jpeg,0.72960364818573,21.325469080134603N,105.89938040893217E,[]
15570,Cao Lanh City-1980.jpeg,0.7295997962355614,10.441926338744695N,105.60983563895327E,[]
15574,Thái Bình-1164.jpeg,0.729457383044064,20.443290242305753N,106.31337804448594E,[]
15576,Duy Tiên District-5853.jpeg,0.729423638433218,20.69011444870766N,106.01376510818362E,[]
15578,Cai Lậy Town-6523.jpeg,0.7293916083872318,10.488173512706958N,106.12106049826308E,[]
15579,Mỹ Hào District-2305.jpeg,0.7293703779578209,20.93927587742473N,106.1310383462575E,[]
15581,Duy Tiên District-3755.jpeg,0.7293494045734406,20.649690445820323N,105.97776998812962E,[]
15583,Tây Ninh City-2253.jpeg,0.729319378733635,11.351517440730339N,106.14299530866373E,[]
15584,Ninh Bình-250.jpeg,0.7293025068938732,20.217273073747442N,105.97588912894847E,[]
15585,Bac Giang City-1648.jpeg,0.7293019406497478,21.27665734371951N,106.15479717286136E,[]
15587,Go Cong Town-3502.jpeg,0.7292675487697124,10.427728609527595N,106.66489235208824E,[]
15592,Mỹ Tho-2534.jpeg,0.7291923686861992,10.373176873399867N,106.39849950825723E,[]
15593,Châu Thành District-3580.jpeg,0.7291846461594105,10.278566338985474N,106.32107428915369E,[]
15595,Yên Mỹ District-1404.jpeg,0.7291270792484283,20.877444475680402N,106.04070335404559E,[]
15596,Hiệp Hòa District-4695.jpeg,0.7291039042174816,21.32277414660878N,105.96447536292821E,[]
15602,Binh Minh Town-4078.jpeg,0.7289752913638949,10.09218734381912N,105.828267715345E,[]
15606,Go Cong Town-631.jpeg,0.7288863509893417,10.359007804621099N,106.69777269870038E,[]
15610,Tây Ninh City-4023.jpeg,0.7288205288350582,11.381161709513586N,106.13337437288207E,[]
15611,Tây Ninh City-5100.jpeg,0.7288196459412575,11.398678777430964N,106.11000924312664E,[]
15617,Thái Bình-2179.jpeg,0.728762436658144,20.46484971051231N,106.32919746026477E,[]
15618,Ninh Bình-581.jpeg,0.7287500817328691,20.229400274613628N,106.0003043934227E,[]
15619,Thanh Liêm District-692.jpeg,0.7287139147520065,20.399241608479457N,105.93620595554552E,[]
15624,Bến Tre City-2224.jpeg,0.7286331355571747,10.24754240688895N,106.34610796412997E,[]
15633,Binh Minh Town-2897.jpeg,0.7285375520586967,10.059848141510198N,105.82005701150875E,[]
15634,Tây Ninh City-1034.jpeg,0.7285135872662067,11.325915572235711N,106.10451156553712E,[]
15644,Cao Lanh City-2902.jpeg,0.7283085510134697,10.459443406662043N,105.62216777975802E,[]
15648,Ninh Bình-1479.jpeg,0.7282114550471306,20.252307209583073N,105.95291005650212E,[]
15651,Vĩnh Long-689.jpeg,0.7281531244516373,10.243607537825643N,105.9035093036126E,[]
15653,Cai Lậy Town-1128.jpeg,0.7281173765659332,10.38441857196577N,106.11146990241708E,[]
15655,Tây Ninh City-957.jpeg,0.7280839942395687,11.323220638709966N,106.15261624444537E,[]
15656,Long Xuyen City-2736.jpeg,0.7280612476170063,10.37044094102396N,105.40434113585025E,[]
15657,Long Hồ District-1601.jpeg,0.728055864572525,10.16477003837806N,105.95507150728706E,[]
15659,Long Hồ District-6964.jpeg,0.7279567904770374,10.267177512356332N,106.02490301650705E,[]
15662,Long Hồ District-6461.jpeg,0.7277843728661537,10.25235537796474N,105.99067188453644E,[]
15664,Long Xuyen City-4726.jpeg,0.7277413830161095,10.414907344198749N,105.40297128785494E,[]
15665,Sa Đéc City-1193.jpeg,0.727736122906208,10.30444773928033N,105.74086240566193E,[]
15668,Mỹ Hào District-1273.jpeg,0.7276943065226078,20.919063875981042N,106.15556277939342E,[]
15673,Duy Tiên District-3651.jpeg,0.7275978326797485,20.64834297905743N,105.96913115931666E,[]
15679,Thái Bình-1157.jpeg,0.7273968309164047,20.443290242305753N,106.30331114353582E,[]
15685,Hiệp Hòa District-3500.jpeg,0.7272888571023941,21.305257078690875N,105.96013569932848E,['152.jpeg']
15686,Thái Bình-1013.jpeg,0.7272656187415123,20.43924784201703N,106.38816073725849E,[]
15690,Long Hồ District-5529.jpeg,0.7271800562739372,10.225406042707299N,105.96465622423881E,[]
15695,Cao Lanh City-2820.jpeg,0.7270835116505623,10.458095939899168N,105.59476302241417E,[]
15705,Tây Ninh City-3736.jpeg,0.7267286516726017,11.377119309224963N,106.08526969397381E,[]
15707,Cai Lậy Town-3026.jpeg,0.7266738936305046,10.418105241037583N,106.17175364773465E,[]
15709,Cai Lậy Town-452.jpeg,0.7266010120511055,10.370943904337045N,106.15668271140524E,[]
15710,Phu Ly City-53.jpeg,0.7265603952109814,20.492558406496656N,105.90849504924903E,[]
15713,Tây Ninh City-1548.jpeg,0.7264576926827431,11.336695306338713N,106.14162088926633E,[]
15717,Châu Thành District-6251.jpeg,0.7263171039521694,10.294735940139942N,106.42515575665892E,[]
15718,Hung Yen City-1466.jpeg,0.72624172270298,20.643519608843928N,106.09648529835867E,[]
15723,Vĩnh Long-2054.jpeg,0.7261341065168381,10.266514472794467N,105.89529331299809E,[]
15724,Bến Tre City-1347.jpeg,0.7260762173682451,10.231372805734486N,106.41867900693413E,[]
15725,Trà Vinh City-2111.jpeg,0.7260360419750214,9.970175842059554N,106.33176564748287E,[]
15727,Long Xuyen City-4321.jpeg,0.7259467039257288,10.404127610095772N,105.43173809575667E,[]
15728,Hiệp Hòa District-5893.jpeg,0.7259117998182774,21.33894374776375N,105.94277704492954E,[]
15729,Cai Lậy Town-515.jpeg,0.7257801592350006,10.372291371099921N,106.16627330725123E,[]
15731,Châu Thành District-9647.jpeg,0.7256981991231441,10.320337808634513N,106.26629456941409E,[]
15732,Yên Mỹ District-1595.jpeg,0.7256812639534473,20.88013940920623N,106.07964603106838E,[]
15735,Tam Điệp-1578.jpeg,0.7256413958966732,20.142602408686262N,105.8809075186571E,[]
15740,Cai Lậy Town-318.jpeg,0.7254837229847908,10.366901504048426N,106.15942288164696E,[]
15741,Phu Ly City-223.jpeg,0.7254737541079521,20.50603307412576N,105.91856790582827E,[]
15742,Cai Lậy Town-1719.jpeg,0.7254458144307137,10.393850839305879N,106.14024168995502E,[]
15749,Bến Tre City-2477.jpeg,0.7253744788467884,10.251584807177563N,106.36390840859136E,[]
15750,Tây Ninh City-2296.jpeg,0.7253393083810806,11.352864907493213N,106.0990138879476E,[]
15751,Châu Thành District-7858.jpeg,0.7253253236413002,10.305515674242919N,106.4292642356394E,[]
15752,Thái Bình-1126.jpeg,0.7253151945769787,20.441942775542838N,106.3565219057009E,[]
15753,Châu Thành District-5003.jpeg,0.7253102920949459,10.28799860632558N,106.16221310190883E,[]
15756,Trà Vinh City-2618.jpeg,0.7251729816198349,9.982303042925398N,106.33860589693562E,[]
15760,Mỹ Tho-495.jpeg,0.7250723093748093,10.338142737565185N,106.35740528297679E,[]
15764,Mỹ Tho-2229.jpeg,0.7249413440003991,10.367787006348378N,106.40671835331334E,[]
15767,Cai Lậy Town-4946.jpeg,0.7248947136104107,10.45313937687227N,106.1881946691849E,[]
15768,Long Hồ District-7401.jpeg,0.7248925045132637,10.276609779696438N,105.95644075256588E,[]
15772,Tây Ninh City-1510.jpeg,0.7248281836509705,11.336695306338713N,106.08939295216592E,[]
15775,Go Cong Town-3103.jpeg,0.7246787697076797,10.420991275713233N,106.67037240985691E,[]
15776,Tây Ninh City-5999.jpeg,0.7246018350124359,11.416195845348339N,106.12100459830566E,[]
15778,Phu Ly City-2509.jpeg,0.7245808243751526,20.550499477301795N,105.93007974191885E,[]
15783,Thái Bình-210.jpeg,0.7244962751865387,20.41634090704756N,106.34357874733641E,[]
15785,Cai Lậy Town-1531.jpeg,0.7244226410984993,10.391155905780133N,106.10461947681281E,[]
15788,Cai Lậy Town-5242.jpeg,0.7243580222129822,10.459876710686634N,106.10050922145024E,[]
15792,Thanh Liêm District-7330.jpeg,0.7242893911898136,20.505691482749345N,105.98078571862875E,[]
15793,Thanh Liêm District-5873.jpeg,0.7242785003036261,20.482784547779872N,105.9247015005563E,[]
15794,Châu Thành District-9657.jpeg,0.724272359162569,10.320337808634513N,106.279989499349E,[]
15796,Hung Yen City-3153.jpeg,0.724254198372364,20.698765746123286N,106.03888229938451E,[]
15799,Châu Thành District-3357.jpeg,0.7241935692727566,10.277218872222601N,106.31011834520577E,[]
15803,Mỹ Hào District-2417.jpeg,0.724105728790164,20.94197081095056N,106.04880936456651E,[]
15805,Hung Yen City-1356.jpeg,0.7240235954523087,20.64082467531811N,106.08496469856384E,[]
15806,Duy Tiên District-333.jpeg,0.7240120321512222,20.57423230709733N,105.99072823134907E,[]
15807,Mỹ Tho-3769.jpeg,0.7240016236901283,10.396083808368703N,106.33548836282719E,[]
15812,Cai Lậy Town-6141.jpeg,0.7239698208868504,10.477393778603979N,106.10735964705452E,[]
15816,Long Hồ District-3556.jpeg,0.723669521510601,10.189024440109755N,105.89619396029765E,[]
15818,Go Cong Town-4334.jpeg,0.7236561812460423,10.443898210682066N,106.62242190438084E,[]
15819,Thái Bình-1563.jpeg,0.7236551456153393,20.451375042883214N,106.3076255296573E,[]
15821,Cao Lanh City-4718.jpeg,0.72360510379076,10.49851994278535N,105.56735826507033E,['503.jpeg']
15824,Hung Yen City-3125.jpeg,0.7235414683818817,20.69741827936038N,106.04896282420499E,[]
15825,Châu Thành District-2150.jpeg,0.7235244363546371,10.269134071645368N,106.27040304839456E,[]
15828,Binh Minh Town-3814.jpeg,0.723463986068964,10.085450010004763N,105.79679335063939E,[]
15829,Cai Lậy Town-6305.jpeg,0.723454013466835,10.481436178892595N,106.10872973217536E,[]
15831,Bac Giang City-636.jpeg,0.7233646623790264,21.252402941987047N,106.17937844672568E,[]
15837,Trà Vinh City-31.jpeg,0.7231382690370083,9.889327836287272N,106.3495502960601E,[]
15839,Phu Ly City-3647.jpeg,0.723128505051136,20.573406412271282N,105.93439668045279E,[]
15842,Châu Thành District-343.jpeg,0.723046138882637,10.25161700372803N,106.21836231464192E,[]
15843,Hiệp Hòa District-7152.jpeg,0.7230442427098751,21.356460815681647N,105.90805973613166E,[]
15851,Long Hồ District-7162.jpeg,0.7228932604193687,10.271219912644948N,106.01668754483413E,[]
15854,Hung Yen City-756.jpeg,0.7228484153747559,20.627350007688996N,106.10656582317917E,[]
15861,Tây Ninh City-2248.jpeg,0.7226721309125423,11.351517440730339N,106.13612321167683E,[]
15862,Bến Tre City-2902.jpeg,0.7226179465651512,10.259669607754798N,106.37486252825991E,[]
15863,Yên Mỹ District-2942.jpeg,0.7226016186177731,20.903046344175742N,105.9931067487955E,[]
15865,Tây Ninh City-6338.jpeg,0.7225609421730042,11.422933179162715N,106.17323253540609E,[]
15868,Yên Mỹ District-608.jpeg,0.7225028201937675,20.862622341288365N,106.0075299625076E,[]
15869,Binh Minh Town-2680.jpeg,0.7224988108500838,10.054458274458714N,105.81595165959065E,[]
15871,Bến Tre City-398.jpeg,0.7224477138370275,10.208465870765659N,106.3707547333842E,"['691.jpeg', '711.jpeg']"
15875,Châu Thành District-9852.jpeg,0.7224234156310558,10.321685275397387N,106.37174552991279E,[]
15876,Cai Lậy Town-479.jpeg,0.722392313182354,10.372291371099921N,106.11695024290049E,[]
15877,Go Cong Town-3705.jpeg,0.7223917134106159,10.431771009816211N,106.61968187549651E,[]
15880,Châu Thành District-7060.jpeg,0.7222287245094776,10.30012580719143N,106.416938798698E,[]
15883,Thanh Liêm District-4717.jpeg,0.7221644297242165,20.466614946624954N,105.90313064745148E,[]
15898,Binh Minh Town-1899.jpeg,0.7215001806616783,10.038288673304255N,105.8570051787719E,[]
15900,Chau Doc City-4359.jpeg,0.7214615792036057,10.705217276369488N,105.12344799032675E,['961.jpeg']
15901,Phu Ly City-1977.jpeg,0.721432764083147,20.541067209961426N,105.93727463947543E,[]
15906,Long Hồ District-8536.jpeg,0.7213588282465935,10.296821781139522N,105.98930263925763E,[]
15908,Hiệp Hòa District-7349.jpeg,0.7212631553411484,21.359155749207478N,105.92975805413035E,[]
15914,Thanh Liêm District-4350.jpeg,0.7211380451917648,20.461225079573314N,105.91175898869342E,[]
15915,Long Hồ District-5017.jpeg,0.7211129069328308,10.21462630860432N,105.97697943174823E,[]
15919,Duy Tiên District-3067.jpeg,0.7209893018007278,20.640258178479957N,105.97776998812962E,[]
15924,Bến Tre City-3358.jpeg,0.7208475954830647,10.27314427538352N,106.34200016925425E,[]
15932,Go Cong Town-2678.jpeg,0.7205526269972324,10.412906475136N,106.63338201991824E,[]
15935,Mỹ Tho-1456.jpeg,0.7204509656876326,10.355659805482526N,106.33000913278981E,[]
15945,Binh Minh Town-226.jpeg,0.7202973514795303,9.997864670418105N,105.88026883964129E,[]
15951,Châu Thành District-7307.jpeg,0.7201307564973831,10.302820740717173N,106.20877586368749E,[]
15952,Cao Lanh City-420.jpeg,0.720117598772049,10.41632447025012N,105.6605344400394E,[]
15954,Long Hồ District-1689.jpeg,0.7200284376740456,10.16611750514093N,105.9235788658741E,[]
15956,Thanh Liêm District-4561.jpeg,0.7200070582330227,20.463920013099127N,105.94771041053473E,[]
15958,Châu Thành District-4147.jpeg,0.719981350004673,10.28260873927409N,106.19371144075912E,[]
15959,Hiệp Hòa District-4754.jpeg,0.7199774794280529,21.324121613371688N,105.92107872693089E,[]
15961,Sa Đéc City-677.jpeg,0.7198967523872852,10.286930671362994N,105.75729800817835E,[]
15976,Bac Giang City-760.jpeg,0.719554103910923,21.25509787551288N,106.20395972058999E,[]
15982,Mỹ Hào District-1245.jpeg,0.7193859741091728,20.919063875981042N,106.11516959540486E,[]
15984,Go Cong Town-1918.jpeg,0.7193182185292244,10.39404194045578N,106.64160210657127E,[]
15985,Vĩnh Long-1982.jpeg,0.7193102911114693,10.265167006031596N,105.88433865884542E,[]
15986,Long Hồ District-6793.jpeg,0.7193023450672626,10.26448257883059N,105.9701332053541E,[]
15987,Thanh Liêm District-807.jpeg,0.7192736193537712,20.403284008768185N,105.8815597943467E,[]
15989,Cai Lậy Town-2934.jpeg,0.7192711867392063,10.416757774274714N,106.12654083874648E,[]
15993,Cai Lậy Town-5626.jpeg,0.7191544771194458,10.466614044500997N,106.14024168995502E,[]
15996,Trà Vinh City-1314.jpeg,0.7191121652722359,9.944573973564998N,106.32629344792062E,[]
16001,Trà Vinh City-99.jpeg,0.7190166860818863,9.893370236575885N,106.33997394682622E,[]
16003,Tam Điệp-662.jpeg,0.7189705967903137,20.125085340768454N,105.91966368101353E,[]
16007,Châu Thành District-6947.jpeg,0.7188858687877655,10.30012580719143N,106.26218609043362E,[]
16011,Long Hồ District-4051.jpeg,0.7188373804092407,10.195761773924112N,105.96465622423881E,[]
16016,Cai Lậy Town-711.jpeg,0.7186857610940933,10.376333771388534N,106.15668271140524E,[]
16017,Cai Lậy Town-5815.jpeg,0.7186682596802711,10.470656444789617N,106.11009981729622E,[]
16020,Tây Ninh City-2983.jpeg,0.7186319846659899,11.363644641596215N,106.18010463239294E,[]
16024,Phu Ly City-1188.jpeg,0.7185813449323177,20.528940009095233N,105.90561709022639E,[]
16037,Thanh Liêm District-7821.jpeg,0.7182481475174427,20.51647121685263N,105.954900694903E,[]
16038,Tây Ninh City-1768.jpeg,0.7182184681296349,11.342085173390213N,106.111383662524E,[]
16042,Mỹ Hào District-2201.jpeg,0.7181715723127127,20.937928410661822N,106.10218607197996E,[]
16045,Binh Minh Town-2888.jpeg,0.7181273866444826,10.059848141510198N,105.8077409557544E,[]
16049,Cai Lậy Town-5695.jpeg,0.7180364280939102,10.467961511263871N,106.1375015197133E,[]
16053,Cai Lậy Town-786.jpeg,0.717985562980175,10.377681238151407N,106.16216305188868E,[]
16062,Ninh Bình-1223.jpeg,0.7176896687597036,20.24556987576853N,106.00461296950637E,[]
16063,Trà Vinh City-963.jpeg,0.7176872752606869,9.925709438884796N,106.32355734813949E,[]
16065,Trà Vinh City-967.jpeg,0.7175763733685017,9.925709438884796N,106.32902954770172E,[]
16068,Mỹ Tho-628.jpeg,0.7174972668290138,10.340837671090929N,106.36288451301418E,[]
16070,Hung Yen City-3425.jpeg,0.7174381464719772,20.708198013463676N,106.01008079989742E,[]
16088,Long Xuyen City-4817.jpeg,0.7171059064567089,10.417602277724498N,105.38790295990641E,[]
16094,Long Hồ District-8689.jpeg,0.7169723883271217,10.299516714665266N,106.00710282788233E,[]
16095,Hiệp Hòa District-6327.jpeg,0.7169111231341958,21.344333614815408N,105.96013569932848E,[]
16099,Châu Thành District-6834.jpeg,0.7168714590370655,10.29877834042856N,106.38407096685422E,[]
16101,Long Hồ District-3272.jpeg,0.7168631423264742,10.184982039821136N,105.94822528089293E,[]
16105,Long Xuyen City-4535.jpeg,0.7167037948966026,10.409517477147261N,105.43036824776134E,[]
16110,Cai Lậy Town-593.jpeg,0.7165612801909447,10.374986304625663N,106.09228871072513E,[]
16111,Long Hồ District-3820.jpeg,0.7165289409458637,10.191719373635499N,105.99751811093057E,[]
16115,Trà Vinh City-1578.jpeg,0.7164520658552647,9.95535370766797N,106.30987684923393E,[]
16116,Bac Giang City-1126.jpeg,0.716384295374155,21.26453014285328N,106.20829759244845E,[]
16122,Tây Ninh City-420.jpeg,0.716308705508709,11.309745971081217N,106.1127580819214E,[]
16127,Long Hồ District-3237.jpeg,0.7162573076784611,10.184982039821136N,105.90030169613412E,[]
16129,Hiệp Hòa District-7402.jpeg,0.716173529624939,21.359155749207478N,106.00642544439235E,[]
16130,Long Hồ District-8243.jpeg,0.7161569371819496,10.291431914088033N,105.97971792230587E,[]
16131,Tây Ninh City-549.jpeg,0.7161566726863384,11.313788371369842N,106.09489062975544E,[]
16138,Thanh Liêm District-7610.jpeg,0.7160227783024311,20.511081349800993N,105.987976002997E,[]
16141,Cao Lanh City-1949.jpeg,0.715973787009716,10.440578871981824N,105.67971777018008E,[]
16143,Châu Thành District-6342.jpeg,0.7159385085105896,10.296083406902813N,106.26766406240756E,[]
16144,Trà Vinh City-2158.jpeg,0.7159000039100647,9.971523308822425N,106.31945319846783E,[]
16149,Tây Ninh City-5839.jpeg,0.7158019617199898,11.412153445059715N,106.14986740565064E,[]
16150,Long Xuyen City-3073.jpeg,0.7157970294356346,10.377178274838322N,105.41256022382217E,[]
16151,Long Hồ District-4283.jpeg,0.7157798632979393,10.19980417421273N,105.9810871675847E,[]
16156,Hiệp Hòa District-5196.jpeg,0.7156840488314629,21.329511480423346N,105.99340645359317E,[]
16159,Cai Lậy Town-1048.jpeg,0.7156249061226845,10.383071105202898N,106.10872973217536E,[]
16166,Hiệp Hòa District-7019.jpeg,0.7154273390769958,21.353765882155816N,105.99051334452666E,[]
16169,Go Cong Town-917.jpeg,0.7153710648417473,10.367092605198332N,106.64845217878214E,[]
16171,Tây Ninh City-2709.jpeg,0.7153191398829222,11.359602241307586N,106.12787669529254E,[]
16173,Tây Ninh City-931.jpeg,0.7152467183768749,11.323220638709966N,106.11688134011352E,[]
16175,Long Xuyen City-4184.jpeg,0.7151201367378235,10.401432676570025N,105.39475219988303E,[]
16176,Sa Đéc City-836.jpeg,0.7150674536824226,10.292320538414481N,105.76140690880747E,[]
16177,Tây Ninh City-4346.jpeg,0.715035691857338,11.386551576565088N,106.10726040433188E,[]
16193,Long Hồ District-7724.jpeg,0.7147258631885052,10.281999646747927N,105.9934103750941E,[]
16194,Tây Ninh City-5747.jpeg,0.7146989107131958,11.41080597829684N,106.111383662524E,[]
16197,Châu Thành District-1612.jpeg,0.7146459817886353,10.265091671356753N,106.24986065349223E,[]
16202,Thái Bình-3095.jpeg,0.7145733442157507,20.49045157900761N,106.35364564828656E,[]
16203,Duy Tiên District-1093.jpeg,0.7145442590117455,20.60791897617009N,105.9748903785253E,[]
16204,Cai Lậy Town-4657.jpeg,0.7144841253757477,10.449096976583652N,106.09639896608768E,[]
16212,Thanh Liêm District-2178.jpeg,0.7143100574612617,20.430233344026384N,105.87436950997845E,[]
16217,Vĩnh Long-537.jpeg,0.7142081148922443,10.239565137537028N,105.97882255091221E,[]
16219,Châu Thành District-710.jpeg,0.7141685392707586,10.257006870779517N,106.19918941273308E,[]
16221,Mỹ Hào District-2137.jpeg,0.7141216434538364,20.936580943898907N,106.12815311882974E,[]
16224,Binh Minh Town-2971.jpeg,0.714067131280899,10.061195608273072N,105.85016292557502E,[]
16228,Cao Lanh City-1110.jpeg,0.7140028923749924,10.427104204353101N,105.68519872164887E,[]
16231,Tam Điệp-562.jpeg,0.7139262408018112,20.123737874005545N,105.87947210523652E,[]
16233,Yên Mỹ District-2539.jpeg,0.7138877660036087,20.89630901036118N,105.98733746331064E,[]
16234,Mỹ Hào District-3278.jpeg,0.7138755805790424,20.955445478579687N,106.04159629599714E,[]
16235,Long Hồ District-5767.jpeg,0.7138648070394993,10.229448442995913N,106.00162584676706E,[]
16236,Vĩnh Long-2226.jpeg,0.7138504609465599,10.270556873083086N,105.9281572754561E,[]
16248,Cai Lậy Town-1041.jpeg,0.7136044576764107,10.383071105202898N,106.0991391363294E,[]
16249,Châu Thành District-3322.jpeg,0.7135911174118519,10.277218872222601N,106.26218609043362E,[]
16251,Thanh Liêm District-6797.jpeg,0.7135572452098131,20.49760668217188N,105.90169259057785E,[]
16253,Tây Ninh City-1907.jpeg,0.7134825177490711,11.344780106915964N,106.12787669529254E,[]
16264,Tây Ninh City-6728.jpeg,0.7131681144237518,11.435060380028592N,106.16086276082966E,[]
16268,Vĩnh Long-623.jpeg,0.7130581438541412,10.242260071062768N,105.91720262130343E,[]
16276,Thái Bình-309.jpeg,0.7128190770745277,20.4217307740992N,106.35364564828656E,[]
16277,Long Hồ District-6224.jpeg,0.7128188759088516,10.241575643861761N,105.93179433754707E,[]
16278,Trà Vinh City-1582.jpeg,0.7128022834658623,9.95535370766797N,106.31534904879615E,[]
16279,Hiệp Hòa District-6652.jpeg,0.7127503976225853,21.348376015104158N,106.01655132612508E,[]
16285,Long Hồ District-8942.jpeg,0.71269641071558,10.304906581716757N,106.00025660148823E,[]
16291,Yên Mỹ District-2210.jpeg,0.7125580199062824,20.890919143309524N,105.98589514193941E,['624.jpeg']
16293,Yên Mỹ District-4352.jpeg,0.7124915029853582,20.935385546485644N,106.02195317621977E,[]
16298,Phu Ly City-2516.jpeg,0.7123467214405537,20.550499477301795N,105.94015259849807E,[]
16299,Tây Ninh City-529.jpeg,0.7123399451375008,11.312440904606968N,106.13062553408732E,[]
16300,Bến Tre City-814.jpeg,0.7123369798064232,10.219245604868638N,106.4118326821413E,[]
16303,Hung Yen City-1828.jpeg,0.7123053893446922,20.654299342947215N,106.06912387384595E,[]
16304,Thanh Liêm District-4267.jpeg,0.7122587338089943,20.459877612810402N,105.9275776143036E,[]
16305,Hiệp Hòa District-7129.jpeg,0.7122492119669914,21.355113348918735N,106.0107651079921E,[]
16307,Thanh Liêm District-239.jpeg,0.7122352793812752,20.38037707379872N,105.8945023062096E,[]
16309,Bến Tre City-1070.jpeg,0.7122026085853577,10.225982938682996N,106.37212399834277E,[]
16310,Sa Đéc City-2861.jpeg,0.712126150727272,10.371821077423945N,105.72168753605945E,[]
16320,Châu Thành District-5144.jpeg,0.711918868124485,10.28799860632558N,106.35531161399096E,[]
16327,Cao Lanh City-3495.jpeg,0.7117830850183964,10.47291807429077N,105.629018969094E,[]
16330,Trà Vinh City-222.jpeg,0.7117350697517395,9.898760103627373N,106.35775859540348E,[]
16338,Thái Bình-2378.jpeg,0.7116525992751122,20.468892110801047N,106.38240822242985E,[]
16339,Mỹ Tho-1986.jpeg,0.7116508930921555,10.36374460605976N,106.39849950825723E,[]
16344,Trà Vinh City-1983.jpeg,0.7115533128380775,9.96613344177094N,106.38238349343352E,[]
16349,Ninh Bình-807.jpeg,0.7114131189882755,20.236137608428162N,105.9859424731437E,[]
16354,Mỹ Hào District-3026.jpeg,0.7112772949039936,20.95140307829095N,106.05457981942202E,[]
16360,Long Xuyen City-5269.jpeg,0.711098313331604,10.429729478590351N,105.43995718372858E,[]
16367,Bến Tre City-2220.jpeg,0.7109996005892754,10.24754240688895N,106.34063090429568E,[]
16368,Châu Thành District-5289.jpeg,0.7109856829047203,10.289346073088451N,106.25944710444665E,[]
16372,Tây Ninh City-6298.jpeg,0.7108838446438313,11.422933179162715N,106.1182557595109E,[]
16374,Long Hồ District-8491.jpeg,0.7108498141169548,10.295474314376653N,106.02490301650705E,[]
16376,Mỹ Tho-3668.jpeg,0.7107470482587814,10.393388874842957N,106.38891085569182E,[]
16378,Duy Tiên District-341.jpeg,0.7106477841734886,20.57557977386023N,105.95761272089936E,[]
16379,Trà Vinh City-175.jpeg,0.7106224074959755,9.8974126368645N,106.3358697971545E,[]
16381,Cai Lậy Town-1864.jpeg,0.7105813324451447,10.39654577283162N,106.11695024290049E,[]
16385,Châu Thành District-2881.jpeg,0.7104887366294861,10.274523938696857N,106.22657927260288E,[]
16387,Hoa Lư District-330.jpeg,0.7104702927172184,20.195296840790487N,105.94496277429069E,['425.jpeg']
16389,Cai Lậy Town-6657.jpeg,0.7104345411062241,10.493563379758449N,106.0991391363294E,[]
16390,Go Cong Town-2301.jpeg,0.7104254812002182,10.403474207795886N,106.65393223655084E,[]
16401,Bến Tre City-2677.jpeg,0.710211381316185,10.255627207466182N,106.3447386991714E,[]
16406,Trà Vinh City-29.jpeg,0.7101158685982227,9.889327836287272N,106.346814196279E,[]
16408,Cao Lanh City-3562.jpeg,0.7100769020617008,10.474265541053642N,105.63724039629714E,[]
16410,Binh Minh Town-4102.jpeg,0.7100282981991768,10.09218734381912N,105.86111053069003E,[]
16413,Châu Thành District-6114.jpeg,0.7099610306322575,10.294735940139942N,106.2375352165508E,[]
16419,Long Hồ District-5853.jpeg,0.7097756192088127,10.232143376521655N,105.9153633942012E,[]
16421,Binh Minh Town-3263.jpeg,0.7097666747868061,10.069280408850302N,105.83647841918126E,[]
16424,Ninh Bình-752.jpeg,0.7096840776503086,20.234790141665254N,105.97732532097633E,[]
16426,Phu Ly City-2487.jpeg,0.709666546434164,20.550499477301795N,105.8984221926698E,[]
16428,Long Hồ District-7408.jpeg,0.7095917910337448,10.276609779696438N,105.96602546951763E,[]
16431,Go Cong Town-2919.jpeg,0.7095663845539093,10.418296342187489N,106.6100917744013E,[]
16433,Vĩnh Long-270.jpeg,0.709490455687046,10.23417527048554N,105.9021399718435E,[]
16435,Sa Đéc City-673.jpeg,0.7093835324048996,10.286930671362994N,105.75181947400624E,[]
16436,Duy Tiên District-258.jpeg,0.7093796133995056,20.5715373735715N,105.97776998812962E,[]
16438,Chau Doc City-3694.jpeg,0.70935869961977,10.693090075503628N,105.11522045413554E,[]
16440,Bến Tre City-2571.jpeg,0.7093100100755692,10.252932273940436N,106.39266297272131E,[]
16447,Trà Vinh City-3332.jpeg,0.7091632932424545,10.006557444657087N,106.32082124835837E,[]
16449,Hiệp Hòa District-8572.jpeg,0.709152314811945,21.38206268417704N,105.99485300812638E,[]
16450,Long Hồ District-780.jpeg,0.7091357409954071,10.153990304275084N,105.99888735620941E,[]
16463,Go Cong Town-4430.jpeg,0.7089128289371729,10.44659314420781N,106.63338201991824E,[]
16465,Tây Ninh City-3934.jpeg,0.7088796049356461,11.379814242750715N,106.12787669529254E,[]
16474,Mỹ Tho-2565.jpeg,0.7086185403168201,10.37452434016274N,106.33685817033654E,[]
16481,Tây Ninh City-2237.jpeg,0.7085532322525978,11.351517440730339N,106.12100459830566E,[]
16483,Cai Lậy Town-1387.jpeg,0.7085242867469788,10.38846097225439N,106.12928100898819E,[]
16489,Cao Lanh City-3878.jpeg,0.7084713354706764,10.481002874868004N,105.629018969094E,[]
16491,Cai Lậy Town-3910.jpeg,0.7084442861378193,10.435622308954924N,106.14435194531758E,[]
16497,Tây Ninh City-1847.jpeg,0.7083002626895905,11.343432640153088N,106.13337437288207E,[]
16504,Yên Mỹ District-1524.jpeg,0.7082199361175299,20.88013940920623N,105.97724121371212E,[]
16505,Phu Ly City-1634.jpeg,0.7081941040232778,20.535677342909782N,105.93871361898678E,[]
16506,Long Hồ District-7846.jpeg,0.708184078335762,10.284694580273671N,105.94959452617174E,[]
16512,Duy Tiên District-2220.jpeg,0.7081063631922007,20.62813097761375N,105.99216803615124E,[]
16515,Tây Ninh City-714.jpeg,0.7080357410013676,11.317830771658468N,106.12100459830566E,['981.jpeg']
16516,Vĩnh Long-432.jpeg,0.7079979553818703,10.236870204011284N,105.98840787329577E,[]
16517,Mỹ Tho-1876.jpeg,0.7079112119972706,10.362397139296887N,106.35740528297679E,[]
16519,Tây Ninh City-1068.jpeg,0.7078930959105492,11.325915572235711N,106.15124182504802E,[]
16525,Hung Yen City-890.jpeg,0.707784166559577,20.630044941214816N,106.1108860481022E,[]
16527,Tam Điệp-3906.jpeg,0.7077412344515324,20.174941610996054N,105.91535744075173E,[]
16529,Tam Điệp-2732.jpeg,0.7077007070183754,20.16011947660407N,105.93258240179902E,[]
16536,Trà Vinh City-481.jpeg,0.7075540442019701,9.90819237096747N,106.3563905455129E,[]
16538,Long Xuyen City-1354.jpeg,0.7074453495442867,10.339449205477894N,105.45639535967244E,[]
16539,Mỹ Hào District-223.jpeg,0.7073571607470512,20.89211454072279N,106.08198947998571E,[]
16540,Cai Lậy Town-2223.jpeg,0.7073432095348835,10.401935639883115N,106.19093483942662E,[]
16541,Thái Bình-1328.jpeg,0.70727398712188,20.445985175831574N,106.35364564828656E,[]
16544,Yên Mỹ District-2890.jpeg,0.7072545066475868,20.901698877412823N,106.03204942581829E,[]
16549,Long Hồ District-637.jpeg,0.7071660421788692,10.15264283751221N,105.91262490364353E,[]
16551,Tây Ninh City-5763.jpeg,0.7071607336401939,11.41080597829684N,106.13337437288207E,[]
16554,Long Xuyen City-3507.jpeg,0.707049548625946,10.385263075415558N,105.44406672771456E,[]
16556,Yên Mỹ District-2647.jpeg,0.7069908790290356,20.897656477124087N,106.02628014033344E,[]
16561,Thanh Liêm District-77.jpeg,0.706891868263483,20.370944806458358N,105.93476789867186E,[]
16562,Long Hồ District-7170.jpeg,0.706874206662178,10.271219912644948N,106.0276415070647E,[]
16567,Binh Minh Town-445.jpeg,0.7067000456154346,10.004602004232465N,105.86932123452628E,[]
16570,Vĩnh Long-1668.jpeg,0.7066685706377029,10.259777138980107N,105.88844665415267E,[]
16579,Châu Thành District-2063.jpeg,0.7064800187945366,10.267786604882494N,106.44022017958733E,[]
16585,Bến Tre City-3443.jpeg,0.7063713744282722,10.278534142435007N,106.32146119487572E,[]
16591,Cai Lậy Town-396.jpeg,0.7062770053744316,10.369596437574177N,106.13887160483415E,[]
16600,Long Xuyen City-5484.jpeg,0.706078827381134,10.437814279167585N,105.42214915978941E,[]
16602,Long Hồ District-4858.jpeg,0.7060541473329067,10.211931375078578N,105.93590207338352E,[]
16604,Long Xuyen City-1534.jpeg,0.7060388773679733,10.343491605766511N,105.4536556636818E,[]
16605,Mỹ Tho-2977.jpeg,0.7060258537530899,10.381261673977102N,106.38480143316373E,[]
16607,Mỹ Hào District-549.jpeg,0.7059902474284172,20.90154680806318N,106.10939914054937E,[]
16610,Cao Lanh City-2010.jpeg,0.7059174403548241,10.441926338744695N,105.65094277496904E,[]
16620,Mỹ Hào District-332.jpeg,0.705659281462431,20.894809474248618N,106.13248095997142E,[]
16624,Tây Ninh City-6292.jpeg,0.7055244743824005,11.422933179162715N,106.11000924312664E,[]
16626,Cai Lậy Town-2363.jpeg,0.7054829597473145,10.404630573408856N,106.18408441382235E,[]
16630,Long Hồ District-2173.jpeg,0.7053640112280846,10.171507372192416N,105.97287169591176E,[]
16634,Long Xuyen City-4630.jpeg,0.7051747431978583,10.412212410673003N,105.41529991981282E,['936.jpeg']
16636,Long Hồ District-4723.jpeg,0.7051161229610443,10.209236441552832N,105.92768660171058E,[]
16637,Trà Vinh City-2217.jpeg,0.7050762698054314,9.972870775585298N,106.32492539803008E,[]
16644,Duy Tiên District-2417.jpeg,0.7048939988017082,20.630825911139574N,106.00080686496418E,[]
16646,Hung Yen City-3481.jpeg,0.7048761621117592,20.70954548022658N,106.03168192451274E,[]
16650,Cai Lậy Town-410.jpeg,0.7048070132732391,10.370943904337045N,106.09776905120856E,[]
16652,Tây Ninh City-2930.jpeg,0.7047080248594284,11.363644641596215N,106.10726040433188E,['972.jpeg']
16653,Bến Tre City-1566.jpeg,0.7046884521842003,10.235415206023102N,106.42963312660268E,[]
16657,Go Cong Town-811.jpeg,0.7045662067830563,10.364397671672586N,106.64982219322431E,[]
16665,Hiệp Hòa District-4683.jpeg,0.7043558266013861,21.32277414660878N,105.9471167085293E,[]
16666,Tây Ninh City-150.jpeg,0.7043549828231335,11.301661170503968N,106.11000924312664E,"['971.jpeg', '95.jpeg']"
16670,Trà Vinh City-296.jpeg,0.7042212225496769,9.902802503915984N,106.31671709868672E,[]
16676,Go Cong Town-4798.jpeg,0.7040509693324566,10.465457678888026N,106.64845217878214E,[]
16678,Binh Minh Town-1443.jpeg,0.7039935402572155,10.028856405964154N,105.84058377109939E,[]
16685,Tây Ninh City-1004.jpeg,0.7038384936749935,11.324568105472839N,106.14024646986898E,[]
16686,Châu Thành District-10554.jpeg,0.7038243040442467,10.333812476263239N,106.34846414902348E,[]
16689,Trà Vinh City-1826.jpeg,0.7037513069808483,9.962091041482322N,106.3495502960601E,[]
16690,Cao Lanh City-1275.jpeg,0.7037355527281761,10.429799137878842N,105.6783475323129E,[]
16701,Tam Điệp-1557.jpeg,0.7036201804876328,20.142602408686262N,105.85076383682436E,[]
16702,Tam Điệp-2394.jpeg,0.7036092854104936,20.156077076315338N,105.86511797103043E,[]
16703,Cai Lậy Town-821.jpeg,0.7036068290472031,10.379028704914282N,106.10735964705452E,[]
16710,Cai Lậy Town-5137.jpeg,0.7033713832497597,10.45718177716089N,106.15120237092184E,[]
16713,Tam Điệp-874.jpeg,0.7032997235655785,20.12912774105718N,105.90818037364869E,[]
16715,Duy Tiên District-398.jpeg,0.7032766379415989,20.578274707386054N,105.96625154971235E,[]
16717,Mỹ Tho-2250.jpeg,0.7032433673739433,10.369134473111249N,106.3272695177711E,[]
16724,Long Hồ District-8435.jpeg,0.703160997480154,10.295474314376653N,105.94822528089293E,[]
16727,Hiệp Hòa District-7162.jpeg,0.7031029243953526,21.356460815681647N,105.9225252814641E,[]
16734,Châu Thành District-862.jpeg,0.702899619936943,10.258354337542391N,106.24301318852476E,[]
16735,Chau Doc City-1519.jpeg,0.702892042696476,10.658055939668927N,105.12481924635865E,[]
16739,Binh Minh Town-3878.jpeg,0.702831462956965,10.086797476767636N,105.81868856086938E,[]
16740,Bến Tre City-363.jpeg,0.7027052119374275,10.207118404002786N,106.38581664792846E,[]
16743,Phu Ly City-1644.jpeg,0.7026138603687286,20.535677342909782N,105.95310341409997E,[]
16749,Cai Lậy Town-5998.jpeg,0.7024262398481369,10.473351378315359N,106.17586390309722E,[]
16753,Go Cong Town-1961.jpeg,0.70236025005579,10.395389407218653N,106.6306419910339E,[]
16755,Cao Lanh City-557.jpeg,0.7023540958762169,10.419019403775863N,105.62079754189082E,[]
16763,Go Cong Town-1463.jpeg,0.7021121382713318,10.380567272827056N,106.69777269870038E,['855.jpeg']
16768,Cai Lậy Town-6627.jpeg,0.7020045146346092,10.492215912995576N,106.10187930657109E,[]
16783,Cao Lanh City-4320.jpeg,0.7015185132622719,10.490435142208117N,105.58517135734382E,[]
16789,Trà Vinh City-1191.jpeg,0.7014493942260742,9.937836639750643N,106.32492539803008E,[]
16791,Bến Tre City-2632.jpeg,0.7014167159795761,10.254279740703309N,106.37897032313563E,[]
16794,Thái Bình-1505.jpeg,0.7013541087508202,20.450027576120302N,106.31769243060747E,[]
16796,Cai Lậy Town-5586.jpeg,0.7013308927416801,10.465266577738122N,106.1827143287015E,[]
16797,Binh Minh Town-3233.jpeg,0.7013164311647415,10.06793294208743N,105.86384743196876E,[]
16801,Cao Lanh City-1001.jpeg,0.7012119293212891,10.42575673759023N,105.65094277496904E,[]
16808,Tam Điệp-2567.jpeg,0.7010905742645264,20.158772009841154N,105.83784511603886E,[]
16812,Go Cong Town-6.jpeg,0.700962170958519,10.336100869652268N,106.65804227987738E,[]
16813,Long Hồ District-8657.jpeg,0.7009393200278282,10.299516714665266N,105.96328697896001E,[]
16814,Phu Ly City-1910.jpeg,0.7009127624332905,20.539719743198518N,105.96461525019052E,[]
16816,Cao Lanh City-3854.jpeg,0.700893446803093,10.481002874868004N,105.59613326028135E,[]
16819,Châu Thành District-5929.jpeg,0.700860995799303,10.293388473377066N,106.26766406240756E,[]
16821,Long Hồ District-2178.jpeg,0.7008004151284695,10.171507372192416N,105.97971792230587E,[]
16830,Ninh Bình-404.jpeg,0.7005981504917145,20.224010407561988N,105.9672719767811E,[]
16836,Sa Đéc City-358.jpeg,0.7005413398146629,10.277498404022884N,105.73264460440373E,['530.jpeg']
16846,Cai Lậy Town-6194.jpeg,0.7003570422530174,10.478741245366848N,106.10050922145024E,[]
16847,Cai Lậy Town-2584.jpeg,0.7003152668476105,10.410020440460348N,106.09776905120856E,[]
16848,Cai Lậy Town-696.jpeg,0.7002683058381081,10.376333771388534N,106.13613143459246E,[]
16854,Cai Lậy Town-6005.jpeg,0.7001442350447178,10.474698845078231N,106.09502888096684E,[]
16855,Phu Ly City-3971.jpeg,0.7001188099384308,20.58149121284874N,105.93583565996408E,[]
16856,Cai Lậy Town-5135.jpeg,0.7001075260341167,10.45718177716089N,106.14846220068013E,[]
16859,Yên Mỹ District-4218.jpeg,0.700021406635642,20.929995679433993N,106.01906853347737E,[]
16860,Tây Ninh City-5878.jpeg,0.7000211030244827,11.41350091182259N,106.11963017890828E,[]
16862,Bac Giang City-1062.jpeg,0.7000034414231777,21.263182676090366N,106.19383801958705E,[]
16863,Duy Tiên District-281.jpeg,0.6999813467264175,20.57288484033442N,105.96337194010802E,[]
16874,Châu Thành District-1667.jpeg,0.6998339183628559,10.265091671356753N,106.37722350188677E,[]
16878,Thanh Liêm District-678.jpeg,0.6997691169381142,20.399241608479457N,105.9160731593144E,[]
16879,Sa Đéc City-216.jpeg,0.699754573404789,10.273456003734271N,105.73264460440373E,[]
16881,Trà Vinh City-2449.jpeg,0.6997004672884941,9.978260642636783N,106.33176564748287E,[]
16888,Mỹ Hào District-3503.jpeg,0.6995454952120781,20.958140412105514N,106.13248095997142E,[]
16891,Châu Thành District-3078.jpeg,0.6994543746113777,10.275871405459727N,106.21699282164845E,[]
16892,Long Hồ District-5433.jpeg,0.6994398161768913,10.224058575944424N,105.91947113003765E,[]
16893,Long Hồ District-2588.jpeg,0.699438963085413,10.176897239243907N,105.9235788658741E,[]
16895,Trà Vinh City-2436.jpeg,0.6993901431560516,9.978260642636783N,106.31398099890559E,[]
16896,Châu Thành District-2218.jpeg,0.6993758901953697,10.269134071645368N,106.4032438687631E,[]
16900,Tây Ninh City-4281.jpeg,0.6992849595844746,11.385204109802213N,106.13612321167683E,[]
16901,Bến Tre City-1822.jpeg,0.6992845609784126,10.240805073074588N,106.36253914363279E,[]
16902,Binh Minh Town-3297.jpeg,0.6992629792075604,10.070627875613173N,105.81595165959065E,['28.jpeg']
16909,Chau Doc City-4003.jpeg,0.6991542354226112,10.698479942555121N,105.11522045413554E,"['959.jpeg', '470.jpeg']"
16927,Long Xuyen City-4053.jpeg,0.6986687909811735,10.397390276281406N,105.4468064237052E,[]
16928,Bến Tre City-686.jpeg,0.6986329965293407,10.21655067134289N,106.37760105817705E,[]
16932,Sa Đéc City-1575.jpeg,0.6985604204237461,10.31792240690905N,105.73675350503285E,[]
16933,Bac Giang City-1983.jpeg,0.6985435876995325,21.28204721077117N,106.1880541904425E,[]
16937,Bến Tre City-1235.jpeg,0.6985240653157234,10.230025338971611N,106.35432355388139E,[]
16942,Mỹ Tho-2339.jpeg,0.6982695451006293,10.37048193987412N,106.34233740037392E,[]
16946,Long Hồ District-6334.jpeg,0.6981496959924698,10.244270577387509N,106.01805679011294E,[]
16948,Bến Tre City-2048.jpeg,0.6981006860733032,10.244847473363206N,106.33789237437855E,[]
16950,Hiệp Hòa District-4990.jpeg,0.6980150528252125,21.32681654689752N,105.98038746279394E,[]
16951,Mỹ Hào District-3757.jpeg,0.6980059407651424,20.966225212682993N,106.07044857027465E,[]
16959,Go Cong Town-3344.jpeg,0.6977684795856476,10.425033676001851N,106.67859249650996E,[]
16963,Yên Mỹ District-665.jpeg,0.697731290012598,20.863969808051277N,106.01041460525009E,[]
16967,Yên Mỹ District-1359.jpeg,0.6976384874433279,20.877444475680402N,105.97579889234092E,[]
16974,Tây Ninh City-3326.jpeg,0.6975480318069458,11.370381975410586N,106.0921417909607E,[]
16975,Long Hồ District-3342.jpeg,0.6975288242101669,10.18632950658401N,105.89482471501881E,[]
16977,Hiệp Hòa District-6006.jpeg,0.6974719446152449,21.340291214526662N,105.95145637212903E,[]
16979,Bac Giang City-2365.jpeg,0.6974387550726533,21.28878454458574N,106.20251376330387E,[]
16980,Tây Ninh City-6125.jpeg,0.697429858148098,11.418890778874088N,106.13062553408732E,[]
16982,Mỹ Tho-1981.jpeg,0.6973837316036224,10.36374460605976N,106.39165047071049E,[]
16983,Sa Đéc City-2878.jpeg,0.6973772309720516,10.373168544186822N,105.71073046771518E,[]
16986,Yên Mỹ District-2940.jpeg,0.6973058618605137,20.903046344175742N,105.99022210605307E,[]
17003,Duy Tiên District-452.jpeg,0.6969306841492653,20.580969640911874N,105.98208940253609E,[]
17004,Long Xuyen City-1340.jpeg,0.6969306133687496,10.339449205477894N,105.43721748773795E,[]
17006,Mỹ Hào District-2156.jpeg,0.6968943625688553,20.937928410661822N,106.0372684548555E,[]
17008,Bac Giang City-845.jpeg,0.696881614625454,21.25779280903871N,106.17359461758113E,[]
17010,Duy Tiên District-5042.jpeg,0.6968381032347679,20.66855498050109N,106.00656608417283E,[]
17011,Thanh Liêm District-501.jpeg,0.6968303099274635,20.392504274664912N,105.92182538680898E,[]
17013,Trà Vinh City-3361.jpeg,0.6968028321862221,10.00790491141996N,106.31808514857725E,[]
17015,Duy Tiên District-4202.jpeg,0.6967846229672432,20.656427779634885N,105.92593701525183E,[]
17018,Long Hồ District-7152.jpeg,0.6967269852757454,10.271219912644948N,106.00299509204586E,['554.jpeg']
17021,Mỹ Tho-2267.jpeg,0.6966735795140266,10.369134473111249N,106.35055624543003E,[]
17025,Cai Lậy Town-4141.jpeg,0.6966571025550365,10.439664709243544N,106.14024168995502E,[]
17028,Duy Tiên District-5924.jpeg,0.6964811012148857,20.694156848996396N,106.00080686496418E,[]
17033,Thanh Liêm District-96.jpeg,0.6963870599865913,20.37229227322126N,105.92613955742995E,[]
17035,Châu Thành District-6240.jpeg,0.6962870843708515,10.294735940139942N,106.41009133373053E,[]
17036,Sa Đéc City-1460.jpeg,0.6962719894945621,10.313880006620439N,105.73675350503285E,[]
17042,Chau Doc City-3556.jpeg,0.6961871720850468,10.690395141977882N,105.15087311096424E,[]
17046,Mỹ Tho-1081.jpeg,0.6960646733641624,10.348922471668164N,106.36562412803286E,[]
17052,Bến Tre City-3356.jpeg,0.6959949284791946,10.27314427538352N,106.33926163933714E,[]
17057,Hung Yen City-2771.jpeg,0.6957235857844353,20.68529107849418N,106.0835246235895E,[]
17062,Cai Lậy Town-4810.jpeg,0.6955294385552406,10.4517919101094N,106.10187930657109E,[]
17065,Châu Thành District-4820.jpeg,0.6954239308834076,10.286651139562707N,106.20877586368749E,[]
17068,Duy Tiên District-513.jpeg,0.695295911282301,20.585012041200606N,105.97776998812962E,[]
17076,Trà Vinh City-1207.jpeg,0.6952068880200386,9.937836639750643N,106.346814196279E,[]
17082,Châu Thành District-5687.jpeg,0.6950576230883598,10.292041006614197N,106.22247079362242E,[]
17084,Hiệp Hòa District-6424.jpeg,0.6950049973092973,21.345681081578324N,105.95724259026198E,[]
17087,Tây Ninh City-1820.jpeg,0.6949229557067156,11.343432640153088N,106.09626504915283E,[]
17091,Châu Thành District-8549.jpeg,0.6947984397411346,10.310905541294407N,106.34435567004302E,[]
17096,Hiệp Hòa District-763.jpeg,0.6945858187973499,21.25540080846303N,105.96013569932848E,[]
17099,Châu Thành District-7336.jpeg,0.6945573352277279,10.302820740717173N,106.24849116049872E,[]
17100,Tam Điệp-2330.jpeg,0.6945541277527809,20.15472960955243N,105.90674496022807E,[]
17104,Tây Ninh City-5226.jpeg,0.6943729296326637,11.400026244193837N,106.1787302129956E,[]
17109,Hoa Lư District-1356.jpeg,0.6942664044909179,20.21820377575993N,105.93778158553636E,[]
17111,Châu Thành District-1139.jpeg,0.694247230887413,10.261049271068135N,106.25807761145315E,[]
17127,Cai Lậy Town-3132.jpeg,0.6938286870718002,10.420800174563325N,106.14161177507587E,[]
17129,Long Hồ District-3904.jpeg,0.6937858685851097,10.193066840398368N,105.9865641487E,[]
17131,Cai Lậy Town-4927.jpeg,0.6937741935253143,10.45313937687227N,106.16216305188868E,[]
17134,Long Hồ District-4941.jpeg,0.6937519945204258,10.21327884184145N,105.96191773368116E,[]
17139,Hung Yen City-1918.jpeg,0.693666223436594,20.656994276473046N,106.08064447364077E,[]
17142,Tây Ninh City-1800.jpeg,0.6935946419835091,11.342085173390213N,106.15536508324013E,[]
17146,Long Hồ District-3252.jpeg,0.6935364976525307,10.184982039821136N,105.92084037531647E,[]
17148,Long Hồ District-7050.jpeg,0.6934993043541908,10.269872445882076N,105.95780999784469E,[]
17150,Châu Thành District-4210.jpeg,0.6934720873832703,10.28260873927409N,106.279989499349E,[]
17151,Hiệp Hòa District-8463.jpeg,0.6934257410466671,21.37936775065121N,106.01655132612508E,[]
17152,Phu Ly City-2215.jpeg,0.6934109069406986,20.545109610250154N,105.94159157800942E,[]
17154,Long Hồ District-2551.jpeg,0.6933612115681171,10.176897239243907N,105.87291679055765E,[]
17155,Châu Thành District-3705.jpeg,0.6932934112846851,10.279913805748345N,106.19371144075912E,[]
17162,Duy Tiên District-408.jpeg,0.6931272223591805,20.578274707386054N,105.98064959773394E,[]
17163,Tây Ninh City-5924.jpeg,0.6931257583200932,11.414848378585464N,106.10038830734497E,[]
17164,Sa Đéc City-2505.jpeg,0.6931228712201118,10.355651476269477N,105.73264460440373E,[]
17165,Mỹ Tho-2628.jpeg,0.6930838525295258,10.37587180692561N,106.31905067271501E,[]
17175,Cai Lậy Town-5693.jpeg,0.6929430663585663,10.467961511263871N,106.1347613494716E,[]
17181,Thanh Liêm District-4539.jpeg,0.692885085940361,20.463920013099127N,105.9160731593144E,[]
17182,Bến Tre City-428.jpeg,0.6928827613592148,10.208465870765659N,106.4118326821413E,[]
17183,Ninh Bình-142.jpeg,0.6928582042455673,20.213230673458717N,105.96583578475317E,[]
17184,Long Hồ District-3851.jpeg,0.6928450725972652,10.193066840398368N,105.91399414892234E,[]
17185,Cai Lậy Town-6158.jpeg,0.6927743852138519,10.477393778603979N,106.13065109410903E,[]
17187,Cao Lanh City-518.jpeg,0.6927437111735344,10.417671937012992N,105.68108800804731E,[]
17190,Hoa Lư District-1023.jpeg,0.6926609687507153,20.210118975182482N,105.96076138955021E,[]
17196,Sa Đéc City-2866.jpeg,0.6926139295101166,10.371821077423945N,105.72853570377463E,[]
17197,Go Cong Town-4386.jpeg,0.6925823166966438,10.445245677444937N,106.6306419910339E,[]
17198,Tây Ninh City-1671.jpeg,0.6925620213150978,11.339390239864464N,106.14711856685587E,[]
17202,Cai Lậy Town-6151.jpeg,0.6924822218716145,10.477393778603979N,106.12106049826308E,[]
17203,Hiệp Hòa District-6479.jpeg,0.692478041164577,21.347028548341235N,105.88925452719944E,[]
17204,Hung Yen City-3311.jpeg,0.6924508875235915,20.704155613174933N,106.03168192451274E,[]
17206,Go Cong Town-4307.jpeg,0.6923663429915905,10.44255074391919N,106.65256222210868E,[]
17210,Duy Tiên District-2095.jpeg,0.6923257894814014,20.626783510850842N,105.95041369688856E,[]
17213,Cai Lậy Town-2201.jpeg,0.6922985687851906,10.401935639883115N,106.16079296676783E,[]
17220,Hiệp Hòa District-6807.jpeg,0.6920907301828265,21.351070948629985N,105.96447536292821E,[]
17221,Binh Minh Town-1516.jpeg,0.6920641586184502,10.030203872727025N,105.8570051787719E,[]
17225,Phu Ly City-4277.jpeg,0.6919580213725567,20.594965880477854N,105.93007974191885E,[]
17229,Châu Thành District-5832.jpeg,0.6919183805584908,10.292041006614197N,106.42104727767847E,[]
17230,Cai Lậy Town-5139.jpeg,0.6918470729142427,10.45718177716089N,106.15394254116356E,[]
17231,Long Xuyen City-2496.jpeg,0.691800594329834,10.365051073972468N,105.4413270317239E,[]
17234,Tây Ninh City-5701.jpeg,0.6917248070240021,11.409458511533964N,106.14162088926633E,[]
17238,Long Hồ District-8992.jpeg,0.6916851997375488,10.306254048479625N,105.98930263925763E,[]
17240,Mỹ Tho-3150.jpeg,0.6916747912764549,10.385304074265717N,106.30809221264022E,[]
17241,Ninh Bình-951.jpeg,0.6916708424687386,20.240180008716898N,105.9557824405579E,['417.jpeg']
17242,Hiệp Hòa District-2846.jpeg,0.691665705293417,21.29447734458756N,105.99195989905994E,[]
17249,Châu Thành District-7883.jpeg,0.6915754191577435,10.306863141005792N,106.20055890572655E,[]
17252,Mỹ Hào District-1831.jpeg,0.6915498040616512,20.931191076847256N,106.136808801113E,[]
17257,Châu Thành District-1963.jpeg,0.6914680935442448,10.267786604882494N,106.25944710444665E,[]
17258,Long Hồ District-427.jpeg,0.691440112888813,10.148600437223596N,106.02216452594939E,[]
17262,Chau Doc City-4423.jpeg,0.6913083214312792,10.706564743132363N,105.12619050239051E,[]
17269,Hiệp Hòa District-7600.jpeg,0.691127099096775,21.363198149496224N,105.91529250879789E,[]
17270,Phu Ly City-2257.jpeg,0.6911065801978111,20.546457077013063N,105.89122729511318E,[]
17271,Go Cong Town-480.jpeg,0.6910986565053463,10.354965404332479N,106.69092262648952E,[]
17274,Cao Lanh City-4699.jpeg,0.691022228449583,10.497172476022477N,105.63449992056276E,[]
17275,Mỹ Hào District-1897.jpeg,0.6910109128803015,20.932538543610175N,106.12959573254362E,[]
17277,Cai Lậy Town-2752.jpeg,0.6908886954188347,10.41271537398609N,106.14024168995502E,[]
17278,Hiệp Hòa District-2903.jpeg,0.6908794529736042,21.295824811350474N,105.95724259026198E,[]
17286,Châu Thành District-4315.jpeg,0.690630592405796,10.28260873927409N,106.42378626366543E,[]
17287,Hiệp Hòa District-4276.jpeg,0.690572876483202,21.316036812794195N,106.0107651079921E,[]
17290,Tây Ninh City-5475.jpeg,0.6904910206794739,11.405416111245337N,106.11963017890828E,[]
17291,Hiệp Hòa District-5657.jpeg,0.6904709246009588,21.336248814237923N,105.90950629066491E,[]
17293,Tây Ninh City-4252.jpeg,0.6904521211981773,11.385204109802213N,106.09626504915283E,[]
17295,Go Cong Town-483.jpeg,0.6904248129576445,10.354965404332479N,106.69503266981602E,[]
17299,Cao Lanh City-4859.jpeg,0.6903608441352844,10.501214876311098N,105.57694993014067E,[]
17302,Châu Thành District-2786.jpeg,0.6903379745781422,10.273176471933986N,106.39228792481515E,[]
17305,Yên Mỹ District-1856.jpeg,0.6902831038460135,20.885529276257877N,105.96714496411361E,[]
17311,Trà Vinh City-2099.jpeg,0.6900801137089729,9.970175842059554N,106.31534904879615E,[]
17320,Châu Thành District-714.jpeg,0.6899355873465538,10.257006870779517N,106.20466738470704E,[]
17326,Mỹ Tho-1840.jpeg,0.6897803656756878,10.362397139296887N,106.30809221264022E,[]
17328,Trà Vinh City-1087.jpeg,0.689764641225338,9.931099305936286N,106.35091834595066E,[]
17333,Binh Minh Town-66.jpeg,0.6896736174821854,9.991127336603748N,105.87479503708379E,['537.jpeg']
17334,Long Hồ District-1105.jpeg,0.6896730847656727,10.158032704563702N,106.02216452594939E,[]
17335,Tây Ninh City-5110.jpeg,0.6896271705627441,11.398678777430964N,106.12375343710043E,[]
17339,Hiệp Hòa District-5492.jpeg,0.6895776707679033,21.333553880712092N,105.97604779919419E,[]
17340,Bến Tre City-1816.jpeg,0.6895676478743553,10.240805073074588N,106.35432355388139E,[]
17349,Hiệp Hòa District-4726.jpeg,0.6893258765339851,21.32277414660878N,106.00931855345885E,[]
17350,Bến Tre City-1661.jpeg,0.6893238350749016,10.238110139548848N,106.35569281883996E,[]
17351,Châu Thành District-3467.jpeg,0.6892835237085819,10.278566338985474N,106.16632158088929E,[]
17352,Long Hồ District-4279.jpeg,0.6892803460359573,10.19980417421273N,105.9756101864694E,[]
17354,Trà Vinh City-1852.jpeg,0.6892313212156296,9.963438508245199N,106.32082124835837E,[]
17357,Tam Điệp-1735.jpeg,0.6891570407897234,20.145297342212086N,105.88808458576018E,[]
17363,Trà Vinh City-3159.jpeg,0.6889902502298355,9.999820110842727N,106.32629344792062E,[]
17364,Duy Tiên District-4700.jpeg,0.6889618281275034,20.66316511344944N,105.99936706016202E,[]
17366,Hiệp Hòa District-6871.jpeg,0.6889347601681948,21.3524184153929N,105.91673906333112E,[]
17367,Long Hồ District-547.jpeg,0.6888867318630219,10.151295370749338N,105.92084037531647E,[]
17371,Thanh Liêm District-7888.jpeg,0.6887603178620338,20.52051361714136N,105.97790960488143E,[]
17372,Tây Ninh City-5377.jpeg,0.6887344419956207,11.402721177719588N,106.18147905179035E,[]
17376,Go Cong Town-559.jpeg,0.6886162981390953,10.357660337858226N,106.67037240985691E,[]
17380,Go Cong Town-4473.jpeg,0.6884718388319016,10.447940610970683N,106.64160210657127E,[]
17382,Chau Doc City-1666.jpeg,0.6884467266499996,10.660750873194672N,105.12207673429492E,[]
17385,Châu Thành District-2322.jpeg,0.6883802935481071,10.27048153840824N,106.25533862546617E,[]
17387,Hung Yen City-3229.jpeg,0.6883168090134859,20.701460679649117N,106.03744222441014E,[]
17388,Mỹ Tho-3918.jpeg,0.6883143484592438,10.398778741894443N,106.38480143316373E,[]
17389,Duy Tiên District-3137.jpeg,0.6882656123489141,20.641605645242862N,105.93745545366913E,[]
17393,Châu Thành District-3895.jpeg,0.6882194429636002,10.281261272511216N,106.15125715796093E,[]
17394,Yên Mỹ District-2277.jpeg,0.6882192548364401,20.890919143309524N,106.08253067381081E,[]
17395,Duy Tiên District-427.jpeg,0.688210878521204,20.579622174148962N,105.9748903785253E,[]
17398,Mỹ Hào District-1867.jpeg,0.6881288662552834,20.932538543610175N,106.08631732112731E,[]
17400,Hiệp Hòa District-9536.jpeg,0.6880383715033531,21.406317085909514N,105.99340645359317E,[]
17408,Long Hồ District-6421.jpeg,0.687896016985178,10.249660444438993N,105.99888735620941E,[]
17409,Cao Lanh City-488.jpeg,0.6878805626183748,10.417671937012992N,105.63998087203153E,[]
17410,Binh Minh Town-2450.jpeg,0.6878712475299835,10.04906840740723N,105.87068968516567E,[]
17414,Thanh Liêm District-4614.jpeg,0.6878518462181091,20.46526747986205N,105.89018813558863E,[]
17415,Trà Vinh City-1329.jpeg,0.6878121793270111,9.944573973564998N,106.346814196279E,[]
17416,Hung Yen City-1171.jpeg,0.687745988368988,20.636782275029375N,106.05040289917935E,[]
17417,Go Cong Town-3827.jpeg,0.6877388767898083,10.43311847657908N,106.67996251095214E,[]
17421,Trà Vinh City-2932.jpeg,0.6875904276967049,9.991735310265497N,106.31945319846783E,[]
17427,Bến Tre City-1458.jpeg,0.6873886100947857,10.234067739260228N,106.38033958809419E,['695.jpeg']
17428,Cai Lậy Town-2045.jpeg,0.6873704269528389,10.39924070635737N,106.14983228580098E,[]
17434,Binh Minh Town-4468.jpeg,0.6872952617704868,10.109704411736457N,105.85016292557502E,[]
17436,Mỹ Hào District-3729.jpeg,0.687222320586443,20.964877745920074N,106.06467811541916E,[]
17446,Go Cong Town-2226.jpeg,0.6869796700775623,10.402126741033015N,106.62790196214955E,[]
17452,Cao Lanh City-3460.jpeg,0.6869073733687401,10.47291807429077N,105.58106064374226E,[]
17456,Bến Tre City-2172.jpeg,0.6867728754878044,10.246194940126077N,106.39129370776274E,[]
17461,Bac Giang City-817.jpeg,0.686725202947855,21.256445342275793N,106.20829759244845E,[]
17462,Cai Lậy Town-1364.jpeg,0.6866984441876411,10.38846097225439N,106.09776905120856E,[]
17465,Tam Điệp-641.jpeg,0.6866812035441399,20.125085340768454N,105.88951999918079E,[]
17470,Tam Điệp-785.jpeg,0.6864409521222115,20.127780274294267N,105.88664917233955E,[]
17472,Tây Ninh City-6259.jpeg,0.6864227652549744,11.421585712399843N,106.14849298625326E,[]
17473,Thanh Liêm District-3159.jpeg,0.6863971315324306,20.44505547841839N,105.86142699811558E,[]
17475,Cao Lanh City-923.jpeg,0.6863627955317497,10.424409270827352N,105.6605344400394E,[]
17482,Vĩnh Long-739.jpeg,0.6862666383385658,10.243607537825643N,105.97197589206677E,[]
17484,Tây Ninh City-838.jpeg,0.6862355954945087,11.320525705184215N,106.14299530866373E,['614.jpeg']
17486,Duy Tiên District-4206.jpeg,0.6861904561519623,20.656427779634885N,105.93169623446049E,[]
17489,Vĩnh Long-1.jpeg,0.6860882639884949,10.222048069619692N,105.91446395776526E,[]
17490,Tây Ninh City-2878.jpeg,0.6860629767179489,11.362297174833339N,106.14299530866373E,[]
17495,Duy Tiên District-5142.jpeg,0.6859995499253273,20.67124991402691N,105.91153896723024E,[]
17500,Tây Ninh City-2226.jpeg,0.6859166547656059,11.351517440730339N,106.10588598493449E,[]
17502,Sa Đéc City-1796.jpeg,0.6858681999146938,10.326007207486287N,105.73401423794677E,[]
17515,Tây Ninh City-433.jpeg,0.6855185627937317,11.309745971081217N,106.13062553408732E,[]
17516,Cai Lậy Town-999.jpeg,0.6854957565665245,10.381723638440027N,106.14435194531758E,[]
17520,Sa Đéc City-1726.jpeg,0.6853474602103233,10.323312273960541N,105.7394927721189E,[]
17521,Vĩnh Long-1838.jpeg,0.685321033000946,10.262472072505853N,105.88844665415267E,[]
17526,Tây Ninh City-4807.jpeg,0.6851628050208092,11.393288910379463N,106.14986740565064E,[]
17528,Go Cong Town-3248.jpeg,0.6850592605769634,10.423686209238976N,106.66078230876171E,[]
17531,Duy Tiên District-3064.jpeg,0.6850154250860214,20.640258178479957N,105.97345057372313E,[]
17542,Hiệp Hòa District-7949.jpeg,0.6845255633816123,21.368588016547882N,105.98183401732719E,[]
17544,Binh Minh Town-1389.jpeg,0.6844984777271748,10.02750893920128N,105.84879447493567E,[]
17546,Cao Lanh City-888.jpeg,0.6844598166644573,10.424409270827352N,105.61257611468767E,[]
17548,Thái Bình-1795.jpeg,0.6844219788908958,20.455417443171942N,106.36658880665104E,[]
17549,Cai Lậy Town-6399.jpeg,0.684386782348156,10.484131112418343N,106.1142100726588E,[]
17550,Châu Thành District-6452.jpeg,0.6843629442155361,10.296083406902813N,106.41830829169147E,[]
17551,Châu Thành District-1440.jpeg,0.6843220815062523,10.263744204593879N,106.24027420253778E,[]
17560,Cao Lanh City-3599.jpeg,0.6841360628604889,10.47561300781652N,105.60435468748452E,[]
17563,Trà Vinh City-85.jpeg,0.6840081587433815,9.892022769813014N,106.35502249562234E,[]
17568,Cao Lanh City-4851.jpeg,0.6839088350534439,10.501214876311098N,105.56598802720316E,[]
17571,Tam Điệp-573.jpeg,0.6838619001209736,20.123737874005545N,105.89526165286318E,[]
17579,Trà Vinh City-1499.jpeg,0.6836352944374084,9.952658774142225N,106.30987684923393E,[]
17581,Yên Mỹ District-2868.jpeg,0.6835857667028904,20.901698877412823N,106.00031835565159E,[]
17582,Mỹ Hào District-3253.jpeg,0.6835504397749901,20.954098011816768N,106.12815311882974E,[]
17583,Long Hồ District-7673.jpeg,0.6835224218666553,10.280652179985056N,106.0276415070647E,[]
17588,Long Hồ District-4175.jpeg,0.6833730563521385,10.198456707449855N,105.93179433754707E,[]
17589,Long Xuyen City-188.jpeg,0.6833708994090557,10.311152403457575N,105.47968277559288E,[]
17591,Sa Đéc City-2783.jpeg,0.6833582073450089,10.36777867713533N,105.72716607023159E,[]
17594,Mỹ Tho-3333.jpeg,0.6833327561616898,10.387999007791462N,106.34370720788327E,[]
17600,Thái Bình-880.jpeg,0.6831592582166195,20.436552908491205N,106.38959886596567E,[]
17606,Tây Ninh City-2529.jpeg,0.6830510273575783,11.356907307781837N,106.09763946855021E,[]
17608,Long Hồ District-8311.jpeg,0.6830260306596756,10.292779380850904N,105.97424094119057E,[]
17611,Long Xuyen City-4156.jpeg,0.6829631254076958,10.400085209807154N,105.43310794375199E,[]
17612,Duy Tiên District-76.jpeg,0.6829266734421253,20.563452572994034N,106.00368647456851E,[]
17614,Châu Thành District-1130.jpeg,0.6829187460243702,10.261049271068135N,106.24575217451175E,[]
17617,Chau Doc City-1931.jpeg,0.6828432939946651,10.666140740246163N,105.05488518873312E,[]
17619,Sa Đéc City-2722.jpeg,0.682831160724163,10.365083743609583N,105.72305716960248E,[]
17622,Mỹ Tho-1203.jpeg,0.6826824173331261,10.351617405193908N,106.31357144267761E,[]
17623,Cai Lậy Town-1521.jpeg,0.6826679222285748,10.391155905780133N,106.09091862560427E,[]
17626,Bến Tre City-1857.jpeg,0.6826304197311401,10.240805073074588N,106.41046341718273E,[]
17628,Hiệp Hòa District-227.jpeg,0.682550385594368,21.236536273782235N,105.97460124466096E,[]
17629,Châu Thành District-10481.jpeg,0.6825473383069038,10.331117542737495N,106.3868099528412E,[]
17633,Trà Vinh City-2802.jpeg,0.6824713386595249,9.987692909976882N,106.32218929824893E,[]
17636,Châu Thành District-6565.jpeg,0.6824353598058224,10.297430873665688N,106.29368442928389E,[]
17637,Long Xuyen City-5333.jpeg,0.6824336871504784,10.432424412116097N,105.41940946379876E,[]
17639,Hung Yen City-1730.jpeg,0.6824000608175993,20.651604409421388N,106.05040289917935E,['286.jpeg']
17641,Trà Vinh City-681.jpeg,0.6823585815727711,9.914929704781827N,106.35365444573176E,[]
17646,Tây Ninh City-159.jpeg,0.6822943277657032,11.301661170503968N,106.12237901770304E,[]
17651,Go Cong Town-1194.jpeg,0.6821453291922808,10.373829939012698N,106.67859249650996E,[]
17653,Trà Vinh City-1881.jpeg,0.6821374446153641,9.963438508245199N,106.37827934376186E,[]
17662,Tam Điệp-4933.jpeg,0.6818457087501884,20.19919601272841N,105.87803669181591E,[]
17666,Tây Ninh City-905.jpeg,0.6817185617983341,11.323220638709966N,106.08114643578168E,['607.jpeg']
17667,Yên Mỹ District-3569.jpeg,0.6815978921949863,20.91382607827904N,106.043587996788E,[]
17680,Binh Minh Town-2412.jpeg,0.6812306977808475,10.04906840740723N,105.81868856086938E,[]
17685,Long Xuyen City-5443.jpeg,0.6811174787580967,10.436466812404714N,105.41666976780813E,[]
17694,Trà Vinh City-1082.jpeg,0.6809532940387726,9.931099305936286N,106.34407809649787E,[]
17699,Cai Lậy Town-2007.jpeg,0.6808370798826218,10.39924070635737N,106.09776905120856E,[]
17703,Thanh Liêm District-6874.jpeg,0.6807224564254284,20.498954148934796N,105.8945023062096E,[]
17704,Cai Lậy Town-6228.jpeg,0.6807195991277695,10.478741245366848N,106.14709211555929E,[]
17707,Châu Thành District-864.jpeg,0.6806781217455864,10.258354337542391N,106.24575217451175E,[]
17708,Binh Minh Town-1537.jpeg,0.6806568130850792,10.030203872727025N,105.88574264219878E,[]
17709,Go Cong Town-4546.jpeg,0.6806319952011108,10.450635544496429N,106.65119220766648E,[]
17711,Go Cong Town-1103.jpeg,0.6805658899247646,10.371135005486948N,106.69092262648952E,[]
17715,Binh Minh Town-3496.jpeg,0.6805084813386202,10.076017742664664N,105.82005701150875E,[]
17720,Binh Minh Town-4464.jpeg,0.6803910098969936,10.10700947821071N,105.8528998268538E,[]
17722,Long Hồ District-822.jpeg,0.6803781092166901,10.155337771037951N,105.90030169613412E,[]
17730,Tây Ninh City-2812.jpeg,0.6801917254924774,11.360949708070462N,106.16086276082966E,[]
17737,Tây Ninh City-6254.jpeg,0.6800170056521893,11.421585712399843N,106.14162088926633E,[]
17739,Châu Thành District-964.jpeg,0.6799780633300543,10.259701804305262N,106.20877586368749E,[]
17740,Vĩnh Long-505.jpeg,0.6799779236316681,10.239565137537028N,105.91994128484161E,[]
17741,Phu Ly City-3644.jpeg,0.6799494177103043,20.573406412271282N,105.93007974191885E,[]
17742,Châu Thành District-4627.jpeg,0.6799100004136562,10.28530367279983N,106.24575217451175E,[]
17749,Long Hồ District-4013.jpeg,0.679581418633461,10.195761773924112N,105.91262490364353E,[]
17753,Hoa Lư District-4069.jpeg,0.6795331230387092,20.29366191448283N,105.91336554377165E,[]
17761,Vĩnh Long-1202.jpeg,0.6792834028601646,10.251692338402876N,105.95143591553051E,[]
17764,Cao Lanh City-4676.jpeg,0.679246686398983,10.497172476022477N,105.60298444961734E,[]
17768,Hoa Lư District-3676.jpeg,0.6791683584451675,20.285577113905376N,105.96076138955021E,[]
17769,Tây Ninh City-6308.jpeg,0.6791445352137089,11.422933179162715N,106.13199995348471E,[]
17773,Châu Thành District-1429.jpeg,0.6790039837360382,10.263744204593879N,106.22520977960939E,[]
17779,Vĩnh Long-1440.jpeg,0.6789146512746811,10.255734738691492N,105.93089593899424E,[]
17780,Ninh Bình-326.jpeg,0.6789008764317259,20.219968007273255N,105.9888148571995E,[]
17784,Hung Yen City-2166.jpeg,0.6787954261526465,20.666426543813415N,106.05904334902549E,[]
17789,Thanh Liêm District-1456.jpeg,0.6786912009119987,20.41810614316019N,105.86142699811558E,[]
17790,Vĩnh Long-73.jpeg,0.6786878556013107,10.227437936671176N,105.96102123791414E,[]
17791,Long Hồ District-5677.jpeg,0.6786653622984886,10.22810097623304N,105.9810871675847E,[]
17800,Cai Lậy Town-1845.jpeg,0.6785406321287155,10.39654577283162N,106.09091862560427E,[]
17803,Sa Đéc City-961.jpeg,0.6784302592277527,10.296362938703094N,105.75866764172143E,"['906.jpeg', '907.jpeg']"
17806,Mỹ Hào District-324.jpeg,0.6783662363886833,20.894809474248618N,106.11805482283262E,[]
17808,Tam Điệp-3605.jpeg,0.6783142201602459,20.17089921070733N,105.91966368101353E,[]
17810,Go Cong Town-3263.jpeg,0.6782624796032906,10.423686209238976N,106.68133252539432E,[]
17813,Vĩnh Long-2211.jpeg,0.6782325729727745,10.270556873083086N,105.90761729891983E,[]
17814,Chau Doc City-3615.jpeg,0.6782288514077663,10.691742608740757N,105.11796296619927E,[]
17816,Cai Lậy Town-4264.jpeg,0.6781615614891052,10.442359642769288N,106.09091862560427E,[]
17818,Cai Lậy Town-2366.jpeg,0.6781087350100279,10.404630573408856N,106.1881946691849E,[]
17820,Mỹ Hào District-126.jpeg,0.6780390590429306,20.886724673671143N,106.09208777598282E,[]
17821,Mỹ Tho-2383.jpeg,0.678038589656353,10.37048193987412N,106.40260893078528E,[]
17825,Phu Ly City-3937.jpeg,0.6779971858486533,20.580143746085835N,105.96029831165657E,[]
17828,Hiệp Hòa District-9452.jpeg,0.6779637709259987,21.403622152383686N,106.00063922625938E,[]
17829,Long Hồ District-5781.jpeg,0.6779587119817734,10.229448442995913N,106.02079528067058E,[]
17837,Binh Minh Town-1897.jpeg,0.6778882965445518,10.038288673304255N,105.85426827749315E,[]
17841,Long Xuyen City-3050.jpeg,0.6777817346155643,10.377178274838322N,105.38105371992982E,[]
17842,Cao Lanh City-5226.jpeg,0.6777752675116062,10.513342077176949N,105.59202254667983E,[]
17844,Bến Tre City-739.jpeg,0.6777112558484077,10.217898138105765N,106.38033958809419E,[]
17846,Cai Lậy Town-5324.jpeg,0.6776833385229111,10.461224177449507N,106.11558015777963E,[]
17854,Duy Tiên District-2601.jpeg,0.6775093078613281,20.633520844665398N,105.99216803615124E,[]
17856,Hung Yen City-2474.jpeg,0.6774761863052845,20.675858811153795N,106.08928492348691E,[]
17860,Duy Tiên District-3864.jpeg,0.6774235852062702,20.651037912583238N,105.99216803615124E,[]
17862,Châu Thành District-4007.jpeg,0.6773355305194855,10.281261272511216N,106.3046403732318E,[]
17863,Hung Yen City-1606.jpeg,0.6773166880011559,20.647562009132667N,106.08208454861514E,[]
17864,Long Hồ District-7745.jpeg,0.677314780652523,10.281999646747927N,106.02216452594939E,[]
17865,Sa Đéc City-2970.jpeg,0.677239216864109,10.378558411238307N,105.71346973480124E,[]
17868,Mỹ Tho-3741.jpeg,0.6771692037582397,10.394736341605826N,106.39302027821981E,[]
17870,Long Hồ District-7087.jpeg,0.6771590113639832,10.269872445882076N,106.00847207316117E,[]
17871,Thái Bình-230.jpeg,0.6771489465609193,20.417688373810467N,106.33926436121493E,[]
17878,Hiệp Hòa District-401.jpeg,0.6769711319357157,21.243273607596805N,105.93843738132982E,[]
17879,Long Xuyen City-116.jpeg,0.6769626755267382,10.3098049366947N,105.43858733573327E,[]
17883,Châu Thành District-3213.jpeg,0.6768352910876274,10.275871405459727N,106.41283031971751E,[]
17887,Cai Lậy Town-5601.jpeg,0.676773227751255,10.466614044500997N,106.10598956193365E,[]
17888,Châu Thành District-163.jpeg,0.676750898361206,10.247574603439418N,106.22247079362242E,[]
17889,Long Xuyen City-4890.jpeg,0.6767250522971153,10.418949744487366N,105.41940946379876E,[]
17892,Châu Thành District-7661.jpeg,0.6765972040593624,10.304168207480046N,106.42515575665892E,[]
17896,Chau Doc City-1984.jpeg,0.6765133440494537,10.666140740246163N,105.12756175842237E,[]
17904,Hung Yen City-1534.jpeg,0.6762184239923954,20.646214542369755N,106.05040289917935E,[]
17905,Yên Mỹ District-3140.jpeg,0.6761965863406658,20.90574127770157N,106.05801121050018E,[]
17907,Go Cong Town-4297.jpeg,0.6761898994445801,10.44255074391919N,106.63886207768692E,[]
17912,Mỹ Hào District-2452.jpeg,0.6761320568621159,20.94197081095056N,106.09930084455222E,[]
17913,Vĩnh Long-166.jpeg,0.6761027798056602,10.231480336959795N,105.9021399718435E,[]
17915,Tam Điệp-2408.jpeg,0.6760790226981044,20.156077076315338N,105.88521375891894E,[]
17916,Trà Vinh City-461.jpeg,0.6760625243186951,9.90819237096747N,106.32902954770172E,[]
17923,Hiệp Hòa District-6098.jpeg,0.6758969575166702,21.34163868128958N,105.93120460866358E,[]
17925,Trà Vinh City-1336.jpeg,0.6758538298308849,9.945921440327869N,106.32082124835837E,[]
17933,Cao Lanh City-2850.jpeg,0.6755242384970188,10.458095939899168N,105.63587015842995E,[]
17934,Châu Thành District-1034.jpeg,0.6755072120577097,10.259701804305262N,106.31833530316669E,[]
17940,Long Hồ District-7536.jpeg,0.6753689609467983,10.27930471322218N,105.94274829977763E,[]
17942,Yên Mỹ District-4437.jpeg,0.6753235459327698,20.940775413537295N,106.02916478307586E,[]
17944,Go Cong Town-3269.jpeg,0.6752946674823761,10.423686209238976N,106.68955261204736E,[]
17946,Châu Thành District-2892.jpeg,0.6752553358674049,10.274523938696857N,106.24164369553128E,[]
17951,Hung Yen City-2020.jpeg,0.6750390995293856,20.661036676761782N,106.05760327405113E,[]
17962,Go Cong Town-2038.jpeg,0.6747359912842512,10.396736873981526N,106.66352233764604E,[]
17975,Cai Lậy Town-314.jpeg,0.6744065880775452,10.366901504048426N,106.13887160483415E,[]
17976,Tây Ninh City-6326.jpeg,0.6743823550641537,11.422933179162715N,106.15673950263752E,[]
17980,Hiệp Hòa District-5936.jpeg,0.6742299236357212,21.33894374776375N,106.00497888985912E,[]
17988,Cao Lanh City-826.jpeg,0.6739344298839569,10.423061804064481N,105.6440915856331E,[]
17993,Châu Thành District-9857.jpeg,0.6737706623971462,10.321685275397387N,106.37859299488026E,[]
17994,Phu Ly City-3020.jpeg,0.673710685223341,20.559931744642174N,105.92288484436223E,[]
17995,Duy Tiên District-3361.jpeg,0.6737078055739403,20.644300578768686N,105.9748903785253E,[]
18003,Châu Thành District-5992.jpeg,0.6735634580254555,10.293388473377066N,106.35394212099744E,[]
18007,Hung Yen City-895.jpeg,0.6734701488167048,20.630044941214816N,106.118086422974E,[]
18017,Long Hồ District-6924.jpeg,0.6732640117406845,10.267177512356332N,105.9701332053541E,[]
18022,Tây Ninh City-6196.jpeg,0.6731092557311058,11.420238245636966N,106.14574414745852E,[]
18024,Binh Minh Town-1622.jpeg,0.6730368211865425,10.032898806252769N,105.83100461662376E,[]
18028,Bến Tre City-957.jpeg,0.6728910878300667,10.22328800515725N,106.37349326330134E,[]
18037,Ninh Bình-1420.jpeg,0.6726309014484286,20.250959742820164N,105.95003767244633E,[]
18039,Duy Tiên District-5220.jpeg,0.6725762654095888,20.672597380789824N,105.92449721044969E,[]
18044,Châu Thành District-2108.jpeg,0.6725111305713654,10.269134071645368N,106.21288434266796E,[]
18045,Cai Lậy Town-1878.jpeg,0.6724854931235313,10.39654577283162N,106.13613143459246E,[]
18048,Mỹ Hào District-66.jpeg,0.6724435873329639,20.882682273382404N,106.09208777598282E,[]
18051,Yên Mỹ District-2274.jpeg,0.6723987236618996,20.890919143309524N,106.07820370969719E,[]
18052,Vĩnh Long-82.jpeg,0.6723862811923027,10.227437936671176N,105.9870385415267E,[]
18055,Mỹ Tho-1590.jpeg,0.6723422855138779,10.3570072722454N,106.40397873829461E,[]
18065,Mỹ Hào District-510.jpeg,0.6720489226281643,20.90019934130027N,106.12094005026037E,[]
18066,Tây Ninh City-6130.jpeg,0.6720374524593353,11.418890778874088N,106.13749763107424E,[]
18068,Hiệp Hòa District-1621.jpeg,0.671947319060564,21.27426534314384N,105.93843738132982E,[]
18069,Duy Tiên District-1384.jpeg,0.6719457730650902,20.616003776747554N,105.9417748680756E,[]
18072,Long Hồ District-8584.jpeg,0.6718832440674305,10.298169247902392N,105.95917924312353E,[]
18075,Hiệp Hòa District-5433.jpeg,0.67183518409729,21.333553880712092N,105.89070108173271E,['159.jpeg']
18079,Mỹ Tho-3725.jpeg,0.6718018464744091,10.394736341605826N,106.37110335807027E,[]
18081,Cai Lậy Town-244.jpeg,0.6717327684164047,10.364206570522683N,106.14024168995502E,[]
18089,Cao Lanh City-2872.jpeg,0.6715088225901127,10.459443406662043N,105.58106064374226E,[]
18090,Hiệp Hòa District-6221.jpeg,0.6714907214045525,21.342986148052496N,105.95724259026198E,[]
18093,Ninh Bình-942.jpeg,0.6714624166488647,20.240180008716898N,105.94285671230685E,[]
18094,Cai Lậy Town-6343.jpeg,0.6714485064148903,10.48278364565547N,106.09639896608768E,[]
18097,Sa Đéc City-15.jpeg,0.6713438257575035,10.264023736394163N,105.72442680314552E,[]
18099,Long Hồ District-2422.jpeg,0.6711504682898521,10.174202305718163N,106.0043643373247E,[]
18103,Sa Đéc City-192.jpeg,0.6710071116685867,10.272108536971395N,105.76277654235054E,[]
18112,Mỹ Hào District-2608.jpeg,0.6707622036337852,20.94466574447639N,106.08054686627182E,[]
18114,Trà Vinh City-1938.jpeg,0.6706730872392654,9.96613344177094N,106.30577269956223E,[]
18117,Sa Đéc City-1162.jpeg,0.6705373413860798,10.303100272517458N,105.75181947400624E,[]
18118,Go Cong Town-3666.jpeg,0.6705319359898567,10.430423543053335N,106.67448245318344E,[]
18119,Cai Lậy Town-2771.jpeg,0.6705299615859985,10.41271537398609N,106.16627330725123E,[]
18120,Cai Lậy Town-1491.jpeg,0.6705270297825336,10.38980843901726N,106.16079296676783E,[]
18122,Ninh Bình-1443.jpeg,0.6704750396311283,20.250959742820164N,105.98307008908792E,[]
18125,Thanh Liêm District-3963.jpeg,0.6704623773694038,20.455835212521666N,105.8973784199569E,[]
18129,Châu Thành District-3399.jpeg,0.6703243590891361,10.277218872222601N,106.37448451589981E,[]
18130,Cai Lậy Town-6378.jpeg,0.6703044511377811,10.48278364565547N,106.14435194531758E,[]
18135,Long Xuyen City-237.jpeg,0.670125674456358,10.31384733698332N,105.42351900778473E,[]
18138,Long Xuyen City-2524.jpeg,0.6700429692864418,10.36639854073534N,105.38790295990641E,[]
18146,Phu Ly City-703.jpeg,0.6698147729039192,20.52085520851777N,105.90130015169242E,[]
18147,Sa Đéc City-441.jpeg,0.6698097884654999,10.278845870785757N,105.78058177840997E,[]
18158,Hiệp Hòa District-6481.jpeg,0.6695969142019749,21.347028548341235N,105.90372007253191E,[]
18160,Long Hồ District-1694.jpeg,0.6695255469530821,10.16611750514093N,105.93042509226822E,[]
18161,Long Xuyen City-5176.jpeg,0.669446088373661,10.427034545064602N,105.43036824776134E,[]
18163,Cai Lậy Town-221.jpeg,0.6694113090634346,10.364206570522683N,106.10872973217536E,[]
18174,Thanh Liêm District-6679.jpeg,0.6691435948014259,20.494911748646064N,105.97503349113417E,[]
18186,Binh Minh Town-1789.jpeg,0.6689555309712887,10.035593739778509N,105.88574264219878E,[]
18193,Long Hồ District-3074.jpeg,0.6687590703368187,10.182287106295396N,105.97834867702704E,[]
18194,Mỹ Hào District-2290.jpeg,0.668745119124651,20.93927587742473N,106.10939914054937E,[]
18199,Bến Tre City-500.jpeg,0.6684654839336872,10.211160804291403N,106.38581664792846E,[]
18200,Duy Tiên District-2986.jpeg,0.6684152111411095,20.638910711717042N,106.00368647456851E,[]
18204,Tây Ninh City-625.jpeg,0.6683692038059235,11.315135838132713N,106.13612321167683E,[]
18208,Long Hồ District-969.jpeg,0.6681634113192558,10.156685237800826N,105.9810871675847E,[]
18211,Hiệp Hòa District-1567.jpeg,0.668150532990694,21.27291787638092N,105.97460124466096E,['174.jpeg']
18212,Cai Lậy Town-1911.jpeg,0.6681340634822845,10.39654577283162N,106.18134424358063E,[]
18213,Bến Tre City-2695.jpeg,0.6681271530687809,10.255627207466182N,106.36938546842563E,['701.jpeg']
18214,Châu Thành District-4953.jpeg,0.6681218668818474,10.286651139562707N,106.39091843182166E,[]
18215,Binh Minh Town-570.jpeg,0.6680982671678066,10.008644404521078N,105.83510996854186E,[]
18217,Long Xuyen City-4724.jpeg,0.6680782437324524,10.414907344198749N,105.4002315918643E,[]
18218,Long Hồ District-7525.jpeg,0.6680586859583855,10.277957246459307N,106.0276415070647E,[]
18219,Mỹ Tho-1659.jpeg,0.6680245101451874,10.35835473900827N,106.38891085569182E,[]
18220,Long Xuyen City-2782.jpeg,0.6680104285478592,10.371788407786832N,105.37694417594385E,[]
18223,Yên Mỹ District-187.jpeg,0.6679473780095577,20.849147673659246N,106.02339549759104E,[]
18225,Châu Thành District-170.jpeg,0.6679335497319698,10.247574603439418N,106.23205724457684E,[]
18228,Mỹ Tho-3930.jpeg,0.6679148860275745,10.400126208657317N,106.31905067271501E,[]
18239,Tây Ninh City-2285.jpeg,0.6676489021629095,11.352864907493213N,106.08389527457642E,[]
18248,Vĩnh Long-1772.jpeg,0.667521670460701,10.26112460574298N,105.9117252942271E,[]
18249,Tây Ninh City-4408.jpeg,0.6674932651221752,11.386551576565088N,106.19247440696937E,[]
18251,Long Hồ District-7697.jpeg,0.6674720719456673,10.281999646747927N,105.95644075256588E,[]
18255,Phu Ly City-1491.jpeg,0.6674022376537323,20.53298240938396N,105.97612708628108E,[]
18256,Long Hồ District-8545.jpeg,0.6673960387706757,10.296821781139522N,106.00162584676706E,[]
18257,Châu Thành District-5305.jpeg,0.6673697903752327,10.289346073088451N,106.28135899234248E,[]
18262,Hiệp Hòa District-4212.jpeg,0.6672867611050606,21.316036812794195N,105.91818561786438E,[]
18265,Trà Vinh City-48.jpeg,0.6672257706522942,9.890675303050141N,106.33860589693562E,[]
18267,Châu Thành District-5351.jpeg,0.6672055833041668,10.289346073088451N,106.34435567004302E,[]
18282,Long Hồ District-7974.jpeg,0.6667886413633823,10.286042047036544N,106.01942603539176E,[]
18285,Cao Lanh City-146.jpeg,0.6666817851364613,10.4122820699615N,105.61394635255486E,[]
18286,Cai Lậy Town-1914.jpeg,0.6666655763983727,10.39654577283162N,106.1854544989432E,[]
18288,Châu Thành District-10338.jpeg,0.6666342876851559,10.328422609211742N,106.36763705093234E,[]
18293,Long Hồ District-3797.jpeg,0.6665715128183365,10.191719373635499N,105.96602546951763E,[]
18294,Châu Thành District-7713.jpeg,0.6665670871734619,10.305515674242919N,106.23068775158336E,[]
18311,Long Hồ District-1510.jpeg,0.6662528663873672,10.163422571615186N,105.9810871675847E,[]
18313,Mỹ Tho-3553.jpeg,0.6662086993455887,10.392041408080079N,106.32863932528045E,[]
18316,Mỹ Hào District-3414.jpeg,0.6661130040884018,20.9567929453426N,106.11661220911876E,[]
18321,Trà Vinh City-2896.jpeg,0.6659920029342175,9.990387843502628N,106.32902954770172E,[]
18323,Hiệp Hòa District-6060.jpeg,0.6659137196838856,21.340291214526662N,106.02957031692426E,[]
18325,Go Cong Town-368.jpeg,0.6658996194601059,10.352270470806737N,106.65256222210868E,[]
18326,Go Cong Town-3361.jpeg,0.6658647209405899,10.426381142764722N,106.58680152888434E,[]
18332,Trà Vinh City-2602.jpeg,0.6657857932150364,9.982303042925398N,106.31671709868672E,[]
18334,Hoa Lư District-457.jpeg,0.6655895337462425,20.197991774316304N,105.96363386505196E,[]
18337,Vĩnh Long-1132.jpeg,0.6655405126512051,10.250344871640005N,105.96923722852861E,[]
18348,Cai Lậy Town-3616.jpeg,0.6653039827942848,10.430232441903435N,106.13339126435075E,[]
18358,Cao Lanh City-3297.jpeg,0.6651172675192356,10.46887567400215N,105.59613326028135E,[]
18363,Go Cong Town-1378.jpeg,0.6650314889848232,10.379219806064183N,106.65119220766648E,[]
18369,Thái Bình-3244.jpeg,0.6649930737912655,20.497188912822157N,106.33351184638626E,[]
18372,Sa Đéc City-926.jpeg,0.6649430096149445,10.295015471940223N,105.76962471006567E,[]
18373,Hung Yen City-3232.jpeg,0.6649223156273365,20.701460679649117N,106.04176244933322E,[]
18376,Hiệp Hòa District-9414.jpeg,0.6648816093802452,21.402274685620768N,106.01510477159182E,[]
18378,Cai Lậy Town-6534.jpeg,0.6648499723523855,10.488173512706958N,106.13613143459246E,[]
18389,Long Xuyen City-5010.jpeg,0.6646508630365133,10.421644678013113N,105.45091596769116E,[]
18398,Châu Thành District-1960.jpeg,0.6643562577664852,10.267786604882494N,106.25533862546617E,[]
18406,Tây Ninh City-1324.jpeg,0.6642675064504147,11.332652906050088N,106.08526969397381E,[]
18407,Long Hồ District-5971.jpeg,0.6642540469765663,10.233490843284528N,106.02490301650705E,[]
18417,Thanh Liêm District-6051.jpeg,0.6639183834195137,20.48547948130569N,105.9160731593144E,[]
18418,Vĩnh Long-2134.jpeg,0.6639142371714115,10.26786193955734N,105.93363460253244E,[]
18421,Chau Doc City-4651.jpeg,0.6638528909534216,10.714649543709605N,105.11659171016743E,"['466.jpeg', '465.jpeg']"
18422,Châu Thành District-2385.jpeg,0.6638418883085251,10.27048153840824N,106.37859299488026E,[]
18425,Phu Ly City-2735.jpeg,0.6637662146240473,20.55454187759053N,105.93439668045279E,[]
18426,Mỹ Tho-308.jpeg,0.6637613289058208,10.332752870513698N,106.34918643792071E,[]
18430,Hiệp Hòa District-8655.jpeg,0.6636814046651125,21.38341015093995N,106.02523065332454E,[]
18433,Long Hồ District-3939.jpeg,0.6636152118444443,10.194414307161237N,105.92220962059528E,[]
18434,Ninh Bình-49.jpeg,0.6635721325874329,20.207840806407088N,105.9931234332832E,[]
18435,Mỹ Tho-1709.jpeg,0.6635514758527279,10.359702205771145N,106.34781663041132E,[]
18437,Hiệp Hòa District-1070.jpeg,0.6634616274386644,21.26348560904052N,105.97749435372745E,[]
18439,Long Hồ District-5640.jpeg,0.6634228974580765,10.22810097623304N,105.92494811115294E,[]
18442,Tây Ninh City-991.jpeg,0.6632724702358246,11.324568105472839N,106.12237901770304E,[]
18445,Yên Mỹ District-2618.jpeg,0.6632345444522798,20.897656477124087N,105.98445282056821E,[]
18449,Hiệp Hòa District-1450.jpeg,0.6631093248724937,21.270222942855092N,106.02957031692426E,[]
18450,Tây Ninh City-5927.jpeg,0.6630688086152077,11.414848378585464N,106.10451156553712E,[]
18456,Châu Thành District-1258.jpeg,0.6629215739667416,10.262396737831006N,106.20877586368749E,[]
18460,Cao Lanh City-3548.jpeg,0.6628972291946411,10.474265541053642N,105.61805706615645E,[]
18465,Cao Lanh City-3389.jpeg,0.6628525219857693,10.470223140765023N,105.6440915856331E,[]
18471,Mỹ Hào District-122.jpeg,0.6627732589840889,20.886724673671143N,106.08631732112731E,[]
18473,Long Hồ District-7919.jpeg,0.6627225987613201,10.286042047036544N,105.94411754505647E,[]
18474,Yên Mỹ District-2524.jpeg,0.6626494135707617,20.89630901036118N,105.96570264274241E,[]
18481,Long Xuyen City-5274.jpeg,0.6625051163136959,10.429729478590351N,105.4468064237052E,[]
18486,Long Hồ District-8124.jpeg,0.6623602472245693,10.288736980562286N,106.01805679011294E,[]
18490,Tây Ninh City-5349.jpeg,0.6622786931693554,11.402721177719588N,106.14299530866373E,[]
18495,Binh Minh Town-3741.jpeg,0.6622055787593126,10.082755076479017N,105.828267715345E,[]
18500,Châu Thành District-5938.jpeg,0.6621425524353981,10.293388473377066N,106.279989499349E,[]
18506,Thanh Liêm District-3394.jpeg,0.662037581205368,20.44775041194421N,105.92182538680898E,[]
18512,Thái Bình-3370.jpeg,0.6619598045945168,20.505273713399617N,106.36515067794389E,[]
18515,Cai Lậy Town-744.jpeg,0.6619337946176529,10.377681238151407N,106.10461947681281E,[]
18519,Tây Ninh City-5093.jpeg,0.6618807781487703,11.398678777430964N,106.10038830734497E,[]
18526,Vĩnh Long-2052.jpeg,0.6617704853415489,10.266514472794467N,105.89255464945992E,[]
18528,Long Xuyen City-5297.jpeg,0.6617257930338383,10.43107694535322N,105.42214915978941E,[]
18530,Yên Mỹ District-1952.jpeg,0.6616653837263584,20.886876743020792N,105.98301049919701E,[]
18538,Long Hồ District-235.jpeg,0.661479189991951,10.145905503697852N,105.91125565836468E,[]
18539,Trà Vinh City-3324.jpeg,0.661455824971199,10.006557444657087N,106.30987684923393E,[]
18543,Hiệp Hòa District-9076.jpeg,0.6613124310970306,21.39418988504327N,105.98038746279394E,[]
18544,Cai Lậy Town-677.jpeg,0.6613045483827591,10.376333771388534N,106.11009981729622E,[]
18546,Châu Thành District-2159.jpeg,0.6612774878740311,10.269134071645368N,106.28272848533595E,[]
18549,Long Hồ District-136.jpeg,0.6612356118857861,10.143210570172108N,105.9181018847588E,[]
18554,Phu Ly City-3800.jpeg,0.6610796637833118,20.577448812560007N,105.92288484436223E,[]
18555,Long Hồ District-4286.jpeg,0.661074623465538,10.19980417421273N,105.98519490342119E,[]
18556,Châu Thành District-4125.jpeg,0.6610618643462658,10.28260873927409N,106.16358259490234E,[]
18558,Châu Thành District-983.jpeg,0.6610432006418705,10.259701804305262N,106.23479623056382E,[]
18559,Trà Vinh City-2765.jpeg,0.6610268950462341,9.986345443214013N,106.3358697971545E,[]
18562,Long Xuyen City-5291.jpeg,0.660982321947813,10.43107694535322N,105.41393007181749E,[]
18564,Tây Ninh City-142.jpeg,0.6609595939517021,11.301661170503968N,106.0990138879476E,[]
18567,Chau Doc City-1915.jpeg,0.6608636155724525,10.666140740246163N,105.03294509222312E,[]
18568,Châu Thành District-2023.jpeg,0.6608633287250996,10.267786604882494N,106.38544045984771E,[]
18572,Binh Minh Town-1705.jpeg,0.6607794314622879,10.03424627301564N,105.85837362941128E,[]
18573,Thái Bình-67.jpeg,0.66073989123106,20.406908639707193N,106.31913055931464E,[]
18575,Hoa Lư District-1894.jpeg,0.6607271209359169,20.23033097662611N,105.9406540610381E,[]
18586,Bac Giang City-1558.jpeg,0.6604773262515664,21.273962410193683N,106.2227571653098E,[]
18592,Cai Lậy Town-6649.jpeg,0.6603798847645521,10.492215912995576N,106.1320211792299E,[]
18594,Long Xuyen City-111.jpeg,0.6603280231356621,10.3098049366947N,105.43173809575667E,[]
18602,Binh Minh Town-4228.jpeg,0.6600684523582458,10.096229744107738N,105.83374151790251E,[]
18608,Long Hồ District-6841.jpeg,0.6599246636033058,10.26448257883059N,106.03585697873764E,[]
18613,Mỹ Hào District-3187.jpeg,0.6597727052867413,20.954098011816768N,106.03294061371386E,[]
18614,Châu Thành District-4849.jpeg,0.6597518250346184,10.286651139562707N,106.24849116049872E,[]
18619,Yên Mỹ District-461.jpeg,0.6596002059523016,20.857232474236717N,106.07243442421229E,[]
18623,Tây Ninh City-2441.jpeg,0.6594953164458275,11.355559841018964N,106.08526969397381E,[]
18628,Go Cong Town-3656.jpeg,0.6593060754239559,10.430423543053335N,106.66078230876171E,[]
18631,Chau Doc City-1690.jpeg,0.6592264845967293,10.662098339957547N,105.04940016460559E,[]
18633,Vĩnh Long-888.jpeg,0.6591992396861315,10.246302471351386N,105.96102123791414E,['661.jpeg']
18640,Cao Lanh City-4958.jpeg,0.6589154154062271,10.50256234307397N,105.64135110989872E,[]
18642,Châu Thành District-4687.jpeg,0.6589132361114025,10.28530367279983N,106.32792175412115E,[]
18655,Go Cong Town-1566.jpeg,0.6585497856140137,10.384609673115675N,106.6361220488026E,[]
18658,Bac Giang City-1930.jpeg,0.6584558393806219,21.280699744008253N,106.22564907988206E,[]
18661,Phu Ly City-106.jpeg,0.6584413796663284,20.497948273548293N,105.9113730082717E,[]
18663,Tây Ninh City-2827.jpeg,0.6584055125713348,11.362297174833339N,106.0728999193974E,[]
18668,Duy Tiên District-4998.jpeg,0.658338014036417,20.66855498050109N,105.91441857683458E,[]
18671,Long Hồ District-6786.jpeg,0.6582627519965172,10.26448257883059N,105.96054848840235E,[]
18676,Bến Tre City-930.jpeg,0.6581232585012913,10.22194053839438N,106.41594047701699E,[]
18679,Long Hồ District-5170.jpeg,0.6580544300377369,10.218668708892936N,105.91399414892234E,[]
18680,Thanh Liêm District-5489.jpeg,0.6580513101071119,20.47739468072824N,105.92038732993534E,[]
18682,Go Cong Town-2805.jpeg,0.6580021008849144,10.415601408661741N,106.6361220488026E,[]
18685,Tây Ninh City-4667.jpeg,0.6579671800136566,11.39194144361659N,106.0728999193974E,[]
18686,Cai Lậy Town-535.jpeg,0.6579551473259926,10.373638837862787N,106.10872973217536E,[]
18689,Long Hồ District-3067.jpeg,0.65787173807621,10.182287106295396N,105.9687639600753E,[]
18693,Cai Lậy Town-6370.jpeg,0.6578172482550144,10.48278364565547N,106.13339126435075E,[]
18694,Hiệp Hòa District-9032.jpeg,0.6578145623207092,21.392842418280356N,105.99195989905994E,[]
18695,Mỹ Tho-1538.jpeg,0.6577840782701969,10.3570072722454N,106.33274874780851E,[]
18699,Bến Tre City-3291.jpeg,0.657702311873436,10.270449341857772N,106.35158502396425E,[]
18706,Thái Bình-2802.jpeg,0.6575590409338474,20.481019311667236N,106.35220751957938E,[]
18715,Tây Ninh City-2910.jpeg,0.6574758626520634,11.363644641596215N,106.0797720163843E,[]
18717,Long Xuyen City-3918.jpeg,0.657403014600277,10.394695342755663N,105.41940946379876E,[]
18718,Hiệp Hòa District-5673.jpeg,0.6573967225849628,21.336248814237923N,105.93265116319684E,[]
18720,Thanh Liêm District-3249.jpeg,0.6573595553636551,20.4464029451813N,105.85279865687366E,[]
18722,Go Cong Town-1619.jpeg,0.6573405787348747,10.385957139878546N,106.64160210657127E,[]
18729,Châu Thành District-7044.jpeg,0.6571946032345295,10.30012580719143N,106.39502691080214E,[]
18730,Go Cong Town-2025.jpeg,0.6571937017142773,10.396736873981526N,106.6457121498978E,[]
18734,Binh Minh Town-3107.jpeg,0.6570034734904766,10.065238008561684N,105.828267715345E,[]
18742,Sa Đéc City-174.jpeg,0.6568220742046833,10.272108536971395N,105.73812313857589E,[]
18749,Yên Mỹ District-3246.jpeg,0.6567163094878197,20.90843621122739N,105.99599139153793E,[]
18750,Long Hồ District-9370.jpeg,0.6567069813609123,10.317033782582604N,105.97697943174823E,[]
18752,Yên Mỹ District-2418.jpeg,0.6566890515387058,20.893614076835348N,106.04647263953045E,['243.jpeg']
18755,Cao Lanh City-3303.jpeg,0.6566613167524338,10.46887567400215N,105.60435468748452E,[]
18759,Chau Doc City-1913.jpeg,0.6565468441694975,10.666140740246163N,105.03020258015935E,[]
18761,Trà Vinh City-1684.jpeg,0.6564888712018728,9.958048641193713N,106.33860589693562E,[]
18762,Long Hồ District-6581.jpeg,0.6564726252108812,10.2590927117791N,105.99477962037295E,[]
18763,Tây Ninh City-3446.jpeg,0.6564658209681511,11.37172944217346N,106.14299530866373E,[]
18769,Chau Doc City-1117.jpeg,0.6564017161726952,10.65131860585456N,105.04254388444622E,[]
18783,Hiệp Hòa District-1514.jpeg,0.6560853570699692,21.271570409618008N,106.0107651079921E,[]
18786,Duy Tiên District-4384.jpeg,0.6559968143701553,20.65912271316071N,105.92161760084535E,[]
18787,Thanh Liêm District-222.jpeg,0.6559807620942593,20.37902960703581N,105.9060067611988E,[]
18790,Tây Ninh City-2693.jpeg,0.6559523865580559,11.359602241307586N,106.10588598493449E,[]
18793,Long Hồ District-4549.jpeg,0.6558913923799992,10.205194041264217N,105.96465622423881E,[]
18798,Thanh Liêm District-774.jpeg,0.6556910537183285,20.40193654200528N,105.91032093181974E,[]
18805,Binh Minh Town-1251.jpeg,0.6555426809936762,10.024814005675537N,105.82279391278752E,[]
18808,Vĩnh Long-986.jpeg,0.6554609797894955,10.24764993811426N,105.98840787329577E,[]
18812,Mỹ Tho-3811.jpeg,0.6552775390446186,10.396083808368703N,106.39712970074788E,[]
18814,Cai Lậy Town-5428.jpeg,0.6552439071238041,10.46257164421238N,106.16079296676783E,[]
18815,Binh Minh Town-2998.jpeg,0.6552179604768753,10.062543075035945N,105.81732011023E,[]
18817,Thanh Liêm District-4436.jpeg,0.6551907658576965,20.46257254633622N,105.90169259057785E,[]
18819,Châu Thành District-1805.jpeg,0.6551370844244957,10.266439138119624N,106.28272848533595E,[]
18821,Phu Ly City-1252.jpeg,0.6550827212631702,20.528940009095233N,105.99771177895089E,[]
18822,Hung Yen City-3460.jpeg,0.6550790322944522,20.708198013463676N,106.0604834239998E,[]
18834,Go Cong Town-126.jpeg,0.6546717770397663,10.342838203466629N,106.66352233764604E,[]
18837,Tây Ninh City-6554.jpeg,0.6545910313725471,11.428323046214217N,106.1581139220349E,[]
18839,Hiệp Hòa District-7735.jpeg,0.6545422747731209,21.36454561625914N,105.99774611719289E,[]
18841,Cao Lanh City-1742.jpeg,0.6545157879590988,10.437883938456077N,105.62353801762521E,[]
18843,Go Cong Town-574.jpeg,0.6544754467904568,10.357660337858226N,106.69092262648952E,[]
18844,Mỹ Tho-1107.jpeg,0.6543554067611694,10.348922471668164N,106.40123912327594E,[]
18850,Cai Lậy Town-2508.jpeg,0.6541874930262566,10.407325506934605N,106.18682458406407E,[]
18852,Trà Vinh City-2113.jpeg,0.6541819237172604,9.970175842059554N,106.33450174726396E,[]
18853,Cao Lanh City-4517.jpeg,0.6541290134191513,10.494477542496732N,105.57146897867192E,[]
18854,Sa Đéc City-467.jpeg,0.6540946699678898,10.280193337548628N,105.75318910754926E,[]
18856,Hiệp Hòa District-7407.jpeg,0.654044246301055,21.359155749207478N,106.01365821705858E,[]
18859,Hoa Lư District-4132.jpeg,0.6539210639894009,20.295009381245738N,105.90905683051905E,['410.jpeg']
18861,Cao Lanh City-1588.jpeg,0.6538694873452187,10.435189004930333N,105.64135110989872E,[]
18868,Châu Thành District-2583.jpeg,0.6536813527345657,10.271829005171114N,106.38544045984771E,[]
18876,Yên Mỹ District-3428.jpeg,0.6535360403358936,20.911131144753217N,106.04647263953045E,[]
18877,Tam Điệp-1762.jpeg,0.6534817200154066,20.145297342212086N,105.92684074811658E,[]
18878,Long Hồ District-9257.jpeg,0.6534486077725887,10.312991382293987N,105.99888735620941E,[]
18883,Trà Vinh City-2981.jpeg,0.6533586755394936,9.99308277702837N,106.3303975975923E,[]
18885,Yên Mỹ District-1126.jpeg,0.6533417254686356,20.873402075391663N,105.98156817782578E,[]
18886,Hiệp Hòa District-1726.jpeg,0.653326228260994,21.27561280990675N,105.97460124466096E,[]
18891,Cai Lậy Town-1746.jpeg,0.6532853320240974,10.393850839305879N,106.17723398821808E,[]
18894,Yên Mỹ District-1660.jpeg,0.6532078199088573,20.881486875969138N,106.05224192501532E,[]
18897,Cai Lậy Town-724.jpeg,0.6531344056129456,10.376333771388534N,106.17449381797637E,[]
18906,Yên Mỹ District-2283.jpeg,0.6528829615563154,20.89226661007244N,105.96858728548484E,[]
18909,Yên Mỹ District-4093.jpeg,0.6527994461357594,20.925953279145254N,106.01762621210614E,[]
18911,Vĩnh Long-215.jpeg,0.6527850851416588,10.231480336959795N,105.99388520037212E,[]
18916,Thanh Liêm District-3967.jpeg,0.6527131237089634,20.455835212521666N,105.90313064745148E,[]
18917,Cai Lậy Town-130.jpeg,0.6527072414755821,10.36016417023407N,106.11832032802134E,[]
18919,Vĩnh Long-2298.jpeg,0.6525638215243816,10.273251806608831N,105.90898663068893E,[]
18920,Châu Thành District-10730.jpeg,0.6525635262951255,10.340549810077599N,106.36352857195187E,[]
18921,Long Hồ District-4753.jpeg,0.6525446884334087,10.209236441552832N,105.9687639600753E,[]
18922,Vĩnh Long-1504.jpeg,0.6525009609758854,10.257082205454365N,105.90077064007444E,[]
18931,Cai Lậy Town-2248.jpeg,0.6524032726883888,10.403283106645986N,106.12654083874648E,[]
18933,Cao Lanh City-3934.jpeg,0.6523613519966602,10.48235034163088N,105.61257611468767E,[]
18934,Thái Bình-2433.jpeg,0.6523592323064804,20.47158704432686N,106.31193991577881E,[]
18936,Vĩnh Long-323.jpeg,0.6523102819919586,10.23417527048554N,105.99251586860305E,[]
18940,Long Xuyen City-3831.jpeg,0.6522826105356216,10.393347875992792N,105.37968387193449E,[]
18941,Binh Minh Town-1441.jpeg,0.6522783227264881,10.028856405964154N,105.83784686982062E,[]
18952,Duy Tiên District-3133.jpeg,0.6520679611712694,20.641605645242862N,105.93169623446049E,[]
18953,Binh Minh Town-387.jpeg,0.6520636081695557,10.003254537469592N,105.85426827749315E,[]
18959,Duy Tiên District-185.jpeg,0.6518931724131107,20.568842440045678N,105.96769135451449E,[]
18974,Duy Tiên District-1140.jpeg,0.651399296708405,20.609266442933002N,105.97201076892097E,[]
18981,Thái Bình-787.jpeg,0.6511617414653301,20.435205441728296N,106.35220751957938E,[]
18984,Long Xuyen City-1838.jpeg,0.6511329654604197,10.350228939580871N,105.4646144476444E,[]
18987,Châu Thành District-3517.jpeg,0.6510915234684944,10.278566338985474N,106.23479623056382E,[]
18989,Cai Lậy Town-1977.jpeg,0.6510394960641861,10.397893239594495N,106.16353313700955E,[]
18994,Tam Điệp-2264.jpeg,0.6507791317999363,20.15338214278953N,105.94263029574329E,[]
18995,Cai Lậy Town-1241.jpeg,0.6507788300514221,10.385766038728642N,106.15394254116356E,[]
19000,Mỹ Hào District-2599.jpeg,0.6506612217053771,20.94466574447639N,106.06756334284692E,[]
19002,Bến Tre City-2405.jpeg,0.6505888104438782,10.25023734041469N,106.36938546842563E,[]
19004,Go Cong Town-1732.jpeg,0.6505772769451141,10.38865207340429N,106.66352233764604E,[]
19005,Long Hồ District-8117.jpeg,0.6505652293562889,10.288736980562286N,106.00847207316117E,[]
19007,Sa Đéc City-1602.jpeg,0.6505249664187431,10.319269873671924N,105.72305716960248E,[]
19018,Cai Lậy Town-1429.jpeg,0.6503207497298717,10.38846097225439N,106.18682458406407E,[]
19020,Go Cong Town-4183.jpeg,0.6502736136317253,10.43985581039345N,106.64982219322431E,[]
19023,Hoa Lư District-821.jpeg,0.650242168456316,20.206076574893753N,105.95358020079591E,[]
19024,Long Xuyen City-92.jpeg,0.6502246484160423,10.308457469931831N,105.45228581568648E,[]
19026,Cao Lanh City-1256.jpeg,0.6501813344657421,10.429799137878842N,105.65231301283626E,[]
19033,Tây Ninh City-3913.jpeg,0.649951659142971,11.379814242750715N,106.0990138879476E,[]
19035,Cai Lậy Town-3959.jpeg,0.6499367579817772,10.436969775717799N,106.11009981729622E,[]
19036,Vĩnh Long-87.jpeg,0.6499289199709892,10.228785403434047N,105.90624796715078E,[]
19037,Cai Lậy Town-2922.jpeg,0.6498900689184666,10.416757774274714N,106.11009981729622E,[]
19040,Duy Tiên District-429.jpeg,0.6497853696346283,20.579622174148962N,105.97776998812962E,[]
19042,Cai Lậy Town-6417.jpeg,0.6497551426291466,10.484131112418343N,106.13887160483415E,[]
19044,Tây Ninh City-1155.jpeg,0.649745274335146,11.328610505761462N,106.10588598493449E,[]
19045,Cai Lậy Town-900.jpeg,0.6497264876961708,10.380376171677153N,106.11146990241708E,[]
19046,Sa Đéc City-31.jpeg,0.6497190967202187,10.265371203157034N,105.72168753605945E,[]
19052,Châu Thành District-10044.jpeg,0.6494029276072979,10.324380208923131N,106.32929124711461E,[]
19054,Hiệp Hòa District-3005.jpeg,0.6493837479501963,21.297172278113386N,105.98906678999342E,[]
19055,Long Hồ District-1402.jpeg,0.649341594427824,10.162075104852311N,105.98382565814235E,[]
19057,Phu Ly City-948.jpeg,0.6493312381207943,20.524897608806498N,105.91568994680563E,[]
19060,Hiệp Hòa District-7579.jpeg,0.6492574326694012,21.361850682733312N,106.00642544439235E,[]
19067,Vĩnh Long-91.jpeg,0.6491157598793507,10.228785403434047N,105.9117252942271E,[]
19077,Vĩnh Long-68.jpeg,0.6488134451210499,10.227437936671176N,105.95417457906869E,[]
19089,Mỹ Tho-417.jpeg,0.6484821140766144,10.33679527080231N,106.31905067271501E,[]
19090,Châu Thành District-2771.jpeg,0.6484426073729992,10.273176471933986N,106.37174552991279E,[]
19091,Tây Ninh City-5191.jpeg,0.6483675874769688,11.400026244193837N,106.13062553408732E,[]
19092,Trà Vinh City-1717.jpeg,0.6483598947525024,9.95939610795658N,106.32355734813949E,[]
19095,Hung Yen City-3347.jpeg,0.6483039958402514,20.70550307993784N,106.02160139969224E,[]
19096,Bac Giang City-1380.jpeg,0.6482921168208122,21.271267476667855N,106.15479717286136E,[]
19097,Cai Lậy Town-968.jpeg,0.6482847407460213,10.381723638440027N,106.10187930657109E,[]
19098,Sa Đéc City-818.jpeg,0.6481937281787395,10.292320538414481N,105.73675350503285E,[]
19100,Hiệp Hòa District-562.jpeg,0.6481776982545853,21.248663474648463N,105.95145637212903E,[]
19103,Yên Mỹ District-3747.jpeg,0.6481487397104502,20.917868478567776N,106.01185692662128E,[]
19104,Duy Tiên District-868.jpeg,0.6481321565806866,20.601181642355538N,105.98064959773394E,[]
19111,Cai Lậy Town-5311.jpeg,0.6479699052870274,10.461224177449507N,106.09776905120856E,[]
19112,Phu Ly City-3420.jpeg,0.6479562856256962,20.56801654521964N,105.91568994680563E,[]
19138,Phu Ly City-3539.jpeg,0.6474124640226364,20.57071147874546N,105.93295770094146E,[]
19140,Yên Mỹ District-1274.jpeg,0.6473989933729172,20.876097008917483N,105.96714496411361E,[]
19142,Thái Bình-3360.jpeg,0.6473933146335185,20.503926246636713N,106.36227442052956E,[]
19149,Tam Điệp-4476.jpeg,0.6472829468548298,20.184373878336416N,105.8737304515541E,[]
19153,Long Xuyen City-5343.jpeg,0.6471803039312363,10.432424412116097N,105.43310794375199E,[]
19154,Long Hồ District-3436.jpeg,0.6471786852926016,10.18767697334688N,105.8756552811153E,[]
19156,Cai Lậy Town-4846.jpeg,0.6471623666584492,10.4517919101094N,106.15120237092184E,[]
19158,Chau Doc City-3187.jpeg,0.6471465900540352,10.685005274926388N,105.11522045413554E,[]
19161,Hiệp Hòa District-8596.jpeg,0.6470383796840906,21.38206268417704N,106.02957031692426E,[]
19162,Châu Thành District-4476.jpeg,0.6470104157924652,10.283956206036958N,106.34161668405602E,[]
19165,Hoa Lư District-3152.jpeg,0.6469942294061184,20.273449913039194N,105.93490911003464E,[]
19166,Phu Ly City-2730.jpeg,0.6469813287258148,20.55454187759053N,105.92720178289618E,[]
19168,Thanh Liêm District-3980.jpeg,0.6469506286084652,20.455835212521666N,105.92182538680898E,[]
19174,Bac Giang City-2029.jpeg,0.6467596683651209,21.28204721077117N,106.2545682256048E,[]
19175,Phu Ly City-3209.jpeg,0.6467382926493883,20.562626678167998N,105.99051688139429E,[]
19177,Cao Lanh City-2226.jpeg,0.646680410951376,10.44596873903332N,105.61805706615645E,[]
19181,Go Cong Town-1444.jpeg,0.6466432511806488,10.380567272827056N,106.67174242429908E,[]
19184,Thanh Liêm District-4634.jpeg,0.6465845219790936,20.46526747986205N,105.91894927306168E,[]
19187,Bac Giang City-2035.jpeg,0.6465528216212988,21.28339467753409N,106.15045930100294E,[]
19189,Long Xuyen City-3095.jpeg,0.6464537661522627,10.377178274838322N,105.44269687971922E,['486.jpeg']
19191,Tây Ninh City-4720.jpeg,0.6463899202644825,11.39194144361659N,106.14574414745852E,[]
19195,Tây Ninh City-770.jpeg,0.6463415287435055,11.31917823842134N,106.12650227589519E,['96.jpeg']
19196,Tây Ninh City-4456.jpeg,0.6462824046611786,11.387899043327963N,106.13887205047158E,[]
19203,Tam Điệp-1329.jpeg,0.6461875159293413,20.13721254163463N,105.9483719494257E,[]
19206,Ninh Bình-985.jpeg,0.6461680978536606,20.240180008716898N,106.00461296950637E,[]
19207,Go Cong Town-1644.jpeg,0.6461517531424761,10.385957139878546N,106.6758524676256E,[]
19209,Cai Lậy Town-4472.jpeg,0.6460866630077362,10.445054576295032N,106.15942288164696E,[]
19214,Duy Tiên District-1052.jpeg,0.6458080485463142,20.606571509407175N,105.98496901214044E,[]
19224,Long Hồ District-8915.jpeg,0.6456138417124748,10.304906581716757N,105.96328697896001E,[]
19226,Go Cong Town-161.jpeg,0.6455291658639908,10.344185670229502N,106.66763238097258E,[]
19232,Trà Vinh City-2500.jpeg,0.6454319581389427,9.979608109399651N,106.32492539803008E,[]
19234,Châu Thành District-1089.jpeg,0.645403828471899,10.261049271068135N,106.18960296177862E,[]
19235,Bến Tre City-1845.jpeg,0.6454010009765625,10.240805073074588N,106.39403223767988E,[]
19240,Long Hồ District-3076.jpeg,0.645355835556984,10.182287106295396N,105.9810871675847E,['680.jpeg']
19242,Binh Minh Town-3546.jpeg,0.645347498357296,10.077365209427533N,105.82279391278752E,[]
19246,Duy Tiên District-1848.jpeg,0.645239420235157,20.622741110562114N,106.00656608417283E,[]
19248,Mỹ Tho-950.jpeg,0.6452040001749992,10.34622753814242N,106.39575989323852E,[]
19250,Tây Ninh City-3436.jpeg,0.6451487876474857,11.37172944217346N,106.12925111468995E,[]
19252,Cai Lậy Town-1053.jpeg,0.645087830722332,10.383071105202898N,106.11558015777963E,[]
19256,Châu Thành District-3532.jpeg,0.6449931487441063,10.278566338985474N,106.25533862546617E,[]
19258,Long Hồ District-3791.jpeg,0.6449314020574093,10.191719373635499N,105.95780999784469E,[]
19263,Hiệp Hòa District-822.jpeg,0.6448003351688385,21.25674827522595N,105.9847271263937E,[]
19266,Long Hồ District-8277.jpeg,0.6447410061955452,10.291431914088033N,106.02627226178588E,[]
19272,Vĩnh Long-1326.jpeg,0.6445791013538837,10.254387271928618N,105.89118531769084E,[]
19279,Long Xuyen City-2053.jpeg,0.6442813687026501,10.35561880663236N,105.43447779174731E,[]
19285,Châu Thành District-3968.jpeg,0.6441121846437454,10.281261272511216N,106.2512301464857E,[]
19286,Tây Ninh City-395.jpeg,0.6440772227942944,11.309745971081217N,106.07839759698689E,[]
19302,Thái Bình-360.jpeg,0.6438158042728901,20.424425707625012N,106.34357874733641E,[]
19303,Mỹ Tho-3759.jpeg,0.643809612840414,10.396083808368703N,106.3217902877337E,[]
19305,Thanh Liêm District-5415.jpeg,0.6437818417325616,20.476047213965323N,105.95346263802935E,[]
19310,Trà Vinh City-2321.jpeg,0.6437254548072815,9.975565709111041N,106.31124489912449E,[]
19311,Duy Tiên District-1117.jpeg,0.6437204256653786,20.609266442933002N,105.93889525847129E,[]
19315,Long Hồ District-5183.jpeg,0.6436474621295929,10.218668708892936N,105.93179433754707E,[]
19316,Ninh Bình-2426.jpeg,0.643643744289875,20.290036278944527N,105.9672719767811E,[]
19317,Yên Mỹ District-1297.jpeg,0.6436374671757221,20.876097008917483N,106.00031835565159E,[]
19320,Sa Đéc City-1447.jpeg,0.6436169296503067,10.313880006620439N,105.71894826897338E,[]
19328,Bến Tre City-2715.jpeg,0.6434095427393913,10.255627207466182N,106.39677076759702E,[]
19329,Long Hồ District-8945.jpeg,0.6433954685926437,10.304906581716757N,106.0043643373247E,[]
19333,Cao Lanh City-1527.jpeg,0.643328845500946,10.433841538167465N,105.67423681871132E,[]
19334,Yên Mỹ District-3322.jpeg,0.6433241390623152,20.909783677990298N,105.99887603428036E,[]
19337,Cai Lậy Town-647.jpeg,0.6432599946856499,10.374986304625663N,106.16627330725123E,[]
19342,Châu Thành District-3073.jpeg,0.6430705040693283,10.275871405459727N,106.210145356681E,[]
19346,Ninh Bình-832.jpeg,0.6429725531488657,20.23748507519107N,105.94572909636263E,[]
19349,Cao Lanh City-501.jpeg,0.6429538354277611,10.417671937012992N,105.65779396430501E,[]
19350,Sa Đéc City-2660.jpeg,0.642951488494873,10.362388810083837N,105.72168753605945E,[]
19354,Cai Lậy Town-1063.jpeg,0.6428770869970322,10.383071105202898N,106.12928100898819E,[]
19359,Cao Lanh City-3685.jpeg,0.6427470818161964,10.476960474579384N,105.63861063416432E,[]
19361,Long Hồ District-5341.jpeg,0.6427292972803116,10.22136364241868N,105.9687639600753E,[]
19364,Long Xuyen City-410.jpeg,0.6426949687302113,10.317889737271937N,105.46187475165372E,[]
19369,Long Hồ District-8463.jpeg,0.6426234021782875,10.295474314376653N,105.9865641487E,[]
19381,Châu Thành District-5092.jpeg,0.6423872001469135,10.28799860632558N,106.28409797832946E,[]
19383,Châu Thành District-2282.jpeg,0.6423288732767105,10.27048153840824N,106.20055890572655E,[]
19384,Long Hồ District-8748.jpeg,0.6423059478402138,10.300864181428137N,105.99477962037295E,[]
19388,Cao Lanh City-2191.jpeg,0.6422399058938026,10.444621272270446N,105.6783475323129E,[]
19390,Duy Tiên District-469.jpeg,0.6421998515725136,20.582317107674786N,105.97920979293177E,[]
19391,Bến Tre City-1994.jpeg,0.6421836465597153,10.243500006600332N,106.37760105817705E,[]
19392,Go Cong Town-3870.jpeg,0.6420984752476215,10.434465943341957N,106.6306419910339E,['843.jpeg']
19395,Thái Bình-1712.jpeg,0.642066789790988,20.454069976409034N,106.33494997509344E,[]
19400,Vĩnh Long-1086.jpeg,0.6419634409248829,10.250344871640005N,105.90624796715078E,[]
19402,Tam Điệp-1150.jpeg,0.6419115625321865,20.134517608108812N,105.89239082602198E,[]
19403,Mỹ Hào District-3919.jpeg,0.6419098526239395,20.97700494678629N,106.07044857027465E,[]
19407,Thanh Liêm District-479.jpeg,0.6418465748429298,20.392504274664912N,105.89018813558863E,[]
19411,Phu Ly City-2440.jpeg,0.6417576102539897,20.54915201053889N,105.93727463947543E,[]
19414,Long Hồ District-9420.jpeg,0.641735851764679,10.31838124934548N,105.99204112981529E,[]
19417,Châu Thành District-1832.jpeg,0.6417094357311726,10.266439138119624N,106.31970479616021E,[]
19426,Hoa Lư District-614.jpeg,0.6415315698832273,20.202034174605032N,105.92772792128032E,[]
19427,Thái Bình-266.jpeg,0.6415241099894047,20.420383307336287N,106.32775933155762E,"['445.jpeg', '446.jpeg']"
19429,Tây Ninh City-50.jpeg,0.6415019277483225,11.29761877021534N,106.0990138879476E,[]
19434,Tây Ninh City-666.jpeg,0.6413968801498413,11.316483304895591N,106.12650227589519E,[]
19437,Hiệp Hòa District-7011.jpeg,0.6413160972297192,21.353765882155816N,105.97894090826068E,[]
19440,Tây Ninh City-4783.jpeg,0.6412679553031921,11.393288910379463N,106.11688134011352E,[]
19442,Tây Ninh City-2206.jpeg,0.6411849297583103,11.351517440730339N,106.07839759698689E,[]
19443,Go Cong Town-100.jpeg,0.6411789990961552,10.341490736703756N,106.66900239541475E,[]
19444,Ninh Bình-1517.jpeg,0.64113974198699,20.252307209583073N,106.00748535356213E,[]
19445,Mỹ Hào District-651.jpeg,0.6411344856023788,20.904241741589008N,106.12238266397425E,[]
19453,Tây Ninh City-6154.jpeg,0.6409565210342407,11.418890778874088N,106.17048369661134E,[]
19463,Thái Bình-95.jpeg,0.6406452804803848,20.4082561064701N,106.33351184638626E,[]
19467,Châu Thành District-27.jpeg,0.6402536928653717,10.242184736387928N,106.21562332865496E,[]
19476,Sa Đéc City-342.jpeg,0.6399863660335541,10.276150937260013N,105.77510324423783E,[]
19478,Chau Doc City-2236.jpeg,0.6399269439280033,10.670183140534787N,105.13578929461362E,[]
19482,Long Hồ District-7245.jpeg,0.6397830918431282,10.272567379407823N,106.03311848818001E,[]
19486,Thái Bình-2713.jpeg,0.6397394556552172,20.478324378141412N,106.36083629182238E,[]
19491,Hiệp Hòa District-8442.jpeg,0.6395407393574715,21.37936775065121N,105.98617368092694E,[]
19498,Duy Tiên District-3665.jpeg,0.6393528617918491,20.64834297905743N,105.98928842654688E,[]
19501,Cao Lanh City-2418.jpeg,0.6392889097332954,10.450011139321935N,105.58517135734382E,[]
19505,Tây Ninh City-2036.jpeg,0.6391687374562025,11.347475040441713N,106.12237901770304E,[]
19514,Vĩnh Long-610.jpeg,0.6390235386788845,10.2409126042999N,105.99251586860305E,[]
19516,Cao Lanh City-5126.jpeg,0.6389455311000347,10.507952210125461N,105.57832016800789E,[]
19517,Duy Tiên District-1994.jpeg,0.6389375180006027,20.625436044087937N,105.9417748680756E,[]
19519,Duy Tiên District-2484.jpeg,0.6388293020427227,20.632173377902483N,105.9604923305037E,[]
19520,Châu Thành District-5750.jpeg,0.6387879252433777,10.292041006614197N,106.30874885221228E,[]
19541,Duy Tiên District-2244.jpeg,0.6382571794092655,20.62813097761375N,106.02672335140306E,[]
19544,Hiệp Hòa District-6495.jpeg,0.6381469778716564,21.347028548341235N,105.92397183599734E,[]
19545,Bac Giang City-2304.jpeg,0.6381108602508903,21.287437077822833N,106.21408142159298E,[]
19548,Mỹ Tho-898.jpeg,0.6379824727773666,10.34622753814242N,106.32452990275242E,[]
19549,Tây Ninh City-946.jpeg,0.6379535924643278,11.323220638709966N,106.13749763107424E,[]
19556,Binh Minh Town-2827.jpeg,0.6378055512905121,10.057153207984456N,105.86658433324753E,[]
19559,Thái Bình-2036.jpeg,0.6377450786530972,20.460807310223583N,106.36946506406538E,[]
19560,Cai Lậy Town-4781.jpeg,0.6377055123448372,10.450444443346525N,106.16353313700955E,[]
19561,Mỹ Tho-1567.jpeg,0.6377035714685917,10.3570072722454N,106.3724731655796E,[]
19562,Hoa Lư District-3969.jpeg,0.6376983746886253,20.290966980957013N,105.96507010280283E,[]
19563,Bến Tre City-3184.jpeg,0.6376731880009174,10.266406941569157N,106.37897032313563E,[]
19572,Cao Lanh City-4268.jpeg,0.6373413503170013,10.489087675445242N,105.60846540108611E,[]
19576,Mỹ Tho-3080.jpeg,0.6371943205595016,10.383956607502846N,106.31768086520566E,[]
19578,Mỹ Tho-3735.jpeg,0.6371709145605564,10.394736341605826N,106.38480143316373E,[]
19580,Bac Giang City-1298.jpeg,0.6370999924838543,21.268572543142028N,106.21552737887913E,[]
19582,Ninh Bình-624.jpeg,0.6370638124644756,20.230747741376536N,105.99743200936688E,[]
19586,Cao Lanh City-4691.jpeg,0.6369043551385403,10.497172476022477N,105.62353801762521E,[]
19589,Cai Lậy Town-431.jpeg,0.6368307843804359,10.370943904337045N,106.12654083874648E,[]
19590,Long Xuyen City-5411.jpeg,0.6368084438145161,10.435119345641839N,105.42488885578004E,[]
19594,Mỹ Tho-3372.jpeg,0.6367630325257778,10.387999007791462N,106.39712970074788E,[]
19596,Cao Lanh City-2857.jpeg,0.6367357708513737,10.458095939899168N,105.6454618235003E,[]
19598,Cao Lanh City-2328.jpeg,0.6367042139172554,10.447316205796186N,105.65779396430501E,[]
19600,Tam Điệp-277.jpeg,0.6366817988455296,20.117000540191N,105.94119488232266E,[]
19604,Bến Tre City-2910.jpeg,0.6366516351699829,10.259669607754798N,106.38581664792846E,[]
19607,Trà Vinh City-1389.jpeg,0.6363556124269962,9.94726890709074N,106.35091834595066E,[]
19608,Chau Doc City-2930.jpeg,0.6363535076379776,10.680962874637771N,105.12893301445428E,[]
19613,Tây Ninh City-2603.jpeg,0.6362904980778694,11.358254774544713N,106.09076737156332E,[]
19616,Cai Lậy Town-6431.jpeg,0.6362516433000565,10.485478579181216N,106.10461947681281E,[]
19621,Châu Thành District-7041.jpeg,0.6360571533441544,10.30012580719143N,106.39091843182166E,[]
19622,Ninh Bình-630.jpeg,0.6359883174300194,20.230747741376536N,106.00604916153425E,[]
19636,Duy Tiên District-1738.jpeg,0.635694645345211,20.621393643799195N,105.97633018332745E,[]
19647,Cai Lậy Town-1549.jpeg,0.6354956477880478,10.391155905780133N,106.12928100898819E,[]
19657,Hiệp Hòa District-7001.jpeg,0.6353768818080425,21.353765882155816N,105.96447536292821E,[]
19660,Long Xuyen City-1409.jpeg,0.6352808140218258,10.340796672240765N,105.44817627170053E,[]
19662,Cao Lanh City-4936.jpeg,0.6352696307003498,10.50256234307397N,105.59887373601575E,[]
19669,Chau Doc City-1332.jpeg,0.6351596266031265,10.655361006143185N,105.06311272492431E,[]
19679,Châu Thành District-194.jpeg,0.6348620355129242,10.248922070202283N,106.19371144075912E,[]
19682,Cai Lậy Town-5165.jpeg,0.634845569729805,10.458529243923762N,106.09228871072513E,[]
19684,Thanh Liêm District-6382.jpeg,0.6347652450203896,20.49086934835734N,105.88587396496767E,[]
19688,Châu Thành District-54.jpeg,0.6347313448786736,10.243532203150798N,106.21973180763543E,[]
19690,Cai Lậy Town-1394.jpeg,0.6346605531871319,10.38846097225439N,106.13887160483415E,[]
19691,Thanh Liêm District-6482.jpeg,0.6346410773694515,20.492216815120244N,105.92182538680898E,[]
19694,Bac Giang City-2859.jpeg,0.6345366649329662,21.29956427868906N,106.1576890874336E,[]
19699,Châu Thành District-998.jpeg,0.6343747079372406,10.259701804305262N,106.25533862546617E,[]
19700,Châu Thành District-4678.jpeg,0.6343684606254101,10.28530367279983N,106.31559631717974E,[]
19703,Châu Thành District-10171.jpeg,0.6343303564935923,10.325727675686002N,106.36900654392583E,[]
19717,Bến Tre City-263.jpeg,0.6340826023370028,10.204423470477042N,106.37212399834277E,[]
19718,Hiệp Hòa District-7805.jpeg,0.6340600857511163,21.365893083022055N,105.98906678999342E,[]
19727,Cao Lanh City-2689.jpeg,0.6338374242186546,10.455401006373423N,105.58791183307821E,[]
19728,Yên Mỹ District-2561.jpeg,0.6338169984519482,20.89630901036118N,106.01906853347737E,[]
19733,Binh Minh Town-2052.jpeg,0.6337107792496681,10.040983606829998N,105.8843741915594E,[]
19736,Long Hồ District-5633.jpeg,0.6336790565401316,10.226753509470168N,106.02079528067058E,[]
19737,Cai Lậy Town-2003.jpeg,0.6336659155786037,10.39924070635737N,106.09228871072513E,[]
19741,Tây Ninh City-559.jpeg,0.6335856467485428,11.313788371369842N,106.10863482372925E,[]
19743,Tây Ninh City-4079.jpeg,0.6335547231137753,11.382509176276463N,106.09351621035809E,[]
19744,Sa Đéc City-365.jpeg,0.6335435323417187,10.277498404022884N,105.74223203920499E,[]
19755,Go Cong Town-1018.jpeg,0.6332859024405479,10.369787538724077N,106.64434213545564E,[]
19756,Binh Minh Town-2838.jpeg,0.6332802139222622,10.058500674747329N,105.81047785703313E,[]
19760,Châu Thành District-9645.jpeg,0.6332155074924231,10.320337808634513N,106.26355558342712E,[]
19761,Long Xuyen City-2634.jpeg,0.633149454370141,10.367746007498214N,105.4468064237052E,[]
19763,Châu Thành District-3119.jpeg,0.6331226900219917,10.275871405459727N,106.27314203438154E,[]
19766,Vĩnh Long-658.jpeg,0.6330760680139065,10.242260071062768N,105.96512923322136E,[]
19768,Bến Tre City-2472.jpeg,0.6329836063086987,10.251584807177563N,106.35706208379852E,[]
19769,Tây Ninh City-5530.jpeg,0.6329051367938519,11.406763578008213N,106.08664411337115E,[]
19771,Long Hồ District-6005.jpeg,0.6328906342387199,10.234838310047401N,106.00299509204586E,[]
19772,Thái Bình-442.jpeg,0.6328878588974476,20.427120641150832N,106.3565219057009E,[]
19775,Châu Thành District-3860.jpeg,0.6328557208180428,10.279913805748345N,106.40598285475006E,[]
19776,Bến Tre City-2553.jpeg,0.6327465437352657,10.252932273940436N,106.36801620346708E,[]
19780,Cao Lanh City-996.jpeg,0.6326870247721672,10.42575673759023N,105.6440915856331E,[]
19788,Long Xuyen City-4663.jpeg,0.6324057914316654,10.413559877435876N,105.38790295990641E,[]
19789,Mỹ Tho-688.jpeg,0.632327277213335,10.342185137853802N,106.346446822902E,[]
19794,Mỹ Tho-3434.jpeg,0.6321405656635761,10.389346474554337N,106.37384297308895E,[]
19796,Châu Thành District-7028.jpeg,0.632131539285183,10.30012580719143N,106.3731150229063E,[]
19797,Long Hồ District-3491.jpeg,0.6321245729923248,10.18767697334688N,105.95096377145056E,[]
19799,Tây Ninh City-4100.jpeg,0.6320943310856819,11.382509176276463N,106.12237901770304E,[]
19803,Mỹ Tho-367.jpeg,0.6320285834372044,10.33544780403944N,106.31494125018696E,[]
19804,Thanh Liêm District-1166.jpeg,0.6320014148950577,20.411368809345642N,105.90744481807246E,[]
19815,Cao Lanh City-4621.jpeg,0.6317949928343296,10.495825009259605N,105.62079754189082E,[]
19816,Châu Thành District-10708.jpeg,0.6317059136927128,10.339202343314726N,106.3607895859649E,[]
19819,Châu Thành District-4560.jpeg,0.6316815540194511,10.28530367279983N,106.1539961439479E,[]
19822,Yên Mỹ District-3761.jpeg,0.6316094435751438,20.917868478567776N,106.03204942581829E,[]
19826,Tây Ninh City-6578.jpeg,0.6315402798354626,11.429670512977088N,106.11688134011352E,[]
19827,Yên Mỹ District-3079.jpeg,0.6315082088112831,20.90574127770157N,105.97002960685604E,[]
19837,Go Cong Town-4814.jpeg,0.6312764789909124,10.466805145650902N,106.64160210657127E,[]
19839,Sa Đéc City-2657.jpeg,0.6312389969825745,10.362388810083837N,105.71757863543034E,[]
19848,Duy Tiên District-2841.jpeg,0.630974842235446,20.63756324495413N,105.93601564886697E,[]
19854,Tây Ninh City-1039.jpeg,0.6307546719908714,11.325915572235711N,106.111383662524E,[]
19857,Châu Thành District-7722.jpeg,0.6306967344135046,10.305515674242919N,106.24301318852476E,[]
19860,Hiệp Hòa District-3172.jpeg,0.6305086612701416,21.299867211639217N,105.99919267172614E,[]
19864,Sa Đéc City-1081.jpeg,0.6304395869374275,10.300405338991713N,105.75181947400624E,[]
19866,Duy Tiên District-4898.jpeg,0.6303835362195969,20.66586004697526N,106.02816315620521E,[]
19872,Sa Đéc City-633.jpeg,0.6302380263805389,10.285583204600115N,105.74908020692013E,[]
19874,Long Hồ District-4833.jpeg,0.630221925675869,10.210583908315703N,105.98930263925763E,[]
19875,Duy Tiên District-4696.jpeg,0.6301379823125899,20.66316511344944N,105.99360784095339E,[]
19880,Phu Ly City-2818.jpeg,0.630022868514061,20.55588934435344N,105.95022545507734E,[]
19891,Hung Yen City-1186.jpeg,0.6297310590744019,20.636782275029375N,106.07200402379468E,[]
19894,Trà Vinh City-1230.jpeg,0.6296970117837191,9.939184106513508N,106.34407809649787E,[]
19897,Ninh Bình-332.jpeg,0.6296542659401894,20.219968007273255N,105.99743200936688E,[]
19899,Chau Doc City-156.jpeg,0.6295830495655537,10.621674337071353N,105.08779533349806E,[]
19900,Cai Lậy Town-1249.jpeg,0.6295240521430969,10.385766038728642N,106.16490322213039E,[]
19912,Long Hồ District-8578.jpeg,0.6292153522372246,10.298169247902392N,105.95096377145056E,[]
19913,Chau Doc City-3720.jpeg,0.6291705202311277,10.693090075503628N,105.15087311096424E,[]
19914,Cai Lậy Town-1016.jpeg,0.6291610337793827,10.381723638440027N,106.16764339237213E,[]
19922,Long Hồ District-2768.jpeg,0.628986369818449,10.178244706006778N,106.01531829955528E,[]
19925,Thanh Liêm District-3987.jpeg,0.6289141699671745,20.455835212521666N,105.93189178492456E,[]
19926,Hung Yen City-3503.jpeg,0.6289089620113373,20.70954548022658N,106.06336357394854E,[]
19933,Hung Yen City-3022.jpeg,0.6287986859679222,20.69337587907165N,106.07776432369208E,[]
19935,Duy Tiên District-4659.jpeg,0.628782644867897,20.66316511344944N,105.92593701525183E,[]
19937,Mỹ Tho-2822.jpeg,0.6287757642567158,10.378566740451355N,106.37932220312635E,[]
19938,Tây Ninh City-6487.jpeg,0.6287366859614849,11.426975579451344N,106.13749763107424E,[]
19939,Châu Thành District-9205.jpeg,0.6286821253597736,10.316295408345898N,106.29368442928389E,[]
19941,Long Hồ District-2684.jpeg,0.6286669187247753,10.178244706006778N,105.90030169613412E,[]
19949,Châu Thành District-3888.jpeg,0.6284468993544579,10.279913805748345N,106.4443286585678E,[]
19951,Phu Ly City-2502.jpeg,0.6284076357260346,20.550499477301795N,105.9200068853396E,[]
19952,Thái Bình-3145.jpeg,0.6283680945634842,20.491799045770513N,106.37521757889405E,[]
19954,Sa Đéc City-2893.jpeg,0.628273606300354,10.373168544186822N,105.7312749708607E,[]
19955,Bến Tre City-2726.jpeg,0.6282582357525826,10.255627207466182N,106.4118326821413E,[]
19957,Châu Thành District-3309.jpeg,0.6282454282045364,10.277218872222601N,106.24438268151823E,[]
19958,Tây Ninh City-1904.jpeg,0.6282062903046608,11.344780106915964N,106.12375343710043E,[]
19966,Bến Tre City-1381.jpeg,0.6280555725097656,10.232720272497357N,106.37212399834277E,[]
19968,Cai Lậy Town-377.jpeg,0.6280420087277889,10.369596437574177N,106.11283998753794E,[]
19969,Long Hồ District-7311.jpeg,0.6279978267848492,10.273914846170692N,106.02490301650705E,[]
19972,Tây Ninh City-1633.jpeg,0.6279657892882824,11.339390239864464N,106.09489062975544E,[]
19974,Yên Mỹ District-2488.jpeg,0.6278922595083714,20.894961543598264N,106.03060710444711E,[]
19977,Go Cong Town-1090.jpeg,0.6278023906052113,10.371135005486948N,106.67311243874127E,[]
19978,Hoa Lư District-824.jpeg,0.627755731344223,20.206076574893753N,105.95788891404847E,[]
19988,Cao Lanh City-4142.jpeg,0.6275485418736935,10.486392741919497N,105.61942730402366E,[]
19989,Hiệp Hòa District-1650.jpeg,0.6275079688057303,21.27426534314384N,105.98038746279394E,[]
19991,Yên Mỹ District-2471.jpeg,0.6274374276399612,20.894961543598264N,106.00608764113643E,[]
19993,Tây Ninh City-1966.jpeg,0.627369187772274,11.346127573678837N,106.1182557595109E,[]
19996,Cai Lậy Town-709.jpeg,0.627300588414073,10.376333771388534N,106.15394254116356E,[]
19998,Trà Vinh City-2637.jpeg,0.627277284860611,9.982303042925398N,106.36459884485626E,[]
20000,Long Hồ District-5411.jpeg,0.6272575743496418,10.222711109181553N,105.9756101864694E,[]
20002,Mỹ Tho-3659.jpeg,0.6272420585155487,10.393388874842957N,106.37658258810765E,[]
20004,Châu Thành District-2966.jpeg,0.6271776109933853,10.274523938696857N,106.3607895859649E,[]
20005,Long Xuyen City-2780.jpeg,0.6271501444280148,10.371788407786832N,105.37420447995319E,[]
20008,Cai Lậy Town-6683.jpeg,0.6271189674735069,10.494910846521323N,106.09639896608768E,[]
20009,Long Hồ District-8818.jpeg,0.6270910687744617,10.302211648191006N,106.00025660148823E,[]
20010,Long Hồ District-2900.jpeg,0.6270769461989403,10.18093963953252N,105.89071697918236E,[]
20015,Phu Ly City-59.jpeg,0.6269707754254341,20.492558406496656N,105.91712892631695E,[]
20017,Bến Tre City-2350.jpeg,0.6269407495856285,10.24888987365182N,106.40498635734843E,[]
20019,Long Xuyen City-3629.jpeg,0.6268744729459286,10.387958008941302N,105.43447779174731E,['924.jpeg']
20020,Trà Vinh City-3089.jpeg,0.6268556602299213,9.997125177316981N,106.32492539803008E,[]
20021,Mỹ Tho-3495.jpeg,0.6268034316599369,10.39069394131721N,106.35192605293939E,[]
20025,Phu Ly City-3704.jpeg,0.626752145588398,20.574753879034187N,105.94015259849807E,[]
20028,Tây Ninh City-2172.jpeg,0.6266878433525562,11.350169973967462N,106.12787669529254E,[]
20029,Hiệp Hòa District-7454.jpeg,0.626589048653841,21.360503215970393N,105.95290292666226E,[]
20032,Chau Doc City-1176.jpeg,0.6265374571084976,10.652666072617436N,105.03431634825499E,[]
20033,Duy Tiên District-90.jpeg,0.6265181647613645,20.56480003975695N,105.97633018332745E,[]
20036,Binh Minh Town-1089.jpeg,0.6265044175088406,10.020771605386921N,105.84332067237811E,[]
20038,Hiệp Hòa District-3063.jpeg,0.6264672726392746,21.2985197448763N,105.95724259026198E,[]
20045,Tây Ninh City-4718.jpeg,0.6262626796960831,11.39194144361659N,106.14299530866373E,[]
20047,Cai Lậy Town-4114.jpeg,0.626259122043848,10.439664709243544N,106.10324939169192E,[]
20048,Duy Tiên District-493.jpeg,0.626192269846797,20.583664574437694N,105.98208940253609E,[]
20054,Go Cong Town-3890.jpeg,0.6260159239172935,10.434465943341957N,106.65804227987738E,[]
20055,Châu Thành District-4912.jpeg,0.6260036155581474,10.286651139562707N,106.3347692190886E,[]
20062,Vĩnh Long-1158.jpeg,0.6258325651288033,10.251692338402876N,105.89118531769084E,[]
20064,Duy Tiên District-4248.jpeg,0.6257964372634888,20.656427779634885N,106.00080686496418E,[]
20065,Binh Minh Town-919.jpeg,0.6257932335138321,10.016729205098311N,105.8528998268538E,[]
20070,Tây Ninh City-2409.jpeg,0.6257172115147114,11.354212374256086N,106.14986740565064E,[]
20074,Cai Lậy Town-6676.jpeg,0.6256620399653912,10.493563379758449N,106.12517075362561E,[]
20080,Hung Yen City-2254.jpeg,0.625388503074646,20.66912147733924N,106.0705639488203E,[]
20082,Cai Lậy Town-2063.jpeg,0.6253160946071148,10.39924070635737N,106.17449381797637E,[]
20089,Long Hồ District-4037.jpeg,0.6251385547220707,10.195761773924112N,105.94548679033528E,[]
20094,Go Cong Town-3803.jpeg,0.6250084787607193,10.43311847657908N,106.64708216433996E,[]
20108,Tây Ninh City-5608.jpeg,0.6247086264193058,11.40811104477109N,106.10863482372925E,[]
20113,Thanh Liêm District-5422.jpeg,0.624587687663734,20.476047213965323N,105.96352903614492E,[]
20115,Cao Lanh City-1145.jpeg,0.624550998210907,10.428451671115972N,105.61668682828926E,[]
20125,Go Cong Town-22.jpeg,0.6242061341181397,10.33744833641514N,106.66215232320387E,[]
20126,Thanh Liêm District-1957.jpeg,0.624197281897068,20.42619094373765N,105.9247015005563E,[]
20127,Mỹ Tho-1858.jpeg,0.624184463173151,10.362397139296887N,106.33274874780851E,[]
20129,Châu Thành District-5822.jpeg,0.6241234764456749,10.292041006614197N,106.40735234774355E,[]
20130,Tây Ninh City-2387.jpeg,0.6241109110414982,11.354212374256086N,106.11963017890828E,[]
20132,Châu Thành District-3435.jpeg,0.6240318715572357,10.277218872222601N,106.42378626366543E,[]
20134,Hoa Lư District-3679.jpeg,0.6239888854324818,20.285577113905376N,105.97368752930801E,[]
20136,Hung Yen City-1205.jpeg,0.6239134520292282,20.636782275029375N,106.0993654483074E,[]
20140,Bến Tre City-3199.jpeg,0.6238504536449909,10.267754408332031N,106.33789237437855E,"['704.jpeg', '689.jpeg']"
20142,Cai Lậy Town-5257.jpeg,0.6238380111753941,10.459876710686634N,106.12106049826308E,[]
20145,Bến Tre City-1221.jpeg,0.6237413436174393,10.228677872208738N,106.42004827189271E,[]
20147,Cai Lậy Town-571.jpeg,0.6236993670463562,10.373638837862787N,106.15805279652612E,[]
20148,Tam Điệp-1450.jpeg,0.6236753105185926,20.139907475160445N,105.91535744075173E,[]
20149,Long Xuyen City-3264.jpeg,0.6236549057066441,10.381220675126938N,105.39201250389236E,[]
20150,Châu Thành District-4121.jpeg,0.6236249543726444,10.28260873927409N,106.15810462292838E,[]
20154,Tây Ninh City-2126.jpeg,0.6235682293772697,11.348822507204586N,106.15536508324013E,[]
20156,Long Xuyen City-2985.jpeg,0.6235228329896927,10.375830808075445N,105.38379341592045E,[]
20157,Vĩnh Long-1021.jpeg,0.6234484016895294,10.24899740487713N,105.9281572754561E,[]
20161,Hung Yen City-2047.jpeg,0.6233960576355457,20.662384143524683N,106.04320252430756E,[]
20162,Duy Tiên District-4926.jpeg,0.6233142055571079,20.66720751373818N,105.92449721044969E,[]
20165,Long Hồ District-1717.jpeg,0.6232971586287022,10.16611750514093N,105.96191773368116E,[]
20166,Cai Lậy Town-6744.jpeg,0.62328065559268,10.498953246809943N,106.10187930657109E,[]
20167,Sa Đéc City-2837.jpeg,0.6232731528580189,10.370473610661076N,105.72442680314552E,[]
20169,Bến Tre City-2081.jpeg,0.6232369691133499,10.244847473363206N,106.38307811801135E,[]
20172,Bến Tre City-1142.jpeg,0.6231697909533978,10.227330405445867N,106.39266297272131E,[]
20177,Cai Lậy Town-2419.jpeg,0.6230814382433891,10.405978040171728N,106.16079296676783E,[]
20182,Trà Vinh City-3056.jpeg,0.6229751259088516,9.995777710554114N,106.32902954770172E,[]
20183,Long Xuyen City-1345.jpeg,0.6229554144665599,10.339449205477894N,105.44406672771456E,[]
20185,Châu Thành District-5698.jpeg,0.6229047439992428,10.292041006614197N,106.2375352165508E,[]
20186,Long Hồ District-7492.jpeg,0.6229024343192577,10.277957246459307N,105.98245641286351E,[]
20188,Cai Lậy Town-4423.jpeg,0.622869934886694,10.445054576295032N,106.09228871072513E,[]
20189,Tam Điệp-2724.jpeg,0.622848030179739,20.16011947660407N,105.92109909443417E,[]
20199,Cai Lậy Town-1308.jpeg,0.6226016283035278,10.387113505491515N,106.13339126435075E,[]
20207,Châu Thành District-7743.jpeg,0.622486799955368,10.305515674242919N,106.27177254138806E,[]
20209,Duy Tiên District-749.jpeg,0.622435737401247,20.597139242066802N,105.9604923305037E,[]
20214,Thanh Liêm District-3901.jpeg,0.6222930364310741,20.45448774575876N,105.94627235366109E,[]
20225,Tây Ninh City-4785.jpeg,0.6218965500593185,11.393288910379463N,106.11963017890828E,[]
20227,Long Hồ District-144.jpeg,0.6218299008905888,10.143210570172108N,105.9345328281047E,[]
20230,Cai Lậy Town-5691.jpeg,0.621591541916132,10.467961511263871N,106.1320211792299E,[]
20231,Mỹ Hào District-3511.jpeg,0.6215793676674366,20.958140412105514N,106.1440218696824E,[]
20232,Hung Yen City-114.jpeg,0.6215498156379908,20.611180406534064N,106.0619234989742E,[]
20233,Trà Vinh City-1463.jpeg,0.6215197220444679,9.951311307379353N,106.31261294901503E,[]
20238,Tam Điệp-893.jpeg,0.6213572435081005,20.12912774105718N,105.93545322864026E,[]
20239,Bến Tre City-2542.jpeg,0.6213094778358936,10.252932273940436N,106.3529542889228E,[]
20243,Ninh Bình-1584.jpeg,0.6212408617138863,20.25500214310889N,105.97014436083687E,[]
20246,Long Hồ District-4564.jpeg,0.621189758181572,10.205194041264217N,105.98519490342119E,[]
20247,Bac Giang City-3095.jpeg,0.6210820972919464,21.30630161250364N,106.15335121557521E,[]
20253,Mỹ Tho-2626.jpeg,0.6209655962884426,10.37587180692561N,106.31631105769634E,[]
20254,Hung Yen City-3562.jpeg,0.620956301689148,20.712240413752408N,106.05616319907675E,[]
20255,Long Xuyen City-3624.jpeg,0.6209476664662361,10.387958008941302N,105.4276285517707E,['483.jpeg']
20263,Long Hồ District-1638.jpeg,0.6208018474280834,10.16477003837806N,106.00573358260351E,[]
20266,Hiệp Hòa District-3248.jpeg,0.6207765061408281,21.301214678402133N,105.9847271263937E,[]
20267,Cao Lanh City-879.jpeg,0.6207735314965248,10.424409270827352N,105.60024397388295E,[]
20271,Cao Lanh City-3300.jpeg,0.6206070929765701,10.46887567400215N,105.60024397388295E,[]
20273,Go Cong Town-2803.jpeg,0.6205626949667931,10.415601408661741N,106.63338201991824E,[]
20278,Thanh Liêm District-6356.jpeg,0.6204817481338978,20.48952188159442N,105.97790960488143E,[]
20280,Châu Thành District-3304.jpeg,0.6204429492354393,10.277218872222601N,106.2375352165508E,[]
20284,Cai Lậy Town-1359.jpeg,0.6203470751643181,10.38846097225439N,106.09091862560427E,[]
20285,Long Xuyen City-2506.jpeg,0.6203450285829604,10.365051073972468N,105.45502551167712E,[]
20286,Go Cong Town-929.jpeg,0.6203305497765541,10.367092605198332N,106.66489235208824E,[]
20287,Cao Lanh City-1436.jpeg,0.6203036718070507,10.432494071404587N,105.6660153915082E,[]
20297,Hiệp Hòa District-6825.jpeg,0.6200919859111309,21.351070948629985N,105.99051334452666E,[]
20300,Châu Thành District-4152.jpeg,0.6199869848787785,10.28260873927409N,106.20055890572655E,[]
20304,Hung Yen City-689.jpeg,0.6198231466114521,20.626002540926088N,106.10368567323044E,[]
20310,Cai Lậy Town-142.jpeg,0.6197514422237873,10.36016417023407N,106.1347613494716E,[]
20317,Long Hồ District-2653.jpeg,0.6196061857044697,10.176897239243907N,106.01257980899764E,[]
20325,Châu Thành District-3071.jpeg,0.6193693913519382,10.275871405459727N,106.20740637069402E,[]
20331,Duy Tiên District-2412.jpeg,0.6192273292690516,20.630825911139574N,105.99360784095339E,[]
20335,Long Hồ District-9201.jpeg,0.6191534586250782,10.31164391553112N,105.9865641487E,[]
20339,Cai Lậy Town-2039.jpeg,0.6190691664814949,10.39924070635737N,106.14161177507587E,[]
20340,Cao Lanh City-4491.jpeg,0.6190690211951733,10.493130075733859N,105.63038920696117E,[]
20341,Chau Doc City-4056.jpeg,0.6190432794392109,10.699827409317995N,105.08779533349806E,[]
20348,Vĩnh Long-9.jpeg,0.6188583951443434,10.222048069619692N,105.95417457906869E,[]
20356,Châu Thành District-4903.jpeg,0.6186592429876328,10.286651139562707N,106.32244378214718E,[]
20362,Thanh Liêm District-6467.jpeg,0.6185696013271809,20.492216815120244N,105.89018813558863E,[]
20365,Cai Lậy Town-6578.jpeg,0.6184603907167912,10.489520979469832N,106.14024168995502E,[]
20366,Cao Lanh City-1771.jpeg,0.6183713935315609,10.437883938456077N,105.6632749157738E,[]
20384,Long Hồ District-1644.jpeg,0.6180250160396099,10.16477003837806N,106.01394905427645E,[]
20385,Long Hồ District-5660.jpeg,0.6180216297507286,10.22810097623304N,105.95780999784469E,[]
20393,Thanh Liêm District-4905.jpeg,0.6178079433739185,20.46930988015077N,105.90313064745148E,[]
20395,Chau Doc City-2101.jpeg,0.6177778989076614,10.668835673771909N,105.06448398095621E,[]
20396,Cai Lậy Town-4395.jpeg,0.6177718676626682,10.443707109532163N,106.16216305188868E,[]
20400,Hiệp Hòa District-9137.jpeg,0.6177354054525495,21.39553735180619N,105.99340645359317E,[]
20401,Long Xuyen City-964.jpeg,0.6176959164440632,10.33136440490066N,105.43447779174731E,[]
20402,Long Hồ District-4553.jpeg,0.6176943480968475,10.205194041264217N,105.9701332053541E,[]
20406,Long Xuyen City-4625.jpeg,0.6175443157553673,10.412212410673003N,105.4084506798362E,[]
20417,Châu Thành District-6460.jpeg,0.6173506714403629,10.296083406902813N,106.4292642356394E,[]
20418,Bac Giang City-397.jpeg,0.6173352487385273,21.24431814140956N,106.22564907988206E,[]
20421,Tây Ninh City-1880.jpeg,0.6172680594027042,11.344780106915964N,106.09076737156332E,[]
20424,Tây Ninh City-830.jpeg,0.6172035336494446,11.320525705184215N,106.13199995348471E,[]
20426,Long Xuyen City-3582.jpeg,0.6171020828187466,10.387958008941302N,105.37009493596724E,[]
20427,Binh Minh Town-4395.jpeg,0.6170760281383991,10.101619611159222N,105.85016292557502E,[]
20429,Hung Yen City-3151.jpeg,0.6170040033757687,20.698765746123286N,106.0360021494358E,[]
20440,Cai Lậy Town-3420.jpeg,0.6167160272598267,10.426190041614822N,106.14298186019671E,[]
20444,Tây Ninh City-6638.jpeg,0.6166170239448547,11.431017979739966N,106.15124182504802E,[]
20453,Yên Mỹ District-3531.jpeg,0.6163542531430721,20.91382607827904N,105.98877978468185E,[]
20455,Tam Điệp-643.jpeg,0.6162817142903805,20.125085340768454N,105.89239082602198E,[]
20456,Châu Thành District-4969.jpeg,0.6162742413580418,10.286651139562707N,106.41283031971751E,[]
20457,Thanh Liêm District-7716.jpeg,0.616270836442709,20.51377628332681N,105.96784320676586E,[]
20459,Châu Thành District-9847.jpeg,0.6162540204823017,10.321685275397387N,106.36489806494536E,[]
20465,Trà Vinh City-867.jpeg,0.6161332428455353,9.921667038596183N,106.34134199671676E,[]
20467,Go Cong Town-2023.jpeg,0.6160150393843651,10.396736873981526N,106.64297212101346E,[]
20470,Long Hồ District-6310.jpeg,0.6159181222319603,10.242923110624638N,106.0276415070647E,[]
20472,Cai Lậy Town-643.jpeg,0.6159088015556335,10.374986304625663N,106.16079296676783E,[]
20473,Long Xuyen City-4915.jpeg,0.6159001216292381,10.418949744487366N,105.4536556636818E,[]
20482,Chau Doc City-4883.jpeg,0.615749420132488,10.736209011915575N,105.10287914984868E,[]
20484,Vĩnh Long-1010.jpeg,0.6156992539763451,10.24899740487713N,105.91309462599618E,[]
20485,Hiệp Hòa District-6990.jpeg,0.6156982835382223,21.353765882155816N,105.94856326306252E,[]
20487,Thanh Liêm District-4241.jpeg,0.6156719960272312,20.459877612810402N,105.89018813558863E,[]
20488,Chau Doc City-4200.jpeg,0.6156712975353003,10.70252234284374N,105.09190910159367E,[]
20489,Yên Mỹ District-4176.jpeg,0.6156659610569477,20.928648212671078N,106.01329924799252E,[]
20506,Cai Lậy Town-53.jpeg,0.6152672991156578,10.356121769945446N,106.12654083874648E,[]
20511,Cai Lậy Town-190.jpeg,0.6150551363825798,10.362859103759812N,106.11283998753794E,[]
20518,Hung Yen City-744.jpeg,0.6149476319551468,20.627350007688996N,106.08928492348691E,[]
20523,Hiệp Hòa District-3339.jpeg,0.6147938705980778,21.302562145165048N,105.98906678999342E,[]
20525,Mỹ Hào District-710.jpeg,0.6147466851398349,20.905589208351927N,106.1382514148269E,[]
20529,Phu Ly City-88.jpeg,0.6146680898964405,20.496600806785388N,105.90417811071508E,[]
20533,Bến Tre City-967.jpeg,0.6145659387111664,10.22328800515725N,106.38718591288703E,[]
20544,Châu Thành District-8653.jpeg,0.6143968775868416,10.31225300805728N,106.24027420253778E,[]
20550,Hung Yen City-2583.jpeg,0.6141797043383121,20.67990121144253N,106.06624372389724E,[]
20553,Long Hồ District-2007.jpeg,0.614140972495079,10.170159905429546N,105.90030169613412E,[]
20556,Go Cong Town-3406.jpeg,0.6141148507595062,10.426381142764722N,106.64845217878214E,[]
20560,Trà Vinh City-306.jpeg,0.6140590086579323,9.902802503915984N,106.3303975975923E,[]
20561,Tây Ninh City-4241.jpeg,0.6140459552407265,11.385204109802213N,106.08114643578168E,[]
20563,Cai Lậy Town-6368.jpeg,0.6140110157430172,10.48278364565547N,106.13065109410903E,[]
20567,Bến Tre City-2457.jpeg,0.6139625124633312,10.251584807177563N,106.33652310941999E,[]
20575,Ninh Bình-1295.jpeg,0.6137958653271198,20.246917342531432N,106.02328346586901E,[]
20576,Cao Lanh City-4303.jpeg,0.6137867234647274,10.489087675445242N,105.65642372643782E,[]
20579,Cai Lậy Town-3902.jpeg,0.6137465722858906,10.435622308954924N,106.13339126435075E,[]
20581,Thái Bình-844.jpeg,0.6137184333056211,20.436552908491205N,106.33782623250777E,[]
20582,Mỹ Hào District-3882.jpeg,0.6137084811925888,20.97296254649756N,106.09353038969671E,[]
20584,Vĩnh Long-1520.jpeg,0.6136383898556232,10.257082205454365N,105.92267994837975E,[]
20586,Thanh Liêm District-467.jpeg,0.6135718673467636,20.391156807901996N,105.91751121618802E,[]
20592,Duy Tiên District-2282.jpeg,0.6134086437523365,20.629478444376662N,105.94321467287777E,[]
20594,Sa Đéc City-507.jpeg,0.6133736185729504,10.2815408043115N,105.74497130629103E,[]
20597,Hiệp Hòa District-3177.jpeg,0.613279527053237,21.299867211639217N,106.00642544439235E,[]
20620,Hiệp Hòa District-4670.jpeg,0.6127041885629296,21.32277414660878N,105.9283114995971E,[]
20628,Bến Tre City-2751.jpeg,0.6125744841992855,10.256974674229053N,106.35158502396425E,[]
20630,Long Hồ District-4784.jpeg,0.6125400327146053,10.210583908315703N,105.92220962059528E,[]
20631,Duy Tiên District-4082.jpeg,0.6125350669026375,20.65373284610907N,106.02816315620521E,[]
20633,Bến Tre City-2778.jpeg,0.6125009953975677,10.256974674229053N,106.38855517784562E,[]
20636,Tây Ninh City-4771.jpeg,0.6124603152275085,11.393288910379463N,106.10038830734497E,[]
20640,Châu Thành District-10483.jpeg,0.6124002113938332,10.331117542737495N,106.38954893882818E,[]
20645,Binh Minh Town-2271.jpeg,0.6122324168682098,10.046373473881486N,105.81321475831187E,[]
20646,Tây Ninh City-3531.jpeg,0.6122106164693832,11.373076908936339N,106.14574414745852E,[]
20648,Binh Minh Town-4236.jpeg,0.6121142543852329,10.096229744107738N,105.84468912301752E,[]
20653,Long Hồ District-7403.jpeg,0.6120147593319416,10.276609779696438N,105.95917924312353E,[]
20657,Châu Thành District-7439.jpeg,0.6119386218488216,10.302820740717173N,106.38954893882818E,[]
20664,Phu Ly City-3023.jpeg,0.6118297874927521,20.559931744642174N,105.92720178289618E,[]
20668,Bac Giang City-1133.jpeg,0.6117877438664436,21.26453014285328N,106.21841929345139E,[]
20678,Bến Tre City-1176.jpeg,0.6116812415421009,10.228677872208738N,106.3584313487571E,['714.jpeg']
20680,Phu Ly City-4122.jpeg,0.6116370717063546,20.58688107990039N,105.91281198778299E,[]
20686,Cao Lanh City-2391.jpeg,0.6115397699177265,10.448663672559062N,105.6454618235003E,[]
20691,Vĩnh Long-822.jpeg,0.6113930232822895,10.244955004588519N,105.97882255091221E,[]
20693,Thái Bình-2101.jpeg,0.6113804467022419,20.462154776986495N,106.37953196501553E,[]
20702,Go Cong Town-2264.jpeg,0.6112536415457726,10.402126741033015N,106.67996251095214E,[]
20703,Châu Thành District-516.jpeg,0.6112010143697262,10.254311937253775N,106.2238402866159E,[]
20704,Hung Yen City-3621.jpeg,0.6111834533512592,20.71628281404114N,106.05040289917935E,[]
20707,Thanh Liêm District-5630.jpeg,0.6111585609614849,20.478742147491147N,105.98509988924968E,[]
20709,Long Hồ District-5844.jpeg,0.6111389696598053,10.230795909758786N,106.01394905427645E,[]
20713,Bến Tre City-1928.jpeg,0.6110414266586304,10.242152539837459N,106.3981400325556E,[]
20714,Long Hồ District-584.jpeg,0.6109665632247925,10.151295370749338N,105.99888735620941E,[]
20715,Cai Lậy Town-6532.jpeg,0.6109474636614323,10.488173512706958N,106.13339126435075E,[]
20717,Chau Doc City-1668.jpeg,0.6108515933156013,10.660750873194672N,105.12481924635865E,[]
20719,Cai Lậy Town-521.jpeg,0.6107863895595074,10.372291371099921N,106.17723398821808E,[]
20724,Châu Thành District-7628.jpeg,0.6106902062892914,10.304168207480046N,106.37996248787374E,[]
20732,Binh Minh Town-2691.jpeg,0.6105374172329903,10.054458274458714N,105.83100461662376E,[]
20734,Bến Tre City-457.jpeg,0.6104878075420856,10.209813337528532N,106.38855517784562E,[]
20736,Cao Lanh City-3914.jpeg,0.610457755625248,10.48235034163088N,105.58517135734382E,[]
20737,Tây Ninh City-3102.jpeg,0.6104450449347496,11.366339575121964N,106.12375343710043E,[]
20741,Cai Lậy Town-1814.jpeg,0.6103651560842991,10.39519830606875N,106.15942288164696E,[]
20743,Long Xuyen City-2632.jpeg,0.6102709732949734,10.367746007498214N,105.44406672771456E,[]
20748,Binh Minh Town-1386.jpeg,0.6102099604904652,10.02750893920128N,105.84468912301752E,[]
20750,Cai Lậy Town-6606.jpeg,0.6101961545646191,10.490868446232705N,106.1224305833839E,[]
20755,Binh Minh Town-1314.jpeg,0.6101226545870304,10.02616147243841N,105.828267715345E,[]
20761,Yên Mỹ District-1974.jpeg,0.6099601164460182,20.886876743020792N,106.01474156936374E,[]
20763,Binh Minh Town-4231.jpeg,0.6099173054099083,10.096229744107738N,105.83784686982062E,[]
20768,Binh Minh Town-353.jpeg,0.6098379343748093,10.001907070706721N,105.87205813580505E,[]
20770,Go Cong Town-1363.jpeg,0.6098171323537827,10.37787233930131N,106.70188274202691E,[]
20776,Chau Doc City-2673.jpeg,0.6096840612590313,10.676920474349151N,105.14538808683676E,[]
20786,Vĩnh Long-1470.jpeg,0.6094067040830851,10.255734738691492N,105.97197589206677E,[]
20789,Go Cong Town-1823.jpeg,0.609369158744812,10.391347006930033N,106.64708216433996E,[]
20791,Mỹ Tho-3237.jpeg,0.6093098670244217,10.386651541028591N,106.32042048022436E,[]
20798,Hiệp Hòa District-3988.jpeg,0.6090578902512789,21.311994412505456N,105.99340645359317E,[]
20799,Binh Minh Town-455.jpeg,0.6090499497950077,10.004602004232465N,105.88300574092003E,[]
20805,Thanh Liêm District-1785.jpeg,0.60893115401268,20.423496010211835N,105.9160731593144E,[]
20806,Thái Bình-2938.jpeg,0.6089258063584566,20.48506171195596N,106.35364564828656E,[]
20808,Mỹ Hào District-2341.jpeg,0.6088586077094078,20.940623344187646N,106.06179288799142E,[]
20811,Go Cong Town-576.jpeg,0.6087629161775112,10.357660337858226N,106.69366265537386E,[]
20814,Yên Mỹ District-1503.jpeg,0.6086974591016769,20.878791942443318N,106.06666513872747E,[]
20815,Phu Ly City-3412.jpeg,0.6086856666952372,20.56801654521964N,105.90417811071508E,[]
20817,Long Xuyen City-5144.jpeg,0.6086581479758024,10.425687078301731N,105.44543657570988E,[]
20820,Cai Lậy Town-5182.jpeg,0.608480915427208,10.458529243923762N,106.11558015777963E,[]
20826,Thái Bình-2318.jpeg,0.6084151454269886,20.46754464403813N,106.37234132147972E,[]
20830,Chau Doc City-3171.jpeg,0.6083399653434753,10.685005274926388N,105.09328035762555E,[]
20833,Yên Mỹ District-3529.jpeg,0.6083107627928257,20.91382607827904N,105.98589514193941E,[]
20835,Hiệp Hòa District-405.jpeg,0.6083075683563948,21.243273607596805N,105.9442235994628E,[]
20837,Hiệp Hòa District-8317.jpeg,0.608292393386364,21.376672817125378N,105.9471167085293E,[]
20845,Long Hồ District-8319.jpeg,0.608019482344389,10.292779380850904N,105.98519490342119E,[]
20846,Châu Thành District-5553.jpeg,0.6079796850681305,10.290693539851324N,106.32929124711461E,[]
20847,Bac Giang City-2477.jpeg,0.6079715639352798,21.291479478111572N,106.16491887386432E,[]
20854,Long Hồ District-3441.jpeg,0.6077994853258133,10.18767697334688N,105.8825015075094E,[]
20863,Cai Lậy Town-1433.jpeg,0.6076041348278522,10.38846097225439N,106.19230492454746E,[]
20865,Chau Doc City-340.jpeg,0.6074346825480461,10.62975913764859N,105.08231030937058E,[]
20866,Sa Đéc City-1079.jpeg,0.607398584485054,10.300405338991713N,105.74908020692013E,[]
20874,Go Cong Town-2280.jpeg,0.607257567346096,10.403474207795886N,106.62516193326519E,[]
20875,Trà Vinh City-1703.jpeg,0.6072564199566841,9.958048641193713N,106.38785569299577E,[]
20876,Long Hồ District-4281.jpeg,0.6072493065148592,10.19980417421273N,105.97834867702704E,[]
20879,Cai Lậy Town-731.jpeg,0.6072167083621025,10.377681238151407N,106.08680837024171E,[]
20884,Cai Lậy Town-5944.jpeg,0.6071490570902824,10.473351378315359N,106.10187930657109E,[]
20887,Cai Lậy Town-6068.jpeg,0.6070670932531357,10.476046311841102N,106.09228871072513E,[]
20888,Go Cong Town-2189.jpeg,0.6070594731718302,10.40077927427014N,106.65256222210868E,[]
20889,Hiệp Hòa District-6615.jpeg,0.607003977522254,21.348376015104158N,105.963028808395E,['994.jpeg']
20890,Cai Lậy Town-5817.jpeg,0.606995228677988,10.470656444789617N,106.11283998753794E,[]
20892,Châu Thành District-3089.jpeg,0.6069633923470974,10.275871405459727N,106.23205724457684E,[]
20894,Trà Vinh City-561.jpeg,0.6068453453481197,9.910887304493212N,106.35365444573176E,[]
20898,Cai Lậy Town-5844.jpeg,0.606762457638979,10.470656444789617N,106.14983228580098E,[]
20900,Go Cong Town-426.jpeg,0.6066560670733452,10.35361793756961N,106.67448245318344E,[]
20901,Châu Thành District-932.jpeg,0.6066508032381535,10.258354337542391N,106.43748119360033E,[]
20903,Sa Đéc City-2384.jpeg,0.6066141985356808,10.351609075980859N,105.71073046771518E,[]
20904,Long Hồ District-3368.jpeg,0.6065973713994026,10.18632950658401N,105.93042509226822E,[]
20906,Sa Đéc City-394.jpeg,0.6065757945179939,10.278845870785757N,105.71620900188731E,[]
20907,Tây Ninh City-166.jpeg,0.6065623685717583,11.30300863726684N,106.07839759698689E,[]
20908,Long Xuyen City-2479.jpeg,0.6065614875406027,10.365051073972468N,105.41803961580345E,[]
20921,Sa Đéc City-1571.jpeg,0.6063152626156807,10.31792240690905N,105.7312749708607E,[]
20924,Trà Vinh City-231.jpeg,0.6062781102955341,9.90010757039024N,106.32355734813949E,[]
20930,Phu Ly City-3572.jpeg,0.6060463525354862,20.57205894550837N,105.90417811071508E,[]
20933,Hiệp Hòa District-4994.jpeg,0.6058778064325452,21.32681654689752N,105.98617368092694E,[]
20938,Long Hồ District-4277.jpeg,0.6057638339698315,10.19980417421273N,105.97287169591176E,[]
20940,Binh Minh Town-3118.jpeg,0.6057458147406578,10.065238008561684N,105.84332067237811E,[]
20945,Châu Thành District-1920.jpeg,0.6056952141225338,10.267786604882494N,106.20055890572655E,[]
20952,Cao Lanh City-3844.jpeg,0.6055985279381275,10.481002874868004N,105.58243088160947E,[]
20954,Bến Tre City-2675.jpeg,0.6055843085050583,10.255627207466182N,106.34200016925425E,[]
20958,Go Cong Town-1842.jpeg,0.6054608076810837,10.391347006930033N,106.67311243874127E,[]
20961,Sa Đéc City-2953.jpeg,0.6054189540445805,10.377210944475438N,105.71757863543034E,[]
20962,Châu Thành District-7624.jpeg,0.6054142154753208,10.304168207480046N,106.37448451589981E,[]
20967,Go Cong Town-3973.jpeg,0.6053345166146755,10.435813410104826N,106.66352233764604E,[]
20968,Phu Ly City-37.jpeg,0.6053265109658241,20.489863472970836N,105.91712892631695E,[]
20972,Tây Ninh City-5119.jpeg,0.6052107736468315,11.398678777430964N,106.13612321167683E,[]
20974,Long Hồ District-7588.jpeg,0.6051358282566071,10.27930471322218N,106.01394905427645E,[]
20977,Trà Vinh City-2351.jpeg,0.6050991322845221,9.975565709111041N,106.35228639584123E,[]
20979,Long Xuyen City-2065.jpeg,0.6050749197602272,10.35561880663236N,105.45091596769116E,[]
20984,Go Cong Town-4619.jpeg,0.6050506010651588,10.454677944785045N,106.64297212101346E,[]
20989,Mỹ Tho-1976.jpeg,0.6050229519605637,10.36374460605976N,106.38480143316373E,['60.jpeg']
20990,Châu Thành District-7232.jpeg,0.6049976982176304,10.301473273954299N,106.37859299488026E,[]
20994,Bến Tre City-2419.jpeg,0.6048795990645885,10.25023734041469N,106.38855517784562E,[]
20996,Go Cong Town-4396.jpeg,0.6048758924007416,10.445245677444937N,106.64434213545564E,[]
21001,Go Cong Town-1317.jpeg,0.6046908609569073,10.37787233930131N,106.63886207768692E,[]
21003,Hiệp Hòa District-1041.jpeg,0.6046609282493591,21.26348560904052N,105.93554427226331E,[]
21005,Tây Ninh City-5906.jpeg,0.6046343706548214,11.41350091182259N,106.1581139220349E,[]
21007,Ninh Bình-2106.jpeg,0.604581106454134,20.272519211026708N,105.95434624853E,[]
21015,Mỹ Tho-442.jpeg,0.6044176006689668,10.33679527080231N,106.35329586044872E,[]
21019,Châu Thành District-3498.jpeg,0.6043481715023518,10.278566338985474N,106.20877586368749E,[]
21020,Cao Lanh City-582.jpeg,0.6043351329863071,10.419019403775863N,105.65505348857066E,[]
21028,Long Hồ District-4494.jpeg,0.6041955575346947,10.203846574501345N,105.98245641286351E,[]
21034,Chau Doc City-2561.jpeg,0.6040937751531601,10.675573007586278N,105.11247794207179E,[]
21038,Mỹ Tho-2134.jpeg,0.6039575152099133,10.366439539585507N,106.38480143316373E,[]
21045,Bến Tre City-996.jpeg,0.6038239113986492,10.224635471920122N,106.34884649404711E,[]
21046,Cao Lanh City-855.jpeg,0.6038162671029568,10.423061804064481N,105.68382848378165E,[]
21054,Binh Minh Town-2220.jpeg,0.6036734473891556,10.045026007118615N,105.83647841918126E,[]
21055,Châu Thành District-1771.jpeg,0.6036439500749111,10.266439138119624N,106.23616572355732E,[]
21057,Long Hồ District-1465.jpeg,0.603601299226284,10.163422571615186N,105.91947113003765E,[]
21062,Tây Ninh City-4447.jpeg,0.6034714877605438,11.387899043327963N,106.12650227589519E,[]
21068,Cao Lanh City-932.jpeg,0.603257205337286,10.424409270827352N,105.67286658084413E,[]
21071,Vĩnh Long-881.jpeg,0.6031659469008446,10.246302471351386N,105.95143591553051E,[]
21073,Long Hồ District-6496.jpeg,0.603130403906107,10.253702844727611N,106.01394905427645E,[]
21074,Long Xuyen City-2785.jpeg,0.6031138487160206,10.371788407786832N,105.38105371992982E,['492.jpeg']
21076,Hiệp Hòa District-7705.jpeg,0.6030874364078045,21.36454561625914N,105.95434948119552E,[]
21077,Long Hồ District-7563.jpeg,0.6030855402350426,10.27930471322218N,105.97971792230587E,[]
21078,Long Hồ District-8731.jpeg,0.6030768565833569,10.300864181428137N,105.97150245063291E,[]
21086,Binh Minh Town-792.jpeg,0.6029614731669426,10.014034271572568N,105.83921532046E,[]
21090,Cai Lậy Town-2735.jpeg,0.6028684191405773,10.41271537398609N,106.11695024290049E,[]
21091,Mỹ Hào District-246.jpeg,0.6028656531125307,20.89211454072279N,106.11516959540486E,[]
21093,Long Hồ District-4619.jpeg,0.6027936860918999,10.206541508027088N,105.96739471479646E,[]
21095,Binh Minh Town-1909.jpeg,0.6027354560792446,10.038288673304255N,105.87068968516567E,[]
21102,Châu Thành District-1519.jpeg,0.6026725769042969,10.263744204593879N,106.40461336175657E,[]
21106,Chau Doc City-2854.jpeg,0.6025734022259712,10.679615407874897N,105.14813059890051E,['475.jpeg']
21107,Hiệp Hòa District-2594.jpeg,0.6025546677410603,21.29043494429881N,105.96447536292821E,[]
21109,Châu Thành District-2477.jpeg,0.6025462560355663,10.271829005171114N,106.21288434266796E,[]
21113,Long Hồ District-6727.jpeg,0.6024661399424076,10.263135112067717N,105.96465622423881E,[]
21114,Binh Minh Town-149.jpeg,0.6024599000811577,9.995169736892365N,105.88300574092003E,[]
21116,Hiệp Hòa District-5246.jpeg,0.6024243189021945,21.33085894718627N,105.91963217239763E,[]
21124,Long Hồ District-4763.jpeg,0.6023582331836224,10.209236441552832N,105.98245641286351E,[]
21128,Long Xuyen City-638.jpeg,0.6023159231990576,10.323279604323425N,105.49064155955544E,[]
21135,Yên Mỹ District-1209.jpeg,0.6021470576524734,20.874749542154575N,105.98733746331064E,[]
21136,Cao Lanh City-2664.jpeg,0.6021050401031971,10.454053539610552N,105.63998087203153E,[]
21139,Hung Yen City-306.jpeg,0.6019919924438,20.61791774034862N,106.07776432369208E,[]
21140,Mỹ Tho-3167.jpeg,0.601990096271038,10.385304074265717N,106.33137894029916E,[]
21141,Tam Điệp-1800.jpeg,0.60194924287498,20.146644808974987N,105.87085962471284E,[]
21143,Hiệp Hòa District-2181.jpeg,0.601906806230545,21.28369761048424N,105.92397183599734E,[]
21144,Go Cong Town-4591.jpeg,0.6018878482282162,10.453330478022172N,106.63886207768692E,[]
21152,Châu Thành District-5881.jpeg,0.6015769727528095,10.293388473377066N,106.20192839872004E,[]
21161,Duy Tiên District-3160.jpeg,0.6014764346182346,20.641605645242862N,105.97057096411882E,[]
21166,Duy Tiên District-368.jpeg,0.6013226173818111,20.57557977386023N,105.99648745055771E,[]
21171,Cai Lậy Town-3334.jpeg,0.6011820733547211,10.424842574851947N,106.12380066850477E,[]
21176,Long Hồ District-1180.jpeg,0.6010929718613625,10.15938017132657N,105.97697943174823E,[]
21177,Duy Tiên District-4727.jpeg,0.6010815072804689,20.66316511344944N,106.03824178982038E,[]
21190,Binh Minh Town-553.jpeg,0.6007912456989288,10.007296937758207N,105.88163729028066E,[]
21191,Trà Vinh City-1289.jpeg,0.6007903702557087,9.943226506802128N,106.32355734813949E,[]
21202,Cao Lanh City-5147.jpeg,0.6005521938204765,10.507952210125461N,105.63587015842995E,[]
21209,Châu Thành District-3850.jpeg,0.6003541089594364,10.279913805748345N,106.39228792481515E,[]
21215,Thái Bình-190.jpeg,0.6002230457961559,20.414993440284647N,106.34645500475075E,[]
21220,Mỹ Hào District-429.jpeg,0.6001576595008373,20.897504407774438N,106.13969402854079E,[]
21221,Binh Minh Town-229.jpeg,0.6001461111009121,9.997864670418105N,105.8843741915594E,[]
21222,Châu Thành District-3506.jpeg,0.6001306772232056,10.278566338985474N,106.21973180763543E,[]
21232,Cai Lậy Town-645.jpeg,0.5998387858271599,10.374986304625663N,106.16353313700955E,[]
21236,Trà Vinh City-1001.jpeg,0.5997848939150572,9.92705690564767N,106.33860589693562E,[]
21239,Tây Ninh City-5125.jpeg,0.5997556038200855,11.398678777430964N,106.14436972806111E,[]
21246,Cai Lậy Town-1663.jpeg,0.5996365770697594,10.392503372543006N,106.17449381797637E,[]
21248,Long Xuyen City-4385.jpeg,0.5996201783418655,10.405475076858645N,105.44543657570988E,[]
21249,Bến Tre City-2881.jpeg,0.5995972007513046,10.259669607754798N,106.34610796412997E,[]
21264,Thái Bình-2519.jpeg,0.5992389097809792,20.472934511089775N,106.36227442052956E,[]
21265,Yên Mỹ District-2712.jpeg,0.599223755300045,20.899003943887N,106.00320299839402E,[]
21268,Vĩnh Long-298.jpeg,0.5991332828998566,10.23417527048554N,105.95828257437594E,['43.jpeg']
21270,Bac Giang City-1572.jpeg,0.5990447886288166,21.275309876956594N,106.14467547185839E,[]
21273,Châu Thành District-5294.jpeg,0.5989190079271793,10.289346073088451N,106.26629456941409E,[]
21278,Trà Vinh City-1686.jpeg,0.5988408364355564,9.958048641193713N,106.34134199671676E,[]
21284,Trà Vinh City-2389.jpeg,0.5986872129142284,9.976913175873909N,106.32629344792062E,[]
21288,Long Hồ District-3071.jpeg,0.5985375344753265,10.182287106295396N,105.97424094119057E,[]
21294,Châu Thành District-907.jpeg,0.5983134284615517,10.258354337542391N,106.4032438687631E,[]
21301,Hiệp Hòa District-6449.jpeg,0.5981988999992609,21.345681081578324N,105.99340645359317E,[]
21302,Go Cong Town-175.jpeg,0.5980224609375,10.344185670229502N,106.68681258316299E,[]
21304,Châu Thành District-2125.jpeg,0.5979186948388815,10.269134071645368N,106.23616572355732E,[]
21306,Long Hồ District-5122.jpeg,0.5978398639708757,10.217321242130064N,105.94000980922003E,[]
21310,Yên Mỹ District-4240.jpeg,0.5977061204612255,20.929995679433993N,106.05079960364408E,[]
21311,Châu Thành District-3245.jpeg,0.5976812168955803,10.277218872222601N,106.1567351299349E,[]
21312,Mỹ Tho-3557.jpeg,0.5976509265601635,10.392041408080079N,106.33411855531787E,[]
21313,Chau Doc City-2728.jpeg,0.5976416990160942,10.678267941112024N,105.09876538175307E,[]
21314,Cao Lanh City-3172.jpeg,0.5975787118077278,10.466180740476403N,105.58380111947665E,[]
21315,Long Hồ District-5144.jpeg,0.5975382477045059,10.217321242130064N,105.9701332053541E,[]
21316,Cao Lanh City-3215.jpeg,0.5975303947925568,10.466180740476403N,105.6427213477659E,[]
21317,Cai Lậy Town-4530.jpeg,0.597526952624321,10.446402043057908N,106.1320211792299E,[]
21322,Vĩnh Long-1082.jpeg,0.5974516123533249,10.250344871640005N,105.90077064007444E,[]
21324,Tây Ninh City-1631.jpeg,0.5973733998835087,11.339390239864464N,106.0921417909607E,[]
21331,Ninh Bình-1771.jpeg,0.5973160862922668,20.26039201016052N,105.97158055286475E,[]
21334,Bến Tre City-2254.jpeg,0.5972860939800739,10.24754240688895N,106.38718591288703E,[]
21337,Mỹ Hào District-3833.jpeg,0.597251333296299,20.97026761297173N,106.08487470741343E,[]
21339,Hung Yen City-2417.jpeg,0.5972116561606526,20.674511344390886N,106.06624372389724E,[]
21346,Thanh Liêm District-1724.jpeg,0.5970578156411648,20.42214854344892N,105.94195818304013E,[]
21347,Hoa Lư District-3656.jpeg,0.5970497578382492,20.285577113905376N,105.93203663453288E,[]
21348,Châu Thành District-6338.jpeg,0.5970405973494053,10.296083406902813N,106.26218609043362E,[]
21351,Go Cong Town-353.jpeg,0.596939854323864,10.350923004043862N,106.68681258316299E,[]
21354,Châu Thành District-2559.jpeg,0.5968838250264525,10.271829005171114N,106.35257262800394E,[]
21357,Châu Thành District-2862.jpeg,0.5967683680355549,10.274523938696857N,106.20055890572655E,[]
21360,Trà Vinh City-2893.jpeg,0.5966432392597198,9.990387843502628N,106.32492539803008E,[]
21361,Thanh Liêm District-6963.jpeg,0.5966274701058865,20.50030161569771N,105.91463510244073E,[]
21365,Duy Tiên District-1724.jpeg,0.5965535789728165,20.621393643799195N,105.9561729160972E,[]
21367,Trà Vinh City-2420.jpeg,0.5965106785297394,9.976913175873909N,106.36870299452794E,[]
21373,Cao Lanh City-3376.jpeg,0.5963153317570686,10.470223140765023N,105.6262784933596E,[]
21375,Châu Thành District-1411.jpeg,0.5962786264717579,10.263744204593879N,106.20055890572655E,[]
21377,Tây Ninh City-6766.jpeg,0.596251830458641,11.43910278031722N,106.1581139220349E,[]
21379,Long Xuyen City-5377.jpeg,0.5962199531495571,10.433771878878964N,105.42899839976602E,[]
21381,Thanh Liêm District-37.jpeg,0.5961534585803747,20.36824987293254N,105.92326344368263E,[]
21384,Trà Vinh City-1467.jpeg,0.5961326919496059,9.951311307379353N,106.31808514857725E,[]
21387,Thanh Liêm District-1293.jpeg,0.5960652809590101,20.414063742871466N,105.9160731593144E,[]
21390,Cao Lanh City-3542.jpeg,0.5959782358258963,10.474265541053642N,105.60983563895327E,[]
21391,Mỹ Tho-3209.jpeg,0.5959296710789204,10.385304074265717N,106.38891085569182E,[]
21401,Tây Ninh City-5599.jpeg,0.5957307815551758,11.40811104477109N,106.08114643578168E,[]
21402,Mỹ Hào District-3136.jpeg,0.595725417137146,20.952750545053863N,106.08631732112731E,[]
21405,Châu Thành District-4478.jpeg,0.5956764882430434,10.283956206036958N,106.34435567004302E,[]
21406,Thanh Liêm District-639.jpeg,0.5956763308495283,20.39789414171655N,105.92901567117725E,[]
21408,Hung Yen City-1577.jpeg,0.5956727564334869,20.647562009132667N,106.04032237435887E,[]
21412,Mỹ Hào District-119.jpeg,0.5955905057489872,20.885377206908228N,106.11228436797707E,[]
21414,Binh Minh Town-2993.jpeg,0.5955474879592657,10.062543075035945N,105.81047785703313E,[]
21415,Yên Mỹ District-2380.jpeg,0.5955319814383984,20.893614076835348N,105.99166442742427E,[]
21419,Hung Yen City-1208.jpeg,0.5954386405646801,20.636782275029375N,106.1051257482048E,[]
21424,Cai Lậy Town-557.jpeg,0.5953680872917175,10.373638837862787N,106.13887160483415E,[]
21426,Hoa Lư District-3648.jpeg,0.5952882659621537,20.285577113905376N,105.92054673252596E,[]
21431,Go Cong Town-3688.jpeg,0.5952044017612934,10.431771009816211N,106.59639162997958E,[]
21432,Cai Lậy Town-236.jpeg,0.59519062936306,10.364206570522683N,106.12928100898819E,[]
21435,Mỹ Tho-2353.jpeg,0.5951061174273491,10.37048193987412N,106.36151470550483E,[]
21439,Mỹ Tho-3046.jpeg,0.5950257442891598,10.382609140739975N,106.37521278059832E,[]
21441,Hung Yen City-3529.jpeg,0.5950026847422123,20.710892946989492N,106.05328304912801E,[]
21445,Mỹ Hào District-1250.jpeg,0.5949373096227646,20.919063875981042N,106.12238266397425E,[]
21449,Tây Ninh City-4443.jpeg,0.59489606320858,11.387899043327963N,106.12100459830566E,[]
21458,Go Cong Town-2832.jpeg,0.5947099290788174,10.415601408661741N,106.67311243874127E,[]
21459,Long Xuyen City-4000.jpeg,0.5945636257529259,10.397390276281406N,105.37420447995319E,[]
21462,Sa Đéc City-1622.jpeg,0.5945314131677151,10.319269873671924N,105.75044984046319E,[]
21463,Châu Thành District-5614.jpeg,0.5945242345333099,10.290693539851324N,106.41283031971751E,[]
21465,Cai Lậy Town-1554.jpeg,0.5944890156388283,10.391155905780133N,106.13613143459246E,[]
21466,Tây Ninh City-3928.jpeg,0.5944411009550095,11.379814242750715N,106.11963017890828E,[]
21468,Sa Đéc City-2958.jpeg,0.5944009572267532,10.377210944475438N,105.72442680314552E,[]
21470,Mỹ Tho-1388.jpeg,0.5943349003791809,10.354312338719653N,106.346446822902E,[]
21472,Yên Mỹ District-2966.jpeg,0.594320572912693,20.903046344175742N,106.02772246170464E,[]
21478,Thái Bình-1968.jpeg,0.5941385682672262,20.45945984346067N,106.3565219057009E,[]
21482,Cai Lậy Town-132.jpeg,0.5940063707530499,10.36016417023407N,106.12106049826308E,[]
21483,Go Cong Town-1933.jpeg,0.5939822122454643,10.39404194045578N,106.66215232320387E,[]
21491,Châu Thành District-524.jpeg,0.5938392095267773,10.254311937253775N,106.23479623056382E,[]
21497,Cai Lậy Town-2338.jpeg,0.5937037542462349,10.404630573408856N,106.14983228580098E,[]
21499,Mỹ Tho-2293.jpeg,0.5936881750822067,10.369134473111249N,106.38617124067312E,[]
21501,Binh Minh Town-1766.jpeg,0.5936709903180599,10.035593739778509N,105.85426827749315E,[]
21503,Long Xuyen City-4970.jpeg,0.5935773998498917,10.421644678013113N,105.39612204787835E,[]
21506,Go Cong Town-3522.jpeg,0.5935529842972755,10.429076076290466N,106.58543151444218E,[]
21514,Long Hồ District-3129.jpeg,0.5934074521064758,10.183634573058265N,105.90304018669175E,[]
21517,Mỹ Hào District-181.jpeg,0.5933781415224075,20.889419607196963N,106.10218607197996E,[]
21518,Go Cong Town-947.jpeg,0.5933725573122501,10.367092605198332N,106.68955261204736E,[]
21519,Duy Tiên District-3299.jpeg,0.5933701861649752,20.642953112005777N,106.02816315620521E,[]
21523,Go Cong Town-3771.jpeg,0.5933145768940449,10.43311847657908N,106.60324170219042E,[]
21525,Mỹ Tho-813.jpeg,0.5932447724044323,10.344880071379546N,106.31220163516828E,[]
21537,Hung Yen City-2283.jpeg,0.5930474326014519,20.670468944102158N,106.05328304912801E,[]
21539,Thanh Liêm District-2312.jpeg,0.5929985232651234,20.431580810789296N,105.94195818304013E,[]
21550,Châu Thành District-3156.jpeg,0.5928240567445755,10.275871405459727N,106.3347692190886E,[]
21552,Phu Ly City-3450.jpeg,0.5927602648735046,20.56801654521964N,105.95885933214524E,[]
21565,Cao Lanh City-594.jpeg,0.592505931854248,10.419019403775863N,105.67149634297695E,[]
21571,Long Hồ District-2973.jpeg,0.592436395585537,10.18093963953252N,105.99067188453644E,[]
21575,Cao Lanh City-493.jpeg,0.5923899114131927,10.417671937012992N,105.64683206136746E,[]
21579,Thanh Liêm District-2979.jpeg,0.5923034511506557,20.442360544892573N,105.87436950997845E,[]
21580,Chau Doc City-4095.jpeg,0.5922765526920557,10.699827409317995N,105.14127431874114E,[]
21585,Long Hồ District-8252.jpeg,0.5922267027199268,10.291431914088033N,105.99204112981529E,[]
21596,Tây Ninh City-2357.jpeg,0.5919253267347813,11.354212374256086N,106.07839759698689E,[]
21598,Thái Bình-2857.jpeg,0.5919130221009254,20.482366778430144N,106.36227442052956E,[]
21601,Cai Lậy Town-5888.jpeg,0.5918581783771515,10.472003911552486N,106.11695024290049E,[]
21602,Hoa Lư District-1012.jpeg,0.5918008470907807,20.210118975182482N,105.94496277429069E,[]
21604,Sa Đéc City-1077.jpeg,0.5917612053453922,10.300405338991713N,105.7463409398341E,[]
21606,Chau Doc City-2079.jpeg,0.59167455509305,10.668835673771909N,105.03431634825499E,[]
21607,Cai Lậy Town-1650.jpeg,0.5916470177471638,10.392503372543006N,106.15668271140524E,[]
21611,Thái Bình-605.jpeg,0.591572105884552,20.43116304143958N,106.3565219057009E,[]
21622,Hung Yen City-1089.jpeg,0.5913458690047264,20.63408734150355N,106.11520627302527E,[]
21626,Ninh Bình-827.jpeg,0.5913007678464055,20.23748507519107N,105.93854813622315E,[]
21629,Long Hồ District-1958.jpeg,0.5912815518677235,10.168812438666674N,105.9865641487E,[]
21631,Châu Thành District-7828.jpeg,0.5912245195358992,10.305515674242919N,106.38817944583468E,[]
21634,Châu Thành District-3574.jpeg,0.5911528095602989,10.278566338985474N,106.31285733119275E,[]
21642,Châu Thành District-6973.jpeg,0.5909785218536854,10.30012580719143N,106.29779290826437E,[]
21644,Long Hồ District-3509.jpeg,0.5909347273409367,10.18767697334688N,105.9756101864694E,[]
21646,Yên Mỹ District-3112.jpeg,0.5908460393548012,20.90574127770157N,106.01762621210614E,[]
21653,Trà Vinh City-3413.jpeg,0.59062435105443,10.010599844945697N,106.31534904879615E,[]
21657,Long Hồ District-7297.jpeg,0.5905261114239693,10.273914846170692N,106.00573358260351E,[]
21659,Châu Thành District-3361.jpeg,0.5903551764786243,10.277218872222601N,106.31559631717974E,[]
21661,Binh Minh Town-2291.jpeg,0.5903428215533495,10.046373473881486N,105.84058377109939E,[]
21662,Bac Giang City-533.jpeg,0.5903418848756701,21.249708008461223N,106.17359461758113E,[]
21672,Cai Lậy Town-6746.jpeg,0.5901099219918251,10.498953246809943N,106.10461947681281E,[]
21676,Cai Lậy Town-1097.jpeg,0.5900161229074001,10.383071105202898N,106.17586390309722E,[]
21677,Trà Vinh City-2615.jpeg,0.5900103338062763,9.982303042925398N,106.33450174726396E,[]
21678,Cai Lậy Town-1078.jpeg,0.5899711325764656,10.383071105202898N,106.14983228580098E,[]
21679,Chau Doc City-3291.jpeg,0.5899602491408587,10.68635274168926N,105.13716055064552E,[]
21681,Châu Thành District-8324.jpeg,0.5899414047598839,10.309558074531536N,106.28683696431644E,[]
21685,Mỹ Tho-374.jpeg,0.5897834338247776,10.33544780403944N,106.32452990275242E,[]
21698,Hoa Lư District-2124.jpeg,0.5893984884023666,20.237068310440655N,105.93490911003464E,[]
21706,Hung Yen City-2944.jpeg,0.5891251899302006,20.69068094554582N,106.08208454861514E,[]
21708,Cai Lậy Town-67.jpeg,0.5890889838337898,10.35746923670832N,106.10872973217536E,[]
21709,Mỹ Hào District-384.jpeg,0.5890801586210728,20.897504407774438N,106.07477641141628E,[]
21710,Long Hồ District-8266.jpeg,0.589029386639595,10.291431914088033N,106.0112105637188E,[]
21716,Cao Lanh City-2754.jpeg,0.5889315754175186,10.456748473136297N,105.59065230881261E,[]
21721,Bến Tre City-3169.jpeg,0.5888290628790855,10.266406941569157N,106.3584313487571E,[]
21726,Ninh Bình-1026.jpeg,0.5887980409897864,20.241527475479803N,105.97732532097633E,[]
21731,Hiệp Hòa District-7166.jpeg,0.5886821839958429,21.356460815681647N,105.9283114995971E,[]
21734,Sa Đéc City-2590.jpeg,0.5885049533098936,10.359693876558092N,105.71073046771518E,[]
21736,Hiệp Hòa District-3796.jpeg,0.588440801948309,21.30929947897962N,105.9847271263937E,[]
21744,Cao Lanh City-1764.jpeg,0.5882551297545433,10.437883938456077N,105.65368325070345E,[]
21745,Châu Thành District-1583.jpeg,0.5882041938602924,10.265091671356753N,106.210145356681E,[]
21746,Ninh Bình-809.jpeg,0.5881873294711113,20.236137608428162N,105.9888148571995E,[]
21747,Duy Tiên District-3848.jpeg,0.5881366431713104,20.651037912583238N,105.96913115931666E,[]
21750,Hiệp Hòa District-8696.jpeg,0.5880522467195988,21.384757617702867N,105.99485300812638E,[]
21751,Go Cong Town-843.jpeg,0.5880462639033794,10.364397671672586N,106.69366265537386E,[]
21755,Cai Lậy Town-1405.jpeg,0.5879236720502377,10.38846097225439N,106.15394254116356E,[]
21765,Châu Thành District-8865.jpeg,0.5878268890082836,10.313600474820154N,106.28957595030342E,[]
21769,Thái Bình-1642.jpeg,0.5876197461038828,20.452722509646126N,106.32775933155762E,[]
21774,Cao Lanh City-349.jpeg,0.5875017568469048,10.414977003487248N,105.67423681871132E,[]
21777,Châu Thành District-9935.jpeg,0.5873652957379818,10.323032742160255N,106.32655226112767E,[]
21787,Vĩnh Long-1840.jpeg,0.5870356261730194,10.262472072505853N,105.89118531769084E,[]
21790,Châu Thành District-8900.jpeg,0.5869260989129543,10.313600474820154N,106.33750820507557E,[]
21791,Mỹ Tho-2310.jpeg,0.5868842005729675,10.369134473111249N,106.40945796833202E,[]
21807,Mỹ Hào District-899.jpeg,0.5864656902849674,20.91097907540357N,106.11661220911876E,[]
21812,Cai Lậy Town-4541.jpeg,0.5862870439887047,10.446402043057908N,106.14709211555929E,[]
21817,Hiệp Hòa District-2425.jpeg,0.5861486829817295,21.28774001077299N,105.93843738132982E,[]
21821,Thái Bình-87.jpeg,0.5860846638679504,20.4082561064701N,106.32200681672894E,[]
21824,Hiệp Hòa District-7982.jpeg,0.5859712809324265,21.369935483310798N,105.92541839053061E,[]
21825,Cai Lậy Town-4524.jpeg,0.5859701186418533,10.446402043057908N,106.12380066850477E,[]
21828,Duy Tiên District-3143.jpeg,0.5858077146112919,20.641605645242862N,105.9460942824821E,[]
21838,Thanh Liêm District-6135.jpeg,0.5855977796018124,20.4868269480686N,105.90744481807246E,[]
21840,Châu Thành District-7248.jpeg,0.5855817720293999,10.301473273954299N,106.40050488277608E,[]
21851,Thái Bình-1281.jpeg,0.5853548003360629,20.444637709068665N,106.38384635113702E,[]
21853,Tây Ninh City-3730.jpeg,0.5853315219283104,11.377119309224963N,106.07702317758954E,[]
21855,Cao Lanh City-4474.jpeg,0.5852938862517476,10.493130075733859N,105.6070951632189E,[]
21858,Long Xuyen City-4540.jpeg,0.5852239690721035,10.409517477147261N,105.43721748773795E,[]
21868,Cai Lậy Town-390.jpeg,0.5850624591112137,10.369596437574177N,106.13065109410903E,[]
21880,Long Hồ District-2010.jpeg,0.5848667845129967,10.170159905429546N,105.90440943197059E,[]
21884,Cai Lậy Town-1061.jpeg,0.5847857259213924,10.383071105202898N,106.12654083874648E,[]
21886,Cao Lanh City-2938.jpeg,0.5847634859383106,10.460790873424916N,105.58791183307821E,[]
21887,Hung Yen City-741.jpeg,0.5847477987408638,20.627350007688996N,106.08496469856384E,[]
21891,Hung Yen City-3394.jpeg,0.584619764238596,20.706850546700757N,106.02736169958966E,[]
21901,Tây Ninh City-343.jpeg,0.5843448210507631,11.307051037555466N,106.13749763107424E,['982.jpeg']
21902,Trà Vinh City-433.jpeg,0.5842706635594368,9.906844904204599N,106.346814196279E,[]
21903,Thái Bình-52.jpeg,0.5842634364962578,20.405561172944275N,106.3234449454361E,[]
21904,Binh Minh Town-4423.jpeg,0.584241796284914,10.102967077922093N,105.8528998268538E,[]
21907,Mỹ Hào District-1078.jpeg,0.5841729436069727,20.915021475692306N,106.136808801113E,[]
21911,Mỹ Tho-877.jpeg,0.5841157287359238,10.344880071379546N,106.3998693157666E,[]
21912,Yên Mỹ District-4037.jpeg,0.5840880554169416,20.92460581238234N,106.00464531976523E,[]
21923,Vĩnh Long-994.jpeg,0.583771463483572,10.24899740487713N,105.89118531769084E,[]
21933,Bac Giang City-2869.jpeg,0.5835954286158085,21.29956427868906N,106.172148660295E,[]
21938,Thanh Liêm District-7625.jpeg,0.5834955107420683,20.512428816563894N,105.92182538680898E,[]
21939,Tây Ninh City-4778.jpeg,0.5834888108074665,11.393288910379463N,106.11000924312664E,[]
21941,Cai Lậy Town-6647.jpeg,0.5834426321089268,10.492215912995576N,106.12928100898819E,[]
21943,Tây Ninh City-3194.jpeg,0.5834143348038197,11.367687041884835N,106.13749763107424E,[]
21944,Long Hồ District-8686.jpeg,0.5834074206650257,10.299516714665266N,106.00299509204586E,[]
21948,Long Hồ District-7776.jpeg,0.5833231955766678,10.283347113510802N,105.95917924312353E,[]
21949,Tây Ninh City-5875.jpeg,0.5832715556025505,11.41350091182259N,106.11550692071616E,[]
21951,Hiệp Hòa District-9474.jpeg,0.583249818533659,21.404969619146602N,105.96592191746147E,[]
21960,Binh Minh Town-2779.jpeg,0.5830301158130169,10.057153207984456N,105.8008987025575E,[]
21961,Tây Ninh City-4424.jpeg,0.582987692207098,11.387899043327963N,106.09489062975544E,[]
21965,Long Hồ District-8675.jpeg,0.5828538984060287,10.299516714665266N,105.98793339397882E,[]
21968,Binh Minh Town-182.jpeg,0.5828284099698067,9.996517203655236N,105.87753193836252E,[]
21970,Thanh Liêm District-2123.jpeg,0.5827555879950523,20.42888587726348N,105.91894927306168E,[]
21977,Châu Thành District-9588.jpeg,0.5826085172593594,10.318990341871643N,106.3868099528412E,[]
21978,Long Xuyen City-4295.jpeg,0.5825573652982712,10.404127610095772N,105.39612204787835E,[]
21982,Trà Vinh City-242.jpeg,0.5824182890355587,9.90010757039024N,106.33860589693562E,[]
21986,Thái Bình-1926.jpeg,0.5823861807584763,20.458112376697763N,106.38097009372268E,[]
21998,Cao Lanh City-1277.jpeg,0.5821510292589664,10.429799137878842N,105.68108800804731E,[]
22001,Châu Thành District-3613.jpeg,0.5821066908538342,10.278566338985474N,106.36900654392583E,[]
22003,Long Hồ District-7295.jpeg,0.5820871330797672,10.273914846170692N,106.00299509204586E,[]
22006,Tây Ninh City-41.jpeg,0.5820212662220001,11.29627130345247N,106.12100459830566E,[]
22008,Mỹ Tho-1300.jpeg,0.5819736421108246,10.352964871956782N,106.33548836282719E,[]
22009,Trà Vinh City-969.jpeg,0.5819634199142456,9.925709438884796N,106.33176564748287E,"['746.jpeg', '750.jpeg']"
22015,Tây Ninh City-6659.jpeg,0.5818543024361134,11.43236544650284N,106.11688134011352E,[]
22019,Long Hồ District-2305.jpeg,0.581774927675724,10.172854838955288N,105.99888735620941E,[]
22021,Sa Đéc City-72.jpeg,0.5817643404006958,10.26806613668278N,105.72168753605945E,[]
22022,Cai Lậy Town-366.jpeg,0.5817611515522003,10.368248970811303N,106.16901347749294E,[]
22037,Cai Lậy Town-569.jpeg,0.5813686065375805,10.373638837862787N,106.15531262628441E,[]
22038,Hiệp Hòa District-8559.jpeg,0.5813642367720604,21.38206268417704N,105.97604779919419E,[]
22042,Binh Minh Town-1216.jpeg,0.5812278352677822,10.023466538912665N,105.85563672813252E,[]
22045,Phu Ly City-2776.jpeg,0.5811738669872284,20.55454187759053N,105.99339484041693E,[]
22049,Mỹ Tho-3579.jpeg,0.5810891203582287,10.392041408080079N,106.36425432052353E,[]
22053,Hiệp Hòa District-7648.jpeg,0.5809955857694149,21.363198149496224N,105.9847271263937E,[]
22054,Hiệp Hòa District-6566.jpeg,0.580954710021615,21.347028548341235N,106.0266772078578E,[]
22055,Hiệp Hòa District-1053.jpeg,0.5809332206845284,21.26348560904052N,105.95290292666226E,[]
22056,Châu Thành District-9599.jpeg,0.5809074826538563,10.318990341871643N,106.4018743757696E,[]
22058,Long Hồ District-8913.jpeg,0.5808984115719795,10.304906581716757N,105.96054848840235E,[]
22061,Long Hồ District-8983.jpeg,0.580843910574913,10.306254048479625N,105.97697943174823E,[]
22064,Thái Bình-746.jpeg,0.5808060579001904,20.433857974965385N,106.38672260855135E,[]
22067,Chau Doc City-1845.jpeg,0.5807092450559139,10.66479327348329N,105.04665765254182E,"['2.jpeg', '1.jpeg']"
22072,Long Hồ District-2409.jpeg,0.5805821195244789,10.174202305718163N,105.9865641487E,[]
22080,Duy Tiên District-2684.jpeg,0.5804181173443794,20.63486831142831N,105.97633018332745E,[]
22083,Long Hồ District-9376.jpeg,0.5803917944431305,10.317033782582604N,105.98519490342119E,[]
22086,Châu Thành District-3794.jpeg,0.5803448148071766,10.279913805748345N,106.31559631717974E,[]
22092,Long Hồ District-5566.jpeg,0.5802453942596912,10.226753509470168N,105.9181018847588E,[]
22093,Châu Thành District-1956.jpeg,0.580203864723444,10.267786604882494N,106.24986065349223E,[]
22095,Cai Lậy Town-3670.jpeg,0.5801641885191202,10.43157990866631N,106.1142100726588E,['763.jpeg']
22096,Thái Bình-1356.jpeg,0.580150905996561,20.445985175831574N,106.39391325208717E,[]
22098,Bến Tre City-1179.jpeg,0.5801279172301292,10.228677872208738N,106.36253914363279E,[]
22101,Phu Ly City-3507.jpeg,0.5800945237278938,20.569364011982547N,105.96173729116788E,[]
22103,Long Hồ District-4627.jpeg,0.5800550244748592,10.206541508027088N,105.97834867702704E,[]
22106,Mỹ Tho-2637.jpeg,0.579949177801609,10.37587180692561N,106.33137894029916E,[]
22110,Hiệp Hòa District-5879.jpeg,0.5798164680600166,21.33894374776375N,105.9225252814641E,[]
22111,Mỹ Tho-290.jpeg,0.5797460414469242,10.332752870513698N,106.32452990275242E,[]
22113,Tây Ninh City-881.jpeg,0.5796691253781319,11.32187317194709N,106.1251278564978E,[]
22123,Go Cong Town-942.jpeg,0.5795404724776745,10.367092605198332N,106.68270253983648E,[]
22124,Chau Doc City-4350.jpeg,0.5795086026191711,10.705217276369488N,105.11110668603992E,[]
22125,Phu Ly City-3410.jpeg,0.579492948949337,20.56801654521964N,105.90130015169242E,[]
22126,Châu Thành District-10515.jpeg,0.5794801693409681,10.332465009500362N,106.36215907895837E,[]
22130,Binh Minh Town-1535.jpeg,0.5793747678399086,10.030203872727025N,105.88300574092003E,[]
22135,Ninh Bình-1674.jpeg,0.5793170556426048,20.257697076634713N,105.9600910166416E,[]
22136,Châu Thành District-5062.jpeg,0.579230397939682,10.28799860632558N,106.24301318852476E,[]
22141,Sa Đéc City-1372.jpeg,0.5791166089475155,10.311185073094691N,105.72168753605945E,[]
22142,Thanh Liêm District-4197.jpeg,0.5791080258786678,20.458530146047487N,105.96209097927128E,[]
22148,Long Hồ District-3892.jpeg,0.5790197625756264,10.193066840398368N,105.9701332053541E,[]
22149,Cai Lậy Town-5511.jpeg,0.5789898335933685,10.463919110975251N,106.17723398821808E,[]
22150,Sa Đéc City-198.jpeg,0.5789875164628029,10.272108536971395N,105.77099434360873E,[]
22156,Long Hồ District-7883.jpeg,0.5788333304226398,10.284694580273671N,106.00025660148823E,[]
22159,Cao Lanh City-4495.jpeg,0.5787803940474987,10.493130075733859N,105.63587015842995E,[]
22169,Mỹ Hào District-2310.jpeg,0.5785523541271687,20.93927587742473N,106.1382514148269E,[]
22175,Long Hồ District-5852.jpeg,0.5784501917660236,10.230795909758786N,106.02490301650705E,[]
22176,Châu Thành District-6015.jpeg,0.5784425716847181,10.293388473377066N,106.38544045984771E,[]
22178,Mỹ Hào District-2054.jpeg,0.5783954579383135,20.935233477136N,106.125267891402E,[]
22180,Hiệp Hòa District-5842.jpeg,0.5783488918095827,21.337596281000838N,106.02378409879131E,[]
22182,Long Hồ District-2853.jpeg,0.5782293863594532,10.17959217276965N,105.97834867702704E,[]
22184,Vĩnh Long-1842.jpeg,0.578196257352829,10.262472072505853N,105.89392398122901E,[]
22188,Châu Thành District-10153.jpeg,0.5780881345272064,10.325727675686002N,106.34435567004302E,[]
22192,Long Hồ District-7498.jpeg,0.5780453104525805,10.277957246459307N,105.99067188453644E,[]
22193,Châu Thành District-8577.jpeg,0.5780388191342354,10.310905541294407N,106.38270147386073E,[]
22195,Hoa Lư District-3638.jpeg,0.5780038125813007,20.285577113905376N,105.9061843550173E,[]
22202,Thái Bình-2703.jpeg,0.5778640620410442,20.478324378141412N,106.34645500475075E,[]
22203,Chau Doc City-2386.jpeg,0.5778621174395084,10.67287807406053N,105.10973543000804E,[]
22204,Trà Vinh City-3083.jpeg,0.5778575036674738,9.997125177316981N,106.31671709868672E,[]
22205,Cao Lanh City-2363.jpeg,0.577855359762907,10.448663672559062N,105.6070951632189E,[]
22212,Long Hồ District-4919.jpeg,0.5777426473796368,10.21327884184145N,105.93179433754707E,[]
22214,Tây Ninh City-455.jpeg,0.5776962973177433,11.311093437844091N,106.09489062975544E,[]
22217,Hiệp Hòa District-3511.jpeg,0.5776521302759647,21.305257078690875N,105.97604779919419E,[]
22218,Long Hồ District-683.jpeg,0.5776481218636036,10.15264283751221N,106.00162584676706E,[]
22226,Mỹ Hào District-586.jpeg,0.5774406939744949,20.902894274826092N,106.0949730034106E,[]
22231,Go Cong Town-1171.jpeg,0.5773299559950829,10.373829939012698N,106.64708216433996E,[]
22237,Ninh Bình-2404.jpeg,0.5771183371543884,20.287341345418707N,105.9600910166416E,[]
22243,Châu Thành District-2003.jpeg,0.5770430099219084,10.267786604882494N,106.31422682418624E,[]
22247,Châu Thành District-4920.jpeg,0.5768787879496813,10.286651139562707N,106.3457251630365E,[]
22249,Cai Lậy Town-72.jpeg,0.5768427811563015,10.35746923670832N,106.11558015777963E,[]
22251,Mỹ Hào District-887.jpeg,0.5768141187727451,20.91097907540357N,106.09930084455222E,[]
22256,Thanh Liêm District-3156.jpeg,0.5767697840929031,20.44505547841839N,105.85711282749462E,[]
22257,Duy Tiên District-2084.jpeg,0.5767361521720886,20.626783510850842N,105.93457584406481E,[]
22258,Tam Điệp-968.jpeg,0.576720992103219,20.130475207820087N,105.94119488232266E,[]
22262,Tây Ninh City-4085.jpeg,0.5766051895916462,11.382509176276463N,106.10176272674236E,[]
22264,Thanh Liêm District-3006.jpeg,0.576573695987463,20.442360544892573N,105.91319704556706E,[]
22267,Long Xuyen City-235.jpeg,0.5764796305447817,10.31384733698332N,105.42077931179409E,[]
22268,Long Hồ District-1789.jpeg,0.5764747150242329,10.167464971903803N,105.90851716780709E,[]
22269,Tây Ninh City-3767.jpeg,0.5764662623405457,11.377119309224963N,106.12787669529254E,[]
22270,Phu Ly City-1886.jpeg,0.5764541048556566,20.539719743198518N,105.93007974191885E,[]
22273,Long Hồ District-9030.jpeg,0.5763350985944271,10.307601515242501N,105.96465622423881E,[]
22276,Tây Ninh City-1335.jpeg,0.5762802320532501,11.332652906050088N,106.10038830734497E,[]
22278,Long Hồ District-5945.jpeg,0.5762668997049332,10.233490843284528N,105.98382565814235E,[]
22282,Ninh Bình-1032.jpeg,0.5762242497876287,20.241527475479803N,105.9859424731437E,[]
22285,Tây Ninh City-658.jpeg,0.5761502031236887,11.316483304895591N,106.11550692071616E,[]
22288,Thanh Liêm District-3228.jpeg,0.5760873220860958,20.44505547841839N,105.9606529223976E,[]
22293,Cao Lanh City-5199.jpeg,0.5760131534188986,10.510647143651203N,105.58928207094542E,[]
22294,Long Hồ District-1102.jpeg,0.5759963393211365,10.158032704563702N,106.01805679011294E,[]
22296,Mỹ Hào District-423.jpeg,0.5759696885943413,20.897504407774438N,106.1310383462575E,[]
22297,Châu Thành District-2754.jpeg,0.5759619697928429,10.273176471933986N,106.34846414902348E,[]
22304,Châu Thành District-10461.jpeg,0.5758452713489532,10.331117542737495N,106.35942009297142E,[]
22306,Cai Lậy Town-872.jpeg,0.5757972300052643,10.379028704914282N,106.17723398821808E,[]
22307,Mỹ Tho-1770.jpeg,0.5757920853793621,10.361049672534014N,106.3217902877337E,[]
22309,Tây Ninh City-4537.jpeg,0.5757534019649029,11.38924651009084N,106.12925111468995E,[]
22316,Sa Đéc City-1826.jpeg,0.5755504481494427,10.327354674249158N,105.72579643668855E,[]
22319,Cai Lậy Town-6017.jpeg,0.5755374617874622,10.474698845078231N,106.11146990241708E,[]
22325,Bac Giang City-1402.jpeg,0.5754080843180418,21.271267476667855N,106.18660823315636E,[]
22326,Sa Đéc City-2536.jpeg,0.5753625631332397,10.35699894303235N,105.72853570377463E,[]
22331,Mỹ Hào District-1511.jpeg,0.5752700939774513,20.924453743032693N,106.13392357368524E,[]
22338,Châu Thành District-895.jpeg,0.5752013847231865,10.258354337542391N,106.31148783819927E,[]
22339,Go Cong Town-1101.jpeg,0.5751752704381943,10.371135005486948N,106.68818259760518E,[]
22340,Mỹ Hào District-3496.jpeg,0.5751494020223618,20.958140412105514N,106.12238266397425E,[]
22342,Binh Minh Town-4400.jpeg,0.5750768408179283,10.101619611159222N,105.8570051787719E,[]
22348,Mỹ Tho-2850.jpeg,0.5749420523643494,10.379914207214231N,106.31494125018696E,[]
22349,Hiệp Hòa District-9431.jpeg,0.5749417059123516,21.403622152383686N,105.97026158106122E,[]
22361,Phu Ly City-3285.jpeg,0.57477667927742,20.565321611693822N,105.89698321315845E,[]
22364,Cai Lậy Town-78.jpeg,0.5747230835258961,10.35746923670832N,106.12380066850477E,[]
22367,Bến Tre City-3326.jpeg,0.5746651720255613,10.271796808620646N,106.34747722908854E,[]
22370,Châu Thành District-1555.jpeg,0.5746417678892612,10.265091671356753N,106.17179955286329E,[]
22376,Bac Giang City-522.jpeg,0.5745676653459668,21.24836054169831N,106.22854099445433E,[]
22378,Châu Thành District-5976.jpeg,0.5745068490505219,10.293388473377066N,106.3320302331016E,[]
22380,Duy Tiên District-2862.jpeg,0.574457467533648,20.63756324495413N,105.96625154971235E,[]
22381,Duy Tiên District-1745.jpeg,0.5744568258523941,20.621393643799195N,105.98640881694259E,[]
22390,Hiệp Hòa District-6810.jpeg,0.5743395332247019,21.351070948629985N,105.96881502652796E,[]
22392,Phu Ly City-303.jpeg,0.574305297806859,20.511422941177397N,105.88978831560186E,[]
22396,Go Cong Town-2086.jpeg,0.5742455311119556,10.398084340744397N,106.65667226543519E,[]
22410,Châu Thành District-1202.jpeg,0.5740407928824425,10.261049271068135N,106.41009133373053E,[]
22415,Bac Giang City-3318.jpeg,0.5738776214420795,21.314386413081127N,106.15479717286136E,[]
22418,Yên Mỹ District-99.jpeg,0.573850940912962,20.845105273370503N,106.03781871130316E,[]
22419,Cao Lanh City-3794.jpeg,0.5738247986882925,10.479655408105131N,105.60572492535172E,[]
22420,Binh Minh Town-4223.jpeg,0.5738116055727005,10.096229744107738N,105.82689926470562E,[]
22421,Binh Minh Town-3487.jpeg,0.5737991947680712,10.076017742664664N,105.8077409557544E,[]
22426,Yên Mỹ District-2874.jpeg,0.5737548153847456,20.901698877412823N,106.00897228387889E,[]
22427,Thái Bình-1221.jpeg,0.5737523417919874,20.444637709068665N,106.29755862870716E,[]
22429,Bến Tre City-1933.jpeg,0.5736984983086586,10.242152539837459N,106.40498635734843E,[]
22432,Tây Ninh City-3014.jpeg,0.5736839398741722,11.364992108359088N,106.11413250131875E,[]
22436,Cai Lậy Town-1653.jpeg,0.5736068189144135,10.392503372543006N,106.16079296676783E,[]
22437,Cai Lậy Town-4298.jpeg,0.573601258918643,10.442359642769288N,106.1375015197133E,[]
22440,Thái Bình-729.jpeg,0.5735757779330015,20.433857974965385N,106.36227442052956E,[]
22450,Sa Đéc City-2492.jpeg,0.5733128041028976,10.355651476269477N,105.71483936834429E,[]
22452,Tây Ninh City-2740.jpeg,0.5732764974236488,11.359602241307586N,106.17048369661134E,[]
22456,Duy Tiên District-3973.jpeg,0.5732286479324102,20.652385379346146N,106.00800588897498E,[]
22459,Cai Lậy Town-212.jpeg,0.5731778182089329,10.364206570522683N,106.09639896608768E,[]
22461,Cao Lanh City-2136.jpeg,0.5731226280331612,10.444621272270446N,105.60298444961734E,[]
22463,Phu Ly City-149.jpeg,0.573104614391923,20.501990673837025N,105.9142509672943E,[]
22467,Châu Thành District-8402.jpeg,0.5729853175580502,10.309558074531536N,106.39365741780868E,[]
22470,Thái Bình-618.jpeg,0.5729313381016254,20.43116304143958N,106.37521757889405E,[]
22474,Binh Minh Town-1174.jpeg,0.5727954059839249,10.022119072149795N,105.87753193836252E,[]
22475,Cai Lậy Town-6143.jpeg,0.5727649256587029,10.477393778603979N,106.11009981729622E,[]
22477,Yên Mỹ District-3087.jpeg,0.5727361291646957,20.90574127770157N,105.98156817782578E,[]
22479,Tây Ninh City-330.jpeg,0.5727153271436691,11.307051037555466N,106.11963017890828E,[]
22484,Cai Lậy Town-1963.jpeg,0.5725168101489544,10.397893239594495N,106.14435194531758E,[]
22492,Yên Mỹ District-2024.jpeg,0.5723716653883457,20.886876743020792N,106.08685763792444E,[]
22495,Cai Lậy Town-1605.jpeg,0.5722351055592299,10.392503372543006N,106.09502888096684E,['81.jpeg']
22502,Thanh Liêm District-3191.jpeg,0.5720387697219849,20.44505547841839N,105.90744481807246E,[]
22507,Châu Thành District-4067.jpeg,0.5718903001397848,10.281261272511216N,106.3868099528412E,[]
22508,Châu Thành District-2887.jpeg,0.5718667022883892,10.274523938696857N,106.23479623056382E,[]
22518,Long Xuyen City-5126.jpeg,0.5716610439121723,10.425687078301731N,105.42077931179409E,[]
22525,Châu Thành District-3848.jpeg,0.5714472904801369,10.279913805748345N,106.38954893882818E,[]
22528,Cai Lậy Town-2267.jpeg,0.5713754296302795,10.403283106645986N,106.1525724560427E,[]
22529,Go Cong Town-65.jpeg,0.5713706854730844,10.340143269940887N,106.66078230876171E,[]
22531,Tây Ninh City-6640.jpeg,0.5713582336902618,11.431017979739966N,106.15399066384279E,[]
22533,Cai Lậy Town-3469.jpeg,0.5713165253400803,10.427537508377691N,106.11558015777963E,[]
22534,Cao Lanh City-4299.jpeg,0.571262564510107,10.489087675445242N,105.65094277496904E,[]
22538,Thái Bình-1668.jpeg,0.5711561515927315,20.452722509646126N,106.36515067794389E,[]
22549,Cao Lanh City-432.jpeg,0.570882685482502,10.41632447025012N,105.6769772944457E,[]
22551,Mỹ Hào District-2385.jpeg,0.5708514079451561,20.940623344187646N,106.125267891402E,[]
22552,Mỹ Tho-2745.jpeg,0.5708390511572361,10.377219273688485N,106.37658258810765E,[]
22556,Châu Thành District-442.jpeg,0.5706763751804829,10.252964470490902N,106.24712166750521E,[]
22559,Châu Thành District-5509.jpeg,0.5706608444452286,10.290693539851324N,106.26903355540104E,[]
22563,Duy Tiên District-5929.jpeg,0.570581023581326,20.694156848996396N,106.00800588897498E,[]
22569,Long Hồ District-200.jpeg,0.5703545045107603,10.14455803693498N,105.94000980922003E,[]
22580,Cai Lậy Town-1852.jpeg,0.5701552405953407,10.39654577283162N,106.10050922145024E,[]
22581,Vĩnh Long-906.jpeg,0.5700270645320415,10.246302471351386N,105.98566920975762E,[]
22589,Cai Lậy Town-232.jpeg,0.569830134510994,10.364206570522683N,106.12380066850477E,[]
22590,Long Hồ District-8411.jpeg,0.5698247291147709,10.294126847613777N,106.01257980899764E,[]
22594,Mỹ Hào District-2546.jpeg,0.569757092744112,20.94331827771347N,106.11228436797707E,[]
22596,Mỹ Tho-2395.jpeg,0.5697289146482944,10.371829406636992N,106.31357144267761E,[]
22606,Bến Tre City-1880.jpeg,0.5694614592939615,10.242152539837459N,106.33241531454428E,['690.jpeg']
22608,Châu Thành District-2484.jpeg,0.5694236904382706,10.271829005171114N,106.22247079362242E,[]
22615,Long Hồ District-6987.jpeg,0.5693036429584026,10.268524979119206N,105.96465622423881E,[]
22619,Cai Lậy Town-5096.jpeg,0.5692085660994053,10.45718177716089N,106.09502888096684E,[]
22626,Hiệp Hòa District-7523.jpeg,0.5690959710627794,21.361850682733312N,105.92541839053061E,[]
22634,Hiệp Hòa District-8328.jpeg,0.5688869133591652,21.376672817125378N,105.963028808395E,[]
22638,Cai Lậy Town-3867.jpeg,0.5687877647578716,10.434274842192053N,106.1854544989432E,[]
22644,Sa Đéc City-1781.jpeg,0.5687134563922882,10.326007207486287N,105.71346973480124E,[]
22647,Long Hồ District-9494.jpeg,0.5686399601399899,10.321076182871224N,105.99888735620941E,[]
22648,Châu Thành District-5095.jpeg,0.5686383098363876,10.28799860632558N,106.28820645730995E,[]
22654,Long Hồ District-3417.jpeg,0.5685335453599691,10.18632950658401N,105.99751811093057E,[]
22657,Châu Thành District-4757.jpeg,0.5683478526771069,10.28530367279983N,106.42378626366543E,[]
22658,Cai Lậy Town-870.jpeg,0.5683472007513046,10.379028704914282N,106.17449381797637E,[]
22660,Yên Mỹ District-4306.jpeg,0.568329468369484,20.932690612959814N,106.04214567541679E,[]
22663,Duy Tiên District-127.jpeg,0.5683114230632782,20.566147506519858N,105.98208940253609E,[]
22665,Châu Thành District-2001.jpeg,0.5682818666100502,10.267786604882494N,106.31148783819927E,[]
22668,Yên Mỹ District-299.jpeg,0.5682618990540504,20.853190073947978N,106.02195317621977E,[]
22670,Hiệp Hòa District-1548.jpeg,0.5682016592472792,21.27291787638092N,105.9471167085293E,[]
22674,Bến Tre City-1663.jpeg,0.5681763840839267,10.238110139548848N,106.3584313487571E,[]
22677,Duy Tiên District-4258.jpeg,0.5680995509028435,20.656427779634885N,106.01520491298577E,[]
22678,Thái Bình-1341.jpeg,0.5680897254496813,20.445985175831574N,106.37234132147972E,[]
22679,Chau Doc City-3094.jpeg,0.5680673122406006,10.683657808163517N,105.10836417397618E,[]
22682,Châu Thành District-10459.jpeg,0.5680290535092354,10.331117542737495N,106.35668110698441E,[]
22684,Hoa Lư District-5100.jpeg,0.5679588289931417,20.32061124974102N,105.91623801927338E,[]
22692,Tây Ninh City-1663.jpeg,0.5678808465600014,11.339390239864464N,106.13612321167683E,[]
22708,Cao Lanh City-2015.jpeg,0.5675548687577248,10.441926338744695N,105.65779396430501E,[]
22715,Thanh Liêm District-5185.jpeg,0.5674458965659142,20.473352280439503N,105.90169259057785E,[]
22722,Chau Doc City-3995.jpeg,0.5672752037644386,10.698479942555121N,105.10425040588055E,[]
22724,Cao Lanh City-4747.jpeg,0.5672522652894258,10.49851994278535N,105.6070951632189E,[]
22725,Thanh Liêm District-1249.jpeg,0.5672374237328768,20.41271627610855N,105.94195818304013E,[]
22728,Thanh Liêm District-3906.jpeg,0.5671965144574642,20.45448774575876N,105.95346263802935E,[]
22729,Châu Thành District-1335.jpeg,0.5671513006091118,10.262396737831006N,106.31422682418624E,[]
22731,Long Hồ District-3411.jpeg,0.5671120770275593,10.18632950658401N,105.98930263925763E,[]
22737,Sa Đéc City-1352.jpeg,0.5670478902757168,10.309837606331815N,105.74771057337713E,[]
22739,Thanh Liêm District-7173.jpeg,0.5669593028724194,20.50299654922353N,105.98366183237607E,[]
22742,Yên Mỹ District-1105.jpeg,0.5669206250458956,20.87205460862875N,106.05224192501532E,[]
22746,Yên Mỹ District-3101.jpeg,0.5668314695358276,20.90574127770157N,106.0017606770228E,[]
22754,Thái Bình-3024.jpeg,0.566593237221241,20.487756645481788N,106.36227442052956E,[]
22756,Thái Bình-3299.jpeg,0.5665147416293621,20.498536379585076N,106.37234132147972E,[]
22760,Yên Mỹ District-1201.jpeg,0.5664328448474407,20.874749542154575N,105.97579889234092E,[]
22761,Mỹ Tho-1050.jpeg,0.5664124004542828,10.348922471668164N,106.32316009524305E,[]
22774,Bến Tre City-2581.jpeg,0.566194549202919,10.252932273940436N,106.406355622307E,[]
22780,Tây Ninh City-412.jpeg,0.5660501886159182,11.309745971081217N,106.10176272674236E,"['967.jpeg', '606.jpeg']"
22782,Bac Giang City-685.jpeg,0.5660377480089664,21.253750408749962N,106.17359461758113E,[]
22784,Trà Vinh City-2856.jpeg,0.5660340152680874,9.989040376739755N,106.33450174726396E,[]
22785,Bến Tre City-3083.jpeg,0.5660334639251232,10.263712008043413N,106.37897032313563E,[]
22786,Tây Ninh City-2675.jpeg,0.5660179425030947,11.359602241307586N,106.08114643578168E,[]
22790,Cao Lanh City-2437.jpeg,0.5659772083163261,10.450011139321935N,105.6112058768205E,[]
22791,Châu Thành District-5810.jpeg,0.5659395232796669,10.292041006614197N,106.39091843182166E,[]
22796,Tây Ninh City-1057.jpeg,0.5657932125031948,11.325915572235711N,106.13612321167683E,[]
22797,Hiệp Hòa District-7687.jpeg,0.5657330635003746,21.36454561625914N,105.9283114995971E,[]
22800,Ninh Bình-426.jpeg,0.5656871572136879,20.224010407561988N,105.99886820139479E,[]
22808,Cai Lậy Town-4692.jpeg,0.5655703656375408,10.449096976583652N,106.14435194531758E,[]
22812,Thanh Liêm District-3348.jpeg,0.5654436200857162,20.44775041194421N,105.85567477062095E,[]
22815,Cai Lậy Town-5835.jpeg,0.5653997287154198,10.470656444789617N,106.1375015197133E,[]
22819,Hung Yen City-135.jpeg,0.5653264904394746,20.611180406534064N,106.09216507343562E,[]
22820,Tam Điệp-4268.jpeg,0.5652976520359516,20.18033147804769N,105.90243871996627E,[]
22822,Mỹ Tho-2264.jpeg,0.5652616918087006,10.369134473111249N,106.346446822902E,[]
22824,Long Hồ District-8516.jpeg,0.5651552751660347,10.296821781139522N,105.96191773368116E,[]
22827,Thanh Liêm District-5271.jpeg,0.5650983517989516,20.474699747202408N,105.88587396496767E,[]
22829,Cai Lậy Town-902.jpeg,0.5650250129401684,10.380376171677153N,106.1142100726588E,[]
22832,Thanh Liêm District-292.jpeg,0.5649579558521509,20.38307200732454N,105.89881647683056E,[]
22836,Cai Lậy Town-1876.jpeg,0.5649138130247593,10.39654577283162N,106.13339126435075E,[]
22845,Go Cong Town-820.jpeg,0.5648085884749889,10.364397671672586N,106.66215232320387E,[]
22848,Long Xuyen City-2405.jpeg,0.5646709315478802,10.363703607209597N,105.40982052783156E,[]
22851,Thái Bình-587.jpeg,0.5645401421934366,20.43116304143958N,106.33063558897192E,[]
22853,Mỹ Tho-1275.jpeg,0.5645128693431616,10.351617405193908N,106.41219758335073E,[]
22854,Duy Tiên District-1131.jpeg,0.5644960291683674,20.609266442933002N,105.95905252570155E,[]
22856,Long Hồ District-6861.jpeg,0.5643850490450859,10.26583004559346N,105.97424094119057E,[]
22863,Bac Giang City-1508.jpeg,0.5642598131671548,21.273962410193683N,106.15045930100294E,[]
22864,Cai Lậy Town-2606.jpeg,0.5642056316137314,10.410020440460348N,106.12791092386735E,[]
22875,Ninh Bình-954.jpeg,0.5639255866408348,20.240180008716898N,105.9600910166416E,[]
22879,Long Hồ District-2910.jpeg,0.5638860911130905,10.18093963953252N,105.90440943197059E,[]
22881,Thanh Liêm District-778.jpeg,0.5638658255338669,20.40193654200528N,105.9160731593144E,[]
22893,Yên Mỹ District-3409.jpeg,0.5636162161827087,20.911131144753217N,106.01906853347737E,[]
22900,Hung Yen City-869.jpeg,0.5635203085839748,20.630044941214816N,106.08064447364077E,[]
22901,Cai Lậy Town-2798.jpeg,0.5634917169809341,10.414062840748963N,106.11146990241708E,[]
22907,Phu Ly City-4353.jpeg,0.5633493810892105,20.600355747529495N,105.94015259849807E,[]
22908,Bến Tre City-2141.jpeg,0.5633361674845219,10.246194940126077N,106.34884649404711E,[]
22917,Ninh Bình-2048.jpeg,0.5631529539823532,20.26982427750089N,105.97588912894847E,[]
22919,Chau Doc City-1818.jpeg,0.5630882196128368,10.663445806720416N,105.11796296619927E,[]
22925,Phu Ly City-3973.jpeg,0.5630034729838371,20.58149121284874N,105.93871361898678E,[]
22928,Vĩnh Long-1550.jpeg,0.562946398742497,10.257082205454365N,105.96375990145226E,[]
22932,Thanh Liêm District-1202.jpeg,0.5629094112664461,20.41271627610855N,105.87436950997845E,[]
22937,Chau Doc City-3351.jpeg,0.5628483407199383,10.687700208452133N,105.1015078938168E,[]
22938,Phu Ly City-3437.jpeg,0.5628302171826363,20.56801654521964N,105.94015259849807E,[]
22939,Hiệp Hòa District-4093.jpeg,0.5628205165266991,21.313341879268368N,106.01221166252535E,[]
22942,Mỹ Tho-1676.jpeg,0.5628021731972694,10.35835473900827N,106.41219758335073E,[]
22944,Go Cong Town-2130.jpeg,0.5627866759896278,10.399431807507273N,106.6457121498978E,[]
22946,Chau Doc City-3516.jpeg,0.5627469625324011,10.690395141977882N,105.0960228696893E,[]
22949,Hoa Lư District-1849.jpeg,0.5627201143652201,20.228983509863202N,105.96363386505196E,[]
22954,Mỹ Hào District-991.jpeg,0.5626346580684185,20.91367400892939N,106.09208777598282E,[]
22955,Long Xuyen City-4746.jpeg,0.5626189392060041,10.414907344198749N,105.43036824776134E,[]
22956,Long Hồ District-1724.jpeg,0.562596645206213,10.16611750514093N,105.97150245063291E,[]
22958,Trà Vinh City-2318.jpeg,0.5625590980052948,9.975565709111041N,106.30714074945278E,[]
22964,Châu Thành District-575.jpeg,0.5623121820390224,10.254311937253775N,106.43063372863288E,[]
22967,Binh Minh Town-936.jpeg,0.5622466579079628,10.016729205098311N,105.87616348772315E,[]
22980,Mỹ Tho-3939.jpeg,0.5619651786983013,10.400126208657317N,106.34918643792071E,[]
22984,Tam Điệp-1332.jpeg,0.5619066338986158,20.138560008397537N,105.8478930099831E,[]
22985,Sa Đéc City-1809.jpeg,0.5618885792791843,10.326007207486287N,105.75181947400624E,[]
22986,Châu Thành District-4200.jpeg,0.5618761517107487,10.28260873927409N,106.26629456941409E,[]
22990,Go Cong Town-530.jpeg,0.5618119593709707,10.356312871095353N,106.69914271314256E,[]
22991,Cao Lanh City-3406.jpeg,0.5618033967912197,10.471570607527898N,105.58791183307821E,[]
22994,Go Cong Town-320.jpeg,0.5617149136960506,10.34957553728099N,106.69503266981602E,[]
23002,Binh Minh Town-1827.jpeg,0.5615506321191788,10.036941206541384N,105.84879447493567E,[]
23004,Cao Lanh City-3362.jpeg,0.561502255499363,10.470223140765023N,105.6070951632189E,[]
23006,Mỹ Tho-1142.jpeg,0.5614713970571756,10.350269938431039N,106.33959778535524E,[]
23008,Sa Đéc City-2353.jpeg,0.5613678265362978,10.350261609217988N,105.71620900188731E,[]
23010,Cai Lậy Town-2727.jpeg,0.5613298267126083,10.41271537398609N,106.10598956193365E,[]
23012,Phu Ly City-3055.jpeg,0.5612835767678916,20.559931744642174N,105.97324912725846E,[]
23018,Chau Doc City-3108.jpeg,0.5611254312098026,10.683657808163517N,105.12756175842237E,[]
23019,Long Hồ District-7685.jpeg,0.5610940270125866,10.281999646747927N,105.94000980922003E,[]
23020,Cai Lậy Town-2021.jpeg,0.5610904656350613,10.39924070635737N,106.11695024290049E,[]
23021,Long Hồ District-8176.jpeg,0.5610827244818211,10.290084447325158N,105.98793339397882E,[]
23024,Phu Ly City-1723.jpeg,0.5609902907162905,20.537024809672698N,105.94303055752071E,[]
23026,Cai Lậy Town-751.jpeg,0.5609752982854843,10.377681238151407N,106.1142100726588E,[]
23037,Phu Ly City-3960.jpeg,0.5607784688472748,20.58149121284874N,105.9200068853396E,[]
23038,Sa Đéc City-2415.jpeg,0.5607538223266602,10.352956542743732N,105.70525193354302E,[]
23039,Duy Tiên District-4072.jpeg,0.5607444494962692,20.65373284610907N,106.01376510818362E,[]
23042,Long Hồ District-8038.jpeg,0.5606326311826706,10.287389513799416N,106.00299509204586E,[]
23056,Mỹ Tho-556.jpeg,0.5603206418454647,10.339490204328056N,106.36014489799547E,[]
23057,Go Cong Town-2107.jpeg,0.5603058021515608,10.398084340744397N,106.68544256872082E,[]
23064,Cai Lậy Town-2591.jpeg,0.5601074490696192,10.410020440460348N,106.10735964705452E,[]
23065,Duy Tiên District-4647.jpeg,0.5600890032947063,20.66316511344944N,105.90865935762592E,[]
23068,Trà Vinh City-835.jpeg,0.5600378811359406,9.920319571833314N,106.35091834595066E,[]
23072,Chau Doc City-3002.jpeg,0.5599762108176947,10.682310341400646N,105.10425040588055E,[]
23079,Long Hồ District-2348.jpeg,0.5598837547004223,10.174202305718163N,105.90304018669175E,[]
23081,Cai Lậy Town-251.jpeg,0.5598593801259995,10.365554037285555N,106.10324939169192E,[]
23084,Sa Đéc City-67.jpeg,0.5598091892898083,10.266718669919909N,105.74223203920499E,[]
23086,Vĩnh Long-737.jpeg,0.5597522556781769,10.243607537825643N,105.96923722852861E,[]
23088,Bến Tre City-2755.jpeg,0.5597325414419174,10.256974674229053N,106.35706208379852E,[]
23089,Cai Lậy Town-564.jpeg,0.5597128979861736,10.373638837862787N,106.14846220068013E,[]
23091,Châu Thành District-3713.jpeg,0.5596981942653656,10.279913805748345N,106.20466738470704E,[]
23092,Phu Ly City-2059.jpeg,0.5596803165972233,20.542414676724338N,105.94159157800942E,[]
23097,Bến Tre City-2874.jpeg,0.5596000924706459,10.259669607754798N,106.33652310941999E,[]
23103,Long Hồ District-4805.jpeg,0.5594722758978605,10.210583908315703N,105.95096377145056E,[]
23105,Binh Minh Town-4404.jpeg,0.5594386011362076,10.102967077922093N,105.79816180127872E,[]
23107,Mỹ Tho-2935.jpeg,0.5593982040882111,10.381261673977102N,106.3272695177711E,[]
23127,Hiệp Hòa District-3405.jpeg,0.5589696913957596,21.303909611927963N,105.95434948119552E,[]
23129,Trà Vinh City-1855.jpeg,0.5589231736958027,9.963438508245199N,106.32492539803008E,[]
23134,Duy Tiên District-3169.jpeg,0.5588378831744194,20.641605645242862N,105.98352920733824E,[]
23135,Long Xuyen City-5429.jpeg,0.5588348843157291,10.435119345641839N,105.44954611969584E,[]
23140,Duy Tiên District-2499.jpeg,0.5587671138346195,20.632173377902483N,105.98208940253609E,[]
23143,Binh Minh Town-1562.jpeg,0.5587135870009661,10.031551339489894N,105.83510996854186E,[]
23144,Binh Minh Town-4273.jpeg,0.5586575902998447,10.097577210870606N,105.82963616598438E,[]
23146,Chau Doc City-2167.jpeg,0.5586464293301105,10.670183140534787N,105.04117262841436E,[]
23157,Mỹ Hào District-3084.jpeg,0.5583632066845894,20.95140307829095N,106.1382514148269E,[]
23162,Hiệp Hòa District-6253.jpeg,0.558261739090085,21.342986148052496N,106.00353233532584E,[]
23174,Bến Tre City-2883.jpeg,0.5579261183738708,10.259669607754798N,106.34884649404711E,[]
23175,Chau Doc City-45.jpeg,0.5579252168536186,10.614937003256989N,105.08368156540244E,[]
23178,Bến Tre City-1834.jpeg,0.5578175280243158,10.240805073074588N,106.37897032313563E,[]
23179,Châu Thành District-5279.jpeg,0.5577790923416615,10.289346073088451N,106.24575217451175E,[]
23184,Thanh Liêm District-7251.jpeg,0.5577174872159958,20.504344015986433N,105.97790960488143E,[]
23185,Cai Lậy Town-2495.jpeg,0.5577122196555138,10.407325506934605N,106.16901347749294E,[]
23188,Mỹ Hào District-2912.jpeg,0.5575908422470093,20.948708144765128N,106.1440218696824E,[]
23195,Trà Vinh City-805.jpeg,0.5574299097061157,9.920319571833314N,106.30987684923393E,[]
23197,Go Cong Town-1912.jpeg,0.5573396235704422,10.39404194045578N,106.63338201991824E,[]
23198,Cao Lanh City-4254.jpeg,0.5573368221521378,10.489087675445242N,105.58928207094542E,[]
23205,Duy Tiên District-4439.jpeg,0.5571672329679132,20.65912271316071N,106.01088549857933E,[]
23210,Cai Lậy Town-3216.jpeg,0.5570574216544628,10.422147641326202N,106.15942288164696E,[]
23211,Cai Lậy Town-589.jpeg,0.5570444278419018,10.373638837862787N,106.1827143287015E,[]
23212,Cao Lanh City-2709.jpeg,0.5570296831429005,10.455401006373423N,105.61531659042207E,[]
23214,Hung Yen City-3581.jpeg,0.5569883529096842,20.713587880515316N,106.04176244933322E,[]
23223,Thanh Liêm District-1267.jpeg,0.5566567704081535,20.414063742871466N,105.87868368059941E,[]
23225,Long Hồ District-5038.jpeg,0.5566399171948433,10.21597377536719N,105.9153633942012E,[]
23227,Go Cong Town-3992.jpeg,0.5566130355000496,10.435813410104826N,106.68955261204736E,[]
23228,Ninh Bình-1587.jpeg,0.556567907333374,20.25500214310889N,105.97445293692057E,['116.jpeg']
23230,Thanh Liêm District-5098.jpeg,0.5564907044172287,20.47200481367659N,105.91032093181974E,[]
23235,Duy Tiên District-1915.jpeg,0.556420236825943,20.624088577325022N,105.96337194010802E,[]
23238,Go Cong Town-3441.jpeg,0.556391280144453,10.426381142764722N,106.6964026842582E,[]
23239,Thanh Liêm District-7860.jpeg,0.5563803501427174,20.517818683615538N,105.97503349113417E,[]
23240,Thanh Liêm District-7495.jpeg,0.5563794001936913,20.50973388303808N,105.91894927306168E,[]
23242,Go Cong Town-3670.jpeg,0.5563119947910309,10.430423543053335N,106.67996251095214E,[]
23243,Long Xuyen City-3036.jpeg,0.5562954396009445,10.375830808075445N,105.4536556636818E,[]
23245,Thanh Liêm District-7122.jpeg,0.5562754757702351,20.50299654922353N,105.90025453370419E,[]
23247,Duy Tiên District-4630.jpeg,0.556218876503408,20.661817646686533N,106.02816315620521E,[]
23249,Cao Lanh City-4290.jpeg,0.5561700835824013,10.489087675445242N,105.63861063416432E,[]
23260,Thanh Liêm District-2525.jpeg,0.5559224709868431,20.435623211078017N,105.86861728248384E,[]
23262,Sa Đéc City-275.jpeg,0.5558485686779022,10.274803470497138N,105.74908020692013E,[]
23268,Long Hồ District-2057.jpeg,0.5557648204267025,10.170159905429546N,105.9687639600753E,[]
23271,Tây Ninh City-4491.jpeg,0.555708147585392,11.387899043327963N,106.18697672937988E,[]
23272,Long Hồ District-8004.jpeg,0.5556616187095642,10.287389513799416N,105.95644075256588E,[]
23279,Hung Yen City-3422.jpeg,0.5554335117340088,20.708198013463676N,106.00576057497435E,[]
23280,Tây Ninh City-2533.jpeg,0.5554250925779343,11.356907307781837N,106.10313714613972E,[]
23282,Phu Ly City-3620.jpeg,0.5553573593497276,20.573406412271282N,105.89554423364714E,[]
23284,Long Hồ District-5612.jpeg,0.5552933216094971,10.226753509470168N,105.9865641487E,[]
23285,Chau Doc City-4818.jpeg,0.5552200190722942,10.728124211338336N,105.11110668603992E,[]
23290,Yên Mỹ District-1537.jpeg,0.5550980120897293,20.88013940920623N,105.99599139153793E,[]
23291,Duy Tiên District-2674.jpeg,0.5550866425037384,20.63486831142831N,105.96193213530586E,[]
23292,Yên Mỹ District-2262.jpeg,0.5550433173775673,20.890919143309524N,106.0608958532426E,[]
23299,Mỹ Hào District-11.jpeg,0.5548570454120636,20.875944939567844N,106.09930084455222E,[]
23300,Cai Lậy Town-328.jpeg,0.5548489689826965,10.368248970811303N,106.10187930657109E,[]
23302,Hiệp Hòa District-6676.jpeg,0.5548252747394145,21.349723481867073N,105.91384595426466E,[]
23310,Thanh Liêm District-7369.jpeg,0.5546294748783112,20.507038949512257N,105.93189178492456E,['398.jpeg']
23311,Cao Lanh City-2721.jpeg,0.5546246403828263,10.455401006373423N,105.63175944482836E,[]
23313,Long Hồ District-6196.jpeg,0.5545685738325119,10.240228177098889N,106.00025660148823E,[]
23315,Go Cong Town-785.jpeg,0.554539006203413,10.363050204909717N,106.68818259760518E,[]
23317,Thanh Liêm District-4374.jpeg,0.5544282104820013,20.461225079573314N,105.94627235366109E,[]
23318,Trà Vinh City-2120.jpeg,0.5544042252004147,9.970175842059554N,106.34407809649787E,[]
23320,Châu Thành District-4290.jpeg,0.5543987601995468,10.28260873927409N,106.38954893882818E,[]
23326,Yên Mỹ District-2616.jpeg,0.5542248808778822,20.897656477124087N,105.98156817782578E,[]
23331,Sa Đéc City-611.jpeg,0.5541689954698086,10.284235737837246N,105.77236397715177E,[]
23332,Hiệp Hòa District-2054.jpeg,0.5541644245386124,21.281002676958412N,105.97604779919419E,[]
23335,Long Hồ District-4523.jpeg,0.5541087426245213,10.205194041264217N,105.92905584698941E,[]
23341,Mỹ Tho-1175.jpeg,0.5539521183818579,10.350269938431039N,106.38480143316373E,['825.jpeg']
23345,Mỹ Hào District-948.jpeg,0.5538568571209908,20.912326542166486N,106.11084175426323E,[]
23346,Tây Ninh City-5382.jpeg,0.5538386851549149,11.404068644482464N,106.08114643578168E,[]
23355,Hiệp Hòa District-8568.jpeg,0.5536093972623348,21.38206268417704N,105.98906678999342E,[]
23359,Hiệp Hòa District-6129.jpeg,0.5535303875803947,21.34163868128958N,105.97604779919419E,[]
23368,Thanh Liêm District-2700.jpeg,0.5533425286412239,20.43831814460384N,105.86717922561017E,[]
23370,Hiệp Hòa District-123.jpeg,0.5533292405307293,21.232493873493485N,105.9847271263937E,[]
23371,Bến Tre City-1950.jpeg,0.5533158257603645,10.242152539837459N,106.42826386164411E,[]
23374,Go Cong Town-1636.jpeg,0.5532544162124395,10.385957139878546N,106.66489235208824E,[]
23381,Long Hồ District-5207.jpeg,0.5530550628900528,10.218668708892936N,105.96465622423881E,[]
23383,Long Hồ District-7549.jpeg,0.5529932454228401,10.27930471322218N,105.96054848840235E,[]
23384,Vĩnh Long-2178.jpeg,0.5529923103749752,10.269209406320215N,105.92541861191793E,[]
23385,Tây Ninh City-1141.jpeg,0.5529671832919121,11.328610505761462N,106.08664411337115E,[]
23388,Hung Yen City-1434.jpeg,0.5528792357072234,20.643519608843928N,106.05040289917935E,[]
23399,Go Cong Town-494.jpeg,0.5525414012372494,10.354965404332479N,106.71010282867995E,[]
23400,Long Hồ District-8332.jpeg,0.5525359399616718,10.292779380850904N,106.00299509204586E,[]
23403,Cai Lậy Town-5893.jpeg,0.5524561516940594,10.472003911552486N,106.12380066850477E,[]
23407,Bến Tre City-592.jpeg,0.5524057410657406,10.213855737817145N,106.38307811801135E,[]
23408,Cai Lậy Town-22.jpeg,0.5523671098053455,10.354774303182575N,106.10187930657109E,[]
23409,Mỹ Tho-3352.jpeg,0.5523362383246422,10.387999007791462N,106.36973355056092E,"['828.jpeg', '61.jpeg']"
23411,Hiệp Hòa District-3111.jpeg,0.5522246239706874,21.2985197448763N,106.0266772078578E,[]
23415,Tây Ninh City-1545.jpeg,0.5520422663539648,11.336695306338713N,106.13749763107424E,[]
23417,Phu Ly City-1888.jpeg,0.5519753396511078,20.539719743198518N,105.93295770094146E,[]
23419,Mỹ Tho-892.jpeg,0.5519640371203423,10.34622753814242N,106.31631105769634E,[]
23420,Duy Tiên District-4740.jpeg,0.5519593581557274,20.66451258021235N,105.91297877203239E,[]
23424,Châu Thành District-144.jpeg,0.5518196560442448,10.247574603439418N,106.1964504267461E,[]
23428,Long Xuyen City-3848.jpeg,0.5517766308039427,10.393347875992792N,105.40297128785494E,[]
23429,Cai Lậy Town-2193.jpeg,0.5517323650419712,10.401935639883115N,106.14983228580098E,[]
23430,Vĩnh Long-890.jpeg,0.5517276972532272,10.246302471351386N,105.96375990145226E,[]
23433,Tam Điệp-3023.jpeg,0.5516494568437338,20.16416187689279N,105.8938262394426E,[]
23435,Bac Giang City-1813.jpeg,0.5516255162656307,21.27935227724534N,106.17070270300889E,[]
23437,Cao Lanh City-978.jpeg,0.551607321947813,10.42575673759023N,105.61942730402366E,[]
23439,Thanh Liêm District-4352.jpeg,0.5515806302428246,20.461225079573314N,105.91463510244073E,[]
23441,Chau Doc City-1249.jpeg,0.5515711195766926,10.654013539380308N,105.04254388444622E,[]
23454,Cao Lanh City-4882.jpeg,0.5514011681079865,10.501214876311098N,105.60846540108611E,[]
23464,Hiệp Hòa District-3817.jpeg,0.5512828547507524,21.30929947897962N,106.01510477159182E,[]
23465,Tây Ninh City-414.jpeg,0.5512749627232552,11.309745971081217N,106.10451156553712E,[]
23466,Mỹ Tho-1697.jpeg,0.5512256007641554,10.359702205771145N,106.33137894029916E,[]
23468,Thanh Liêm District-7445.jpeg,0.5512080173939466,20.508386416275172N,105.94339623991378E,[]
23472,Châu Thành District-977.jpeg,0.5511540435254574,10.259701804305262N,106.22657927260288E,[]
23476,Tây Ninh City-5628.jpeg,0.5510287871584296,11.40811104477109N,106.13612321167683E,[]
23478,Vĩnh Long-1413.jpeg,0.5510199852287769,10.255734738691492N,105.89392398122901E,[]
23481,Duy Tiên District-2288.jpeg,0.5509890355169773,20.629478444376662N,105.95185350169072E,[]
23484,Cao Lanh City-3350.jpeg,0.5509011745452881,10.470223140765023N,105.59065230881261E,[]
23488,Go Cong Town-399.jpeg,0.5508616790175438,10.352270470806737N,106.69503266981602E,[]
23498,Châu Thành District-7601.jpeg,0.5504912696778774,10.304168207480046N,106.34298617704953E,[]
23500,Thái Bình-2216.jpeg,0.5504466779530048,20.46484971051231N,106.38240822242985E,[]
23510,Hiệp Hòa District-6201.jpeg,0.550125171430409,21.342986148052496N,105.9283114995971E,[]
23517,Long Hồ District-1909.jpeg,0.5499530918896198,10.168812438666674N,105.91947113003765E,[]
23518,Tây Ninh City-5493.jpeg,0.5499341227114201,11.405416111245337N,106.14436972806111E,[]
23521,Bến Tre City-3437.jpeg,0.5499085001647472,10.277186675672136N,106.33926163933714E,[]
23523,Cai Lậy Town-4777.jpeg,0.5498556308448315,10.450444443346525N,106.15805279652612E,[]
23530,Châu Thành District-5703.jpeg,0.5497126104310155,10.292041006614197N,106.24438268151823E,[]
23532,Tây Ninh City-3023.jpeg,0.5497007556259632,11.364992108359088N,106.12650227589519E,[]
23533,Duy Tiên District-602.jpeg,0.5496949888765812,20.59040190825225N,105.95473311129504E,[]
23536,Binh Minh Town-17.jpeg,0.5495571289211512,9.987084936315135N,105.88163729028066E,[]
23542,Châu Thành District-1568.jpeg,0.5493773072957993,10.265091671356753N,106.18960296177862E,[]
23543,Bac Giang City-809.jpeg,0.5493111405521631,21.256445342275793N,106.19672993415931E,[]
23547,Tam Điệp-2392.jpeg,0.5492407660931349,20.156077076315338N,105.86224714418918E,[]
23557,Long Hồ District-1642.jpeg,0.5490078553557396,10.16477003837806N,106.0112105637188E,[]
23559,Hiệp Hòa District-1695.jpeg,0.5489583425223827,21.27561280990675N,105.92975805413035E,[]
23570,Mỹ Tho-2453.jpeg,0.5486464872956276,10.371829406636992N,106.39302027821981E,[]
23572,Cai Lậy Town-5040.jpeg,0.548634453676641,10.455834310398014N,106.11695024290049E,[]
23573,Chau Doc City-3594.jpeg,0.5486332923173904,10.691742608740757N,105.08916658952994E,[]
23577,Châu Thành District-1847.jpeg,0.5486023910343647,10.266439138119624N,106.38817944583468E,[]
23582,Hung Yen City-681.jpeg,0.5483749192208052,20.626002540926088N,106.09216507343562E,[]
23584,Go Cong Town-3631.jpeg,0.5483174882829189,10.430423543053335N,106.62653194770735E,[]
23585,Duy Tiên District-5031.jpeg,0.5483144968748093,20.66855498050109N,105.99072823134907E,[]
23592,Tây Ninh City-2283.jpeg,0.5482349917292595,11.352864907493213N,106.08114643578168E,[]
23594,Cai Lậy Town-4804.jpeg,0.5481449104845524,10.4517919101094N,106.09365879584597E,[]
23595,Cao Lanh City-883.jpeg,0.5481244996190071,10.424409270827352N,105.60572492535172E,[]
23598,Cao Lanh City-800.jpeg,0.5480830743908882,10.423061804064481N,105.60846540108611E,[]
23609,Ninh Bình-2219.jpeg,0.547826437279582,20.27656161131543N,105.96152720866948E,[]
23610,Thanh Liêm District-4917.jpeg,0.5478071793913841,20.46930988015077N,105.92038732993534E,[]
23611,Bac Giang City-517.jpeg,0.547793086618185,21.24836054169831N,106.22131120802365E,[]
23613,Tây Ninh City-3145.jpeg,0.5477739945054054,11.366339575121964N,106.18285347118773E,[]
23619,Binh Minh Town-3076.jpeg,0.547697264701128,10.063890541798811N,105.85426827749315E,[]
23622,Yên Mỹ District-2783.jpeg,0.5476654097437859,20.900351410649918N,105.99166442742427E,[]
23624,Mỹ Hào District-3003.jpeg,0.547649048268795,20.950055611528036N,106.14834971082404E,[]
23628,Cao Lanh City-3346.jpeg,0.547600831836462,10.470223140765023N,105.58517135734382E,[]
23629,Sa Đéc City-696.jpeg,0.5475992374122143,10.288278138125861N,105.72990533731766E,[]
23631,Tây Ninh City-5620.jpeg,0.5475911013782024,11.40811104477109N,106.1251278564978E,[]
23634,Binh Minh Town-2931.jpeg,0.547573197633028,10.059848141510198N,105.86658433324753E,[]
23637,Cai Lậy Town-1518.jpeg,0.5475146137177944,10.391155905780133N,106.08680837024171E,[]
23645,Go Cong Town-3955.jpeg,0.5473677292466164,10.435813410104826N,106.63886207768692E,[]
23648,Thanh Liêm District-1755.jpeg,0.5473145619034767,20.423496010211835N,105.8729314531048E,[]
23649,Duy Tiên District-2393.jpeg,0.5472949147224426,20.630825911139574N,105.96625154971235E,[]
23650,Châu Thành District-1863.jpeg,0.5472600534558296,10.266439138119624N,106.41009133373053E,[]
23654,Cai Lậy Town-345.jpeg,0.5471838908270001,10.368248970811303N,106.12517075362561E,[]
23655,Châu Thành District-8286.jpeg,0.5471830312162638,10.309558074531536N,106.23479623056382E,[]
23658,Hiệp Hòa District-7389.jpeg,0.5470838686451316,21.359155749207478N,105.98762023546017E,[]
23669,Cai Lậy Town-293.jpeg,0.5469040051102638,10.366901504048426N,106.11009981729622E,[]
23670,Vĩnh Long-836.jpeg,0.5468898564577103,10.246302471351386N,105.88981598592174E,[]
23681,Hung Yen City-1758.jpeg,0.5466002859175205,20.651604409421388N,106.09072499846127E,[]
23693,Hiệp Hòa District-9525.jpeg,0.5463475082069635,21.406317085909514N,105.97749435372745E,[]
23694,Châu Thành District-5281.jpeg,0.5463269650936127,10.289346073088451N,106.24849116049872E,[]
23701,Long Hồ District-193.jpeg,0.5461693182587624,10.14455803693498N,105.93042509226822E,[]
23705,Ninh Bình-1547.jpeg,0.5461048725992441,20.253654676345977N,105.9859424731437E,[]
23706,Cai Lậy Town-5674.jpeg,0.5460976846516132,10.467961511263871N,106.10872973217536E,[]
23715,Hiệp Hòa District-4578.jpeg,0.5459849499166012,21.321426679845857N,105.92397183599734E,[]
23717,Long Xuyen City-2823.jpeg,0.545951634645462,10.371788407786832N,105.43310794375199E,[]
23721,Bac Giang City-27.jpeg,0.5458886511623859,21.222758673202932N,106.19528397687321E,[]
23724,Go Cong Town-1184.jpeg,0.5458112321794033,10.373829939012698N,106.66489235208824E,[]
23725,Cao Lanh City-3840.jpeg,0.5457660611718893,10.481002874868004N,105.57694993014067E,[]
23726,Long Hồ District-944.jpeg,0.5456677004694939,10.156685237800826N,105.93042509226822E,[]
23727,Cao Lanh City-1982.jpeg,0.5456665530800819,10.441926338744695N,105.61257611468767E,[]
23729,Cao Lanh City-5174.jpeg,0.5455950275063515,10.509299676888332N,105.59202254667983E,[]
23734,Hung Yen City-1464.jpeg,0.5454278457909822,20.643519608843928N,106.09360514840996E,[]
23735,Phu Ly City-2452.jpeg,0.5454071648418903,20.54915201053889N,105.95454239361126E,[]
23738,Châu Thành District-6123.jpeg,0.5453793704509735,10.294735940139942N,106.24986065349223E,[]
23743,Tây Ninh City-94.jpeg,0.5452990345656872,11.298966236978218N,106.12375343710043E,[]
23755,Trà Vinh City-2529.jpeg,0.545013252645731,9.979608109399651N,106.36459884485626E,[]
23760,Cao Lanh City-4833.jpeg,0.5449203215539455,10.499867409548223N,105.63449992056276E,[]
23761,Cai Lậy Town-6037.jpeg,0.5448562614619732,10.474698845078231N,106.13887160483415E,[]
23769,Long Xuyen City-1411.jpeg,0.5446171406656504,10.340796672240765N,105.45091596769116E,[]
23774,Hung Yen City-3525.jpeg,0.5445811562240124,20.710892946989492N,106.04752274923062E,[]
23778,Long Hồ District-9100.jpeg,0.5444405525922775,10.308948982005372N,105.9865641487E,[]
23779,Binh Minh Town-3670.jpeg,0.5443596541881561,10.080060142953275N,105.86111053069003E,[]
23788,Bến Tre City-3368.jpeg,0.544231541454792,10.27314427538352N,106.35569281883996E,[]
23794,Hoa Lư District-1100.jpeg,0.5440736785531044,20.21146644194539N,105.9751237670589E,[]
23798,Phu Ly City-2431.jpeg,0.5440134666860104,20.54915201053889N,105.92432382387354E,[]
23800,Vĩnh Long-2304.jpeg,0.543983705341816,10.273251806608831N,105.91720262130343E,[]
23803,Châu Thành District-6584.jpeg,0.5439729243516922,10.297430873665688N,106.31970479616021E,[]
23804,Long Hồ District-2381.jpeg,0.5439354740083218,10.174202305718163N,105.94822528089293E,[]
23808,Mỹ Tho-3.jpeg,0.5437463605776429,10.320625669647844N,106.30124317509345E,[]
23810,Duy Tiên District-1292.jpeg,0.5436802953481674,20.61330884322173N,105.97920979293177E,[]
23811,Yên Mỹ District-736.jpeg,0.5436707767657936,20.86531727481419N,106.02195317621977E,[]
23814,Yên Mỹ District-4131.jpeg,0.5436037052422762,20.927300745908166N,106.00608764113643E,[]
23815,Hung Yen City-3132.jpeg,0.543603140860796,20.69741827936038N,106.05904334902549E,[]
23816,Duy Tiên District-5442.jpeg,0.5435906331986189,20.676639781078556N,105.99072823134907E,[]
23817,Yên Mỹ District-4282.jpeg,0.5435443669557571,20.931343146196898N,106.0594535318714E,[]
23823,Hiệp Hòa District-5391.jpeg,0.5434169601649046,21.332206413949176N,105.98038746279394E,[]
23824,Long Hồ District-8976.jpeg,0.5433878973126411,10.306254048479625N,105.96739471479646E,[]
23825,Trà Vinh City-1893.jpeg,0.543367987498641,9.964785975008068N,106.31124489912449E,[]
23827,Thái Bình-358.jpeg,0.5433052964508533,20.424425707625012N,106.34070248992211E,[]
23828,Yên Mỹ District-3325.jpeg,0.5432946495711803,20.909783677990298N,106.00320299839402E,[]
23832,Bac Giang City-2611.jpeg,0.5431837998330593,21.2941744116374N,106.16347291657819E,[]
23833,Go Cong Town-1281.jpeg,0.5431488575413823,10.37652487253844N,106.65941229431952E,[]
23836,Cao Lanh City-1616.jpeg,0.5430690720677376,10.435189004930333N,105.67971777018008E,[]
23848,Long Xuyen City-2967.jpeg,0.5427484083920717,10.374483341312578N,105.45091596769116E,[]
23849,Hiệp Hòa District-1092.jpeg,0.5427456246688962,21.264833075803434N,105.92541839053061E,[]
23859,Châu Thành District-1923.jpeg,0.5424832198768854,10.267786604882494N,106.20466738470704E,[]
23866,Phu Ly City-1129.jpeg,0.5423387542832643,20.52759254233232N,105.94159157800942E,[]
23868,Châu Thành District-5356.jpeg,0.5422846041619778,10.289346073088451N,106.35120313501048E,[]
23871,Long Hồ District-5541.jpeg,0.5422527007758617,10.225406042707299N,105.9810871675847E,[]
23872,Hiệp Hòa District-5207.jpeg,0.542234125547111,21.329511480423346N,106.00931855345885E,[]
23873,Long Xuyen City-4050.jpeg,0.5422174502164125,10.397390276281406N,105.44269687971922E,[]
23874,Binh Minh Town-4355.jpeg,0.5422098189592361,10.100272144396353N,105.82689926470562E,[]
23882,Cai Lậy Town-429.jpeg,0.5420984551310539,10.370943904337045N,106.12380066850477E,[]
23884,Thanh Liêm District-6545.jpeg,0.5420210715383291,20.49356428188315N,105.88731202184132E,[]
23885,Sa Đéc City-1431.jpeg,0.5419635474681854,10.312532539857562N,105.74908020692013E,[]
23890,Châu Thành District-4450.jpeg,0.5419237986207008,10.283956206036958N,106.30600986622528E,[]
23891,Phu Ly City-2507.jpeg,0.5418717823922634,20.550499477301795N,105.92720178289618E,[]
23892,Vĩnh Long-686.jpeg,0.5418404638767242,10.243607537825643N,105.89803197653627E,[]
23894,Thanh Liêm District-3975.jpeg,0.5417898558080196,20.455835212521666N,105.91463510244073E,[]
23897,Yên Mỹ District-97.jpeg,0.541698195040226,20.845105273370503N,106.03493406856072E,[]
23904,Cao Lanh City-4928.jpeg,0.5414625238627195,10.50256234307397N,105.58791183307821E,[]
23911,Cai Lậy Town-90.jpeg,0.5413155443966389,10.358816703471197N,106.10324939169192E,[]
23912,Cao Lanh City-5045.jpeg,0.5413145646452904,10.505257276599714N,105.59065230881261E,[]
23919,Mỹ Tho-3129.jpeg,0.5411396939307451,10.383956607502846N,106.38480143316373E,[]
23923,Cai Lậy Town-364.jpeg,0.541063953191042,10.368248970811303N,106.16627330725123E,[]
23926,Bến Tre City-721.jpeg,0.5409482680261135,10.217898138105765N,106.35569281883996E,[]
23927,Long Xuyen City-2258.jpeg,0.5409203469753265,10.361008673683854N,105.39201250389236E,[]
23931,Châu Thành District-7525.jpeg,0.5408771485090256,10.304168207480046N,106.23890470954429E,[]
23932,Binh Minh Town-2874.jpeg,0.5408318042755127,10.058500674747329N,105.85974208005064E,[]
23935,Trà Vinh City-219.jpeg,0.5408154092729092,9.898760103627373N,106.35365444573176E,[]
23947,Tây Ninh City-6036.jpeg,0.5406211763620377,11.416195845348339N,106.17185811600866E,[]
23956,Mỹ Hào District-3082.jpeg,0.5404838472604752,20.95140307829095N,106.13536618739911E,[]
23959,Châu Thành District-10240.jpeg,0.5403508609160781,10.327075142448873N,106.34161668405602E,[]
23961,Chau Doc City-1584.jpeg,0.5403178185224533,10.6594034064318N,105.11247794207179E,[]
23969,Long Hồ District-994.jpeg,0.5401910245418549,10.156685237800826N,106.01531829955528E,[]
23976,Tây Ninh City-2946.jpeg,0.540070503950119,11.363644641596215N,106.12925111468995E,[]
23977,Tây Ninh City-899.jpeg,0.5400696955621243,11.32187317194709N,106.14986740565064E,[]
23979,Hiệp Hòa District-7546.jpeg,0.5400123801082373,21.361850682733312N,105.95868914479524E,[]
23982,Long Hồ District-115.jpeg,0.5399131998419762,10.141863103409237N,106.0043643373247E,[]
23985,Yên Mỹ District-3047.jpeg,0.5398399569094181,20.90439381093865N,106.03349174718953E,[]
23999,Trà Vinh City-1177.jpeg,0.539603341370821,9.936489172987768N,106.33997394682622E,['753.jpeg']
24000,Châu Thành District-5741.jpeg,0.5395681969821453,10.292041006614197N,106.29642341527087E,[]
24002,Long Hồ District-899.jpeg,0.5395658761262894,10.155337771037951N,106.02490301650705E,[]
24005,Phu Ly City-1511.jpeg,0.5394830256700516,20.53432987614687N,105.8840323975566E,[]
24006,Thanh Liêm District-4987.jpeg,0.5394729543477297,20.470657346913683N,105.88587396496767E,[]
24012,Thanh Liêm District-7398.jpeg,0.5393802635371685,20.507038949512257N,105.97359543426047E,[]
24013,Trà Vinh City-516.jpeg,0.5393786914646626,9.909539837730343N,106.34818224616954E,[]
24016,Sa Đéc City-2103.jpeg,0.5393190486356616,10.33948187511501N,105.71894826897338E,[]
24022,Hiệp Hòa District-615.jpeg,0.5392144694924355,21.250010941411375N,105.97170813559445E,[]
24028,Hung Yen City-3591.jpeg,0.5390492342412472,20.713587880515316N,106.05904334902549E,[]
24031,Long Xuyen City-1878.jpeg,0.5389837771654129,10.351576406343744N,105.43721748773795E,[]
24035,Châu Thành District-514.jpeg,0.5389029271900654,10.254311937253775N,106.2211013006289E,[]
24040,Hiệp Hòa District-9212.jpeg,0.538784958422184,21.398232285332025N,105.95145637212903E,[]
24042,Long Hồ District-4813.jpeg,0.5387633666396141,10.210583908315703N,105.96191773368116E,[]
24049,Long Xuyen City-2129.jpeg,0.5385844297707081,10.356966273395233N,105.45913505566305E,[]
24052,Châu Thành District-4637.jpeg,0.5384848639369011,10.28530367279983N,106.25944710444665E,[]
24056,Cai Lậy Town-6748.jpeg,0.5384299885481596,10.500300713572814N,106.09365879584597E,[]
24057,Cai Lậy Town-5401.jpeg,0.5384275056421757,10.46257164421238N,106.12380066850477E,[]
24059,Go Cong Town-592.jpeg,0.5384110808372498,10.359007804621099N,106.64434213545564E,[]
24066,Bac Giang City-2180.jpeg,0.5382539965212345,21.284742144297002N,106.25167631103253E,[]
24069,Bến Tre City-885.jpeg,0.5382065884768963,10.22194053839438N,106.35432355388139E,[]
24074,Mỹ Tho-202.jpeg,0.5380798280239105,10.330057936987952N,106.31631105769634E,[]
24076,Cai Lậy Town-6172.jpeg,0.5379922240972519,10.477393778603979N,106.14983228580098E,[]
24081,Vĩnh Long-39.jpeg,0.5378724448382854,10.226090469908309N,105.9117252942271E,[]
24082,Bac Giang City-702.jpeg,0.5378660336136818,21.253750408749962N,106.19817589144547E,[]
24083,Mỹ Tho-1661.jpeg,0.5378464497625828,10.35835473900827N,106.39165047071049E,[]
24086,Yên Mỹ District-87.jpeg,0.5377341946586967,20.8437578066076N,106.0608958532426E,[]
24090,Long Hồ District-1624.jpeg,0.5375467762351036,10.16477003837806N,105.9865641487E,[]
24091,Duy Tiên District-171.jpeg,0.5375430034473538,20.567494973282766N,105.99648745055771E,[]
24092,Mỹ Hào District-2835.jpeg,0.5375036280602217,20.948708144765128N,106.03294061371386E,[]
24110,Thái Bình-865.jpeg,0.5370584391057491,20.436552908491205N,106.3680269353582E,[]
24113,Thanh Liêm District-211.jpeg,0.5369172357022762,20.377682140272913N,105.92613955742995E,[]
24115,Duy Tiên District-5083.jpeg,0.5369109231978655,20.669902447263993N,105.92881662485615E,[]
24117,Thanh Liêm District-3575.jpeg,0.5368823409080505,20.450445345470033N,105.90025453370419E,[]
24121,Go Cong Town-1109.jpeg,0.5368381179869175,10.371135005486948N,106.69914271314256E,[]
24123,Tây Ninh City-1054.jpeg,0.5367849711328745,11.325915572235711N,106.13199995348471E,[]
24124,Hiệp Hòa District-7362.jpeg,0.5367755182087421,21.359155749207478N,105.94856326306252E,[]
24128,Trà Vinh City-2160.jpeg,0.5366918630897999,9.971523308822425N,106.32218929824893E,[]
24130,Hoa Lư District-3602.jpeg,0.5366584658622742,20.284229647142467N,105.94927148754331E,[]
24132,Bac Giang City-1243.jpeg,0.5365205258131027,21.26722507637911N,106.21986525073754E,[]
24135,Bến Tre City-3106.jpeg,0.5363165475428104,10.265059474806286N,106.33926163933714E,[]
24146,Cai Lậy Town-1413.jpeg,0.5358487963676453,10.38846097225439N,106.16490322213039E,[]
24149,Long Hồ District-3622.jpeg,0.5357016883790493,10.189024440109755N,105.9865641487E,[]
24151,Tây Ninh City-6410.jpeg,0.5355603136122227,11.425628112688466N,106.11000924312664E,[]
24160,Tây Ninh City-3522.jpeg,0.5352418012917042,11.373076908936339N,106.13337437288207E,[]
24166,Bến Tre City-781.jpeg,0.5351293347775936,10.219245604868638N,106.36664693850851E,['703.jpeg']
24167,Cao Lanh City-4382.jpeg,0.535113325342536,10.491782608970986N,105.5755796922735E,[]
24168,Mỹ Tho-1754.jpeg,0.5350970588624477,10.359702205771145N,106.40945796833202E,[]
24172,Tây Ninh City-2228.jpeg,0.5349523238837719,11.351517440730339N,106.10863482372925E,[]
24184,Bến Tre City-698.jpeg,0.5347924306988716,10.21655067134289N,106.39403223767988E,[]
24189,Mỹ Tho-1045.jpeg,0.5347131136804819,10.348922471668164N,106.31631105769634E,[]
24190,Bến Tre City-3114.jpeg,0.534683370962739,10.265059474806286N,106.35021575900566E,['688.jpeg']
24192,Hiệp Hòa District-2397.jpeg,0.5346750896424055,21.286392544010077N,106.0078719989256E,[]
24196,Châu Thành District-3346.jpeg,0.5346092153340578,10.277218872222601N,106.29505392227735E,[]
24201,Tây Ninh City-3313.jpeg,0.5345421135425568,11.369034508647713N,106.18697672937988E,[]
24204,Thái Bình-1449.jpeg,0.5344468019902706,20.44868010935739N,106.33207371767911E,[]
24206,Long Hồ District-4791.jpeg,0.5343910753726959,10.210583908315703N,105.93179433754707E,[]
24210,Thanh Liêm District-2336.jpeg,0.5342585947364569,20.431580810789296N,105.9764715480078E,[]
24211,Châu Thành District-174.jpeg,0.5342322550714016,10.247574603439418N,106.2375352165508E,[]
24213,Tây Ninh City-251.jpeg,0.534204039722681,11.30570357079259N,106.07564875819214E,[]
24223,Hiệp Hòa District-489.jpeg,0.5339811397716403,21.24596854112263N,105.95579603572877E,[]
24224,Cao Lanh City-357.jpeg,0.5339661911129951,10.414977003487248N,105.68519872164887E,[]
24229,Binh Minh Town-89.jpeg,0.5337448343634605,9.992474803366619N,105.87753193836252E,[]
24232,Long Hồ District-8542.jpeg,0.5336769111454487,10.296821781139522N,105.99751811093057E,[]
24233,Long Hồ District-7103.jpeg,0.5336699970066547,10.269872445882076N,106.03037999762233E,[]
24237,Châu Thành District-4552.jpeg,0.5335548780858517,10.283956206036958N,106.44569815156127E,[]
24242,Cai Lậy Town-2330.jpeg,0.5333515778183937,10.404630573408856N,106.13887160483415E,['768.jpeg']
24244,Châu Thành District-2259.jpeg,0.5332734286785126,10.27048153840824N,106.1690605668763E,[]
24245,Cai Lậy Town-1147.jpeg,0.5332728959619999,10.38441857196577N,106.1375015197133E,[]
24253,Hiệp Hòa District-3641.jpeg,0.5330433584749699,21.306604545453805N,106.02957031692426E,[]
24254,Thái Bình-516.jpeg,0.5330225899815559,20.429815574676653N,106.31337804448594E,[]
24258,Hiệp Hòa District-435.jpeg,0.5329611212946475,21.243273607596805N,105.98762023546017E,[]
24265,Bến Tre City-3056.jpeg,0.5328761301934719,10.263712008043413N,106.34200016925425E,[]
24268,Hoa Lư District-2160.jpeg,0.5328592360019684,20.23841577720356N,105.93203663453288E,[]
24269,Mỹ Tho-2782.jpeg,0.5328500755131245,10.378566740451355N,106.32452990275242E,[]
24270,Long Xuyen City-275.jpeg,0.5328134149312973,10.31384733698332N,105.47557323160692E,[]
24271,Long Hồ District-8682.jpeg,0.5328077934682369,10.299516714665266N,105.99751811093057E,[]
24272,Thái Bình-2784.jpeg,0.5328040458261967,20.481019311667236N,106.32632120285044E,[]
24280,Thái Bình-395.jpeg,0.5325934551656246,20.425773174387924N,106.3478931334579E,[]
24282,Bến Tre City-1231.jpeg,0.5325337173417211,10.230025338971611N,106.34884649404711E,[]
24283,Tam Điệp-816.jpeg,0.5324951373040676,20.127780274294267N,105.93114698837846E,[]
24284,Chau Doc City-2058.jpeg,0.5324941240251064,10.66748820700904N,105.11796296619927E,[]
24287,Thanh Liêm District-3089.jpeg,0.5324814971536398,20.443708011655477N,105.89881647683056E,[]
24298,Go Cong Town-2775.jpeg,0.5322214383631945,10.414253941898867N,106.68133252539432E,[]
24300,Duy Tiên District-237.jpeg,0.532208876684308,20.57018990680859N,105.99504764575553E,[]
24308,Cai Lậy Town-544.jpeg,0.5320060476660728,10.373638837862787N,106.12106049826308E,[]
24309,Châu Thành District-3479.jpeg,0.5319770090281963,10.278566338985474N,106.18275549681123E,[]
24312,Trà Vinh City-1910.jpeg,0.5318029969930649,9.964785975008068N,106.33450174726396E,[]
24321,Tây Ninh City-5821.jpeg,0.5316675417125225,11.412153445059715N,106.1251278564978E,[]
24328,Cao Lanh City-2206.jpeg,0.5314623787999153,10.44596873903332N,105.59065230881261E,[]
24330,Châu Thành District-1858.jpeg,0.5314482487738132,10.266439138119624N,106.4032438687631E,[]
24334,Long Xuyen City-4496.jpeg,0.531369399279356,10.40817001038439N,105.44954611969584E,[]
24336,Long Hồ District-5467.jpeg,0.5312964394688606,10.224058575944424N,105.96739471479646E,[]
24344,Duy Tiên District-475.jpeg,0.5311839673668146,20.582317107674786N,105.98784862174475E,[]
24347,Go Cong Town-3798.jpeg,0.5310856215655804,10.43311847657908N,106.64023209212911E,[]
24349,Binh Minh Town-1285.jpeg,0.5310544185340405,10.024814005675537N,105.86932123452628E,[]
24355,Vĩnh Long-1831.jpeg,0.5310223679989576,10.262472072505853N,105.8788613317691E,[]
24356,Hung Yen City-3392.jpeg,0.5309495814144611,20.706850546700757N,106.02448154964097E,[]
24357,Cao Lanh City-4808.jpeg,0.5309294909238815,10.499867409548223N,105.59750349814857E,[]
24362,Long Hồ District-2583.jpeg,0.5307406857609749,10.176897239243907N,105.91673263947999E,[]
24365,Long Hồ District-8816.jpeg,0.530687291175127,10.302211648191006N,105.99751811093057E,[]
24366,Châu Thành District-10556.jpeg,0.5306833870708942,10.333812476263239N,106.35120313501048E,[]
24368,Chau Doc City-1355.jpeg,0.53066486120224,10.655361006143185N,105.09465161365743E,[]
24370,Long Hồ District-1272.jpeg,0.5306397415697575,10.16072763808944N,105.94959452617174E,['655.jpeg']
24374,Tây Ninh City-3203.jpeg,0.5305849239230156,11.367687041884835N,106.14986740565064E,[]
24380,Mỹ Tho-1479.jpeg,0.5305269062519073,10.355659805482526N,106.36151470550483E,[]
24381,Yên Mỹ District-3415.jpeg,0.5305164307355881,20.911131144753217N,106.02772246170464E,[]
24383,Binh Minh Town-2205.jpeg,0.5304630566388369,10.045026007118615N,105.81595165959065E,[]
24384,Cao Lanh City-3583.jpeg,0.5303983427584171,10.47561300781652N,105.58243088160947E,[]
24388,Hung Yen City-2724.jpeg,0.5302101280540228,20.683943611731266N,106.08064447364077E,[]
24392,Long Xuyen City-992.jpeg,0.5301054194569588,10.33136440490066N,105.47283353561627E,[]
24397,Cai Lậy Town-2132.jpeg,0.5299006551504135,10.400588173120237N,106.16627330725123E,[]
24398,Hiệp Hòa District-1410.jpeg,0.529882637783885,21.270222942855092N,105.97170813559445E,[]
24401,Bến Tre City-2793.jpeg,0.5297920517623425,10.256974674229053N,106.40909415222414E,[]
24402,Hiệp Hòa District-6926.jpeg,0.5297653283923864,21.3524184153929N,105.99629956265962E,[]
24403,Châu Thành District-2317.jpeg,0.5297397524118423,10.27048153840824N,106.24849116049872E,[]
24406,Ninh Bình-744.jpeg,0.5297074271366,20.234790141665254N,105.96583578475317E,[]
24407,Cai Lậy Town-1939.jpeg,0.5296877287328243,10.397893239594495N,106.11146990241708E,[]
24412,Go Cong Town-3486.jpeg,0.5296094380319118,10.427728609527595N,106.64297212101346E,[]
24416,Bac Giang City-2170.jpeg,0.5295052193105221,21.284742144297002N,106.23721673817117E,[]
24425,Hiệp Hòa District-4833.jpeg,0.5292885070666671,21.325469080134603N,105.89504074533245E,[]
24430,Châu Thành District-4886.jpeg,0.5291395075619221,10.286651139562707N,106.29916240125785E,[]
24444,Châu Thành District-2864.jpeg,0.5288809426128864,10.274523938696857N,106.20329789171355E,[]
24449,Phu Ly City-1373.jpeg,0.5287558874115348,20.531634942621054N,105.92864076240751E,[]
24452,Châu Thành District-944.jpeg,0.5286820381879807,10.259701804305262N,106.1813860038177E,[]
24454,Châu Thành District-2943.jpeg,0.5286205802112818,10.274523938696857N,106.31148783819927E,[]
24460,Cai Lậy Town-763.jpeg,0.5284641236066818,10.377681238151407N,106.13065109410903E,[]
24461,Cai Lậy Town-2231.jpeg,0.5284578762948513,10.403283106645986N,106.10324939169192E,[]
24463,Châu Thành District-10678.jpeg,0.5283968392759562,10.337854876551855N,106.35805059997791E,[]
24465,Yên Mỹ District-2544.jpeg,0.5283765234053135,20.89630901036118N,105.99454907016673E,[]
24466,Tây Ninh City-2112.jpeg,0.5283648744225502,11.348822507204586N,106.13612321167683E,[]
24469,Cai Lậy Town-414.jpeg,0.5283364653587341,10.370943904337045N,106.10324939169192E,[]
24471,Sa Đéc City-652.jpeg,0.5282920636236668,10.285583204600115N,105.77510324423783E,[]
24472,Phu Ly City-3494.jpeg,0.5282806940376759,20.569364011982547N,105.94303055752071E,[]
24480,Mỹ Hào District-3102.jpeg,0.5281314067542553,20.952750545053863N,106.0372684548555E,[]
24481,Hiệp Hòa District-7209.jpeg,0.5281213615089655,21.356460815681647N,105.99051334452666E,[]
24483,Cai Lậy Town-20.jpeg,0.5281039513647556,10.354774303182575N,106.0991391363294E,[]
24484,Sa Đéc City-111.jpeg,0.5280878767371178,10.26941360344565N,105.74497130629103E,[]
24485,Duy Tiên District-214.jpeg,0.5280293636023998,20.57018990680859N,105.96193213530586E,[]
24486,Thanh Liêm District-5809.jpeg,0.5280246566981077,20.481437081016963N,105.96784320676586E,[]
24488,Cai Lậy Town-943.jpeg,0.52800203114748,10.380376171677153N,106.17038356261381E,[]
24489,Long Xuyen City-5197.jpeg,0.5279979519546032,10.428382011827477N,105.4002315918643E,[]
24492,Cai Lậy Town-5668.jpeg,0.5279578678309917,10.467961511263871N,106.10050922145024E,[]
24494,Châu Thành District-8283.jpeg,0.5278793890029192,10.309558074531536N,106.23068775158336E,[]
24500,Yên Mỹ District-2229.jpeg,0.5277486089617014,20.890919143309524N,106.01329924799252E,[]
24501,Long Hồ District-7375.jpeg,0.5277001410722733,10.275262312933569N,106.01668754483413E,[]
24507,Mỹ Tho-3626.jpeg,0.5275740288197994,10.393388874842957N,106.33137894029916E,[]
24509,Mỹ Hào District-1933.jpeg,0.52745739556849,20.93388601037309N,106.06612072913305E,[]
24511,Long Hồ District-8458.jpeg,0.5274247396737337,10.295474314376653N,105.97971792230587E,[]
24514,Duy Tiên District-412.jpeg,0.5273353420197964,20.578274707386054N,105.98640881694259E,[]
24516,Châu Thành District-4705.jpeg,0.5273191295564175,10.28530367279983N,106.35257262800394E,[]
24517,Long Hồ District-6045.jpeg,0.5272986106574535,10.236185776810276N,105.99204112981529E,[]
24524,Châu Thành District-2910.jpeg,0.5271410346031189,10.274523938696857N,106.26629456941409E,[]
24526,Duy Tiên District-5351.jpeg,0.5271217720583081,20.675292314315648N,105.92161760084535E,[]
24528,Tây Ninh City-2260.jpeg,0.5271077714860439,11.351517440730339N,106.15261624444537E,[]
24533,Mỹ Tho-3754.jpeg,0.5269846729934216,10.396083808368703N,106.31494125018696E,[]
24535,Mỹ Tho-2334.jpeg,0.5269393101334572,10.37048193987412N,106.33548836282719E,[]
24537,Bến Tre City-1376.jpeg,0.5268984921276569,10.232720272497357N,106.36527767354993E,[]
24540,Long Xuyen City-972.jpeg,0.5268755871802568,10.33136440490066N,105.44543657570988E,[]
24543,Châu Thành District-5781.jpeg,0.5268058106303215,10.292041006614197N,106.35120313501048E,[]
24549,Yên Mỹ District-3302.jpeg,0.5267238952219486,20.909783677990298N,105.97002960685604E,[]
24551,Châu Thành District-416.jpeg,0.526682049036026,10.252964470490902N,106.2115148496745E,[]
24560,Mỹ Tho-1996.jpeg,0.526377972215414,10.36374460605976N,106.41219758335073E,[]
24568,Binh Minh Town-441.jpeg,0.5261216685175896,10.004602004232465N,105.86384743196876E,[]
24569,Thanh Liêm District-3611.jpeg,0.5261088013648987,20.450445345470033N,105.95202458115568E,[]
24573,Bến Tre City-1336.jpeg,0.526088260114193,10.231372805734486N,106.40361709238987E,[]
24579,Châu Thành District-1793.jpeg,0.5259898081421852,10.266439138119624N,106.26629456941409E,[]
24587,Châu Thành District-6891.jpeg,0.5258649401366711,10.30012580719143N,106.18549448279816E,[]
24588,Mỹ Tho-1773.jpeg,0.525784470140934,10.361049672534014N,106.32589971026175E,[]
24591,Bac Giang City-708.jpeg,0.525743767619133,21.253750408749962N,106.20685163516228E,[]
24597,Long Hồ District-7713.jpeg,0.5256246998906136,10.281999646747927N,105.97834867702704E,[]
24603,Thanh Liêm District-4938.jpeg,0.5255041811615229,20.46930988015077N,105.95058652428204E,[]
24605,Vĩnh Long-2214.jpeg,0.5254629217088223,10.270556873083086N,105.9117252942271E,[]
24611,Mỹ Tho-587.jpeg,0.5252867043018341,10.339490204328056N,106.40260893078528E,[]
24616,Cao Lanh City-5002.jpeg,0.5252684466540813,10.503909809836841N,105.60846540108611E,[]
24624,Tây Ninh City-2610.jpeg,0.525146015919745,11.358254774544713N,106.10038830734497E,[]
24625,Duy Tiên District-2676.jpeg,0.5251298174262047,20.63486831142831N,105.96481174491018E,[]
24626,Ninh Bình-393.jpeg,0.5251172501593828,20.222662940799086N,106.00174058545059E,[]
24630,Long Hồ District-7300.jpeg,0.5250388346612453,10.273914846170692N,106.00984131843998E,[]
24635,Cai Lậy Town-1134.jpeg,0.5248706042766571,10.38441857196577N,106.11969041314218E,[]
24656,Châu Thành District-6238.jpeg,0.5243052840232849,10.294735940139942N,106.40735234774355E,[]
24661,Thái Bình-1129.jpeg,0.5242473781108856,20.441942775542838N,106.36083629182238E,[]
24662,Yên Mỹ District-3181.jpeg,0.5242103934288025,20.907088744464478N,106.00897228387889E,[]
24664,Hiệp Hòa District-2539.jpeg,0.5241373591125011,21.289087477535897N,105.99340645359317E,[]
24666,Tây Ninh City-707.jpeg,0.5240696594119072,11.317830771658468N,106.111383662524E,[]
24669,Long Hồ District-276.jpeg,0.5240533165633678,10.145905503697852N,106.0112105637188E,[]
24670,Yên Mỹ District-2196.jpeg,0.5240532327443361,20.890919143309524N,105.96570264274241E,[]
24671,Cai Lậy Town-623.jpeg,0.5240207090973854,10.374986304625663N,106.13339126435075E,[]
24680,Mỹ Hào District-3018.jpeg,0.5236509293317795,20.95140307829095N,106.04303890971099E,[]
24681,Long Hồ District-8608.jpeg,0.523639801889658,10.298169247902392N,105.99204112981529E,[]
24687,Thanh Liêm District-6764.jpeg,0.5234453119337559,20.496259215408976N,105.98078571862875E,[]
24696,Châu Thành District-4036.jpeg,0.5232863985002041,10.281261272511216N,106.34435567004302E,[]
24698,Binh Minh Town-1649.jpeg,0.5232748426496983,10.032898806252769N,105.8679527838869E,[]
24707,Long Hồ District-7449.jpeg,0.5231525786221027,10.276609779696438N,106.02216452594939E,[]
24709,Mỹ Tho-1683.jpeg,0.5231098737567663,10.359702205771145N,106.31220163516828E,[]
24710,Cai Lậy Town-5533.jpeg,0.5231089219450951,10.465266577738122N,106.11009981729622E,[]
24711,Phu Ly City-1517.jpeg,0.5230816891416907,20.53432987614687N,105.8926662746245E,[]
24715,Cao Lanh City-1022.jpeg,0.5230229645967484,10.42575673759023N,105.67971777018008E,[]
24718,Long Hồ District-9536.jpeg,0.5229042023420334,10.32377111639697N,105.9756101864694E,[]
24729,Cai Lậy Town-929.jpeg,0.5226488076150417,10.380376171677153N,106.15120237092184E,[]
24735,Long Hồ District-7641.jpeg,0.5225580558180809,10.280652179985056N,105.98382565814235E,[]
24740,Long Hồ District-7435.jpeg,0.5224269814789295,10.276609779696438N,106.00299509204586E,[]
24742,Long Hồ District-660.jpeg,0.5223539620637894,10.15264283751221N,105.94411754505647E,[]
24747,Mỹ Tho-342.jpeg,0.5221729353070259,10.334100337276565N,106.3382279778459E,[]
24748,Thái Bình-123.jpeg,0.5221508089452982,20.410951039995926N,106.33063558897192E,[]
24750,Trà Vinh City-80.jpeg,0.5221259891986847,9.892022769813014N,106.34818224616954E,[]
24755,Sa Đéc City-2314.jpeg,0.5218982063233852,10.348914142455113N,105.70936083417213E,[]
24758,Châu Thành District-3042.jpeg,0.5218098647892475,10.275871405459727N,106.1676910738828E,[]
24760,Long Xuyen City-1919.jpeg,0.5217688009142876,10.352923873106617N,105.41256022382217E,[]
24761,Cai Lậy Town-6715.jpeg,0.5216458737850189,10.496258313284194N,106.10872973217536E,[]
24765,Hiệp Hòa District-7320.jpeg,0.5215135458856821,21.357808282444562N,106.01799788065833E,[]
24779,Tây Ninh City-3536.jpeg,0.5212271064519882,11.373076908936339N,106.15261624444537E,[]
24781,Tây Ninh City-4948.jpeg,0.5211438555270433,11.395983843905213N,106.1182557595109E,[]
24784,Châu Thành District-8425.jpeg,0.5211154744029045,10.309558074531536N,106.42515575665892E,[]
24785,Phu Ly City-714.jpeg,0.5211047045886517,20.52085520851777N,105.91712892631695E,[]
24789,Hoa Lư District-673.jpeg,0.5210075378417969,20.20338164136794N,105.92341920802768E,[]
24792,Bac Giang City-2820.jpeg,0.5209127776324749,21.298216811926142N,106.1880541904425E,[]
24793,Yên Mỹ District-3868.jpeg,0.5209005679935217,20.920563412093603N,106.00320299839402E,[]
24801,Long Hồ District-7373.jpeg,0.5207920633256435,10.275262312933569N,106.01394905427645E,[]
24802,Cao Lanh City-382.jpeg,0.520782820880413,10.41632447025012N,105.60846540108611E,[]
24809,Mỹ Tho-3516.jpeg,0.5206322073936462,10.39069394131721N,106.38069201063568E,[]
24818,Trà Vinh City-1338.jpeg,0.5204519499093294,9.945921440327869N,106.32355734813949E,[]
24819,Long Hồ District-8896.jpeg,0.520450659096241,10.303559114953883N,106.02079528067058E,[]
24820,Mỹ Hào District-3848.jpeg,0.5204167198389769,20.971615079734644N,106.07621902513017E,[]
24825,Hoa Lư District-3294.jpeg,0.520226214081049,20.277492313327922N,105.93203663453288E,[]
24826,Tây Ninh City-5385.jpeg,0.5202139718458056,11.404068644482464N,106.08526969397381E,[]
24830,Mỹ Tho-2509.jpeg,0.5201677363365889,10.373176873399867N,106.36425432052353E,[]
24837,Chau Doc City-4854.jpeg,0.520028430968523,10.732166611626957N,105.10973543000804E,[]
24839,Duy Tiên District-5465.jpeg,0.5199205195531249,20.676639781078556N,106.02384374179874E,[]
24842,Phu Ly City-1003.jpeg,0.519859317690134,20.524897608806498N,105.99771177895089E,[]
24849,Long Hồ District-7893.jpeg,0.5197347402572632,10.284694580273671N,106.01394905427645E,[]
24856,Tây Ninh City-3255.jpeg,0.5196400210261345,11.369034508647713N,106.10726040433188E,[]
24857,Sa Đéc City-349.jpeg,0.5196366980671883,10.277498404022884N,105.72031790251641E,[]
24859,Hiệp Hòa District-9276.jpeg,0.5196104766801,21.399579752094933N,105.96736847199472E,[]
24879,Cai Lậy Town-226.jpeg,0.5189986899495125,10.364206570522683N,106.11558015777963E,[]
24881,Châu Thành District-3195.jpeg,0.5189664885401726,10.275871405459727N,106.38817944583468E,[]
24889,Cai Lậy Town-6581.jpeg,0.5186327025294304,10.489520979469832N,106.14435194531758E,[]
24891,Phu Ly City-3849.jpeg,0.518623311072588,20.57879627932292N,105.91568994680563E,[]
24894,Tam Điệp-2073.jpeg,0.5185682065784931,20.150687209263705N,105.91966368101353E,[]
24901,Hiệp Hòa District-2333.jpeg,0.5184054775163531,21.285045077247165N,106.0266772078578E,[]
24905,Mỹ Hào District-566.jpeg,0.518275486305356,20.90154680806318N,106.13392357368524E,[]
24906,Bac Giang City-112.jpeg,0.5182510241866112,21.229496007017502N,106.20685163516228E,[]
24914,Sa Đéc City-937.jpeg,0.5181086212396622,10.296362938703094N,105.72579643668855E,[]
24917,Cai Lậy Town-25.jpeg,0.5180390141904354,10.354774303182575N,106.10598956193365E,[]
24918,Duy Tiên District-4034.jpeg,0.5179507108405232,20.65373284610907N,105.95905252570155E,[]
24922,Thái Bình-2395.jpeg,0.5178705053403974,20.470239577563955N,106.33207371767911E,[]
24925,Bến Tre City-1463.jpeg,0.5177652072161436,10.234067739260228N,106.38718591288703E,[]
24928,Vĩnh Long-1768.jpeg,0.5176913365721703,10.26112460574298N,105.90624796715078E,[]
24930,Châu Thành District-512.jpeg,0.5176520422101021,10.254311937253775N,106.21836231464192E,[]
24931,Tây Ninh City-2481.jpeg,0.5176234841346741,11.355559841018964N,106.14024646986898E,[]
24938,Cai Lậy Town-3321.jpeg,0.5175307802855968,10.424842574851947N,106.10598956193365E,[]
24943,Thái Bình-2594.jpeg,0.5173747912049294,20.475629444615592N,106.32775933155762E,[]
24945,Tây Ninh City-226.jpeg,0.5173274148255587,11.304356104029715N,106.10588598493449E,[]
24951,Thanh Liêm District-2146.jpeg,0.5171403661370277,20.42888587726348N,105.95202458115568E,[]
24957,Long Hồ District-5151.jpeg,0.5169727057218552,10.217321242130064N,105.97971792230587E,[]
24958,Cai Lậy Town-4849.jpeg,0.5169716365635395,10.4517919101094N,106.15531262628441E,[]
24963,Go Cong Town-1954.jpeg,0.5168224703520536,10.39404194045578N,106.69092262648952E,[]
24967,Tây Ninh City-3110.jpeg,0.5166769810020924,11.366339575121964N,106.13474879227947E,[]
24972,Thái Bình-1619.jpeg,0.5165151692926884,20.451375042883214N,106.38816073725849E,[]
24977,Mỹ Hào District-3259.jpeg,0.5164530761539936,20.954098011816768N,106.136808801113E,[]
24984,Phu Ly City-884.jpeg,0.5163539834320545,20.52355014204359N,105.93871361898678E,[]
24994,Yên Mỹ District-2690.jpeg,0.5161438165232539,20.899003943887N,105.97147192822725E,[]
24997,Mỹ Tho-3019.jpeg,0.515987005084753,10.382609140739975N,106.3382279778459E,[]
25002,Duy Tiên District-2794.jpeg,0.5157635323703289,20.63621577819122N,106.00080686496418E,[]
25005,Binh Minh Town-4043.jpeg,0.5157340429723263,10.090839877056249N,105.84742602429628E,[]
25007,Binh Minh Town-1618.jpeg,0.5156755149364471,10.032898806252769N,105.82553081406625E,[]
25010,Châu Thành District-4253.jpeg,0.5155547522008419,10.28260873927409N,106.33887769806907E,[]
25014,Bến Tre City-2967.jpeg,0.51543353125453,10.26101707451767N,106.37760105817705E,[]
25015,Cai Lậy Town-6291.jpeg,0.5154131203889847,10.480088712129726N,106.15942288164696E,[]
25018,Phu Ly City-2129.jpeg,0.5153631325811148,20.543762143487246N,105.93007974191885E,[]
25020,Hiệp Hòa District-5722.jpeg,0.5153065416961908,21.336248814237923N,106.00353233532584E,[]
25024,Bến Tre City-1945.jpeg,0.5152360163629055,10.242152539837459N,106.42141753685125E,[]
25026,Sa Đéc City-2619.jpeg,0.5151694472879171,10.36104134332097N,105.70799120062911E,[]
25028,Châu Thành District-4159.jpeg,0.5151247680187225,10.28260873927409N,106.210145356681E,[]
25030,Long Xuyen City-4343.jpeg,0.5150491502135992,10.405475076858645N,105.38790295990641E,[]
25036,Bến Tre City-1681.jpeg,0.5149164441972971,10.238110139548848N,106.38307811801135E,[]
25038,Châu Thành District-2144.jpeg,0.5148847857490182,10.269134071645368N,106.26218609043362E,[]
25043,Long Xuyen City-4520.jpeg,0.5147501565515995,10.409517477147261N,105.40982052783156E,[]
25047,Ninh Bình-446.jpeg,0.5145701766014099,20.2253578743249N,105.97588912894847E,[]
25056,Long Hồ District-7204.jpeg,0.5144090950489044,10.272567379407823N,105.97697943174823E,[]
25063,Bac Giang City-721.jpeg,0.5142893623560667,21.253750408749962N,106.22564907988206E,[]
25068,Châu Thành District-3731.jpeg,0.514155175536871,10.279913805748345N,106.22931825858986E,[]
25074,Trà Vinh City-564.jpeg,0.5140530243515968,9.912234771256085N,106.30166854989055E,[]
25076,Hung Yen City-1714.jpeg,0.5139977727085352,20.650256942658483N,106.09792537333303E,[]
25078,Cao Lanh City-2666.jpeg,0.513988483697176,10.454053539610552N,105.6427213477659E,[]
25083,Hiệp Hòa District-6307.jpeg,0.5138611849397421,21.344333614815408N,105.93120460866358E,[]
25084,Thanh Liêm District-1757.jpeg,0.5138600394129753,20.423496010211835N,105.87580756685209E,[]
25085,Tam Điệp-1988.jpeg,0.5138263218104839,20.149339742500807N,105.91535744075173E,[]
25087,Yên Mỹ District-4475.jpeg,0.5137992016971111,20.946165280588943N,106.02339549759104E,[]
25088,Binh Minh Town-2957.jpeg,0.5137622877955437,10.061195608273072N,105.83100461662376E,[]
25093,Hiệp Hòa District-1713.jpeg,0.5136612076312304,21.27561280990675N,105.95579603572877E,[]
25095,Thanh Liêm District-1760.jpeg,0.5135901868343353,20.423496010211835N,105.88012173747305E,[]
25101,Cai Lậy Town-6127.jpeg,0.5134672857820988,10.476046311841102N,106.17312373285549E,[]
25106,Tây Ninh City-2138.jpeg,0.5134130232036114,11.350169973967462N,106.08114643578168E,[]
25107,Thanh Liêm District-2758.jpeg,0.5133971348404884,20.43831814460384N,105.95058652428204E,[]
25112,Cai Lậy Town-5879.jpeg,0.5133199775591493,10.472003911552486N,106.10461947681281E,[]
25113,Duy Tiên District-354.jpeg,0.5133066624403,20.57557977386023N,105.97633018332745E,[]
25122,Mỹ Hào District-1462.jpeg,0.5129893887788057,20.923106276269785N,106.15556277939342E,[]
25125,Hoa Lư District-3799.jpeg,0.5128818992525339,20.288272047431196N,105.93347287228377E,[]
25131,Hiệp Hòa District-6333.jpeg,0.5127493664622307,21.344333614815408N,105.96881502652796E,[]
25137,Trà Vinh City-2140.jpeg,0.5126224048435688,9.970175842059554N,106.37691129387127E,[]
25144,Yên Mỹ District-3241.jpeg,0.5124649908393621,20.90843621122739N,105.98877978468185E,[]
25147,Bến Tre City-1101.jpeg,0.5124139226973057,10.225982938682996N,106.4145712120584E,[]
25153,Hiệp Hòa District-1184.jpeg,0.5123363807797432,21.26618054256636N,105.96736847199472E,[]
25158,Châu Thành District-9119.jpeg,0.5122215487062931,10.314947941583023N,106.4032438687631E,[]
25161,Cai Lậy Town-1081.jpeg,0.5121440403163433,10.383071105202898N,106.15394254116356E,[]
25171,Yên Mỹ District-475.jpeg,0.5118906293064356,20.858579940999633N,106.02483781896224E,[]
25174,Tam Điệp-3612.jpeg,0.5118162725120783,20.17089921070733N,105.92971157495782E,[]
25177,Vĩnh Long-1395.jpeg,0.5117823891341686,10.254387271928618N,105.98566920975762E,[]
25179,Cai Lậy Town-2474.jpeg,0.5117549076676369,10.407325506934605N,106.14024168995502E,[]
25182,Hung Yen City-1134.jpeg,0.511698205024004,20.635434808266467N,106.08784484851255E,[]
25191,Phu Ly City-4294.jpeg,0.5115161463618279,20.596313347240766N,105.92720178289618E,[]
25195,Cai Lậy Town-4783.jpeg,0.5114855654537678,10.450444443346525N,106.16627330725123E,[]
25210,Long Hồ District-7856.jpeg,0.5111956782639027,10.284694580273671N,105.96328697896001E,[]
25217,Mỹ Tho-1688.jpeg,0.5111039541661739,10.359702205771145N,106.31905067271501E,[]
25220,Cai Lậy Town-5421.jpeg,0.5110455639660358,10.46257164421238N,106.15120237092184E,[]
25224,Bac Giang City-2536.jpeg,0.5109605398029089,21.291479478111572N,106.25023035374639E,[]
25226,Cai Lậy Town-4806.jpeg,0.5109368078410625,10.4517919101094N,106.09639896608768E,[]
25228,Tây Ninh City-1144.jpeg,0.5108677558600903,11.328610505761462N,106.09076737156332E,[]
25229,Go Cong Town-3908.jpeg,0.510847544297576,10.434465943341957N,106.68270253983648E,[]
25231,Trà Vinh City-958.jpeg,0.5108024254441261,9.925709438884796N,106.31671709868672E,[]
25234,Châu Thành District-4984.jpeg,0.5107668451964855,10.286651139562707N,106.43337271461985E,[]
25240,Long Hồ District-7150.jpeg,0.5106328129768372,10.271219912644948N,106.00025660148823E,[]
25242,Thanh Liêm District-3972.jpeg,0.5105100441724062,20.455835212521666N,105.91032093181974E,[]
25248,Duy Tiên District-5850.jpeg,0.5104574086144567,20.69011444870766N,106.00944569377715E,[]
25252,Phu Ly City-3992.jpeg,0.5103848055005074,20.58149121284874N,105.96605422970185E,[]
25258,Long Hồ District-5071.jpeg,0.5102715883404016,10.21597377536719N,105.96054848840235E,[]
25259,Bến Tre City-1985.jpeg,0.510268148034811,10.243500006600332N,106.36527767354993E,[]
25263,Cai Lậy Town-5285.jpeg,0.5101944766938686,10.459876710686634N,106.15942288164696E,[]
25268,Long Hồ District-9102.jpeg,0.5100223962217569,10.308948982005372N,105.98930263925763E,[]
25270,Hiệp Hòa District-8029.jpeg,0.5100070834159851,21.369935483310798N,105.99340645359317E,[]
25273,Chau Doc City-4228.jpeg,0.5099927075207233,10.70252234284374N,105.13030427048616E,[]
25278,Tây Ninh City-1643.jpeg,0.5098277255892754,11.339390239864464N,106.10863482372925E,[]
25283,Tam Điệp-1711.jpeg,0.5097918184474111,20.145297342212086N,105.85363466366555E,[]
25284,Thái Bình-2088.jpeg,0.5096413334831595,20.462154776986495N,106.36083629182238E,[]
25285,Tam Điệp-1276.jpeg,0.5096227563917637,20.13721254163463N,105.87229503813344E,[]
25287,Mỹ Hào District-3075.jpeg,0.5095811150968075,20.95140307829095N,106.125267891402E,[]
25292,Chau Doc City-2604.jpeg,0.5094260163605213,10.676920474349151N,105.05077142063746E,[]
25297,Thanh Liêm District-2344.jpeg,0.5093794502317905,20.432928277552207N,105.86142699811558E,[]
25301,Bến Tre City-484.jpeg,0.5093009248375893,10.211160804291403N,106.36390840859136E,[]
25308,Long Hồ District-606.jpeg,0.5091625116765499,10.151295370749338N,106.02901075234352E,[]
25310,Cao Lanh City-3657.jpeg,0.5090831816196442,10.476960474579384N,105.60024397388295E,[]
25313,Long Hồ District-7455.jpeg,0.5089408159255981,10.276609779696438N,106.03037999762233E,[]
25320,Hoa Lư District-4181.jpeg,0.5088555319234729,20.295009381245738N,105.97943248031149E,[]
25322,Châu Thành District-6925.jpeg,0.5087670870125294,10.30012580719143N,106.23205724457684E,[]
25327,Long Hồ District-8553.jpeg,0.508672434836626,10.296821781139522N,106.01257980899764E,[]
25328,Châu Thành District-2375.jpeg,0.5086712390184402,10.27048153840824N,106.36489806494536E,[]
25330,Phu Ly City-215.jpeg,0.508657781407237,20.50603307412576N,105.9070560697377E,[]
25332,Long Hồ District-8735.jpeg,0.5086424127221107,10.300864181428137N,105.97697943174823E,[]
25334,Bến Tre City-1550.jpeg,0.5086344517767429,10.235415206023102N,106.40772488726557E,[]
25335,Hiệp Hòa District-4528.jpeg,0.508627362549305,21.32007921308295N,105.98183401732719E,[]
25337,Phu Ly City-1853.jpeg,0.50860745459795,20.539719743198518N,105.88259341804526E,[]
25344,Châu Thành District-6035.jpeg,0.5083786174654961,10.293388473377066N,106.41283031971751E,[]
25346,Hung Yen City-2632.jpeg,0.5083668697625399,20.68124867820544N,106.07488417374337E,[]
25351,Hoa Lư District-3059.jpeg,0.508269174490124,20.270754979513388N,105.91336554377165E,[]
25355,Hiệp Hòa District-8719.jpeg,0.5081979185342789,21.384757617702867N,106.02812376239105E,[]
25360,Long Hồ District-326.jpeg,0.5080975219607353,10.147252970460721N,105.98793339397882E,[]
25366,Go Cong Town-3664.jpeg,0.5080093238502741,10.430423543053335N,106.67174242429908E,[]
25372,Long Xuyen City-4085.jpeg,0.5079388245940208,10.398737743044281N,105.41256022382217E,[]
25373,Phu Ly City-2335.jpeg,0.5079011954367161,20.54780454377598N,105.89410525413581E,[]
25378,Thanh Liêm District-1242.jpeg,0.5077036134898663,20.41271627610855N,105.93189178492456E,[]
25379,Trà Vinh City-2334.jpeg,0.5076874792575836,9.975565709111041N,106.32902954770172E,[]
25381,Go Cong Town-8.jpeg,0.5076643656939268,10.336100869652268N,106.6758524676256E,[]
25384,Cai Lậy Town-3274.jpeg,0.5076450314372778,10.423495108089071N,106.14024168995502E,[]
25386,Bến Tre City-2124.jpeg,0.507612269371748,10.246194940126077N,106.32556898975143E,[]
25393,Long Hồ District-640.jpeg,0.507489837706089,10.15264283751221N,105.91673263947999E,[]
25395,Duy Tiên District-1084.jpeg,0.5074613690376282,20.60791897617009N,105.96193213530586E,[]
25396,Binh Minh Town-299.jpeg,0.507458321750164,10.00055960394385N,105.85974208005064E,[]
25397,Go Cong Town-3596.jpeg,0.5074557326734066,10.429076076290466N,106.68681258316299E,[]
25409,Long Hồ District-8073.jpeg,0.507284801453352,10.288736980562286N,105.94822528089293E,[]
25411,Cai Lậy Town-1699.jpeg,0.5072615779936314,10.393850839305879N,106.11283998753794E,[]
25414,Long Hồ District-9386.jpeg,0.5071460101753473,10.317033782582604N,105.99888735620941E,[]
25416,Hiệp Hòa District-7869.jpeg,0.5070740696974099,21.367240549784967N,105.97315469012771E,[]
25417,Châu Thành District-8457.jpeg,0.5070260986685753,10.310905541294407N,106.21836231464192E,[]
25418,Long Hồ District-5574.jpeg,0.5069735944271088,10.226753509470168N,105.92905584698941E,[]
25421,Mỹ Hào District-3630.jpeg,0.5069014690816402,20.96083534563134N,106.12671050511588E,[]
25423,Mỹ Tho-2280.jpeg,0.5068848840892315,10.369134473111249N,106.36836374305156E,[]
25432,Bac Giang City-1884.jpeg,0.506633410230279,21.280699744008253N,106.15913504471978E,[]
25433,Vĩnh Long-111.jpeg,0.506616223603487,10.228785403434047N,105.96375990145226E,[]
25434,Ninh Bình-916.jpeg,0.5066096112132072,20.238832541953983N,105.9888148571995E,[]
25438,Hiệp Hòa District-3990.jpeg,0.5065550990402699,21.311994412505456N,105.99629956265962E,[]
25445,Thái Bình-1493.jpeg,0.5063951946794987,20.450027576120302N,106.30043488612148E,[]
25450,Go Cong Town-3531.jpeg,0.5063594840466976,10.429076076290466N,106.59776164442174E,[]
25451,Sa Đéc City-1357.jpeg,0.5063405334949493,10.309837606331815N,105.75455874109232E,['905.jpeg']
25456,Châu Thành District-405.jpeg,0.5061548333615065,10.252964470490902N,106.1964504267461E,[]
25457,Long Hồ District-8684.jpeg,0.5061334408819675,10.299516714665266N,106.00025660148823E,[]
25467,Mỹ Tho-3871.jpeg,0.5060213841497898,10.39743127513157N,106.39028066320114E,[]
25472,Yên Mỹ District-3967.jpeg,0.5059659257531166,20.921910878856515N,106.05512656775774E,[]
25474,Hoa Lư District-4173.jpeg,0.5058568678796291,20.295009381245738N,105.96794257830456E,[]
25485,Yên Mỹ District-2308.jpeg,0.5056076212786138,20.89226661007244N,106.00464531976523E,[]
25487,Vĩnh Long-548.jpeg,0.5055709853768349,10.2409126042999N,105.9021399718435E,[]
25491,Mỹ Tho-3463.jpeg,0.5054404195398092,10.39069394131721N,106.30809221264022E,[]
25492,Cai Lậy Town-343.jpeg,0.5054262652993202,10.368248970811303N,106.1224305833839E,[]
25498,Long Hồ District-3845.jpeg,0.505209743976593,10.193066840398368N,105.9057786772494E,[]
25505,Ninh Bình-2398.jpeg,0.5050975764170289,20.2859938786558N,105.97158055286475E,[]
25506,Cao Lanh City-1626.jpeg,0.5050823725759983,10.436536471693207N,105.57832016800789E,[]
25512,Phu Ly City-3564.jpeg,0.5049897702410817,20.57205894550837N,105.8926662746245E,[]
25521,Bến Tre City-961.jpeg,0.504805713891983,10.22328800515725N,106.37897032313563E,[]
25524,Châu Thành District-3753.jpeg,0.5047509931027889,10.279913805748345N,106.25944710444665E,[]
25526,Thái Bình-1744.jpeg,0.5047083422541618,20.454069976409034N,106.38097009372268E,[]
25533,Yên Mỹ District-2999.jpeg,0.5045269802212715,20.90439381093865N,105.96426032137117E,[]
25535,Tây Ninh City-4236.jpeg,0.5044903568923473,11.385204109802213N,106.07427433879477E,[]
25538,Ninh Bình-549.jpeg,0.5044609159231186,20.229400274613628N,105.95434624853E,[]
25539,Cai Lậy Town-2203.jpeg,0.5044483169913292,10.401935639883115N,106.16353313700955E,[]
25541,Hiệp Hòa District-5147.jpeg,0.5044380985200405,21.329511480423346N,105.9225252814641E,[]
25547,Ninh Bình-1809.jpeg,0.5043346574530005,20.26173947692343N,105.96439959272529E,[]
25548,Tây Ninh City-6441.jpeg,0.50433000177145,11.425628112688466N,106.15261624444537E,[]
25559,Long Hồ District-7944.jpeg,0.5041304379701614,10.286042047036544N,105.97834867702704E,['547.jpeg']
25562,Long Hồ District-6989.jpeg,0.5040953233838081,10.268524979119206N,105.96739471479646E,[]
25564,Thái Bình-514.jpeg,0.5040475241839886,20.42846810791374N,106.38816073725849E,[]
25565,Go Cong Town-2045.jpeg,0.504043098539114,10.396736873981526N,106.67311243874127E,[]
25566,Long Hồ District-8033.jpeg,0.5040098018944263,10.287389513799416N,105.99614886565175E,[]
25567,Bến Tre City-1298.jpeg,0.5040091313421726,10.231372805734486N,106.35158502396425E,[]
25570,Duy Tiên District-5778.jpeg,0.5039202533662319,20.687419515181844N,105.99216803615124E,[]
25573,Châu Thành District-7694.jpeg,0.503911018371582,10.305515674242919N,106.20466738470704E,[]
25575,Châu Thành District-4394.jpeg,0.5038777068257332,10.283956206036958N,106.22931825858986E,[]
25576,Tây Ninh City-2697.jpeg,0.5038759633898735,11.359602241307586N,106.111383662524E,[]
25577,Châu Thành District-9717.jpeg,0.5038582347333431,10.320337808634513N,106.36215907895837E,[]
25584,Hoa Lư District-4907.jpeg,0.5037988368421793,20.31387391592647N,105.9191104947751E,[]
25590,Thanh Liêm District-3013.jpeg,0.5037020342424512,20.442360544892573N,105.92326344368263E,[]
25593,Châu Thành District-1209.jpeg,0.503626611083746,10.261049271068135N,106.41967778468498E,[]
25595,Long Hồ District-2848.jpeg,0.5035945400595665,10.17959217276965N,105.97150245063291E,[]
25600,Duy Tiên District-4562.jpeg,0.5035348199307919,20.661817646686533N,105.91585838163671E,[]
25602,Cai Lậy Town-3142.jpeg,0.5034930314868689,10.420800174563325N,106.15531262628441E,[]
25603,Chau Doc City-4920.jpeg,0.5034838053397834,10.741598878967073N,105.1015078938168E,[]
25614,Hiệp Hòa District-6804.jpeg,0.5032450780272484,21.351070948629985N,105.96013569932848E,[]
25616,Châu Thành District-4143.jpeg,0.5032261312007904,10.28260873927409N,106.18823346878519E,[]
25620,Long Xuyen City-3120.jpeg,0.5031406935304403,10.378525741601193N,105.38379341592045E,[]
25621,Hiệp Hòa District-7892.jpeg,0.5031354576349258,21.367240549784967N,106.00642544439235E,[]
25623,Châu Thành District-38.jpeg,0.5030917637050152,10.242184736387928N,106.23068775158336E,[]
25632,Cai Lậy Town-3319.jpeg,0.5028196237981319,10.424842574851947N,106.10324939169192E,[]
25637,Long Xuyen City-3637.jpeg,0.502714678645134,10.387958008941302N,105.44543657570988E,[]
25639,Hiệp Hòa District-7883.jpeg,0.5026401691138744,21.367240549784967N,105.99340645359317E,[]
25640,Châu Thành District-6119.jpeg,0.5025174096226692,10.294735940139942N,106.24438268151823E,[]
25645,Binh Minh Town-750.jpeg,0.5023987516760826,10.012686804809697N,105.86111053069003E,[]
25646,Thanh Liêm District-1257.jpeg,0.5023551173508167,20.414063742871466N,105.8643031118629E,[]
25647,Duy Tiên District-2023.jpeg,0.502353485673666,20.625436044087937N,105.98352920733824E,[]
25649,Trà Vinh City-2365.jpeg,0.5023150518536568,9.975565709111041N,106.37143909430904E,[]
25655,Go Cong Town-1511.jpeg,0.5021024122834206,10.381914739589927N,106.69503266981602E,[]
25663,Tây Ninh City-555.jpeg,0.5020157806575298,11.313788371369842N,106.10313714613972E,['968.jpeg']
25668,Cai Lậy Town-1507.jpeg,0.5019272193312645,10.38980843901726N,106.1827143287015E,[]
25669,Long Hồ District-1954.jpeg,0.5019135158509016,10.168812438666674N,105.9810871675847E,[]
25671,Châu Thành District-7218.jpeg,0.5018812231719494,10.301473273954299N,106.35942009297142E,[]
25672,Hung Yen City-1167.jpeg,0.5018373224884272,20.636782275029375N,106.04464259928191E,[]
25676,Long Hồ District-9145.jpeg,0.5016653202474117,10.310296448768243N,105.97697943174823E,[]
25677,Mỹ Tho-1890.jpeg,0.501648873090744,10.362397139296887N,106.37658258810765E,[]
25680,Cao Lanh City-4592.jpeg,0.501604963093996,10.495825009259605N,105.58106064374226E,[]
25696,Bến Tre City-3078.jpeg,0.5011600255966187,10.263712008043413N,106.37212399834277E,[]
25699,Cai Lậy Town-3301.jpeg,0.5010548941791058,10.423495108089071N,106.17723398821808E,[]
25701,Cai Lậy Town-1202.jpeg,0.5010243318974972,10.385766038728642N,106.10050922145024E,[]
25704,Mỹ Tho-419.jpeg,0.5009318646043539,10.33679527080231N,106.3217902877337E,[]
25706,Cai Lậy Town-650.jpeg,0.5008649304509163,10.374986304625663N,106.17038356261381E,[]
25707,Cai Lậy Town-1452.jpeg,0.5008501708507538,10.38980843901726N,106.10735964705452E,[]
25710,Vĩnh Long-2084.jpeg,0.5008336417376995,10.266514472794467N,105.9363732660706E,[]
25715,Go Cong Town-3622.jpeg,0.5006261989474297,10.430423543053335N,106.61420181772779E,[]
25717,Cai Lậy Town-175.jpeg,0.5006014853715897,10.361511636996939N,106.1375015197133E,[]
25720,Chau Doc City-3902.jpeg,0.5005481718108058,10.69713247579225N,105.07956779730678E,[]
25731,Châu Thành District-8212.jpeg,0.5003257654607296,10.308210607768663N,106.39091843182166E,[]
25732,Yên Mỹ District-67.jpeg,0.5003187041729689,20.8437578066076N,106.03204942581829E,[]
25737,Thanh Liêm District-881.jpeg,0.5002365820109844,20.404631475531097N,105.91032093181974E,[]
25738,Trà Vinh City-2038.jpeg,0.5002275817096233,9.968828375296683N,106.30440464967168E,[]
25744,Mỹ Hào District-416.jpeg,0.5001460947096348,20.897504407774438N,106.12094005026037E,[]
25746,Cao Lanh City-4519.jpeg,0.500120954355225,10.494477542496732N,105.5742094544063E,[]
25751,Thái Bình-2804.jpeg,0.5000742226839066,20.481019311667236N,106.35508377699372E,[]
